date,gross_ret,net_ret,0050_ret,equal_weight_ret,buy_turnover,sell_turnover,turnover,transaction_cost,stocks,year,seed,top_k
2018-01-02,0.024716088741181697,0.02325586831472548,0.013863965563603031,0.015995608302274398,1.0,0.0,0.5,0.001425,"2454.TW,2618.TW,2887.TW",2018,8765,3
2018-01-02,0.03370064453004789,0.03222762111159261,0.013863965563603031,0.015995608302274398,0.9999999999999999,0.0,0.49999999999999994,0.0014249999999999998,"2454.TW,2618.TW,2887.TW,2883.TW,2886.TW,3231.TW,1303.TW,2880.TW,4904.TW,1102.TW,1101.TW,5880.TW,2884.TW,2002.TW,3045.TW",2018,8765,15
2018-01-02,0.029361975929868,0.027895135114167857,0.013863965563603031,0.015995608302274398,1.0,0.0,0.5,0.001425,"2454.TW,2618.TW,2887.TW,2883.TW,2886.TW",2018,8765,5
2018-01-02,0.028411838789237944,0.02694635191896344,0.013863965563603031,0.015995608302274398,1.0000000000000002,0.0,0.5000000000000001,0.0014250000000000003,"2454.TW,2618.TW,2887.TW,2883.TW,2886.TW,3231.TW,1303.TW,2880.TW,4904.TW,1102.TW,1101.TW,5880.TW,2884.TW,2002.TW,3045.TW,2885.TW,2412.TW,2892.TW,2308.TW,2408.TW",2018,8765,20
2018-01-02,0.03409070104914112,0.03261712180014609,0.013863965563603031,0.015995608302274398,0.9999999999999999,0.0,0.49999999999999994,0.0014249999999999998,"2454.TW,2618.TW,2887.TW,2883.TW,2886.TW,3231.TW,1303.TW,2880.TW,4904.TW,1102.TW",2018,8765,10
2018-01-09,0.0030739654491499444,-0.0004687829770669838,0.006539668161630541,0.004547027648275283,0.603742139099729,0.603742139099729,0.603742139099729,0.0035318915137334144,"1590.TW,3008.TW,3017.TW,2327.TW,1216.TW,2892.TW,2345.TW,2412.TW,2885.TW,2357.TW,2886.TW,2002.TW,2881.TW,3034.TW,2880.TW,4904.TW,2912.TW,3037.TW,9910.TW,2618.TW",2018,8765,20
2018-01-09,-0.009850277589192616,-0.01564265346529592,0.006539668161630541,0.004547027648275283,0.9999999999999999,0.9999999999999999,0.9999999999999999,0.005849999999999999,"1590.TW,3008.TW,3017.TW,2327.TW,1216.TW,2892.TW,2345.TW,2412.TW,2885.TW,2357.TW",2018,8765,10
2018-01-09,0.004902672881414446,0.00018942806490174213,0.006539668161630541,0.004547027648275283,0.8017521461131905,0.8017521461131906,0.8017521461131905,0.004690250054762165,"1590.TW,3008.TW,3017.TW,2327.TW,1216.TW,2892.TW,2345.TW,2412.TW,2885.TW,2357.TW,2886.TW,2002.TW,2881.TW,3034.TW,2880.TW",2018,8765,15
2018-01-09,-0.010229224774365477,-0.01601938380943546,0.006539668161630541,0.004547027648275283,1.0,1.0,1.0,0.00585,"1590.TW,3008.TW,3017.TW,2327.TW,1216.TW",2018,8765,5
2018-01-09,0.010066990621552141,0.004158098726416037,0.006539668161630541,0.004547027648275283,1.0,1.0,1.0,0.00585,"1590.TW,3008.TW,3017.TW",2018,8765,3
2018-01-16,0.012265500913290674,0.010585174852007606,0.03957472980937049,0.007712087258277363,0.2837548290362544,0.2837548290362545,0.28375482903625443,0.0016599657498620887,"2345.TW,3008.TW,4904.TW,2884.TW,2412.TW,2892.TW,2327.TW,2880.TW,2618.TW,5880.TW,1590.TW,3034.TW,1216.TW,2885.TW,2002.TW",2018,8765,15
2018-01-16,0.009206568801460858,0.0073509272155281025,0.03957472980937049,0.007712087258277363,0.3143099735069672,0.31430997350696716,0.3143099735069672,0.001838713345015758,"2345.TW,3008.TW,4904.TW,2884.TW,2412.TW,2892.TW,2327.TW,2880.TW,2618.TW,5880.TW,1590.TW,3034.TW,1216.TW,2885.TW,2002.TW,2615.TW,9910.TW,2454.TW,3045.TW,2887.TW",2018,8765,20
2018-01-16,0.019002734922091858,0.014233802122656458,0.03957472980937049,0.007712087258277363,0.8,0.7999999999999999,0.8,0.00468,"2345.TW,3008.TW,4904.TW,2884.TW,2412.TW",2018,8765,5
2018-01-16,0.02774207741012632,0.02373388330822679,0.03957472980937049,0.007712087258277363,0.6666666666666666,0.6666666666666667,0.6666666666666667,0.0039000000000000003,"2345.TW,3008.TW,4904.TW",2018,8765,3
2018-01-16,0.01876730476253574,0.015676859183929803,0.03957472980937049,0.007712087258277363,0.5185495186374307,0.5185495186374307,0.5185495186374307,0.0030335146840289695,"2345.TW,3008.TW,4904.TW,2884.TW,2412.TW,2892.TW,2327.TW,2880.TW,2618.TW,5880.TW",2018,8765,10
2018-01-23,-0.004428587031077291,-0.009122442874432646,-0.01617277867250766,-0.013470273157685802,0.8059376854131515,0.8059376854131514,0.8059376854131515,0.004714735459666936,"3008.TW,2891.TW,2603.TW,2615.TW,2886.TW",2018,8765,5
2018-01-23,-0.012048047292218735,-0.014685100300946607,-0.01617277867250766,-0.013470273157685802,0.4562755211472958,0.45627552114729614,0.45627552114729597,0.002669211798711682,"3008.TW,2891.TW,2603.TW,2615.TW,2886.TW,2618.TW,2892.TW,5880.TW,2454.TW,2880.TW,1301.TW,4904.TW,1101.TW,2884.TW,2379.TW,1303.TW,2887.TW,2609.TW,2883.TW,2327.TW",2018,8765,20
2018-01-23,0.0012995603246624223,-0.0026795859593271576,-0.01617277867250766,-0.013470273157685802,0.6793131375794964,0.6793131375794965,0.6793131375794965,0.003973981854840054,"3008.TW,2891.TW,2603.TW",2018,8765,3
2018-01-23,-0.012822330048764343,-0.01577827903748985,-0.01617277867250766,-0.013470273157685802,0.5118535809750766,0.5118535809750765,0.5118535809750766,0.002994343448704198,"3008.TW,2891.TW,2603.TW,2615.TW,2886.TW,2618.TW,2892.TW,5880.TW,2454.TW,2880.TW",2018,8765,10
2018-01-23,-0.009045609362812875,-0.01217793757076513,-0.01617277867250766,-0.013470273157685802,0.5403283182022085,0.5403283182022085,0.5403283182022085,0.00316092066148292,"3008.TW,2891.TW,2603.TW,2615.TW,2886.TW,2618.TW,2892.TW,5880.TW,2454.TW,2880.TW,1301.TW,4904.TW,1101.TW,2884.TW,2379.TW",2018,8765,15
2018-01-30,-0.030060493166796445,-0.035734639281770786,-0.03613751857873937,-0.034971424779102984,1.0,0.9999999999999999,1.0,0.005849999999999999,"2327.TW,9910.TW,2395.TW,2454.TW,2330.TW",2018,8765,5
2018-01-30,-0.03792910555783052,-0.04134243516260261,-0.03613751857873937,-0.034971424779102984,0.6064783265823629,0.6064783265823628,0.6064783265823628,0.0035478982105068228,"2327.TW,9910.TW,2395.TW,2454.TW,2330.TW,1590.TW,3034.TW,2412.TW,2912.TW,2207.TW,2887.TW,2308.TW,2883.TW,3017.TW,1102.TW,2379.TW,3008.TW,2892.TW,1326.TW,2880.TW",2018,8765,20
2018-01-30,-0.0367357954322723,-0.04237089102899361,-0.03613751857873937,-0.034971424779102984,1.0,1.0,1.0,0.00585,"2327.TW,9910.TW,2395.TW",2018,8765,3
2018-01-30,-0.03352735529304336,-0.03882500544225054,-0.03613751857873937,-0.034971424779102984,0.9369962275148325,0.9369962275148326,0.9369962275148325,0.005481427930961771,"2327.TW,9910.TW,2395.TW,2454.TW,2330.TW,1590.TW,3034.TW,2412.TW,2912.TW,2207.TW,2887.TW,2308.TW,2883.TW,3017.TW,1102.TW",2018,8765,15
2018-01-30,-0.024061902825702787,-0.029229521190890395,-0.03613751857873937,-0.034971424779102984,0.9051327837865794,0.9051327837865795,0.9051327837865795,0.00529502678515149,"2327.TW,9910.TW,2395.TW,2454.TW,2330.TW,1590.TW,3034.TW,2412.TW,2912.TW,2207.TW",2018,8765,10
2018-02-06,0.03492985396480384,0.030084434832647,0.001843798177777467,0.005253834693744314,0.8003216561533625,0.8003216561533624,0.8003216561533624,0.0046818816884971705,"2330.TW,3008.TW,5871.TW,1326.TW,2379.TW",2018,8765,5
2018-02-06,0.00691236611024818,0.0021954541626423296,0.001843798177777467,0.005253834693744314,0.8007744881992812,0.8007744881992812,0.8007744881992812,0.004684530755965795,"2330.TW,3008.TW,5871.TW,1326.TW,2379.TW,2327.TW,1216.TW,2881.TW,1102.TW,2345.TW",2018,8765,10
2018-02-06,0.009969416056640474,0.007238813509250486,0.001843798177777467,0.005253834693744314,0.46216217917068564,0.4621621791706857,0.4621621791706857,0.0027036487481485114,"2330.TW,3008.TW,5871.TW,1326.TW,2379.TW,2327.TW,1216.TW,2881.TW,1102.TW,2345.TW,1301.TW,3037.TW,3711.TW,3017.TW,2308.TW,3231.TW,2883.TW,2408.TW,2207.TW,9910.TW",2018,8765,20
2018-02-06,0.005694079307566433,0.001741586244561777,0.001843798177777467,0.005253834693744314,0.6718144749296313,0.6718144749296314,0.6718144749296313,0.003930114678338344,"2330.TW,3008.TW,5871.TW,1326.TW,2379.TW,2327.TW,1216.TW,2881.TW,1102.TW,2345.TW,1301.TW,3037.TW,3711.TW,3017.TW,2308.TW",2018,8765,15
2018-02-06,0.04115122335686724,0.035060488700229486,0.001843798177777467,0.005253834693744314,1.0,1.0,1.0,0.00585,"2330.TW,3008.TW,5871.TW",2018,8765,3
2018-02-21,0.008855454373485339,0.004620224059495692,-0.007975610027672886,0.004377143004465862,0.7176161765354042,0.7176161765354043,0.7176161765354043,0.0041980546327321155,"2327.TW,2330.TW,2345.TW,6669.TW,2317.TW,3017.TW,2357.TW,2207.TW,2303.TW,4904.TW",2018,8765,10
2018-02-21,0.01051146895870847,0.005737708715539469,-0.007975610027672886,0.004377143004465862,0.8075389711663117,0.8075389711663117,0.8075389711663117,0.004724102981322923,"2327.TW,2330.TW,2345.TW,6669.TW,2317.TW",2018,8765,5
2018-02-21,0.005779707863468271,0.0017832928841847728,-0.007975610027672886,0.004377143004465862,0.6792221540815867,0.6792221540815869,0.6792221540815868,0.0039734496013772835,"2327.TW,2330.TW,2345.TW,6669.TW,2317.TW,3017.TW,2357.TW,2207.TW,2303.TW,4904.TW,5880.TW,3711.TW,2412.TW,2892.TW,2885.TW",2018,8765,15
2018-02-21,0.040674220508176664,0.03652742730186542,-0.007975610027672886,0.004377143004465862,0.6811483609099558,0.681148360909956,0.6811483609099559,0.003984717911323242,"2327.TW,2330.TW,2345.TW",2018,8765,3
2018-02-21,0.008969835878160281,0.004760086120744633,-0.007975610027672886,0.004377143004465862,0.7132178956783537,0.7132178956783535,0.7132178956783536,0.004172324689718368,"2327.TW,2330.TW,2345.TW,6669.TW,2317.TW,3017.TW,2357.TW,2207.TW,2303.TW,4904.TW,5880.TW,3711.TW,2412.TW,2892.TW,2885.TW,3045.TW,2382.TW,3034.TW,2609.TW,2880.TW",2018,8765,20
2018-03-01,0.03500221958600055,0.028947456601422283,0.02535598996917665,0.012736104620989196,1.0,1.0,1.0,0.00585,"6669.TW,1326.TW,1301.TW",2018,8765,3
2018-03-01,0.02071110699790938,0.015294751607100476,0.02535598996917665,0.012736104620989196,0.9070859619630831,0.9070859619630833,0.9070859619630832,0.0053064528774840365,"6669.TW,1326.TW,1301.TW,3008.TW,2408.TW,2883.TW,1303.TW,2891.TW,5876.TW,2884.TW",2018,8765,10
2018-03-01,0.013408399344577111,0.008923416550288943,0.02535598996917665,0.012736104620989196,0.7565200032042335,0.7565200032042333,0.7565200032042334,0.004425642018744765,"6669.TW,1326.TW,1301.TW,3008.TW,2408.TW,2883.TW,1303.TW,2891.TW,5876.TW,2884.TW,2412.TW,1590.TW,1101.TW,2454.TW,2881.TW,2330.TW,2892.TW,2882.TW,4904.TW,9910.TW",2018,8765,20
2018-03-01,0.011929366392635874,0.00676796477371111,0.02535598996917665,0.012736104620989196,0.8718897823620788,0.8718897823620789,0.8718897823620788,0.005100555226818161,"6669.TW,1326.TW,1301.TW,3008.TW,2408.TW,2883.TW,1303.TW,2891.TW,5876.TW,2884.TW,2412.TW,1590.TW,1101.TW,2454.TW,2881.TW",2018,8765,15
2018-03-01,0.03070497177339418,0.025793984912655388,0.02535598996917665,0.012736104620989196,0.8144764568421949,0.8144764568421949,0.8144764568421949,0.004764687272526841,"6669.TW,1326.TW,1301.TW,3008.TW,2408.TW",2018,8765,5
2018-03-08,0.016048619865533853,0.011240123767293886,0.013268757344246485,0.017530983015966655,0.8089820988163412,0.8089820988163413,0.8089820988163412,0.004732545278075597,"1590.TW,3008.TW,3017.TW,9910.TW,3231.TW",2018,8765,5
2018-03-08,0.012085675913304486,0.006164974709211624,0.013268757344246485,0.017530983015966655,1.0,1.0,1.0,0.00585,"1590.TW,3008.TW,3017.TW",2018,8765,3
2018-03-08,0.026685238085870346,0.02185230636731328,0.013268757344246485,0.017530983015966655,0.8046693801233262,0.804669380123326,0.8046693801233261,0.004707315873721458,"1590.TW,3008.TW,3017.TW,9910.TW,3231.TW,5871.TW,2891.TW,2912.TW,2395.TW,2379.TW",2018,8765,10
2018-03-08,0.017952338172960977,0.014331875762618518,0.013268757344246485,0.017530983015966655,0.6079680158868777,0.6079680158868779,0.6079680158868778,0.0035566128929382353,"1590.TW,3008.TW,3017.TW,9910.TW,3231.TW,5871.TW,2891.TW,2912.TW,2395.TW,2379.TW,1303.TW,2884.TW,2308.TW,1216.TW,1301.TW",2018,8765,15
2018-03-08,0.01603299691336854,0.013311649624776267,0.013268757344246485,0.017530983015966655,0.4578469125636042,0.45784691256360416,0.4578469125636042,0.0026784044384970847,"1590.TW,3008.TW,3017.TW,9910.TW,3231.TW,5871.TW,2891.TW,2912.TW,2395.TW,2379.TW,1303.TW,2884.TW,2308.TW,1216.TW,1301.TW,1326.TW,2412.TW,2883.TW,2615.TW,1101.TW",2018,8765,20
2018-03-15,-0.03338092156425494,-0.03903564317310415,-0.02559525394992357,-0.018540627276318902,1.0,1.0,1.0,0.00585,"3231.TW,5876.TW,3711.TW",2018,8765,3
2018-03-15,-0.036556210493974256,-0.039433998535878256,-0.02559525394992357,-0.018540627276318902,0.510594998038101,0.5105949980381007,0.5105949980381008,0.0029869807385228897,"3231.TW,5876.TW,3711.TW,9910.TW,2615.TW,3008.TW,2891.TW,3017.TW,2412.TW,2609.TW",2018,8765,10
2018-03-15,-0.029399716943459598,-0.03285322418733283,-0.02559525394992357,-0.018540627276318902,0.6082247542229957,0.6082247542229955,0.6082247542229956,0.003558114812204524,"3231.TW,5876.TW,3711.TW,9910.TW,2615.TW",2018,8765,5
2018-03-15,-0.02991886693241645,-0.033359038410572306,-0.02559525394992357,-0.018540627276318902,0.6062003274714791,0.6062003274714791,0.6062003274714791,0.003546271915708153,"3231.TW,5876.TW,3711.TW,9910.TW,2615.TW,3008.TW,2891.TW,3017.TW,2412.TW,2609.TW,3045.TW,1216.TW,2207.TW,2880.TW,2886.TW",2018,8765,15
2018-03-15,-0.026014187858744108,-0.028618865578222352,-0.02559525394992357,-0.018540627276318902,0.45713607843304416,0.45713607843304405,0.4571360784330441,0.002674246058833308,"3231.TW,5876.TW,3711.TW,9910.TW,2615.TW,3008.TW,2891.TW,3017.TW,2412.TW,2609.TW,3045.TW,1216.TW,2207.TW,2880.TW,2886.TW,1101.TW,2912.TW,2884.TW,2892.TW,2330.TW",2018,8765,20
2018-03-22,0.01762460632351357,0.011671502376520815,0.009774233889929818,0.012670941545665702,1.0,1.0,1.0,0.00585,"3037.TW,3008.TW,1216.TW,2408.TW,2330.TW",2018,8765,5
2018-03-22,0.00557176604708145,0.00024278505215535873,0.009774233889929818,0.012670941545665702,0.9058895177521765,0.9058895177521764,0.9058895177521764,0.005299453678850232,"3037.TW,3008.TW,1216.TW,2408.TW,2330.TW,2912.TW,2887.TW,5871.TW,2345.TW,2886.TW",2018,8765,10
2018-03-22,0.007298249846825774,0.003344120347518409,0.009774233889929818,0.012670941545665702,0.6710222842479397,0.6710222842479399,0.6710222842479399,0.003925480362850448,"3037.TW,3008.TW,1216.TW,2408.TW,2330.TW,2912.TW,2887.TW,5871.TW,2345.TW,2886.TW,1101.TW,2880.TW,6669.TW,5876.TW,2884.TW",2018,8765,15
2018-03-22,0.013777826284898726,0.007847226001131968,0.009774233889929818,0.012670941545665702,1.0,0.9999999999999999,1.0,0.005849999999999999,"3037.TW,3008.TW,1216.TW",2018,8765,3
2018-03-22,0.006758086851877893,0.004085758342201151,0.009774233889929818,0.012670941545665702,0.45374186531828076,0.45374186531828076,0.45374186531828076,0.0026543899121119425,"3037.TW,3008.TW,1216.TW,2408.TW,2330.TW,2912.TW,2887.TW,5871.TW,2345.TW,2886.TW,1101.TW,2880.TW,6669.TW,5876.TW,2884.TW,2603.TW,2412.TW,2892.TW,2317.TW,1326.TW",2018,8765,20
2018-03-29,0.004809863397219503,0.0020343457015710165,0.003024803331935999,0.008975097086399757,0.47217636552405884,0.47217636552405884,0.47217636552405884,0.0027622317383157445,"5871.TW,1303.TW,2886.TW,1301.TW,2887.TW,2412.TW,1326.TW,2330.TW,2880.TW,3711.TW,2892.TW,5880.TW,2912.TW,2345.TW,3037.TW",2018,8765,15
2018-03-29,0.01945725770214435,0.013493432744586809,0.003024803331935999,0.008975097086399757,1.0,1.0,1.0,0.00585,"5871.TW,1303.TW,2886.TW,1301.TW,2887.TW",2018,8765,5
2018-03-29,0.02762103230522602,0.02160944926624042,0.003024803331935999,0.008975097086399757,1.0,1.0,1.0,0.00585,"5871.TW,1303.TW,2886.TW",2018,8765,3
2018-03-29,0.0068782628580336845,0.004779171274596594,0.003024803331935999,0.008975097086399757,0.356367882124416,0.35636788212441606,0.35636788212441606,0.002084752110427834,"5871.TW,1303.TW,2886.TW,1301.TW,2887.TW,2412.TW,1326.TW,2330.TW,2880.TW,3711.TW,2892.TW,5880.TW,2912.TW,2345.TW,3037.TW,2885.TW,1101.TW,3231.TW,3008.TW,2357.TW",2018,8765,20
2018-03-29,0.017870558912949752,0.014297833251165182,0.003024803331935999,0.008975097086399757,0.6,0.6,0.6,0.0035099999999999997,"5871.TW,1303.TW,2886.TW,1301.TW,2887.TW,2412.TW,1326.TW,2330.TW,2880.TW,3711.TW",2018,8765,10
2018-04-10,-0.003979204087124556,-0.006340951537827211,-0.01568144435103569,-0.00014763032906390806,0.4053304053462084,0.4053304053462087,0.40533040534620857,0.0023711828712753204,"2345.TW,2303.TW,5880.TW,5876.TW,2912.TW,2880.TW,2884.TW,3034.TW,2892.TW,2886.TW,2618.TW,3045.TW,2885.TW,2357.TW,2412.TW,3711.TW,1303.TW,1101.TW,2207.TW,4904.TW",2018,8765,20
2018-04-10,-0.0044683506933363105,-0.009129513196135086,-0.01568144435103569,-0.00014763032906390806,0.8003561871320326,0.8003561871320328,0.8003561871320327,0.004682083694722392,"2345.TW,2303.TW,5880.TW,5876.TW,2912.TW,2880.TW,2884.TW,3034.TW,2892.TW,2886.TW",2018,8765,10
2018-04-10,-0.010524710775011308,-0.016313141216977467,-0.01568144435103569,-0.00014763032906390806,1.0,1.0,1.0,0.00585,"2345.TW,2303.TW,5880.TW",2018,8765,3
2018-04-10,-0.00358102330121215,-0.009410074314900041,-0.01568144435103569,-0.00014763032906390806,1.0,1.0,1.0,0.00585,"2345.TW,2303.TW,5880.TW,5876.TW,2912.TW",2018,8765,5
2018-04-10,-0.006633643184027941,-0.00977232722328536,-0.01568144435103569,-0.00014763032906390806,0.5401100837737082,0.5401100837737083,0.5401100837737083,0.003159643990076193,"2345.TW,2303.TW,5880.TW,5876.TW,2912.TW,2880.TW,2884.TW,3034.TW,2892.TW,2886.TW,2618.TW,3045.TW,2885.TW,2357.TW,2412.TW",2018,8765,15
2018-04-17,-0.013806332282920096,-0.019575565239065007,-0.028799450788166925,-0.01947422139501385,1.0,1.0,1.0,0.00585,"2408.TW,1101.TW,2379.TW,4904.TW,2880.TW",2018,8765,5
2018-04-17,-0.020873751780019375,-0.026601640332106324,-0.028799450788166925,-0.01947422139501385,1.0,1.0,1.0,0.00585,"2408.TW,1101.TW,2379.TW",2018,8765,3
2018-04-17,-0.0061952912024116295,-0.008247341324526203,-0.028799450788166925,-0.01947422139501385,0.3529645166166341,0.352964516616634,0.3529645166166341,0.002064842422207309,"2408.TW,1101.TW,2379.TW,4904.TW,2880.TW,1303.TW,1216.TW,1301.TW,5871.TW,2303.TW,1102.TW,1326.TW,2357.TW,2912.TW,2885.TW,2884.TW,2412.TW,5876.TW,3045.TW,2886.TW",2018,8765,20
2018-04-17,-0.00830281938579649,-0.012177132508990662,-0.028799450788166925,-0.01947422139501385,0.6678205408876836,0.6678205408876839,0.6678205408876838,0.0039067501641929505,"2408.TW,1101.TW,2379.TW,4904.TW,2880.TW,1303.TW,1216.TW,1301.TW,5871.TW,2303.TW,1102.TW,1326.TW,2357.TW,2912.TW,2885.TW",2018,8765,15
2018-04-17,-0.01409587942392022,-0.018710576770649356,-0.028799450788166925,-0.01947422139501385,0.8001154846843687,0.8001154846843684,0.8001154846843685,0.004680675585403556,"2408.TW,1101.TW,2379.TW,4904.TW,2880.TW,1303.TW,1216.TW,1301.TW,5871.TW,2303.TW",2018,8765,10
2018-04-24,0.02155076439000392,0.01793893009673675,-0.0025234752983662734,0.015677874280040503,0.6043826631242565,0.6043826631242566,0.6043826631242566,0.003535638579276901,"1590.TW,2884.TW,5876.TW,1216.TW,2408.TW,2303.TW,9910.TW,2886.TW,2345.TW,2892.TW,1301.TW,4904.TW,3008.TW,2880.TW,3711.TW",2018,8765,15
2018-04-24,0.023689419974817664,0.021560283823990112,-0.0025234752983662734,0.015677874280040503,0.35553253797065687,0.35553253797065687,0.35553253797065687,0.0020798653471283427,"1590.TW,2884.TW,5876.TW,1216.TW,2408.TW,2303.TW,9910.TW,2886.TW,2345.TW,2892.TW,1301.TW,4904.TW,3008.TW,2880.TW,3711.TW,2885.TW,3037.TW,2912.TW,1102.TW,2412.TW",2018,8765,20
2018-04-24,0.01779002048277405,0.012992523884472584,-0.0025234752983662734,0.015677874280040503,0.805750569463793,0.8057505694637928,0.8057505694637929,0.004713640831363188,"1590.TW,2884.TW,5876.TW,1216.TW,2408.TW",2018,8765,5
2018-04-24,0.020620661913655337,0.014650031041460343,-0.0025234752983662734,0.015677874280040503,1.0,1.0,1.0,0.00585,"1590.TW,2884.TW,5876.TW",2018,8765,3
2018-04-24,0.026198691209865014,0.02197679879807546,-0.0025234752983662734,0.015677874280040503,0.7032663525534952,0.7032663525534951,0.7032663525534952,0.004114108162437947,"1590.TW,2884.TW,5876.TW,1216.TW,2408.TW,2303.TW,9910.TW,2886.TW,2345.TW,2892.TW",2018,8765,10
2018-05-02,0.002604481487742382,-0.0009760709854339522,0.02087285805706296,0.01426832586054528,0.6104702932474358,0.610470293247436,0.610470293247436,0.0035712512154975,"3711.TW,2880.TW,1590.TW,2357.TW,2886.TW,2892.TW,4904.TW,2408.TW,5880.TW,2618.TW",2018,8765,10
2018-05-02,0.009101609819278166,0.004306369335222104,0.02087285805706296,0.01426832586054528,0.8123059363571834,0.8123059363571834,0.8123059363571834,0.004751989727689523,"3711.TW,2880.TW,1590.TW,2357.TW,2886.TW",2018,8765,5
2018-05-02,0.020032497636172875,0.015926807322084846,0.02087285805706296,0.01426832586054528,0.6880441610870196,0.6880441610870196,0.6880441610870196,0.0040250583423590645,"3711.TW,2880.TW,1590.TW",2018,8765,3
2018-05-02,0.0018966630147041028,-0.0014217283312115692,0.02087285805706296,0.01426832586054528,0.5661725453904379,0.566172545390438,0.566172545390438,0.0033121093905340623,"3711.TW,2880.TW,1590.TW,2357.TW,2886.TW,2892.TW,4904.TW,2408.TW,5880.TW,2618.TW,2883.TW,2887.TW,2379.TW,3045.TW,2345.TW,2891.TW,1216.TW,2881.TW,2454.TW,2882.TW",2018,8765,20
2018-05-02,0.001972943860040396,-0.0008751312847058434,0.02087285805706296,0.01426832586054528,0.4858918148206784,0.4858918148206783,0.48589181482067834,0.0028424671167009683,"3711.TW,2880.TW,1590.TW,2357.TW,2886.TW,2892.TW,4904.TW,2408.TW,5880.TW,2618.TW,2883.TW,2887.TW,2379.TW,3045.TW,2345.TW",2018,8765,15
2018-05-09,0.0321634631007524,0.029413908635378183,0.015489389682795007,0.02436871217746737,0.455363251193187,0.4553632511931869,0.45536325119318694,0.0026638750194801436,"2345.TW,2887.TW,5876.TW,3711.TW,2886.TW,3045.TW,2884.TW,1216.TW,2885.TW,6669.TW,2882.TW,3037.TW,1303.TW,2357.TW,1326.TW,2308.TW,4904.TW,2880.TW,2891.TW,2412.TW",2018,8765,20
2018-05-09,0.03996086049589196,0.036293179536997844,0.015489389682795007,0.02436871217746737,0.6028630825283313,0.6028630825283317,0.6028630825283314,0.0035267490327907398,"2345.TW,2887.TW,5876.TW,3711.TW,2886.TW,3045.TW,2884.TW,1216.TW,2885.TW,6669.TW,2882.TW,3037.TW,1303.TW,2357.TW,1326.TW",2018,8765,15
2018-05-09,0.04370115678299158,0.03881388715545486,0.015489389682795007,0.02436871217746737,0.8004501098157971,0.8004501098157972,0.8004501098157972,0.0046826331424224136,"2345.TW,2887.TW,5876.TW,3711.TW,2886.TW,3045.TW,2884.TW,1216.TW,2885.TW,6669.TW",2018,8765,10
2018-05-09,-0.0005673467027605297,-0.00408811352814098,0.015489389682795007,0.02436871217746737,0.6021821290163845,0.6021821290163845,0.6021821290163845,0.0035227654547458492,"2345.TW,2887.TW,5876.TW,3711.TW,2886.TW",2018,8765,5
2018-05-09,-0.012899669341351375,-0.018674206275704486,0.015489389682795007,0.02436871217746737,1.0,1.0,1.0,0.00585,"2345.TW,2887.TW,5876.TW",2018,8765,3
2018-05-16,0.010352624517091354,0.00731628876872481,-0.007321475246944598,0.0013700848727927982,0.5137134692014896,0.51371346920149,0.5137134692014897,0.003005223794828716,"2345.TW,5876.TW,2308.TW,3017.TW,2327.TW,2885.TW,2887.TW,2886.TW,5880.TW,2884.TW,2379.TW,2609.TW,3231.TW,2880.TW,2892.TW,3008.TW,2382.TW,2881.TW,3045.TW,2357.TW",2018,8765,20
2018-05-16,0.034760287618939616,0.03106196162452557,-0.007321475246944598,0.0013700848727927982,0.6109554891523379,0.6109554891523379,0.6109554891523379,0.0035740896115411766,"2345.TW,5876.TW,2308.TW,3017.TW,2327.TW",2018,8765,5
2018-05-16,0.05472337275204305,0.0526039842535031,-0.007321475246944598,0.0013700848727927982,0.34349161267163075,0.34349161267163086,0.3434916126716308,0.0020094259341290406,"2345.TW,5876.TW,2308.TW",2018,8765,3
2018-05-16,0.012469027569405843,0.008824796204714547,-0.007321475246944598,0.0013700848727927982,0.6152736680956697,0.61527366809567,0.6152736680956699,0.0035993509583596693,"2345.TW,5876.TW,2308.TW,3017.TW,2327.TW,2885.TW,2887.TW,2886.TW,5880.TW,2884.TW,2379.TW,2609.TW,3231.TW,2880.TW,2892.TW",2018,8765,15
2018-05-16,0.020804711614616913,0.01826686364008756,-0.007321475246944598,0.0013700848727927982,0.4249786091798234,0.4249786091798235,0.42497860917982344,0.0024861248637019673,"2345.TW,5876.TW,2308.TW,3017.TW,2327.TW,2885.TW,2887.TW,2886.TW,5880.TW,2884.TW",2018,8765,10
2018-05-23,-0.01989834706814797,-0.02563194173779937,-0.006760837550922938,-0.002096217354176895,1.0,0.9999999999999999,1.0,0.005849999999999999,"1101.TW,2885.TW,2884.TW,2891.TW,1303.TW",2018,8765,5
2018-05-23,-0.017661762087338495,-0.023408440779127626,-0.006760837550922938,-0.002096217354176895,1.0,1.0,1.0,0.00585,"1101.TW,2885.TW,2884.TW",2018,8765,3
2018-05-23,0.007436395176336876,0.004440641824990266,-0.006760837550922938,-0.002096217354176895,0.5083145620167796,0.5083145620167795,0.5083145620167795,0.0029736401877981603,"1101.TW,2885.TW,2884.TW,2891.TW,1303.TW,5880.TW,1102.TW,2882.TW,2327.TW,3017.TW",2018,8765,10
2018-05-23,0.001763636061632832,-0.0010087320193988836,-0.006760837550922938,-0.002096217354176895,0.4730747420058024,0.4730747420058024,0.4730747420058024,0.002767487240733944,"1101.TW,2885.TW,2884.TW,2891.TW,1303.TW,5880.TW,1102.TW,2882.TW,2327.TW,3017.TW,2887.TW,2892.TW,9910.TW,2880.TW,2883.TW",2018,8765,15
2018-05-23,0.007855898579057793,0.005173964940032638,-0.006760837550922938,-0.002096217354176895,0.45487672925413375,0.45487672925413375,0.45487672925413375,0.0026610288661366825,"1101.TW,2885.TW,2884.TW,2891.TW,1303.TW,5880.TW,1102.TW,2882.TW,2327.TW,3017.TW,2887.TW,2892.TW,9910.TW,2880.TW,2883.TW,5876.TW,2886.TW,6669.TW,2881.TW,2603.TW",2018,8765,20
2018-05-30,0.03399678493640512,0.02794790374452716,0.03341585976131989,0.035736132282388394,1.0,0.9999999999999999,1.0,0.005849999999999999,"2883.TW,2408.TW,2881.TW,1216.TW,2912.TW",2018,8765,5
2018-05-30,0.03403401703022844,0.03116177761729766,0.03341585976131989,0.035736132282388394,0.4748210292322751,0.4748210292322751,0.4748210292322751,0.0027777030210088096,"2883.TW,2408.TW,2881.TW,1216.TW,2912.TW,2884.TW,1102.TW,1303.TW,1301.TW,2345.TW,2891.TW,5880.TW,2886.TW,2892.TW,2887.TW",2018,8765,15
2018-05-30,0.038601726509628155,0.03608243595697758,0.03341585976131989,0.035736132282388394,0.4146420583810179,0.4146420583810177,0.4146420583810178,0.002425656041528954,"2883.TW,2408.TW,2881.TW,1216.TW,2912.TW,2884.TW,1102.TW,1303.TW,1301.TW,2345.TW,2891.TW,5880.TW,2886.TW,2892.TW,2887.TW,5871.TW,2603.TW,2882.TW,1590.TW,2395.TW",2018,8765,20
2018-05-30,0.028371456803531144,0.022355483781230534,0.03341585976131989,0.035736132282388394,1.0,1.0,1.0,0.00585,"2883.TW,2408.TW,2881.TW",2018,8765,3
2018-05-30,0.03828271970537616,0.03398544808187043,0.03341585976131989,0.035736132282388394,0.7074916416858522,0.7074916416858522,0.7074916416858522,0.004138826103862236,"2883.TW,2408.TW,2881.TW,1216.TW,2912.TW,2884.TW,1102.TW,1303.TW,1301.TW,2345.TW",2018,8765,10
2018-06-06,-0.003508907782570508,-0.006458172147638774,-0.011976150711731526,-0.010137436747860622,0.5059229918359637,0.5059229918359638,0.5059229918359638,0.002959649502240388,"2303.TW,2308.TW,2609.TW,2887.TW,2912.TW,5880.TW,2379.TW,3045.TW,2345.TW,5876.TW,2395.TW,1303.TW,2883.TW,2892.TW,2002.TW,2886.TW,1326.TW,3037.TW,2880.TW,2884.TW",2018,8765,20
2018-06-06,0.05987794047502995,0.05367765452325113,-0.011976150711731526,-0.010137436747860622,1.0,1.0000000000000002,1.0,0.005850000000000001,"2303.TW,2308.TW,2609.TW",2018,8765,3
2018-06-06,-0.00043893301949639383,-0.00358418031530916,-0.011976150711731526,-0.010137436747860622,0.5378852059729554,0.5378852059729556,0.5378852059729555,0.0031466284549417902,"2303.TW,2308.TW,2609.TW,2887.TW,2912.TW,5880.TW,2379.TW,3045.TW,2345.TW,5876.TW,2395.TW,1303.TW,2883.TW,2892.TW,2002.TW",2018,8765,15
2018-06-06,0.007104058122815905,0.002390811130801085,-0.011976150711731526,-0.010137436747860622,0.7999999999999999,0.7999999999999998,0.7999999999999998,0.004679999999999999,"2303.TW,2308.TW,2609.TW,2887.TW,2912.TW,5880.TW,2379.TW,3045.TW,2345.TW,5876.TW",2018,8765,10
2018-06-06,0.03134341564518435,0.026516728459965,-0.011976150711731526,-0.010137436747860622,0.8,0.7999999999999998,0.7999999999999999,0.004679999999999999,"2303.TW,2308.TW,2609.TW,2887.TW,2912.TW",2018,8765,5
2018-06-13,-0.016974995960075318,-0.020159183555395366,-0.02060619192797153,-0.020154172562855913,0.5537047070142039,0.5537047070142037,0.5537047070142038,0.0032391725360330923,"1590.TW,2408.TW,1216.TW,1102.TW,1301.TW,9910.TW,2883.TW,5871.TW,2884.TW,2886.TW,2454.TW,2002.TW,2382.TW,2912.TW,3017.TW,2885.TW,5880.TW,3045.TW,2892.TW,2609.TW",2018,8765,20
2018-06-13,-0.020342382076708864,-0.02607337914156016,-0.02060619192797153,-0.020154172562855913,0.9999999999999999,1.0,1.0,0.00585,"1590.TW,2408.TW,1216.TW,1102.TW,1301.TW,9910.TW,2883.TW,5871.TW,2884.TW,2886.TW",2018,8765,10
2018-06-13,-0.044056451689345466,-0.04964872144696286,-0.02060619192797153,-0.020154172562855913,1.0,0.9999999999999999,1.0,0.005849999999999999,"1590.TW,2408.TW,1216.TW",2018,8765,3
2018-06-13,-0.015320846181627906,-0.01994559431873022,-0.02060619192797153,-0.020154172562855913,0.8028556652650933,0.8028556652650936,0.8028556652650934,0.004696705641800797,"1590.TW,2408.TW,1216.TW,1102.TW,1301.TW,9910.TW,2883.TW,5871.TW,2884.TW,2886.TW,2454.TW,2002.TW,2382.TW,2912.TW,3017.TW",2018,8765,15
2018-06-13,-0.02456470346884128,-0.03027099995354865,-0.02060619192797153,-0.020154172562855913,1.0,1.0,1.0,0.00585,"1590.TW,2408.TW,1216.TW,1102.TW,1301.TW",2018,8765,5
2018-06-21,0.0026475483079136733,-0.0015534646000936458,-0.006188046433359795,-0.014438278494320524,0.7162256226812068,0.7162256226812068,0.7162256226812068,0.00418991989268506,"2327.TW,2303.TW,1590.TW,2884.TW,2881.TW,1101.TW,2882.TW,2345.TW,2357.TW,1102.TW",2018,8765,10
2018-06-21,0.028494218322492257,0.02422451046901264,-0.006188046433359795,-0.014438278494320524,0.7096438437241345,0.7096438437241346,0.7096438437241346,0.004151416485786187,"2327.TW,2303.TW,1590.TW",2018,8765,3
2018-06-21,-0.007615641741507633,-0.012019383096134706,-0.006188046433359795,-0.014438278494320524,0.7585531691140965,0.7585531691140964,0.7585531691140965,0.004437536039317465,"2327.TW,2303.TW,1590.TW,2884.TW,2881.TW,1101.TW,2882.TW,2345.TW,2357.TW,1102.TW,2330.TW,3034.TW,2891.TW,3045.TW,2207.TW,1303.TW,2395.TW,5876.TW,5880.TW,3037.TW",2018,8765,20
2018-06-21,-0.005161741913605715,-0.009884174422682968,-0.006188046433359795,-0.014438278494320524,0.8114418738859762,0.8114418738859762,0.8114418738859762,0.004746934962232961,"2327.TW,2303.TW,1590.TW,2884.TW,2881.TW,1101.TW,2882.TW,2345.TW,2357.TW,1102.TW,2330.TW,3034.TW,2891.TW,3045.TW,2207.TW",2018,8765,15
2018-06-21,0.014325524721832641,0.009404813342937857,-0.006188046433359795,-0.014438278494320524,0.8292675514462517,0.8292675514462517,0.8292675514462517,0.004851215175960573,"2327.TW,2303.TW,1590.TW,2884.TW,2881.TW",2018,8765,5
2018-06-28,-0.016662398230032197,-0.020216112813073672,0.00996269882086942,-0.0014356478862268718,0.6177660421042095,0.6177660421042095,0.6177660421042095,0.003613931346309626,"6669.TW,2303.TW,1590.TW,1102.TW,1216.TW",2018,8765,5
2018-06-28,-0.007044960454013262,-0.010033655716474077,0.00996269882086942,-0.0014356478862268718,0.5145128013920292,0.5145128013920293,0.5145128013920293,0.0030098998881433713,"6669.TW,2303.TW,1590.TW,1102.TW,1216.TW,3034.TW,1326.TW,4904.TW,1101.TW,2882.TW",2018,8765,10
2018-06-28,-0.04934051138265964,-0.05140777711574607,0.00996269882086942,-0.0014356478862268718,0.3717195925814765,0.3717195925814767,0.3717195925814766,0.0021745596166016386,"6669.TW,2303.TW,1590.TW",2018,8765,3
2018-06-28,0.0020743754370393377,-0.0008967878146118879,0.00996269882086942,-0.0014356478862268718,0.5068397781421273,0.5068397781421276,0.5068397781421274,0.0029650127021314462,"6669.TW,2303.TW,1590.TW,1102.TW,1216.TW,3034.TW,1326.TW,4904.TW,1101.TW,2882.TW,9910.TW,1301.TW,3045.TW,3008.TW,2891.TW,2881.TW,2886.TW,1303.TW,2408.TW,2883.TW",2018,8765,20
2018-06-28,0.003076686291654044,0.00028147724759230996,0.00996269882086942,-0.0014356478862268718,0.47634793863257296,0.4763479386325731,0.476347938632573,0.0027866354410005525,"6669.TW,2303.TW,1590.TW,1102.TW,1216.TW,3034.TW,1326.TW,4904.TW,1101.TW,2882.TW,9910.TW,1301.TW,3045.TW,3008.TW,2891.TW",2018,8765,15
2018-07-05,0.017509907007899065,0.01382549233225916,0.023427751013112452,0.026956144294257935,0.6189762577549834,0.6189762577549835,0.6189762577549835,0.0036210111078666535,"1590.TW,1326.TW,2327.TW,2454.TW,4904.TW,2308.TW,2882.TW,2883.TW,2891.TW,3045.TW",2018,8765,10
2018-07-05,0.027418962637141515,0.024524931727689436,0.023427751013112452,0.026956144294257935,0.4815038035682152,0.4815038035682153,0.48150380356821526,0.0028167972508740596,"1590.TW,1326.TW,2327.TW,2454.TW,4904.TW,2308.TW,2882.TW,2883.TW,2891.TW,3045.TW,2615.TW,1102.TW,2408.TW,9910.TW,2412.TW",2018,8765,15
2018-07-05,0.024839860392634687,0.022662683363748437,0.023427751013112452,0.026956144294257935,0.36314650499861434,0.36314650499861456,0.36314650499861445,0.002124407054241895,"1590.TW,1326.TW,2327.TW,2454.TW,4904.TW,2308.TW,2882.TW,2883.TW,2891.TW,3045.TW,2615.TW,1102.TW,2408.TW,9910.TW,2412.TW,1301.TW,1303.TW,3231.TW,3711.TW,1216.TW",2018,8765,20
2018-07-05,0.01734784160156999,0.01313535003016808,0.023427751013112452,0.026956144294257935,0.7078051378827093,0.7078051378827093,0.7078051378827093,0.004140660056613849,"1590.TW,1326.TW,2327.TW",2018,8765,3
2018-07-05,0.015429377776420483,0.010495935736610784,0.023427751013112452,0.026956144294257935,0.8305091856365205,0.8305091856365207,0.8305091856365205,0.004858478735973646,"1590.TW,1326.TW,2327.TW,2454.TW,4904.TW",2018,8765,5
2018-07-12,0.015382275721841712,0.012155276052431718,0.012048420922980085,0.006575263403873013,0.5432671894146431,0.5432671894146432,0.5432671894146432,0.003178113058075663,"1590.TW,2883.TW,4904.TW,2412.TW,1216.TW,2002.TW,2615.TW,3045.TW,2308.TW,5880.TW,3231.TW,5876.TW,2317.TW,2609.TW,2603.TW",2018,8765,15
2018-07-12,0.0019736409683284713,-0.0009983082414617428,0.012048420922980085,0.006575263403873013,0.5070248209883697,0.5070248209883697,0.5070248209883697,0.0029660952027819624,"1590.TW,2883.TW,4904.TW,2412.TW,1216.TW,2002.TW,2615.TW,3045.TW,2308.TW,5880.TW",2018,8765,10
2018-07-12,0.0026697207854914275,-0.0003135381756618205,0.012048420922980085,0.006575263403873013,0.5086009741860087,0.5086009741860087,0.5086009741860087,0.002975315698988151,"1590.TW,2883.TW,4904.TW,2412.TW,1216.TW,2002.TW,2615.TW,3045.TW,2308.TW,5880.TW,3231.TW,5876.TW,2317.TW,2609.TW,2603.TW,2382.TW,2891.TW,6669.TW,2618.TW,2912.TW",2018,8765,20
2018-07-12,-0.029259801258216034,-0.03309657327361615,0.012048420922980085,0.006575263403873013,0.6756271812180383,0.6756271812180383,0.6756271812180383,0.003952419010125524,"1590.TW,2883.TW,4904.TW",2018,8765,3
2018-07-12,-0.010805908605273619,-0.014335289374422966,0.012048420922980085,0.006575263403873013,0.609903513617531,0.6099035136175309,0.609903513617531,0.003567935554662556,"1590.TW,2883.TW,4904.TW,2412.TW,1216.TW",2018,8765,5
2018-07-19,0.09107862151333344,0.08671992270121454,0.021542462357802883,0.015474682076452964,0.6828808715790989,0.6828808715790989,0.6828808715790989,0.003994853098737729,"1590.TW,6669.TW,2408.TW",2018,8765,3
2018-07-19,0.029148744183995025,0.025879807023248658,0.021542462357802883,0.015474682076452964,0.5429659028479318,0.5429659028479316,0.5429659028479317,0.0031763505316604,"1590.TW,6669.TW,2408.TW,5876.TW,2345.TW,2884.TW,2412.TW,3045.TW,2002.TW,2327.TW,2883.TW,2330.TW,5880.TW,2891.TW,2912.TW",2018,8765,15
2018-07-19,0.04194457795820728,0.038237225485823645,0.021542462357802883,0.015474682076452964,0.6082237757852564,0.6082237757852563,0.6082237757852564,0.0035581090883437497,"1590.TW,6669.TW,2408.TW,5876.TW,2345.TW,2884.TW,2412.TW,3045.TW,2002.TW,2327.TW",2018,8765,10
2018-07-19,0.05639542180289517,0.05136943354345602,0.021542462357802883,0.015474682076452964,0.8132781290793496,0.8132781290793497,0.8132781290793496,0.004757677055114196,"1590.TW,6669.TW,2408.TW,5876.TW,2345.TW",2018,8765,5
2018-07-19,0.021529836536416266,0.01844114960958998,0.021542462357802883,0.015474682076452964,0.5168529125321571,0.5168529125321569,0.516852912532157,0.003023589538313118,"1590.TW,6669.TW,2408.TW,5876.TW,2345.TW,2884.TW,2412.TW,3045.TW,2002.TW,2327.TW,2883.TW,2330.TW,5880.TW,2891.TW,2912.TW,3017.TW,1303.TW,2454.TW,2886.TW,2357.TW",2018,8765,20
2018-07-26,0.0025365526237337197,-0.00180572315054639,0.003525443584061483,-0.0016630396404412108,0.7403913215754705,0.7403913215754705,0.7403913215754705,0.004331289231216503,"2408.TW,2912.TW,2303.TW,2454.TW,2892.TW,2880.TW,1590.TW,5880.TW,2382.TW,2881.TW,2615.TW,3037.TW,2887.TW,2882.TW,2357.TW",2018,8765,15
2018-07-26,0.00011751036656595351,-0.004581721486838108,0.003525443584061483,-0.0016630396404412108,0.8031931127912962,0.8031931127912963,0.8031931127912963,0.004698679709829083,"2408.TW,2912.TW,2303.TW,2454.TW,2892.TW,2880.TW,1590.TW,5880.TW,2382.TW,2881.TW",2018,8765,10
2018-07-26,-0.014435720888878604,-0.018424570727217038,0.003525443584061483,-0.0016630396404412108,0.6918419099312421,0.6918419099312423,0.6918419099312422,0.004047275173097767,"2408.TW,2912.TW,2303.TW",2018,8765,3
2018-07-26,-0.00037849252197779196,-0.005109554423095686,0.003525443584061483,-0.0016630396404412108,0.8090347437061486,0.8090347437061485,0.8090347437061485,0.0047328532506809694,"2408.TW,2912.TW,2303.TW,2454.TW,2892.TW",2018,8765,5
2018-07-26,0.00511301226353596,0.0018100211388254461,0.003525443584061483,-0.0016630396404412108,0.5617416753966364,0.5617416753966367,0.5617416753966366,0.003286188801070324,"2408.TW,2912.TW,2303.TW,2454.TW,2892.TW,2880.TW,1590.TW,5880.TW,2382.TW,2881.TW,2615.TW,3037.TW,2887.TW,2882.TW,2357.TW,3231.TW,2886.TW,2412.TW,2002.TW,2308.TW",2018,8765,20
2018-08-02,-0.011200476524115289,-0.015076174100905448,0.0035126836336154543,0.005991834685753479,0.6700169150163053,0.6700169150163053,0.6700169150163053,0.003919598952845387,"1590.TW,6669.TW,2327.TW,3008.TW,1216.TW,2345.TW,1326.TW,3037.TW,2883.TW,2887.TW,2603.TW,2886.TW,2892.TW,2618.TW,2912.TW",2018,8765,15
2018-08-02,-0.020391460719914302,-0.02557091608237283,0.0035126836336154543,0.005991834685753479,0.9038069285168917,0.9038069285168916,0.9038069285168917,0.005287270531823816,"1590.TW,6669.TW,2327.TW,3008.TW,1216.TW,2345.TW,1326.TW,3037.TW,2883.TW,2887.TW",2018,8765,10
2018-08-02,-0.049366636301550526,-0.0549278414791865,0.0035126836336154543,0.005991834685753479,1.0,0.9999999999999998,0.9999999999999999,0.005849999999999999,"1590.TW,6669.TW,2327.TW,3008.TW,1216.TW",2018,8765,5
2018-08-02,-0.006753746575175958,-0.009968491551010095,0.0035126836336154543,0.005991834685753479,0.5532656718344631,0.553265671834463,0.5532656718344631,0.003236604180231609,"1590.TW,6669.TW,2327.TW,3008.TW,1216.TW,2345.TW,1326.TW,3037.TW,2883.TW,2887.TW,2603.TW,2886.TW,2892.TW,2618.TW,2912.TW,1303.TW,3017.TW,5880.TW,2002.TW,2382.TW",2018,8765,20
2018-08-02,-0.07009211608903354,-0.07553207720991273,0.0035126836336154543,0.005991834685753479,1.0,1.0,1.0,0.00585,"1590.TW,6669.TW,2327.TW",2018,8765,3
2018-08-09,-0.006929315374996192,-0.009333772257011819,-0.020419977284131585,-0.01766915129986978,0.4138862185678338,0.41388621856783386,0.4138862185678338,0.002421234378621828,"6669.TW,2327.TW,1590.TW,2454.TW,2892.TW,2887.TW,2886.TW,1216.TW,2880.TW,2912.TW,2002.TW,2891.TW,2308.TW,1326.TW,5880.TW",2018,8765,15
2018-08-09,-0.006314313854277609,-0.009321246713658637,-0.020419977284131585,-0.01766915129986978,0.5172718336941496,0.5172718336941495,0.5172718336941495,0.003026040227110775,"6669.TW,2327.TW,1590.TW,2454.TW,2892.TW,2887.TW,2886.TW,1216.TW,2880.TW,2912.TW",2018,8765,10
2018-08-09,-0.03075482509737342,-0.03312164979865517,-0.020419977284131585,-0.01766915129986978,0.41742319642001,0.4174231964200099,0.41742319642000997,0.002441925699057058,"6669.TW,2327.TW,1590.TW,2454.TW,2892.TW",2018,8765,5
2018-08-09,-0.02107875481944358,-0.021193415427665285,-0.020419977284131585,-0.01766915129986978,0.02002214587335055,0.02002214587335055,0.02002214587335055,0.00011712955335910071,"6669.TW,2327.TW,1590.TW",2018,8765,3
2018-08-09,-0.010183068817399965,-0.011988291021880704,-0.020419977284131585,-0.01766915129986978,0.3117596623147761,0.3117596623147761,0.3117596623147761,0.0018237940245414402,"6669.TW,2327.TW,1590.TW,2454.TW,2892.TW,2887.TW,2886.TW,1216.TW,2880.TW,2912.TW,2002.TW,2891.TW,2308.TW,1326.TW,5880.TW,2382.TW,1301.TW,5871.TW,2618.TW,3017.TW",2018,8765,20
2018-08-16,-0.0045823319218513126,-0.008076247936805614,0.01250745774860218,0.014592642572358941,0.6000000000000001,0.6,0.6000000000000001,0.00351,"1590.TW,6669.TW,3034.TW,5871.TW,5880.TW",2018,8765,5
2018-08-16,-0.032977400005629876,-0.03486309407561894,0.01250745774860218,0.014592642572358941,0.3333333333333333,0.3333333333333333,0.3333333333333333,0.00195,"1590.TW,6669.TW,3034.TW",2018,8765,3
2018-08-16,0.009016285084959696,0.006019074426943272,0.01250745774860218,0.014592642572358941,0.507765543330052,0.5077655433300519,0.5077655433300519,0.0029704284284808036,"1590.TW,6669.TW,3034.TW,5871.TW,5880.TW,2454.TW,2330.TW,2880.TW,2615.TW,2887.TW",2018,8765,10
2018-08-16,0.016494322714028096,0.01407456831523568,0.01250745774860218,0.014592642572358941,0.40692133868333846,0.4069213386833384,0.40692133868333846,0.00238048983129753,"1590.TW,6669.TW,3034.TW,5871.TW,5880.TW,2454.TW,2330.TW,2880.TW,2615.TW,2887.TW,9910.TW,5876.TW,2892.TW,3008.TW,2891.TW,1326.TW,2408.TW,2308.TW,2886.TW,1303.TW",2018,8765,20
2018-08-16,0.015433013340870454,0.012629453307125615,0.01250745774860218,0.014592642572358941,0.4719573079790083,0.47195730797900837,0.47195730797900837,0.002760950251677199,"1590.TW,6669.TW,3034.TW,5871.TW,5880.TW,2454.TW,2330.TW,2880.TW,2615.TW,2887.TW,9910.TW,5876.TW,2892.TW,3008.TW,2891.TW",2018,8765,15
2018-08-23,0.049740682108024833,0.04598403192823386,0.02352945861531497,0.014711353020700724,0.6117343405290807,0.6117343405290809,0.6117343405290808,0.0035786458920951236,"2327.TW,2454.TW,1590.TW,6669.TW,3045.TW,2408.TW,2892.TW,2887.TW,2891.TW,2308.TW",2018,8765,10
2018-08-23,0.029292476092385476,0.027427892921514374,0.02352945861531497,0.014711353020700724,0.3096614163263775,0.30966141632637767,0.30966141632637756,0.001811519285509309,"2327.TW,2454.TW,1590.TW,6669.TW,3045.TW,2408.TW,2892.TW,2887.TW,2891.TW,2308.TW,2330.TW,1303.TW,2884.TW,2002.TW,2412.TW,2880.TW,3008.TW,5876.TW,2615.TW,2883.TW",2018,8765,20
2018-08-23,0.05438794043956618,0.050275827471851775,0.02352945861531497,0.014711353020700724,0.6666666666666666,0.6666666666666667,0.6666666666666667,0.0039000000000000003,"2327.TW,2454.TW,1590.TW",2018,8765,3
2018-08-23,0.06717648671686591,0.06329923846518226,0.02352945861531497,0.014711353020700724,0.6210570483606708,0.6210570483606707,0.6210570483606708,0.0036331837329099236,"2327.TW,2454.TW,1590.TW,6669.TW,3045.TW",2018,8765,5
2018-08-23,0.0361315891255413,0.03284480402276224,0.02352945861531497,0.014711353020700724,0.5422512094114104,0.5422512094114104,0.5422512094114104,0.0031721695750567508,"2327.TW,2454.TW,1590.TW,6669.TW,3045.TW,2408.TW,2892.TW,2887.TW,2891.TW,2308.TW,2330.TW,1303.TW,2884.TW,2002.TW,2412.TW",2018,8765,15
2018-08-30,-0.09380898932408116,-0.0960110482626898,-0.009195204517827182,-0.021156114864801748,0.41538740392636625,0.4153874039263663,0.4153874039263663,0.0024300163129692427,"2327.TW,2408.TW,1102.TW,1590.TW,3045.TW",2018,8765,5
2018-08-30,-0.042813226906814196,-0.04585857036968799,-0.009195204517827182,-0.021156114864801748,0.5438557518225309,0.5438557518225311,0.543855751822531,0.003181556148161807,"2327.TW,2408.TW,1102.TW,1590.TW,3045.TW,1301.TW,5876.TW,9910.TW,2002.TW,1101.TW,2412.TW,1326.TW,2882.TW,5880.TW,1303.TW",2018,8765,15
2018-08-30,-0.057652682759812494,-0.06100013506242763,-0.009195204517827182,-0.021156114864801748,0.6072220489775547,0.6072220489775547,0.6072220489775547,0.003552248986518695,"2327.TW,2408.TW,1102.TW,1590.TW,3045.TW,1301.TW,5876.TW,9910.TW,2002.TW,1101.TW",2018,8765,10
2018-08-30,-0.1194355362686883,-0.12286973767724041,-0.009195204517827182,-0.021156114864801748,0.6666666666666666,0.6666666666666667,0.6666666666666667,0.0039000000000000003,"2327.TW,2408.TW,1102.TW",2018,8765,3
2018-08-30,-0.03737006560762012,-0.03997310074944849,-0.009195204517827182,-0.021156114864801748,0.46223710297173387,0.46223710297173404,0.4622371029717339,0.002704087052384644,"2327.TW,2408.TW,1102.TW,1590.TW,3045.TW,1301.TW,5876.TW,9910.TW,2002.TW,1101.TW,2412.TW,1326.TW,2882.TW,5880.TW,1303.TW,2395.TW,2891.TW,2303.TW,2884.TW,2883.TW",2018,8765,20
2018-09-06,-0.026298127116181392,-0.02980831784993554,-0.005220580621701831,-0.009649118950143747,0.6162385230742318,0.6162385230742319,0.6162385230742318,0.0036049953599842565,"2327.TW,6669.TW,2884.TW,1590.TW,2618.TW,1102.TW,2885.TW,9910.TW,3711.TW,1326.TW",2018,8765,10
2018-09-06,-0.06527535361779957,-0.06865072387045823,-0.005220580621701831,-0.009649118950143747,0.6172795060117817,0.6172795060117816,0.6172795060117817,0.0036110851101689226,"2327.TW,6669.TW,2884.TW,1590.TW,2618.TW",2018,8765,5
2018-09-06,-0.019594447261480456,-0.023154626847301962,-0.005220580621701831,-0.009649118950143747,0.6207407794439023,0.6207407794439024,0.6207407794439024,0.003631333559746829,"2327.TW,6669.TW,2884.TW,1590.TW,2618.TW,1102.TW,2885.TW,9910.TW,3711.TW,1326.TW,3008.TW,2408.TW,2382.TW,2880.TW,5871.TW",2018,8765,15
2018-09-06,-0.11038267661030657,-0.11392258738790284,-0.005220580621701831,-0.009649118950143747,0.6801946606992824,0.6801946606992826,0.6801946606992825,0.003979138765090803,"2327.TW,6669.TW,2884.TW",2018,8765,3
2018-09-06,-0.01301316265154202,-0.016284630546264278,-0.005220580621701831,-0.009649118950143747,0.5665985198459824,0.5665985198459825,0.5665985198459824,0.0033146013410989975,"2327.TW,6669.TW,2884.TW,1590.TW,2618.TW,1102.TW,2885.TW,9910.TW,3711.TW,1326.TW,3008.TW,2408.TW,2382.TW,2880.TW,5871.TW,2395.TW,5880.TW,3017.TW,2207.TW,2357.TW",2018,8765,20
2018-09-13,0.010728885619214352,0.007433683384173495,0.005830727641576772,0.013348935117319778,0.5573031911472638,0.5573031911472639,0.5573031911472639,0.003260223668211494,"1590.TW,6669.TW,2408.TW,2379.TW,2327.TW,2330.TW,3008.TW,3045.TW,2308.TW,2880.TW,2345.TW,5880.TW,2884.TW,1301.TW,2412.TW",2018,8765,15
2018-09-13,0.01560024047271194,0.012517125737746326,0.005830727641576772,0.013348935117319778,0.5189326851457725,0.5189326851457725,0.5189326851457725,0.003035756208102769,"1590.TW,6669.TW,2408.TW,2379.TW,2327.TW,2330.TW,3008.TW,3045.TW,2308.TW,2880.TW,2345.TW,5880.TW,2884.TW,1301.TW,2412.TW,1216.TW,5871.TW,4904.TW,2892.TW,2395.TW",2018,8765,20
2018-09-13,0.05866241637965094,0.05589523486884329,0.005830727641576772,0.013348935117319778,0.4468114416468546,0.44681144164685455,0.4468114416468546,0.0026138469336340992,"1590.TW,6669.TW,2408.TW,2379.TW,2327.TW",2018,8765,5
2018-09-13,0.09497487219797358,0.09039628619976536,0.005830727641576772,0.013348935117319778,0.7147782958954116,0.7147782958954116,0.7147782958954116,0.004181453030988158,"1590.TW,6669.TW,2408.TW",2018,8765,3
2018-09-13,0.02154617677281582,0.017180826523976567,0.005830727641576772,0.013348935117319778,0.730474779033174,0.7304747790331743,0.7304747790331741,0.0042732774573440695,"1590.TW,6669.TW,2408.TW,2379.TW,2327.TW,2330.TW,3008.TW,3045.TW,2308.TW,2880.TW",2018,8765,10
2018-09-20,-0.031924413390965155,-0.034002019731851685,0.0075364095497256756,0.011930331072081423,0.36685811311648436,0.3668581131164844,0.3668581131164844,0.002146119961731434,"6669.TW,2327.TW,2408.TW",2018,8765,3
2018-09-20,0.00352401403533506,0.0010548739140681107,0.0075364095497256756,0.011930331072081423,0.42059305856306795,0.42059305856306795,0.42059305856306795,0.0024604693925939477,"6669.TW,2327.TW,2408.TW,3008.TW,2345.TW,2884.TW,1326.TW,1301.TW,2912.TW,2887.TW,3045.TW,2881.TW,9910.TW,4904.TW,2880.TW,2892.TW,5880.TW,2885.TW,2886.TW,3034.TW",2018,8765,20
2018-09-20,-0.020249680948866658,-0.022720936411429582,0.0075364095497256756,0.011930331072081423,0.4311678424524145,0.43116784245241446,0.43116784245241446,0.0025223318783466247,"6669.TW,2327.TW,2408.TW,3008.TW,2345.TW",2018,8765,5
2018-09-20,-0.001074866629171829,-0.0035499548094218847,0.0075364095497256756,0.011930331072081423,0.42354725343254385,0.42354725343254374,0.4235472534325438,0.002477751432580381,"6669.TW,2327.TW,2408.TW,3008.TW,2345.TW,2884.TW,1326.TW,1301.TW,2912.TW,2887.TW,3045.TW,2881.TW,9910.TW,4904.TW,2880.TW",2018,8765,15
2018-09-20,0.0014886587405032452,-0.002186665442788893,0.0075364095497256756,0.011930331072081423,0.6273266688238087,0.6273266688238088,0.6273266688238088,0.0036698610126192814,"6669.TW,2327.TW,2408.TW,3008.TW,2345.TW,2884.TW,1326.TW,1301.TW,2912.TW,2887.TW",2018,8765,10
2018-09-28,-0.1271246614082969,-0.12882676831855078,-0.0454546798130675,-0.05298252510122595,0.3333333333333333,0.33333333333333337,0.33333333333333337,0.0019500000000000001,"6669.TW,2408.TW,2345.TW",2018,8765,3
2018-09-28,-0.0580574628763544,-0.060583685129333875,-0.0454546798130675,-0.05298252510122595,0.4584492649369435,0.45844926493694343,0.4584492649369435,0.002681928199881119,"6669.TW,2408.TW,2345.TW,2327.TW,3008.TW,2002.TW,2892.TW,2395.TW,5871.TW,2603.TW,5876.TW,2887.TW,2330.TW,2379.TW,2880.TW,2882.TW,2886.TW,5880.TW,3711.TW,4904.TW",2018,8765,20
2018-09-28,-0.11468071519297898,-0.11476858762202624,-0.0454546798130675,-0.05298252510122595,0.016966678914659444,0.01696667891465939,0.016966678914659417,9.925507165075751e-05,"6669.TW,2408.TW,2345.TW,2327.TW,3008.TW",2018,8765,5
2018-09-28,-0.07308943925517829,-0.0758745100340601,-0.0454546798130675,-0.05298252510122595,0.5136207258659193,0.5136207258659192,0.5136207258659193,0.003004681246315628,"6669.TW,2408.TW,2345.TW,2327.TW,3008.TW,2002.TW,2892.TW,2395.TW,5871.TW,2603.TW",2018,8765,10
2018-09-28,-0.0670137164948079,-0.06997058677372114,-0.0454546798130675,-0.05298252510122595,0.5417527780005499,0.54175277800055,0.54175277800055,0.003169253751303217,"6669.TW,2408.TW,2345.TW,2327.TW,3008.TW,2002.TW,2892.TW,2395.TW,5871.TW,2603.TW,5876.TW,2887.TW,2330.TW,2379.TW,2880.TW",2018,8765,15
2018-10-05,-0.04335099064424308,-0.047937629364442014,-0.04761894078594453,-0.04275615851367456,0.819569977289389,0.8195699772893891,0.819569977289389,0.004794484367142926,"2308.TW,1590.TW,2885.TW,3037.TW,2395.TW,6669.TW,2379.TW,1326.TW,2912.TW,2891.TW",2018,8765,10
2018-10-05,-0.019383154427012217,-0.02259866543177602,-0.04761894078594453,-0.04275615851367456,0.5605247383784758,0.5605247383784757,0.5605247383784757,0.003279069719514083,"2308.TW,1590.TW,2885.TW,3037.TW,2395.TW,6669.TW,2379.TW,1326.TW,2912.TW,2891.TW,2886.TW,2327.TW,2345.TW,2408.TW,3008.TW",2018,8765,15
2018-10-05,-0.06104033674138137,-0.06653325077144423,-0.04761894078594453,-0.04275615851367456,1.0,1.0,1.0,0.00585,"2308.TW,1590.TW,2885.TW,3037.TW,2395.TW",2018,8765,5
2018-10-05,-0.032675402647758214,-0.03833425154226888,-0.04761894078594453,-0.04275615851367456,1.0,1.0,1.0,0.00585,"2308.TW,1590.TW,2885.TW",2018,8765,3
2018-10-05,-0.03483222337644265,-0.03750347641949947,-0.04761894078594453,-0.04275615851367456,0.47310370576397853,0.47310370576397853,0.47310370576397853,0.002767656678719274,"2308.TW,1590.TW,2885.TW,3037.TW,2395.TW,6669.TW,2379.TW,1326.TW,2912.TW,2891.TW,2886.TW,2327.TW,2345.TW,2408.TW,3008.TW,9910.TW,3711.TW,3017.TW,2603.TW,2880.TW",2018,8765,20
2018-10-15,0.010696913294663525,0.00854114208226009,-0.011392295694622412,-0.00022003173657185736,0.3646077223634623,0.36460772236346234,0.3646077223634623,0.0021329551758262548,"1590.TW,2345.TW,2327.TW,3008.TW,6669.TW,2454.TW,3034.TW,2891.TW,9910.TW,3037.TW,1326.TW,1216.TW,2207.TW,2886.TW,1301.TW,2885.TW,3711.TW,3231.TW,2603.TW,2609.TW",2018,8765,20
2018-10-15,0.012893431323873996,0.008153090065278201,-0.011392295694622412,-0.00022003173657185736,0.8,0.7999999999999999,0.8,0.00468,"1590.TW,2345.TW,2327.TW,3008.TW,6669.TW",2018,8765,5
2018-10-15,0.02171592952751781,0.018068839718125673,-0.011392295694622412,-0.00022003173657185736,0.6101834545537086,0.6101834545537086,0.6101834545537086,0.003569573209139195,"1590.TW,2345.TW,2327.TW,3008.TW,6669.TW,2454.TW,3034.TW,2891.TW,9910.TW,3037.TW",2018,8765,10
2018-10-15,0.030875413614024128,0.02685499950092951,-0.011392295694622412,-0.00022003173657185736,0.6666666666666666,0.6666666666666667,0.6666666666666667,0.0039000000000000003,"1590.TW,2345.TW,2327.TW",2018,8765,3
2018-10-15,0.004331327013670497,0.0019142313289595148,-0.011392295694622412,-0.00022003173657185736,0.41139685521090047,0.4113968552109005,0.4113968552109005,0.002406671602983768,"1590.TW,2345.TW,2327.TW,3008.TW,6669.TW,2454.TW,3034.TW,2891.TW,9910.TW,3037.TW,1326.TW,1216.TW,2207.TW,2886.TW,1301.TW",2018,8765,15
2018-10-22,-0.0937428398140569,-0.09493410991716422,-0.02944938403487951,-0.03642770485331809,0.22469992404726707,0.2246999240472671,0.22469992404726707,0.0013144945556765124,"6669.TW,3008.TW,2408.TW,2345.TW,2327.TW",2018,8765,5
2018-10-22,-0.07678420524662316,-0.07904262982819465,-0.02944938403487951,-0.03642770485331809,0.41816386398853045,0.41816386398853045,0.41816386398853045,0.002446258604332903,"6669.TW,3008.TW,2408.TW,2345.TW,2327.TW,3037.TW,3034.TW,2615.TW,2603.TW,2379.TW",2018,8765,10
2018-10-22,-0.0496360836933892,-0.05195900699267186,-0.02944938403487951,-0.03642770485331809,0.4178198467419034,0.41781984674190353,0.4178198467419035,0.0024442461034401355,"6669.TW,3008.TW,2408.TW,2345.TW,2327.TW,3037.TW,3034.TW,2615.TW,2603.TW,2379.TW,5876.TW,2303.TW,3017.TW,3231.TW,2207.TW,3711.TW,2454.TW,2330.TW,2885.TW,1303.TW",2018,8765,20
2018-10-22,-0.05810432279692003,-0.06112372063520122,-0.02944938403487951,-0.03642770485331809,0.5479761666863437,0.5479761666863437,0.5479761666863437,0.0032056605751151113,"6669.TW,3008.TW,2408.TW,2345.TW,2327.TW,3037.TW,3034.TW,2615.TW,2603.TW,2379.TW,5876.TW,2303.TW,3017.TW,3231.TW,2207.TW",2018,8765,15
2018-10-22,-0.060204256292110195,-0.06570206139280144,-0.02944938403487951,-0.03642770485331809,1.0,1.0,1.0,0.00585,"6669.TW,3008.TW,2408.TW",2018,8765,3
2018-10-29,0.15059559864319302,0.14911300191595345,0.03496045079428556,0.04814362562911313,0.22026447718775602,0.22026447718775585,0.22026447718775594,0.001288547191548372,"3008.TW,6669.TW,2408.TW,1590.TW,2327.TW",2018,8765,5
2018-10-29,0.0758535876687008,0.07292674253752995,0.03496045079428556,0.04814362562911313,0.465040422574514,0.46504042257451395,0.46504042257451395,0.0027204864720609067,"3008.TW,6669.TW,2408.TW,1590.TW,2327.TW,3045.TW,2609.TW,3231.TW,3034.TW,3037.TW,2412.TW,2345.TW,2395.TW,5876.TW,2308.TW,2454.TW,1216.TW,2317.TW,1102.TW,2207.TW",2018,8765,20
2018-10-29,0.08365506288279173,0.08101019934609832,0.03496045079428556,0.04814362562911313,0.4172115653417084,0.4172115653417085,0.41721156534170845,0.002440687657248995,"3008.TW,6669.TW,2408.TW,1590.TW,2327.TW,3045.TW,2609.TW,3231.TW,3034.TW,3037.TW,2412.TW,2345.TW,2395.TW,5876.TW,2308.TW",2018,8765,15
2018-10-29,0.09879644634565225,0.096126405583705,0.03496045079428556,0.04814362562911313,0.41537923223399187,0.41537923223399176,0.4153792322339918,0.0024299685085688518,"3008.TW,6669.TW,2408.TW,1590.TW,2327.TW,3045.TW,2609.TW,3231.TW,3034.TW,3037.TW",2018,8765,10
2018-10-29,0.11045488720523185,0.11038578315861769,0.03496045079428556,0.04814362562911313,0.010637674413398968,0.010637674413399023,0.010637674413398995,6.223039531838421e-05,"3008.TW,6669.TW,2408.TW",2018,8765,3
2018-11-05,-0.04226197513895035,-0.04515564380762238,-0.029318049262365475,-0.022447297858285947,0.5164713147301102,0.5164713147301103,0.5164713147301103,0.0030213571911711454,"6669.TW,2327.TW,3008.TW,9910.TW,2317.TW,2207.TW,3231.TW,2303.TW,3034.TW,1102.TW",2018,8765,10
2018-11-05,-0.09244126932336794,-0.09433610104456458,-0.029318049262365475,-0.022447297858285947,0.35689465306858836,0.35689465306858853,0.3568946530685885,0.002087833720451243,"6669.TW,2327.TW,3008.TW",2018,8765,3
2018-11-05,-0.03636041535187431,-0.03978517316347996,-0.029318049262365475,-0.022447297858285947,0.6075183035972228,0.6075183035972228,0.6075183035972228,0.0035539820760437536,"6669.TW,2327.TW,3008.TW,9910.TW,2317.TW,2207.TW,3231.TW,2303.TW,3034.TW,1102.TW,3017.TW,1326.TW,3037.TW,1101.TW,3711.TW",2018,8765,15
2018-11-05,-0.056595796020563194,-0.0590147216761463,-0.029318049262365475,-0.022447297858285947,0.4382973526223092,0.43829735262230923,0.4382973526223092,0.002564039512840509,"6669.TW,2327.TW,3008.TW,9910.TW,2317.TW",2018,8765,5
2018-11-05,-0.03357559213326547,-0.03646238780584632,-0.029318049262365475,-0.022447297858285947,0.5106134962273874,0.5106134962273877,0.5106134962273876,0.002987088952930218,"6669.TW,2327.TW,3008.TW,9910.TW,2317.TW,2207.TW,3231.TW,2303.TW,3034.TW,1102.TW,3017.TW,1326.TW,3037.TW,1101.TW,3711.TW,2330.TW,2609.TW,2603.TW,1301.TW,2883.TW",2018,8765,20
2018-11-12,0.06666774925756672,0.06464992902689404,0.0032827946487887782,0.03244513660437395,0.32336829851449067,0.32336829851449067,0.32336829851449067,0.0018917045463097706,"2327.TW,6669.TW,3008.TW,1102.TW,2303.TW,2207.TW,2408.TW,2885.TW,3034.TW,3017.TW",2018,8765,10
2018-11-12,0.12599686803471735,0.1257913724010118,0.0032827946487887782,0.03244513660437395,0.031196764174334646,0.0311967641743347,0.031196764174334674,0.00018250107041985794,"2327.TW,6669.TW,3008.TW",2018,8765,3
2018-11-12,0.05216163532330496,0.04999273109845381,0.0032827946487887782,0.03244513660437395,0.3523725314647172,0.3523725314647173,0.35237253146471725,0.002061379309068596,"2327.TW,6669.TW,3008.TW,1102.TW,2303.TW,2207.TW,2408.TW,2885.TW,3034.TW,3017.TW,2618.TW,1101.TW,2317.TW,1216.TW,5880.TW",2018,8765,15
2018-11-12,0.09064339154427468,0.08787942806128024,0.0032827946487887782,0.03244513660437395,0.4332052015521559,0.4332052015521558,0.43320520155215586,0.0025342504290801118,"2327.TW,6669.TW,3008.TW,1102.TW,2303.TW",2018,8765,5
2018-11-12,0.04857593692672117,0.04602639310280532,0.0032827946487887782,0.03244513660437395,0.41562984780764534,0.4156298478076455,0.41562984780764545,0.002431434609674726,"2327.TW,6669.TW,3008.TW,1102.TW,2303.TW,2207.TW,2408.TW,2885.TW,3034.TW,3017.TW,2618.TW,1101.TW,2317.TW,1216.TW,5880.TW,2886.TW,2345.TW,3711.TW,2887.TW,3231.TW",2018,8765,20
2018-11-19,0.05405221457843049,0.051797305759913925,-0.00588995515780788,-0.008679760903893375,0.3656882396911341,0.36568823969113423,0.3656882396911342,0.0021392762021931353,"2327.TW,2303.TW,3008.TW",2018,8765,3
2018-11-19,0.018197021579320884,0.01572529704767156,-0.00588995515780788,-0.008679760903893375,0.4149658710469907,0.41496587104699056,0.4149658710469906,0.002427550345624895,"2327.TW,2303.TW,3008.TW,1101.TW,2454.TW",2018,8765,5
2018-11-19,-0.00510924836884959,-0.008347090328726825,-0.00588995515780788,-0.008679760903893375,0.5563196332775566,0.5563196332775567,0.5563196332775566,0.0032544698546737067,"2327.TW,2303.TW,3008.TW,1101.TW,2454.TW,1102.TW,2357.TW,2885.TW,2886.TW,2881.TW,5871.TW,2395.TW,9910.TW,2880.TW,3045.TW,2308.TW,2892.TW,2882.TW,2618.TW,5880.TW",2018,8765,20
2018-11-19,-0.0027659301693342834,-0.0062888482478182794,-0.00588995515780788,-0.008679760903893375,0.6038785043179833,0.6038785043179833,0.6038785043179833,0.0035326892502602026,"2327.TW,2303.TW,3008.TW,1101.TW,2454.TW,1102.TW,2357.TW,2885.TW,2886.TW,2881.TW,5871.TW,2395.TW,9910.TW,2880.TW,3045.TW",2018,8765,15
2018-11-19,0.0026307470962156016,-0.00036239726497822033,-0.00588995515780788,-0.008679760903893375,0.5103061224014089,0.5103061224014087,0.5103061224014088,0.0029852908160482414,"2327.TW,2303.TW,3008.TW,1101.TW,2454.TW,1102.TW,2357.TW,2885.TW,2886.TW,2881.TW",2018,8765,10
2018-11-26,0.1081758728235652,0.10428617550995445,0.033574581103954504,0.05131889507249991,0.6000000000000001,0.5999999999999999,0.6,0.0035099999999999997,"2327.TW,2303.TW,1102.TW,2357.TW,3034.TW",2018,8765,5
2018-11-26,0.06171699944306215,0.05948575647988408,0.033574581103954504,0.05131889507249991,0.3592379642925444,0.3592379642925445,0.35923796429254445,0.0021015420911113854,"2327.TW,2303.TW,1102.TW,2357.TW,3034.TW,2207.TW,2454.TW,2317.TW,2892.TW,2618.TW,2885.TW,9910.TW,2379.TW,1101.TW,5880.TW,3017.TW,2881.TW,3045.TW,4904.TW,2609.TW",2018,8765,20
2018-11-26,0.11157344539555628,0.10938165546346035,0.033574581103954504,0.05131889507249991,0.3370582008857738,0.33705820088577393,0.3370582008857739,0.0019717904751817773,"2327.TW,2303.TW,1102.TW",2018,8765,3
2018-11-26,0.07472993061787708,0.07172693178265899,0.033574581103954504,0.05131889507249991,0.4776391906478227,0.4776391906478227,0.4776391906478227,0.002794189265289763,"2327.TW,2303.TW,1102.TW,2357.TW,3034.TW,2207.TW,2454.TW,2317.TW,2892.TW,2618.TW,2885.TW,9910.TW,2379.TW,1101.TW,5880.TW",2018,8765,15
2018-11-26,0.07719246859063822,0.0740278322843908,0.033574581103954504,0.05131889507249991,0.5021975987830296,0.5021975987830294,0.5021975987830295,0.0029378559528807223,"2327.TW,2303.TW,1102.TW,2357.TW,3034.TW,2207.TW,2454.TW,2317.TW,2892.TW,2618.TW",2018,8765,10
2018-12-03,-0.019331546401744133,-0.022888126453808444,-0.05095510145134252,-0.03737927389748386,0.6199469350028985,0.6199469350028985,0.6199469350028985,0.0036266895697669565,"2303.TW,2885.TW,2382.TW,2892.TW,4904.TW,2609.TW,2618.TW,2603.TW,2412.TW,2357.TW,2912.TW,2615.TW,5880.TW,2395.TW,2881.TW",2018,8765,15
2018-12-03,-0.020310020463608306,-0.023863706486878855,-0.05095510145134252,-0.03737927389748386,0.6200611509500545,0.6200611509500543,0.6200611509500544,0.0036273577330578183,"2303.TW,2885.TW,2382.TW,2892.TW,4904.TW,2609.TW,2618.TW,2603.TW,2412.TW,2357.TW",2018,8765,10
2018-12-03,-0.03822177034875288,-0.04213173802106063,-0.05095510145134252,-0.03737927389748386,0.694932076511222,0.6949320765112219,0.6949320765112219,0.004065352647590649,"2303.TW,2885.TW,2382.TW",2018,8765,3
2018-12-03,-0.019818038882180474,-0.02281090704916877,-0.05095510145134252,-0.03737927389748386,0.521945328888676,0.5219453288886758,0.521945328888676,0.0030533801739987543,"2303.TW,2885.TW,2382.TW,2892.TW,4904.TW,2609.TW,2618.TW,2603.TW,2412.TW,2357.TW,2912.TW,2615.TW,5880.TW,2395.TW,2881.TW,9910.TW,2308.TW,2880.TW,2886.TW,2882.TW",2018,8765,20
2018-12-03,-0.024602013856227494,-0.029260445036327853,-0.05095510145134252,-0.03737927389748386,0.8163980585889845,0.8163980585889844,0.8163980585889845,0.004775928642745559,"2303.TW,2885.TW,2382.TW,2892.TW,4904.TW",2018,8765,5
2018-12-10,0.010673964504474526,0.007110903605427765,0.013422647731220927,0.008009690410035413,0.602637705673848,0.6026377056738481,0.6026377056738481,0.003525430578192011,"2408.TW,2345.TW,2327.TW,3008.TW,2615.TW,2454.TW,2395.TW,2207.TW,2618.TW,2609.TW,5871.TW,3231.TW,3711.TW,2603.TW,6669.TW,9910.TW,3017.TW,5876.TW,2308.TW,2880.TW",2018,8765,20
2018-12-10,0.014444558899126957,0.010483107346706433,0.013422647731220927,0.008009690410035413,0.6675290429640011,0.6675290429640011,0.6675290429640011,0.0039050449013394066,"2408.TW,2345.TW,2327.TW,3008.TW,2615.TW,2454.TW,2395.TW,2207.TW,2618.TW,2609.TW,5871.TW,3231.TW,3711.TW,2603.TW,6669.TW",2018,8765,15
2018-12-10,0.021124139451936877,0.016344789973406826,0.013422647731220927,0.008009690410035413,0.8000817777956154,0.8000817777956155,0.8000817777956155,0.004680478400104351,"2408.TW,2345.TW,2327.TW,3008.TW,2615.TW,2454.TW,2395.TW,2207.TW,2618.TW,2609.TW",2018,8765,10
2018-12-10,0.01340814431903512,0.007479706674768716,0.013422647731220927,0.008009690410035413,1.0,1.0,1.0,0.00585,"2408.TW,2345.TW,2327.TW,3008.TW,2615.TW",2018,8765,5
2018-12-10,0.0030776518912500883,-0.0027903523723137313,0.013422647731220927,0.008009690410035413,1.0,1.0,1.0,0.00585,"2408.TW,2345.TW,2327.TW",2018,8765,3
2018-12-17,-0.016311386127906193,-0.01983187811258791,-0.017880767953997845,-0.021777241040534932,0.6117723567889713,0.6117723567889711,0.6117723567889712,0.0035788682872154812,"2327.TW,2317.TW,3711.TW,2303.TW,3037.TW,3008.TW,6669.TW,3017.TW,2395.TW,5876.TW,2615.TW,2912.TW,2330.TW,1101.TW,2357.TW",2018,8765,15
2018-12-17,-0.009119936203660762,-0.013227863343334367,-0.017880767953997845,-0.021777241040534932,0.7086728183582591,0.7086728183582592,0.7086728183582591,0.004145735987395816,"2327.TW,2317.TW,3711.TW,2303.TW,3037.TW,3008.TW,6669.TW,3017.TW,2395.TW,5876.TW",2018,8765,10
2018-12-17,-0.011117419887113233,-0.015795772735222702,-0.017880767953997845,-0.021777241040534932,0.8087091952645957,0.8087091952645956,0.8087091952645957,0.004730948792297885,"2327.TW,2317.TW,3711.TW,2303.TW,3037.TW",2018,8765,5
2018-12-17,-0.016476565321058144,-0.019404866903666163,-0.017880767953997845,-0.021777241040534932,0.5089501230428678,0.5089501230428677,0.5089501230428677,0.0029773582198007764,"2327.TW,2317.TW,3711.TW,2303.TW,3037.TW,3008.TW,6669.TW,3017.TW,2395.TW,5876.TW,2615.TW,2912.TW,2330.TW,1101.TW,2357.TW,5880.TW,2345.TW,3045.TW,2308.TW,2412.TW",2018,8765,20
2018-12-17,-0.014831903266409669,-0.018738790810660322,-0.017880767953997845,-0.021777241040534932,0.6778985503819233,0.6778985503819233,0.6778985503819233,0.0039657065197342516,"2327.TW,2317.TW,3711.TW",2018,8765,3
2018-12-24,0.0021423284160271504,-0.0013955327384465033,-0.004720362482877882,0.002890058126939068,0.603469760093052,0.6034697600930522,0.6034697600930521,0.003530298096544355,"2327.TW,2379.TW,2345.TW,3008.TW,5876.TW,2609.TW,2207.TW,2317.TW,1101.TW,1590.TW,1102.TW,2357.TW,2412.TW,2308.TW,5871.TW",2018,8765,15
2018-12-24,0.0051313145093964405,0.002168338780980994,-0.004720362482877882,0.002890058126939068,0.5039058779639801,0.50390587796398,0.50390587796398,0.0029478493860892836,"2327.TW,2379.TW,2345.TW,3008.TW,5876.TW,2609.TW,2207.TW,2317.TW,1101.TW,1590.TW,1102.TW,2357.TW,2412.TW,2308.TW,5871.TW,4904.TW,3231.TW,5880.TW,2002.TW,2891.TW",2018,8765,20
2018-12-24,0.014958950865370392,0.01100061095699556,-0.004720362482877882,0.002890058126939068,0.6666666666666666,0.6666666666666667,0.6666666666666667,0.0039000000000000003,"2327.TW,2379.TW,2345.TW",2018,8765,3
2018-12-24,0.0015945471544783762,-0.0030929153262044817,-0.004720362482877882,0.002890058126939068,0.8,0.7999999999999999,0.8,0.00468,"2327.TW,2379.TW,2345.TW,3008.TW,5876.TW",2018,8765,5
2018-12-24,-0.0038396164009857903,-0.007342611079243944,-0.004720362482877882,0.002890058126939068,0.6011105430036991,0.6011105430036991,0.6011105430036991,0.00351649667657164,"2327.TW,2379.TW,2345.TW,3008.TW,5876.TW,2609.TW,2207.TW,2317.TW,1101.TW,1590.TW",2018,8765,10
2019-01-02,0.029672539843978815,0.028205256474701068,0.013550365878841841,0.030616379393805862,0.9999999999999999,0.0,0.49999999999999994,0.0014249999999999998,"6669.TW,2379.TW,5876.TW,2412.TW,2408.TW,1590.TW,2382.TW,2618.TW,4904.TW,2882.TW,2881.TW,2912.TW,1301.TW,3711.TW,2454.TW",2019,8765,15
2019-01-02,0.03830427479619283,0.036824691204608184,0.013550365878841841,0.030616379393805862,1.0,0.0,0.5,0.001425,"6669.TW,2379.TW,5876.TW,2412.TW,2408.TW",2019,8765,5
2019-01-02,0.0337368226877104,0.03226374771538043,0.013550365878841841,0.030616379393805862,1.0000000000000002,0.0,0.5000000000000001,0.0014250000000000003,"6669.TW,2379.TW,5876.TW,2412.TW,2408.TW,1590.TW,2382.TW,2618.TW,4904.TW,2882.TW,2881.TW,2912.TW,1301.TW,3711.TW,2454.TW,1326.TW,2330.TW,5871.TW,5880.TW,2395.TW",2019,8765,20
2019-01-02,0.029357313420946232,0.02789047924932131,0.013550365878841841,0.030616379393805862,0.9999999999999999,0.0,0.49999999999999994,0.0014249999999999998,"6669.TW,2379.TW,5876.TW,2412.TW,2408.TW,1590.TW,2382.TW,2618.TW,4904.TW,2882.TW",2019,8765,10
2019-01-02,0.07547263328226082,0.07394008477983371,0.013550365878841841,0.030616379393805862,1.0,0.0,0.5,0.001425,"6669.TW,2379.TW,5876.TW",2019,8765,3
2019-01-09,0.03069064406694988,0.0246611037991582,0.01069481307627096,0.015582848678267876,1.0,1.0,1.0,0.00585,"2382.TW,2327.TW,5880.TW",2019,8765,3
2019-01-09,0.013865474434651148,0.009379801833714119,0.01069481307627096,0.015582848678267876,0.7562952487492248,0.7562952487492247,0.7562952487492247,0.004424327205182965,"2382.TW,2327.TW,5880.TW,2892.TW,5876.TW,3037.TW,2002.TW,2880.TW,2885.TW,9910.TW,1102.TW,1101.TW,2618.TW,2886.TW,3045.TW,3231.TW,2317.TW,2412.TW,2345.TW,2884.TW",2019,8765,20
2019-01-09,0.020311196000368216,0.015520002097013874,0.01069481307627096,0.015582848678267876,0.8027036340063569,0.8027036340063568,0.8027036340063569,0.004695816258937188,"2382.TW,2327.TW,5880.TW,2892.TW,5876.TW,3037.TW,2002.TW,2880.TW,2885.TW,9910.TW",2019,8765,10
2019-01-09,0.0267535550016657,0.021924278210700976,0.01069481307627096,0.015582848678267876,0.8040073454272841,0.8040073454272838,0.804007345427284,0.004703442970749611,"2382.TW,2327.TW,5880.TW,2892.TW,5876.TW",2019,8765,5
2019-01-09,0.010590502841241854,0.00583868754143424,0.01069481307627096,0.015582848678267876,0.8037638562222199,0.80376385622222,0.80376385622222,0.004702018558899988,"2382.TW,2327.TW,5880.TW,2892.TW,5876.TW,3037.TW,2002.TW,2880.TW,2885.TW,9910.TW,1102.TW,1101.TW,2618.TW,2886.TW,3045.TW",2019,8765,15
2019-01-16,0.004285487954363221,0.001300878515642978,0.008495616397286021,0.005107502489548823,0.5080125659126159,0.5080125659126159,0.5080125659126159,0.0029718735105888033,"9910.TW,1303.TW,3037.TW,1101.TW,2880.TW,2884.TW,1326.TW,2892.TW,3231.TW,5880.TW",2019,8765,10
2019-01-16,0.003257349847945935,0.0002762486515246465,0.008495616397286021,0.005107502489548823,0.5079354247277119,0.5079354247277119,0.5079354247277119,0.002971422234657115,"9910.TW,1303.TW,3037.TW,1101.TW,2880.TW,2884.TW,1326.TW,2892.TW,3231.TW,5880.TW,2357.TW,2002.TW,2603.TW,1301.TW,5871.TW,2615.TW,2891.TW,2308.TW,2609.TW,2618.TW",2019,8765,20
2019-01-16,-0.013029948213653995,-0.018803723016604157,0.008495616397286021,0.005107502489548823,1.0,1.0,1.0,0.00585,"9910.TW,1303.TW,3037.TW",2019,8765,3
2019-01-16,-0.0002648843139322118,-0.006113334740695753,0.008495616397286021,0.005107502489548823,1.0,1.0,1.0,0.00585,"9910.TW,1303.TW,3037.TW,1101.TW,2880.TW",2019,8765,5
2019-01-16,0.003747320023594865,0.0005830921749594431,0.008495616397286021,0.005107502489548823,0.5388743148292253,0.5388743148292255,0.5388743148292254,0.003152414741750969,"9910.TW,1303.TW,3037.TW,1101.TW,2880.TW,2884.TW,1326.TW,2892.TW,3231.TW,5880.TW,2357.TW,2002.TW,2603.TW,1301.TW,5871.TW",2019,8765,15
2019-01-23,0.0269902893426673,0.020982396150012628,0.018931744700523723,0.02350546850292049,1.0,1.0,1.0,0.00585,"2308.TW,2357.TW,3017.TW",2019,8765,3
2019-01-23,0.03053361507510602,0.026500085641021354,0.018931744700523723,0.02350546850292049,0.6690632899970302,0.6690632899970302,0.6690632899970302,0.003914020246482627,"2308.TW,2357.TW,3017.TW,3037.TW,3008.TW,2454.TW,2615.TW,2885.TW,6669.TW,2327.TW,2002.TW,3231.TW,3034.TW,1303.TW,1102.TW",2019,8765,15
2019-01-23,0.027606304416430895,0.02428975756273788,0.018931744700523723,0.02350546850292049,0.5517006694731394,0.5517006694731393,0.5517006694731394,0.0032274489164178656,"2308.TW,2357.TW,3017.TW,3037.TW,3008.TW,2454.TW,2615.TW,2885.TW,6669.TW,2327.TW,2002.TW,3231.TW,3034.TW,1303.TW,1102.TW,5871.TW,2395.TW,2884.TW,2207.TW,5876.TW",2019,8765,20
2019-01-23,0.037126830584036076,0.03226226294954748,0.018931744700523723,0.02350546850292049,0.8017823842443959,0.8017823842443956,0.8017823842443957,0.004690426947829715,"2308.TW,2357.TW,3017.TW,3037.TW,3008.TW",2019,8765,5
2019-01-23,0.025473438252522018,0.02006628041611025,0.018931744700523723,0.02350546850292049,0.9013402496624292,0.9013402496624292,0.9013402496624292,0.005272840460525211,"2308.TW,2357.TW,3017.TW,3037.TW,3008.TW,2454.TW,2615.TW,2885.TW,6669.TW,2327.TW",2019,8765,10
2019-01-30,0.010714425989977445,0.00753477282764714,0.0019907666098819554,0.009989583678759623,0.5377685735185042,0.537768573518504,0.537768573518504,0.003145946155083249,"2454.TW,3017.TW,2886.TW,2002.TW,5880.TW,2880.TW,2615.TW,2884.TW,2382.TW,2883.TW,1303.TW,3008.TW,2892.TW,2885.TW,2609.TW",2019,8765,15
2019-01-30,0.03155687355660844,0.026683704938886388,0.0019907666098819554,0.009989583678759623,0.8075369355657365,0.8075369355657365,0.8075369355657365,0.004724091073059558,"2454.TW,3017.TW,2886.TW,2002.TW,5880.TW",2019,8765,5
2019-01-30,0.01674640294008636,0.012553988261024385,0.0019907666098819554,0.009989583678759623,0.7048484064645857,0.7048484064645857,0.7048484064645857,0.004123363177817826,"2454.TW,3017.TW,2886.TW,2002.TW,5880.TW,2880.TW,2615.TW,2884.TW,2382.TW,2883.TW",2019,8765,10
2019-01-30,0.005828306530758698,0.002573902236135517,0.0019907666098819554,0.009989583678759623,0.5530848782235015,0.5530848782235014,0.5530848782235014,0.0032355465376074834,"2454.TW,3017.TW,2886.TW,2002.TW,5880.TW,2880.TW,2615.TW,2884.TW,2382.TW,2883.TW,1303.TW,3008.TW,2892.TW,2885.TW,2609.TW,2912.TW,2207.TW,2412.TW,2603.TW,4904.TW",2019,8765,20
2019-01-30,0.055862760638731704,0.05168686179978854,0.0019907666098819554,0.009989583678759623,0.6760621625920145,0.6760621625920147,0.6760621625920146,0.003954963651163285,"2454.TW,3017.TW,2886.TW",2019,8765,3
2019-02-15,0.02826403744023702,0.024590461114457174,0.024503168744120174,0.01784284979921763,0.6107008922084104,0.6107008922084103,0.6107008922084103,0.0035726002194192003,"2345.TW,9910.TW,2454.TW,5880.TW,2880.TW",2019,8765,5
2019-02-15,0.01918186051754438,0.016151460780966742,0.024503168744120174,0.01784284979921763,0.5082675320816662,0.5082675320816662,0.5082675320816662,0.0029733650626777475,"2345.TW,9910.TW,2454.TW,5880.TW,2880.TW,2892.TW,2357.TW,3231.TW,2884.TW,2002.TW",2019,8765,10
2019-02-15,0.02209002368680705,0.01886940677225879,0.024503168744120174,0.01784284979921763,0.538634360131861,0.5386343601318613,0.5386343601318611,0.0031510110067713877,"2345.TW,9910.TW,2454.TW,5880.TW,2880.TW,2892.TW,2357.TW,3231.TW,2884.TW,2002.TW,5876.TW,2887.TW,2603.TW,2886.TW,1101.TW",2019,8765,15
2019-02-15,0.01968018292885841,0.01667622477135544,0.024503168744120174,0.01784284979921763,0.5035864475327294,0.5035864475327294,0.5035864475327294,0.0029459807180664674,"2345.TW,9910.TW,2454.TW,5880.TW,2880.TW,2892.TW,2357.TW,3231.TW,2884.TW,2002.TW,5876.TW,2887.TW,2603.TW,2886.TW,1101.TW,2885.TW,2615.TW,1301.TW,2379.TW,2317.TW",2019,8765,20
2019-02-15,0.037186915112138674,0.033050053018874426,0.024503168744120174,0.01784284979921763,0.6818018074418652,0.6818018074418654,0.6818018074418652,0.003988540573534912,"2345.TW,9910.TW,2454.TW",2019,8765,3
2019-02-22,0.001133700781769663,-0.0018170798996899329,-0.006464050927713183,0.0010223369477201816,0.5038357551061854,0.5038357551061854,0.5038357551061854,0.0029474391673711847,"6669.TW,2327.TW,2609.TW,2357.TW,2886.TW,2880.TW,3017.TW,2382.TW,2883.TW,5880.TW,2002.TW,2887.TW,2892.TW,2884.TW,1303.TW,2615.TW,2317.TW,2308.TW,4904.TW,2395.TW",2019,8765,20
2019-02-22,-0.006503768322961091,-0.01231572127827174,-0.006464050927713183,0.0010223369477201816,1.0,0.9999999999999999,1.0,0.005849999999999999,"6669.TW,2327.TW,2609.TW,2357.TW,2886.TW",2019,8765,5
2019-02-22,0.003186799178709743,0.00041593923270322186,-0.006464050927713183,0.0010223369477201816,0.4721466363088067,0.4721466363088067,0.4721466363088067,0.0027620578224065192,"6669.TW,2327.TW,2609.TW,2357.TW,2886.TW,2880.TW,3017.TW,2382.TW,2883.TW,5880.TW,2002.TW,2887.TW,2892.TW,2884.TW,1303.TW",2019,8765,15
2019-02-22,0.005273112097606479,0.0011456146470820716,-0.006464050927713183,0.0010223369477201816,0.7018541640644739,0.7018541640644739,0.7018541640644739,0.004105846859777173,"6669.TW,2327.TW,2609.TW,2357.TW,2886.TW,2880.TW,3017.TW,2382.TW,2883.TW,5880.TW",2019,8765,10
2019-02-22,-0.0032635900205616837,-0.009094498018941355,-0.006464050927713183,0.0010223369477201816,1.0,1.0,1.0,0.00585,"6669.TW,2327.TW,2609.TW",2019,8765,3
2019-03-05,-0.008496276541539772,-0.013251508091763786,0.0026026707295023765,0.00011450507481585825,0.8198255587180716,0.8198255587180715,0.8198255587180716,0.004795979518500719,"2345.TW,2454.TW,5876.TW,2327.TW,2892.TW",2019,8765,5
2019-03-05,-0.0021843037607210346,-0.00514449864744182,0.0026026707295023765,0.00011450507481585825,0.5071239326655508,0.5071239326655509,0.5071239326655508,0.0029666750060934723,"2345.TW,2454.TW,5876.TW,2327.TW,2892.TW,2886.TW,2609.TW,2002.TW,5880.TW,3034.TW,2330.TW,1216.TW,2891.TW,2880.TW,3231.TW,1101.TW,3711.TW,2884.TW,2357.TW,2887.TW",2019,8765,20
2019-03-05,-0.00923290695372192,-0.015028894448042673,0.0026026707295023765,0.00011450507481585825,1.0,1.0,1.0,0.00585,"2345.TW,2454.TW,5876.TW",2019,8765,3
2019-03-05,-0.0028743579402284794,-0.00603055661953289,0.0026026707295023765,0.00011450507481585825,0.5410763889763514,0.5410763889763512,0.5410763889763512,0.003165296875511655,"2345.TW,2454.TW,5876.TW,2327.TW,2892.TW,2886.TW,2609.TW,2002.TW,5880.TW,3034.TW,2330.TW,1216.TW,2891.TW,2880.TW,3231.TW",2019,8765,15
2019-03-05,-0.002543951377330478,-0.0061099335599645865,0.0026026707295023765,0.00011450507481585825,0.6111242743084324,0.6111242743084326,0.6111242743084325,0.003575077004704331,"2345.TW,2454.TW,5876.TW,2327.TW,2892.TW,2886.TW,2609.TW,2002.TW,5880.TW,3034.TW",2019,8765,10
2019-03-12,0.016232832196669447,0.011460676118710822,0.016871895776870982,0.021667994346419382,0.8027227126249106,0.8027227126249106,0.8027227126249106,0.004695927868855727,"2327.TW,5871.TW,2887.TW,2408.TW,2880.TW",2019,8765,5
2019-03-12,0.015054566474819588,0.012653208903854463,0.016871895776870982,0.021667994346419382,0.4044004009507001,0.4044004009507,0.40440040095070007,0.0023657423455615955,"2327.TW,5871.TW,2887.TW,2408.TW,2880.TW,5880.TW,2892.TW,2609.TW,2886.TW,5876.TW",2019,8765,10
2019-03-12,0.025816045450179532,0.019815021584295822,0.016871895776870982,0.021667994346419382,1.0,0.9999999999999999,1.0,0.005849999999999999,"2327.TW,5871.TW,2887.TW",2019,8765,3
2019-03-12,0.010817158165306942,0.008039888075265011,0.016871895776870982,0.021667994346419382,0.4696665664050203,0.4696665664050203,0.4696665664050203,0.002747549413469369,"2327.TW,5871.TW,2887.TW,2408.TW,2880.TW,5880.TW,2892.TW,2609.TW,2886.TW,5876.TW,2885.TW,3045.TW,1303.TW,2883.TW,2891.TW",2019,8765,15
2019-03-12,0.012176641309441533,0.0097894262362348,0.016871895776870982,0.021667994346419382,0.40316179610408026,0.4031617961040802,0.4031617961040802,0.0023584965072088694,"2327.TW,5871.TW,2887.TW,2408.TW,2880.TW,5880.TW,2892.TW,2609.TW,2886.TW,5876.TW,2885.TW,3045.TW,1303.TW,2883.TW,2891.TW,2884.TW,2618.TW,3231.TW,1216.TW,4904.TW",2019,8765,20
2019-03-19,0.008744466256505368,0.006066817924814671,0.0012763047360380142,0.007750563069552447,0.45374986316947125,0.45374986316947136,0.4537498631694713,0.002654436699541407,"2892.TW,2883.TW,5880.TW,1101.TW,1303.TW,2412.TW,2887.TW,3045.TW,1326.TW,2891.TW,2408.TW,2327.TW,2880.TW,2886.TW,2615.TW,2382.TW,1301.TW,2345.TW,2303.TW,1102.TW",2019,8765,20
2019-03-19,0.017620789101785904,0.011667707485540468,0.0012763047360380142,0.007750563069552447,1.0,1.0,1.0,0.00585,"2892.TW,2883.TW,5880.TW,1101.TW,1303.TW",2019,8765,5
2019-03-19,0.005211708112171241,0.00361730048435005,0.0012763047360380142,0.007750563069552447,0.27113523474565726,0.27113523474565704,0.27113523474565715,0.001586141123262094,"2892.TW,2883.TW,5880.TW,1101.TW,1303.TW,2412.TW,2887.TW,3045.TW,1326.TW,2891.TW,2408.TW,2327.TW,2880.TW,2886.TW,2615.TW",2019,8765,15
2019-03-19,0.0009167348164395754,-0.004938628082236551,0.0012763047360380142,0.007750563069552447,1.0,1.0,1.0,0.00585,"2892.TW,2883.TW,5880.TW",2019,8765,3
2019-03-19,0.008747056265425279,0.004606223743761406,0.0012763047360380142,0.007750563069552447,0.7016968373700829,0.7016968373700829,0.7016968373700829,0.004104926498614985,"2892.TW,2883.TW,5880.TW,1101.TW,1303.TW,2412.TW,2887.TW,3045.TW,1326.TW,2891.TW",2019,8765,10
2019-03-26,0.013209507746722183,0.011106974737277842,0.02485677777716422,0.02086902087254979,0.3547216536104581,0.35472165361045793,0.35472165361045804,0.0020751216736211793,"2880.TW,2892.TW,5880.TW,1326.TW,1303.TW,2882.TW,2883.TW,3045.TW,2881.TW,2887.TW,2884.TW,2891.TW,4904.TW,2408.TW,2885.TW,2886.TW,2317.TW,2357.TW,2382.TW,2412.TW",2019,8765,20
2019-03-26,0.0038867868269427453,0.0021011048686108147,0.02485677777716422,0.02086902087254979,0.30406295132825345,0.3040629513282533,0.30406295132825334,0.0017787682652702819,"2880.TW,2892.TW,5880.TW,1326.TW,1303.TW,2882.TW,2883.TW,3045.TW,2881.TW,2887.TW",2019,8765,10
2019-03-26,0.005185353475343657,0.0028069996293986765,0.02485677777716422,0.02086902087254979,0.40445895035817064,0.4044589503581705,0.4044589503581706,0.002366084859595298,"2880.TW,2892.TW,5880.TW,1326.TW,1303.TW",2019,8765,5
2019-03-26,0.004317697752226805,0.002338523979288798,0.02485677777716422,0.02086902087254979,0.3368658182799354,0.33686581827993545,0.33686581827993545,0.001970665036937622,"2880.TW,2892.TW,5880.TW,1326.TW,1303.TW,2882.TW,2883.TW,3045.TW,2881.TW,2887.TW,2884.TW,2891.TW,4904.TW,2408.TW,2885.TW",2019,8765,15
2019-03-26,0.0017271553541387723,-0.00022621259880184486,0.02485677777716422,0.02086902087254979,0.3333333333333333,0.3333333333333333,0.3333333333333333,0.00195,"2880.TW,2892.TW,5880.TW",2019,8765,3
2019-04-02,0.003302018224887216,-0.0019811325184579953,0.00932841308814325,0.011013703628135283,0.900130444039132,0.9001304440391321,0.900130444039132,0.005265763097628923,"3017.TW,6669.TW,2308.TW,2412.TW,5880.TW,2382.TW,2615.TW,2886.TW,1101.TW,1216.TW",2019,8765,10
2019-04-02,0.0015971570991650586,-0.0030933581535710353,0.00932841308814325,0.011013703628135283,0.8005189246167255,0.8005189246167255,0.8005189246167255,0.004683035709007844,"3017.TW,6669.TW,2308.TW,2412.TW,5880.TW",2019,8765,5
2019-04-02,0.008064272325257044,0.0021670963321542835,0.00932841308814325,0.011013703628135283,1.0,1.0,1.0,0.00585,"3017.TW,6669.TW,2308.TW",2019,8765,3
2019-04-02,0.0051710031511753565,0.0008557860378570759,0.00932841308814325,0.011013703628135283,0.7338492143944528,0.7338492143944528,0.7338492143944528,0.004293017904207549,"3017.TW,6669.TW,2308.TW,2412.TW,5880.TW,2382.TW,2615.TW,2886.TW,1101.TW,1216.TW,2002.TW,1303.TW,2880.TW,2892.TW,3231.TW",2019,8765,15
2019-04-02,0.0066544277698425075,0.003395388379642039,0.00932841308814325,0.011013703628135283,0.5534180698890317,0.5534180698890316,0.5534180698890316,0.003237495708850835,"3017.TW,6669.TW,2308.TW,2412.TW,5880.TW,2382.TW,2615.TW,2886.TW,1101.TW,1216.TW,2002.TW,1303.TW,2880.TW,2892.TW,3231.TW,1301.TW,5876.TW,2885.TW,2887.TW,2330.TW",2019,8765,20
2019-04-11,0.013994311656310975,0.00917035712397718,0.025877759190972904,0.010128905231754049,0.8132270594475051,0.8132270594475051,0.8132270594475051,0.0047573782977679046,"6669.TW,2317.TW,2880.TW,2892.TW,2884.TW",2019,8765,5
2019-04-11,0.017082144947170627,0.014255330461628857,0.025877759190972904,0.010128905231754049,0.47510041718383894,0.475100417183839,0.475100417183839,0.002779337440525458,"6669.TW,2317.TW,2880.TW,2892.TW,2884.TW,5880.TW,3037.TW,1303.TW,2887.TW,2412.TW,2382.TW,2330.TW,1101.TW,3045.TW,2357.TW",2019,8765,15
2019-04-11,0.011810384029298357,0.007613477500764576,0.025877759190972904,0.010128905231754049,0.7090458160258691,0.709045816025869,0.709045816025869,0.004147918023751335,"6669.TW,2317.TW,2880.TW,2892.TW,2884.TW,5880.TW,3037.TW,1303.TW,2887.TW,2412.TW",2019,8765,10
2019-04-11,0.021146715823246155,0.017020622952259812,0.025877759190972904,0.010128905231754049,0.6907087980132431,0.6907087980132431,0.6907087980132431,0.004040646468377472,"6669.TW,2317.TW,2880.TW",2019,8765,3
2019-04-11,0.011962912677077966,0.009851347099924856,0.025877759190972904,0.010128905231754049,0.3566843964222446,0.35668439642224464,0.3566843964222446,0.002086603719070131,"6669.TW,2317.TW,2880.TW,2892.TW,2884.TW,5880.TW,3037.TW,1303.TW,2887.TW,2412.TW,2382.TW,2330.TW,1101.TW,3045.TW,2357.TW,2308.TW,3231.TW,2886.TW,2303.TW,4904.TW",2019,8765,20
2019-04-18,0.010725129892878105,0.004812387883004643,-0.0054052958978864085,0.0009812374238763089,1.0,1.0,1.0,0.00585,"3008.TW,2886.TW,3045.TW",2019,8765,3
2019-04-18,-0.004713608466705912,-0.008233325737760366,-0.0054052958978864085,0.0009812374238763089,0.6045104977756597,0.6045104977756597,0.6045104977756597,0.0035363864119876093,"3008.TW,2886.TW,3045.TW,4904.TW,3017.TW,2892.TW,2884.TW,2880.TW,5876.TW,2887.TW,2885.TW,2881.TW,2317.TW,2883.TW,1301.TW",2019,8765,15
2019-04-18,-0.0017786925043493777,-0.005307969887971886,-0.0054052958978864085,0.0009812374238763089,0.6043702681174593,0.6043702681174592,0.6043702681174592,0.0035355660684871365,"3008.TW,2886.TW,3045.TW,4904.TW,3017.TW,2892.TW,2884.TW,2880.TW,5876.TW,2887.TW",2019,8765,10
2019-04-18,-0.005987710297290462,-0.011802682192051384,-0.0054052958978864085,0.0009812374238763089,1.0,1.0,1.0,0.00585,"3008.TW,2886.TW,3045.TW,4904.TW,3017.TW",2019,8765,5
2019-04-18,-0.0014221789238338222,-0.004652729329157723,-0.0054052958978864085,0.0009812374238763089,0.5530173281054759,0.553017328105476,0.553017328105476,0.003235151369417034,"3008.TW,2886.TW,3045.TW,4904.TW,3017.TW,2892.TW,2884.TW,2880.TW,5876.TW,2887.TW,2885.TW,2881.TW,2317.TW,2883.TW,1301.TW,2615.TW,2412.TW,1326.TW,2395.TW,2891.TW",2019,8765,20
2019-04-25,0.016577590487485614,0.014188610558625525,-0.0024155062594409804,0.00677869620457491,0.4017132004809807,0.4017132004809807,0.4017132004809807,0.0023500222228137373,"2330.TW,4904.TW,5876.TW,3045.TW,2884.TW,2887.TW,2880.TW,2892.TW,5880.TW,2885.TW,2454.TW,2881.TW,2412.TW,2615.TW,2002.TW,1102.TW,2886.TW,1216.TW,2408.TW,1303.TW",2019,8765,20
2019-04-25,0.013626415943808746,0.011830074132318957,-0.0024155062594409804,0.00677869620457491,0.3029390034563314,0.3029390034563313,0.30293900345633135,0.0017721931702195384,"2330.TW,4904.TW,5876.TW,3045.TW,2884.TW,2887.TW,2880.TW,2892.TW,5880.TW,2885.TW",2019,8765,10
2019-04-25,0.016679913278490655,0.013111366782883271,-0.0024155062594409804,0.00677869620457491,0.6000000000000001,0.5999999999999999,0.6,0.0035099999999999997,"2330.TW,4904.TW,5876.TW,3045.TW,2884.TW",2019,8765,5
2019-04-25,0.013088496671796235,0.007161928966266329,-0.0024155062594409804,0.00677869620457491,1.0,1.0,1.0,0.00585,"2330.TW,4904.TW,5876.TW",2019,8765,3
2019-04-25,0.0157743565896781,0.013387756195517575,-0.0024155062594409804,0.00677869620457491,0.401630417914263,0.4016304179142631,0.40163041791426307,0.002349537944798439,"2330.TW,4904.TW,5876.TW,3045.TW,2884.TW,2887.TW,2880.TW,2892.TW,5880.TW,2885.TW,2454.TW,2881.TW,2412.TW,2615.TW,2002.TW",2019,8765,15
2019-05-03,-0.019061582871563124,-0.02137879197178394,-0.01815972430486812,-0.015008992919854088,0.4038012099224366,0.40380120992243645,0.4038012099224365,0.0023622370780462536,"1590.TW,5880.TW,3008.TW,4904.TW,3045.TW,2615.TW,2308.TW,2382.TW,2892.TW,2412.TW,1301.TW,2885.TW,2880.TW,1326.TW,2881.TW,1303.TW,2887.TW,2886.TW,2395.TW,2357.TW",2019,8765,20
2019-05-03,-0.02035514646248783,-0.02266685683089975,-0.01815972430486812,-0.015008992919854088,0.40337492113958284,0.403374921139583,0.40337492113958295,0.0023597432886665604,"1590.TW,5880.TW,3008.TW,4904.TW,3045.TW,2615.TW,2308.TW,2382.TW,2892.TW,2412.TW,1301.TW,2885.TW,2880.TW,1326.TW,2881.TW",2019,8765,15
2019-05-03,-0.022704175303669718,-0.026147020204148497,-0.01815972430486812,-0.015008992919854088,0.6021927863973124,0.6021927863973122,0.6021927863973123,0.0035228278004242773,"1590.TW,5880.TW,3008.TW,4904.TW,3045.TW,2615.TW,2308.TW,2382.TW,2892.TW,2412.TW",2019,8765,10
2019-05-03,-0.030505453754791214,-0.03392478849399916,-0.01815972430486812,-0.015008992919854088,0.6028931953104867,0.6028931953104867,0.6028931953104867,0.0035269251925663467,"1590.TW,5880.TW,3008.TW,4904.TW,3045.TW",2019,8765,5
2019-05-03,-0.0521651085324533,-0.05770994264753848,-0.01815972430486812,-0.015008992919854088,1.0,1.0,1.0,0.00585,"1590.TW,5880.TW,3008.TW",2019,8765,3
2019-05-10,-0.010914128885686434,-0.016700281231705194,-0.03205913691520357,-0.02862786283428411,1.0,1.0,1.0,0.00585,"2303.TW,2886.TW,2345.TW",2019,8765,3
2019-05-10,-0.015301057697751402,-0.01952541616022807,-0.03205913691520357,-0.02862786283428411,0.7333333333333333,0.7333333333333333,0.7333333333333333,0.00429,"2303.TW,2886.TW,2345.TW,2891.TW,2379.TW,2880.TW,2884.TW,2912.TW,5880.TW,4904.TW,1101.TW,2892.TW,2454.TW,1102.TW,3034.TW",2019,8765,15
2019-05-10,-0.021807067694970386,-0.02752949634895485,-0.03205913691520357,-0.02862786283428411,1.0,1.0,1.0,0.00585,"2303.TW,2886.TW,2345.TW,2891.TW,2379.TW",2019,8765,5
2019-05-10,-0.013316608668462994,-0.017934286939894517,-0.03205913691520357,-0.02862786283428411,0.7999999999999999,0.8,0.8,0.00468,"2303.TW,2886.TW,2345.TW,2891.TW,2379.TW,2880.TW,2884.TW,2912.TW,5880.TW,4904.TW",2019,8765,10
2019-05-10,-0.01742694232267267,-0.02145057899386138,-0.03205913691520357,-0.02862786283428411,0.7000000000000001,0.6999999999999998,0.7,0.004095,"2303.TW,2886.TW,2345.TW,2891.TW,2379.TW,2880.TW,2884.TW,2912.TW,5880.TW,4904.TW,1101.TW,2892.TW,2454.TW,1102.TW,3034.TW,2330.TW,3231.TW,3045.TW,3711.TW,5876.TW",2019,8765,20
2019-05-17,0.0632753842325402,0.05705522323477985,-0.012738972547207461,-0.00138547344748283,1.0,1.0,1.0,0.00585,"5876.TW,3045.TW,2884.TW",2019,8765,3
2019-05-17,0.029074604352632653,0.023054517917169726,-0.012738972547207461,-0.00138547344748283,1.0,1.0,1.0,0.00585,"5876.TW,3045.TW,2884.TW,9910.TW,2880.TW",2019,8765,5
2019-05-17,0.0022137314580553437,-0.00016447686837406383,-0.012738972547207461,-0.00138547344748283,0.40563337448963344,0.4056333744896336,0.40563337448963355,0.0023729552407643563,"5876.TW,3045.TW,2884.TW,9910.TW,2880.TW,2615.TW,2886.TW,4904.TW,2395.TW,2912.TW,2303.TW,2412.TW,1101.TW,3017.TW,1102.TW,3008.TW,2207.TW,2454.TW,1590.TW,3034.TW",2019,8765,20
2019-05-17,0.02675439926444829,0.023751142646599943,-0.012738972547207461,-0.00138547344748283,0.5,0.5000000000000001,0.5,0.0029250000000000005,"5876.TW,3045.TW,2884.TW,9910.TW,2880.TW,2615.TW,2886.TW,4904.TW,2395.TW,2912.TW",2019,8765,10
2019-05-17,0.011245412765518062,0.008484712788668247,-0.012738972547207461,-0.00138547344748283,0.4666666666666666,0.4666666666666667,0.4666666666666667,0.00273,"5876.TW,3045.TW,2884.TW,9910.TW,2880.TW,2615.TW,2886.TW,4904.TW,2395.TW,2912.TW,2303.TW,2412.TW,1101.TW,3017.TW,1102.TW",2019,8765,15
2019-05-24,0.015077081601179609,0.01149569189918287,0.009032261893369364,0.008362594503738045,0.6031102257741907,0.6031102257741905,0.6031102257741906,0.0035281948207790148,"1102.TW,3045.TW,1216.TW,2412.TW,2880.TW,2892.TW,2884.TW,1101.TW,2886.TW,3017.TW",2019,8765,10
2019-05-24,0.013826102960122964,0.010248657967349972,0.009032261893369364,0.008362594503738045,0.6031893012107,0.6031893012106998,0.6031893012106999,0.0035286574120825943,"1102.TW,3045.TW,1216.TW,2412.TW,2880.TW",2019,8765,5
2019-05-24,0.015381544417883478,0.013344898843677733,0.009032261893369364,0.008362594503738045,0.3428706622778585,0.3428706622778587,0.34287066227785856,0.002005793374325473,"1102.TW,3045.TW,1216.TW,2412.TW,2880.TW,2892.TW,2884.TW,1101.TW,2886.TW,3017.TW,1303.TW,4904.TW,2615.TW,2887.TW,1301.TW",2019,8765,15
2019-05-24,0.015690567380214942,0.0116520030797429,0.009032261893369364,0.008362594503738045,0.6796881787099802,0.6796881787099802,0.6796881787099802,0.003976175845453385,"1102.TW,3045.TW,1216.TW",2019,8765,3
2019-05-24,0.0135764403627474,0.011161389319371606,0.009032261893369364,0.008362594503738045,0.40729955999781203,0.40729955999781176,0.40729955999781187,0.002382702425987199,"1102.TW,3045.TW,1216.TW,2412.TW,2880.TW,2892.TW,2884.TW,1101.TW,2886.TW,3017.TW,1303.TW,4904.TW,2615.TW,2887.TW,1301.TW,5880.TW,2891.TW,3008.TW,2207.TW,2618.TW",2019,8765,20
2019-05-31,0.019482866312471828,0.016474631371631743,0.012787718543652238,0.017044120129964882,0.5044010174250377,0.5044010174250376,0.5044010174250377,0.0029507459519364705,"2412.TW,3045.TW,2892.TW,2887.TW,4904.TW,1101.TW,5880.TW,2891.TW,2880.TW,2912.TW",2019,8765,10
2019-05-31,0.01550023031003902,0.011908404922728932,0.012787718543652238,0.017044120129964882,0.6046155651846439,0.6046155651846439,0.6046155651846439,0.0035370010563301668,"2412.TW,3045.TW,2892.TW,2887.TW,4904.TW",2019,8765,5
2019-05-31,0.014699823041446793,0.013090990635110211,0.012787718543652238,0.017044120129964882,0.2710299936082918,0.2710299936082917,0.2710299936082917,0.0015855254626085066,"2412.TW,3045.TW,2892.TW,2887.TW,4904.TW,1101.TW,5880.TW,2891.TW,2880.TW,2912.TW,2885.TW,1216.TW,2886.TW,1301.TW,2615.TW",2019,8765,15
2019-05-31,0.012286645040662153,0.011372055907871825,0.012787718543652238,0.017044120129964882,0.15444244322016543,0.15444244322016545,0.15444244322016543,0.0009034882928379679,"2412.TW,3045.TW,2892.TW,2887.TW,4904.TW,1101.TW,5880.TW,2891.TW,2880.TW,2912.TW,2885.TW,1216.TW,2886.TW,1301.TW,2615.TW,2207.TW,1303.TW,2618.TW,5876.TW,2884.TW",2019,8765,20
2019-05-31,0.01615541462158765,0.012170099565135706,0.012787718543652238,0.017044120129964882,0.670419531498579,0.6704195314985789,0.670419531498579,0.003921954259266687,"2412.TW,3045.TW,2892.TW",2019,8765,3
2019-06-10,-0.007975907874972554,-0.00915235538635173,-0.005050462771551634,-0.0022995732700848183,0.20271900682019128,0.20271900682019123,0.20271900682019126,0.0011859061898981187,"2887.TW,2327.TW,2892.TW,1303.TW,5880.TW,2884.TW,1590.TW,3045.TW,4904.TW,2885.TW,5876.TW,1102.TW,2891.TW,2412.TW,1101.TW,2880.TW,1301.TW,2382.TW,1216.TW,2912.TW",2019,8765,20
2019-06-10,-0.007454438913882888,-0.010369114941130908,-0.005050462771551634,-0.0022995732700848183,0.5019771765316204,0.5019771765316203,0.5019771765316203,0.002936566482709979,"2887.TW,2327.TW,2892.TW,1303.TW,5880.TW,2884.TW,1590.TW,3045.TW,4904.TW,2885.TW",2019,8765,10
2019-06-10,-0.006943331694160274,-0.009270521418546007,-0.005050462771551634,-0.0022995732700848183,0.40059164999653496,0.40059164999653496,0.40059164999653496,0.0023434611524797296,"2887.TW,2327.TW,2892.TW,1303.TW,5880.TW,2884.TW,1590.TW,3045.TW,4904.TW,2885.TW,5876.TW,1102.TW,2891.TW,2412.TW,1101.TW",2019,8765,15
2019-06-10,0.005858468014816337,0.0019356199895586013,-0.005050462771551634,-0.0022995732700848183,0.6666666666666666,0.6666666666666666,0.6666666666666666,0.0039,"2887.TW,2327.TW,2892.TW",2019,8765,3
2019-06-10,0.0022249631179415814,-0.0012928465026024183,-0.005050462771551634,-0.0022995732700848183,0.6000000000000001,0.6000000000000001,0.6000000000000001,0.003510000000000001,"2887.TW,2327.TW,2892.TW,1303.TW,5880.TW",2019,8765,5
2019-06-17,0.03595714715508129,0.031099978658845062,0.029822198309273906,0.02450471069875875,0.8014667549829999,0.8014667549829999,0.8014667549829999,0.00468858051665055,"3008.TW,3034.TW,1590.TW,3017.TW,2454.TW,2886.TW,5876.TW,2327.TW,2379.TW,2412.TW",2019,8765,10
2019-06-17,0.03054091290171838,0.026489843568863414,0.029822198309273906,0.02450471069875875,0.6719679690337148,0.6719679690337149,0.6719679690337148,0.003931012618847232,"3008.TW,3034.TW,1590.TW,3017.TW,2454.TW,2886.TW,5876.TW,2327.TW,2379.TW,2412.TW,2880.TW,2382.TW,3045.TW,1216.TW,1301.TW",2019,8765,15
2019-06-17,0.04508063271139905,0.038966911010037464,0.029822198309273906,0.02450471069875875,1.0,1.0000000000000002,1.0,0.005850000000000001,"3008.TW,3034.TW,1590.TW",2019,8765,3
2019-06-17,0.050592710709537775,0.04444674335188714,0.029822198309273906,0.02450471069875875,1.0,1.0,1.0,0.00585,"3008.TW,3034.TW,1590.TW,3017.TW,2454.TW",2019,8765,5
2019-06-17,0.024161546903737695,0.02172902664130527,0.029822198309273906,0.02450471069875875,0.4060057036243424,0.40600570362434224,0.4060057036243423,0.0023751333662024024,"3008.TW,3034.TW,1590.TW,3017.TW,2454.TW,2886.TW,5876.TW,2327.TW,2379.TW,2412.TW,2880.TW,2382.TW,3045.TW,1216.TW,1301.TW,4904.TW,1303.TW,1326.TW,2303.TW,2891.TW",2019,8765,20
2019-06-24,0.038874473792674544,0.03401254125532471,0.01848439718232653,0.020333603606262053,0.8,0.8,0.8,0.00468,"1590.TW,2308.TW,2615.TW,2886.TW,2382.TW",2019,8765,5
2019-06-24,0.0631511903653752,0.05900490072295028,0.01848439718232653,0.020333603606262053,0.6666666666666666,0.6666666666666667,0.6666666666666667,0.0039000000000000003,"1590.TW,2308.TW,2615.TW",2019,8765,3
2019-06-24,0.021325008464205777,0.01732393195510129,0.01848439718232653,0.020333603606262053,0.6696641096055108,0.6696641096055108,0.6696641096055108,0.003917535041192239,"1590.TW,2308.TW,2615.TW,2886.TW,2382.TW,3034.TW,4904.TW,5871.TW,1303.TW,1326.TW,2408.TW,5880.TW,2412.TW,2891.TW,2887.TW",2019,8765,15
2019-06-24,0.01751593096711497,0.014802382725849661,0.01848439718232653,0.020333603606262053,0.45586942287518323,0.45586942287518323,0.45586942287518323,0.002666836123819822,"1590.TW,2308.TW,2615.TW,2886.TW,2382.TW,3034.TW,4904.TW,5871.TW,1303.TW,1326.TW,2408.TW,5880.TW,2412.TW,2891.TW,2887.TW,1216.TW,1101.TW,3045.TW,2330.TW,2618.TW",2019,8765,20
2019-06-24,0.0272575285752631,0.02303382964607148,0.01848439718232653,0.020333603606262053,0.7028420789061477,0.7028420789061476,0.7028420789061476,0.004111626161600964,"1590.TW,2308.TW,2615.TW,2886.TW,2382.TW,3034.TW,4904.TW,5871.TW,1303.TW,1326.TW",2019,8765,10
2019-07-01,-0.003004411143982349,-0.008836835338789983,-0.010889250179416665,-0.004655597984158944,1.0,1.0,1.0,0.00585,"1301.TW,1303.TW,5876.TW",2019,8765,3
2019-07-01,0.00653683026644971,0.003724452746646678,-0.010889250179416665,-0.004655597984158944,0.4776261330210235,0.4776261330210235,0.4776261330210235,0.0027941128781729875,"1301.TW,1303.TW,5876.TW,2881.TW,2615.TW,2884.TW,2887.TW,2880.TW,2886.TW,2912.TW,2412.TW,2891.TW,5880.TW,4904.TW,2327.TW",2019,8765,15
2019-07-01,0.005937169799160346,0.0011977923004256041,-0.010889250179416665,-0.004655597984158944,0.8053683908960987,0.8053683908960987,0.8053683908960987,0.004711405086742178,"1301.TW,1303.TW,5876.TW,2881.TW,2615.TW",2019,8765,5
2019-07-01,0.0048018557121703685,0.0018109948503992612,-0.010889250179416665,-0.004655597984158944,0.5088150107038403,0.5088150107038404,0.5088150107038403,0.0029765678126174666,"1301.TW,1303.TW,5876.TW,2881.TW,2615.TW,2884.TW,2887.TW,2880.TW,2886.TW,2912.TW,2412.TW,2891.TW,5880.TW,4904.TW,2327.TW,3045.TW,1216.TW,2885.TW,3231.TW,2892.TW",2019,8765,20
2019-07-01,0.008814676581980464,0.004640232081191575,-0.010889250179416665,-0.004655597984158944,0.7073452370487378,0.7073452370487379,0.7073452370487379,0.004137969636735116,"1301.TW,1303.TW,5876.TW,2881.TW,2615.TW,2884.TW,2887.TW,2880.TW,2886.TW,2912.TW",2019,8765,10
2019-07-08,0.03817218856547577,0.03209888126236771,0.01773673750112792,0.011036691432901395,1.0,1.0,1.0,0.00585,"2603.TW,3034.TW,2327.TW",2019,8765,3
2019-07-08,0.01064776176885022,0.005514258110757009,0.01773673750112792,0.011036691432901395,0.8682767884436896,0.8682767884436899,0.8682767884436897,0.0050794192123955854,"2603.TW,3034.TW,2327.TW,2379.TW,2330.TW,9910.TW,5871.TW,2303.TW,3045.TW,3037.TW,1101.TW,3017.TW,2308.TW,2882.TW,2881.TW",2019,8765,15
2019-07-08,0.01693725739836697,0.010988174442586596,0.01773673750112792,0.011036691432901395,0.9999999999999999,1.0,1.0,0.00585,"2603.TW,3034.TW,2327.TW,2379.TW,2330.TW,9910.TW,5871.TW,2303.TW,3045.TW,3037.TW",2019,8765,10
2019-07-08,0.010813357217568504,0.0066639164439954435,0.01773673750112792,0.011036691432901395,0.7017181857323425,0.7017181857323422,0.7017181857323423,0.004105051386534202,"2603.TW,3034.TW,2327.TW,2379.TW,2330.TW,9910.TW,5871.TW,2303.TW,3045.TW,3037.TW,1101.TW,3017.TW,2308.TW,2882.TW,2881.TW,1216.TW,2207.TW,2891.TW,6669.TW,2892.TW",2019,8765,20
2019-07-08,0.03237413279608048,0.02633474411922343,0.01773673750112792,0.011036691432901395,1.0,1.0,1.0,0.00585,"2603.TW,3034.TW,2327.TW,2379.TW,2330.TW",2019,8765,5
2019-07-15,0.007791786369134654,0.0018962044188750582,0.013385570053038087,0.0078039950263698275,1.0,1.0,1.0,0.00585,"1102.TW,2891.TW,2887.TW",2019,8765,3
2019-07-15,0.003322452188862318,-0.0002538040497011007,0.013385570053038087,0.0078039950263698275,0.6093014777175904,0.6093014777175906,0.6093014777175905,0.0035644136446479047,"1102.TW,2891.TW,2887.TW,9910.TW,1101.TW,2892.TW,2886.TW,2880.TW,3231.TW,2395.TW,2881.TW,5880.TW,4904.TW,2207.TW,2454.TW,2882.TW,2885.TW,2412.TW,2883.TW,1216.TW",2019,8765,20
2019-07-15,0.02151337161495257,0.015537518391004923,0.013385570053038087,0.0078039950263698275,1.0,1.0,1.0,0.00585,"1102.TW,2891.TW,2887.TW,9910.TW,1101.TW",2019,8765,5
2019-07-15,0.014919585964432925,0.00953215916531902,0.013385570053038087,0.0078039950263698275,0.9073897781695257,0.9073897781695257,0.9073897781695257,0.005308230202291726,"1102.TW,2891.TW,2887.TW,9910.TW,1101.TW,2892.TW,2886.TW,2880.TW,3231.TW,2395.TW",2019,8765,10
2019-07-15,0.0068376521832936195,0.002069466382148555,0.013385570053038087,0.0078039950263698275,0.8095391487940307,0.8095391487940305,0.8095391487940307,0.004735804020445079,"1102.TW,2891.TW,2887.TW,9910.TW,1101.TW,2892.TW,2886.TW,2880.TW,3231.TW,2395.TW,2881.TW,5880.TW,4904.TW,2207.TW,2454.TW",2019,8765,15
2019-07-22,-0.008673749614784019,-0.011382477604649943,1.1462414084562056e-07,0.002721062032960335,0.46708177599268624,0.4670817759926862,0.4670817759926862,0.002732428389557214,"3231.TW,5880.TW,2886.TW,2880.TW,2892.TW,2002.TW,2308.TW,5871.TW,2609.TW,1102.TW,2303.TW,5876.TW,2887.TW,3711.TW,2395.TW",2019,8765,15
2019-07-22,-0.005111067658466583,-0.010931167912664574,1.1462414084562056e-07,0.002721062032960335,1.0,1.0,1.0,0.00585,"3231.TW,5880.TW,2886.TW",2019,8765,3
2019-07-22,0.0006382006587250849,-0.005215532815128432,1.1462414084562056e-07,0.002721062032960335,1.0,0.9999999999999999,1.0,0.005849999999999999,"3231.TW,5880.TW,2886.TW,2880.TW,2892.TW",2019,8765,5
2019-07-22,-0.005232443456212954,-0.008161152251613735,1.1462414084562056e-07,0.002721062032960335,0.5032672998094118,0.5032672998094117,0.5032672998094117,0.0029441137038850587,"3231.TW,5880.TW,2886.TW,2880.TW,2892.TW,2002.TW,2308.TW,5871.TW,2609.TW,1102.TW",2019,8765,10
2019-07-22,-0.005048172545801152,-0.00710147352657009,1.1462414084562056e-07,0.002721062032960335,0.35277247697745684,0.3527724769774568,0.35277247697745684,0.0020637189903181226,"3231.TW,5880.TW,2886.TW,2880.TW,2892.TW,2002.TW,2308.TW,5871.TW,2609.TW,1102.TW,2303.TW,5876.TW,2887.TW,3711.TW,2395.TW,1216.TW,1101.TW,2885.TW,2881.TW,2454.TW",2019,8765,20
2019-07-29,-0.09084804729484296,-0.0961665862181682,-0.059210548072917146,-0.06220977532637832,1.0,1.0,1.0,0.00585,"2382.TW,3034.TW,2884.TW",2019,8765,3
2019-07-29,-0.06401250185797532,-0.06648641089524032,-0.059210548072917146,-0.06220977532637832,0.451812053643828,0.4518120536438278,0.4518120536438279,0.002643100513816393,"2382.TW,3034.TW,2884.TW,2892.TW,2886.TW,3008.TW,5880.TW,2330.TW,2408.TW,2379.TW,2880.TW,2887.TW,2395.TW,3037.TW,2609.TW,2002.TW,2912.TW,3711.TW,2308.TW,2881.TW",2019,8765,20
2019-07-29,-0.06376966200509426,-0.06705583049145636,-0.059210548072917146,-0.06220977532637832,0.6000000000000001,0.6,0.6000000000000001,0.00351,"2382.TW,3034.TW,2884.TW,2892.TW,2886.TW",2019,8765,5
2019-07-29,-0.07454754825669625,-0.07744488992630016,-0.059210548072917146,-0.06220977532637832,0.5351675057332166,0.5351675057332166,0.5351675057332166,0.003130729908539317,"2382.TW,3034.TW,2884.TW,2892.TW,2886.TW,3008.TW,5880.TW,2330.TW,2408.TW,2379.TW,2880.TW,2887.TW,2395.TW,3037.TW,2609.TW",2019,8765,15
2019-07-29,-0.07505220104369678,-0.07883986228042283,-0.059210548072917146,-0.06220977532637832,0.7,0.7,0.7,0.004095,"2382.TW,3034.TW,2884.TW,2892.TW,2886.TW,3008.TW,5880.TW,2330.TW,2408.TW,2379.TW",2019,8765,10
2019-08-05,0.06278107335423637,0.05902175406722088,0.02606479580659493,0.037918617929286975,0.6046576267235793,0.6046576267235793,0.6046576267235793,0.003537247116332939,"2884.TW,2615.TW,2408.TW,2454.TW,3017.TW,3711.TW,2603.TW,2892.TW,2330.TW,3037.TW",2019,8765,10
2019-08-05,0.062488162284762463,0.058697370343282707,0.02606479580659493,0.037918617929286975,0.6098878514389388,0.609887851438939,0.6098878514389389,0.0035678439309177927,"2884.TW,2615.TW,2408.TW,2454.TW,3017.TW,3711.TW,2603.TW,2892.TW,2330.TW,3037.TW,5871.TW,2345.TW,2880.TW,2317.TW,2207.TW,2357.TW,2303.TW,2395.TW,6669.TW,1590.TW",2019,8765,20
2019-08-05,0.05766487620022358,0.053884058157448234,0.02606479580659493,0.037918617929286975,0.611057147749467,0.611057147749467,0.611057147749467,0.0035746843143343817,"2884.TW,2615.TW,2408.TW,2454.TW,3017.TW,3711.TW,2603.TW,2892.TW,2330.TW,3037.TW,5871.TW,2345.TW,2880.TW,2317.TW,2207.TW",2019,8765,15
2019-08-05,0.07230992145172342,0.06729151101932929,0.02606479580659493,0.037918617929286975,0.8,0.8,0.8,0.00468,"2884.TW,2615.TW,2408.TW,2454.TW,3017.TW",2019,8765,5
2019-08-05,0.033492758472328354,0.029462136714286213,0.02606479580659493,0.037918617929286975,0.6666666666666666,0.6666666666666667,0.6666666666666667,0.0039000000000000003,"2884.TW,2615.TW,2408.TW",2019,8765,3
2019-08-13,0.0114445279025753,0.008217635961758729,0.0030978676036637065,0.004118404804215883,0.5453640261542453,0.5453640261542455,0.5453640261542454,0.003190379553002336,"2408.TW,5880.TW,2880.TW,3711.TW,2345.TW,9910.TW,2395.TW,1326.TW,2892.TW,2330.TW,3034.TW,2886.TW,2887.TW,5871.TW,2885.TW",2019,8765,15
2019-08-13,-0.003916785957170857,-0.007801510491937891,0.0030978676036637065,0.004118404804215883,0.6666666666666666,0.6666666666666666,0.6666666666666666,0.0039,"2408.TW,5880.TW,2880.TW",2019,8765,3
2019-08-13,0.0039092419859414924,-0.000811962726924631,0.0030978676036637065,0.004118404804215883,0.8039008975197519,0.8039008975197518,0.8039008975197519,0.004702820250490548,"2408.TW,5880.TW,2880.TW,3711.TW,2345.TW",2019,8765,5
2019-08-13,0.006553594671713437,0.0032333158433477394,0.0030978676036637065,0.004118404804215883,0.5638736312645034,0.5638736312645033,0.5638736312645034,0.0032986607428973445,"2408.TW,5880.TW,2880.TW,3711.TW,2345.TW,9910.TW,2395.TW,1326.TW,2892.TW,2330.TW,3034.TW,2886.TW,2887.TW,5871.TW,2885.TW,2912.TW,2618.TW,1301.TW,2207.TW,2609.TW",2019,8765,20
2019-08-13,0.002110237440808405,-0.0014804656539282313,0.0030978676036637065,0.004118404804215883,0.6125028743117178,0.6125028743117179,0.6125028743117178,0.0035831418147235497,"2408.TW,5880.TW,2880.TW,3711.TW,2345.TW,9910.TW,2395.TW,1326.TW,2892.TW,2330.TW",2019,8765,10
2019-08-20,-0.0009568324428848397,-0.004135254317516379,-0.010500502043819693,-0.010544986934415029,0.5438403426530927,0.5438403426530928,0.5438403426530927,0.003181466004520593,"2327.TW,2408.TW,2881.TW,5880.TW,3045.TW,2880.TW,1326.TW,3231.TW,2887.TW,2412.TW,2882.TW,9910.TW,2345.TW,4904.TW,2002.TW",2019,8765,15
2019-08-20,-0.003245309994107104,-0.006780879186392141,-0.010500502043819693,-0.010544986934415029,0.6063385586843019,0.6063385586843016,0.6063385586843018,0.003547080568303165,"2327.TW,2408.TW,2881.TW,5880.TW,3045.TW",2019,8765,5
2019-08-20,-0.004392305050237615,-0.00831926218088963,-0.010500502043819693,-0.010544986934415029,0.6742361741411051,0.6742361741411053,0.6742361741411051,0.003944281618725466,"2327.TW,2408.TW,2881.TW",2019,8765,3
2019-08-20,-0.005177032517728131,-0.008685497530595443,-0.010500502043819693,-0.010544986934415029,0.6028586277566346,0.6028586277566343,0.6028586277566345,0.0035267229723763113,"2327.TW,2408.TW,2881.TW,5880.TW,3045.TW,2880.TW,1326.TW,3231.TW,2887.TW,2412.TW",2019,8765,10
2019-08-20,-0.005608065494506199,-0.008846006121767114,-0.010500502043819693,-0.010544986934415029,0.556615661402518,0.5566156614025177,0.5566156614025178,0.003256201619204729,"2327.TW,2408.TW,2881.TW,5880.TW,3045.TW,2880.TW,1326.TW,3231.TW,2887.TW,2412.TW,2882.TW,9910.TW,2345.TW,4904.TW,2002.TW,2912.TW,2884.TW,2885.TW,2883.TW,2891.TW",2019,8765,20
2019-08-27,0.028252945102295438,0.02223766537344707,0.01685423993797408,0.02177090010192398,1.0,1.0,1.0,0.00585,"2885.TW,2395.TW,2454.TW,3711.TW,3034.TW",2019,8765,5
2019-08-27,0.014546434293908264,0.00861133765328903,0.01685423993797408,0.02177090010192398,1.0,1.0,1.0,0.00585,"2885.TW,2395.TW,2454.TW",2019,8765,3
2019-08-27,0.018754803109255213,0.015173716739853349,0.01685423993797408,0.02177090010192398,0.6008820908316618,0.600882090831662,0.6008820908316619,0.003515160231365223,"2885.TW,2395.TW,2454.TW,3711.TW,3034.TW,3231.TW,5880.TW,3037.TW,2881.TW,2330.TW,2303.TW,2412.TW,2880.TW,2884.TW,3045.TW",2019,8765,15
2019-08-27,0.015581273171996117,0.012892962903036098,0.01685423993797408,0.02177090010192398,0.45248984897187056,0.4524898489718707,0.4524898489718706,0.0026470656164854435,"2885.TW,2395.TW,2454.TW,3711.TW,3034.TW,3231.TW,5880.TW,3037.TW,2881.TW,2330.TW,2303.TW,2412.TW,2880.TW,2884.TW,3045.TW,4904.TW,2891.TW,2207.TW,2308.TW,2887.TW",2019,8765,20
2019-08-27,0.021639531196250842,0.017454464732653108,0.01685423993797408,0.02177090010192398,0.7002430454562907,0.7002430454562906,0.7002430454562907,0.0040964218159193,"2885.TW,2395.TW,2454.TW,3711.TW,3034.TW,3231.TW,5880.TW,3037.TW,2881.TW,2330.TW",2019,8765,10
2019-09-03,0.032164464560027556,0.02853977038577238,0.03253517237328318,0.03283380116259105,0.6002975911567823,0.6002975911567823,0.6002975911567823,0.003511740908267176,"3034.TW,2412.TW,2454.TW,2330.TW,2618.TW",2019,8765,5
2019-09-03,0.0341495288365789,0.03171202222702307,0.03253517237328318,0.03283380116259105,0.40290865574730667,0.40290865574730694,0.40290865574730683,0.002357015636121745,"3034.TW,2412.TW,2454.TW,2330.TW,2618.TW,3045.TW,2884.TW,2408.TW,3231.TW,2883.TW,4904.TW,2881.TW,1326.TW,5880.TW,2912.TW",2019,8765,15
2019-09-03,0.022742978708027918,0.018754281091066582,0.03253517237328318,0.03283380116259105,0.6666666666666666,0.6666666666666667,0.6666666666666667,0.0039000000000000003,"3034.TW,2412.TW,2454.TW",2019,8765,3
2019-09-03,0.03488610804377348,0.031244791127379656,0.03253517237328318,0.03283380116259105,0.6014645778870309,0.601464577887031,0.6014645778870309,0.0035185677806391313,"3034.TW,2412.TW,2454.TW,2330.TW,2618.TW,3045.TW,2884.TW,2408.TW,3231.TW,2883.TW",2019,8765,10
2019-09-03,0.029467263525489024,0.026742843842155972,0.03253517237328318,0.03283380116259105,0.45238229799252083,0.45238229799252094,0.4523822979925209,0.002646436443256247,"3034.TW,2412.TW,2454.TW,2330.TW,2618.TW,3045.TW,2884.TW,2408.TW,3231.TW,2883.TW,4904.TW,2881.TW,1326.TW,5880.TW,2912.TW,3008.TW,1102.TW,2887.TW,2002.TW,2379.TW",2019,8765,20
2019-09-11,0.006931337717256751,0.0037583710405464377,0.006539957252906126,0.004133152128278421,0.5386538741896445,0.5386538741896447,0.5386538741896446,0.0031511251640094213,"2615.TW,2412.TW,4904.TW,3231.TW,3045.TW,5880.TW,2330.TW,2892.TW,3037.TW,2883.TW,2317.TW,5871.TW,2308.TW,2891.TW,2882.TW",2019,8765,15
2019-09-11,0.004262448057986646,0.001013027754633633,0.006539957252906126,0.004133152128278421,0.5530989067507008,0.5530989067507006,0.5530989067507007,0.003235628604491599,"2615.TW,2412.TW,4904.TW,3231.TW,3045.TW,5880.TW,2330.TW,2892.TW,3037.TW,2883.TW,2317.TW,5871.TW,2308.TW,2891.TW,2882.TW,2887.TW,1101.TW,2603.TW,2303.TW,2454.TW",2019,8765,20
2019-09-11,0.008844844387458028,0.004892952131911432,0.006539957252906126,0.004133152128278421,0.6696145016337334,0.6696145016337333,0.6696145016337334,0.00391724483455734,"2615.TW,2412.TW,4904.TW",2019,8765,3
2019-09-11,0.011098803949853374,0.008107686206065612,0.006539957252906126,0.004133152128278421,0.5056896283803883,0.5056896283803881,0.5056896283803882,0.002958284326025271,"2615.TW,2412.TW,4904.TW,3231.TW,3045.TW,5880.TW,2330.TW,2892.TW,3037.TW,2883.TW",2019,8765,10
2019-09-11,0.008662649828068813,0.003920995210428879,0.006539957252906126,0.004133152128278421,0.8035781348866227,0.8035781348866227,0.8035781348866227,0.004700932089086743,"2615.TW,2412.TW,4904.TW,3231.TW,3045.TW",2019,8765,5
2019-09-19,0.014268364694069887,0.008334894760609446,0.0029531201610204505,-0.0052835537747104745,1.0,1.0,1.0,0.00585,"6669.TW,2207.TW,5876.TW",2019,8765,3
2019-09-19,-0.0061872467943813745,-0.010268539242530461,0.0029531201610204505,-0.0052835537747104745,0.7020002777113407,0.7020002777113407,0.7020002777113407,0.004106701624611343,"6669.TW,2207.TW,5876.TW,2885.TW,2881.TW,2884.TW,2883.TW,2882.TW,3037.TW,5880.TW",2019,8765,10
2019-09-19,-0.006622056748091739,-0.009726153874661025,0.0029531201610204505,-0.0052835537747104745,0.5341520788086486,0.5341520788086485,0.5341520788086485,0.0031247896610305938,"6669.TW,2207.TW,5876.TW,2885.TW,2881.TW,2884.TW,2883.TW,2882.TW,3037.TW,5880.TW,2891.TW,2395.TW,4904.TW,2880.TW,2892.TW",2019,8765,15
2019-09-19,-0.006029654880874887,-0.00894897126808214,0.0029531201610204505,-0.0052835537747104745,0.5020556646464599,0.5020556646464599,0.5020556646464599,0.0029370256381817906,"6669.TW,2207.TW,5876.TW,2885.TW,2881.TW,2884.TW,2883.TW,2882.TW,3037.TW,5880.TW,2891.TW,2395.TW,4904.TW,2880.TW,2892.TW,2412.TW,1101.TW,2303.TW,1102.TW,1216.TW",2019,8765,20
2019-09-19,0.00244046109564404,-0.003423815601765412,0.0029531201610204505,-0.0052835537747104745,1.0,1.0000000000000002,1.0,0.005850000000000001,"6669.TW,2207.TW,5876.TW,2885.TW,2881.TW",2019,8765,5
2019-09-26,-0.004223207079106617,-0.007173211636647525,0.005889487413270222,0.00041067440434778836,0.5064129701809461,0.5064129701809461,0.5064129701809461,0.002962515875558535,"5876.TW,3711.TW,1590.TW,2880.TW,2885.TW,5880.TW,2891.TW,2884.TW,2881.TW,2330.TW",2019,8765,10
2019-09-26,-0.007211929651910546,-0.009956416030330928,0.005889487413270222,0.00041067440434778836,0.47255097505921484,0.4725509750592148,0.47255097505921484,0.0027644232040964067,"5876.TW,3711.TW,1590.TW,2880.TW,2885.TW,5880.TW,2891.TW,2884.TW,2881.TW,2330.TW,1301.TW,5871.TW,2892.TW,2382.TW,2887.TW",2019,8765,15
2019-09-26,-0.008535781902288209,-0.012091532241640057,0.005889487413270222,0.00041067440434778836,0.6130534614709424,0.6130534614709424,0.6130534614709424,0.0035863627496050135,"5876.TW,3711.TW,1590.TW,2880.TW,2885.TW",2019,8765,5
2019-09-26,-0.006289022216908634,-0.010272232384715974,0.005889487413270222,0.00041067440434778836,0.6851998641442345,0.6851998641442345,0.6851998641442345,0.004008419205243772,"5876.TW,3711.TW,1590.TW",2019,8765,3
2019-09-26,-0.009533201479521407,-0.011880024610982809,0.005889487413270222,0.00041067440434778836,0.40502755655980566,0.4050275565598058,0.4050275565598057,0.002369411205874864,"5876.TW,3711.TW,1590.TW,2880.TW,2885.TW,5880.TW,2891.TW,2884.TW,2881.TW,2330.TW,1301.TW,5871.TW,2892.TW,2382.TW,2887.TW,1101.TW,2303.TW,4904.TW,2412.TW,2357.TW",2019,8765,20
2019-10-04,0.012669886987520466,0.009697941320158776,0.030444909947539456,0.015143042622121537,0.5016688132348243,0.5016688132348244,0.5016688132348244,0.0029347625574237227,"2327.TW,5880.TW,2412.TW,2884.TW,2880.TW,4904.TW,3045.TW,2395.TW,3008.TW,1102.TW,2881.TW,2603.TW,1101.TW,2887.TW,2330.TW,2885.TW,2882.TW,2883.TW,2886.TW,2408.TW",2019,8765,20
2019-10-04,0.021801713619949023,0.018212988419140208,0.030444909947539456,0.015143042622121537,0.6003682427878135,0.6003682427878136,0.6003682427878136,0.0035121542203087096,"2327.TW,5880.TW,2412.TW,2884.TW,2880.TW,4904.TW,3045.TW,2395.TW,3008.TW,1102.TW,2881.TW,2603.TW,1101.TW,2887.TW,2330.TW",2019,8765,15
2019-10-04,0.04837055948157724,0.04223759170860997,0.030444909947539456,0.015143042622121537,1.0,1.0,1.0,0.00585,"2327.TW,5880.TW,2412.TW",2019,8765,3
2019-10-04,0.019148579394349618,0.014973158650815277,0.030444909947539456,0.015143042622121537,0.7003366830683723,0.7003366830683724,0.7003366830683724,0.004096969595949978,"2327.TW,5880.TW,2412.TW,2884.TW,2880.TW,4904.TW,3045.TW,2395.TW,3008.TW,1102.TW",2019,8765,10
2019-10-04,0.03149691296921713,0.026669507416521077,0.030444909947539456,0.015143042622121537,0.8,0.8,0.8,0.00468,"2327.TW,5880.TW,2412.TW,2884.TW,2880.TW",2019,8765,5
2019-10-15,0.005472989485737323,0.0024949155864228967,0.007954394565785616,0.01374468272205339,0.5063014787514308,0.506301478751431,0.5063014787514308,0.002961863650695871,"2454.TW,2408.TW,3034.TW,2327.TW,2618.TW,2379.TW,3045.TW,2880.TW,2412.TW,2884.TW",2019,8765,10
2019-10-15,0.011808270362595463,0.007073007657298458,0.007954394565785616,0.01374468272205339,0.8,0.8,0.8,0.00468,"2454.TW,2408.TW,3034.TW,2327.TW,2618.TW",2019,8765,5
2019-10-15,0.007462516200763015,0.005631774601297046,0.007954394565785616,0.01374468272205339,0.31062920647427505,0.31062920647427517,0.3106292064742751,0.0018171808578745095,"2454.TW,2408.TW,3034.TW,2327.TW,2618.TW,2379.TW,3045.TW,2880.TW,2412.TW,2884.TW,2882.TW,2395.TW,2883.TW,3008.TW,5880.TW,2891.TW,4904.TW,3231.TW,1101.TW,2886.TW",2019,8765,20
2019-10-15,0.004682558338369821,0.0018925798786750825,0.007954394565785616,0.01374468272205339,0.4746966002956885,0.47469660029568866,0.4746966002956886,0.0027769751117297787,"2454.TW,2408.TW,3034.TW,2327.TW,2618.TW,2379.TW,3045.TW,2880.TW,2412.TW,2884.TW,2882.TW,2395.TW,2883.TW,3008.TW,5880.TW",2019,8765,15
2019-10-15,0.009524802364406632,0.003619082270574836,0.007954394565785616,0.01374468272205339,1.0,1.0,1.0,0.00585,"2454.TW,2408.TW,3034.TW",2019,8765,3
2019-10-22,0.004733603851536716,-0.001144087730994836,0.008455348415917774,0.004080473394220234,1.0,0.9999999999999998,0.9999999999999999,0.005849999999999999,"2880.TW,3045.TW,5876.TW,2881.TW,2412.TW",2019,8765,5
2019-10-22,-0.0006534563898407945,-0.003295313699859359,0.008455348415917774,0.004080473394220234,0.45189483374075257,0.4518948337407524,0.45189483374075246,0.002643584777383402,"2880.TW,3045.TW,5876.TW,2881.TW,2412.TW,5880.TW,2891.TW,2882.TW,2884.TW,2887.TW,2892.TW,2883.TW,3711.TW,2618.TW,3017.TW,2886.TW,2002.TW,2885.TW,9910.TW,4904.TW",2019,8765,20
2019-10-22,0.005625270292020779,0.0020877276098068,0.008455348415917774,0.004080473394220234,0.6013255321539489,0.6013255321539488,0.6013255321539488,0.003517754363100601,"2880.TW,3045.TW,5876.TW,2881.TW,2412.TW,5880.TW,2891.TW,2882.TW,2884.TW,2887.TW",2019,8765,10
2019-10-22,0.008623537422675446,0.0027230897287529032,0.008455348415917774,0.004080473394220234,1.0,1.0,1.0,0.00585,"2880.TW,3045.TW,5876.TW",2019,8765,3
2019-10-22,0.0016348590990970411,-0.001104444916757541,0.008455348415917774,0.004080473394220234,0.46749281185007785,0.4674928118500779,0.46749281185007785,0.0027348329493229557,"2880.TW,3045.TW,5876.TW,2881.TW,2412.TW,5880.TW,2891.TW,2882.TW,2884.TW,2887.TW,2892.TW,2883.TW,3711.TW,2618.TW,3017.TW",2019,8765,15
2019-10-29,0.025310455072970875,0.023497714839740613,0.0391280698190446,0.02470746847716801,0.30222077986755413,0.3022207798675541,0.30222077986755413,0.0017679915622251915,"2887.TW,3034.TW,2881.TW,2880.TW,2618.TW,5880.TW,2379.TW,2882.TW,2412.TW,3045.TW",2019,8765,10
2019-10-29,0.024509950573536467,0.02271099319780001,0.0391280698190446,0.02470746847716801,0.3001572421530237,0.30015724215302364,0.30015724215302364,0.0017559198665951885,"2887.TW,3034.TW,2881.TW,2880.TW,2618.TW,5880.TW,2379.TW,2882.TW,2412.TW,3045.TW,2357.TW,2891.TW,2883.TW,2885.TW,2884.TW,1101.TW,2892.TW,1102.TW,5876.TW,1303.TW",2019,8765,20
2019-10-29,0.027338273462897435,0.025732782749844807,0.0391280698190446,0.02470746847716801,0.26713971826145844,0.26713971826145844,0.26713971826145844,0.001562767351829532,"2887.TW,3034.TW,2881.TW,2880.TW,2618.TW,5880.TW,2379.TW,2882.TW,2412.TW,3045.TW,2357.TW,2891.TW,2883.TW,2885.TW,2884.TW",2019,8765,15
2019-10-29,0.04089405091793053,0.037232105329334964,0.0391280698190446,0.02470746847716801,0.6013807114529278,0.6013807114529278,0.6013807114529278,0.003518077161999628,"2887.TW,3034.TW,2881.TW,2880.TW,2618.TW",2019,8765,5
2019-10-29,0.05538621851826763,0.04921220913993585,0.0391280698190446,0.02470746847716801,1.0,1.0,1.0,0.00585,"2887.TW,3034.TW,2881.TW",2019,8765,3
2019-11-05,0.006030163410228351,0.002469660062672796,-0.015061878483840108,-0.010688228183121633,0.6049848930980881,0.6049848930980882,0.6049848930980881,0.003539161624623816,"2345.TW,6669.TW,2412.TW,2892.TW,5880.TW,2887.TW,2618.TW,4904.TW,2891.TW,2886.TW",2019,8765,10
2019-11-05,0.016468471316177825,0.010522130758978232,-0.015061878483840108,-0.010688228183121633,1.0,0.9999999999999999,1.0,0.005849999999999999,"2345.TW,6669.TW,2412.TW",2019,8765,3
2019-11-05,-0.00016963430427856447,-0.0029352919558756074,-0.015061878483840108,-0.010688228183121633,0.4728422019839551,0.47284220198395505,0.4728422019839551,0.0027661268816061373,"2345.TW,6669.TW,2412.TW,2892.TW,5880.TW,2887.TW,2618.TW,4904.TW,2891.TW,2886.TW,2002.TW,1303.TW,2881.TW,2884.TW,2880.TW",2019,8765,15
2019-11-05,-0.0018697324436554314,-0.003953660767968659,-0.015061878483840108,-0.010688228183121633,0.3568943609507908,0.3568943609507908,0.3568943609507908,0.0020878320115621262,"2345.TW,6669.TW,2412.TW,2892.TW,5880.TW,2887.TW,2618.TW,4904.TW,2891.TW,2886.TW,2002.TW,1303.TW,2881.TW,2884.TW,2880.TW,1301.TW,3045.TW,1101.TW,2912.TW,1102.TW",2019,8765,20
2019-11-05,0.007985363028191462,0.0020886486544764438,-0.015061878483840108,-0.010688228183121633,1.0,1.0,1.0,0.00585,"2345.TW,6669.TW,2412.TW,2892.TW,5880.TW",2019,8765,5
2019-11-12,0.015150918172548733,0.01038880745502535,0.02239227839035096,0.012189364606254343,0.8018867003094196,0.8018867003094197,0.8018867003094197,0.004691037196810105,"2327.TW,2408.TW,3008.TW,2308.TW,2880.TW,2887.TW,2379.TW,2885.TW,2395.TW,2892.TW",2019,8765,10
2019-11-12,0.012029720325256128,0.008455024578807091,0.02239227839035096,0.012189364606254343,0.6037956096395206,0.6037956096395204,0.6037956096395205,0.0035322043163911947,"2327.TW,2408.TW,3008.TW,2308.TW,2880.TW,2887.TW,2379.TW,2885.TW,2395.TW,2892.TW,2884.TW,3045.TW,3711.TW,2303.TW,1303.TW,5880.TW,2883.TW,2002.TW,5871.TW,2330.TW",2019,8765,20
2019-11-12,0.0125834614411499,0.006659848191719275,0.02239227839035096,0.012189364606254343,1.0,1.0000000000000002,1.0,0.005850000000000001,"2327.TW,2408.TW,3008.TW,2308.TW,2880.TW",2019,8765,5
2019-11-12,0.012882075199083404,0.008904799726629165,0.02239227839035096,0.012189364606254343,0.6712293225288428,0.6712293225288427,0.6712293225288428,0.0039266915367937305,"2327.TW,2408.TW,3008.TW,2308.TW,2880.TW,2887.TW,2379.TW,2885.TW,2395.TW,2892.TW,2884.TW,3045.TW,3711.TW,2303.TW,1303.TW",2019,8765,15
2019-11-12,0.018389331820853595,0.012431754229701664,0.02239227839035096,0.012189364606254343,1.0,1.0,1.0,0.00585,"2327.TW,2408.TW,3008.TW",2019,8765,3
2019-11-19,-0.0022827044078046806,-0.0063897897531829395,-0.008012727504374761,-0.0023101980375536593,0.7036721465153246,0.7036721465153246,0.7036721465153246,0.004116482057114649,"2408.TW,2886.TW,3045.TW,2881.TW,2891.TW,2885.TW,2618.TW,2887.TW,2912.TW,2883.TW",2019,8765,10
2019-11-19,-0.0042980085671482,-0.007816089163465434,-0.008012727504374761,-0.0023101980375536593,0.6039771976857874,0.6039771976857873,0.6039771976857873,0.0035332666064618557,"2408.TW,2886.TW,3045.TW,2881.TW,2891.TW,2885.TW,2618.TW,2887.TW,2912.TW,2883.TW,3008.TW,2412.TW,4904.TW,3711.TW,1301.TW",2019,8765,15
2019-11-19,-0.009298664016063718,-0.01318656611898772,-0.008012727504374761,-0.0023101980375536593,0.670836533608205,0.6708365336082052,0.6708365336082052,0.003924393721608,"2408.TW,2886.TW,3045.TW",2019,8765,3
2019-11-19,-0.00293916545234314,-0.007613398310557629,-0.008012727504374761,-0.0023101980375536593,0.8013695214092385,0.8013695214092385,0.8013695214092385,0.004688011700244046,"2408.TW,2886.TW,3045.TW,2881.TW,2891.TW",2019,8765,5
2019-11-19,-0.0032640308150726554,-0.006210757136594247,-0.008012727504374761,-0.0023101980375536593,0.5053634228999638,0.5053634228999635,0.5053634228999637,0.002956376023964787,"2408.TW,2886.TW,3045.TW,2881.TW,2891.TW,2885.TW,2618.TW,2887.TW,2912.TW,2883.TW,3008.TW,2412.TW,4904.TW,3711.TW,1301.TW,2892.TW,5880.TW,2880.TW,2882.TW,1101.TW",2019,8765,20
2019-11-26,0.00044563820481566794,-0.0024896890117557247,-0.010770241077134424,-0.004471594200038744,0.5015418299653043,0.5015418299653042,0.5015418299653043,0.0029340197052970295,"2330.TW,3037.TW,2885.TW,2408.TW,2886.TW,2357.TW,3045.TW,2880.TW,2327.TW,2887.TW,2884.TW,2883.TW,2891.TW,1101.TW,2395.TW,2317.TW,2308.TW,2382.TW,5871.TW,2412.TW",2019,8765,20
2019-11-26,-0.002376617638527368,-0.005909140786618083,-0.010770241077134424,-0.004471594200038744,0.6052886504678374,0.6052886504678373,0.6052886504678374,0.0035409386052368485,"2330.TW,3037.TW,2885.TW,2408.TW,2886.TW",2019,8765,5
2019-11-26,-0.01695510952771695,-0.02270592213697986,-0.010770241077134424,-0.004471594200038744,1.0,1.0,1.0,0.00585,"2330.TW,3037.TW,2885.TW",2019,8765,3
2019-11-26,0.0008863464412737146,-0.0022456896391106485,-0.010770241077134424,-0.004471594200038744,0.5349166614923825,0.5349166614923823,0.5349166614923824,0.0031292624697304367,"2330.TW,3037.TW,2885.TW,2408.TW,2886.TW,2357.TW,3045.TW,2880.TW,2327.TW,2887.TW,2884.TW,2883.TW,2891.TW,1101.TW,2395.TW",2019,8765,15
2019-11-26,0.007098341878785741,0.004136235089142071,-0.010770241077134424,-0.004471594200038744,0.5027741779617154,0.5027741779617154,0.5027741779617154,0.0029412289410760354,"2330.TW,3037.TW,2885.TW,2408.TW,2886.TW,2357.TW,3045.TW,2880.TW,2327.TW,2887.TW",2019,8765,10
2019-12-03,0.02253808193794264,0.0177457038305886,0.012520514883283207,0.0066565714338651105,0.8011534703220289,0.8011534703220287,0.8011534703220288,0.004686747801383869,"3034.TW,3231.TW,2330.TW,2892.TW,2454.TW",2019,8765,5
2019-12-03,0.03357622807195463,0.029545280782474093,0.012520514883283207,0.0066565714338651105,0.6666666666666666,0.6666666666666666,0.6666666666666666,0.0039,"3034.TW,3231.TW,2330.TW",2019,8765,3
2019-12-03,0.00811654221547849,0.004557262186402511,0.012520514883283207,0.0066565714338651105,0.6035253972294585,0.6035253972294589,0.6035253972294587,0.003530623573792334,"3034.TW,3231.TW,2330.TW,2892.TW,2454.TW,2886.TW,3008.TW,2891.TW,1301.TW,2885.TW,2887.TW,2412.TW,5880.TW,2880.TW,2912.TW",2019,8765,15
2019-12-03,0.01592228839431341,0.011738898391030261,0.012520514883283207,0.0066565714338651105,0.7039016767717942,0.7039016767717942,0.7039016767717942,0.004117824809114996,"3034.TW,3231.TW,2330.TW,2892.TW,2454.TW,2886.TW,3008.TW,2891.TW,1301.TW,2885.TW",2019,8765,10
2019-12-03,0.004076701990503234,0.0011198246334473971,0.012520514883283207,0.0066565714338651105,0.5033969216318296,0.5033969216318295,0.5033969216318295,0.0029448719915462027,"3034.TW,3231.TW,2330.TW,2892.TW,2454.TW,2886.TW,3008.TW,2891.TW,1301.TW,2885.TW,2887.TW,2412.TW,5880.TW,2880.TW,2912.TW,1303.TW,2884.TW,2002.TW,3045.TW,5871.TW",2019,8765,20
2019-12-10,0.0199019891516438,0.016692615701819458,0.053763476673574395,0.024432529965383108,0.5379054575431865,0.5379054575431865,0.5379054575431865,0.0031467469266276415,"2327.TW,3008.TW,2317.TW,2892.TW,2885.TW,1102.TW,1301.TW,2002.TW,2330.TW,2395.TW,2615.TW,2887.TW,2883.TW,2412.TW,4904.TW",2019,8765,15
2019-12-10,0.029214481295403716,0.026166663182267014,0.053763476673574395,0.024432529965383108,0.5062060034351495,0.5062060034351494,0.5062060034351494,0.0029613051200956244,"2327.TW,3008.TW,2317.TW,2892.TW,2885.TW,1102.TW,1301.TW,2002.TW,2330.TW,2395.TW",2019,8765,10
2019-12-10,0.01904876245247468,0.01633954724290798,0.053763476673574395,0.024432529965383108,0.45445687007408986,0.45445687007408997,0.4544568700740899,0.002658572689933426,"2327.TW,3008.TW,2317.TW,2892.TW,2885.TW,1102.TW,1301.TW,2002.TW,2330.TW,2395.TW,2615.TW,2887.TW,2883.TW,2412.TW,4904.TW,2891.TW,5880.TW,2881.TW,5871.TW,1590.TW",2019,8765,20
2019-12-10,0.03081510868066554,0.024784840294883592,0.053763476673574395,0.024432529965383108,1.0,1.0,1.0,0.00585,"2327.TW,3008.TW,2317.TW",2019,8765,3
2019-12-10,0.026736770959008505,0.02190516506077822,0.053763476673574395,0.024432529965383108,0.8044082587863135,0.8044082587863133,0.8044082587863134,0.004705788313899933,"2327.TW,3008.TW,2317.TW,2892.TW,2885.TW",2019,8765,5
2019-12-17,0.0031115603304122746,-0.0012078265503475683,-0.008163473621204398,-0.001271059466867588,0.7360664166910977,0.7360664166910981,0.736066416691098,0.004305988537642923,"2317.TW,2891.TW,2382.TW,2887.TW,2886.TW,2884.TW,1590.TW,4904.TW,5880.TW,2880.TW,2885.TW,1101.TW,2357.TW,1303.TW,2882.TW",2019,8765,15
2019-12-17,0.010940609622255182,0.006962255160612774,-0.008163473621204398,-0.001271059466867588,0.6727008345107945,0.6727008345107948,0.6727008345107947,0.003935299881888149,"2317.TW,2891.TW,2382.TW",2019,8765,3
2019-12-17,0.004746364657443191,-0.0005533676222686523,-0.008163473621204398,-0.001271059466867588,0.901657546320121,0.9016575463201211,0.9016575463201211,0.005274696645972708,"2317.TW,2891.TW,2382.TW,2887.TW,2886.TW,2884.TW,1590.TW,4904.TW,5880.TW,2880.TW",2019,8765,10
2019-12-17,0.004123860953495883,0.0011506367924658534,-0.008163473621204398,-0.001271059466867588,0.5061561288338502,0.5061561288338503,0.5061561288338503,0.002961013353678024,"2317.TW,2891.TW,2382.TW,2887.TW,2886.TW,2884.TW,1590.TW,4904.TW,5880.TW,2880.TW,2885.TW,1101.TW,2357.TW,1303.TW,2882.TW,2412.TW,2912.TW,2881.TW,3045.TW,2615.TW",2019,8765,20
2019-12-17,0.00889310680082105,0.004154722627276897,-0.008163473621204398,-0.001271059466867588,0.8028404546982084,0.8028404546982085,0.8028404546982084,0.00469661665998452,"2317.TW,2891.TW,2382.TW,2887.TW,2886.TW",2019,8765,5
2019-12-24,0.008666438643462736,0.003929153865623425,-0.0015429509719342427,0.006974869768302607,0.8028345533189478,0.8028345533189479,0.8028345533189478,0.004696582136915845,"3034.TW,1590.TW,2379.TW,3711.TW,3231.TW,2454.TW,2330.TW,1102.TW,2317.TW,3037.TW",2019,8765,10
2019-12-24,0.013695016700973594,0.007764900853272749,-0.0015429509719342427,0.006974869768302607,1.0,1.0,1.0,0.00585,"3034.TW,1590.TW,2379.TW,3711.TW,3231.TW",2019,8765,5
2019-12-24,0.006318403226809943,0.003067261759474693,-0.0015429509719342427,0.006974869768302607,0.5522612687941617,0.5522612687941618,0.5522612687941617,0.0032307284224458465,"3034.TW,1590.TW,2379.TW,3711.TW,3231.TW,2454.TW,2330.TW,1102.TW,2317.TW,3037.TW,2303.TW,2891.TW,2885.TW,2884.TW,1101.TW,2892.TW,2357.TW,2887.TW,2886.TW,2308.TW",2019,8765,20
2019-12-24,0.029461449553074538,0.023439100073189056,-0.0015429509719342427,0.006974869768302607,1.0,1.0,1.0,0.00585,"3034.TW,1590.TW,2379.TW",2019,8765,3
2019-12-24,0.006119225108302185,0.0025778850678170873,-0.0015429509719342427,0.006974869768302607,0.6016754841481465,0.6016754841481463,0.6016754841481464,0.0035198015822666563,"3034.TW,1590.TW,2379.TW,3711.TW,3231.TW,2454.TW,2330.TW,1102.TW,2317.TW,3037.TW,2303.TW,2891.TW,2885.TW,2884.TW,1101.TW",2019,8765,15
2019-12-31,-0.011325389367330506,-0.012803194577682309,-0.007728073077277853,-0.016542686500520196,0.2555100258032761,0.25551002580327603,0.2555100258032761,0.0014947336509491648,"2330.TW,3034.TW,2357.TW,2408.TW,2382.TW,2454.TW,2892.TW,2885.TW,2002.TW,2884.TW,2303.TW,2317.TW,2886.TW,1102.TW,3711.TW,2891.TW,2887.TW,2395.TW,2912.TW,2379.TW",2019,8765,20
2019-12-31,0.009427976975091457,0.005465858625395503,-0.007728073077277853,-0.016542686500520196,0.6709593982245395,0.6709593982245395,0.6709593982245395,0.003925112479613557,"2330.TW,3034.TW,2357.TW",2019,8765,3
2019-12-31,-0.008698652083881087,-0.012765835647973733,-0.007728073077277853,-0.016542686500520196,0.7013458169431249,0.701345816943125,0.701345816943125,0.0041028730291172814,"2330.TW,3034.TW,2357.TW,2408.TW,2382.TW,2454.TW,2892.TW,2885.TW,2002.TW,2884.TW",2019,8765,10
2019-12-31,-0.00041254884636194884,-0.005090618117761014,-0.007728073077277853,-0.016542686500520196,0.8,0.7999999999999999,0.8,0.00468,"2330.TW,3034.TW,2357.TW,2408.TW,2382.TW",2019,8765,5
2019-12-31,-0.014077483498418041,-0.016406962792056112,-0.007728073077277853,-0.016542686500520196,0.4038873055349616,0.40388730553496155,0.40388730553496155,0.0023627407373795254,"2330.TW,3034.TW,2357.TW,2408.TW,2382.TW,2454.TW,2892.TW,2885.TW,2002.TW,2884.TW,2303.TW,2317.TW,2886.TW,1102.TW,3711.TW",2019,8765,15
2020-01-02,-0.011963274296797465,-0.013371226630924493,-0.008138374695277228,-0.011704131231323214,0.9999999999999999,0.0,0.49999999999999994,0.0014249999999999998,"2454.TW,2382.TW,2892.TW,2395.TW,2207.TW,2885.TW,2884.TW,2887.TW,1301.TW,1101.TW,2317.TW,2615.TW,3017.TW,2886.TW,2357.TW",2020,8765,15
2020-01-02,-0.0077580028187451905,-0.009171947664728508,-0.008138374695277228,-0.011704131231323214,1.0,0.0,0.5,0.001425,"2454.TW,2382.TW,2892.TW,2395.TW,2207.TW",2020,8765,5
2020-01-02,-0.010444871562395961,-0.011854987620419477,-0.008138374695277228,-0.011704131231323214,1.0000000000000002,0.0,0.5000000000000001,0.0014250000000000003,"2454.TW,2382.TW,2892.TW,2395.TW,2207.TW,2885.TW,2884.TW,2887.TW,1301.TW,1101.TW,2317.TW,2615.TW,3017.TW,2886.TW,2357.TW,1326.TW,2891.TW,5871.TW,5876.TW,2912.TW",2020,8765,20
2020-01-02,-0.007402727691723088,-0.008817178804762404,-0.008138374695277228,-0.011704131231323214,0.9999999999999999,0.0,0.49999999999999994,0.0014249999999999998,"2454.TW,2382.TW,2892.TW,2395.TW,2207.TW,2885.TW,2884.TW,2887.TW,1301.TW,1101.TW",2020,8765,10
2020-01-02,-0.010917063248503944,-0.01232650643337485,-0.008138374695277228,-0.011704131231323214,1.0,0.0,0.5,0.001425,"2454.TW,2382.TW,2892.TW",2020,8765,3
2020-01-09,0.03807094825022697,0.03321277621241592,0.0020512507512020495,0.013285628443619574,0.8,0.8,0.8,0.00468,"2327.TW,1101.TW,2884.TW,2886.TW,2892.TW",2020,8765,5
2020-01-09,0.02264273181736839,0.019646393760549108,0.0020512507512020495,0.013285628443619574,0.500853840438458,0.500853840438458,0.500853840438458,0.00292999496656498,"2327.TW,1101.TW,2884.TW,2886.TW,2892.TW,1301.TW,2881.TW,2891.TW,2885.TW,1102.TW",2020,8765,10
2020-01-09,0.020303050840932077,0.017107974667180503,0.0020512507512020495,0.013285628443619574,0.535298671172065,0.5352986711720651,0.5352986711720651,0.0031314972263565806,"2327.TW,1101.TW,2884.TW,2886.TW,2892.TW,1301.TW,2881.TW,2891.TW,2885.TW,1102.TW,2880.TW,4904.TW,2603.TW,2317.TW,2882.TW",2020,8765,15
2020-01-09,0.015995751165378894,0.012716134150471792,0.0020512507512020495,0.013285628443619574,0.5517919661607739,0.551791966160774,0.551791966160774,0.0032279830020405277,"2327.TW,1101.TW,2884.TW,2886.TW,2892.TW,1301.TW,2881.TW,2891.TW,2885.TW,1102.TW,2880.TW,4904.TW,2603.TW,2317.TW,2882.TW,2887.TW,2002.TW,2308.TW,5880.TW,9910.TW",2020,8765,20
2020-01-09,0.0445081605763622,0.03839778783699055,0.0020512507512020495,0.013285628443619574,1.0,1.0,1.0,0.00585,"2327.TW,1101.TW,2884.TW",2020,8765,3
2020-01-16,-0.03572751323418044,-0.04025752106603131,0.024566978588761446,-0.019055876335137528,0.8030513405335471,0.8030513405335471,0.8030513405335471,0.0046978503421212505,"2330.TW,2408.TW,2207.TW,2395.TW,2357.TW,2603.TW,2892.TW,1102.TW,1590.TW,2887.TW",2020,8765,10
2020-01-16,-0.021359238862065914,-0.024228511613555992,0.024566978588761446,-0.019055876335137528,0.5011787717112678,0.5011787717112678,0.5011787717112678,0.0029318958145109165,"2330.TW,2408.TW,2207.TW,2395.TW,2357.TW,2603.TW,2892.TW,1102.TW,1590.TW,2887.TW,2881.TW,2891.TW,3711.TW,2912.TW,1216.TW,2345.TW,2880.TW,5880.TW,2882.TW,2885.TW",2020,8765,20
2020-01-16,-0.02340687311940398,-0.02722934602490923,0.024566978588761446,-0.019055876335137528,0.6690751285219072,0.6690751285219072,0.6690751285219072,0.003914089501853157,"2330.TW,2408.TW,2207.TW,2395.TW,2357.TW,2603.TW,2892.TW,1102.TW,1590.TW,2887.TW,2881.TW,2891.TW,3711.TW,2912.TW,1216.TW",2020,8765,15
2020-01-16,-0.022139924759401762,-0.027860406199559318,0.024566978588761446,-0.019055876335137528,1.0,1.0,1.0,0.00585,"2330.TW,2408.TW,2207.TW,2395.TW,2357.TW",2020,8765,5
2020-01-16,-0.018596256741816565,-0.024337468639876958,0.024566978588761446,-0.019055876335137528,1.0,1.0,1.0,0.00585,"2330.TW,2408.TW,2207.TW",2020,8765,3
2020-02-03,-0.0006447232841714588,-0.005377455485251592,-0.057761664336213214,-0.019283035931363685,0.8095359781611813,0.8095359781611813,0.8095359781611813,0.004735785472242911,"3037.TW,1590.TW,6669.TW,2207.TW,2327.TW,2317.TW,2345.TW,3034.TW,5871.TW,3017.TW",2020,8765,10
2020-02-03,-0.0036424308549159556,-0.007589397784721341,-0.057761664336213214,-0.019283035931363685,0.6771617164057392,0.6771617164057391,0.6771617164057391,0.003961396040973574,"3037.TW,1590.TW,6669.TW,2207.TW,2327.TW,2317.TW,2345.TW,3034.TW,5871.TW,3017.TW,2379.TW,2618.TW,1102.TW,2395.TW,2408.TW",2020,8765,15
2020-02-03,-0.014771727536438265,-0.018576955386363614,-0.057761664336213214,-0.019283035931363685,0.6602188724304894,0.6602188724304893,0.6602188724304894,0.0038622804037183626,"3037.TW,1590.TW,6669.TW,2207.TW,2327.TW,2317.TW,2345.TW,3034.TW,5871.TW,3017.TW,2379.TW,2618.TW,1102.TW,2395.TW,2408.TW,3008.TW,2603.TW,2609.TW,1301.TW,1101.TW",2020,8765,20
2020-02-03,0.05590976845406348,0.05096811073769847,-0.057761664336213214,-0.019283035931363685,0.8,0.8,0.8,0.00468,"3037.TW,1590.TW,6669.TW,2207.TW,2327.TW",2020,8765,5
2020-02-03,0.058327574089920245,0.05213635778149417,-0.057761664336213214,-0.019283035931363685,1.0,1.0,1.0,0.00585,"3037.TW,1590.TW,6669.TW",2020,8765,3
2020-02-10,0.02307921237333344,0.01818849455377536,0.000547230357264672,0.011233617312591601,0.8171607144240776,0.8171607144240775,0.8171607144240776,0.004780390179380854,"5871.TW,3034.TW,2207.TW,3017.TW,2886.TW",2020,8765,5
2020-02-10,0.01963382380829384,0.016989665386312414,0.000547230357264672,0.011233617312591601,0.4432894261571535,0.44328942615715344,0.4432894261571535,0.002593243143019348,"5871.TW,3034.TW,2207.TW,3017.TW,2886.TW,6669.TW,2884.TW,2317.TW,3008.TW,2892.TW",2020,8765,10
2020-02-10,0.01702455800233313,0.014033158982593052,0.000547230357264672,0.011233617312591601,0.5027904741937151,0.5027904741937151,0.5027904741937151,0.0029413242740332335,"5871.TW,3034.TW,2207.TW,3017.TW,2886.TW,6669.TW,2884.TW,2317.TW,3008.TW,2892.TW,2618.TW,3711.TW,2891.TW,5880.TW,2379.TW",2020,8765,15
2020-02-10,0.014543029808669493,0.011983600593965749,0.000547230357264672,0.011233617312591601,0.43123776381690815,0.4312377638169079,0.43123776381690804,0.002522740918328912,"5871.TW,3034.TW,2207.TW,3017.TW,2886.TW,6669.TW,2884.TW,2317.TW,3008.TW,2892.TW,2618.TW,3711.TW,2891.TW,5880.TW,2379.TW,2885.TW,3037.TW,3231.TW,1590.TW,2603.TW",2020,8765,20
2020-02-10,0.022816752274022134,0.016833274273219123,0.000547230357264672,0.011233617312591601,1.0,1.0,1.0,0.00585,"5871.TW,3034.TW,2207.TW",2020,8765,3
2020-02-17,-0.03951356417334617,-0.04289278688011644,-0.020787728706913255,-0.02443622699936548,0.6014087087477433,0.6014087087477431,0.6014087087477432,0.0035182409461742975,"5871.TW,3017.TW,2303.TW,2327.TW,2892.TW",2020,8765,5
2020-02-17,-0.026809519633363678,-0.029670228047676828,-0.020787728706913255,-0.02443622699936548,0.502481266738708,0.5024812667387081,0.502481266738708,0.0029395154104214422,"5871.TW,3017.TW,2303.TW,2327.TW,2892.TW,2891.TW,2382.TW,3034.TW,2886.TW,3037.TW",2020,8765,10
2020-02-17,-0.02744555465438801,-0.029738604394716872,-0.020787728706913255,-0.02443622699936548,0.40303585723351326,0.40303585723351343,0.4030358572335133,0.0023577597648160534,"5871.TW,3017.TW,2303.TW,2327.TW,2892.TW,2891.TW,2382.TW,3034.TW,2886.TW,3037.TW,2454.TW,3231.TW,5880.TW,2884.TW,2379.TW",2020,8765,15
2020-02-17,-0.02546102694901906,-0.02691339262643766,-0.020787728706913255,-0.02443622699936548,0.2547539339430683,0.25475393394306833,0.25475393394306833,0.0014903105135669497,"5871.TW,3017.TW,2303.TW,2327.TW,2892.TW,2891.TW,2382.TW,3034.TW,2886.TW,3037.TW,2454.TW,3231.TW,5880.TW,2884.TW,2379.TW,2330.TW,6669.TW,2618.TW,1590.TW,2603.TW",2020,8765,20
2020-02-17,-0.06774136714330953,-0.07138951710213015,-0.020787728706913255,-0.02443622699936548,0.6689295819822314,0.6689295819822314,0.6689295819822314,0.003913238054596054,"5871.TW,3017.TW,2303.TW",2020,8765,3
2020-02-24,-0.023289742510490652,-0.02900349751680431,-0.007821052321966837,-0.016866450301461722,1.0,0.9999999999999999,1.0,0.005849999999999999,"1590.TW,2207.TW,2886.TW,2345.TW,3037.TW",2020,8765,5
2020-02-24,-0.01901600762279241,-0.0216465054125089,-0.007821052321966837,-0.016866450301461722,0.45837418890212434,0.4583741889021243,0.45837418890212434,0.002681489005077427,"1590.TW,2207.TW,2886.TW,2345.TW,3037.TW,2884.TW,2891.TW,2379.TW,6669.TW,5871.TW,2912.TW,3008.TW,2892.TW,5876.TW,2395.TW,2454.TW,5880.TW,3045.TW,2880.TW,2408.TW",2020,8765,20
2020-02-24,-0.0163093044645789,-0.02206389503346118,-0.007821052321966837,-0.016866450301461722,1.0,1.0,1.0,0.00585,"1590.TW,2207.TW,2886.TW",2020,8765,3
2020-02-24,-0.02351162638394605,-0.026978393527559597,-0.007821052321966837,-0.016866450301461722,0.6068784679376695,0.6068784679376694,0.6068784679376695,0.003550239037435366,"1590.TW,2207.TW,2886.TW,2345.TW,3037.TW,2884.TW,2891.TW,2379.TW,6669.TW,5871.TW",2020,8765,10
2020-02-24,-0.01806792472446191,-0.0211725339708565,-0.007821052321966837,-0.016866450301461722,0.5404675625166788,0.5404675625166788,0.5404675625166788,0.0031617352407225714,"1590.TW,2207.TW,2886.TW,2345.TW,3037.TW,2884.TW,2891.TW,2379.TW,6669.TW,5871.TW,2912.TW,3008.TW,2892.TW,5876.TW,2395.TW",2020,8765,15
2020-03-03,-0.019250078633537497,-0.02156713846253988,-0.026464082340088235,-0.019302913893989644,0.40385280143223,0.40385280143223,0.40385280143223,0.0023625388883785456,"2327.TW,6669.TW,3017.TW,3037.TW,1590.TW,2886.TW,2207.TW,2891.TW,2884.TW,1102.TW,3008.TW,2892.TW,2454.TW,3034.TW,3711.TW",2020,8765,15
2020-03-03,-0.01876607026028879,-0.02109420642797033,-0.026464082340088235,-0.019302913893989644,0.4055831972514884,0.4055831972514885,0.40558319725148845,0.0023726617039212076,"2327.TW,6669.TW,3017.TW,3037.TW,1590.TW,2886.TW,2207.TW,2891.TW,2884.TW,1102.TW,3008.TW,2892.TW,2454.TW,3034.TW,3711.TW,2408.TW,2379.TW,1101.TW,2887.TW,2382.TW",2020,8765,20
2020-03-03,0.030882524048110496,0.02485186128242911,-0.026464082340088235,-0.019302913893989644,1.0,1.0,1.0,0.00585,"2327.TW,6669.TW,3017.TW",2020,8765,3
2020-03-03,-0.01656849308993016,-0.01832143449764989,-0.026464082340088235,-0.019302913893989644,0.30469646516126137,0.30469646516126125,0.3046964651612613,0.0017824743211933784,"2327.TW,6669.TW,3017.TW,3037.TW,1590.TW,2886.TW,2207.TW,2891.TW,2884.TW,1102.TW",2020,8765,10
2020-03-03,0.005087285137932173,0.0015594287670981366,-0.026464082340088235,-0.019302913893989644,0.6000000000000001,0.5999999999999999,0.6,0.0035099999999999997,"2327.TW,6669.TW,3017.TW,3037.TW,1590.TW",2020,8765,5
2020-03-10,-0.25623089590188086,-0.2592522725779244,-0.13302484062360942,-0.14910718012254456,0.6944018548656796,0.6944018548656798,0.6944018548656797,0.004062250850964227,"2327.TW,3037.TW,2454.TW",2020,8765,3
2020-03-10,-0.24921782703621762,-0.2519562702631347,-0.13302484062360942,-0.14910718012254456,0.6234963617626283,0.6234963617626282,0.6234963617626283,0.0036474537163113754,"2327.TW,3037.TW,2454.TW,5876.TW,2207.TW",2020,8765,5
2020-03-10,-0.20897584998100127,-0.21181848751255294,-0.13302484062360942,-0.14910718012254456,0.6142934391481196,0.6142934391481195,0.6142934391481196,0.0035936166190164995,"2327.TW,3037.TW,2454.TW,5876.TW,2207.TW,5871.TW,2395.TW,3008.TW,2886.TW,2618.TW",2020,8765,10
2020-03-10,-0.20293085760461124,-0.20483989456953944,-0.13302484062360942,-0.14910718012254456,0.4094137983252213,0.4094137983252213,0.4094137983252213,0.0023950707202025447,"2327.TW,3037.TW,2454.TW,5876.TW,2207.TW,5871.TW,2395.TW,3008.TW,2886.TW,2618.TW,9910.TW,2884.TW,6669.TW,1590.TW,2609.TW",2020,8765,15
2020-03-10,-0.18652881169140104,-0.18847675153197818,-0.13302484062360942,-0.14910718012254456,0.4093336975115031,0.40933369751150306,0.40933369751150306,0.0023946021304422933,"2327.TW,3037.TW,2454.TW,5876.TW,2207.TW,5871.TW,2395.TW,3008.TW,2886.TW,2618.TW,9910.TW,2884.TW,6669.TW,1590.TW,2609.TW,2408.TW,2345.TW,2308.TW,2891.TW,3034.TW",2020,8765,20
2020-03-17,0.01532090267630636,0.011625003359415631,0.024682944339053048,0.01288627208292056,0.6222443163945834,0.6222443163945834,0.6222443163945834,0.0036401292509083134,"6669.TW,2345.TW,2912.TW,2327.TW,1590.TW,3008.TW,2395.TW,2207.TW,4904.TW,3017.TW",2020,8765,10
2020-03-17,-0.06459507716049306,-0.07006719595910416,0.024682944339053048,0.01288627208292056,1.0,1.0,1.0,0.00585,"6669.TW,2345.TW,2912.TW",2020,8765,3
2020-03-17,0.018353277203872274,0.01665090037866146,0.024682944339053048,0.01288627208292056,0.28575995385917996,0.2857599538591799,0.28575995385917996,0.0016716957300762026,"6669.TW,2345.TW,2912.TW,2327.TW,1590.TW,3008.TW,2395.TW,2207.TW,4904.TW,3017.TW,3037.TW,2408.TW,9910.TW,2454.TW,2379.TW,2884.TW,2615.TW,2609.TW,2618.TW,5871.TW",2020,8765,20
2020-03-17,-0.014068829348175216,-0.018777306988831288,0.024682944339053048,0.01288627208292056,0.8163531052878725,0.8163531052878724,0.8163531052878725,0.004775665665934054,"6669.TW,2345.TW,2912.TW,2327.TW,1590.TW",2020,8765,5
2020-03-17,0.019094886942879846,0.01654601066239736,0.024682944339053048,0.01288627208292056,0.4275414906633955,0.4275414906633953,0.4275414906633954,0.002501117720380863,"6669.TW,2345.TW,2912.TW,2327.TW,1590.TW,3008.TW,2395.TW,2207.TW,4904.TW,3017.TW,3037.TW,2408.TW,9910.TW,2454.TW,2379.TW",2020,8765,15
2020-03-24,0.014720070003112408,0.009888927903547895,-0.0039060580801997258,0.020409119347099082,0.8138562355756956,0.8138562355756958,0.8138562355756958,0.0047610589781178205,"2345.TW,2317.TW,2603.TW,9910.TW,2308.TW,2883.TW,2881.TW,2002.TW,2886.TW,2395.TW",2020,8765,10
2020-03-24,0.020930696536645622,0.016819732052712588,-0.0039060580801997258,0.020409119347099082,0.6883219145005277,0.6883219145005277,0.6883219145005277,0.004026683199828087,"2345.TW,2317.TW,2603.TW",2020,8765,3
2020-03-24,0.014338410968118468,0.009520382517118176,-0.0039060580801997258,0.020409119347099082,0.8119524983999359,0.811952498399936,0.811952498399936,0.004749922115639626,"2345.TW,2317.TW,2603.TW,9910.TW,2308.TW,2883.TW,2881.TW,2002.TW,2886.TW,2395.TW,2880.TW,3711.TW,2892.TW,2609.TW,2887.TW",2020,8765,15
2020-03-24,0.02452015545011866,0.019953359755664257,-0.0039060580801997258,0.020409119347099082,0.7619653283598727,0.7619653283598724,0.7619653283598726,0.004457497170905255,"2345.TW,2317.TW,2603.TW,9910.TW,2308.TW,2883.TW,2881.TW,2002.TW,2886.TW,2395.TW,2880.TW,3711.TW,2892.TW,2609.TW,2887.TW,2891.TW,2615.TW,3034.TW,1303.TW,2357.TW",2020,8765,20
2020-03-24,0.02545560660863602,0.020521038460575625,-0.0039060580801997258,0.020409119347099082,0.8225767330240807,0.8225767330240806,0.8225767330240807,0.004812073888190872,"2345.TW,2317.TW,2603.TW,9910.TW,2308.TW",2020,8765,5
2020-03-31,0.05383515224340919,0.04849220802153509,0.03267968600694271,0.046771124364075475,0.8666666666666666,0.8666666666666665,0.8666666666666665,0.00507,"3017.TW,2454.TW,1101.TW,5880.TW,2885.TW,2330.TW,2618.TW,4904.TW,5876.TW,2892.TW,2327.TW,1326.TW,5871.TW,3008.TW,2308.TW",2020,8765,15
2020-03-31,0.04588213450639607,0.03976372401953365,0.03267968600694271,0.046771124364075475,1.0,1.0,1.0,0.00585,"3017.TW,2454.TW,1101.TW",2020,8765,3
2020-03-31,0.03815501107352905,0.03208180425874896,0.03267968600694271,0.046771124364075475,1.0,1.0,1.0,0.00585,"3017.TW,2454.TW,1101.TW,5880.TW,2885.TW",2020,8765,5
2020-03-31,0.042889732217826035,0.03678882728435173,0.03267968600694271,0.046771124364075475,0.9999999999999999,1.0,1.0,0.00585,"3017.TW,2454.TW,1101.TW,5880.TW,2885.TW,2330.TW,2618.TW,4904.TW,5876.TW,2892.TW",2020,8765,10
2020-03-31,0.052768260740222915,0.04844401545467725,0.03267968600694271,0.046771124364075475,0.7021366960461544,0.7021366960461544,0.7021366960461544,0.004107499671870003,"3017.TW,2454.TW,1101.TW,5880.TW,2885.TW,2330.TW,2618.TW,4904.TW,5876.TW,2892.TW,2327.TW,1326.TW,5871.TW,3008.TW,2308.TW,1303.TW,2884.TW,2395.TW,2887.TW,3034.TW",2020,8765,20
2020-04-09,0.048273752460635214,0.0421413510087405,0.0506327619276965,0.04330544691910428,1.0,1.0,1.0,0.00585,"2885.TW,3008.TW,5871.TW",2020,8765,3
2020-04-09,0.05318877562329201,0.05005578920768494,0.0506327619276965,0.04330544691910428,0.5085064005929738,0.5085064005929737,0.5085064005929738,0.0029747624434688963,"2885.TW,3008.TW,5871.TW,2892.TW,5876.TW,2330.TW,5880.TW,9910.TW,2887.TW,2880.TW",2020,8765,10
2020-04-09,0.05224873007787903,0.04730956176800172,0.0506327619276965,0.04330544691910428,0.802378991828506,0.8023789918285059,0.802378991828506,0.0046939171021967594,"2885.TW,3008.TW,5871.TW,2892.TW,5876.TW",2020,8765,5
2020-04-09,0.052807958972846125,0.05057689985238367,0.0506327619276965,0.04330544691910428,0.36224804740418337,0.3622480474041835,0.3622480474041834,0.002119151077314473,"2885.TW,3008.TW,5871.TW,2892.TW,5876.TW,2330.TW,5880.TW,9910.TW,2887.TW,2880.TW,2395.TW,2884.TW,1326.TW,2454.TW,2308.TW,2883.TW,2881.TW,2891.TW,2002.TW,2382.TW",2020,8765,20
2020-04-09,0.0526893965413232,0.05055042763044426,0.0506327619276965,0.04330544691910428,0.34733484773631956,0.34733484773631973,0.3473348477363196,0.00203190885925747,"2885.TW,3008.TW,5871.TW,2892.TW,5876.TW,2330.TW,5880.TW,9910.TW,2887.TW,2880.TW,2395.TW,2884.TW,1326.TW,2454.TW,2308.TW",2020,8765,15
2020-04-16,-0.018078822569598016,-0.021547798112131478,-0.026505792168460718,-0.026046250092141898,0.6039051665834557,0.603905166583456,0.6039051665834558,0.0035328452245132176,"9910.TW,2327.TW,1590.TW,3231.TW,3037.TW,3008.TW,2912.TW,2207.TW,2379.TW,6669.TW,2883.TW,2002.TW,2412.TW,2615.TW,1216.TW,2308.TW,2886.TW,5880.TW,2395.TW,2881.TW",2020,8765,20
2020-04-16,-0.01074292547426784,-0.015394645094611414,-0.026505792168460718,-0.026046250092141898,0.8038009204518493,0.8038009204518493,0.8038009204518493,0.004702235384643318,"9910.TW,2327.TW,1590.TW,3231.TW,3037.TW,3008.TW,2912.TW,2207.TW,2379.TW,6669.TW",2020,8765,10
2020-04-16,-0.009398885873821206,-0.015193902391459346,-0.026505792168460718,-0.026046250092141898,1.0,1.0,1.0,0.00585,"9910.TW,2327.TW,1590.TW,3231.TW,3037.TW",2020,8765,5
2020-04-16,0.0008601048192459584,-0.00499492679394653,-0.026505792168460718,-0.026046250092141898,1.0,0.9999999999999999,1.0,0.005849999999999999,"9910.TW,2327.TW,1590.TW",2020,8765,3
2020-04-16,-0.011394236967508402,-0.016420946922558133,-0.026505792168460718,-0.026046250092141898,0.8691701900938783,0.8691701900938783,0.8691701900938783,0.005084645612049188,"9910.TW,2327.TW,1590.TW,3231.TW,3037.TW,3008.TW,2912.TW,2207.TW,2379.TW,6669.TW,2883.TW,2002.TW,2412.TW,2615.TW,1216.TW",2020,8765,15
2020-04-23,0.06951650464370951,0.06697318324676904,0.019802029149352807,0.04757680570161757,0.40649750841728094,0.4064975084172809,0.40649750841728094,0.0023780104242410935,"2379.TW,2207.TW,1590.TW,2408.TW,3017.TW,2327.TW,2345.TW,3008.TW,9910.TW,1102.TW",2020,8765,10
2020-04-23,0.05934597301536872,0.05600357940442091,0.019802029149352807,0.04757680570161757,0.5393415841081802,0.5393415841081803,0.5393415841081803,0.003155148267032855,"2379.TW,2207.TW,1590.TW,2408.TW,3017.TW,2327.TW,2345.TW,3008.TW,9910.TW,1102.TW,5880.TW,3037.TW,4904.TW,2892.TW,2885.TW",2020,8765,15
2020-04-23,0.07273297880243307,0.06771258846163764,0.019802029149352807,0.04757680570161757,0.8,0.8,0.8,0.00468,"2379.TW,2207.TW,1590.TW,2408.TW,3017.TW",2020,8765,5
2020-04-23,0.07712385490773066,0.07292307187359048,0.019802029149352807,0.04757680570161757,0.6666666666666666,0.6666666666666665,0.6666666666666665,0.0038999999999999994,"2379.TW,2207.TW,1590.TW",2020,8765,3
2020-04-23,0.04828461605050106,0.04548600088586441,0.019802029149352807,0.04757680570161757,0.4563605602084735,0.4563605602084736,0.45636056020847354,0.0026697092772195704,"2379.TW,2207.TW,1590.TW,2408.TW,3017.TW,2327.TW,2345.TW,3008.TW,9910.TW,1102.TW,5880.TW,3037.TW,4904.TW,2892.TW,2885.TW,2395.TW,3045.TW,2412.TW,2886.TW,1326.TW",2020,8765,20
2020-04-30,0.028930958709851108,0.025283727689506152,0.03155311231244973,0.03647881243918293,0.6059282100500022,0.6059282100500023,0.6059282100500023,0.0035446800287925132,"2345.TW,2412.TW,4904.TW,2327.TW,2883.TW,2308.TW,3017.TW,2912.TW,5880.TW,1101.TW,2615.TW,2408.TW,2002.TW,2317.TW,3045.TW",2020,8765,15
2020-04-30,0.042608252917640456,0.03650899463807211,0.03155311231244973,0.03647881243918293,1.0,1.0,1.0,0.00585,"2345.TW,2412.TW,4904.TW,2327.TW,2883.TW",2020,8765,5
2020-04-30,0.023488766871022193,0.017501357584826627,0.03155311231244973,0.03647881243918293,1.0,0.9999999999999998,0.9999999999999999,0.005849999999999999,"2345.TW,2412.TW,4904.TW",2020,8765,3
2020-04-30,0.029881828835348852,0.026820147956782003,0.03155311231244973,0.03647881243918293,0.5081789367410374,0.5081789367410375,0.5081789367410374,0.0029728467799350696,"2345.TW,2412.TW,4904.TW,2327.TW,2883.TW,2308.TW,3017.TW,2912.TW,5880.TW,1101.TW,2615.TW,2408.TW,2002.TW,2317.TW,3045.TW,3037.TW,3231.TW,2330.TW,2884.TW,9910.TW",2020,8765,20
2020-04-30,0.031291755073157713,0.02706861533613325,0.03155311231244973,0.03647881243918293,0.7,0.7,0.7,0.004095,"2345.TW,2412.TW,4904.TW,2327.TW,2883.TW,2308.TW,3017.TW,2912.TW,5880.TW,1101.TW",2020,8765,10
2020-05-08,-0.024815507735399787,-0.0273988493293037,-0.022941063079014334,-0.026667698404504846,0.452834163342072,0.45283416334207205,0.45283416334207205,0.0026490798555511216,"3017.TW,2885.TW,2327.TW,3231.TW,2412.TW,2603.TW,2884.TW,3045.TW,1102.TW,3037.TW,2382.TW,2330.TW,1101.TW,2880.TW,2881.TW,2887.TW,2883.TW,1590.TW,5871.TW,5880.TW",2020,8765,20
2020-05-08,-0.03177524243741464,-0.03574738247581555,-0.022941063079014334,-0.026667698404504846,0.7012816929736967,0.7012816929736969,0.7012816929736968,0.0041024979038961264,"3017.TW,2885.TW,2327.TW,3231.TW,2412.TW,2603.TW,2884.TW,3045.TW,1102.TW,3037.TW",2020,8765,10
2020-05-08,-0.03611218637519132,-0.03951648164939159,-0.022941063079014334,-0.026667698404504846,0.6037329322737184,0.6037329322737183,0.6037329322737184,0.003531837653801252,"3017.TW,2885.TW,2327.TW,3231.TW,2412.TW",2020,8765,5
2020-05-08,-0.06017875955142371,-0.06567671380804785,-0.022941063079014334,-0.026667698404504846,1.0,1.0,1.0,0.00585,"3017.TW,2885.TW,2327.TW",2020,8765,3
2020-05-08,-0.0265090481329698,-0.030308980527277707,-0.022941063079014334,-0.026667698404504846,0.6672492351349633,0.6672492351349635,0.6672492351349634,0.0039034080255395363,"3017.TW,2885.TW,2327.TW,3231.TW,2412.TW,2603.TW,2884.TW,3045.TW,1102.TW,3037.TW,2382.TW,2330.TW,1101.TW,2880.TW,2881.TW",2020,8765,15
2020-05-15,0.027082347811663497,0.022555022799856328,0.0012041569401726182,0.011508497328832468,0.7534952899043866,0.7534952899043864,0.7534952899043865,0.004407947445940661,"3017.TW,2395.TW,1301.TW,1216.TW,2207.TW,2912.TW,2886.TW,1102.TW,1326.TW,2382.TW,2883.TW,2882.TW,1101.TW,9910.TW,2892.TW,2618.TW,2615.TW,5876.TW,2317.TW,6669.TW",2020,8765,20
2020-05-15,0.03334453637612256,0.028884669141578945,0.0012041569401726182,0.011508497328832468,0.7377698730734747,0.7377698730734749,0.7377698730734747,0.004315953757479828,"3017.TW,2395.TW,1301.TW,1216.TW,2207.TW,2912.TW,2886.TW,1102.TW,1326.TW,2382.TW,2883.TW,2882.TW,1101.TW,9910.TW,2892.TW",2020,8765,15
2020-05-15,0.011293427873394157,0.007286758568998186,0.0012041569401726182,0.011508497328832468,0.6772522365090876,0.6772522365090876,0.6772522365090876,0.003961925583578163,"3017.TW,2395.TW,1301.TW",2020,8765,3
2020-05-15,0.022430430357396093,0.017578547608704476,0.0012041569401726182,0.011508497328832468,0.8111864062507372,0.8111864062507372,0.8111864062507372,0.004745440476566813,"3017.TW,2395.TW,1301.TW,1216.TW,2207.TW",2020,8765,5
2020-05-15,0.02248270258277244,0.017661498226676953,0.0012041569401726182,0.011508497328832468,0.8060160770316515,0.8060160770316516,0.8060160770316516,0.004715194050635162,"3017.TW,2395.TW,1301.TW,1216.TW,2207.TW,2912.TW,2886.TW,1102.TW,1326.TW,2382.TW",2020,8765,10
2020-05-22,0.026545784568972424,0.02210882422961724,0.01563424605617869,0.019116729022021398,0.7388416281721079,0.738841628172108,0.738841628172108,0.004322223524806832,"3037.TW,2454.TW,3017.TW,2327.TW,1303.TW,2207.TW,2379.TW,2884.TW,2609.TW,6669.TW,2395.TW,2881.TW,3711.TW,1326.TW,3008.TW",2020,8765,15
2020-05-22,0.021244952692407695,0.01792104538895578,0.01563424605617869,0.019116729022021398,0.5563692443653097,0.5563692443653098,0.5563692443653097,0.003254760079537062,"3037.TW,2454.TW,3017.TW,2327.TW,1303.TW,2207.TW,2379.TW,2884.TW,2609.TW,6669.TW,2395.TW,2881.TW,3711.TW,1326.TW,3008.TW,1301.TW,2883.TW,2882.TW,2412.TW,5876.TW",2020,8765,20
2020-05-22,0.037229679508537526,0.032342473928227644,0.01563424605617869,0.019116729022021398,0.8054337181267408,0.8054337181267406,0.8054337181267407,0.004711787251041433,"3037.TW,2454.TW,3017.TW,2327.TW,1303.TW",2020,8765,5
2020-05-22,0.027247300250437312,0.022423426314278627,0.01563424605617869,0.019116729022021398,0.802721832454368,0.8027218324543678,0.8027218324543679,0.004695922719858052,"3037.TW,2454.TW,3017.TW,2327.TW,1303.TW,2207.TW,2379.TW,2884.TW,2609.TW,6669.TW",2020,8765,10
2020-05-22,0.05369097995679543,0.049547774768103015,0.01563424605617869,0.019116729022021398,0.672151718736672,0.6721517187366719,0.6721517187366719,0.003932087554609531,"3037.TW,2454.TW,3017.TW",2020,8765,3
2020-05-29,0.03685324774569457,0.0319541834112429,0.05269397989852864,0.03999622183283069,0.8076812187248789,0.8076812187248789,0.8076812187248789,0.004724935129540541,"6669.TW,2618.TW,2412.TW,2880.TW,1101.TW,2308.TW,2884.TW,1590.TW,5880.TW,2002.TW,3045.TW,2330.TW,3231.TW,2609.TW,2912.TW",2020,8765,15
2020-05-29,0.03717731863588836,0.033495336133243736,0.05269397989852864,0.03999622183283069,0.6068381048175927,0.6068381048175927,0.6068381048175927,0.0035500029131829173,"6669.TW,2618.TW,2412.TW,2880.TW,1101.TW,2308.TW,2884.TW,1590.TW,5880.TW,2002.TW,3045.TW,2330.TW,3231.TW,2609.TW,2912.TW,2382.TW,2883.TW,1326.TW,2881.TW,3037.TW",2020,8765,20
2020-05-29,0.03672603186153481,0.03181735404056196,0.05269397989852864,0.03999622183283069,0.8093654446977049,0.8093654446977049,0.8093654446977049,0.0047347878514815735,"6669.TW,2618.TW,2412.TW,2880.TW,1101.TW,2308.TW,2884.TW,1590.TW,5880.TW,2002.TW",2020,8765,10
2020-05-29,0.02413779915520784,0.01814659303014987,0.05269397989852864,0.03999622183283069,1.0,1.0,1.0,0.00585,"6669.TW,2618.TW,2412.TW,2880.TW,1101.TW",2020,8765,5
2020-05-29,0.021233203343366317,0.01525898910380774,0.05269397989852864,0.03999622183283069,1.0,1.0,1.0,0.00585,"6669.TW,2618.TW,2412.TW",2020,8765,3
2020-06-05,-0.00507871610931104,-0.007492353478700475,-0.008998967233475041,-0.014700282694435414,0.41469369606565204,0.4146936960656521,0.4146936960656521,0.0024259581219840645,"6669.TW,1590.TW,2912.TW,3045.TW,2892.TW,2886.TW,2395.TW,1216.TW,2887.TW,2412.TW,2884.TW,2317.TW,2002.TW,2880.TW,3231.TW",2020,8765,15
2020-06-05,0.009076933167798918,0.004259901496032725,-0.008998967233475041,-0.014700282694435414,0.8160172830538708,0.8160172830538709,0.8160172830538708,0.004773701105865145,"6669.TW,1590.TW,2912.TW,3045.TW,2892.TW",2020,8765,5
2020-06-05,-0.00959573138101715,-0.011697232519843448,-0.008998967233475041,-0.014700282694435414,0.362711445501798,0.3627114455017979,0.36271144550179796,0.002121861956185518,"6669.TW,1590.TW,2912.TW,3045.TW,2892.TW,2886.TW,2395.TW,1216.TW,2887.TW,2412.TW,2884.TW,2317.TW,2002.TW,2880.TW,3231.TW,2881.TW,2327.TW,1101.TW,5880.TW,2883.TW",2020,8765,20
2020-06-05,0.020991069951945586,0.016854967245308217,-0.008998967233475041,-0.014700282694435414,0.692489997715616,0.6924899977156163,0.6924899977156161,0.004051066486636355,"6669.TW,1590.TW,2912.TW",2020,8765,3
2020-06-05,-0.0025035190111210473,-0.006677813751134076,-0.008998967233475041,-0.014700282694435414,0.7153455375653044,0.7153455375653043,0.7153455375653044,0.00418477139475703,"6669.TW,1590.TW,2912.TW,3045.TW,2892.TW,2886.TW,2395.TW,1216.TW,2887.TW,2412.TW",2020,8765,10
2020-06-12,0.010227574594081768,0.004317743282706399,0.008513222129581832,0.016226635127608954,1.0,1.0,1.0,0.00585,"2609.TW,2303.TW,2618.TW,2891.TW,2382.TW",2020,8765,5
2020-06-12,0.014058241260729801,0.008904847141136374,0.008513222129581832,0.016226635127608954,0.8687095433790349,0.868709543379035,0.868709543379035,0.005081950828767355,"2609.TW,2303.TW,2618.TW,2891.TW,2382.TW,3008.TW,2327.TW,2880.TW,1326.TW,2883.TW,2884.TW,5876.TW,3017.TW,2882.TW,2603.TW",2020,8765,15
2020-06-12,0.010784691758526243,0.004871601311738694,0.008513222129581832,0.016226635127608954,0.9999999999999999,1.0,1.0,0.00585,"2609.TW,2303.TW,2618.TW,2891.TW,2382.TW,3008.TW,2327.TW,2880.TW,1326.TW,2883.TW",2020,8765,10
2020-06-12,0.004311172387347498,-0.0015640479711185318,0.008513222129581832,0.016226635127608954,1.0,1.0,1.0,0.00585,"2609.TW,2303.TW,2618.TW",2020,8765,3
2020-06-12,0.009438192686137332,0.005275820189653224,0.008513222129581832,0.016226635127608954,0.7048640235934482,0.7048640235934482,0.7048640235934482,0.004123454538021673,"2609.TW,2303.TW,2618.TW,2891.TW,2382.TW,3008.TW,2327.TW,2880.TW,1326.TW,2883.TW,2884.TW,5876.TW,3017.TW,2882.TW,2603.TW,2887.TW,2615.TW,1301.TW,2408.TW,1216.TW",2020,8765,20
2020-06-19,0.0039873022210157975,0.00042296786848150525,0.012380312111929692,0.011810626064662742,0.6068681567608053,0.6068681567608053,0.6068681567608053,0.003550178717050711,"9910.TW,1303.TW,2886.TW,2891.TW,1326.TW,2883.TW,4904.TW,2395.TW,3008.TW,2002.TW,2880.TW,2603.TW,2887.TW,2615.TW,2892.TW",2020,8765,15
2020-06-19,0.0076080462781736805,0.004622257627585613,0.012380312111929692,0.011810626064662742,0.5065374618711844,0.5065374618711845,0.5065374618711844,0.0029632441519464293,"9910.TW,1303.TW,2886.TW,2891.TW,1326.TW,2883.TW,4904.TW,2395.TW,3008.TW,2002.TW,2880.TW,2603.TW,2887.TW,2615.TW,2892.TW,1216.TW,2408.TW,5880.TW,2412.TW,3045.TW",2020,8765,20
2020-06-19,-0.006974640717498492,-0.011639455438660962,0.012380312111929692,0.011810626064662742,0.8030048964871208,0.803004896487121,0.8030048964871209,0.004697578644449658,"9910.TW,1303.TW,2886.TW,2891.TW,1326.TW",2020,8765,5
2020-06-19,-0.022360149791175583,-0.02807934291489722,0.012380312111929692,0.011810626064662742,1.0,0.9999999999999999,1.0,0.005849999999999999,"9910.TW,1303.TW,2886.TW",2020,8765,3
2020-06-19,0.0032630753904338786,-0.0002924339560067546,0.012380312111929692,0.011810626064662742,0.605802595917737,0.6058025959177371,0.6058025959177371,0.003543945186118762,"9910.TW,1303.TW,2886.TW,2891.TW,1326.TW,2883.TW,4904.TW,2395.TW,3008.TW,2002.TW",2020,8765,10
2020-06-30,0.025576902688532632,0.021486139028358053,0.05058372940673439,0.040864119573499814,0.681836571702187,0.681836571702187,0.681836571702187,0.003988743944457794,"2882.TW,2881.TW,9910.TW",2020,8765,3
2020-06-30,0.027036021661587917,0.022779658406721914,0.05058372940673439,0.040864119573499814,0.7084303247641932,0.7084303247641933,0.7084303247641932,0.004144317399870531,"2882.TW,2881.TW,9910.TW,2327.TW,1216.TW,1301.TW,2330.TW,1326.TW,2886.TW,2884.TW",2020,8765,10
2020-06-30,0.029968346561711327,0.02712173884213498,0.05058372940673439,0.040864119573499814,0.47244132483138385,0.4724413248313842,0.472441324831384,0.0027637817502635972,"2882.TW,2881.TW,9910.TW,2327.TW,1216.TW,1301.TW,2330.TW,1326.TW,2886.TW,2884.TW,2887.TW,2615.TW,2883.TW,4904.TW,2892.TW",2020,8765,15
2020-06-30,0.029188405778485086,0.026447968339987415,0.05058372940673439,0.040864119573499814,0.45516529486483503,0.4551652948648349,0.455165294864835,0.0026627169749592846,"2882.TW,2881.TW,9910.TW,2327.TW,1216.TW,1301.TW,2330.TW,1326.TW,2886.TW,2884.TW,2887.TW,2615.TW,2883.TW,4904.TW,2892.TW,2412.TW,2880.TW,2609.TW,2382.TW,1590.TW",2020,8765,20
2020-06-30,0.025114383013751553,0.02024452704137314,0.05058372940673439,0.040864119573499814,0.8120596356525609,0.8120596356525609,0.8120596356525609,0.004750548868567481,"2882.TW,2881.TW,9910.TW,2327.TW,1216.TW",2020,8765,5
2020-07-07,0.011713734666460144,0.008523352169384157,0.029629492461824114,0.0026209348412452194,0.5390502379554142,0.5390502379554143,0.5390502379554143,0.0031534438920391736,"3231.TW,3017.TW,2412.TW,3034.TW,2883.TW,3045.TW,2379.TW,3037.TW,2002.TW,2887.TW,1301.TW,4904.TW,2884.TW,2886.TW,1216.TW",2020,8765,15
2020-07-07,0.04392000510146865,0.03781307307162485,0.029629492461824114,0.0026209348412452194,1.0,0.9999999999999998,0.9999999999999999,0.005849999999999999,"3231.TW,3017.TW,2412.TW",2020,8765,3
2020-07-07,0.03893108489096593,0.03285333804435364,0.029629492461824114,0.0026209348412452194,1.0,1.0,1.0,0.00585,"3231.TW,3017.TW,2412.TW,3034.TW,2883.TW",2020,8765,5
2020-07-07,0.0048832759698161235,0.0021909070455135016,0.029629492461824114,0.0026209348412452194,0.4579974760850742,0.4579974760850743,0.45799747608507424,0.0026792852350976844,"3231.TW,3017.TW,2412.TW,3034.TW,2883.TW,3045.TW,2379.TW,3037.TW,2002.TW,2887.TW,1301.TW,4904.TW,2884.TW,2886.TW,1216.TW,5880.TW,1326.TW,1303.TW,2609.TW,2880.TW",2020,8765,20
2020-07-07,0.01857864760129684,0.012619962512829153,0.029629492461824114,0.0026209348412452194,0.9999999999999999,0.9999999999999998,0.9999999999999998,0.005849999999999999,"3231.TW,3017.TW,2412.TW,3034.TW,2883.TW,3045.TW,2379.TW,3037.TW,2002.TW,2887.TW",2020,8765,10
2020-07-14,0.0003243608336524153,-0.003224652893056623,0.02020546295992176,0.005439263908096141,0.6064722972527521,0.6064722972527522,0.6064722972527521,0.0035478629389286004,"6669.TW,2618.TW,2603.TW,2609.TW,2891.TW,3034.TW,2412.TW,2880.TW,1301.TW,1303.TW,5871.TW,1216.TW,2379.TW,2002.TW,2881.TW",2020,8765,15
2020-07-14,0.0007243303481569989,-0.005129906984379762,0.02020546295992176,0.005439263908096141,1.0,1.0,1.0,0.00585,"6669.TW,2618.TW,2603.TW,2609.TW,2891.TW",2020,8765,5
2020-07-14,-0.0014898987295319797,-0.006181295295650813,0.02020546295992176,0.005439263908096141,0.8031447352812007,0.8031447352812008,0.8031447352812007,0.004698396701395024,"6669.TW,2618.TW,2603.TW,2609.TW,2891.TW,3034.TW,2412.TW,2880.TW,1301.TW,1303.TW",2020,8765,10
2020-07-14,0.004540565460502077,-0.0013359968474420114,0.02020546295992176,0.005439263908096141,1.0,1.0,1.0,0.00585,"6669.TW,2618.TW,2603.TW",2020,8765,3
2020-07-14,0.00043187962194255505,-0.00224560313379496,0.02020546295992176,0.005439263908096141,0.45749177857874423,0.45749177857874435,0.4574917785787443,0.0026763269046856547,"6669.TW,2618.TW,2603.TW,2609.TW,2891.TW,3034.TW,2412.TW,2880.TW,1301.TW,1303.TW,5871.TW,1216.TW,2379.TW,2002.TW,2881.TW,3045.TW,2892.TW,2327.TW,5880.TW,2912.TW",2020,8765,20
2020-07-21,-0.014916501367258929,-0.020679239834260565,0.04312536485139118,-0.014331659616325154,1.0,0.9999999999999998,0.9999999999999999,0.005849999999999999,"2002.TW,2881.TW,2882.TW,4904.TW,5880.TW",2020,8765,5
2020-07-21,-0.0194409047251377,-0.024041285090479314,0.04312536485139118,-0.014331659616325154,0.8019810430914219,0.8019810430914218,0.8019810430914218,0.0046915891020848175,"2002.TW,2881.TW,2882.TW,4904.TW,5880.TW,2317.TW,2884.TW,2892.TW,3045.TW,2891.TW,2886.TW,2883.TW,2885.TW,1102.TW,1101.TW",2020,8765,15
2020-07-21,-0.014163289329102194,-0.01993043408652695,0.04312536485139118,-0.014331659616325154,1.0,1.0,1.0,0.00585,"2002.TW,2881.TW,2882.TW",2020,8765,3
2020-07-21,-0.01987482088259636,-0.022766082788621023,0.04312536485139118,-0.014331659616325154,0.5042547778373495,0.5042547778373496,0.5042547778373496,0.002949890450348495,"2002.TW,2881.TW,2882.TW,4904.TW,5880.TW,2317.TW,2884.TW,2892.TW,3045.TW,2891.TW,2886.TW,2883.TW,2885.TW,1102.TW,1101.TW,2887.TW,2880.TW,1216.TW,1303.TW,2912.TW",2020,8765,20
2020-07-21,-0.012653985085938036,-0.017857284595537037,0.04312536485139118,-0.014331659616325154,0.9008522789259115,0.9008522789259112,0.9008522789259114,0.0052699858317165815,"2002.TW,2881.TW,2882.TW,4904.TW,5880.TW,2317.TW,2884.TW,2892.TW,3045.TW,2891.TW",2020,8765,10
2020-07-28,0.019297920144086156,0.015095721150138353,0.012645869099293439,0.02630556008577901,0.7047248897049738,0.7047248897049739,0.7047248897049738,0.0041226406047740975,"2207.TW,2345.TW,5871.TW,3711.TW,2454.TW,2618.TW,9910.TW,1102.TW,5876.TW,2887.TW,1303.TW,2615.TW,2882.TW,1326.TW,2881.TW,2408.TW,2886.TW,2327.TW,2609.TW,2357.TW",2020,8765,20
2020-07-28,0.020362607541491447,0.015561191808769914,0.012645869099293439,0.02630556008577901,0.8043756406203653,0.8043756406203654,0.8043756406203653,0.004705597497629137,"2207.TW,2345.TW,5871.TW,3711.TW,2454.TW,2618.TW,9910.TW,1102.TW,5876.TW,2887.TW,1303.TW,2615.TW,2882.TW,1326.TW,2881.TW",2020,8765,15
2020-07-28,0.030108477053102867,0.0240823424623422,0.012645869099293439,0.02630556008577901,0.9999999999999999,0.9999999999999998,0.9999999999999998,0.005849999999999999,"2207.TW,2345.TW,5871.TW,3711.TW,2454.TW,2618.TW,9910.TW,1102.TW,5876.TW,2887.TW",2020,8765,10
2020-07-28,0.030009914430047892,0.023984356430632126,0.012645869099293439,0.02630556008577901,1.0,1.0,1.0,0.00585,"2207.TW,2345.TW,5871.TW",2020,8765,3
2020-07-28,0.029899594446963954,0.023874681819449295,0.012645869099293439,0.02630556008577901,1.0,0.9999999999999999,1.0,0.005849999999999999,"2207.TW,2345.TW,5871.TW,3711.TW,2454.TW",2020,8765,5
2020-08-04,0.005128912415137999,0.000396101006481242,-0.0009605354174948566,0.015630441791377153,0.8048993330412118,0.8048993330412118,0.8048993330412118,0.004708661098291089,"2408.TW,3711.TW,2892.TW,2880.TW,5880.TW,6669.TW,2303.TW,2881.TW,1216.TW,2887.TW",2020,8765,10
2020-08-04,-0.023032008078780326,-0.02874727083151951,-0.0009605354174948566,0.015630441791377153,1.0,1.0,1.0,0.00585,"2408.TW,3711.TW,2892.TW",2020,8765,3
2020-08-04,0.026051306521267983,0.02122311695208068,-0.0009605354174948566,0.015630441791377153,0.8043764917435227,0.8043764917435228,0.8043764917435228,0.004705602476699608,"2408.TW,3711.TW,2892.TW,2880.TW,5880.TW,6669.TW,2303.TW,2881.TW,1216.TW,2887.TW,2357.TW,1101.TW,2886.TW,3008.TW,2609.TW",2020,8765,15
2020-08-04,-0.005780553605976557,-0.01048609549880375,-0.0009605354174948566,0.015630441791377153,0.8090428510963099,0.8090428510963098,0.8090428510963099,0.004732900678913412,"2408.TW,3711.TW,2892.TW,2880.TW,5880.TW",2020,8765,5
2020-08-04,0.02146840487413223,0.017839072823930824,-0.0009605354174948566,0.015630441791377153,0.6073595992785685,0.6073595992785683,0.6073595992785684,0.003553053655779625,"2408.TW,3711.TW,2892.TW,2880.TW,5880.TW,6669.TW,2303.TW,2881.TW,1216.TW,2887.TW,2357.TW,1101.TW,2886.TW,3008.TW,2609.TW,2883.TW,2891.TW,5876.TW,3045.TW,2412.TW",2020,8765,20
2020-08-11,0.029179091119478504,0.026130800243712615,0.009615208747784543,0.025082883255379516,0.5063019331377754,0.5063019331377754,0.5063019331377754,0.002961866308855986,"2345.TW,3231.TW,2303.TW,2880.TW,5880.TW,2382.TW,2207.TW,1101.TW,2882.TW,2886.TW,3017.TW,5871.TW,2892.TW,3711.TW,6669.TW,1216.TW,2327.TW,2884.TW,2887.TW,2379.TW",2020,8765,20
2020-08-11,0.04107460040448266,0.038171581647790775,0.009615208747784543,0.025082883255379516,0.47666374947446666,0.47666374947446666,0.47666374947446666,0.00278848293442563,"2345.TW,3231.TW,2303.TW,2880.TW,5880.TW,2382.TW,2207.TW,1101.TW,2882.TW,2886.TW,3017.TW,5871.TW,2892.TW,3711.TW,6669.TW",2020,8765,15
2020-08-11,0.028091769992569127,0.02448316787989513,0.009615208747784543,0.025082883255379516,0.6000000000000001,0.6,0.6000000000000001,0.00351,"2345.TW,3231.TW,2303.TW,2880.TW,5880.TW",2020,8765,5
2020-08-11,0.027855560466170697,0.023646491946061943,0.009615208747784543,0.025082883255379516,0.7,0.7000000000000002,0.7000000000000001,0.0040950000000000005,"2345.TW,3231.TW,2303.TW,2880.TW,5880.TW,2382.TW,2207.TW,1101.TW,2882.TW,2886.TW",2020,8765,10
2020-08-11,0.03917814018276874,0.03309894806269953,0.009615208747784543,0.025082883255379516,1.0,1.0,1.0,0.00585,"2345.TW,3231.TW,2303.TW",2020,8765,3
2020-08-18,-0.023834191872762294,-0.027356454570655164,-0.009523701167479803,-0.010256374496783642,0.6167970468348123,0.616797046834812,0.6167970468348121,0.0036082627239836505,"2454.TW,3034.TW,3231.TW,2379.TW,3037.TW,3008.TW,2609.TW,3711.TW,5876.TW,6669.TW,2317.TW,2303.TW,2891.TW,2886.TW,2327.TW,2618.TW,2615.TW,2892.TW,2912.TW,2883.TW",2020,8765,20
2020-08-18,-0.030342044646324284,-0.034919168969219205,-0.009523701167479803,-0.010256374496783642,0.8068973289500758,0.8068973289500759,0.8068973289500758,0.004720349374357944,"2454.TW,3034.TW,3231.TW,2379.TW,3037.TW",2020,8765,5
2020-08-18,-0.03434318674973258,-0.038201323958054645,-0.009523701167479803,-0.010256374496783642,0.6829658579028671,0.6829658579028673,0.6829658579028672,0.003995350268731774,"2454.TW,3034.TW,3231.TW,2379.TW,3037.TW,3008.TW,2609.TW,3711.TW,5876.TW,6669.TW,2317.TW,2303.TW,2891.TW,2886.TW,2327.TW",2020,8765,15
2020-08-18,-0.024571440616937983,-0.02846080095649317,-0.009523701167479803,-0.010256374496783642,0.6815957097995844,0.6815957097995846,0.6815957097995845,0.00398733490232757,"2454.TW,3034.TW,3231.TW",2020,8765,3
2020-08-18,-0.024015930266573452,-0.029174049882892406,-0.009523701167479803,-0.010256374496783642,0.9034264761967284,0.9034264761967284,0.9034264761967284,0.005285044885750861,"2454.TW,3034.TW,3231.TW,2379.TW,3037.TW,3008.TW,2609.TW,3711.TW,5876.TW,6669.TW",2020,8765,10
2020-08-25,-0.01370117167072924,-0.017227305588541908,-0.0033654800218725356,-0.00494022951861663,0.61113114743313,0.6111311474331299,0.61113114743313,0.00357511721248381,"2303.TW,9910.TW,3034.TW,2885.TW,3037.TW",2020,8765,5
2020-08-25,0.0003669705591539715,-0.0036193709031241417,-0.0033654800218725356,-0.00494022951861663,0.6811759194796624,0.6811759194796624,0.6811759194796624,0.003984879128956025,"2303.TW,9910.TW,3034.TW,2885.TW,3037.TW,2603.TW,2207.TW,2618.TW,1590.TW,2454.TW,1303.TW,2002.TW,2327.TW,3017.TW,5880.TW",2020,8765,15
2020-08-25,-0.02193191900161621,-0.02574638451750988,-0.0033654800218725356,-0.00494022951861663,0.6666666666666666,0.6666666666666667,0.6666666666666667,0.0039000000000000003,"2303.TW,9910.TW,3034.TW",2020,8765,3
2020-08-25,0.002429761192692937,-0.0017290702044331363,-0.0033654800218725356,-0.00494022951861663,0.709188191988865,0.709188191988865,0.709188191988865,0.00414875092313486,"2303.TW,9910.TW,3034.TW,2885.TW,3037.TW,2603.TW,2207.TW,2618.TW,1590.TW,2454.TW",2020,8765,10
2020-08-25,0.00677940409273744,0.0028750433409965304,-0.0033654800218725356,-0.00494022951861663,0.662917905949929,0.6629179059499289,0.662917905949929,0.0038780697498070845,"2303.TW,9910.TW,3034.TW,2885.TW,3037.TW,2603.TW,2207.TW,2618.TW,1590.TW,2454.TW,1303.TW,2002.TW,2327.TW,3017.TW,5880.TW,2412.TW,2609.TW,1101.TW,2881.TW,4904.TW",2020,8765,20
2020-09-01,-0.020270763713223762,-0.023449795783211047,-0.018330740250406263,-0.016277998754684938,0.5546678259061706,0.5546678259061705,0.5546678259061706,0.0032448067815510975,"3017.TW,2603.TW,5871.TW,2884.TW,2885.TW,2395.TW,3037.TW,2609.TW,2881.TW,1101.TW,2382.TW,1102.TW,2379.TW,2615.TW,6669.TW,2882.TW,2887.TW,2408.TW,2412.TW,2618.TW",2020,8765,20
2020-09-01,0.010382524116336146,0.004471786350255691,-0.018330740250406263,-0.016277998754684938,1.0,1.0,1.0,0.00585,"3017.TW,2603.TW,5871.TW",2020,8765,3
2020-09-01,-0.029477158879455477,-0.03364492586287848,-0.018330740250406263,-0.016277998754684938,0.7340773142057755,0.7340773142057756,0.7340773142057755,0.004294352288103787,"3017.TW,2603.TW,5871.TW,2884.TW,2885.TW,2395.TW,3037.TW,2609.TW,2881.TW,1101.TW,2382.TW,1102.TW,2379.TW,2615.TW,6669.TW",2020,8765,15
2020-09-01,-0.0007414506878290709,-0.005417980698609992,-0.018330740250406263,-0.016277998754684938,0.8,0.7999999999999999,0.8,0.00468,"3017.TW,2603.TW,5871.TW,2884.TW,2885.TW",2020,8765,5
2020-09-01,-0.013286105850168695,-0.017331058051810344,-0.018330740250406263,-0.016277998754684938,0.7007551275936956,0.7007551275936956,0.7007551275936956,0.00409941749642312,"3017.TW,2603.TW,5871.TW,2884.TW,2885.TW,2395.TW,3037.TW,2609.TW,2881.TW,1101.TW",2020,8765,10
2020-09-08,0.007919491668902899,0.004317159767815104,0.04717429489765457,0.017712094293803177,0.6109448582401849,0.610944858240185,0.6109448582401849,0.003574027420705082,"2609.TW,6669.TW,3017.TW,3037.TW,2454.TW,2603.TW,1590.TW,2379.TW,2345.TW,2382.TW",2020,8765,10
2020-09-08,-0.009978371077995186,-0.013952705626144257,0.04717429489765457,0.017712094293803177,0.6862207927454915,0.6862207927454917,0.6862207927454916,0.004014391637561126,"2609.TW,6669.TW,3017.TW",2020,8765,3
2020-09-08,0.01803779741056144,0.01321598931467638,0.04717429489765457,0.017712094293803177,0.8096366384900511,0.8096366384900512,0.8096366384900511,0.0047363743351667995,"2609.TW,6669.TW,3017.TW,3037.TW,2454.TW",2020,8765,5
2020-09-08,0.01649871988057245,0.014322123673204956,0.04717429489765457,0.017712094293803177,0.36602872239606576,0.3660287223960656,0.36602872239606565,0.0021412680260169837,"2609.TW,6669.TW,3017.TW,3037.TW,2454.TW,2603.TW,1590.TW,2379.TW,2345.TW,2382.TW,2330.TW,2615.TW,2887.TW,2884.TW,2885.TW,3008.TW,1101.TW,2002.TW,2207.TW,2412.TW",2020,8765,20
2020-09-08,0.012103302972367459,0.010025940554841295,0.04717429489765457,0.017712094293803177,0.350858144335385,0.3508581443353847,0.35085814433538487,0.002052520144362001,"2609.TW,6669.TW,3017.TW,3037.TW,2454.TW,2603.TW,1590.TW,2379.TW,2345.TW,2382.TW,2330.TW,2615.TW,2887.TW,2884.TW,2885.TW",2020,8765,15
2020-09-15,-0.01699215606136715,-0.019920668397838126,-0.0286251333259816,-0.017120716967423972,0.5092537180486535,0.5092537180486536,0.5092537180486536,0.0029791342505846234,"2002.TW,9910.TW,5871.TW,6669.TW,2615.TW,1326.TW,2603.TW,2345.TW,2454.TW,2618.TW,1101.TW,1102.TW,4904.TW,2883.TW,2881.TW,2408.TW,2885.TW,2887.TW,2412.TW,2882.TW",2020,8765,20
2020-09-15,-0.01225082885071671,-0.015782276408864426,-0.0286251333259816,-0.017120716967423972,0.61115338477442,0.61115338477442,0.61115338477442,0.003575247300930357,"2002.TW,9910.TW,5871.TW,6669.TW,2615.TW,1326.TW,2603.TW,2345.TW,2454.TW,2618.TW",2020,8765,10
2020-09-15,-0.017238511201849244,-0.021121604850030784,-0.0286251333259816,-0.017120716967423972,0.6754199259563913,0.6754199259563912,0.6754199259563913,0.003951206566844889,"2002.TW,9910.TW,5871.TW,6669.TW,2615.TW,1326.TW,2603.TW,2345.TW,2454.TW,2618.TW,1101.TW,1102.TW,4904.TW,2883.TW,2881.TW",2020,8765,15
2020-09-15,0.003300373893252528,-0.0014091276170149492,-0.0286251333259816,-0.017120716967423972,0.8023947903898122,0.8023947903898122,0.8023947903898122,0.004694009523780402,"2002.TW,9910.TW,5871.TW,6669.TW,2615.TW",2020,8765,5
2020-09-15,0.01106006334355795,0.005145361972998197,-0.0286251333259816,-0.017120716967423972,1.0,1.0,1.0,0.00585,"2002.TW,9910.TW,5871.TW",2020,8765,3
2020-09-22,-0.011841833863658847,-0.017622559135556548,-0.007246353916538939,-0.00225598163900838,1.0,1.0,1.0,0.00585,"1590.TW,2603.TW,2330.TW,3037.TW,2303.TW",2020,8765,5
2020-09-22,-0.004182259727375281,-0.007127697058233795,-0.007246353916538939,-0.00225598163900838,0.5056081454149038,0.5056081454149038,0.5056081454149038,0.0029578076506771877,"1590.TW,2603.TW,2330.TW,3037.TW,2303.TW,5871.TW,6669.TW,2002.TW,2615.TW,1301.TW,2618.TW,2609.TW,2408.TW,2379.TW,2207.TW,2881.TW,1326.TW,2308.TW,2884.TW,2885.TW",2020,8765,20
2020-09-22,-0.005423795808197495,-0.008369024137232062,-0.007246353916538939,-0.00225598163900838,0.5062033777815174,0.5062033777815172,0.5062033777815174,0.002961289760021876,"1590.TW,2603.TW,2330.TW,3037.TW,2303.TW,5871.TW,6669.TW,2002.TW,2615.TW,1301.TW",2020,8765,10
2020-09-22,-0.0063533043621172005,-0.009870209821083553,-0.007246353916538939,-0.00225598163900838,0.6050243240130649,0.6050243240130653,0.605024324013065,0.0035393922954764312,"1590.TW,2603.TW,2330.TW,3037.TW,2303.TW,5871.TW,6669.TW,2002.TW,2615.TW,1301.TW,2618.TW,2609.TW,2408.TW,2379.TW,2207.TW",2020,8765,15
2020-09-22,-0.028804732087895392,-0.03448622440518123,-0.007246353916538939,-0.00225598163900838,1.0,1.0,1.0,0.00585,"1590.TW,2603.TW,2330.TW",2020,8765,3
2020-09-29,0.10852087834157609,0.10411904006613493,0.03844299442804866,0.02888207995546482,0.6787882862257106,0.6787882862257106,0.6787882862257106,0.003970911474420407,"1590.TW,3037.TW,6669.TW",2020,8765,3
2020-09-29,0.06307372586786872,0.06052755871850479,0.03844299442804866,0.02888207995546482,0.4094186858011002,0.4094186858011002,0.4094186858011002,0.0023950993119364362,"1590.TW,3037.TW,6669.TW,2603.TW,2303.TW,2357.TW,2330.TW,2002.TW,3711.TW,2207.TW,9910.TW,3231.TW,1301.TW,2327.TW,2454.TW",2020,8765,15
2020-09-29,0.07482602786381003,0.07285991201000885,0.03844299442804866,0.02888207995546482,0.31269077173809295,0.3126907717380928,0.3126907717380929,0.001829241014667843,"1590.TW,3037.TW,6669.TW,2603.TW,2303.TW,2357.TW,2330.TW,2002.TW,3711.TW,2207.TW",2020,8765,10
2020-09-29,0.11935359540990761,0.11794453876737498,0.03844299442804866,0.02888207995546482,0.21518167657354315,0.21518167657354312,0.21518167657354315,0.0012588128079552272,"1590.TW,3037.TW,6669.TW,2603.TW,2303.TW",2020,8765,5
2020-09-29,0.0497820508290086,0.046968220084376844,0.03844299442804866,0.02888207995546482,0.45818720953002084,0.45818720953002084,0.45818720953002084,0.002680395175750622,"1590.TW,3037.TW,6669.TW,2603.TW,2303.TW,2357.TW,2330.TW,2002.TW,3711.TW,2207.TW,9910.TW,3231.TW,1301.TW,2327.TW,2454.TW,3017.TW,5876.TW,2379.TW,2412.TW,2618.TW",2020,8765,20
2020-10-08,-0.008235360850599194,-0.01329566955992878,-0.009840790639664143,-0.01050545470261182,0.8721928587055842,0.872192858705584,0.872192858705584,0.005102328223427667,"2615.TW,4904.TW,2408.TW,1102.TW,2884.TW,2881.TW,2912.TW,2327.TW,2412.TW,2882.TW,2345.TW,2002.TW,1101.TW,2308.TW,2880.TW",2020,8765,15
2020-10-08,-0.0064548592492379205,-0.012267098322629955,-0.009840790639664143,-0.01050545470261182,0.9999999999999999,0.9999999999999999,0.9999999999999999,0.005849999999999999,"2615.TW,4904.TW,2408.TW,1102.TW,2884.TW,2881.TW,2912.TW,2327.TW,2412.TW,2882.TW",2020,8765,10
2020-10-08,-0.004178467722261825,-0.01000402368608666,-0.009840790639664143,-0.01050545470261182,1.0,0.9999999999999998,0.9999999999999999,0.005849999999999999,"2615.TW,4904.TW,2408.TW,1102.TW,2884.TW",2020,8765,5
2020-10-08,-0.006798605195043767,-0.01149707750128326,-0.009840790639664143,-0.01050545470261182,0.808655387907484,0.8086553879074838,0.8086553879074839,0.00473063401925878,"2615.TW,4904.TW,2408.TW,1102.TW,2884.TW,2881.TW,2912.TW,2327.TW,2412.TW,2882.TW,2345.TW,2002.TW,1101.TW,2308.TW,2880.TW,5880.TW,5871.TW,3034.TW,2609.TW,5876.TW",2020,8765,20
2020-10-08,0.0015500922333080052,-0.004308975806256776,-0.009840790639664143,-0.01050545470261182,1.0,1.0,1.0,0.00585,"2615.TW,4904.TW,2408.TW",2020,8765,3
2020-10-16,0.021778131321753953,0.01739236923589882,0.004259317699892851,0.012884845083936907,0.7337237876575119,0.733723787657512,0.733723787657512,0.004292284157796445,"2330.TW,3037.TW,3017.TW,2303.TW,2615.TW,6669.TW,2408.TW,2454.TW,5871.TW,2317.TW,2327.TW,2308.TW,2379.TW,3034.TW,3711.TW",2020,8765,15
2020-10-16,0.029643981431685375,0.024825247598585065,0.004259317699892851,0.012884845083936907,0.7999999999999999,0.8,0.8,0.00468,"2330.TW,3037.TW,3017.TW,2303.TW,2615.TW,6669.TW,2408.TW,2454.TW,5871.TW,2317.TW",2020,8765,10
2020-10-16,0.02988018694518764,0.0250603476702842,0.004259317699892851,0.012884845083936907,0.8,0.8,0.8,0.00468,"2330.TW,3037.TW,3017.TW,2303.TW,2615.TW",2020,8765,5
2020-10-16,0.018657874578472053,0.015074721536406654,0.004259317699892851,0.012884845083936907,0.601286073372657,0.6012860733726569,0.601286073372657,0.0035175235292300433,"2330.TW,3037.TW,3017.TW,2303.TW,2615.TW,6669.TW,2408.TW,2454.TW,5871.TW,2317.TW,2327.TW,2308.TW,2379.TW,3034.TW,3711.TW,2912.TW,2207.TW,2609.TW,1326.TW,1303.TW",2020,8765,20
2020-10-16,0.010086908187790788,0.004177899774892246,0.004259317699892851,0.012884845083936907,1.0,0.9999999999999999,1.0,0.005849999999999999,"2330.TW,3037.TW,3017.TW",2020,8765,3
2020-10-23,-0.01349583886346926,-0.016972608983990667,-0.02780390924891174,-0.01832744497187191,0.6024502502218475,0.6024502502218476,0.6024502502218476,0.0035243339637978086,"2303.TW,2345.TW,2615.TW,2308.TW,2379.TW,2002.TW,1590.TW,2330.TW,2207.TW,6669.TW",2020,8765,10
2020-10-23,-0.015533995618884935,-0.01898947129426265,-0.02780390924891174,-0.01832744497187191,0.6000000000000001,0.6,0.6000000000000001,0.00351,"2303.TW,2345.TW,2615.TW,2308.TW,2379.TW",2020,8765,5
2020-10-23,-0.02188322815458251,-0.0239460959576413,-0.02780390924891174,-0.01832744497187191,0.36051623388129933,0.36051623388129944,0.3605162338812994,0.002109019968205602,"2303.TW,2345.TW,2615.TW,2308.TW,2379.TW,2002.TW,1590.TW,2330.TW,2207.TW,6669.TW,1303.TW,2327.TW,2885.TW,2408.TW,2395.TW,2454.TW,1102.TW,2881.TW,3037.TW,1326.TW",2020,8765,20
2020-10-23,-0.001465463372381775,-0.007306890411653333,-0.02780390924891174,-0.01832744497187191,1.0,1.0,1.0,0.00585,"2303.TW,2345.TW,2615.TW",2020,8765,3
2020-10-23,-0.01607682986863952,-0.018812373729688914,-0.02780390924891174,-0.01832744497187191,0.4752549278412441,0.47525492784124423,0.4752549278412442,0.0027802413278712784,"2303.TW,2345.TW,2615.TW,2308.TW,2379.TW,2002.TW,1590.TW,2330.TW,2207.TW,6669.TW,1303.TW,2327.TW,2885.TW,2408.TW,2395.TW",2020,8765,15
2020-10-30,0.043148042562020386,0.03894322144809692,0.04459538738202662,0.04201832344832563,0.6890420253500799,0.68904202535008,0.68904202535008,0.004030895848297968,"2303.TW,3037.TW,2603.TW",2020,8765,3
2020-10-30,0.06340170634089262,0.06000790824120816,0.04459538738202662,0.04201832344832563,0.5455477679199111,0.5455477679199113,0.5455477679199112,0.003191454442331481,"2303.TW,3037.TW,2603.TW,5871.TW,2609.TW,2615.TW,2454.TW,9910.TW,3034.TW,3017.TW,2308.TW,6669.TW,2207.TW,2408.TW,2330.TW",2020,8765,15
2020-10-30,0.05404307943952974,0.05116846728072355,0.04459538738202662,0.04201832344832563,0.4661922300882447,0.46619223008824456,0.4661922300882446,0.002727224546016231,"2303.TW,3037.TW,2603.TW,5871.TW,2609.TW,2615.TW,2454.TW,9910.TW,3034.TW,3017.TW,2308.TW,6669.TW,2207.TW,2408.TW,2330.TW,1326.TW,2912.TW,2357.TW,2002.TW,1301.TW",2020,8765,20
2020-10-30,0.06723562777861783,0.062206158660110145,0.04459538738202662,0.04201832344832563,0.8055749718977371,0.8055749718977372,0.8055749718977372,0.0047126135856017624,"2303.TW,3037.TW,2603.TW,5871.TW,2609.TW,2615.TW,2454.TW,9910.TW,3034.TW,3017.TW",2020,8765,10
2020-10-30,0.06760563892603769,0.0625420494997484,0.04459538738202662,0.04201832344832563,0.8107589643039521,0.8107589643039519,0.810758964303952,0.004742939941178119,"2303.TW,3037.TW,2603.TW,5871.TW,2609.TW",2020,8765,5
2020-11-06,0.055332980141046775,0.049159282207221544,0.024593721814098357,0.030280163898315733,1.0,1.0,1.0,0.00585,"1301.TW,2412.TW,3017.TW",2020,8765,3
2020-11-06,0.033174977717117464,0.027516534856279584,0.024593721814098357,0.030280163898315733,0.9361968792779425,0.9361968792779427,0.9361968792779426,0.005476751743775965,"1301.TW,2412.TW,3017.TW,1326.TW,2885.TW,1101.TW,3045.TW,4904.TW,2912.TW,2002.TW,2883.TW,1102.TW,2886.TW,2882.TW,2887.TW",2020,8765,15
2020-11-06,0.034758026487295396,0.030479551833947793,0.024593721814098357,0.030280163898315733,0.7067963426088727,0.7067963426088724,0.7067963426088726,0.004134758604261904,"1301.TW,2412.TW,3017.TW,1326.TW,2885.TW,1101.TW,3045.TW,4904.TW,2912.TW,2002.TW,2883.TW,1102.TW,2886.TW,2882.TW,2887.TW,2615.TW,2327.TW,2395.TW,5880.TW,2618.TW",2020,8765,20
2020-11-06,0.037195298999769484,0.03170631741838714,0.024593721814098357,0.030280163898315733,0.9046391269935414,0.9046391269935413,0.9046391269935414,0.005292138892912217,"1301.TW,2412.TW,3017.TW,1326.TW,2885.TW,1101.TW,3045.TW,4904.TW,2912.TW,2002.TW",2020,8765,10
2020-11-06,0.0526673860723382,0.046509281863814866,0.024593721814098357,0.030280163898315733,1.0,1.0,1.0,0.00585,"1301.TW,2412.TW,3017.TW,1326.TW,2885.TW",2020,8765,5
2020-11-13,0.031903325632012765,0.028831241524364115,0.03849641824394068,0.028497233596393837,0.5089067642866504,0.5089067642866506,0.5089067642866505,0.0029771045710769058,"6669.TW,2454.TW,3045.TW,2615.TW,2412.TW,5871.TW,2883.TW,2317.TW,2885.TW,4904.TW,2887.TW,1590.TW,1101.TW,1301.TW,2382.TW,2609.TW,2882.TW,2880.TW,2603.TW,2891.TW",2020,8765,20
2020-11-13,0.06287431464404052,0.0578378444471459,0.03849641824394068,0.028497233596393837,0.8100064744537103,0.8100064744537104,0.8100064744537103,0.0047385378755542065,"6669.TW,2454.TW,3045.TW,2615.TW,2412.TW",2020,8765,5
2020-11-13,0.038395006927708586,0.032320396137181406,0.03849641824394068,0.028497233596393837,1.0,1.0,1.0,0.00585,"6669.TW,2454.TW,3045.TW",2020,8765,3
2020-11-13,0.037622675698786655,0.03390371860325869,0.03849641824394068,0.028497233596393837,0.6126689176300147,0.6126689176300147,0.6126689176300147,0.003584113168135586,"6669.TW,2454.TW,3045.TW,2615.TW,2412.TW,5871.TW,2883.TW,2317.TW,2885.TW,4904.TW",2020,8765,10
2020-11-13,0.03235103373243202,0.029467976427590914,0.03849641824394068,0.028497233596393837,0.4773863660871515,0.4773863660871515,0.4773863660871515,0.002792710241609836,"6669.TW,2454.TW,3045.TW,2615.TW,2412.TW,5871.TW,2883.TW,2317.TW,2885.TW,4904.TW,2887.TW,1590.TW,1101.TW,1301.TW,2382.TW",2020,8765,15
2020-11-20,0.01097107359747614,0.007750388994760327,0.0013084628591841785,0.014101460781307204,0.5445698605139835,0.5445698605139836,0.5445698605139835,0.003185733684006804,"2884.TW,2615.TW,1101.TW,2883.TW,4904.TW,5880.TW,2880.TW,2881.TW,2412.TW,2887.TW,2886.TW,2882.TW,3045.TW,2892.TW,1102.TW",2020,8765,15
2020-11-20,0.056467034320929324,0.050286702170151854,0.0013084628591841785,0.014101460781307204,1.0,0.9999999999999998,0.9999999999999999,0.005849999999999999,"2884.TW,2615.TW,1101.TW",2020,8765,3
2020-11-20,0.010894078747012172,0.008161480447524738,0.0013084628591841785,0.014101460781307204,0.4620769180923359,0.46207691809233603,0.462076918092336,0.0027031499708401654,"2884.TW,2615.TW,1101.TW,2883.TW,4904.TW,5880.TW,2880.TW,2881.TW,2412.TW,2887.TW,2886.TW,2882.TW,3045.TW,2892.TW,1102.TW,2317.TW,2002.TW,2357.TW,1303.TW,2885.TW",2020,8765,20
2020-11-20,0.04227128273474091,0.0373934531315423,0.0013084628591841785,0.014101460781307204,0.8,0.8,0.8,0.00468,"2884.TW,2615.TW,1101.TW,2883.TW,4904.TW",2020,8765,5
2020-11-20,0.02032830260730374,0.016677321961277025,0.0013084628591841785,0.014101460781307204,0.6116651416374993,0.6116651416374993,0.6116651416374993,0.003578241078579371,"2884.TW,2615.TW,1101.TW,2883.TW,4904.TW,5880.TW,2880.TW,2881.TW,2412.TW,2887.TW",2020,8765,10
2020-11-27,0.010906943495547505,0.007312906065032543,0.03222988706753438,0.013076447527328472,0.6077368215646285,0.6077368215646286,0.6077368215646286,0.003555260406153077,"1216.TW,5880.TW,2880.TW,2886.TW,5876.TW,2618.TW,1303.TW,2887.TW,2883.TW,2892.TW",2020,8765,10
2020-11-27,0.006207207127705098,0.0034084533070888323,0.03222988706753438,0.013076447527328472,0.4754681273663871,0.4754681273663871,0.4754681273663871,0.002781488545093365,"1216.TW,5880.TW,2880.TW,2886.TW,5876.TW,2618.TW,1303.TW,2887.TW,2883.TW,2892.TW,2207.TW,3045.TW,1301.TW,2882.TW,2317.TW",2020,8765,15
2020-11-27,0.0030356198013476773,-0.0028321385744901617,0.03222988706753438,0.013076447527328472,1.0,1.0,1.0,0.00585,"1216.TW,5880.TW,2880.TW,2886.TW,5876.TW",2020,8765,5
2020-11-27,0.016360962455406212,0.013932221427929603,0.03222988706753438,0.013076447527328472,0.40848617936214676,0.40848617936214676,0.40848617936214676,0.0023896441492685587,"1216.TW,5880.TW,2880.TW,2886.TW,5876.TW,2618.TW,1303.TW,2887.TW,2883.TW,2892.TW,2207.TW,3045.TW,1301.TW,2882.TW,2317.TW,1326.TW,2884.TW,4904.TW,2912.TW,2303.TW",2020,8765,20
2020-11-27,0.0033926493928387864,-0.002477197606109427,0.03222988706753438,0.013076447527328472,1.0,1.0,1.0,0.00585,"1216.TW,5880.TW,2880.TW",2020,8765,3
2020-12-04,0.0036299611413411993,8.603257163564137e-05,0.001265940359533868,0.004654656652179112,0.6036086794542616,0.6036086794542614,0.6036086794542614,0.0035311107748074297,"2883.TW,2317.TW,2887.TW,3017.TW,2886.TW,2615.TW,2892.TW,1101.TW,1590.TW,1102.TW",2020,8765,10
2020-12-04,0.005809730389250767,0.002820910185415748,0.001265940359533868,0.004654656652179112,0.5079583355743302,0.5079583355743302,0.5079583355743302,0.002971556263109832,"2883.TW,2317.TW,2887.TW,3017.TW,2886.TW,2615.TW,2892.TW,1101.TW,1590.TW,1102.TW,2609.TW,3037.TW,5880.TW,4904.TW,2882.TW,2880.TW,2412.TW,3045.TW,2454.TW,2885.TW",2020,8765,20
2020-12-04,0.004180878397517862,-0.0005222438753369474,0.001265940359533868,0.004654656652179112,0.8006052919044624,0.8006052919044625,0.8006052919044624,0.004683540957641105,"2883.TW,2317.TW,2887.TW,3017.TW,2886.TW",2020,8765,5
2020-12-04,0.007783790271346961,0.004622683687061313,0.001265940359533868,0.004654656652179112,0.5361865363327308,0.5361865363327312,0.536186536332731,0.003136691237546477,"2883.TW,2317.TW,2887.TW,3017.TW,2886.TW,2615.TW,2892.TW,1101.TW,1590.TW,1102.TW,2609.TW,3037.TW,5880.TW,4904.TW,2882.TW",2020,8765,15
2020-12-04,0.015308904110950091,0.009369347021900953,0.001265940359533868,0.004654656652179112,1.0,1.0,1.0,0.00585,"2883.TW,2317.TW,2887.TW",2020,8765,3
2020-12-11,0.04243250395720341,0.038745635549005675,-0.0033714720599301584,0.012841498065246879,0.6045800697299508,0.6045800697299508,0.6045800697299508,0.0035367934079202122,"3008.TW,2303.TW,2603.TW,2615.TW,2408.TW,5871.TW,1101.TW,1102.TW,1216.TW,2609.TW,1326.TW,2395.TW,2412.TW,2882.TW,4904.TW",2020,8765,15
2020-12-11,0.04434256750052624,0.03823316348064809,-0.0033714720599301584,0.012841498065246879,1.0,1.0,1.0,0.00585,"3008.TW,2303.TW,2603.TW,2615.TW,2408.TW",2020,8765,5
2020-12-11,0.056539607655852656,0.05218336829446368,-0.0033714720599301584,0.012841498065246879,0.7048068010855714,0.7048068010855714,0.7048068010855714,0.004123119786350593,"3008.TW,2303.TW,2603.TW,2615.TW,2408.TW,5871.TW,1101.TW,1102.TW,1216.TW,2609.TW",2020,8765,10
2020-12-11,0.030667968801069954,0.024638561183583763,-0.0033714720599301584,0.012841498065246879,1.0,1.0,1.0,0.00585,"3008.TW,2303.TW,2603.TW",2020,8765,3
2020-12-11,0.030673139571851495,0.027317972086414066,-0.0033714720599301584,0.012841498065246879,0.5564643934854582,0.5564643934854582,0.5564643934854582,0.00325531670188993,"3008.TW,2303.TW,2603.TW,2615.TW,2408.TW,5871.TW,1101.TW,1102.TW,1216.TW,2609.TW,1326.TW,2395.TW,2412.TW,2882.TW,4904.TW,2883.TW,1301.TW,3711.TW,2912.TW,3017.TW",2020,8765,20
2020-12-18,0.011867598009123034,0.008531489525517744,0.006765402022796296,0.015639399152256324,0.5635865360097034,0.5635865360097033,0.5635865360097034,0.003296981235656765,"2883.TW,1326.TW,1301.TW,1303.TW,2303.TW,2881.TW,3231.TW,2912.TW,2885.TW,9910.TW,2882.TW,2891.TW,1102.TW,5876.TW,2886.TW,2357.TW,2603.TW,2454.TW,2345.TW,2412.TW",2020,8765,20
2020-12-18,0.02474473325900868,0.019895530401550454,0.006765402022796296,0.015639399152256324,0.8089073683172114,0.8089073683172114,0.8089073683172114,0.004732108104655687,"2883.TW,1326.TW,1301.TW,1303.TW,2303.TW",2020,8765,5
2020-12-18,0.007921900967048472,0.0035219271561217624,0.006765402022796296,0.015639399152256324,0.746220788188485,0.746220788188485,0.746220788188485,0.004365391610902637,"2883.TW,1326.TW,1301.TW,1303.TW,2303.TW,2881.TW,3231.TW,2912.TW,2885.TW,9910.TW,2882.TW,2891.TW,1102.TW,5876.TW,2886.TW",2020,8765,15
2020-12-18,0.02439453187420937,0.018401823862745248,0.006765402022796296,0.015639399152256324,1.0,1.0,1.0,0.00585,"2883.TW,1326.TW,1301.TW",2020,8765,3
2020-12-18,0.012938559978801268,0.00757251116264035,0.006765402022796296,0.015639399152256324,0.9055567022021948,0.9055567022021948,0.9055567022021948,0.00529750670788284,"2883.TW,1326.TW,1301.TW,1303.TW,2303.TW,2881.TW,3231.TW,2912.TW,2885.TW,9910.TW",2020,8765,10
2020-12-25,0.021451799004132122,0.01745115141528264,0.04325926456261464,0.03778218859594235,0.6695092057951463,0.6695092057951464,0.6695092057951464,0.003916628853901607,"5871.TW,2002.TW,2618.TW,2412.TW,2886.TW,2883.TW,1101.TW,2885.TW,2395.TW,2881.TW,2357.TW,2330.TW,2891.TW,3045.TW,1216.TW",2020,8765,15
2020-12-25,0.02994378476387401,0.02391861362300518,0.04325926456261464,0.03778218859594235,1.0,1.0,1.0,0.00585,"5871.TW,2002.TW,2618.TW",2020,8765,3
2020-12-25,0.022295060856633735,0.016314634750622448,0.04325926456261464,0.03778218859594235,1.0,1.0,1.0,0.00585,"5871.TW,2002.TW,2618.TW,2412.TW,2886.TW",2020,8765,5
2020-12-25,0.024092414779833437,0.01987730155059042,0.04325926456261464,0.03778218859594235,0.7035812056999476,0.7035812056999478,0.7035812056999478,0.004115950053344694,"5871.TW,2002.TW,2618.TW,2412.TW,2886.TW,2883.TW,1101.TW,2885.TW,2395.TW,2881.TW",2020,8765,10
2020-12-25,0.02095628191311735,0.01792935764987469,0.04325926456261464,0.03778218859594235,0.5068022599479576,0.5068022599479578,0.5068022599479577,0.0029647932206955533,"5871.TW,2002.TW,2618.TW,2412.TW,2886.TW,2883.TW,1101.TW,2885.TW,2395.TW,2881.TW,2357.TW,2330.TW,2891.TW,3045.TW,1216.TW,5876.TW,4904.TW,3008.TW,2882.TW,3231.TW",2020,8765,20
2021-01-04,0.022508877960477888,0.021051802809384235,0.06521722879637837,0.02663752174903351,0.9999999999999999,0.0,0.49999999999999994,0.0014249999999999998,"2303.TW,2379.TW,2618.TW,2345.TW,3231.TW,4904.TW,6669.TW,2412.TW,3045.TW,2891.TW,2892.TW,9910.TW,2881.TW,1102.TW,1101.TW",2021,8765,15
2021-01-04,0.040375643541179555,0.03889310824913328,0.06521722879637837,0.02663752174903351,1.0,0.0,0.5,0.001425,"2303.TW,2379.TW,2618.TW,2345.TW,3231.TW",2021,8765,5
2021-01-04,0.02222608595756912,0.02076941378507957,0.06521722879637837,0.02663752174903351,1.0000000000000002,0.0,0.5000000000000001,0.0014250000000000003,"2303.TW,2379.TW,2618.TW,2345.TW,3231.TW,4904.TW,6669.TW,2412.TW,3045.TW,2891.TW,2892.TW,9910.TW,2881.TW,1102.TW,1101.TW,2883.TW,2382.TW,2886.TW,5880.TW,2884.TW",2021,8765,20
2021-01-04,0.02830869760754538,0.026843357713454585,0.06521722879637837,0.02663752174903351,0.9999999999999999,0.0,0.49999999999999994,0.0014249999999999998,"2303.TW,2379.TW,2618.TW,2345.TW,3231.TW,4904.TW,6669.TW,2412.TW,3045.TW,2891.TW",2021,8765,10
2021-01-04,0.07451645232432924,0.07298526637976699,0.06521722879637837,0.02663752174903351,1.0,0.0,0.5,0.001425,"2303.TW,2379.TW,2618.TW",2021,8765,3
2021-01-11,-0.06700769873075496,-0.07144460687565812,0.021919918005930406,-0.010125146243281575,0.8129175725285025,0.8129175725285027,0.8129175725285026,0.004755567799291741,"3008.TW,2609.TW,2618.TW,2603.TW,2615.TW",2021,8765,5
2021-01-11,-0.027019425848160816,-0.030858447209877737,0.021919918005930406,-0.010125146243281575,0.6744666699917449,0.674466669991745,0.674466669991745,0.003945630019451708,"3008.TW,2609.TW,2618.TW,2603.TW,2615.TW,2408.TW,2207.TW,3045.TW,2912.TW,1216.TW,3017.TW,9910.TW,1102.TW,2891.TW,2886.TW",2021,8765,15
2021-01-11,-0.02068468901342089,-0.024174025309333658,0.021919918005930406,-0.010125146243281575,0.6090660854573655,0.6090660854573653,0.6090660854573654,0.0035630365999255874,"3008.TW,2609.TW,2618.TW,2603.TW,2615.TW,2408.TW,2207.TW,3045.TW,2912.TW,1216.TW,3017.TW,9910.TW,1102.TW,2891.TW,2886.TW,2887.TW,1101.TW,2880.TW,2884.TW,2317.TW",2021,8765,20
2021-01-11,-0.024428979922698508,-0.02841311667948543,0.021919918005930406,-0.010125146243281575,0.6981029614842404,0.6981029614842407,0.6981029614842406,0.004083902324682808,"3008.TW,2609.TW,2618.TW",2021,8765,3
2021-01-11,-0.041043898800490995,-0.04557623127711152,0.021919918005930406,-0.010125146243281575,0.8079177840800981,0.8079177840800983,0.8079177840800982,0.004726319036868575,"3008.TW,2609.TW,2618.TW,2603.TW,2615.TW,2408.TW,2207.TW,3045.TW,2912.TW,1216.TW",2021,8765,10
2021-01-18,-0.018804667853955827,-0.02236611940707689,0.0244386819556226,0.002404965969859707,0.6204627328934823,0.6204627328934822,0.6204627328934822,0.003629706987426871,"2603.TW,2308.TW,1301.TW,2615.TW,2408.TW,2002.TW,1326.TW,2609.TW,3037.TW,1303.TW",2021,8765,10
2021-01-18,-0.002696096090147277,-0.006868195585937431,0.0244386819556226,0.002404965969859707,0.7151073992529235,0.7151073992529233,0.7151073992529234,0.004183378285629601,"2603.TW,2308.TW,1301.TW,2615.TW,2408.TW,2002.TW,1326.TW,2609.TW,3037.TW,1303.TW,2382.TW,2882.TW,5876.TW,3008.TW,2883.TW,2881.TW,2454.TW,5880.TW,3034.TW,2886.TW",2021,8765,20
2021-01-18,-0.012747915373605194,-0.016702218877547526,0.0244386819556226,0.002404965969859707,0.6846775280996275,0.6846775280996276,0.6846775280996276,0.004005363539382821,"2603.TW,2308.TW,1301.TW,2615.TW,2408.TW,2002.TW,1326.TW,2609.TW,3037.TW,1303.TW,2382.TW,2882.TW,5876.TW,3008.TW,2883.TW",2021,8765,15
2021-01-18,-0.007697503668025663,-0.011339437332392066,0.0244386819556226,0.002404965969859707,0.6273820386835769,0.6273820386835768,0.6273820386835769,0.0036701849262989247,"2603.TW,2308.TW,1301.TW,2615.TW,2408.TW",2021,8765,5
2021-01-18,-0.0020990562258130403,-0.007936776746892082,0.0244386819556226,0.002404965969859707,1.0,0.9999999999999999,1.0,0.005849999999999999,"2603.TW,2308.TW,1301.TW",2021,8765,3
2021-01-25,-0.025188414969932595,-0.02975053318787335,-0.022500860818704504,-0.032713424203836355,0.7999999999999999,0.8,0.8,0.00468,"3711.TW,2330.TW,2408.TW,3037.TW,3017.TW,2395.TW,2207.TW,6669.TW,5876.TW,2618.TW",2021,8765,10
2021-01-25,-0.021866304350115016,-0.02608141840559386,-0.022500860818704504,-0.032713424203836355,0.7366399096364156,0.7366399096364156,0.7366399096364156,0.004309343471373031,"3711.TW,2330.TW,2408.TW,3037.TW,3017.TW,2395.TW,2207.TW,6669.TW,5876.TW,2618.TW,2454.TW,9910.TW,3034.TW,2884.TW,2883.TW",2021,8765,15
2021-01-25,-0.026386829255633525,-0.030396368563080367,-0.022500860818704504,-0.032713424203836355,0.7039667859898623,0.703966785989862,0.7039667859898622,0.004118205698040693,"3711.TW,2330.TW,2408.TW,3037.TW,3017.TW,2395.TW,2207.TW,6669.TW,5876.TW,2618.TW,2454.TW,9910.TW,3034.TW,2884.TW,2883.TW,1590.TW,2880.TW,1102.TW,2379.TW,2412.TW",2021,8765,20
2021-01-25,-0.04001818117835914,-0.044520460745339774,-0.022500860818704504,-0.032713424203836355,0.8017031403207271,0.801703140320727,0.8017031403207271,0.0046899633708762534,"3711.TW,2330.TW,2408.TW,3037.TW,3017.TW",2021,8765,5
2021-01-25,-0.01095900957046536,-0.016744899364478205,-0.022500860818704504,-0.032713424203836355,1.0,1.0,1.0,0.00585,"3711.TW,2330.TW,2408.TW",2021,8765,3
2021-02-01,0.12064037889363381,0.11408463267710611,0.060754530887575875,0.053672993656204974,1.0,1.0,1.0,0.00585,"1590.TW,2609.TW,2615.TW,2603.TW,2327.TW",2021,8765,5
2021-02-01,0.08163436643490318,0.07712923406929595,0.060754530887575875,0.053672993656204974,0.7119856030677898,0.7119856030677899,0.7119856030677898,0.004165115777946571,"1590.TW,2609.TW,2615.TW,2603.TW,2327.TW,3037.TW,2317.TW,2395.TW,3017.TW,2303.TW",2021,8765,10
2021-02-01,0.06896261660772238,0.06432009155867124,0.060754530887575875,0.053672993656204974,0.7423964254215194,0.7423964254215195,0.7423964254215194,0.004343019088715889,"1590.TW,2609.TW,2615.TW,2603.TW,2327.TW,3037.TW,2317.TW,2395.TW,3017.TW,2303.TW,2379.TW,2308.TW,2357.TW,2345.TW,6669.TW",2021,8765,15
2021-02-01,0.07440163366248113,0.07023656946376389,0.060754530887575875,0.053672993656204974,0.6626728439331062,0.6626728439331062,0.6626728439331062,0.0038766361370086715,"1590.TW,2609.TW,2615.TW,2603.TW,2327.TW,3037.TW,2317.TW,2395.TW,3017.TW,2303.TW,2379.TW,2308.TW,2357.TW,2345.TW,6669.TW,3008.TW,5871.TW,3231.TW,3034.TW,2885.TW",2021,8765,20
2021-02-01,0.12062294489298007,0.11406730066535609,0.060754530887575875,0.053672993656204974,1.0,1.0,1.0,0.00585,"1590.TW,2609.TW,2615.TW",2021,8765,3
2021-02-17,0.011075900342988486,0.006258730208490659,-0.01921023263374877,0.023582221587584596,0.814427369853846,0.8144273698538459,0.814427369853846,0.004764400113644999,"2345.TW,9910.TW,2412.TW,3045.TW,1590.TW",2021,8765,5
2021-02-17,0.019412763897549302,0.014566646988141585,-0.01921023263374877,0.023582221587584596,0.8126208364539048,0.8126208364539049,0.8126208364539049,0.004753831893255344,"2345.TW,9910.TW,2412.TW,3045.TW,1590.TW,4904.TW,2317.TW,3231.TW,1216.TW,2357.TW",2021,8765,10
2021-02-17,0.021952927106919026,0.017669998083819305,-0.01921023263374877,0.023582221587584596,0.7163975951474465,0.7163975951474464,0.7163975951474464,0.004190925931612561,"2345.TW,9910.TW,2412.TW,3045.TW,1590.TW,4904.TW,2317.TW,3231.TW,1216.TW,2357.TW,2912.TW,2892.TW,5880.TW,1101.TW,1102.TW,6669.TW,2886.TW,2207.TW,2618.TW,2883.TW",2021,8765,20
2021-02-17,0.026947729573861448,0.020940085355854343,-0.01921023263374877,0.023582221587584596,1.0,1.0000000000000002,1.0,0.005850000000000001,"2345.TW,9910.TW,2412.TW",2021,8765,3
2021-02-17,0.020979372846181604,0.01650634963581865,-0.01921023263374877,0.023582221587584596,0.7489077375454418,0.7489077375454418,0.7489077375454418,0.004381110264640835,"2345.TW,9910.TW,2412.TW,3045.TW,1590.TW,4904.TW,2317.TW,3231.TW,1216.TW,2357.TW,2912.TW,2892.TW,5880.TW,1101.TW,1102.TW",2021,8765,15
2021-02-24,-0.06171605995931568,-0.06588533764754201,-0.0565829651776284,-0.03791864958283428,0.7595750180819718,0.7595750180819717,0.7595750180819718,0.004443513855779535,"2330.TW,3711.TW,6669.TW,2382.TW,2308.TW,1590.TW,2379.TW,2303.TW,2317.TW,3034.TW,2345.TW,2603.TW,2395.TW,2327.TW,2454.TW,3017.TW,2886.TW,2615.TW,2408.TW,2882.TW",2021,8765,20
2021-02-24,-0.04882011086632772,-0.05438451321775972,-0.0565829651776284,-0.03791864958283428,1.0,1.0,1.0,0.00585,"2330.TW,3711.TW,6669.TW,2382.TW,2308.TW",2021,8765,5
2021-02-24,-0.0505313507071415,-0.05608574230550478,-0.0565829651776284,-0.03791864958283428,1.0,1.0,1.0,0.00585,"2330.TW,3711.TW,6669.TW",2021,8765,3
2021-02-24,-0.0682512478676362,-0.07264855042164764,-0.0565829651776284,-0.03791864958283428,0.8067364174495647,0.8067364174495649,0.8067364174495648,0.0047194080420799546,"2330.TW,3711.TW,6669.TW,2382.TW,2308.TW,1590.TW,2379.TW,2303.TW,2317.TW,3034.TW",2021,8765,10
2021-02-24,-0.06664172588416417,-0.07104093870811246,-0.0565829651776284,-0.03791864958283428,0.8056951044230889,0.8056951044230889,0.8056951044230889,0.00471331636087507,"2330.TW,3711.TW,6669.TW,2382.TW,2308.TW,1590.TW,2379.TW,2303.TW,2317.TW,3034.TW,2345.TW,2603.TW,2395.TW,2327.TW,2454.TW",2021,8765,15
2021-03-04,0.041868403847037404,0.03962336886797102,0.03998440115631108,0.04227954129609888,0.3683446601041181,0.368344660104118,0.36834466010411804,0.0021548162616090902,"1303.TW,2303.TW,2379.TW,2454.TW,2408.TW,2327.TW,2330.TW,2308.TW,3711.TW,3034.TW,2002.TW,2618.TW,2345.TW,1590.TW,2609.TW,3037.TW,2382.TW,2207.TW,2395.TW,2885.TW",2021,8765,20
2021-03-04,0.04127168615308204,0.03518024678908649,0.03998440115631108,0.04227954129609888,1.0,1.0,1.0,0.00585,"1303.TW,2303.TW,2379.TW",2021,8765,3
2021-03-04,0.04480269137925657,0.04224883511780719,0.03998440115631108,0.04227954129609888,0.41783642929984155,0.4178364292998415,0.41783642929984155,0.002444343111404073,"1303.TW,2303.TW,2379.TW,2454.TW,2408.TW,2327.TW,2330.TW,2308.TW,3711.TW,3034.TW",2021,8765,10
2021-03-04,0.04016619178012859,0.03408121955821475,0.03998440115631108,0.04227954129609888,1.0,1.0,1.0,0.00585,"1303.TW,2303.TW,2379.TW,2454.TW,2408.TW",2021,8765,5
2021-03-04,0.04889504548800142,0.046743326327807644,0.03998440115631108,0.04227954129609888,0.35066925202955346,0.3506692520295534,0.35066925202955346,0.0020514151243728874,"1303.TW,2303.TW,2379.TW,2454.TW,2408.TW,2327.TW,2330.TW,2308.TW,3711.TW,3034.TW,2002.TW,2618.TW,2345.TW,1590.TW,2609.TW",2021,8765,15
2021-03-11,0.016144540518227442,0.010200094956195782,-0.013308693333497601,0.004884229266329181,1.0,1.0,1.0,0.00585,"2395.TW,2603.TW,1101.TW,1590.TW,5880.TW",2021,8765,5
2021-03-11,0.02171585165707242,0.015738813924878414,-0.013308693333497601,0.004884229266329181,1.0,1.0,1.0,0.00585,"2395.TW,2603.TW,1101.TW",2021,8765,3
2021-03-11,0.014151861138391652,0.009790890422782805,-0.013308693333497601,0.004884229266329181,0.7350625760864596,0.7350625760864599,0.7350625760864598,0.00430011607010579,"2395.TW,2603.TW,1101.TW,1590.TW,5880.TW,2609.TW,2880.TW,2345.TW,2615.TW,2002.TW,2891.TW,5876.TW,1326.TW,4904.TW,2883.TW",2021,8765,15
2021-03-11,0.01155931263620586,0.007386676475199749,-0.013308693333497601,0.004884229266329181,0.7051204311239985,0.7051204311239982,0.7051204311239984,0.00412495452207539,"2395.TW,2603.TW,1101.TW,1590.TW,5880.TW,2609.TW,2880.TW,2345.TW,2615.TW,2002.TW,2891.TW,5876.TW,1326.TW,4904.TW,2883.TW,1102.TW,2379.TW,3045.TW,2892.TW,1216.TW",2021,8765,20
2021-03-11,0.022842713057830342,0.016859083186442136,-0.013308693333497601,0.004884229266329181,0.9999999999999999,1.0,1.0,0.00585,"2395.TW,2603.TW,1101.TW,1590.TW,5880.TW,2609.TW,2880.TW,2345.TW,2615.TW,2002.TW",2021,8765,10
2021-03-18,0.02095942609405027,0.01498681345139996,-0.002997206673186814,0.009884103846851757,0.9999999999999999,1.0,1.0,0.00585,"6669.TW,2327.TW,1301.TW,1326.TW,5876.TW,2882.TW,2303.TW,2454.TW,2885.TW,5871.TW",2021,8765,10
2021-03-18,-0.001823806614691799,-0.007663137345995885,-0.002997206673186814,0.009884103846851757,1.0,1.0,1.0,0.00585,"6669.TW,2327.TW,1301.TW",2021,8765,3
2021-03-18,0.018326562795979853,0.01430716630361717,-0.002997206673186814,0.009884103846851757,0.6747111865513141,0.6747111865513143,0.6747111865513142,0.003947060441325189,"6669.TW,2327.TW,1301.TW,1326.TW,5876.TW,2882.TW,2303.TW,2454.TW,2885.TW,5871.TW,4904.TW,2002.TW,2883.TW,2884.TW,1303.TW",2021,8765,15
2021-03-18,0.014662145947078804,0.011063995881088529,-0.002997206673186814,0.009884103846851757,0.6061804806709006,0.6061804806709006,0.6061804806709006,0.0035461558119247684,"6669.TW,2327.TW,1301.TW,1326.TW,5876.TW,2882.TW,2303.TW,2454.TW,2885.TW,5871.TW,4904.TW,2002.TW,2883.TW,2884.TW,1303.TW,2892.TW,2880.TW,2618.TW,2886.TW,5880.TW",2021,8765,20
2021-03-18,0.0028661120638985736,-0.0030006546916752086,-0.002997206673186814,0.009884103846851757,1.0,1.0,1.0,0.00585,"6669.TW,2327.TW,1301.TW,1326.TW,5876.TW",2021,8765,5
2021-03-25,0.08952190607243224,0.08314820292190839,0.034949144184671876,0.03738142941146509,0.9999999999999999,1.0000000000000002,1.0,0.005850000000000001,"3231.TW,9910.TW,3711.TW,2603.TW,2609.TW,3037.TW,2317.TW,2615.TW,2357.TW,2308.TW",2021,8765,10
2021-03-25,0.07272489218605188,0.06767643801779255,0.034949144184671876,0.03738142941146509,0.8044780397956736,0.8044780397956738,0.8044780397956737,0.004706196532804691,"3231.TW,9910.TW,3711.TW,2603.TW,2609.TW,3037.TW,2317.TW,2615.TW,2357.TW,2308.TW,2327.TW,5871.TW,2408.TW,2618.TW,2884.TW",2021,8765,15
2021-03-25,0.04227307819254769,0.036175780685121284,0.034949144184671876,0.03738142941146509,1.0,1.0,1.0,0.00585,"3231.TW,9910.TW,3711.TW",2021,8765,3
2021-03-25,0.06733003866279386,0.06261119371724333,0.034949144184671876,0.03738142941146509,0.7557551389101557,0.7557551389101556,0.7557551389101556,0.004421167562624411,"3231.TW,9910.TW,3711.TW,2603.TW,2609.TW,3037.TW,2317.TW,2615.TW,2357.TW,2308.TW,2327.TW,5871.TW,2408.TW,2618.TW,2884.TW,2412.TW,3034.TW,2382.TW,2330.TW,6669.TW",2021,8765,20
2021-03-25,0.1289237050436892,0.12231950136918357,0.034949144184671876,0.03738142941146509,1.0,0.9999999999999999,1.0,0.005849999999999999,"3231.TW,9910.TW,3711.TW,2603.TW,2609.TW",2021,8765,5
2021-04-01,-0.005147560467507839,-0.010967447238772965,-0.0025416238002026192,0.018027635170119044,1.0,1.0,1.0,0.00585,"2317.TW,3017.TW,2345.TW,1102.TW,3008.TW",2021,8765,5
2021-04-01,-0.0067158103674003575,-0.012526522876751045,-0.0025416238002026192,0.018027635170119044,1.0,0.9999999999999998,0.9999999999999999,0.005849999999999999,"2317.TW,3017.TW,2345.TW",2021,8765,3
2021-04-01,0.009760963991070144,0.004592794472007222,-0.0025416238002026192,0.018027635170119044,0.8749078371425245,0.8749078371425245,0.8749078371425245,0.005118210847283768,"2317.TW,3017.TW,2345.TW,1102.TW,3008.TW,2891.TW,2892.TW,2379.TW,5876.TW,3034.TW,2327.TW,5880.TW,2002.TW,2886.TW,2412.TW",2021,8765,15
2021-04-01,-0.002953955971305066,-0.00826602439140145,-0.0025416238002026192,0.018027635170119044,0.9107361582902205,0.9107361582902204,0.9107361582902205,0.005327806525997789,"2317.TW,3017.TW,2345.TW,1102.TW,3008.TW,2891.TW,2892.TW,2379.TW,5876.TW,3034.TW",2021,8765,10
2021-04-01,0.009244030434915665,0.004747104766768873,-0.0025416238002026192,0.018027635170119044,0.7616643935828022,0.7616643935828021,0.7616643935828022,0.004455736702459393,"2317.TW,3017.TW,2345.TW,1102.TW,3008.TW,2891.TW,2892.TW,2379.TW,5876.TW,3034.TW,2327.TW,5880.TW,2002.TW,2886.TW,2412.TW,2885.TW,2887.TW,1326.TW,3231.TW,2880.TW",2021,8765,20
2021-04-13,0.016435956067600028,0.012399431164517472,0.011649025580052985,0.04347351284081563,0.6788467613903372,0.6788467613903373,0.6788467613903373,0.003971253554133473,"2382.TW,3034.TW,2345.TW",2021,8765,3
2021-04-13,0.05438158353686013,0.04940668349358601,0.011649025580052985,0.04347351284081563,0.8065488596214715,0.8065488596214715,0.8065488596214715,0.004718310828785608,"2382.TW,3034.TW,2345.TW,1590.TW,2609.TW,2454.TW,2327.TW,3037.TW,2884.TW,1216.TW",2021,8765,10
2021-04-13,0.04310549778386405,0.03970092071479625,0.011649025580052985,0.04347351284081563,0.5579291714998035,0.5579291714998034,0.5579291714998034,0.0032638856532738497,"2382.TW,3034.TW,2345.TW,1590.TW,2609.TW,2454.TW,2327.TW,3037.TW,2884.TW,1216.TW,2408.TW,3231.TW,2887.TW,2308.TW,3017.TW,2379.TW,1301.TW,1102.TW,2357.TW,1326.TW",2021,8765,20
2021-04-13,0.06876364088672211,0.06371423597949621,0.011649025580052985,0.04347351284081563,0.8076118095402035,0.8076118095402035,0.8076118095402035,0.00472452908581019,"2382.TW,3034.TW,2345.TW,1590.TW,2609.TW",2021,8765,5
2021-04-13,0.04104872540047552,0.036533727700043706,0.011649025580052985,0.04347351284081563,0.7413624932967551,0.7413624932967554,0.7413624932967553,0.0043369705857860185,"2382.TW,3034.TW,2345.TW,1590.TW,2609.TW,2454.TW,2327.TW,3037.TW,2884.TW,1216.TW,2408.TW,3231.TW,2887.TW,2308.TW,3017.TW",2021,8765,15
2021-04-20,0.014752366156589501,0.010335957366609305,0.016552613506686686,0.02960149241624486,0.7439664086325426,0.7439664086325426,0.7439664086325426,0.0043522034905003745,"2330.TW,1590.TW,5871.TW,3034.TW,2317.TW,2618.TW,2408.TW,2912.TW,2303.TW,1301.TW,5880.TW,2886.TW,3231.TW,2892.TW,2412.TW",2021,8765,15
2021-04-20,0.023128097680713902,0.018283517415107475,0.016552613506686686,0.02960149241624486,0.8094131913818221,0.8094131913818221,0.8094131913818221,0.0047350671695836595,"2330.TW,1590.TW,5871.TW,3034.TW,2317.TW,2618.TW,2408.TW,2912.TW,2303.TW,1301.TW",2021,8765,10
2021-04-20,0.020507918133433604,0.016274893730694018,0.016552613506686686,0.02960149241624486,0.7090527198669135,0.7090527198669133,0.7090527198669134,0.004147958411221443,"2330.TW,1590.TW,5871.TW,3034.TW,2317.TW,2618.TW,2408.TW,2912.TW,2303.TW,1301.TW,5880.TW,2886.TW,3231.TW,2892.TW,2412.TW,2603.TW,1303.TW,2882.TW,2884.TW,4904.TW",2021,8765,20
2021-04-20,0.016187628517854453,0.010242930891025015,0.016552613506686686,0.02960149241624486,1.0,1.0,1.0,0.00585,"2330.TW,1590.TW,5871.TW",2021,8765,3
2021-04-20,0.015139130872854435,0.011433729884208432,0.016552613506686686,0.02960149241624486,0.6239557309315884,0.6239557309315884,0.6239557309315884,0.003650141025949792,"2330.TW,1590.TW,5871.TW,3034.TW,2317.TW",2021,8765,5
2021-04-27,-0.025787643077628618,-0.02899717095194687,-0.0350441572236031,-0.026008967011156826,0.5631598075869385,0.5631598075869384,0.5631598075869384,0.00329448487438359,"2880.TW,2408.TW,2357.TW,4904.TW,2002.TW,3008.TW,2382.TW,1101.TW,2603.TW,2615.TW,2327.TW,3045.TW,1326.TW,2412.TW,1216.TW,5880.TW,2892.TW,2317.TW,2886.TW,3231.TW",2021,8765,20
2021-04-27,-0.022976299627007014,-0.027965824694699992,-0.0350441572236031,-0.026008967011156826,0.8729678386062576,0.8729678386062579,0.8729678386062578,0.005106861855846609,"2880.TW,2408.TW,2357.TW,4904.TW,2002.TW,3008.TW,2382.TW,1101.TW,2603.TW,2615.TW,2327.TW,3045.TW,1326.TW,2412.TW,1216.TW",2021,8765,15
2021-04-27,-0.016679564184510883,-0.02190219744583488,-0.0350441572236031,-0.026008967011156826,0.9079012191058237,0.9079012191058236,0.9079012191058236,0.005311222131769069,"2880.TW,2408.TW,2357.TW,4904.TW,2002.TW,3008.TW,2382.TW,1101.TW,2603.TW,2615.TW",2021,8765,10
2021-04-27,-0.023393907948000045,-0.029107053586504228,-0.0350441572236031,-0.026008967011156826,1.0,1.0,1.0,0.00585,"2880.TW,2408.TW,2357.TW,4904.TW,2002.TW",2021,8765,5
2021-04-27,-0.04423996130367224,-0.049831157530045744,-0.0350441572236031,-0.026008967011156826,1.0,1.0,1.0,0.00585,"2880.TW,2408.TW,2357.TW",2021,8765,3
2021-05-05,-0.11589729999022125,-0.12037970067927084,-0.07373447962128954,-0.0762808390446204,0.8666666666666666,0.8666666666666667,0.8666666666666667,0.00507,"2618.TW,3034.TW,2303.TW,3711.TW,3037.TW,1590.TW,2454.TW,2345.TW,2379.TW,2308.TW,2615.TW,2883.TW,2603.TW,3017.TW,2891.TW",2021,8765,15
2021-05-05,-0.1375562318139495,-0.14260152785783786,-0.07373447962128954,-0.0762808390446204,1.0,1.0,1.0,0.00585,"2618.TW,3034.TW,2303.TW",2021,8765,3
2021-05-05,-0.13089823095329423,-0.1359824763022175,-0.07373447962128954,-0.0762808390446204,1.0,0.9999999999999999,1.0,0.005849999999999999,"2618.TW,3034.TW,2303.TW,3711.TW,3037.TW",2021,8765,5
2021-05-05,-0.10760847424350241,-0.1113076545318642,-0.07373447962128954,-0.0762808390446204,0.708588654845222,0.708588654845222,0.708588654845222,0.004145243630844549,"2618.TW,3034.TW,2303.TW,3711.TW,3037.TW,1590.TW,2454.TW,2345.TW,2379.TW,2308.TW,2615.TW,2883.TW,2603.TW,3017.TW,2891.TW,2408.TW,5871.TW,2327.TW,1216.TW,2886.TW",2021,8765,20
2021-05-05,-0.120657993696093,-0.12580214443297089,-0.07373447962128954,-0.0762808390446204,0.9999999999999999,1.0,1.0,0.00585,"2618.TW,3034.TW,2303.TW,3711.TW,3037.TW,1590.TW,2454.TW,2345.TW,2379.TW,2308.TW",2021,8765,10
2021-05-12,0.042475073673933335,0.03960263685364551,0.04039605062391605,0.03571660067282763,0.4710087113588358,0.47100871135883593,0.4710087113588359,0.00275540096144919,"2881.TW,2883.TW,2002.TW,3037.TW,3017.TW,2379.TW,2609.TW,2882.TW,1301.TW,2303.TW,2618.TW,6669.TW,2454.TW,2887.TW,3711.TW,2327.TW,1303.TW,1326.TW,1590.TW,2603.TW",2021,8765,20
2021-05-12,0.05486738781141429,0.050525845783476075,0.04039605062391605,0.03571660067282763,0.7035424025568365,0.7035424025568368,0.7035424025568366,0.004115723054957495,"2881.TW,2883.TW,2002.TW,3037.TW,3017.TW,2379.TW,2609.TW,2882.TW,1301.TW,2303.TW",2021,8765,10
2021-05-12,0.059999956047785324,0.05503915625348155,0.04039605062391605,0.03571660067282763,0.8,0.8000000000000002,0.8,0.004680000000000001,"2881.TW,2883.TW,2002.TW,3037.TW,3017.TW",2021,8765,5
2021-05-12,0.022058030246450994,0.01607899076950936,0.04039605062391605,0.03571660067282763,1.0,1.0,1.0,0.00585,"2881.TW,2883.TW,2002.TW",2021,8765,3
2021-05-12,0.04978658429657794,0.0468137419431256,0.04039605062391605,0.03571660067282763,0.484077609372209,0.4840776093722091,0.48407760937220906,0.002831854014827423,"2881.TW,2883.TW,2002.TW,3037.TW,3017.TW,2379.TW,2609.TW,2882.TW,1301.TW,2303.TW,2618.TW,6669.TW,2454.TW,2887.TW,3711.TW",2021,8765,15
2021-05-19,0.03140761560275605,0.02832103583757606,0.01636844373563706,0.03991354546548505,0.5115537879483261,0.5115537879483261,0.5115537879483261,0.0029925896594977077,"3034.TW,2408.TW,2207.TW,6669.TW,2379.TW,1590.TW,2327.TW,2317.TW,2395.TW,2883.TW,2881.TW,2891.TW,5880.TW,1326.TW,2885.TW,1301.TW,2303.TW,2382.TW,2454.TW,3231.TW",2021,8765,20
2021-05-19,0.03470169801639004,0.030194342324377788,0.01636844373563706,0.03991354546548505,0.7446476157889925,0.7446476157889925,0.7446476157889925,0.004356188552365607,"3034.TW,2408.TW,2207.TW,6669.TW,2379.TW,1590.TW,2327.TW,2317.TW,2395.TW,2883.TW,2881.TW,2891.TW,5880.TW,1326.TW,2885.TW",2021,8765,15
2021-05-19,0.03580550709408399,0.029746044877583477,0.01636844373563706,0.03991354546548505,1.0,0.9999999999999999,1.0,0.005849999999999999,"3034.TW,2408.TW,2207.TW",2021,8765,3
2021-05-19,0.05069823356555579,0.04455164889919727,0.01636844373563706,0.03991354546548505,1.0,1.0,1.0,0.00585,"3034.TW,2408.TW,2207.TW,6669.TW,2379.TW",2021,8765,5
2021-05-19,0.04533227091500471,0.04039742077604269,0.01636844373563706,0.03991354546548505,0.8069818083583198,0.8069818083583198,0.8069818083583198,0.004720843578896171,"3034.TW,2408.TW,2207.TW,6669.TW,2379.TW,1590.TW,2327.TW,2317.TW,2395.TW,2883.TW",2021,8765,10
2021-05-26,0.058983541421285195,0.05522814105922924,0.033333396954350114,0.048983759997087636,0.6061933493102445,0.6061933493102448,0.6061933493102447,0.0035462310934649315,"2454.TW,2002.TW,3034.TW,3711.TW,2408.TW,2883.TW,2618.TW,1101.TW,1590.TW,2881.TW,1326.TW,1303.TW,2882.TW,2912.TW,2345.TW",2021,8765,15
2021-05-26,0.05054962028243859,0.04711894228007685,0.033333396954350114,0.048983759997087636,0.5582227367867717,0.5582227367867716,0.5582227367867716,0.003265603010202614,"2454.TW,2002.TW,3034.TW,3711.TW,2408.TW,2883.TW,2618.TW,1101.TW,1590.TW,2881.TW,1326.TW,1303.TW,2882.TW,2912.TW,2345.TW,1216.TW,1102.TW,2382.TW,5871.TW,1301.TW",2021,8765,20
2021-05-26,0.06054776104071498,0.056782859687088516,0.033333396954350114,0.048983759997087636,0.6068306441288964,0.6068306441288963,0.6068306441288964,0.0035499592681540438,"2454.TW,2002.TW,3034.TW,3711.TW,2408.TW",2021,8765,5
2021-05-26,0.06906891593389143,0.06528436906591195,0.033333396954350114,0.048983759997087636,0.6051350655709371,0.6051350655709371,0.6051350655709371,0.003540040133589982,"2454.TW,2002.TW,3034.TW,3711.TW,2408.TW,2883.TW,2618.TW,1101.TW,1590.TW,2881.TW",2021,8765,10
2021-05-26,0.06643628558403494,0.06224765455798709,0.033333396954350114,0.048983759997087636,0.6713999826119925,0.6713999826119927,0.6713999826119926,0.0039276898982801576,"2454.TW,2002.TW,3034.TW",2021,8765,3
2021-06-02,-0.0009831374337959222,-0.004970624904046206,-0.01413553455150729,-0.008656683963749747,0.6822925771597834,0.6822925771597836,0.6822925771597835,0.0039914115763847345,"1590.TW,2327.TW,3034.TW,2454.TW,5871.TW,2379.TW,2317.TW,2303.TW,3017.TW,6669.TW,2345.TW,3711.TW,2357.TW,9910.TW,2382.TW",2021,8765,15
2021-06-02,0.004550959211190942,0.0006504159228168938,-0.01413553455150729,-0.008656683963749747,0.6637388878686405,0.6637388878686405,0.6637388878686405,0.0038828724940315473,"1590.TW,2327.TW,3034.TW,2454.TW,5871.TW,2379.TW,2317.TW,2303.TW,3017.TW,6669.TW,2345.TW,3711.TW,2357.TW,9910.TW,2382.TW,2609.TW,2395.TW,3037.TW,2615.TW,2891.TW",2021,8765,20
2021-06-02,0.0017600833322315313,-0.0024483886275297184,-0.01413553455150729,-0.008656683963749747,0.7181329423763023,0.7181329423763021,0.7181329423763022,0.004201077712901367,"1590.TW,2327.TW,3034.TW,2454.TW,5871.TW,2379.TW,2317.TW,2303.TW,3017.TW,6669.TW",2021,8765,10
2021-06-02,0.011096721343770133,0.007483632755164615,-0.01413553455150729,-0.008656683963749747,0.6108436195276692,0.6108436195276692,0.6108436195276692,0.0035734351742368648,"1590.TW,2327.TW,3034.TW,2454.TW,5871.TW",2021,8765,5
2021-06-02,0.01436229172998719,0.010355865572548417,-0.01413553455150729,-0.008656683963749747,0.6751622943748736,0.6751622943748736,0.6751622943748736,0.003949699422093011,"1590.TW,2327.TW,3034.TW",2021,8765,3
2021-06-09,0.006873145477201484,0.0027086698647178498,0.020955976321988423,0.01868679699002929,0.7070167441368725,0.7070167441368725,0.7070167441368725,0.0041360479532007045,"2002.TW,3017.TW,2408.TW,1590.TW,2303.TW,2882.TW,2883.TW,1301.TW,2618.TW,3008.TW",2021,8765,10
2021-06-09,0.020582853124746885,0.015781406449661972,0.020955976321988423,0.01868679699002929,0.8042072359791084,0.8042072359791083,0.8042072359791084,0.0047046123304777835,"2002.TW,3017.TW,2408.TW,1590.TW,2303.TW",2021,8765,5
2021-06-09,0.008679170098304618,0.002778396953229567,0.020955976321988423,0.01868679699002929,1.0,1.0000000000000002,1.0,0.005850000000000001,"2002.TW,3017.TW,2408.TW",2021,8765,3
2021-06-09,0.03561768648497078,0.03114659287387278,0.020955976321988423,0.01868679699002929,0.7380035278894265,0.7380035278894265,0.7380035278894265,0.004317320638153145,"2002.TW,3017.TW,2408.TW,1590.TW,2303.TW,2882.TW,2883.TW,1301.TW,2618.TW,3008.TW,1303.TW,2357.TW,2615.TW,2885.TW,2609.TW",2021,8765,15
2021-06-09,0.034116901302868465,0.03014157877570689,0.020955976321988423,0.01868679699002929,0.6571233015137169,0.6571233015137168,0.6571233015137168,0.0038441713138552434,"2002.TW,3017.TW,2408.TW,1590.TW,2303.TW,2882.TW,2883.TW,1301.TW,2618.TW,3008.TW,1303.TW,2357.TW,2615.TW,2885.TW,2609.TW,2881.TW,2317.TW,2603.TW,1326.TW,3231.TW",2021,8765,20
2021-06-17,0.03635917115387888,0.032283331954395145,-0.010082940274116825,0.022714481226704455,0.6722810671021194,0.6722810671021193,0.6722810671021193,0.003932844242547398,"6669.TW,2002.TW,5871.TW",2021,8765,3
2021-06-17,0.013398986947870093,0.009174336741767597,-0.010082940274116825,0.022714481226704455,0.7126141210863154,0.7126141210863153,0.7126141210863153,0.004168792608354945,"6669.TW,2002.TW,5871.TW,3034.TW,9910.TW,2207.TW,2454.TW,2345.TW,2881.TW,3008.TW,1216.TW,2618.TW,2887.TW,1301.TW,2882.TW,1101.TW,2891.TW,2308.TW,2912.TW,2892.TW",2021,8765,20
2021-06-17,0.02307865960762046,0.018256763920622143,-0.010082940274116825,0.022714481226704455,0.8056620722665437,0.8056620722665437,0.8056620722665437,0.004713123122759281,"6669.TW,2002.TW,5871.TW,3034.TW,9910.TW",2021,8765,5
2021-06-17,0.018119966240921954,0.014066264925735483,-0.010082940274116825,0.022714481226704455,0.6806078053029543,0.6806078053029543,0.6806078053029543,0.003981555661022282,"6669.TW,2002.TW,5871.TW,3034.TW,9910.TW,2207.TW,2454.TW,2345.TW,2881.TW,3008.TW,1216.TW,2618.TW,2887.TW,1301.TW,2882.TW",2021,8765,15
2021-06-17,0.0211817116004198,0.0163935726986022,-0.010082940274116825,0.022714481226704455,0.8015079716608388,0.8015079716608388,0.8015079716608388,0.0046888216342159065,"6669.TW,2002.TW,5871.TW,3034.TW,9910.TW,2207.TW,2454.TW,2345.TW,2881.TW,3008.TW",2021,8765,10
2021-06-24,0.04789966395363493,0.043858845166602434,0.006184144508913025,0.01883346359534701,0.6591644963292566,0.6591644963292562,0.6591644963292564,0.0038561123035261496,"3037.TW,9910.TW,2618.TW,2308.TW,2454.TW,2609.TW,1102.TW,2327.TW,2615.TW,3008.TW,3034.TW,2408.TW,2603.TW,2330.TW,2303.TW,2357.TW,2886.TW,1101.TW,2382.TW,2379.TW",2021,8765,20
2021-06-24,-0.020507353158445575,-0.02623738514246865,0.006184144508913025,0.01883346359534701,1.0,1.0,1.0,0.00585,"3037.TW,9910.TW,2618.TW",2021,8765,3
2021-06-24,0.06734142594037333,0.06312455280373852,0.006184144508913025,0.01883346359534701,0.6753537315149987,0.6753537315149989,0.6753537315149988,0.003950819329362743,"3037.TW,9910.TW,2618.TW,2308.TW,2454.TW,2609.TW,1102.TW,2327.TW,2615.TW,3008.TW,3034.TW,2408.TW,2603.TW,2330.TW,2303.TW",2021,8765,15
2021-06-24,0.0001754382139704351,-0.004505382836870964,0.006184144508913025,0.01883346359534701,0.8,0.7999999999999998,0.7999999999999999,0.004679999999999999,"3037.TW,9910.TW,2618.TW,2308.TW,2454.TW",2021,8765,5
2021-06-24,0.06883698660354674,0.0644041160982265,0.006184144508913025,0.01883346359534701,0.7089534245470059,0.7089534245470059,0.7089534245470059,0.004147377533599984,"3037.TW,9910.TW,2618.TW,2308.TW,2454.TW,2609.TW,1102.TW,2327.TW,2615.TW,3008.TW",2021,8765,10
2021-07-01,0.036997573784595034,0.03206181492301652,-0.0028923764323300905,0.005738769534702806,0.813617586817009,0.813617586817009,0.813617586817009,0.004759662882879503,"2379.TW,3037.TW,2408.TW,2345.TW,2303.TW",2021,8765,5
2021-07-01,0.057052220215649964,0.05282993167371308,-0.0028923764323300905,0.005738769534702806,0.6828032819137124,0.6828032819137124,0.6828032819137124,0.003994399199195218,"2379.TW,3037.TW,2408.TW",2021,8765,3
2021-07-01,0.025122507668100487,0.020577701107241442,-0.0028923764323300905,0.005738769534702806,0.7578508954705422,0.7578508954705422,0.7578508954705422,0.004433427738502672,"2379.TW,3037.TW,2408.TW,2345.TW,2303.TW,2395.TW,3711.TW,6669.TW,3045.TW,3017.TW,2618.TW,1101.TW,2885.TW,5871.TW,2884.TW",2021,8765,15
2021-07-01,0.019158215588913736,0.015148737905201326,-0.0028923764323300905,0.005738769534702806,0.6724969589128805,0.6724969589128803,0.6724969589128804,0.00393410720964035,"2379.TW,3037.TW,2408.TW,2345.TW,2303.TW,2395.TW,3711.TW,6669.TW,3045.TW,3017.TW,2618.TW,1101.TW,2885.TW,5871.TW,2884.TW,2412.TW,1590.TW,5876.TW,2883.TW,2308.TW",2021,8765,20
2021-07-01,0.029725167365921196,0.024226586553498963,-0.0028923764323300905,0.005738769534702806,0.9127953494699652,0.9127953494699652,0.9127953494699652,0.005339852794399296,"2379.TW,3037.TW,2408.TW,2345.TW,2303.TW,2395.TW,3711.TW,6669.TW,3045.TW,3017.TW",2021,8765,10
2021-07-08,-0.021766547614338383,-0.026395023762135206,0.01377816822344502,0.0052027824925974415,0.8087972272542656,0.8087972272542657,0.8087972272542656,0.004731463779437455,"2207.TW,1590.TW,2603.TW,1301.TW,2615.TW,3711.TW,2408.TW,2885.TW,2618.TW,2609.TW",2021,8765,10
2021-07-08,-5.936409546861013e-05,-0.003637692383227753,0.01377816822344502,0.0052027824925974415,0.6117163631781809,0.6117163631781811,0.611716363178181,0.0035785407245923595,"2207.TW,1590.TW,2603.TW,1301.TW,2615.TW,3711.TW,2408.TW,2885.TW,2618.TW,2609.TW,2327.TW,2330.TW,9910.TW,1303.TW,2303.TW,2454.TW,2884.TW,2308.TW,2002.TW,2882.TW",2021,8765,20
2021-07-08,-0.017273465387128466,-0.023022415614613823,0.01377816822344502,0.0052027824925974415,1.0,1.0,1.0,0.00585,"2207.TW,1590.TW,2603.TW,1301.TW,2615.TW",2021,8765,5
2021-07-08,-0.01114084071508483,-0.015058132724515061,0.01377816822344502,0.0052027824925974415,0.6771667728686642,0.6771667728686646,0.6771667728686643,0.003961425621281687,"2207.TW,1590.TW,2603.TW,1301.TW,2615.TW,3711.TW,2408.TW,2885.TW,2618.TW,2609.TW,2327.TW,2330.TW,9910.TW,1303.TW,2303.TW",2021,8765,15
2021-07-08,-0.029742290120039108,-0.03541829772283689,0.01377816822344502,0.0052027824925974415,1.0,1.0000000000000002,1.0,0.005850000000000001,"2207.TW,1590.TW,2603.TW",2021,8765,3
2021-07-15,-0.06558899878746001,-0.07105530314455344,-0.009992457575275338,-0.005480817354148888,1.0,1.0,1.0,0.00585,"6669.TW,3231.TW,9910.TW,2609.TW,2382.TW",2021,8765,5
2021-07-15,-0.03758110021327646,-0.0414123298621224,-0.009992457575275338,-0.005480817354148888,0.6804844036519931,0.6804844036519931,0.6804844036519931,0.00398083376136416,"6669.TW,3231.TW,9910.TW,2609.TW,2382.TW,1102.TW,4904.TW,3017.TW,2603.TW,2395.TW,2615.TW,2886.TW,2892.TW,1326.TW,2885.TW",2021,8765,15
2021-07-15,-0.03761329268040747,-0.043243254918227114,-0.009992457575275338,-0.005480817354148888,1.0,1.0,1.0,0.00585,"6669.TW,3231.TW,9910.TW",2021,8765,3
2021-07-15,-0.024243622936344536,-0.02802608546871843,-0.009992457575275338,-0.005480817354148888,0.6626395758791129,0.6626395758791127,0.6626395758791128,0.00387644151889281,"6669.TW,3231.TW,9910.TW,2609.TW,2382.TW,1102.TW,4904.TW,3017.TW,2603.TW,2395.TW,2615.TW,2886.TW,2892.TW,1326.TW,2885.TW,2891.TW,5880.TW,2887.TW,2884.TW,2207.TW",2021,8765,20
2021-07-15,-0.04378596282226872,-0.048360550716070594,-0.009992457575275338,-0.005480817354148888,0.8177884931027969,0.8177884931027968,0.8177884931027968,0.004784062684651362,"6669.TW,3231.TW,9910.TW,2609.TW,2382.TW,1102.TW,4904.TW,3017.TW,2603.TW,2395.TW",2021,8765,10
2021-07-22,-0.00848111544489303,-0.012158069267193317,-0.010503390859152306,-0.009329383797257389,0.6339154248233342,0.6339154248233341,0.6339154248233341,0.0037084052352165044,"2609.TW,2615.TW,2603.TW,9910.TW,2317.TW",2021,8765,5
2021-07-22,-0.019393533780644196,-0.025130081608027433,-0.010503390859152306,-0.009329383797257389,1.0,1.0,1.0,0.00585,"2609.TW,2615.TW,2603.TW",2021,8765,3
2021-07-22,-0.010890063996897171,-0.013628942001815858,-0.010503390859152306,-0.009329383797257389,0.4733389659767875,0.4733389659767876,0.47333896597678754,0.0027690329509642074,"2609.TW,2615.TW,2603.TW,9910.TW,2317.TW,6669.TW,3711.TW,2382.TW,2618.TW,4904.TW,5880.TW,2884.TW,2892.TW,2308.TW,2345.TW,2002.TW,2412.TW,2357.TW,2408.TW,3017.TW",2021,8765,20
2021-07-22,-0.013716127132159786,-0.016562833447577474,-0.010503390859152306,-0.009329383797257389,0.4933837788090532,0.49338377880905326,0.49338377880905326,0.0028862951060329616,"2609.TW,2615.TW,2603.TW,9910.TW,2317.TW,6669.TW,3711.TW,2382.TW,2618.TW,4904.TW,5880.TW,2884.TW,2892.TW,2308.TW,2345.TW",2021,8765,15
2021-07-22,-0.011416567629807885,-0.013890593405126106,-0.010503390859152306,-0.009329383797257389,0.4277943318646731,0.4277943318646731,0.4277943318646731,0.0025025968414083377,"2609.TW,2615.TW,2603.TW,9910.TW,2317.TW,6669.TW,3711.TW,2382.TW,2618.TW,4904.TW",2021,8765,10
2021-07-29,-0.002299722922723524,-0.0075749786425191035,0.016837464254294776,0.007221158921810185,0.9038316769206723,0.9038316769206725,0.9038316769206725,0.005287415309985935,"1590.TW,2609.TW,2881.TW,5880.TW,2412.TW,1102.TW,2207.TW,2884.TW,2308.TW,2880.TW",2021,8765,10
2021-07-29,-0.005155735914539573,-0.009859520513789133,0.016837464254294776,0.007221158921810185,0.8082327782234724,0.8082327782234724,0.8082327782234724,0.004728161752607313,"1590.TW,2609.TW,2881.TW,5880.TW,2412.TW",2021,8765,5
2021-07-29,-0.0003357035514357344,-0.003890981192047116,0.016837464254294776,0.007221158921810185,0.6079438565375973,0.607943856537597,0.6079438565375972,0.003556471560744943,"1590.TW,2609.TW,2881.TW,5880.TW,2412.TW,1102.TW,2207.TW,2884.TW,2308.TW,2880.TW,2327.TW,3045.TW,3008.TW,2892.TW,6669.TW,2379.TW,2382.TW,2886.TW,1101.TW,2912.TW",2021,8765,20
2021-07-29,-0.01819993846728481,-0.022087339278054063,0.016837464254294776,0.007221158921810185,0.6768312461383104,0.6768312461383106,0.6768312461383105,0.003959462789909117,"1590.TW,2609.TW,2881.TW",2021,8765,3
2021-07-29,-0.0017948350904784703,-0.005331106728258095,0.016837464254294776,0.007221158921810185,0.6055777905213631,0.6055777905213631,0.6055777905213631,0.003542630074549974,"1590.TW,2609.TW,2881.TW,5880.TW,2412.TW,1102.TW,2207.TW,2884.TW,2308.TW,2880.TW,2327.TW,3045.TW,3008.TW,2892.TW,6669.TW",2021,8765,15
2021-08-05,0.0056530315167688285,0.002853832383956645,-0.016558680422723793,-0.015272703109674626,0.4758058328893358,0.47580583288933587,0.47580583288933587,0.0027834641224026148,"2615.TW,1101.TW,2603.TW,2609.TW,2207.TW,6669.TW,2002.TW,2618.TW,2412.TW,2892.TW,5880.TW,2891.TW,1102.TW,2883.TW,2884.TW",2021,8765,15
2021-08-05,-0.0016736933388392296,-0.007513902232807124,-0.016558680422723793,-0.015272703109674626,1.0,1.0,1.0,0.00585,"2615.TW,1101.TW,2603.TW",2021,8765,3
2021-08-05,0.004728772061531906,-4.604137663399843e-05,-0.016558680422723793,-0.015272703109674626,0.8123659320044909,0.8123659320044909,0.8123659320044909,0.004752340702226272,"2615.TW,1101.TW,2603.TW,2609.TW,2207.TW",2021,8765,5
2021-08-05,0.008204717578001154,0.004038068172991238,-0.016558680422723793,-0.015272703109674626,0.7064515262844338,0.7064515262844338,0.7064515262844338,0.004132741428763937,"2615.TW,1101.TW,2603.TW,2609.TW,2207.TW,6669.TW,2002.TW,2618.TW,2412.TW,2892.TW",2021,8765,10
2021-08-05,0.00123309456997487,-0.0014440228850830517,-0.016558680422723793,-0.015272703109674626,0.4570633131049769,0.4570633131049769,0.4570633131049769,0.0026738203816641147,"2615.TW,1101.TW,2603.TW,2609.TW,2207.TW,6669.TW,2002.TW,2618.TW,2412.TW,2892.TW,5880.TW,2891.TW,1102.TW,2883.TW,2884.TW,9910.TW,2395.TW,3037.TW,2886.TW,1590.TW",2021,8765,20
2021-08-12,-0.017109232701196908,-0.021718720894598365,-0.03221079442778907,-0.02875843374176466,0.8016625305090468,0.8016625305090468,0.8016625305090468,0.004689725803477924,"2379.TW,2395.TW,2603.TW,2891.TW,5880.TW",2021,8765,5
2021-08-12,-0.017806894557683545,-0.02164118775223145,-0.03221079442778907,-0.02875843374176466,0.6673175880374209,0.6673175880374209,0.6673175880374209,0.0039038078900189123,"2379.TW,2395.TW,2603.TW",2021,8765,3
2021-08-12,-0.023045261310040054,-0.027628765331435767,-0.03221079442778907,-0.02875843374176466,0.8019869599823873,0.8019869599823874,0.8019869599823874,0.0046916237158969665,"2379.TW,2395.TW,2603.TW,2891.TW,5880.TW,3711.TW,2412.TW,3045.TW,2880.TW,3017.TW",2021,8765,10
2021-08-12,-0.02746114733764331,-0.03034315128539611,-0.03221079442778907,-0.02875843374176466,0.5065609935587391,0.5065609935587391,0.5065609935587391,0.0029633818123186236,"2379.TW,2395.TW,2603.TW,2891.TW,5880.TW,3711.TW,2412.TW,3045.TW,2880.TW,3017.TW,1216.TW,2884.TW,2408.TW,2885.TW,2454.TW,6669.TW,1590.TW,9910.TW,2303.TW,2207.TW",2021,8765,20
2021-08-12,-0.018766297275048773,-0.02260968286578291,-0.03221079442778907,-0.02875843374176466,0.6695540400259183,0.6695540400259186,0.6695540400259185,0.0039168911341516234,"2379.TW,2395.TW,2603.TW,2891.TW,5880.TW,3711.TW,2412.TW,3045.TW,2880.TW,3017.TW,1216.TW,2884.TW,2408.TW,2885.TW,2454.TW",2021,8765,15
2021-08-19,0.04068834595034476,0.03460031912653516,0.034039182062861384,0.02185262630453872,1.0,0.9999999999999998,0.9999999999999999,0.005849999999999999,"5871.TW,2303.TW,3034.TW",2021,8765,3
2021-08-19,0.04196512394466034,0.03786427353783428,0.034039182062861384,0.02185262630453872,0.6727673061542496,0.6727673061542496,0.6727673061542496,0.003935688741002361,"5871.TW,2303.TW,3034.TW,2002.TW,3037.TW,2379.TW,3711.TW,2327.TW,2883.TW,2603.TW,2884.TW,2615.TW,2609.TW,2618.TW,2454.TW",2021,8765,15
2021-08-19,0.04160185599324537,0.03550848513568483,0.034039182062861384,0.02185262630453872,1.0,1.0,1.0,0.00585,"5871.TW,2303.TW,3034.TW,2002.TW,3037.TW",2021,8765,5
2021-08-19,0.0323978583762232,0.029320166711244378,0.034039182062861384,0.02185262630453872,0.5095914671307755,0.5095914671307756,0.5095914671307755,0.002981110082715037,"5871.TW,2303.TW,3034.TW,2002.TW,3037.TW,2379.TW,3711.TW,2327.TW,2883.TW,2603.TW,2884.TW,2615.TW,2609.TW,2618.TW,2454.TW,1303.TW,2880.TW,2408.TW,2207.TW,9910.TW",2021,8765,20
2021-08-19,0.0400584439948709,0.03575147788257138,0.034039182062861384,0.02185262630453872,0.7078770695251538,0.7078770695251541,0.707877069525154,0.004141080856722151,"5871.TW,2303.TW,3034.TW,2002.TW,3037.TW,2379.TW,3711.TW,2327.TW,2883.TW,2603.TW",2021,8765,10
2021-08-26,0.03456087697024071,0.030439618669900748,0.028895376403865525,0.022973618693647037,0.6809542232177331,0.6809542232177334,0.6809542232177332,0.00398358220582374,"2912.TW,2345.TW,3034.TW,2408.TW,2892.TW,2454.TW,1590.TW,2884.TW,3008.TW,2880.TW,2379.TW,2327.TW,2207.TW,2395.TW,1303.TW",2021,8765,15
2021-08-26,0.034428006153960904,0.03130854503748526,0.028895376403865525,0.022973618693647037,0.515493793013331,0.5154937930133311,0.515493793013331,0.0030156386891279866,"2912.TW,2345.TW,3034.TW,2408.TW,2892.TW,2454.TW,1590.TW,2884.TW,3008.TW,2880.TW,2379.TW,2327.TW,2207.TW,2395.TW,1303.TW,1216.TW,2412.TW,9910.TW,1326.TW,3017.TW",2021,8765,20
2021-08-26,0.02813279669962744,0.022671052639183342,0.028895376403865525,0.022973618693647037,0.9080845065158814,0.9080845065158814,0.9080845065158814,0.005312294363117906,"2912.TW,2345.TW,3034.TW,2408.TW,2892.TW,2454.TW,1590.TW,2884.TW,3008.TW,2880.TW",2021,8765,10
2021-08-26,0.010353450840605571,0.00552781863668228,0.028895376403865525,0.022973618693647037,0.8164414078526123,0.8164414078526123,0.8164414078526123,0.004776182235937782,"2912.TW,2345.TW,3034.TW,2408.TW,2892.TW",2021,8765,5
2021-08-26,-0.0020821038918181767,-0.00613238593039489,0.028895376403865525,0.022973618693647037,0.6938004686862184,0.6938004686862185,0.6938004686862185,0.004058732741814378,"2912.TW,2345.TW,3034.TW",2021,8765,3
2021-09-02,-0.01737091741607311,-0.021610438649632524,0.0003556509538558128,-0.009194702419677412,0.7375158106082672,0.7375158106082672,0.7375158106082672,0.0043144674920583635,"2603.TW,2609.TW,2615.TW,2883.TW,2618.TW,3711.TW,2887.TW,2881.TW,2408.TW,1301.TW,2327.TW,2345.TW,3034.TW,9910.TW,2308.TW",2021,8765,15
2021-09-02,-0.03879499278306231,-0.04441804207528144,0.0003556509538558128,-0.009194702419677412,1.0,1.0,1.0,0.00585,"2603.TW,2609.TW,2615.TW",2021,8765,3
2021-09-02,-0.03714831377544832,-0.04278099613986197,0.0003556509538558128,-0.009194702419677412,1.0,1.0,1.0,0.00585,"2603.TW,2609.TW,2615.TW,2883.TW,2618.TW",2021,8765,5
2021-09-02,-0.014604548713452004,-0.019792655764475642,0.0003556509538558128,-0.009194702419677412,0.8999999999999999,0.9000000000000001,0.9,0.005265000000000001,"2603.TW,2609.TW,2615.TW,2883.TW,2618.TW,3711.TW,2887.TW,2881.TW,2408.TW,1301.TW",2021,8765,10
2021-09-02,-0.013017328606267548,-0.01651909185082645,0.0003556509538558128,-0.009194702419677412,0.60648684618913,0.6064868461891296,0.6064868461891297,0.003547948050206409,"2603.TW,2609.TW,2615.TW,2883.TW,2618.TW,3711.TW,2887.TW,2881.TW,2408.TW,1301.TW,2327.TW,2345.TW,3034.TW,9910.TW,2308.TW,2207.TW,5871.TW,1326.TW,2885.TW,3008.TW",2021,8765,20
2021-09-09,0.016610396311808443,0.012396599010155995,-0.004264528411521029,0.0076435983255521275,0.7085381318791805,0.7085381318791805,0.7085381318791805,0.004144948071493206,"6669.TW,2207.TW,2609.TW,1303.TW,2345.TW,2379.TW,3037.TW,2454.TW,1301.TW,2618.TW",2021,8765,10
2021-09-09,0.011561430254900334,0.00834063134814067,-0.004264528411521029,0.0076435983255521275,0.544271360313396,0.5442713603133958,0.544271360313396,0.003183987457833366,"6669.TW,2207.TW,2609.TW,1303.TW,2345.TW,2379.TW,3037.TW,2454.TW,1301.TW,2618.TW,2603.TW,1216.TW,5880.TW,2327.TW,3034.TW",2021,8765,15
2021-09-09,0.009319740570753906,0.006010921138228431,-0.004264528411521029,0.0076435983255521275,0.5603874933489575,0.5603874933489577,0.5603874933489577,0.0032782668360914024,"6669.TW,2207.TW,2609.TW,1303.TW,2345.TW,2379.TW,3037.TW,2454.TW,1301.TW,2618.TW,2603.TW,1216.TW,5880.TW,2327.TW,3034.TW,2880.TW,2615.TW,2317.TW,2912.TW,2892.TW",2021,8765,20
2021-09-09,0.014609652199634771,0.009843978118040386,-0.004264528411521029,0.0076435983255521275,0.8029148356579929,0.802914835657993,0.8029148356579929,0.0046970517885992595,"6669.TW,2207.TW,2609.TW,1303.TW,2345.TW",2021,8765,5
2021-09-09,0.019313954271709826,0.015313016823611525,-0.004264528411521029,0.0076435983255521275,0.6709620018765399,0.67096200187654,0.6709620018765399,0.003925127710977759,"6669.TW,2207.TW,2609.TW",2021,8765,3
2021-09-16,-0.015220054487811094,-0.017871944916251326,-0.006067040592626638,-0.006968274962109346,0.46032070943159675,0.4603207094315968,0.46032070943159675,0.002692876150174841,"2615.TW,2609.TW,5871.TW,2603.TW,3034.TW,9910.TW,2395.TW,2002.TW,3711.TW,2330.TW,2327.TW,3008.TW,2379.TW,2317.TW,2912.TW,5880.TW,2345.TW,1216.TW,2408.TW,2884.TW",2021,8765,20
2021-09-16,-0.017356551400491083,-0.021256368879901788,-0.006067040592626638,-0.006968274962109346,0.6784103303350313,0.6784103303350313,0.6784103303350313,0.003968700432459933,"2615.TW,2609.TW,5871.TW",2021,8765,3
2021-09-16,-0.021093714451654148,-0.026266362161105783,-0.006067040592626638,-0.006968274962109346,0.903266529922858,0.9032665299228582,0.9032665299228582,0.00528410920004872,"2615.TW,2609.TW,5871.TW,2603.TW,3034.TW,9910.TW,2395.TW,2002.TW,3711.TW,2330.TW",2021,8765,10
2021-09-16,-0.02054061429256305,-0.024407139261787725,-0.006067040592626638,-0.006968274962109346,0.6748053557180712,0.6748053557180713,0.6748053557180713,0.0039476113309507175,"2615.TW,2609.TW,5871.TW,2603.TW,3034.TW,9910.TW,2395.TW,2002.TW,3711.TW,2330.TW,2327.TW,3008.TW,2379.TW,2317.TW,2912.TW",2021,8765,15
2021-09-16,-0.0076763379842914835,-0.012356123077756798,-0.006067040592626638,-0.006968274962109346,0.8061515556479446,0.8061515556479445,0.8061515556479446,0.004715986600540475,"2615.TW,2609.TW,5871.TW,2603.TW,3034.TW",2021,8765,5
2021-09-27,-0.07078896762627851,-0.07376268600857461,-0.05206443968792196,-0.05602123371441062,0.5470532644226885,0.5470532644226885,0.5470532644226885,0.003200261596872728,"1590.TW,5871.TW,3037.TW,3711.TW,3008.TW,9910.TW,1101.TW,2615.TW,2887.TW,2002.TW,2891.TW,2303.TW,2881.TW,3231.TW,2379.TW",2021,8765,15
2021-09-27,-0.05647607329622333,-0.059302324898917624,-0.05206443968792196,-0.05602123371441062,0.5120378173898402,0.5120378173898403,0.5120378173898403,0.002995421231730566,"1590.TW,5871.TW,3037.TW,3711.TW,3008.TW,9910.TW,1101.TW,2615.TW,2887.TW,2002.TW,2891.TW,2303.TW,2881.TW,3231.TW,2379.TW,2395.TW,5880.TW,2912.TW,2886.TW,2883.TW",2021,8765,20
2021-09-27,-0.09954993803150403,-0.10383971102780432,-0.05206443968792196,-0.05602123371441062,0.8143644608997203,0.8143644608997203,0.8143644608997203,0.004764032096263363,"1590.TW,5871.TW,3037.TW,3711.TW,3008.TW",2021,8765,5
2021-09-27,-0.10364168142421348,-0.10724703478818487,-0.05206443968792196,-0.05602123371441062,0.6875595479676242,0.6875595479676242,0.6875595479676242,0.004022223355610602,"1590.TW,5871.TW,3037.TW",2021,8765,3
2021-09-27,-0.07569722724298163,-0.07847813212601729,-0.05206443968792196,-0.05602123371441062,0.5142993941871935,0.5142993941871936,0.5142993941871936,0.0030086514559950826,"1590.TW,5871.TW,3037.TW,3711.TW,3008.TW,9910.TW,1101.TW,2615.TW,2887.TW,2002.TW",2021,8765,10
2021-10-04,2.078050597560492e-05,-0.004722680531468071,0.010605767430574176,0.01208327896994353,0.8108311911062341,0.810831191106234,0.810831191106234,0.00474336246797147,"2615.TW,2603.TW,2609.TW,2303.TW,1590.TW",2021,8765,5
2021-10-04,0.017044624222334867,0.013696502419027867,0.010605767430574176,0.01208327896994353,0.5627368748184414,0.5627368748184413,0.5627368748184414,0.0032920107176878815,"2615.TW,2603.TW,2609.TW,2303.TW,1590.TW,3017.TW,3711.TW,3037.TW,1301.TW,2379.TW,5871.TW,1303.TW,2327.TW,2345.TW,2618.TW",2021,8765,15
2021-10-04,-0.008248006662167814,-0.014049755823194232,0.010605767430574176,0.01208327896994353,1.0,1.0,1.0,0.00585,"2615.TW,2603.TW,2609.TW",2021,8765,3
2021-10-04,0.013002898579079693,0.009253745720237738,0.010605767430574176,0.01208327896994353,0.6326544884227084,0.6326544884227083,0.6326544884227083,0.003701028757272844,"2615.TW,2603.TW,2609.TW,2303.TW,1590.TW,3017.TW,3711.TW,3037.TW,1301.TW,2379.TW",2021,8765,10
2021-10-04,0.0128708980236497,0.009160069543279192,0.010605767430574176,0.01208327896994353,0.6262690101985231,0.6262690101985231,0.6262690101985231,0.00366367370966136,"2615.TW,2603.TW,2609.TW,2303.TW,1590.TW,3017.TW,3711.TW,3037.TW,1301.TW,2379.TW,5871.TW,1303.TW,2327.TW,2345.TW,2618.TW,2002.TW,6669.TW,2308.TW,3034.TW,2454.TW",2021,8765,20
2021-10-12,-0.010069348777570708,-0.010115435802435235,0.027361498987505284,0.013221782804496887,0.00795825838783809,0.007958258387838035,0.007958258387838063,4.655581156885259e-05,"2615.TW,2603.TW,2609.TW",2021,8765,3
2021-10-12,0.025374568004178262,0.023327485815377802,0.027361498987505284,0.013221782804496887,0.34126902519462077,0.3412690251946207,0.34126902519462077,0.0019964237973885313,"2615.TW,2603.TW,2609.TW,1590.TW,3017.TW,1303.TW,3037.TW,2379.TW,2412.TW,2303.TW,9910.TW,2454.TW,3034.TW,5871.TW,6669.TW",2021,8765,15
2021-10-12,0.026818637319387186,0.025567704274343406,0.027361498987505284,0.013221782804496887,0.2082497344543171,0.208249734454317,0.20824973445431705,0.0012182609465577546,"2615.TW,2603.TW,2609.TW,1590.TW,3017.TW,1303.TW,3037.TW,2379.TW,2412.TW,2303.TW",2021,8765,10
2021-10-12,0.011762210610343216,0.010534125081170131,0.027361498987505284,0.013221782804496887,0.20748862537509305,0.20748862537509288,0.20748862537509297,0.0012138084584442936,"2615.TW,2603.TW,2609.TW,1590.TW,3017.TW",2021,8765,5
2021-10-12,0.023429653203867983,0.021568839886004554,0.027361498987505284,0.013221782804496887,0.31080567740785753,0.31080567740785764,0.3108056774078576,0.0018182132128359671,"2615.TW,2603.TW,2609.TW,1590.TW,3017.TW,1303.TW,3037.TW,2379.TW,2412.TW,2303.TW,9910.TW,2454.TW,3034.TW,5871.TW,6669.TW,1326.TW,2887.TW,5880.TW,3711.TW,3008.TW",2021,8765,20
2021-10-19,0.007262755280322797,0.0033660598295179867,-0.0007299136215621616,0.010557809740665619,0.6612989341366019,0.6612989341366017,0.6612989341366018,0.00386859876469912,"2615.TW,2609.TW,2345.TW,2603.TW,1101.TW,6669.TW,5880.TW,1326.TW,1301.TW,2892.TW,2891.TW,3008.TW,3045.TW,3231.TW,2886.TW,2002.TW,2881.TW,2884.TW,1102.TW,2327.TW",2021,8765,20
2021-10-19,0.0012538146571076767,-0.00290944632967427,-0.0007299136215621616,0.010557809740665619,0.7107773616750639,0.7107773616750639,0.7107773616750639,0.004158047565799124,"2615.TW,2609.TW,2345.TW,2603.TW,1101.TW,6669.TW,5880.TW,1326.TW,1301.TW,2892.TW",2021,8765,10
2021-10-19,-0.0026358123157211207,-0.005045182811930227,-0.0007299136215621616,0.010557809740665619,0.41294665435749633,0.4129466543574961,0.4129466543574962,0.0024157379279913524,"2615.TW,2609.TW,2345.TW,2603.TW,1101.TW",2021,8765,5
2021-10-19,0.008838537559318961,0.0044481209705922176,-0.0007299136215621616,0.010557809740665619,0.7439233675501545,0.7439233675501546,0.7439233675501546,0.004351951700168405,"2615.TW,2609.TW,2345.TW,2603.TW,1101.TW,6669.TW,5880.TW,1326.TW,1301.TW,2892.TW,2891.TW,3008.TW,3045.TW,3231.TW,2886.TW",2021,8765,15
2021-10-19,-0.005973937172497723,-0.007920605492653499,-0.0007299136215621616,0.010557809740665619,0.3347636725587497,0.3347636725587497,0.3347636725587497,0.001958367484468686,"2615.TW,2609.TW,2345.TW",2021,8765,3
2021-10-26,0.012463906119021305,0.009477179052048479,-0.004015878920496596,0.010412560637758797,0.5042665050026558,0.5042665050026558,0.5042665050026558,0.0029499590542655368,"2912.TW,2615.TW,1590.TW,2609.TW,5876.TW,2892.TW,2603.TW,1301.TW,2308.TW,4904.TW,2887.TW,5880.TW,2880.TW,2885.TW,2412.TW,1216.TW,2884.TW,2886.TW,2327.TW,2891.TW",2021,8765,20
2021-10-26,0.045294938736588235,0.04159458975292729,-0.004015878920496596,0.010412560637758797,0.6051290065269189,0.6051290065269188,0.6051290065269188,0.0035400046881824757,"2912.TW,2615.TW,1590.TW,2609.TW,5876.TW",2021,8765,5
2021-10-26,0.03420447214285768,0.031140119664522237,-0.004015878920496596,0.010412560637758797,0.5064964913391242,0.5064964913391243,0.5064964913391243,0.0029630044743338773,"2912.TW,2615.TW,1590.TW,2609.TW,5876.TW,2892.TW,2603.TW,1301.TW,2308.TW,4904.TW",2021,8765,10
2021-10-26,0.019964165960939424,0.01634771630549947,-0.004015878920496596,0.010412560637758797,0.6060963148788915,0.6060963148788916,0.6060963148788916,0.003545663442041516,"2912.TW,2615.TW,1590.TW,2609.TW,5876.TW,2892.TW,2603.TW,1301.TW,2308.TW,4904.TW,2887.TW,5880.TW,2880.TW,2885.TW,2412.TW",2021,8765,15
2021-10-26,0.027727660625637657,0.023674685781009064,-0.004015878920496596,0.010412560637758797,0.6741243223280292,0.6741243223280293,0.6741243223280293,0.003943627285618972,"2912.TW,2615.TW,1590.TW",2021,8765,3
2021-11-02,0.030916274855555592,0.027846526247269354,0.031158190506826555,0.03177986686781337,0.5090067589798564,0.5090067589798564,0.5090067589798564,0.00297768954003216,"3017.TW,2327.TW,3008.TW,3034.TW,5871.TW,9910.TW,2379.TW,6669.TW,2886.TW,2345.TW,2615.TW,2303.TW,2880.TW,1590.TW,2892.TW,2885.TW,5880.TW,2408.TW,2887.TW,4904.TW",2021,8765,20
2021-11-02,0.04181668486950192,0.03572205726301525,0.031158190506826555,0.03177986686781337,1.0,0.9999999999999998,0.9999999999999999,0.005849999999999999,"3017.TW,2327.TW,3008.TW,3034.TW,5871.TW",2021,8765,5
2021-11-02,0.03625766344168855,0.03179349458490588,0.031158190506826555,0.03177986686781337,0.7364054466432035,0.7364054466432033,0.7364054466432034,0.0043079718628627394,"3017.TW,2327.TW,3008.TW,3034.TW,5871.TW,9910.TW,2379.TW,6669.TW,2886.TW,2345.TW,2615.TW,2303.TW,2880.TW,1590.TW,2892.TW",2021,8765,15
2021-11-02,0.04124933050127266,0.03515802191784023,0.031158190506826555,0.03177986686781337,1.0,1.0,1.0,0.00585,"3017.TW,2327.TW,3008.TW",2021,8765,3
2021-11-02,0.04792457008827814,0.04179421135326167,0.031158190506826555,0.03177986686781337,0.9999999999999999,1.0,1.0,0.00585,"3017.TW,2327.TW,3008.TW,3034.TW,5871.TW,9910.TW,2379.TW,6669.TW,2886.TW,2345.TW",2021,8765,10
2021-11-09,0.022269003289095292,0.01628872961985417,0.0046216101393889986,0.01538814509441326,1.0,1.0000000000000002,1.0,0.005850000000000001,"1590.TW,2892.TW,3037.TW,1216.TW,1301.TW",2021,8765,5
2021-11-09,0.0067154600408053065,0.0034383269673723404,0.0046216101393889986,0.01538814509441326,0.5564568241989659,0.556456824198966,0.556456824198966,0.0032552724215639513,"1590.TW,2892.TW,3037.TW,1216.TW,1301.TW,2884.TW,3231.TW,5880.TW,2886.TW,2880.TW,3008.TW,5871.TW,2615.TW,3045.TW,2317.TW",2021,8765,15
2021-11-09,0.03989281322639478,0.03380944026902033,0.0046216101393889986,0.01538814509441326,1.0,1.0,1.0,0.00585,"1590.TW,2892.TW,3037.TW",2021,8765,3
2021-11-09,0.020953774477322974,0.015558852131548617,0.0046216101393889986,0.01538814509441326,0.9032817851794891,0.9032817851794892,0.9032817851794892,0.005284198443300012,"1590.TW,2892.TW,3037.TW,1216.TW,1301.TW,2884.TW,3231.TW,5880.TW,2886.TW,2880.TW",2021,8765,10
2021-11-09,0.009018847882124481,0.005377762096686167,0.0046216101393889986,0.01538814509441326,0.6168445989656767,0.6168445989656763,0.6168445989656766,0.003608540903949207,"1590.TW,2892.TW,3037.TW,1216.TW,1301.TW,2884.TW,3231.TW,5880.TW,2886.TW,2880.TW,3008.TW,5871.TW,2615.TW,3045.TW,2317.TW,2382.TW,2609.TW,1326.TW,2891.TW,2881.TW",2021,8765,20
2021-11-16,-0.008423077669177648,-0.013063657665685846,-0.0014155498785193288,-0.0001049809001364066,0.8,0.7999999999999999,0.8,0.00468,"2357.TW,2308.TW,2615.TW,3037.TW,2912.TW",2021,8765,5
2021-11-16,-0.009961771748795922,-0.014595938260397179,-0.0014155498785193288,-0.0001049809001364066,0.800135987736178,0.8001359877361781,0.800135987736178,0.004680795528256641,"2357.TW,2308.TW,2615.TW,3037.TW,2912.TW,2002.TW,5880.TW,2330.TW,3045.TW,9910.TW",2021,8765,10
2021-11-16,-0.002324602637275763,-0.0061820170073793035,-0.0014155498785193288,-0.0001049809001364066,0.6609234562219327,0.6609234562219327,0.6609234562219327,0.0038664022188983063,"2357.TW,2308.TW,2615.TW,3037.TW,2912.TW,2002.TW,5880.TW,2330.TW,3045.TW,9910.TW,2886.TW,3017.TW,2303.TW,1102.TW,2609.TW,4904.TW,1301.TW,2395.TW,1101.TW,3034.TW",2021,8765,20
2021-11-16,-0.010267199287520068,-0.016057136171688136,-0.0014155498785193288,-0.0001049809001364066,1.0,1.0,1.0,0.00585,"2357.TW,2308.TW,2615.TW",2021,8765,3
2021-11-16,-0.0013569604317386,-0.005301702965973987,-0.0014155498785193288,-0.0001049809001364066,0.6752312251719859,0.6752312251719857,0.6752312251719859,0.003950102667256117,"2357.TW,2308.TW,2615.TW,3037.TW,2912.TW,2002.TW,5880.TW,2330.TW,3045.TW,9910.TW,2886.TW,3017.TW,2303.TW,1102.TW,2609.TW",2021,8765,15
2021-11-23,-0.02055664702915827,-0.025170187498869345,-0.021261487403038792,-0.016085717933747096,0.805191432602725,0.8051914326027249,0.805191432602725,0.004710369880725941,"6669.TW,2207.TW,2618.TW,2615.TW,2454.TW",2021,8765,5
2021-11-23,-0.01499643256337951,-0.018474349759286524,-0.021261487403038792,-0.016085717933747096,0.6035671134991694,0.6035671134991694,0.6035671134991694,0.003530867613970141,"6669.TW,2207.TW,2618.TW,2615.TW,2454.TW,2887.TW,2308.TW,3008.TW,5880.TW,3711.TW,2912.TW,3034.TW,2357.TW,2303.TW,2379.TW",2021,8765,15
2021-11-23,-0.02843023545685996,-0.03411391857943735,-0.021261487403038792,-0.016085717933747096,1.0,1.0,1.0,0.00585,"6669.TW,2207.TW,2618.TW",2021,8765,3
2021-11-23,-0.017970173287033698,-0.022005627812903272,-0.021261487403038792,-0.016085717933747096,0.7024443328594105,0.7024443328594104,0.7024443328594105,0.004109299347227551,"6669.TW,2207.TW,2618.TW,2615.TW,2454.TW,2887.TW,2308.TW,3008.TW,5880.TW,3711.TW",2021,8765,10
2021-11-23,-0.014302367259211055,-0.017503979444497553,-0.021261487403038792,-0.016085717933747096,0.5552251685085552,0.5552251685085551,0.5552251685085552,0.0032480672357750474,"6669.TW,2207.TW,2618.TW,2615.TW,2454.TW,2887.TW,2308.TW,3008.TW,5880.TW,3711.TW,2912.TW,3034.TW,2357.TW,2303.TW,2379.TW,9910.TW,2603.TW,2892.TW,2886.TW,2882.TW",2021,8765,20
2021-11-30,0.0416788039899105,0.03680005302757583,0.03620565493332739,0.04931552804210151,0.8006062140092309,0.800606214009231,0.8006062140092309,0.004683546351954002,"2382.TW,2891.TW,2454.TW,2882.TW,2395.TW,2327.TW,5876.TW,2408.TW,2345.TW,2308.TW",2021,8765,10
2021-11-30,0.05340800740099083,0.04724557055769507,0.03620565493332739,0.04931552804210151,1.0,1.0,1.0,0.00585,"2382.TW,2891.TW,2454.TW",2021,8765,3
2021-11-30,0.043592439673923594,0.039503523801002194,0.03620565493332739,0.04931552804210151,0.6697633594351863,0.6697633594351864,0.6697633594351864,0.00391811565269584,"2382.TW,2891.TW,2454.TW,2882.TW,2395.TW,2327.TW,5876.TW,2408.TW,2345.TW,2308.TW,2618.TW,2884.TW,2412.TW,2357.TW,5880.TW",2021,8765,15
2021-11-30,0.05181770154106049,0.04689096455408093,0.03620565493332739,0.04931552804210151,0.8006874779704258,0.8006874779704258,0.8006874779704258,0.004684021746126991,"2382.TW,2891.TW,2454.TW,2882.TW,2395.TW",2021,8765,5
2021-11-30,0.05923834566130352,0.0558054285705909,0.03620565493332739,0.04931552804210151,0.5540050893299753,0.5540050893299754,0.5540050893299753,0.0032409297725803556,"2382.TW,2891.TW,2454.TW,2882.TW,2395.TW,2327.TW,5876.TW,2408.TW,2345.TW,2308.TW,2618.TW,2884.TW,2412.TW,2357.TW,5880.TW,2615.TW,3034.TW,2303.TW,2885.TW,2883.TW",2021,8765,20
2021-12-07,-0.02512524651591567,-0.030828263823797553,-0.02096436767887333,-0.017433762478368656,1.0,1.0000000000000002,1.0,0.005850000000000001,"2327.TW,2395.TW,2379.TW",2021,8765,3
2021-12-07,-0.022743418200848114,-0.02582433953438268,-0.02096436767887333,-0.017433762478368656,0.5389098719990416,0.5389098719990417,0.5389098719990417,0.003152622751194394,"2327.TW,2395.TW,2379.TW,3711.TW,2454.TW,3037.TW,2303.TW,3017.TW,2207.TW,2408.TW,5880.TW,3231.TW,2412.TW,1301.TW,2382.TW",2021,8765,15
2021-12-07,-0.019385825130708245,-0.022587109789826143,-0.02096436767887333,-0.017433762478368656,0.5580463355332393,0.5580463355332398,0.5580463355332396,0.0032645710628694522,"2327.TW,2395.TW,2379.TW,3711.TW,2454.TW,3037.TW,2303.TW,3017.TW,2207.TW,2408.TW,5880.TW,3231.TW,2412.TW,1301.TW,2382.TW,2884.TW,3045.TW,2880.TW,2912.TW,2892.TW",2021,8765,20
2021-12-07,-0.02987289379784781,-0.0332780399406174,-0.02096436767887333,-0.017433762478368656,0.6000000000000001,0.5999999999999999,0.6,0.0035099999999999997,"2327.TW,2395.TW,2379.TW,3711.TW,2454.TW",2021,8765,5
2021-12-07,-0.03377173785419162,-0.03718104472320627,-0.02096436767887333,-0.017433762478368656,0.6031571646254611,0.6031571646254612,0.6031571646254612,0.003528469413058948,"2327.TW,2395.TW,2379.TW,3711.TW,2454.TW,3037.TW,2303.TW,3017.TW,2207.TW,2408.TW",2021,8765,10
2021-12-14,0.03982024928972021,0.03493285728037421,0.013204891665947294,0.017586710810590222,0.8034577381041338,0.8034577381041339,0.8034577381041339,0.004700227767909184,"2603.TW,2618.TW,2615.TW,2609.TW,2408.TW,2379.TW,3034.TW,5880.TW,2891.TW,5871.TW",2021,8765,10
2021-12-14,0.04962728630616279,0.04348696668127183,0.013204891665947294,0.017586710810590222,1.0,1.0,1.0,0.00585,"2603.TW,2618.TW,2615.TW",2021,8765,3
2021-12-14,0.020249050621780697,0.017213997578811924,0.013204891665947294,0.017586710810590222,0.5085155292831468,0.5085155292831469,0.5085155292831469,0.002974815846306409,"2603.TW,2618.TW,2615.TW,2609.TW,2408.TW,2379.TW,3034.TW,5880.TW,2891.TW,5871.TW,3037.TW,2454.TW,3017.TW,5876.TW,2345.TW,2303.TW,2892.TW,3711.TW,2883.TW,2327.TW",2021,8765,20
2021-12-14,0.022715051293664308,0.019102683377563157,0.013204891665947294,0.017586710810590222,0.6037838088879175,0.6037838088879176,0.6037838088879175,0.003532135281994318,"2603.TW,2618.TW,2615.TW,2609.TW,2408.TW,2379.TW,3034.TW,5880.TW,2891.TW,5871.TW,3037.TW,2454.TW,3017.TW,5876.TW,2345.TW",2021,8765,15
2021-12-14,0.05147185587547147,0.04532074551859999,0.013204891665947294,0.017586710810590222,1.0,1.0,1.0,0.00585,"2603.TW,2618.TW,2615.TW,2609.TW,2408.TW",2021,8765,5
2021-12-21,0.022894073806289588,0.019241594769244807,0.02465669022237149,0.019345823448601696,0.6103812769434854,0.6103812769434854,0.6103812769434854,0.00357073047011939,"2345.TW,2618.TW,2883.TW,2886.TW,2412.TW,3231.TW,3045.TW,4904.TW,2395.TW,3017.TW,2330.TW,1216.TW,1590.TW,5876.TW,3711.TW,2207.TW,2357.TW,2887.TW,2892.TW,3037.TW",2021,8765,20
2021-12-21,0.014134472162693725,0.009351530820272957,0.02465669022237149,0.019345823448601696,0.8062015769236761,0.8062015769236761,0.8062015769236761,0.004716279225003506,"2345.TW,2618.TW,2883.TW,2886.TW,2412.TW",2021,8765,5
2021-12-21,0.021985272377312043,0.017528794342515974,0.02465669022237149,0.019345823448601696,0.7454032241453968,0.7454032241453967,0.7454032241453967,0.004360608861250571,"2345.TW,2618.TW,2883.TW,2886.TW,2412.TW,3231.TW,3045.TW,4904.TW,2395.TW,3017.TW,2330.TW,1216.TW,1590.TW,5876.TW,3711.TW",2021,8765,15
2021-12-21,0.021605154759663403,0.017562515245471477,0.02465669022237149,0.019345823448601696,0.676435006602963,0.676435006602963,0.676435006602963,0.003957144788627333,"2345.TW,2618.TW,2883.TW",2021,8765,3
2021-12-21,0.01494647707365372,0.009590819974567788,0.02465669022237149,0.019345823448601696,0.9020149935928851,0.9020149935928854,0.9020149935928852,0.005276787712518379,"2345.TW,2618.TW,2883.TW,2886.TW,2412.TW,3231.TW,3045.TW,4904.TW,2395.TW,3017.TW",2021,8765,10
2021-12-28,0.0062136995909840426,0.002645105039035256,0.019594081102369598,-0.004451114923106753,0.6062491128616444,0.6062491128616446,0.6062491128616445,0.003546557310240621,"3008.TW,2884.TW,2412.TW,2892.TW,4904.TW,5876.TW,2615.TW,6669.TW,2327.TW,2880.TW,2886.TW,3045.TW,2891.TW,3231.TW,2357.TW",2021,8765,15
2021-12-28,0.017892530804528507,0.013122362475685545,0.019594081102369598,-0.004451114923106753,0.8010800402487703,0.8010800402487703,0.8010800402487703,0.004686318235455306,"3008.TW,2884.TW,2412.TW,2892.TW,4904.TW",2021,8765,5
2021-12-28,0.029167861654782502,0.023147229664101987,0.019594081102369598,-0.004451114923106753,1.0,0.9999999999999998,0.9999999999999999,0.005849999999999999,"3008.TW,2884.TW,2412.TW",2021,8765,3
2021-12-28,0.010619841063029855,0.00588233574245578,0.019594081102369598,-0.004451114923106753,0.8013200774656011,0.8013200774656014,0.8013200774656013,0.004687722453173768,"3008.TW,2884.TW,2412.TW,2892.TW,4904.TW,5876.TW,2615.TW,6669.TW,2327.TW,2880.TW",2021,8765,10
2021-12-28,0.003642041049932815,0.00037652738773297223,0.019594081102369598,-0.004451114923106753,0.5561818265802304,0.5561818265802306,0.5561818265802305,0.003253663685494349,"3008.TW,2884.TW,2412.TW,2892.TW,4904.TW,5876.TW,2615.TW,6669.TW,2327.TW,2880.TW,2886.TW,3045.TW,2891.TW,3231.TW,2357.TW,2618.TW,2885.TW,2002.TW,9910.TW,2408.TW",2021,8765,20
2022-01-03,-0.013699115089368052,-0.015104593850365666,-0.0006769787649729686,-0.0055832317078506714,0.9999999999999999,0.0,0.49999999999999994,0.0014249999999999998,"2615.TW,2618.TW,2603.TW,2609.TW,2454.TW,3045.TW,3711.TW,2892.TW,2379.TW,2884.TW",2022,8765,10
2022-01-03,-0.005820669985626464,-0.007237375530896983,-0.0006769787649729686,-0.0055832317078506714,1.0000000000000002,0.0,0.5000000000000001,0.0014250000000000003,"2615.TW,2618.TW,2603.TW,2609.TW,2454.TW,3045.TW,3711.TW,2892.TW,2379.TW,2884.TW,2395.TW,2886.TW,3017.TW,1326.TW,2880.TW,2412.TW,1303.TW,1101.TW,2885.TW,2303.TW",2022,8765,20
2022-01-03,-0.03421261847987289,-0.035588865498539124,-0.0006769787649729686,-0.0055832317078506714,1.0,0.0,0.5,0.001425,"2615.TW,2618.TW,2603.TW,2609.TW,2454.TW",2022,8765,5
2022-01-03,-0.00795211181243978,-0.009365780053107065,-0.0006769787649729686,-0.0055832317078506714,0.9999999999999999,0.0,0.49999999999999994,0.0014249999999999998,"2615.TW,2618.TW,2603.TW,2609.TW,2454.TW,3045.TW,3711.TW,2892.TW,2379.TW,2884.TW,2395.TW,2886.TW,3017.TW,1326.TW,2880.TW",2022,8765,15
2022-01-03,-0.026866140281745495,-0.02825285603184402,-0.0006769787649729686,-0.0055832317078506714,1.0,0.0,0.5,0.001425,"2615.TW,2618.TW,2603.TW",2022,8765,3
2022-01-10,-0.033327798791863116,-0.034458805267276627,0.03116524102906193,0.004055655262922682,0.2,0.2,0.2,0.00117,"2618.TW,2603.TW,2615.TW,3037.TW,2609.TW",2022,8765,5
2022-01-10,0.005976816616676185,0.0029801520762524625,0.03116524102906193,0.004055655262922682,0.5092069124547128,0.5092069124547127,0.5092069124547127,0.00297886043786007,"2618.TW,2603.TW,2615.TW,3037.TW,2609.TW,3034.TW,2379.TW,2454.TW,9910.TW,2382.TW,2891.TW,2303.TW,2887.TW,2886.TW,5876.TW,2412.TW,1101.TW,3231.TW,1590.TW,2882.TW",2022,8765,20
2022-01-10,-0.05905215893916829,-0.05906042473834472,0.03116524102906193,0.004055655262922682,0.0015016317191289819,0.0015016317191290374,0.0015016317191290096,8.78454555690479e-06,"2618.TW,2603.TW,2615.TW",2022,8765,3
2022-01-10,0.0029971093358094037,-0.00019320129019206878,0.03116524102906193,0.004055655262922682,0.5437226475378975,0.5437226475378975,0.5437226475378975,0.0031807774880967003,"2618.TW,2603.TW,2615.TW,3037.TW,2609.TW,3034.TW,2379.TW,2454.TW,9910.TW,2382.TW,2891.TW,2303.TW,2887.TW,2886.TW,5876.TW",2022,8765,15
2022-01-10,-0.016264078888734667,-0.01863610748913247,0.03116524102906193,0.004055655262922682,0.4121786810111844,0.41217868101118427,0.4121786810111843,0.0024112452839154283,"2618.TW,2603.TW,2615.TW,3037.TW,2609.TW,3034.TW,2379.TW,2454.TW,9910.TW,2382.TW",2022,8765,10
2022-01-17,-0.029904548421746856,-0.03362642281937067,-0.042861275050076975,-0.031408590984103556,0.6558301502317199,0.6558301502317199,0.6558301502317199,0.003836606378855561,"3008.TW,2308.TW,5871.TW,2395.TW,6669.TW,1590.TW,2412.TW,2317.TW,2357.TW,2882.TW,9910.TW,2609.TW,1101.TW,2912.TW,1216.TW,2303.TW,2408.TW,2002.TW,5880.TW,2207.TW",2022,8765,20
2022-01-17,-0.02670199894952863,-0.032395792255673905,-0.042861275050076975,-0.031408590984103556,0.9999999999999999,0.9999999999999998,0.9999999999999998,0.005849999999999999,"3008.TW,2308.TW,5871.TW,2395.TW,6669.TW,1590.TW,2412.TW,2317.TW,2357.TW,2882.TW",2022,8765,10
2022-01-17,-0.030226453513410714,-0.03589962876035724,-0.042861275050076975,-0.031408590984103556,1.0,1.0,1.0,0.00585,"3008.TW,2308.TW,5871.TW,2395.TW,6669.TW",2022,8765,5
2022-01-17,-0.028497672518328257,-0.033449617490396766,-0.042861275050076975,-0.031408590984103556,0.8713168214490785,0.8713168214490785,0.8713168214490785,0.00509720340547711,"3008.TW,2308.TW,5871.TW,2395.TW,6669.TW,1590.TW,2412.TW,2317.TW,2357.TW,2882.TW,9910.TW,2609.TW,1101.TW,2912.TW,1216.TW",2022,8765,15
2022-01-17,-0.02649615533152135,-0.032191152822832025,-0.042861275050076975,-0.031408590984103556,1.0,1.0,1.0,0.00585,"3008.TW,2308.TW,5871.TW",2022,8765,3
2022-01-24,0.03220119327565754,0.027953816959631395,0.009470421081326785,0.04013445523400939,0.7033970104265108,0.7033970104265108,0.7033970104265108,0.004114872510995089,"1590.TW,2887.TW,2883.TW,2882.TW,2330.TW,5880.TW,2881.TW,2891.TW,2345.TW,2327.TW,2892.TW,4904.TW,2880.TW,2412.TW,6669.TW,2886.TW,1102.TW,3231.TW,1303.TW,2002.TW",2022,8765,20
2022-01-24,0.02604854409300956,0.020046160110065436,0.009470421081326785,0.04013445523400939,1.0,0.9999999999999998,0.9999999999999999,0.005849999999999999,"1590.TW,2887.TW,2883.TW,2882.TW,2330.TW",2022,8765,5
2022-01-24,0.03162159777383995,0.026782234909085822,0.009470421081326785,0.04013445523400939,0.8018846417404473,0.801884641740447,0.8018846417404472,0.004691025154181615,"1590.TW,2887.TW,2883.TW,2882.TW,2330.TW,5880.TW,2881.TW,2891.TW,2345.TW,2327.TW",2022,8765,10
2022-01-24,0.03270927340016077,0.028256909484100534,0.009470421081326785,0.04013445523400939,0.7369817125717752,0.7369817125717755,0.7369817125717754,0.004311343018544887,"1590.TW,2887.TW,2883.TW,2882.TW,2330.TW,5880.TW,2881.TW,2891.TW,2345.TW,2327.TW,2892.TW,4904.TW,2880.TW,2412.TW,6669.TW",2022,8765,15
2022-01-24,0.03343334531817972,0.027387760248068327,0.009470421081326785,0.04013445523400939,1.0,1.0,1.0,0.00585,"1590.TW,2887.TW,2883.TW",2022,8765,3
2022-02-09,0.011368963232705566,0.005452454797794326,0.0034745102802855587,0.0069133787137425975,1.0,1.0,1.0,0.00585,"2609.TW,2408.TW,2327.TW",2022,8765,3
2022-02-09,0.01322708301518969,0.00729970457955087,0.0034745102802855587,0.0069133787137425975,1.0,1.0,1.0,0.00585,"2609.TW,2408.TW,2327.TW,2317.TW,2615.TW",2022,8765,5
2022-02-09,0.018981384232521038,0.014209353283367587,0.0034745102802855587,0.0069133787137425975,0.8005364953693086,0.8005364953693088,0.8005364953693087,0.004683138497910456,"2609.TW,2408.TW,2327.TW,2317.TW,2615.TW,5871.TW,2618.TW,5876.TW,2882.TW,4904.TW",2022,8765,10
2022-02-09,0.010104837775901328,0.006846866020926434,0.0034745102802855587,0.0069133787137425975,0.5513469769533167,0.5513469769533167,0.5513469769533167,0.0032253798151769025,"2609.TW,2408.TW,2327.TW,2317.TW,2615.TW,5871.TW,2618.TW,5876.TW,2882.TW,4904.TW,2412.TW,2002.TW,2885.TW,2884.TW,2382.TW,2886.TW,1301.TW,1303.TW,1102.TW,2880.TW",2022,8765,20
2022-02-09,0.013838551119054854,0.009479852364424612,0.0034745102802855587,0.0069133787137425975,0.7349066667180875,0.7349066667180876,0.7349066667180875,0.004299204000300812,"2609.TW,2408.TW,2327.TW,2317.TW,2615.TW,5871.TW,2618.TW,5876.TW,2882.TW,4904.TW,2412.TW,2002.TW,2885.TW,2884.TW,2382.TW",2022,8765,15
2022-02-16,-0.02551449851040551,-0.02971413955102109,-0.022853084863858175,-0.013451830022074243,0.7366834665808987,0.7366834665808988,0.7366834665808988,0.004309598279498257,"2609.TW,2454.TW,5871.TW,2891.TW,2887.TW,2408.TW,2882.TW,2886.TW,2345.TW,5880.TW,2303.TW,3231.TW,2892.TW,2207.TW,1303.TW",2022,8765,15
2022-02-16,-0.0162845001048183,-0.020150909033098907,-0.022853084863858175,-0.013451830022074243,0.6718655985346524,0.6718655985346522,0.6718655985346523,0.003930413751427716,"2609.TW,2454.TW,5871.TW",2022,8765,3
2022-02-16,-0.021838140843233714,-0.02473585603947248,-0.022853084863858175,-0.013451830022074243,0.506394648640239,0.5063946486402392,0.5063946486402391,0.002962408694545399,"2609.TW,2454.TW,5871.TW,2891.TW,2887.TW,2408.TW,2882.TW,2886.TW,2345.TW,5880.TW,2303.TW,3231.TW,2892.TW,2207.TW,1303.TW,1102.TW,2382.TW,2002.TW,2395.TW,2880.TW",2022,8765,20
2022-02-16,-0.022895110603158145,-0.027487855737705957,-0.022853084863858175,-0.013451830022074243,0.8034804112676777,0.8034804112676777,0.8034804112676777,0.004700360405915914,"2609.TW,2454.TW,5871.TW,2891.TW,2887.TW",2022,8765,5
2022-02-16,-0.027540563882615724,-0.030990953619488337,-0.022853084863858175,-0.013451830022074243,0.6065139475493858,0.6065139475493859,0.6065139475493859,0.0035481065931639074,"2609.TW,2454.TW,5871.TW,2891.TW,2887.TW,2408.TW,2882.TW,2886.TW,2345.TW,5880.TW",2022,8765,10
2022-02-23,-0.01820952795277283,-0.02395300221424912,-0.018426742218110692,0.0034016760824468585,1.0,1.0,1.0,0.00585,"2327.TW,2330.TW,2887.TW",2022,8765,3
2022-02-23,0.0006004458688701482,-0.002056291619593642,-0.018426742218110692,0.0034016760824468585,0.45387063567296976,0.4538706356729696,0.4538706356729697,0.0026551432186868724,"2327.TW,2330.TW,2887.TW,2357.TW,2345.TW,2303.TW,3231.TW,2884.TW,3711.TW,2882.TW,2881.TW,2891.TW,1102.TW,2880.TW,2892.TW,2885.TW,2379.TW,5880.TW,2002.TW,1216.TW",2022,8765,20
2022-02-23,-0.006421945506083893,-0.010510868704787124,-0.018426742218110692,0.0034016760824468585,0.703478933925898,0.703478933925898,0.703478933925898,0.004115351763466503,"2327.TW,2330.TW,2887.TW,2357.TW,2345.TW,2303.TW,3231.TW,2884.TW,3711.TW,2882.TW",2022,8765,10
2022-02-23,-0.008282323278762417,-0.01292862707191178,-0.018426742218110692,0.0034016760824468585,0.8008730541808714,0.8008730541808713,0.8008730541808713,0.004685107366958098,"2327.TW,2330.TW,2887.TW,2357.TW,2345.TW",2022,8765,5
2022-02-23,-0.004929850164654956,-0.008058232200674365,-0.018426742218110692,0.0034016760824468585,0.537415538082211,0.5374155380822112,0.5374155380822111,0.0031438808977809355,"2327.TW,2330.TW,2887.TW,2357.TW,2345.TW,2303.TW,3231.TW,2884.TW,3711.TW,2882.TW,2881.TW,2891.TW,1102.TW,2880.TW,2892.TW",2022,8765,15
2022-03-03,-0.04269864822378969,-0.04717881855010231,-0.019133447092881672,-0.017342988166334245,0.8,0.8,0.8,0.00468,"2618.TW,2345.TW,2207.TW,1301.TW,1303.TW",2022,8765,5
2022-03-03,-0.02234595888850128,-0.026072951211013606,-0.019133447092881672,-0.017342988166334245,0.6516545504978869,0.6516545504978869,0.6516545504978869,0.003812179120412639,"2618.TW,2345.TW,2207.TW,1301.TW,1303.TW,2412.TW,6669.TW,1326.TW,1102.TW,2615.TW,2357.TW,3045.TW,2886.TW,9910.TW,2883.TW,2892.TW,2880.TW,2887.TW,1101.TW,2884.TW",2022,8765,20
2022-03-03,-0.07105415957433525,-0.07648849274082536,-0.019133447092881672,-0.017342988166334245,1.0,1.0,1.0,0.00585,"2618.TW,2345.TW,2207.TW",2022,8765,3
2022-03-03,-0.02952418089735829,-0.0346337360849337,-0.019133447092881672,-0.017342988166334245,0.8999999999999999,0.9,0.8999999999999999,0.005265,"2618.TW,2345.TW,2207.TW,1301.TW,1303.TW,2412.TW,6669.TW,1326.TW,1102.TW,2615.TW",2022,8765,10
2022-03-03,-0.027506093703448052,-0.032057365184915865,-0.019133447092881672,-0.017342988166334245,0.7999999999999999,0.7999999999999999,0.7999999999999999,0.00468,"2618.TW,2345.TW,2207.TW,1301.TW,1303.TW,2412.TW,6669.TW,1326.TW,1102.TW,2615.TW,2357.TW,3045.TW,2886.TW,9910.TW,2883.TW",2022,8765,15
2022-03-10,0.011293389467966047,0.00885644831330512,0.005520803724698986,0.012161251410193405,0.41191917388884347,0.4119191738888437,0.4119191738888436,0.0024097271672497353,"2618.TW,2345.TW,1590.TW,3045.TW,4904.TW,2412.TW,2357.TW,9910.TW,2454.TW,1303.TW,1326.TW,3034.TW,2207.TW,2891.TW,2912.TW",2022,8765,15
2022-03-10,0.030481726816412702,0.028414646308546843,0.005520803724698986,0.012161251410193405,0.34289506176236384,0.34289506176236384,0.34289506176236384,0.0020059361113098284,"2618.TW,2345.TW,1590.TW",2022,8765,3
2022-03-10,0.01828901895874924,0.014614216402172087,0.005520803724698986,0.012161251410193405,0.6168890810930971,0.6168890810930971,0.6168890810930971,0.0036088011243946183,"2618.TW,2345.TW,1590.TW,3045.TW,4904.TW",2022,8765,5
2022-03-10,0.011546719885234326,0.00852907906334388,0.005520803724698986,0.012161251410193405,0.5099478133728925,0.5099478133728923,0.5099478133728924,0.0029831947082314203,"2618.TW,2345.TW,1590.TW,3045.TW,4904.TW,2412.TW,2357.TW,9910.TW,2454.TW,1303.TW,1326.TW,3034.TW,2207.TW,2891.TW,2912.TW,2002.TW,3231.TW,3008.TW,1102.TW,2382.TW",2022,8765,20
2022-03-10,0.010608021927679834,0.006995489357048079,0.005520803724698986,0.012161251410193405,0.6110449568496591,0.611044956849659,0.611044956849659,0.003574612997570505,"2618.TW,2345.TW,1590.TW,3045.TW,4904.TW,2412.TW,2357.TW,9910.TW,2454.TW,1303.TW",2022,8765,10
2022-03-17,-0.014643979776324995,-0.020408312494633596,0.013176967835628384,0.002451504209656832,1.0,1.0,1.0,0.00585,"2379.TW,2408.TW,2884.TW",2022,8765,3
2022-03-17,-0.015821200681705606,-0.02157864665771758,0.013176967835628384,0.002451504209656832,1.0,1.0,1.0,0.00585,"2379.TW,2408.TW,2884.TW,2002.TW,3034.TW",2022,8765,5
2022-03-17,0.005231102023560006,0.000906142665257681,0.013176967835628384,0.002451504209656832,0.7354620151816257,0.7354620151816258,0.7354620151816258,0.004302452788812511,"2379.TW,2408.TW,2884.TW,2002.TW,3034.TW,1102.TW,2303.TW,9910.TW,2308.TW,1303.TW,3037.TW,5880.TW,2880.TW,5871.TW,2618.TW",2022,8765,15
2022-03-17,0.007318456394497903,0.003763914397703294,0.013176967835628384,0.002451504209656832,0.603199527109754,0.6031995271097539,0.6031995271097539,0.0035287172335920604,"2379.TW,2408.TW,2884.TW,2002.TW,3034.TW,1102.TW,2303.TW,9910.TW,2308.TW,1303.TW,3037.TW,5880.TW,2880.TW,5871.TW,2618.TW,2912.TW,3008.TW,2886.TW,2330.TW,2881.TW",2022,8765,20
2022-03-17,-0.0037512057390846724,-0.00843187658693878,0.013176967835628384,0.002451504209656832,0.8031273708496105,0.8031273708496106,0.8031273708496105,0.004698295119470222,"2379.TW,2408.TW,2884.TW,2002.TW,3034.TW,1102.TW,2303.TW,9910.TW,2308.TW,1303.TW",2022,8765,10
2022-03-24,-0.00685913275036194,-0.012669006823772366,-0.013005603666780163,-0.0033215992210862,1.0,1.0,1.0,0.00585,"2618.TW,1590.TW,2327.TW,3037.TW,2603.TW",2022,8765,5
2022-03-24,-0.0040617898154067245,-0.009888028344986588,-0.013005603666780163,-0.0033215992210862,1.0,1.0,1.0,0.00585,"2618.TW,1590.TW,2327.TW",2022,8765,3
2022-03-24,-0.0035268458728278333,-0.006720229732583238,-0.013005603666780163,-0.0033215992210862,0.5478096229720615,0.5478096229720615,0.5478096229720615,0.00320468629438656,"2618.TW,1590.TW,2327.TW,3037.TW,2603.TW,2308.TW,3017.TW,2345.TW,3034.TW,2395.TW,5876.TW,2408.TW,2883.TW,2379.TW,9910.TW",2022,8765,15
2022-03-24,-0.000593771808939791,-0.005308291362931983,-0.013005603666780163,-0.0033215992210862,0.8063795839244424,0.8063795839244423,0.8063795839244423,0.004717320565957988,"2618.TW,1590.TW,2327.TW,3037.TW,2603.TW,2308.TW,3017.TW,2345.TW,3034.TW,2395.TW",2022,8765,10
2022-03-24,-0.007880395600562713,-0.01113981341971293,-0.013005603666780163,-0.0033215992210862,0.561590998404099,0.5615909984040989,0.561590998404099,0.003285307340663979,"2618.TW,1590.TW,2327.TW,3037.TW,2603.TW,2308.TW,3017.TW,2345.TW,3034.TW,2395.TW,5876.TW,2408.TW,2883.TW,2379.TW,9910.TW,3711.TW,2615.TW,2885.TW,3008.TW,5871.TW",2022,8765,20
2022-03-31,-0.028937457562119663,-0.034618173435381205,-0.03257697117923086,-0.015438702720219102,1.0,1.0,1.0,0.00585,"2609.TW,5871.TW,2454.TW",2022,8765,3
2022-03-31,-0.03661784702440555,-0.04116483045089048,-0.03257697117923086,-0.015438702720219102,0.8068056085373109,0.8068056085373109,0.8068056085373109,0.004719812809943269,"2609.TW,5871.TW,2454.TW,3008.TW,2603.TW,2330.TW,2382.TW,3231.TW,2883.TW,3034.TW",2022,8765,10
2022-03-31,-0.03035143787124903,-0.03351671826847391,-0.03257697117923086,-0.015438702720219102,0.5580099773337667,0.5580099773337666,0.5580099773337666,0.003264358367402535,"2609.TW,5871.TW,2454.TW,3008.TW,2603.TW,2330.TW,2382.TW,3231.TW,2883.TW,3034.TW,3711.TW,2912.TW,5876.TW,2207.TW,1101.TW,2408.TW,2303.TW,2308.TW,4904.TW,1216.TW",2022,8765,20
2022-03-31,-0.028093563793209462,-0.032286683156867335,-0.03257697117923086,-0.015438702720219102,0.7374912996704428,0.7374912996704427,0.7374912996704428,0.00431432410307209,"2609.TW,5871.TW,2454.TW,3008.TW,2603.TW,2330.TW,2382.TW,3231.TW,2883.TW,3034.TW,3711.TW,2912.TW,5876.TW,2207.TW,1101.TW",2022,8765,15
2022-03-31,-0.04143858192234762,-0.04596530065019,-0.03257697117923086,-0.015438702720219102,0.8072493410878869,0.8072493410878868,0.8072493410878869,0.004722408645364138,"2609.TW,5871.TW,2454.TW,3008.TW,2603.TW",2022,8765,5
2022-04-11,-0.011469323749931534,-0.016095647314781858,0.0007568215005506751,-0.006348150243156436,0.7999999999999999,0.8000000000000002,0.8,0.00468,"2887.TW,3017.TW,4904.TW,2882.TW,2881.TW,2912.TW,3045.TW,1303.TW,2412.TW,9910.TW,2609.TW,6669.TW,2002.TW,1102.TW,1101.TW",2022,8765,15
2022-04-11,-0.012816012703568616,-0.018591039029252743,0.0007568215005506751,-0.006348150243156436,1.0,1.0000000000000002,1.0,0.005850000000000001,"2887.TW,3017.TW,4904.TW",2022,8765,3
2022-04-11,-0.01839461749269855,-0.024137008980366303,0.0007568215005506751,-0.006348150243156436,1.0,1.0,1.0,0.00585,"2887.TW,3017.TW,4904.TW,2882.TW,2881.TW",2022,8765,5
2022-04-11,-0.011662081792219342,-0.01600507225883885,0.0007568215005506751,-0.006348150243156436,0.7511515232580583,0.751151523258058,0.7511515232580581,0.0043942364110596405,"2887.TW,3017.TW,4904.TW,2882.TW,2881.TW,2912.TW,3045.TW,1303.TW,2412.TW,9910.TW,2609.TW,6669.TW,2002.TW,1102.TW,1101.TW,2885.TW,2880.TW,2891.TW,2327.TW,3711.TW",2022,8765,20
2022-04-11,-0.011070982907786875,-0.01685621765777634,0.0007568215005506751,-0.006348150243156436,0.9999999999999999,1.0,1.0,0.00585,"2887.TW,3017.TW,4904.TW,2882.TW,2881.TW,2912.TW,3045.TW,1303.TW,2412.TW,9910.TW",2022,8765,10
2022-04-18,-0.0038600843971937637,-0.009687502903470202,-0.01890367085066269,-0.009781763370072074,1.0,1.0,1.0,0.00585,"2618.TW,6669.TW,2379.TW,2892.TW,5880.TW",2022,8765,5
2022-04-18,-0.006651825476948037,-0.009601147075317229,-0.01890367085066269,-0.009781763370072074,0.5075335628666326,0.5075335628666326,0.5075335628666326,0.002969071342769801,"2618.TW,6669.TW,2379.TW,2892.TW,5880.TW,2880.TW,2884.TW,2886.TW,2454.TW,3017.TW,2002.TW,3034.TW,2609.TW,3008.TW,2887.TW,2883.TW,2891.TW,2885.TW,1102.TW,2912.TW",2022,8765,20
2022-04-18,-0.0027885941340890733,-0.008043407479810583,-0.01890367085066269,-0.009781763370072074,0.9007705751182538,0.9007705751182539,0.9007705751182538,0.005269507864441785,"2618.TW,6669.TW,2379.TW,2892.TW,5880.TW,2880.TW,2884.TW,2886.TW,2454.TW,3017.TW",2022,8765,10
2022-04-18,-0.0005327875334530559,-0.006379670726382458,-0.01890367085066269,-0.009781763370072074,1.0,1.0,1.0,0.00585,"2618.TW,6669.TW,2379.TW",2022,8765,3
2022-04-18,-0.00787396751791262,-0.011765905245079922,-0.01890367085066269,-0.009781763370072074,0.6705685352354624,0.6705685352354623,0.6705685352354624,0.003922825931127455,"2618.TW,6669.TW,2379.TW,2892.TW,5880.TW,2880.TW,2884.TW,2886.TW,2454.TW,3017.TW,2002.TW,3034.TW,2609.TW,3008.TW,2887.TW",2022,8765,15
2022-04-25,0.005564920089601249,0.0020174454082864113,-0.011175233809129437,0.00891462211147049,0.6030500033512085,0.6030500033512085,0.6030500033512085,0.00352784251960457,"2609.TW,2603.TW,2885.TW,5876.TW,3017.TW,1216.TW,2207.TW,2412.TW,3045.TW,2002.TW,2880.TW,5880.TW,2886.TW,2912.TW,1303.TW",2022,8765,15
2022-04-25,0.005341414537084313,4.829198954658942e-05,-0.011175233809129437,0.00891462211147049,0.8999999999999999,0.8999999999999998,0.8999999999999999,0.005264999999999999,"2609.TW,2603.TW,2885.TW,5876.TW,3017.TW,1216.TW,2207.TW,2412.TW,3045.TW,2002.TW",2022,8765,10
2022-04-25,0.017343425748554034,0.011391966707924972,-0.011175233809129437,0.00891462211147049,1.0,1.0,1.0,0.00585,"2609.TW,2603.TW,2885.TW,5876.TW,3017.TW",2022,8765,5
2022-04-25,0.02873612637853425,0.022718020039219633,-0.011175233809129437,0.00891462211147049,1.0,0.9999999999999999,1.0,0.005849999999999999,"2609.TW,2603.TW,2885.TW",2022,8765,3
2022-04-25,0.005954266103261564,0.002702803512756091,-0.011175233809129437,0.00891462211147049,0.5525157452531299,0.5525157452531297,0.5525157452531297,0.0032322171097308094,"2609.TW,2603.TW,2885.TW,5876.TW,3017.TW,1216.TW,2207.TW,2412.TW,3045.TW,2002.TW,2880.TW,5880.TW,2886.TW,2912.TW,1303.TW,2891.TW,1590.TW,1326.TW,3231.TW,2317.TW",2022,8765,20
2022-05-03,-0.0376892713438919,-0.041836294888811354,-0.03468438687338349,-0.04153392324483583,0.7366569784080274,0.7366569784080272,0.7366569784080272,0.00430944332368696,"2609.TW,3017.TW,2345.TW,2884.TW,3037.TW,2412.TW,3034.TW,2303.TW,2603.TW,2308.TW,1590.TW,5871.TW,1101.TW,2357.TW,2382.TW",2022,8765,15
2022-05-03,-0.048039889124527724,-0.05175253355694209,-0.03468438687338349,-0.04153392324483583,0.6666666666666666,0.6666666666666667,0.6666666666666667,0.0039000000000000003,"2609.TW,3017.TW,2345.TW",2022,8765,3
2022-05-03,-0.03158994567914213,-0.03501706301890528,-0.03468438687338349,-0.04153392324483583,0.6049421123596066,0.6049421123596067,0.6049421123596066,0.0035389113573036993,"2609.TW,3017.TW,2345.TW,2884.TW,3037.TW,2412.TW,3034.TW,2303.TW,2603.TW,2308.TW",2022,8765,10
2022-05-03,-0.0433456979510639,-0.046727753105080705,-0.03468438687338349,-0.04153392324483583,0.6043239286317932,0.6043239286317932,0.6043239286317932,0.00353529498249599,"2609.TW,3017.TW,2345.TW,2884.TW,3037.TW",2022,8765,5
2022-05-03,-0.033870803343725386,-0.03756653359904838,-0.03468438687338349,-0.04153392324483583,0.6538967705148737,0.6538967705148737,0.6538967705148737,0.003825296107512011,"2609.TW,3017.TW,2345.TW,2884.TW,3037.TW,2412.TW,3034.TW,2303.TW,2603.TW,2308.TW,1590.TW,5871.TW,1101.TW,2357.TW,2382.TW,2002.TW,3045.TW,2327.TW,2330.TW,2408.TW",2022,8765,20
2022-05-10,-0.07153930674206169,-0.07697080179762061,0.012111332298646138,-0.008245553476231382,1.0,1.0000000000000002,1.0,0.005850000000000001,"2884.TW,2881.TW,5871.TW",2022,8765,3
2022-05-10,-0.027739762373481948,-0.032315391248507463,0.012111332298646138,-0.008245553476231382,0.8044747196131758,0.804474719613176,0.8044747196131758,0.004706177109737079,"2884.TW,2881.TW,5871.TW,2317.TW,3231.TW,5880.TW,3045.TW,2892.TW,2891.TW,2412.TW",2022,8765,10
2022-05-10,-0.03576212734021698,-0.04031199958518461,0.012111332298646138,-0.008245553476231382,0.8066017332064694,0.8066017332064694,0.8066017332064694,0.004718620139257846,"2884.TW,2881.TW,5871.TW,2317.TW,3231.TW",2022,8765,5
2022-05-10,-0.030726576578399317,-0.03530497661571974,0.012111332298646138,-0.008245553476231382,0.8074424265645254,0.8074424265645254,0.8074424265645254,0.004723538195402473,"2884.TW,2881.TW,5871.TW,2317.TW,3231.TW,5880.TW,3045.TW,2892.TW,2891.TW,2412.TW,2882.TW,2885.TW,5876.TW,2883.TW,1301.TW",2022,8765,15
2022-05-10,-0.030019231753675518,-0.03431184636169338,0.012111332298646138,-0.008245553476231382,0.7564895087574646,0.7564895087574645,0.7564895087574646,0.004425463626231168,"2884.TW,2881.TW,5871.TW,2317.TW,3231.TW,5880.TW,3045.TW,2892.TW,2891.TW,2412.TW,2882.TW,2885.TW,5876.TW,2883.TW,1301.TW,2912.TW,2880.TW,1216.TW,2886.TW,2002.TW",2022,8765,20
2022-05-17,0.00770920330611265,0.004163225108466229,-0.013163125779648066,0.001736497484468207,0.6015129337582059,0.6015129337582064,0.6015129337582061,0.0035188506624855066,"3008.TW,2887.TW,2883.TW,2002.TW,5880.TW,2345.TW,2885.TW,2880.TW,3017.TW,2892.TW,2454.TW,2382.TW,2357.TW,5876.TW,3231.TW",2022,8765,15
2022-05-17,-0.005431766163278044,-0.01124999033122287,-0.013163125779648066,0.001736497484468207,1.0,0.9999999999999999,1.0,0.005849999999999999,"3008.TW,2887.TW,2883.TW",2022,8765,3
2022-05-17,0.009679597116009875,0.003772971472881359,-0.013163125779648066,0.001736497484468207,1.0,1.0,1.0,0.00585,"3008.TW,2887.TW,2883.TW,2002.TW,5880.TW",2022,8765,5
2022-05-17,0.006024427248460024,0.003067391273363196,-0.013163125779648066,0.001736497484468207,0.5024492660101555,0.5024492660101553,0.5024492660101554,0.0029393282061594087,"3008.TW,2887.TW,2883.TW,2002.TW,5880.TW,2345.TW,2885.TW,2880.TW,3017.TW,2892.TW,2454.TW,2382.TW,2357.TW,5876.TW,3231.TW,1303.TW,1102.TW,2886.TW,2912.TW,2379.TW",2022,8765,20
2022-05-17,0.009069426591977748,0.004346981675527273,-0.013163125779648066,0.001736497484468207,0.7999999999999999,0.7999999999999999,0.7999999999999999,0.00468,"3008.TW,2887.TW,2883.TW,2002.TW,5880.TW,2345.TW,2885.TW,2880.TW,3017.TW,2892.TW",2022,8765,10
2022-05-24,0.04174643536302414,0.036850438674032704,0.0452708154410173,0.03809087658391983,0.8033840889957639,0.8033840889957641,0.803384088995764,0.004699796920625219,"2912.TW,2609.TW,5871.TW,2882.TW,2884.TW,2881.TW,2883.TW,2887.TW,2382.TW,2395.TW",2022,8765,10
2022-05-24,0.036385281791268057,0.03242465576950626,0.0452708154410173,0.03809087658391983,0.6532610034946239,0.6532610034946236,0.6532610034946238,0.003821576870443548,"2912.TW,2609.TW,5871.TW,2882.TW,2884.TW,2881.TW,2883.TW,2887.TW,2382.TW,2395.TW,2891.TW,4904.TW,3045.TW,2317.TW,6669.TW,2892.TW,2886.TW,1101.TW,2357.TW,9910.TW",2022,8765,20
2022-05-24,0.037740672777265456,0.03166988984151864,0.0452708154410173,0.03809087658391983,1.0,1.0,1.0,0.00585,"2912.TW,2609.TW,5871.TW,2882.TW,2884.TW",2022,8765,5
2022-05-24,0.03389291049295746,0.029040751554440192,0.0452708154410173,0.03809087658391983,0.8022386747807153,0.8022386747807158,0.8022386747807155,0.004693096247467186,"2912.TW,2609.TW,5871.TW,2882.TW,2884.TW,2881.TW,2883.TW,2887.TW,2382.TW,2395.TW,2891.TW,4904.TW,3045.TW,2317.TW,6669.TW",2022,8765,15
2022-05-24,0.03700392479724005,0.03093745183717611,0.0452708154410173,0.03809087658391983,1.0,1.0,1.0,0.00585,"2912.TW,2609.TW,5871.TW",2022,8765,3
2022-05-31,-0.0066562534792173,-0.011892088100470155,-0.008507416975417015,-0.002498140064777614,0.9010118282882823,0.9010118282882823,0.9010118282882823,0.0052709191954864515,"1301.TW,5876.TW,4904.TW,2395.TW,3045.TW,2412.TW,2303.TW,3017.TW,2892.TW,5880.TW",2022,8765,10
2022-05-31,0.01895912874824971,0.01299821784507249,-0.008507416975417015,-0.002498140064777614,1.0,1.0,1.0,0.00585,"1301.TW,5876.TW,4904.TW",2022,8765,3
2022-05-31,0.003021743811139488,-0.0028459333901557082,-0.008507416975417015,-0.002498140064777614,1.0,1.0,1.0,0.00585,"1301.TW,5876.TW,4904.TW,2395.TW,3045.TW",2022,8765,5
2022-05-31,-0.007426325591939594,-0.012099935825289565,-0.008507416975417015,-0.002498140064777614,0.8048850707964137,0.8048850707964139,0.8048850707964138,0.004708577664159021,"1301.TW,5876.TW,4904.TW,2395.TW,3045.TW,2412.TW,2303.TW,3017.TW,2892.TW,5880.TW,2880.TW,3711.TW,2207.TW,1102.TW,1326.TW",2022,8765,15
2022-05-31,-0.0028684133794858527,-0.006980661228120688,-0.008507416975417015,-0.002498140064777614,0.7049704969997207,0.7049704969997205,0.7049704969997206,0.004124077407448365,"1301.TW,5876.TW,4904.TW,2395.TW,3045.TW,2412.TW,2303.TW,3017.TW,2892.TW,5880.TW,2880.TW,3711.TW,2207.TW,1102.TW,1326.TW,3008.TW,3034.TW,2317.TW,2912.TW,3231.TW",2022,8765,20
2022-06-08,-0.012500998532183054,-0.016567849671162427,-0.03198120018063766,-0.015862314932145558,0.7039887917375551,0.7039887917375548,0.7039887917375549,0.004118334431664697,"6669.TW,2892.TW,2884.TW,2327.TW,4904.TW,2887.TW,2886.TW,2357.TW,2408.TW,2345.TW,1216.TW,2395.TW,2891.TW,2885.TW,1101.TW,1102.TW,1303.TW,2912.TW,2330.TW,3711.TW",2022,8765,20
2022-06-08,-0.012824609495370266,-0.017455709792441265,-0.03198120018063766,-0.015862314932145558,0.8019254572561141,0.8019254572561142,0.8019254572561141,0.004691263924948268,"6669.TW,2892.TW,2884.TW,2327.TW,4904.TW,2887.TW,2886.TW,2357.TW,2408.TW,2345.TW",2022,8765,10
2022-06-08,-0.015523563178210532,-0.020130912902536546,-0.03198120018063766,-0.015862314932145558,0.8,0.8,0.8,0.00468,"6669.TW,2892.TW,2884.TW,2327.TW,4904.TW",2022,8765,5
2022-06-08,-0.019255520009943388,-0.02499287521788518,-0.03198120018063766,-0.015862314932145558,1.0,1.0,1.0,0.00585,"6669.TW,2892.TW,2884.TW",2022,8765,3
2022-06-08,-0.012791737078860756,-0.017430517324254158,-0.03198120018063766,-0.015862314932145558,0.8032285768710029,0.8032285768710031,0.803228576871003,0.004698887174695368,"6669.TW,2892.TW,2884.TW,2327.TW,4904.TW,2887.TW,2886.TW,2357.TW,2408.TW,2345.TW,1216.TW,2395.TW,2891.TW,2885.TW,1101.TW",2022,8765,15
2022-06-15,-0.03497735675594017,-0.0389291244800245,-0.03464941447341496,-0.03979334075275198,0.7000000000000001,0.7000000000000002,0.7000000000000002,0.004095000000000001,"2609.TW,3017.TW,1590.TW,2454.TW,1326.TW,2618.TW,3008.TW,2912.TW,3231.TW,4904.TW,2891.TW,3711.TW,2884.TW,2892.TW,2880.TW,1301.TW,2317.TW,2207.TW,2382.TW,2308.TW",2022,8765,20
2022-06-15,-0.061819595295509004,-0.06675911512627808,-0.03464941447341496,-0.03979334075275198,0.8999999999999999,0.9,0.8999999999999999,0.005265,"2609.TW,3017.TW,1590.TW,2454.TW,1326.TW,2618.TW,3008.TW,2912.TW,3231.TW,4904.TW",2022,8765,10
2022-06-15,-0.0462146756748092,-0.05030641471616426,-0.03464941447341496,-0.03979334075275198,0.7333333333333333,0.7333333333333333,0.7333333333333333,0.00429,"2609.TW,3017.TW,1590.TW,2454.TW,1326.TW,2618.TW,3008.TW,2912.TW,3231.TW,4904.TW,2891.TW,3711.TW,2884.TW,2892.TW,2880.TW",2022,8765,15
2022-06-15,-0.12890332073995384,-0.1339992363136251,-0.03464941447341496,-0.03979334075275198,1.0,1.0,1.0,0.00585,"2609.TW,3017.TW,1590.TW",2022,8765,3
2022-06-15,-0.10331806668343416,-0.10856365599333606,-0.03464941447341496,-0.03979334075275198,1.0,1.0,1.0,0.00585,"2609.TW,3017.TW,1590.TW,2454.TW,1326.TW",2022,8765,5
2022-06-22,-0.00836965088914552,-0.013010480922984402,-0.01752930344668202,-0.013006496931225511,0.7999999999999999,0.8000000000000003,0.8,0.004680000000000002,"2395.TW,1102.TW,3045.TW,6669.TW,1301.TW,4904.TW,3037.TW,2912.TW,2317.TW,9910.TW",2022,8765,10
2022-06-22,0.004600117765538592,-0.0012767929233897801,-0.01752930344668202,-0.013006496931225511,1.0,1.0,1.0,0.00585,"2395.TW,1102.TW,3045.TW",2022,8765,3
2022-06-22,-0.01457197616060499,-0.017754749483635313,-0.01752930344668202,-0.013006496931225511,0.5521091370862888,0.5521091370862891,0.552109137086289,0.003229838451954791,"2395.TW,1102.TW,3045.TW,6669.TW,1301.TW,4904.TW,3037.TW,2912.TW,2317.TW,9910.TW,1590.TW,2412.TW,2892.TW,3231.TW,1326.TW,1303.TW,3711.TW,5876.TW,2408.TW,2886.TW",2022,8765,20
2022-06-22,-0.005976536958787007,-0.009472323690269291,-0.01752930344668202,-0.013006496931225511,0.6011632558669265,0.6011632558669266,0.6011632558669266,0.003516805046821521,"2395.TW,1102.TW,3045.TW,6669.TW,1301.TW,4904.TW,3037.TW,2912.TW,2317.TW,9910.TW,1590.TW,2412.TW,2892.TW,3231.TW,1326.TW",2022,8765,15
2022-06-22,-0.006458997701745584,-0.012271212565190481,-0.01752930344668202,-0.013006496931225511,1.0,1.0,1.0,0.00585,"2395.TW,1102.TW,3045.TW,6669.TW,1301.TW",2022,8765,5
2022-06-29,0.0015777675450660373,-0.004281462395072544,-0.0700934551822735,-0.04882481357848481,1.0,1.0,1.0,0.00585,"3008.TW,2308.TW,2618.TW",2022,8765,3
2022-06-29,-0.04062842597852413,-0.044384731130864274,-0.0700934551822735,-0.04882481357848481,0.6692958830882476,0.6692958830882476,0.6692958830882476,0.0039153809160662485,"3008.TW,2308.TW,2618.TW,3037.TW,1590.TW,3711.TW,2615.TW,2885.TW,3017.TW,5880.TW,5871.TW,2317.TW,3231.TW,1101.TW,2912.TW",2022,8765,15
2022-06-29,-0.04161283312122744,-0.046658741554844174,-0.0700934551822735,-0.04882481357848481,0.8999999999999999,0.8999999999999999,0.8999999999999999,0.005265,"3008.TW,2308.TW,2618.TW,3037.TW,1590.TW,3711.TW,2615.TW,2885.TW,3017.TW,5880.TW",2022,8765,10
2022-06-29,-0.04608845976795268,-0.05003377106121243,-0.0700934551822735,-0.04882481357848481,0.7069965698475039,0.706996569847504,0.706996569847504,0.0041359299336078984,"3008.TW,2308.TW,2618.TW,3037.TW,1590.TW,3711.TW,2615.TW,2885.TW,3017.TW,5880.TW,5871.TW,2317.TW,3231.TW,1101.TW,2912.TW,3034.TW,2883.TW,2884.TW,2880.TW,2357.TW",2022,8765,20
2022-06-29,-0.021040866305025687,-0.0267677772371413,-0.0700934551822735,-0.04882481357848481,1.0,1.0,1.0,0.00585,"3008.TW,2308.TW,2618.TW,3037.TW,1590.TW",2022,8765,5
2022-07-06,0.0032713662468368677,-0.00028746271405677426,0.02969394665609104,0.008550664687204288,0.6063631948330828,0.606363194833083,0.6063631948330829,0.0035472246897735355,"3037.TW,1590.TW,3231.TW,3711.TW,2303.TW,2883.TW,3045.TW,2454.TW,6669.TW,1216.TW,3034.TW,2615.TW,2912.TW,2379.TW,2603.TW",2022,8765,15
2022-07-06,-0.012174470770327028,-0.015721848827662366,0.02969394665609104,0.008550664687204288,0.6138628670420923,0.613862867042092,0.6138628670420921,0.0035910977721962385,"3037.TW,1590.TW,3231.TW,3711.TW,2303.TW",2022,8765,5
2022-07-06,0.014168856957169674,0.011149287144193165,0.02969394665609104,0.008550664687204288,0.5089544768162529,0.5089544768162528,0.5089544768162528,0.0029773836893750793,"3037.TW,1590.TW,3231.TW,3711.TW,2303.TW,2883.TW,3045.TW,2454.TW,6669.TW,1216.TW,3034.TW,2615.TW,2912.TW,2379.TW,2603.TW,2395.TW,2891.TW,2327.TW,2317.TW,2308.TW",2022,8765,20
2022-07-06,-0.03114787996610039,-0.03681566486829868,0.02969394665609104,0.008550664687204288,1.0,1.0000000000000002,1.0,0.005850000000000001,"3037.TW,1590.TW,3231.TW",2022,8765,3
2022-07-06,0.0013187393614050309,-0.002815052008350305,0.02969394665609104,0.008550664687204288,0.7057003685236526,0.7057003685236526,0.7057003685236526,0.0041283471558633674,"3037.TW,1590.TW,3231.TW,3711.TW,2303.TW,2883.TW,3045.TW,2454.TW,6669.TW,1216.TW",2022,8765,10
2022-07-13,0.027004046135116977,0.022727618127815985,0.040167798136086175,0.034663395795617315,0.7117920687190488,0.7117920687190487,0.7117920687190487,0.004163983602006435,"2881.TW,2615.TW,2886.TW,2887.TW,1590.TW,2884.TW,2883.TW,2882.TW,1326.TW,2454.TW",2022,8765,10
2022-07-13,0.046051915496906085,0.03993251179124924,0.040167798136086175,0.034663395795617315,1.0,1.0,1.0,0.00585,"2881.TW,2615.TW,2886.TW",2022,8765,3
2022-07-13,0.03242758101633623,0.028349085008782637,0.040167798136086175,0.034663395795617315,0.6752810730063085,0.6752810730063088,0.6752810730063086,0.003950394277086907,"2881.TW,2615.TW,2886.TW,2887.TW,1590.TW,2884.TW,2883.TW,2882.TW,1326.TW,2454.TW,2892.TW,2885.TW,3711.TW,2609.TW,2408.TW",2022,8765,15
2022-07-13,0.03149075401606183,0.026560802687183083,0.040167798136086175,0.034663395795617315,0.816998814195985,0.816998814195985,0.816998814195985,0.004779443063046512,"2881.TW,2615.TW,2886.TW,2887.TW,1590.TW",2022,8765,5
2022-07-13,0.026907994718793196,0.023244981719528157,0.040167798136086175,0.034663395795617315,0.6097489468098876,0.6097489468098872,0.6097489468098873,0.0035670313388378406,"2881.TW,2615.TW,2886.TW,2887.TW,1590.TW,2884.TW,2883.TW,2882.TW,1326.TW,2454.TW,2892.TW,2885.TW,3711.TW,2609.TW,2408.TW,2395.TW,2412.TW,2912.TW,1216.TW,1303.TW",2022,8765,20
2022-07-20,0.02822903642507584,0.023398078875461303,0.021230499774345768,0.0248201749546301,0.8031330375642641,0.8031330375642641,0.8031330375642641,0.004698328269750945,"2603.TW,2327.TW,2609.TW,2454.TW,1216.TW,3008.TW,2395.TW,3034.TW,2881.TW,3045.TW",2022,8765,10
2022-07-20,0.026900649174676296,0.023613215397013665,0.021230499774345768,0.0248201749546301,0.5472335540539427,0.5472335540539427,0.5472335540539427,0.0032013162912155647,"2603.TW,2327.TW,2609.TW,2454.TW,1216.TW,3008.TW,2395.TW,3034.TW,2881.TW,3045.TW,2882.TW,2885.TW,2887.TW,1101.TW,2883.TW",2022,8765,15
2022-07-20,0.03584989345526712,0.029790171578553792,0.021230499774345768,0.0248201749546301,1.0,1.0,1.0,0.00585,"2603.TW,2327.TW,2609.TW,2454.TW,1216.TW",2022,8765,5
2022-07-20,0.0260791150265727,0.023306200595660576,0.021230499774345768,0.0248201749546301,0.4619550869723254,0.4619550869723253,0.46195508697232535,0.002702437258788103,"2603.TW,2327.TW,2609.TW,2454.TW,1216.TW,3008.TW,2395.TW,3034.TW,2881.TW,3045.TW,2882.TW,2885.TW,2887.TW,1101.TW,2883.TW,1303.TW,4904.TW,1301.TW,1326.TW,9910.TW",2022,8765,20
2022-07-20,0.042634668523336076,0.03653525571247451,0.021230499774345768,0.0248201749546301,1.0,1.0,1.0,0.00585,"2603.TW,2327.TW,2609.TW",2022,8765,3
2022-07-27,-0.008881678918122622,-0.011515148048599877,-0.01079418520395814,-0.012014746298765517,0.4541997194018832,0.4541997194018832,0.4541997194018832,0.002657068358501017,"2881.TW,2395.TW,2603.TW,2615.TW,2357.TW,2885.TW,1102.TW,2887.TW,9910.TW,1326.TW,2882.TW,2883.TW,1590.TW,2884.TW,2891.TW,1301.TW,1303.TW,2317.TW,5871.TW,5876.TW",2022,8765,20
2022-07-27,-0.01292712910538413,-0.016025946480166642,-0.01079418520395814,-0.012014746298765517,0.5366497118673699,0.5366497118673702,0.5366497118673701,0.003139400814424115,"2881.TW,2395.TW,2603.TW,2615.TW,2357.TW,2885.TW,1102.TW,2887.TW,9910.TW,1326.TW,2882.TW,2883.TW,1590.TW,2884.TW,2891.TW",2022,8765,15
2022-07-27,0.005973131725472425,0.0012651774689971251,-0.01079418520395814,-0.012014746298765517,0.8,0.7999999999999998,0.7999999999999999,0.004679999999999999,"2881.TW,2395.TW,2603.TW,2615.TW,2357.TW",2022,8765,5
2022-07-27,0.013534680251412835,0.009581894998432317,-0.01079418520395814,-0.012014746298765517,0.6666666666666666,0.6666666666666667,0.6666666666666667,0.0039000000000000003,"2881.TW,2395.TW,2603.TW",2022,8765,3
2022-07-27,-0.004945924586311579,-0.009045343350369106,-0.01079418520395814,-0.012014746298765517,0.7042384545704188,0.7042384545704188,0.7042384545704188,0.00411979495923695,"2881.TW,2395.TW,2603.TW,2615.TW,2357.TW,2885.TW,1102.TW,2887.TW,9910.TW,1326.TW",2022,8765,10
2022-08-03,0.046415976353554364,0.04151874958421975,0.029652045899698054,0.03705221571174414,0.8,0.8,0.8,0.00468,"6669.TW,2618.TW,2883.TW,2454.TW,2881.TW",2022,8765,5
2022-08-03,0.04995578181834355,0.04504198875943377,0.029652045899698054,0.03705221571174414,0.7999999999999999,0.8,0.8,0.00468,"6669.TW,2618.TW,2883.TW,2454.TW,2881.TW,2891.TW,2379.TW,2408.TW,2887.TW,1590.TW",2022,8765,10
2022-08-03,0.06882149922581204,0.062568893455341,0.029652045899698054,0.03705221571174414,1.0,1.0,1.0,0.00585,"6669.TW,2618.TW,2883.TW",2022,8765,3
2022-08-03,0.0425773499183888,0.039692911676102005,0.029652045899698054,0.03705221571174414,0.47293024948360946,0.47293024948360957,0.4729302494836095,0.002766641959479116,"6669.TW,2618.TW,2883.TW,2454.TW,2881.TW,2891.TW,2379.TW,2408.TW,2887.TW,1590.TW,2882.TW,2885.TW,1326.TW,2412.TW,2382.TW",2022,8765,15
2022-08-03,0.03814559576524571,0.035075648821218275,0.029652045899698054,0.03705221571174414,0.5054948530629642,0.5054948530629643,0.5054948530629642,0.0029571448904183407,"6669.TW,2618.TW,2883.TW,2454.TW,2881.TW,2891.TW,2379.TW,2408.TW,2887.TW,1590.TW,2882.TW,2885.TW,1326.TW,2412.TW,2382.TW,2886.TW,1303.TW,4904.TW,2308.TW,2395.TW",2022,8765,20
2022-08-10,0.016689217117667854,0.012445339259471888,0.013355527324978356,0.0036988199124633582,0.7135407697013681,0.7135407697013683,0.7135407697013683,0.004174213502753004,"2618.TW,2327.TW,3017.TW,2609.TW,2454.TW,2002.TW,3037.TW,2379.TW,3711.TW,3034.TW",2022,8765,10
2022-08-10,0.011544432932089954,0.0075994096436546865,0.013355527324978356,0.0036988199124633582,0.6666666666666666,0.6666666666666666,0.6666666666666666,0.0039,"2618.TW,2327.TW,3017.TW",2022,8765,3
2022-08-10,0.011220513581566593,0.007319681366674491,0.013355527324978356,0.0036988199124633582,0.6594100066867409,0.6594100066867408,0.6594100066867408,0.003857548539117434,"2618.TW,2327.TW,3017.TW,2609.TW,2454.TW,2002.TW,3037.TW,2379.TW,3711.TW,3034.TW,1101.TW,2912.TW,3008.TW,2395.TW,1216.TW,2881.TW,2408.TW,1301.TW,2412.TW,2207.TW",2022,8765,20
2022-08-10,0.009807843278327599,0.005033812511516578,0.013355527324978356,0.0036988199124633582,0.808147451799286,0.8081474517992857,0.8081474517992859,0.004727662593025822,"2618.TW,2327.TW,3017.TW,2609.TW,2454.TW,2002.TW,3037.TW,2379.TW,3711.TW,3034.TW,1101.TW,2912.TW,3008.TW,2395.TW,1216.TW",2022,8765,15
2022-08-10,0.00242486317704531,-0.0011765794708311628,0.013355527324978356,0.0036988199124633582,0.6141420115100467,0.6141420115100467,0.6141420115100467,0.003592730767333773,"2618.TW,2327.TW,3017.TW,2609.TW,2454.TW",2022,8765,5
2022-08-17,-0.021353661052900298,-0.024269569297880822,-0.02388796450651809,-0.016929572601623765,0.5093217375942996,0.5093217375942993,0.5093217375942994,0.0029795321649266518,"2357.TW,2609.TW,2327.TW,1590.TW,3017.TW,2603.TW,2382.TW,2615.TW,5876.TW,2912.TW,2618.TW,3008.TW,5871.TW,4904.TW,2454.TW,2345.TW,3037.TW,1216.TW,2408.TW,2884.TW",2022,8765,20
2022-08-17,-0.014271403123933043,-0.016661644696165157,-0.02388796450651809,-0.016929572601623765,0.41450385455036365,0.4145038545503636,0.41450385455036365,0.0024248475491196273,"2357.TW,2609.TW,2327.TW,1590.TW,3017.TW",2022,8765,5
2022-08-17,-0.01291357916746331,-0.01677931997838178,-0.02388796450651809,-0.016929572601623765,0.6694554611251204,0.6694554611251203,0.6694554611251204,0.003916314447581954,"2357.TW,2609.TW,2327.TW",2022,8765,3
2022-08-17,-0.024777328380408074,-0.027885296888751188,-0.02388796450651809,-0.016929572601623765,0.5447747304833817,0.5447747304833818,0.5447747304833817,0.003186932173327783,"2357.TW,2609.TW,2327.TW,1590.TW,3017.TW,2603.TW,2382.TW,2615.TW,5876.TW,2912.TW,2618.TW,3008.TW,5871.TW,4904.TW,2454.TW",2022,8765,15
2022-08-17,-0.021889359584379417,-0.025951322094326268,-0.02388796450651809,-0.016929572601623765,0.7098916391583626,0.7098916391583627,0.7098916391583627,0.0041528660890764214,"2357.TW,2609.TW,2327.TW,1590.TW,3017.TW,2603.TW,2382.TW,2615.TW,5876.TW,2912.TW",2022,8765,10
2022-08-24,-0.02313725835857849,-0.028851905397180855,-0.02531648233485584,-0.021939248860532192,1.0,1.0,1.0,0.00585,"2887.TW,2303.TW,3034.TW",2022,8765,3
2022-08-24,-0.02060379957867025,-0.024625174316189047,-0.02531648233485584,-0.021939248860532192,0.7018757932185403,0.7018757932185404,0.7018757932185404,0.004105973390328461,"2887.TW,2303.TW,3034.TW,5871.TW,1590.TW,3017.TW,2408.TW,2618.TW,2357.TW,3231.TW",2022,8765,10
2022-08-24,-0.020333397222938504,-0.02379365411571266,-0.02531648233485584,-0.021939248860532192,0.603773674708323,0.6037736747083232,0.6037736747083231,0.0035320759970436906,"2887.TW,2303.TW,3034.TW,5871.TW,1590.TW,3017.TW,2408.TW,2618.TW,2357.TW,3231.TW,2886.TW,2603.TW,2891.TW,5880.TW,2883.TW",2022,8765,15
2022-08-24,-0.01941250505789647,-0.02259511998191166,-0.02531648233485584,-0.021939248860532192,0.5548069315120197,0.5548069315120195,0.5548069315120197,0.0032456205493453147,"2887.TW,2303.TW,3034.TW,5871.TW,1590.TW,3017.TW,2408.TW,2618.TW,2357.TW,3231.TW,2886.TW,2603.TW,2891.TW,5880.TW,2883.TW,2880.TW,2881.TW,2345.TW,1101.TW,2454.TW",2022,8765,20
2022-08-24,-0.032722954162282505,-0.03727962146309216,-0.02531648233485584,-0.021939248860532192,0.8052682431260436,0.8052682431260435,0.8052682431260436,0.004710819222287355,"2887.TW,2303.TW,3034.TW,5871.TW,1590.TW",2022,8765,5
2022-08-31,-0.014297372574028366,-0.01891046087038195,-0.021212048903786584,-0.014975582738463571,0.8,0.8,0.8,0.00468,"1590.TW,6669.TW,2379.TW,3008.TW,2308.TW",2022,8765,5
2022-08-31,-0.013807378898914813,-0.017324392975451297,-0.021212048903786584,-0.014975582738463571,0.609616189148612,0.609616189148612,0.609616189148612,0.003566254706519381,"1590.TW,6669.TW,2379.TW,3008.TW,2308.TW,1101.TW,3017.TW,5871.TW,3037.TW,2408.TW,2002.TW,2454.TW,1102.TW,2887.TW,3231.TW",2022,8765,15
2022-08-31,-0.031677398193728945,-0.03734208541429562,-0.021212048903786584,-0.014975582738463571,1.0,1.0,1.0,0.00585,"1590.TW,6669.TW,2379.TW",2022,8765,3
2022-08-31,-0.01502531735445898,-0.01855668404100752,-0.021212048903786584,-0.014975582738463571,0.6128608538746277,0.6128608538746279,0.6128608538746279,0.0035852359951665733,"1590.TW,6669.TW,2379.TW,3008.TW,2308.TW,1101.TW,3017.TW,5871.TW,3037.TW,2408.TW",2022,8765,10
2022-08-31,-0.00937154302918848,-0.012312583253944576,-0.021212048903786584,-0.014975582738463571,0.5074979577096097,0.5074979577096098,0.5074979577096097,0.002968863052601217,"1590.TW,6669.TW,2379.TW,3008.TW,2308.TW,1101.TW,3017.TW,5871.TW,3037.TW,2408.TW,2002.TW,2454.TW,1102.TW,2887.TW,3231.TW,2382.TW,2327.TW,2892.TW,2886.TW,2880.TW",2022,8765,20
2022-09-07,-0.005466673356735197,-0.010702891321512031,-0.003538365733456117,0.006463636488112023,0.8999999999999999,0.9,0.8999999999999999,0.005265,"2002.TW,5880.TW,2207.TW,1216.TW,2892.TW,2382.TW,1101.TW,2912.TW,2885.TW,2880.TW",2022,8765,10
2022-09-07,-0.0011218528946346595,-0.005796602623087788,-0.003538365733456117,0.006463636488112023,0.7999999999999999,0.7999999999999999,0.7999999999999999,0.00468,"2002.TW,5880.TW,2207.TW,1216.TW,2892.TW,2382.TW,1101.TW,2912.TW,2885.TW,2880.TW,2884.TW,1102.TW,2886.TW,2345.TW,2317.TW",2022,8765,15
2022-09-07,0.0023911742792926223,-0.0034728140902412497,-0.003538365733456117,0.006463636488112023,1.0,1.0,1.0,0.00585,"2002.TW,5880.TW,2207.TW",2022,8765,3
2022-09-07,-0.004139496490997813,-0.00705976489956095,-0.003538365733456117,0.006463636488112023,0.5012661705048196,0.5012661705048195,0.5012661705048196,0.0029324070974531945,"2002.TW,5880.TW,2207.TW,1216.TW,2892.TW,2382.TW,1101.TW,2912.TW,2885.TW,2880.TW,2884.TW,1102.TW,2886.TW,2345.TW,2317.TW,2887.TW,2891.TW,2881.TW,3231.TW,3008.TW",2022,8765,20
2022-09-07,-0.0008229406123015923,-0.006668126409719699,-0.003538365733456117,0.006463636488112023,1.0,1.0,1.0,0.00585,"2002.TW,5880.TW,2207.TW,1216.TW,2892.TW",2022,8765,5
2022-09-15,-0.012749089599184808,-0.015846275824337064,-0.02130491785161448,-0.023498941565355928,0.5362705034590567,0.5362705034590567,0.5362705034590567,0.003137182445235482,"6669.TW,2379.TW,5871.TW,3017.TW,2345.TW,2207.TW,2912.TW,3034.TW,2382.TW,1101.TW,2885.TW,3711.TW,3231.TW,2882.TW,2002.TW",2022,8765,15
2022-09-15,0.002455454667173873,-0.003408909742629196,-0.02130491785161448,-0.023498941565355928,1.0,0.9999999999999999,1.0,0.005849999999999999,"6669.TW,2379.TW,5871.TW,3017.TW,2345.TW",2022,8765,5
2022-09-15,-0.011253162127438354,-0.013576477921719787,-0.02130491785161448,-0.023498941565355928,0.4016680345365207,0.4016680345365209,0.4016680345365208,0.002349758002038647,"6669.TW,2379.TW,5871.TW,3017.TW,2345.TW,2207.TW,2912.TW,3034.TW,2382.TW,1101.TW,2885.TW,3711.TW,3231.TW,2882.TW,2002.TW,5880.TW,2880.TW,2308.TW,1216.TW,2892.TW",2022,8765,20
2022-09-15,-0.013515932366287953,-0.016985878802587395,-0.02130491785161448,-0.023498941565355928,0.6012800981135651,0.6012800981135651,0.6012800981135651,0.003517488573964356,"6669.TW,2379.TW,5871.TW,3017.TW,2345.TW,2207.TW,2912.TW,3034.TW,2382.TW,1101.TW",2022,8765,10
2022-09-15,-0.00801781147589146,-0.01382090727875751,-0.02130491785161448,-0.023498941565355928,1.0,1.0,1.0,0.00585,"6669.TW,2379.TW,5871.TW",2022,8765,3
2022-09-22,-0.04323271518827967,-0.047710386081198486,-0.06303850003332212,-0.055401265281616804,0.8,0.7999999999999999,0.8,0.00468,"3711.TW,2880.TW,2207.TW,3017.TW,2002.TW",2022,8765,5
2022-09-22,-0.04225920461000338,-0.04418177204257301,-0.06303850003332212,-0.055401265281616804,0.34314504211300423,0.34314504211300434,0.3431450421130043,0.002007398496361075,"3711.TW,2880.TW,2207.TW,3017.TW,2002.TW,2892.TW,5880.TW,3231.TW,5871.TW,3034.TW,2886.TW,2884.TW,1101.TW,6669.TW,2885.TW",2022,8765,15
2022-09-22,-0.03213752978088069,-0.03779952523166252,-0.06303850003332212,-0.055401265281616804,1.0,1.0,1.0,0.00585,"3711.TW,2880.TW,2207.TW",2022,8765,3
2022-09-22,-0.04286374165216481,-0.04626401804748037,-0.06303850003332212,-0.055401265281616804,0.6072738580214124,0.6072738580214124,0.6072738580214124,0.003552552069425263,"3711.TW,2880.TW,2207.TW,3017.TW,2002.TW,2892.TW,5880.TW,3231.TW,5871.TW,3034.TW",2022,8765,10
2022-09-22,-0.04074001413776168,-0.04218746107002613,-0.06303850003332212,-0.055401265281616804,0.257935105888655,0.2579351058886551,0.25793510588865504,0.0015089203694486322,"3711.TW,2880.TW,2207.TW,3017.TW,2002.TW,2892.TW,5880.TW,3231.TW,5871.TW,3034.TW,2886.TW,2884.TW,1101.TW,6669.TW,2885.TW,2912.TW,9910.TW,1303.TW,2891.TW,2345.TW",2022,8765,20
2022-09-29,0.043147512906050386,0.03782859642011682,0.039690159568327,0.031815469919369704,0.8716087437998283,0.8716087437998281,0.8716087437998282,0.005098911151228995,"2615.TW,2912.TW,2886.TW,1303.TW,3037.TW,1216.TW,2317.TW,1101.TW,2603.TW,2330.TW,1590.TW,2891.TW,2883.TW,2308.TW,2887.TW",2022,8765,15
2022-09-29,0.04595577987928119,0.03983693856698722,0.039690159568327,0.031815469919369704,1.0,1.0,1.0,0.00585,"2615.TW,2912.TW,2886.TW,1303.TW,3037.TW",2022,8765,5
2022-09-29,0.04574740501344132,0.03962978269411277,0.039690159568327,0.031815469919369704,0.9999999999999999,1.0000000000000002,1.0,0.005850000000000001,"2615.TW,2912.TW,2886.TW,1303.TW,3037.TW,1216.TW,2317.TW,1101.TW,2603.TW,2330.TW",2022,8765,10
2022-09-29,0.031770997126547955,0.025735136793357594,0.039690159568327,0.031815469919369704,1.0,1.0,1.0,0.00585,"2615.TW,2912.TW,2886.TW",2022,8765,3
2022-09-29,0.04247220731370743,0.0378620226962616,0.039690159568327,0.031815469919369704,0.7559585196066426,0.7559585196066424,0.7559585196066425,0.0044223573396988585,"2615.TW,2912.TW,2886.TW,1303.TW,3037.TW,1216.TW,2317.TW,1101.TW,2603.TW,2330.TW,1590.TW,2891.TW,2883.TW,2308.TW,2887.TW,2882.TW,2395.TW,2454.TW,1326.TW,2303.TW",2022,8765,20
2022-10-06,-0.0535320623850351,-0.05583224737776327,-0.06936679526611855,-0.05260461443611832,0.41543300118733545,0.41543300118733556,0.4154330011873355,0.002430283056945913,"2609.TW,2615.TW,2408.TW,3017.TW,2603.TW,1590.TW,6669.TW,1101.TW,2345.TW,2308.TW,2382.TW,3034.TW,2886.TW,1216.TW,2881.TW,2882.TW,1326.TW,2891.TW,2887.TW,2395.TW",2022,8765,20
2022-10-06,-0.03930840911665727,-0.04380444576199127,-0.06936679526611855,-0.05260461443611832,0.8,0.7999999999999998,0.7999999999999999,0.004679999999999999,"2609.TW,2615.TW,2408.TW,3017.TW,2603.TW",2022,8765,5
2022-10-06,-0.05533736456209077,-0.058340984582983646,-0.06936679526611855,-0.05260461443611832,0.5435160665296537,0.5435160665296539,0.5435160665296538,0.003179568989198475,"2609.TW,2615.TW,2408.TW,3017.TW,2603.TW,1590.TW,6669.TW,1101.TW,2345.TW,2308.TW,2382.TW,3034.TW,2886.TW,1216.TW,2881.TW",2022,8765,15
2022-10-06,-0.018223981811029834,-0.02205290828196682,-0.06936679526611855,-0.05260461443611832,0.6666666666666666,0.6666666666666667,0.6666666666666667,0.0039000000000000003,"2609.TW,2615.TW,2408.TW",2022,8765,3
2022-10-06,-0.06679229486565917,-0.07063225671120044,-0.06936679526611855,-0.05260461443611832,0.7033843919945553,0.7033843919945553,0.7033843919945553,0.004114798693168148,"2609.TW,2615.TW,2408.TW,3017.TW,2603.TW,1590.TW,6669.TW,1101.TW,2345.TW,2308.TW",2022,8765,10
2022-10-14,0.008858454946420591,0.0029566329849839423,0.008003955495202497,0.012231135120616257,1.0,1.0000000000000002,1.0,0.005850000000000001,"2379.TW,1590.TW,2345.TW,5871.TW,2327.TW",2022,8765,5
2022-10-14,0.00035588238137365907,-0.0032621321663093283,0.008003955495202497,0.012231135120616257,0.6182440030968475,0.6182440030968476,0.6182440030968475,0.003616727418116558,"2379.TW,1590.TW,2345.TW,5871.TW,2327.TW,3017.TW,2618.TW,6669.TW,9910.TW,1101.TW,2887.TW,1102.TW,2886.TW,3711.TW,2884.TW",2022,8765,15
2022-10-14,0.020377179630187554,0.014407973129350937,0.008003955495202497,0.012231135120616257,1.0,1.0,1.0,0.00585,"2379.TW,1590.TW,2345.TW",2022,8765,3
2022-10-14,0.004553956489044514,0.0012380447645021775,0.008003955495202497,0.012231135120616257,0.5642529337068736,0.5642529337068733,0.5642529337068735,0.0033008796621852095,"2379.TW,1590.TW,2345.TW,5871.TW,2327.TW,3017.TW,2618.TW,6669.TW,9910.TW,1101.TW,2887.TW,1102.TW,2886.TW,3711.TW,2884.TW,2330.TW,2880.TW,5880.TW,2891.TW,2881.TW",2022,8765,20
2022-10-14,-0.00684140428625466,-0.009875352582110475,0.008003955495202497,0.012231135120616257,0.522196195608132,0.522196195608132,0.522196195608132,0.0030548477443075725,"2379.TW,1590.TW,2345.TW,5871.TW,2327.TW,3017.TW,2618.TW,6669.TW,9910.TW,1101.TW",2022,8765,10
2022-10-21,-0.0002691248500900243,-0.0023529548647157617,-0.01885854501773543,0.0027417106354023922,0.3563061497495214,0.3563061497495216,0.35630614974952146,0.002084390976034701,"2603.TW,2379.TW,2395.TW,2618.TW,2887.TW,3017.TW,3711.TW,1101.TW,2884.TW,5871.TW,1102.TW,5876.TW,1301.TW,2886.TW,2891.TW,5880.TW,2615.TW,2882.TW,2892.TW,2880.TW",2022,8765,20
2022-10-21,-0.029546352602184373,-0.0333311218270359,-0.01885854501773543,0.0027417106354023922,0.6666666666666666,0.6666666666666667,0.6666666666666667,0.0039000000000000003,"2603.TW,2379.TW,2395.TW",2022,8765,3
2022-10-21,-0.00628972981422773,-0.009232383192784077,-0.01885854501773543,0.0027417106354023922,0.5062015424818574,0.5062015424818576,0.5062015424818576,0.0029612790235188664,"2603.TW,2379.TW,2395.TW,2618.TW,2887.TW,3017.TW,3711.TW,1101.TW,2884.TW,5871.TW",2022,8765,10
2022-10-21,-0.004578088193260942,-0.006558554136905537,-0.01885854501773543,0.0027417106354023922,0.3400981864396907,0.3400981864396908,0.34009818643969075,0.0019895743906721912,"2603.TW,2379.TW,2395.TW,2618.TW,2887.TW,3017.TW,3711.TW,1101.TW,2884.TW,5871.TW,1102.TW,5876.TW,1301.TW,2886.TW,2891.TW",2022,8765,15
2022-10-21,-0.008747834350227524,-0.013386894485468481,-0.01885854501773543,0.0027417106354023922,0.8,0.8,0.8,0.00468,"2603.TW,2379.TW,2395.TW,2618.TW,2887.TW",2022,8765,5
2022-10-28,0.02973783329461049,0.025663691148371637,0.009610540833278725,0.020241168482252422,0.6763221981311798,0.6763221981311798,0.6763221981311798,0.003956484859067402,"2603.TW,3037.TW,2615.TW,5871.TW,3008.TW,3017.TW,2207.TW,6669.TW,2345.TW,1326.TW,3711.TW,2881.TW,1101.TW,4904.TW,2382.TW",2022,8765,15
2022-10-28,0.044863725667391954,0.04051026297101279,0.009610540833278725,0.020241168482252422,0.7122284363211235,0.7122284363211236,0.7122284363211235,0.0041665363524785734,"2603.TW,3037.TW,2615.TW,5871.TW,3008.TW,3017.TW,2207.TW,6669.TW,2345.TW,1326.TW",2022,8765,10
2022-10-28,0.023692584720103674,0.020637258825829674,0.009610540833278725,0.020241168482252422,0.5101902059668727,0.5101902059668728,0.5101902059668728,0.0029846127049062057,"2603.TW,3037.TW,2615.TW,5871.TW,3008.TW,3017.TW,2207.TW,6669.TW,2345.TW,1326.TW,3711.TW,2881.TW,1101.TW,4904.TW,2382.TW,5876.TW,2884.TW,2885.TW,2891.TW,1102.TW",2022,8765,20
2022-10-28,0.030469990533130632,0.02643864944514185,0.009610540833278725,0.020241168482252422,0.6687415849368019,0.6687415849368019,0.6687415849368019,0.003912138271880292,"2603.TW,3037.TW,2615.TW",2022,8765,3
2022-10-28,0.03890119678544744,0.03400622765831374,0.009610540833278725,0.020241168482252422,0.8054152424967018,0.8054152424967019,0.8054152424967018,0.004711679168605706,"2603.TW,3037.TW,2615.TW,5871.TW,3008.TW",2022,8765,5
2022-11-04,0.07409344155520073,0.06990447713313541,0.10020043336479545,0.06732594053643752,0.6666666666666666,0.6666666666666667,0.6666666666666667,0.0039000000000000003,"2603.TW,2609.TW,2379.TW",2022,8765,3
2022-11-04,0.08898349099761978,0.08636701024795146,0.10020043336479545,0.06732594053643752,0.41071482745824317,0.4107148274582431,0.41071482745824317,0.0024026817406307224,"2603.TW,2609.TW,2379.TW,5871.TW,3037.TW,2395.TW,2615.TW,2345.TW,2886.TW,2207.TW",2022,8765,10
2022-11-04,0.08514935803046668,0.08172734984074292,0.10020043336479545,0.06732594053643752,0.5390582048279124,0.5390582048279124,0.5390582048279124,0.003153490498243288,"2603.TW,2609.TW,2379.TW,5871.TW,3037.TW,2395.TW,2615.TW,2345.TW,2886.TW,2207.TW,2357.TW,1101.TW,2882.TW,2308.TW,2330.TW",2022,8765,15
2022-11-04,0.07501306020568009,0.07213502131985461,0.10020043336479545,0.06732594053643752,0.4576432392563926,0.4576432392563927,0.45764323925639266,0.002677212949649897,"2603.TW,2609.TW,2379.TW,5871.TW,3037.TW,2395.TW,2615.TW,2345.TW,2886.TW,2207.TW,2357.TW,1101.TW,2882.TW,2308.TW,2330.TW,2382.TW,3017.TW,1102.TW,2883.TW,5876.TW",2022,8765,20
2022-11-04,0.11310436307658374,0.1104905719818321,0.10020043336479545,0.06732594053643752,0.4014016217704996,0.4014016217704995,0.40140162177049954,0.0023481994873574222,"2603.TW,2609.TW,2379.TW,5871.TW,3037.TW",2022,8765,5
2022-11-11,0.011116051157614677,0.005201022258342736,0.04143881105917435,0.001024379822480299,1.0,0.9999999999999999,1.0,0.005849999999999999,"6669.TW,2317.TW,2207.TW",2022,8765,3
2022-11-11,-0.008825529096056755,-0.013496710902405895,0.04143881105917435,0.001024379822480299,0.805602484637973,0.8056024846379729,0.805602484637973,0.004712774535132142,"6669.TW,2317.TW,2207.TW,4904.TW,1590.TW,2881.TW,2912.TW,3231.TW,3045.TW,5876.TW,2615.TW,2884.TW,2412.TW,1216.TW,2885.TW,2327.TW,2886.TW,2002.TW,9910.TW,3034.TW",2022,8765,20
2022-11-11,-0.012969431646342561,-0.01798995910797696,0.04143881105917435,0.001024379822480299,0.8694865691273266,0.8694865691273266,0.8694865691273266,0.00508649642939486,"6669.TW,2317.TW,2207.TW,4904.TW,1590.TW,2881.TW,2912.TW,3231.TW,3045.TW,5876.TW,2615.TW,2884.TW,2412.TW,1216.TW,2885.TW",2022,8765,15
2022-11-11,-0.010903172560772435,-0.016137193266543615,0.04143881105917435,0.001024379822480299,0.9045670447304023,0.9045670447304025,0.9045670447304024,0.005291717211672854,"6669.TW,2317.TW,2207.TW,4904.TW,1590.TW,2881.TW,2912.TW,3231.TW,3045.TW,5876.TW",2022,8765,10
2022-11-11,-0.012498359969682606,-0.018275244563859983,0.04143881105917435,0.001024379822480299,1.0,1.0,1.0,0.00585,"6669.TW,2317.TW,2207.TW,4904.TW,1590.TW",2022,8765,5
2022-11-18,-0.0010671741698391685,-0.004622467656834828,0.0021863373356094673,0.007366414371005745,0.6083917363557074,0.6083917363557074,0.6083917363557074,0.0035590916576808884,"6669.TW,3037.TW,2327.TW,1590.TW,3034.TW",2022,8765,5
2022-11-18,-0.011978810685064347,-0.016627894707246238,0.0021863373356094673,0.007366414371005745,0.8043503783739887,0.8043503783739889,0.8043503783739888,0.004705449713487835,"6669.TW,3037.TW,2327.TW,1590.TW,3034.TW,2454.TW,2303.TW,3008.TW,2408.TW,3711.TW",2022,8765,10
2022-11-18,-0.012598497843556117,-0.016449363701966258,0.0021863373356094673,0.007366414371005745,0.6666666666666666,0.6666666666666667,0.6666666666666667,0.0039000000000000003,"6669.TW,3037.TW,2327.TW",2022,8765,3
2022-11-18,-0.0041005105657,-0.008781907622014029,0.0021863373356094673,0.007366414371005745,0.8035337115191149,0.8035337115191148,0.8035337115191148,0.004700672212386821,"6669.TW,3037.TW,2327.TW,1590.TW,3034.TW,2454.TW,2303.TW,3008.TW,2408.TW,3711.TW,2609.TW,2379.TW,2615.TW,2886.TW,9910.TW",2022,8765,15
2022-11-18,0.002275069770444875,-0.0012660381944836763,0.0021863373356094673,0.007366414371005745,0.6039435870445332,0.6039435870445331,0.6039435870445331,0.0035330699842105184,"6669.TW,3037.TW,2327.TW,1590.TW,3034.TW,2454.TW,2303.TW,3008.TW,2408.TW,3711.TW,2609.TW,2379.TW,2615.TW,2886.TW,9910.TW,2308.TW,1326.TW,2885.TW,5880.TW,1303.TW",2022,8765,20
2022-11-25,0.04185893597905514,0.03896775326262292,0.02356021653819096,0.02858395954519328,0.4743629398367175,0.47436293983671773,0.4743629398367176,0.002775023198044798,"2379.TW,3008.TW,3037.TW,1303.TW,2454.TW,3034.TW,3711.TW,2357.TW,2881.TW,2207.TW,2308.TW,2885.TW,1590.TW,1301.TW,2327.TW",2022,8765,15
2022-11-25,0.037294151119574105,0.03423245256325891,0.02356021653819096,0.02858395954519328,0.5045504922773646,0.5045504922773647,0.5045504922773647,0.0029516203798225834,"2379.TW,3008.TW,3037.TW,1303.TW,2454.TW,3034.TW,3711.TW,2357.TW,2881.TW,2207.TW",2022,8765,10
2022-11-25,0.03503223519381847,0.030185654761083258,0.02356021653819096,0.02858395954519328,0.8004342855001683,0.8004342855001684,0.8004342855001683,0.004682540570175985,"2379.TW,3008.TW,3037.TW,1303.TW,2454.TW",2022,8765,5
2022-11-25,0.035214390702540344,0.03333837592336386,0.02356021653819096,0.02858395954519328,0.30977765564203263,0.3097776556420325,0.3097776556420326,0.0018121992855058904,"2379.TW,3008.TW,3037.TW,1303.TW,2454.TW,3034.TW,3711.TW,2357.TW,2881.TW,2207.TW,2308.TW,2885.TW,1590.TW,1301.TW,2327.TW,2303.TW,2330.TW,1326.TW,9910.TW,2412.TW",2022,8765,20
2022-11-25,0.036054287669414986,0.03201367594750426,0.02356021653819096,0.02858395954519328,0.6666666666666666,0.6666666666666667,0.6666666666666667,0.0039000000000000003,"2379.TW,3008.TW,3037.TW",2022,8765,3
2022-12-02,-0.03643365099283269,-0.04207051413452467,-0.026427929296466313,-0.017799237568241436,1.0,0.9999999999999999,1.0,0.005849999999999999,"2345.TW,1590.TW,2327.TW,3017.TW,2881.TW",2022,8765,5
2022-12-02,-0.035539804983472645,-0.0411818971243193,-0.026427929296466313,-0.017799237568241436,1.0,0.9999999999999999,1.0,0.005849999999999999,"2345.TW,1590.TW,2327.TW",2022,8765,3
2022-12-02,-0.027665290539216847,-0.029952141364367302,-0.026427929296466313,-0.017799237568241436,0.40203714540096747,0.4020371454009675,0.40203714540096747,0.00235191730059566,"2345.TW,1590.TW,2327.TW,3017.TW,2881.TW,2357.TW,6669.TW,9910.TW,3711.TW,5871.TW,2308.TW,2454.TW,2317.TW,2885.TW,3008.TW",2022,8765,15
2022-12-02,-0.02321497137709648,-0.02721490606930721,-0.026427929296466313,-0.017799237568241436,0.7,0.7000000000000001,0.7,0.0040950000000000005,"2345.TW,1590.TW,2327.TW,3017.TW,2881.TW,2357.TW,6669.TW,9910.TW,3711.TW,5871.TW",2022,8765,10
2022-12-02,-0.03435763864008182,-0.03635787826157677,-0.026427929296466313,-0.017799237568241436,0.35408689231291685,0.35408689231291685,0.35408689231291685,0.0020714083200305635,"2345.TW,1590.TW,2327.TW,3017.TW,2881.TW,2357.TW,6669.TW,9910.TW,3711.TW,5871.TW,2308.TW,2454.TW,2317.TW,2885.TW,3008.TW,1303.TW,2883.TW,2207.TW,2379.TW,2882.TW",2022,8765,20
2022-12-09,0.05084873221519815,0.044701267131739275,-0.01619966027309394,-0.0038945823167522266,1.0,1.0,1.0,0.00585,"1101.TW,2603.TW,2615.TW,3008.TW,2883.TW",2022,8765,5
2022-12-09,0.07863850015380547,0.07232846492790568,-0.01619966027309394,-0.0038945823167522266,1.0,1.0,1.0,0.00585,"1101.TW,2603.TW,2615.TW",2022,8765,3
2022-12-09,0.003580113292246031,0.0003001155744992712,-0.01619966027309394,-0.0038945823167522266,0.5586832213281487,0.5586832213281487,0.5586832213281487,0.0032682968447696704,"1101.TW,2603.TW,2615.TW,3008.TW,2883.TW,3037.TW,1326.TW,1303.TW,2408.TW,2382.TW,2885.TW,2002.TW,6669.TW,3045.TW,2891.TW,2379.TW,2308.TW,2881.TW,2317.TW,2912.TW",2022,8765,20
2022-12-09,0.01725122271109615,0.01130030305823615,-0.01619966027309394,-0.0038945823167522266,0.9999999999999999,1.0,1.0,0.00585,"1101.TW,2603.TW,2615.TW,3008.TW,2883.TW,3037.TW,1326.TW,1303.TW,2408.TW,2382.TW",2022,8765,10
2022-12-09,0.007007810682788944,0.0022799605603016637,-0.01619966027309394,-0.0038945823167522266,0.8025553521471787,0.8025553521471785,0.8025553521471787,0.004694948810060995,"1101.TW,2603.TW,2615.TW,3008.TW,2883.TW,3037.TW,1326.TW,1303.TW,2408.TW,2382.TW,2885.TW,2002.TW,6669.TW,3045.TW,2891.TW",2022,8765,15
2022-12-16,-0.01015434109202992,-0.013108896528356118,-0.013796112703686858,-0.00209829525739063,0.5102332942440891,0.510233294244089,0.510233294244089,0.002984864771327921,"2891.TW,2357.TW,2885.TW,2330.TW,3037.TW,2881.TW,5876.TW,2454.TW,3711.TW,2308.TW,2395.TW,1303.TW,2207.TW,2379.TW,2883.TW,5871.TW,2412.TW,2303.TW,2408.TW,3045.TW",2022,8765,20
2022-12-16,-0.012152277515722957,-0.016070239540859843,-0.013796112703686858,-0.00209829525739063,0.6779760514401011,0.677976051440101,0.677976051440101,0.0039661599009245905,"2891.TW,2357.TW,2885.TW,2330.TW,3037.TW,2881.TW,5876.TW,2454.TW,3711.TW,2308.TW,2395.TW,1303.TW,2207.TW,2379.TW,2883.TW",2022,8765,15
2022-12-16,-0.024465335864757368,-0.030172213649948598,-0.013796112703686858,-0.00209829525739063,1.0,1.0,1.0,0.00585,"2891.TW,2357.TW,2885.TW,2330.TW,3037.TW",2022,8765,5
2022-12-16,0.006115819544575704,0.00023004200023990506,-0.013796112703686858,-0.00209829525739063,1.0,0.9999999999999999,1.0,0.005849999999999999,"2891.TW,2357.TW,2885.TW",2022,8765,3
2022-12-16,-0.020327914940898896,-0.0255241576922155,-0.013796112703686858,-0.00209829525739063,0.9066774869910754,0.9066774869910755,0.9066774869910754,0.005304063298897791,"2891.TW,2357.TW,2885.TW,2330.TW,3037.TW,2881.TW,5876.TW,2454.TW,3711.TW,2308.TW",2022,8765,10
2022-12-23,-0.020667402719086493,-0.024109952883109464,-0.010830298280957162,-0.01181746991142051,0.6008889269509332,0.6008889269509332,0.6008889269509332,0.0035152002226629597,"2379.TW,3711.TW,2330.TW,2882.TW,2412.TW,2603.TW,1590.TW,2454.TW,2308.TW,3008.TW",2022,8765,10
2022-12-23,-0.01636525018515862,-0.02097140922640295,-0.010830298280957162,-0.01181746991142051,0.8004776305799713,0.8004776305799712,0.8004776305799712,0.004682794138892832,"2379.TW,3711.TW,2330.TW,2882.TW,2412.TW",2022,8765,5
2022-12-23,-0.01795989682432423,-0.023704831427901918,-0.010830298280957162,-0.01181746991142051,1.0,1.0,1.0,0.00585,"2379.TW,3711.TW,2330.TW",2022,8765,3
2022-12-23,-0.017057780573098383,-0.020518221420357086,-0.010830298280957162,-0.01181746991142051,0.60179361336585,0.6017936133658501,0.6017936133658501,0.0035204926381902234,"2379.TW,3711.TW,2330.TW,2882.TW,2412.TW,2603.TW,1590.TW,2454.TW,2308.TW,3008.TW,3045.TW,3231.TW,2303.TW,2891.TW,2892.TW",2022,8765,15
2022-12-23,-0.014257478658393517,-0.017444053626586742,-0.010830298280957162,-0.01181746991142051,0.5525922418719074,0.5525922418719074,0.5525922418719074,0.003232664614950658,"2379.TW,3711.TW,2330.TW,2882.TW,2412.TW,2603.TW,1590.TW,2454.TW,2308.TW,3008.TW,3045.TW,3231.TW,2303.TW,2891.TW,2892.TW,2912.TW,6669.TW,1301.TW,2880.TW,1216.TW",2022,8765,20
2022-12-30,0.046156411984948895,0.04186785260910875,0.057937773930003544,0.04255421626823891,0.7007432773864511,0.7007432773864511,0.7007432773864511,0.004099348172710739,"2327.TW,1590.TW,3017.TW,3711.TW,2609.TW,2345.TW,6669.TW,2357.TW,2882.TW,2408.TW",2022,8765,10
2022-12-30,0.05037626968308324,0.0454605087409663,0.057937773930003544,0.04255421626823891,0.8,0.7999999999999999,0.8,0.00468,"2327.TW,1590.TW,3017.TW,3711.TW,2609.TW",2022,8765,5
2022-12-30,0.06859023916198528,0.062338986262887586,0.057937773930003544,0.04255421626823891,1.0,1.0,1.0,0.00585,"2327.TW,1590.TW,3017.TW",2022,8765,3
2022-12-30,0.04957354283697236,0.045861444186146905,0.057937773930003544,0.04255421626823891,0.6045758129570658,0.604575812957066,0.6045758129570659,0.003536768505798836,"2327.TW,1590.TW,3017.TW,3711.TW,2609.TW,2345.TW,6669.TW,2357.TW,2882.TW,2408.TW,2330.TW,2603.TW,2454.TW,2002.TW,3034.TW",2022,8765,15
2022-12-30,0.05866840079591229,0.0555204909527407,0.057937773930003544,0.04255421626823891,0.5082840352006976,0.5082840352006978,0.5082840352006976,0.002973461605924082,"2327.TW,1590.TW,3017.TW,3711.TW,2609.TW,2345.TW,6669.TW,2357.TW,2882.TW,2408.TW,2330.TW,2603.TW,2454.TW,2002.TW,3034.TW,2207.TW,2303.TW,3008.TW,2379.TW,2618.TW",2022,8765,20
2023-01-03,0.015086774335012022,0.013640275681584546,0.05757016750311572,0.03670480344273937,0.9999999999999999,0.0,0.49999999999999994,0.0014249999999999998,"3017.TW,2603.TW,3037.TW,2892.TW,2882.TW,1590.TW,2308.TW,2357.TW,2412.TW,2317.TW",2023,8765,10
2023-01-03,0.02236418232153334,0.020907313361725022,0.05757016750311572,0.03670480344273937,0.9999999999999999,0.0,0.49999999999999994,0.0014249999999999998,"3017.TW,2603.TW,3037.TW,2892.TW,2882.TW,1590.TW,2308.TW,2357.TW,2412.TW,2317.TW,2609.TW,3711.TW,1216.TW,5871.TW,2887.TW",2023,8765,15
2023-01-03,0.0234241219380747,0.02196574256431294,0.05757016750311572,0.03670480344273937,1.0000000000000002,0.0,0.5000000000000001,0.0014250000000000003,"3017.TW,2603.TW,3037.TW,2892.TW,2882.TW,1590.TW,2308.TW,2357.TW,2412.TW,2317.TW,2609.TW,3711.TW,1216.TW,5871.TW,2887.TW,2618.TW,3231.TW,1326.TW,5880.TW,2912.TW",2023,8765,20
2023-01-03,0.013894937867559753,0.012450137581098364,0.05757016750311572,0.03670480344273937,1.0,0.0,0.5,0.001425,"3017.TW,2603.TW,3037.TW,2892.TW,2882.TW",2023,8765,5
2023-01-03,-0.002081268495030243,-0.003503302687424825,0.05757016750311572,0.03670480344273937,1.0,0.0,0.5,0.001425,"3017.TW,2603.TW,3037.TW",2023,8765,3
2023-01-10,0.021287830295085807,0.017697316427129683,0.05888816676788888,0.021924353011585525,0.6009697130867852,0.6009697130867852,0.6009697130867852,0.003515672821557693,"1590.TW,2412.TW,2395.TW,2912.TW,2887.TW,3034.TW,1216.TW,2327.TW,5880.TW,2892.TW,3231.TW,5871.TW,2881.TW,2883.TW,1102.TW",2023,8765,15
2023-01-10,0.02562633167178188,0.01962641763150197,0.05888816676788888,0.021924353011585525,1.0,1.0,1.0,0.00585,"1590.TW,2412.TW,2395.TW,2912.TW,2887.TW",2023,8765,5
2023-01-10,0.017795623948986573,0.013626653474380301,0.05888816676788888,0.021924353011585525,0.7001843089172204,0.7001843089172204,0.7001843089172204,0.004096078207165739,"1590.TW,2412.TW,2395.TW,2912.TW,2887.TW,3034.TW,1216.TW,2327.TW,5880.TW,2892.TW",2023,8765,10
2023-01-10,0.01799749265107294,0.015599544953003086,0.05888816676788888,0.021924353011585525,0.4026587416695427,0.4026587416695425,0.40265874166954263,0.002355553638766824,"1590.TW,2412.TW,2395.TW,2912.TW,2887.TW,3034.TW,1216.TW,2327.TW,5880.TW,2892.TW,3231.TW,5871.TW,2881.TW,2883.TW,1102.TW,2308.TW,3037.TW,2615.TW,3008.TW,1326.TW",2023,8765,20
2023-01-10,0.013268867607981218,0.00734124473247455,0.05888816676788888,0.021924353011585525,1.0,1.0,1.0,0.00585,"1590.TW,2412.TW,2395.TW",2023,8765,3
2023-01-17,0.015264447152138906,0.009325150136298754,-0.00579467667904543,-0.005567250750877104,1.0,1.0,1.0,0.00585,"2327.TW,3034.TW,3231.TW,2884.TW,3008.TW",2023,8765,5
2023-01-17,0.0030345904406297274,-0.0004887913529677546,-0.00579467667904543,-0.005567250750877104,0.6004653197657437,0.6004653197657437,0.6004653197657437,0.0035127221206296007,"2327.TW,3034.TW,3231.TW,2884.TW,3008.TW,2880.TW,2379.TW,2887.TW,2912.TW,3711.TW",2023,8765,10
2023-01-17,-0.006211524494463332,-0.008857551539105502,-0.00579467667904543,-0.005567250750877104,0.45513942501028676,0.45513942501028704,0.4551394250102869,0.002662565636310179,"2327.TW,3034.TW,3231.TW,2884.TW,3008.TW,2880.TW,2379.TW,2887.TW,2912.TW,3711.TW,2883.TW,1216.TW,2892.TW,2412.TW,3045.TW,5880.TW,2330.TW,2317.TW,2618.TW,2885.TW",2023,8765,20
2023-01-17,0.011356268559210717,0.005439834388139442,-0.00579467667904543,-0.005567250750877104,1.0,1.0000000000000002,1.0,0.005850000000000001,"2327.TW,3034.TW,3231.TW",2023,8765,3
2023-01-17,-0.005755252316129981,-0.008107795611989266,-0.00579467667904543,-0.005567250750877104,0.40447199150427493,0.40447199150427493,0.40447199150427493,0.0023661611503000084,"2327.TW,3034.TW,3231.TW,2884.TW,3008.TW,2880.TW,2379.TW,2887.TW,2912.TW,3711.TW,2883.TW,1216.TW,2892.TW,2412.TW,3045.TW",2023,8765,15
2023-02-03,0.0008625267215180074,-0.0026897645496599676,0.004995822424530338,-0.0015295399524848442,0.6067059770071781,0.6067059770071781,0.6067059770071781,0.003549229965491992,"3711.TW,3034.TW,2327.TW,1590.TW,3037.TW",2023,8765,5
2023-02-03,0.007804997182851924,0.004247056865021692,0.004995822424530338,-0.0015295399524848442,0.6034847295111269,0.6034847295111269,0.6034847295111269,0.0035303856676400926,"3711.TW,3034.TW,2327.TW,1590.TW,3037.TW,2330.TW,2303.TW,2395.TW,2892.TW,2379.TW",2023,8765,10
2023-02-03,0.002431759967980456,-0.00033759538132938083,0.004995822424530338,-0.0015295399524848442,0.4722456886443955,0.47224568864439553,0.47224568864439553,0.002762637278569714,"3711.TW,3034.TW,2327.TW,1590.TW,3037.TW,2330.TW,2303.TW,2395.TW,2892.TW,2379.TW,3045.TW,2207.TW,2317.TW,2887.TW,1216.TW",2023,8765,15
2023-02-03,0.008692245743246783,0.006674291151993472,0.004995822424530338,-0.0015295399524848442,0.3419769550465608,0.34197695504656095,0.3419769550465609,0.0020005651870223812,"3711.TW,3034.TW,2327.TW",2023,8765,3
2023-02-03,-0.0009050377794290529,-0.0032778736177684342,0.004995822424530338,-0.0015295399524848442,0.40598039141063597,0.405980391410636,0.405980391410636,0.002374985289752221,"3711.TW,3034.TW,2327.TW,1590.TW,3037.TW,2330.TW,2303.TW,2395.TW,2892.TW,2379.TW,3045.TW,2207.TW,2317.TW,2887.TW,1216.TW,2408.TW,2880.TW,3231.TW,2891.TW,1102.TW",2023,8765,20
2023-02-10,0.002930654709526966,-0.0005896318885035834,-0.01781272962256153,0.010459429516112544,0.6,0.6000000000000002,0.6000000000000001,0.003510000000000001,"1590.TW,3034.TW,2379.TW,9910.TW,2603.TW,2303.TW,3711.TW,2382.TW,2345.TW,2357.TW,2609.TW,3231.TW,2615.TW,1102.TW,2330.TW",2023,8765,15
2023-02-10,0.02426119001586864,0.020266571374806697,-0.01781272962256153,0.010459429516112544,0.6666666666666666,0.6666666666666669,0.6666666666666667,0.0039000000000000007,"1590.TW,3034.TW,2379.TW",2023,8765,3
2023-02-10,0.007641833896272354,0.004105011059296393,-0.01781272962256153,0.010459429516112544,0.6000000000000001,0.6,0.6000000000000001,0.00351,"1590.TW,3034.TW,2379.TW,9910.TW,2603.TW",2023,8765,5
2023-02-10,0.0073377269277424785,0.004671720666869161,-0.01781272962256153,0.010459429516112544,0.4524079201829872,0.4524079201829868,0.45240792018298703,0.0026465863330704734,"1590.TW,3034.TW,2379.TW,9910.TW,2603.TW,2303.TW,3711.TW,2382.TW,2345.TW,2357.TW,2609.TW,3231.TW,2615.TW,1102.TW,2330.TW,3037.TW,1326.TW,2412.TW,2317.TW,3045.TW",2023,8765,20
2023-02-10,0.008817948564453327,0.005863540508297627,-0.01781272962256153,0.010459429516112544,0.5006126416217264,0.500612641621726,0.5006126416217263,0.002928583953487098,"1590.TW,3034.TW,2379.TW,9910.TW,2603.TW,2303.TW,3711.TW,2382.TW,2345.TW,2357.TW",2023,8765,10
2023-02-17,0.031884365942964135,0.02777597567162826,-0.010544070813414796,0.002094825002417262,0.6805887931341414,0.6805887931341414,0.6805887931341414,0.0039814444398347274,"3017.TW,1590.TW,3008.TW",2023,8765,3
2023-02-17,0.02104194294495685,0.01623245203688617,-0.010544070813414796,0.002094825002417262,0.8051923857207537,0.8051923857207535,0.8051923857207536,0.004710375456466408,"3017.TW,1590.TW,3008.TW,2303.TW,3711.TW",2023,8765,5
2023-02-17,0.005393120579330458,0.002585761772977202,-0.010544070813414796,0.002094825002417262,0.4773161705860173,0.47731617058601716,0.4773161705860172,0.0027922995979282007,"3017.TW,1590.TW,3008.TW,2303.TW,3711.TW,2330.TW,2308.TW,2395.TW,5871.TW,2379.TW,3034.TW,9910.TW,3231.TW,5876.TW,2892.TW",2023,8765,15
2023-02-17,-0.00031552249504690575,-0.003292501567470074,-0.010544070813414796,0.002094825002417262,0.5090459269662915,0.5090459269662913,0.5090459269662914,0.002977918672752804,"3017.TW,1590.TW,3008.TW,2303.TW,3711.TW,2330.TW,2308.TW,2395.TW,5871.TW,2379.TW,3034.TW,9910.TW,3231.TW,5876.TW,2892.TW,2345.TW,2882.TW,2412.TW,1303.TW,2618.TW",2023,8765,20
2023-02-17,0.004970041151229854,0.0013946404504232568,-0.010544070813414796,0.002094825002417262,0.6081570414530458,0.6081570414530457,0.6081570414530457,0.003557718692500318,"3017.TW,1590.TW,3008.TW,2303.TW,3711.TW,2330.TW,2308.TW,2395.TW,5871.TW,2379.TW",2023,8765,10
2023-02-24,0.02243368558347253,0.01819840678316531,0.027280486167213125,0.022677086361643662,0.7080941212247331,0.7080941212247331,0.7080941212247331,0.004142350609164689,"2327.TW,2330.TW,2382.TW,5871.TW,2002.TW,1101.TW,3034.TW,2395.TW,2408.TW,2357.TW",2023,8765,10
2023-02-24,0.02194895005676792,0.018331140496538056,0.027280486167213125,0.022677086361643662,0.6051466510341346,0.6051466510341345,0.6051466510341346,0.003540107908549687,"2327.TW,2330.TW,2382.TW,5871.TW,2002.TW,1101.TW,3034.TW,2395.TW,2408.TW,2357.TW,2887.TW,3037.TW,5876.TW,2886.TW,1303.TW,2892.TW,2303.TW,5880.TW,1301.TW,3045.TW",2023,8765,20
2023-02-24,0.03392669760746552,0.027878226426461872,0.027280486167213125,0.022677086361643662,1.0,1.0,1.0,0.00585,"2327.TW,2330.TW,2382.TW,5871.TW,2002.TW",2023,8765,5
2023-02-24,0.03904061250914055,0.032962224925962014,0.027280486167213125,0.022677086361643662,1.0,1.0,1.0,0.00585,"2327.TW,2330.TW,2382.TW",2023,8765,3
2023-02-24,0.02312354816204658,0.019099550398182785,0.027280486167213125,0.022677086361643662,0.6723165221379512,0.6723165221379512,0.6723165221379512,0.0039330516545070145,"2327.TW,2330.TW,2382.TW,5871.TW,2002.TW,1101.TW,3034.TW,2395.TW,2408.TW,2357.TW,2887.TW,3037.TW,5876.TW,2886.TW,1303.TW",2023,8765,15
2023-03-07,-0.0064918566669617175,-0.011750061399452894,-0.01742735922869676,-0.02275932077333824,0.9047116743251072,0.9047116743251074,0.9047116743251074,0.0052925632948018775,"6669.TW,2317.TW,2891.TW,1301.TW,1101.TW,2609.TW,3008.TW,3231.TW,5876.TW,2603.TW",2023,8765,10
2023-03-07,-0.020320415579549517,-0.02605154114840924,-0.01742735922869676,-0.02275932077333824,1.0,1.0,1.0,0.00585,"6669.TW,2317.TW,2891.TW",2023,8765,3
2023-03-07,-0.020512364797898266,-0.026242367463830574,-0.01742735922869676,-0.02275932077333824,1.0,1.0,1.0,0.00585,"6669.TW,2317.TW,2891.TW,1301.TW,1101.TW",2023,8765,5
2023-03-07,-0.01668024175124896,-0.020929889340878582,-0.01742735922869676,-0.02275932077333824,0.7387581499435357,0.7387581499435361,0.7387581499435358,0.004321735177169685,"6669.TW,2317.TW,2891.TW,1301.TW,1101.TW,2609.TW,3008.TW,3231.TW,5876.TW,2603.TW,2887.TW,1216.TW,1102.TW,2615.TW,2886.TW",2023,8765,15
2023-03-07,-0.018456367068909896,-0.022213480674485364,-0.01742735922869676,-0.02275932077333824,0.6543179746995694,0.6543179746995692,0.6543179746995693,0.0038277601519924806,"6669.TW,2317.TW,2891.TW,1301.TW,1101.TW,2609.TW,3008.TW,3231.TW,5876.TW,2603.TW,2887.TW,1216.TW,1102.TW,2615.TW,2886.TW,2454.TW,2881.TW,2330.TW,2345.TW,3037.TW",2023,8765,20
2023-03-14,0.017684192605573593,0.012921430584179383,0.00886814668791236,0.013877267343515867,0.8,0.8,0.8,0.00468,"6669.TW,2609.TW,3711.TW,3034.TW,2379.TW",2023,8765,5
2023-03-14,0.03551982014914231,0.031279366485631455,0.00886814668791236,0.013877267343515867,0.7,0.7000000000000001,0.7,0.0040950000000000005,"6669.TW,2609.TW,3711.TW,3034.TW,2379.TW,2382.TW,2303.TW,3231.TW,2345.TW,4904.TW",2023,8765,10
2023-03-14,0.02950922858164083,0.02548832497456055,0.00886814668791236,0.013877267343515867,0.667632626154468,0.6676326261544681,0.6676326261544681,0.0039056508630036383,"6669.TW,2609.TW,3711.TW,3034.TW,2379.TW,2382.TW,2303.TW,3231.TW,2345.TW,4904.TW,1590.TW,3008.TW,2412.TW,1216.TW,3045.TW",2023,8765,15
2023-03-14,0.025998410451048327,0.02209278670383852,0.00886814668791236,0.013877267343515867,0.6507105509866227,0.6507105509866226,0.6507105509866227,0.0038066567232717423,"6669.TW,2609.TW,3711.TW,3034.TW,2379.TW,2382.TW,2303.TW,3231.TW,2345.TW,4904.TW,1590.TW,3008.TW,2412.TW,1216.TW,3045.TW,2408.TW,5871.TW,2330.TW,2395.TW,2357.TW",2023,8765,20
2023-03-14,0.01285474491443254,0.008904611409266128,0.00886814668791236,0.013877267343515867,0.6666666666666666,0.6666666666666666,0.6666666666666666,0.0039,"6669.TW,2609.TW,3711.TW",2023,8765,3
2023-03-21,0.021577140417671482,0.017386653312828848,0.010046067110561552,0.014215780804515415,0.7011928455363751,0.701192845536375,0.701192845536375,0.004101978146387793,"1590.TW,2454.TW,3231.TW,2408.TW,2303.TW,2412.TW,3045.TW,1216.TW,4904.TW,2395.TW",2023,8765,10
2023-03-21,0.01661019401968742,0.014798800939951784,0.010046067110561552,0.014215780804515415,0.30458069819811673,0.30458069819811673,0.30458069819811673,0.0017817970844589829,"1590.TW,2454.TW,3231.TW,2408.TW,2303.TW,2412.TW,3045.TW,1216.TW,4904.TW,2395.TW,3711.TW,2618.TW,3037.TW,2330.TW,2382.TW,2345.TW,1303.TW,2379.TW,2912.TW,2317.TW",2023,8765,20
2023-03-21,0.02455787408513961,0.018564210521741398,0.010046067110561552,0.014215780804515415,1.0,1.0,1.0,0.00585,"1590.TW,2454.TW,3231.TW",2023,8765,3
2023-03-21,0.02210529980584621,0.016125983801982047,0.010046067110561552,0.014215780804515415,1.0,0.9999999999999999,1.0,0.005849999999999999,"1590.TW,2454.TW,3231.TW,2408.TW,2303.TW",2023,8765,5
2023-03-21,0.019901154487810244,0.017480493474617997,0.010046067110561552,0.014215780804515415,0.4057140297984217,0.40571402979842186,0.40571402979842175,0.0023734270743207674,"1590.TW,2454.TW,3231.TW,2408.TW,2303.TW,2412.TW,3045.TW,1216.TW,4904.TW,2395.TW,3711.TW,2618.TW,3037.TW,2330.TW,2382.TW",2023,8765,15
2023-03-28,0.009076242919277576,0.007265599278582613,0.004973114945737045,0.007219892460888824,0.30672779745238254,0.30672779745238254,0.30672779745238254,0.0017943576150964379,"2379.TW,6669.TW,2303.TW,3008.TW,2454.TW,3034.TW,2412.TW,3045.TW,3711.TW,2330.TW,3017.TW,2382.TW,3231.TW,2395.TW,2308.TW,2345.TW,2408.TW,1301.TW,3037.TW,1216.TW",2023,8765,20
2023-03-28,0.017550946752170133,0.011598273713669949,0.004973114945737045,0.007219892460888824,1.0,1.0,1.0,0.00585,"2379.TW,6669.TW,2303.TW",2023,8765,3
2023-03-28,0.005021372430421015,0.002635132070151869,0.004973114945737045,0.007219892460888824,0.405866329093409,0.4058663290934091,0.40586632909340903,0.002374318025196443,"2379.TW,6669.TW,2303.TW,3008.TW,2454.TW,3034.TW,2412.TW,3045.TW,3711.TW,2330.TW,3017.TW,2382.TW,3231.TW,2395.TW,2308.TW",2023,8765,15
2023-03-28,-0.0016176169738386648,-0.005200507790696252,0.004973114945737045,0.007219892460888824,0.6134522995459839,0.613452299545984,0.6134522995459839,0.0035886959523440064,"2379.TW,6669.TW,2303.TW,3008.TW,2454.TW",2023,8765,5
2023-03-28,0.005749872127271472,0.002166507018179109,0.004973114945737045,0.007219892460888824,0.6090391470731394,0.6090391470731393,0.6090391470731393,0.0035628790103778654,"2379.TW,6669.TW,2303.TW,3008.TW,2454.TW,3034.TW,2412.TW,3045.TW,3711.TW,2330.TW",2023,8765,10
2023-04-07,0.011966611263776367,0.00914867695274113,-0.007422643074498914,0.016480461571269145,0.4760020414359077,0.47600204143590774,0.47600204143590774,0.0027846119424000605,"2345.TW,1590.TW,2379.TW,2454.TW,2382.TW,2327.TW,1301.TW,2395.TW,3711.TW,2308.TW,2303.TW,1216.TW,2330.TW,2317.TW,2886.TW",2023,8765,15
2023-04-07,0.0011384653070866135,-0.002432366949211451,-0.007422643074498914,0.016480461571269145,0.609704548813897,0.609704548813897,0.609704548813897,0.0035667716105612975,"2345.TW,1590.TW,2379.TW,2454.TW,2382.TW",2023,8765,5
2023-04-07,0.010039371772002035,0.007909226079401588,-0.007422643074498914,0.016480461571269145,0.36050819304373727,0.3605081930437374,0.3605081930437373,0.002108972929305864,"2345.TW,1590.TW,2379.TW,2454.TW,2382.TW,2327.TW,1301.TW,2395.TW,3711.TW,2308.TW,2303.TW,1216.TW,2330.TW,2317.TW,2886.TW,1303.TW,1102.TW,2412.TW,3037.TW,2884.TW",2023,8765,20
2023-04-07,0.017789483061404314,0.013580828856434968,-0.007422643074498914,0.016480461571269145,0.7068535106705471,0.7068535106705472,0.7068535106705471,0.0041350930374227015,"2345.TW,1590.TW,2379.TW,2454.TW,2382.TW,2327.TW,1301.TW,2395.TW,3711.TW,2308.TW",2023,8765,10
2023-04-07,0.026229142149169972,0.02215676015581125,-0.007422643074498914,0.016480461571269145,0.6783413620671125,0.6783413620671127,0.6783413620671126,0.003968296968092609,"2345.TW,1590.TW,2379.TW",2023,8765,3
2023-04-14,-0.0013657369811064263,-0.00720774741976693,-0.021188235149544155,-0.02364530156959401,1.0,0.9999999999999999,1.0,0.005849999999999999,"2382.TW,2412.TW,2395.TW",2023,8765,3
2023-04-14,-0.005905222890546469,-0.010576926177472634,-0.021188235149544155,-0.02364530156959401,0.8033255750230945,0.8033255750230944,0.8033255750230945,0.004699454613885103,"2382.TW,2412.TW,2395.TW,3037.TW,1303.TW",2023,8765,5
2023-04-14,-0.014318113073538554,-0.01841599253327253,-0.021188235149544155,-0.02364530156959401,0.7106676348932498,0.7106676348932498,0.7106676348932498,0.004157405664125511,"2382.TW,2412.TW,2395.TW,3037.TW,1303.TW,2303.TW,1216.TW,2886.TW,2454.TW,9910.TW",2023,8765,10
2023-04-14,-0.01301644377982159,-0.01566442374508814,-0.021188235149544155,-0.02364530156959401,0.4586156932971557,0.45861569329715557,0.4586156932971556,0.0026829018057883606,"2382.TW,2412.TW,2395.TW,3037.TW,1303.TW,2303.TW,1216.TW,2886.TW,2454.TW,9910.TW,2885.TW,2408.TW,1102.TW,1301.TW,2609.TW,2892.TW,1101.TW,2357.TW,3034.TW,5876.TW",2023,8765,20
2023-04-14,-0.015630721025181635,-0.01874976744937462,-0.021188235149544155,-0.02364530156959401,0.5416364979179024,0.5416364979179022,0.5416364979179022,0.003168573512819728,"2382.TW,2412.TW,2395.TW,3037.TW,1303.TW,2303.TW,1216.TW,2886.TW,2454.TW,9910.TW,2885.TW,2408.TW,1102.TW,1301.TW,2609.TW",2023,8765,15
2023-04-21,0.009195163209277124,0.004457390735235434,-0.0029711780601774374,0.00904856853412739,0.8024965498376712,0.802496549837671,0.802496549837671,0.004694604816550376,"6669.TW,3034.TW,4904.TW,3045.TW,1590.TW,2412.TW,2379.TW,2327.TW,2395.TW,2308.TW",2023,8765,10
2023-04-21,0.010928475644196078,0.006188000032236962,-0.0029711780601774374,0.00904856853412739,0.8015776891927275,0.8015776891927276,0.8015776891927275,0.004689229481777456,"6669.TW,3034.TW,4904.TW,3045.TW,1590.TW,2412.TW,2379.TW,2327.TW,2395.TW,2308.TW,1101.TW,3231.TW,2883.TW,2887.TW,1216.TW",2023,8765,15
2023-04-21,0.012479346502432353,0.008899507264568118,-0.0029711780601774374,0.00904856853412739,0.6043958658245836,0.6043958658245836,0.6043958658245836,0.003535715815073814,"6669.TW,3034.TW,4904.TW,3045.TW,1590.TW,2412.TW,2379.TW,2327.TW,2395.TW,2308.TW,1101.TW,3231.TW,2883.TW,2887.TW,1216.TW,1303.TW,2408.TW,1301.TW,2317.TW,2207.TW",2023,8765,20
2023-04-21,0.014077692279006532,0.008145337779174255,-0.0029711780601774374,0.00904856853412739,1.0,0.9999999999999999,1.0,0.005849999999999999,"6669.TW,3034.TW,4904.TW",2023,8765,3
2023-04-21,0.010388357683754146,0.004477585791304195,-0.0029711780601774374,0.00904856853412739,1.0,1.0,1.0,0.00585,"6669.TW,3034.TW,4904.TW,3045.TW,1590.TW",2023,8765,5
2023-04-28,0.03758638672176532,0.03151650635944314,0.009791472066471352,0.01045007322416206,1.0,1.0,1.0,0.00585,"3037.TW,1101.TW,2883.TW",2023,8765,3
2023-04-28,0.02209676660528088,0.016117500520639982,0.009791472066471352,0.01045007322416206,0.9999999999999999,1.0,1.0,0.00585,"3037.TW,1101.TW,2883.TW,2207.TW,2887.TW,1216.TW,2892.TW,1303.TW,1301.TW,2886.TW",2023,8765,10
2023-04-28,0.015270333858666852,0.012284156941759106,0.009791472066471352,0.01045007322416206,0.5027799745647566,0.5027799745647565,0.5027799745647565,0.0029412628512038262,"3037.TW,1101.TW,2883.TW,2207.TW,2887.TW,1216.TW,2892.TW,1303.TW,1301.TW,2886.TW,2357.TW,1102.TW,5880.TW,5876.TW,2884.TW,2891.TW,2881.TW,2308.TW,3045.TW,2412.TW",2023,8765,20
2023-04-28,0.037689229314222895,0.03161874732273451,0.009791472066471352,0.01045007322416206,1.0,1.0,1.0,0.00585,"3037.TW,1101.TW,2883.TW,2207.TW,2887.TW",2023,8765,5
2023-04-28,0.017905848165688305,0.013526952375185752,0.009791472066471352,0.01045007322416206,0.7353619161404805,0.735361916140481,0.7353619161404807,0.004301867209421813,"3037.TW,1101.TW,2883.TW,2207.TW,2887.TW,1216.TW,2892.TW,1303.TW,1301.TW,2886.TW,2357.TW,1102.TW,5880.TW,5876.TW,2884.TW",2023,8765,15
2023-05-08,0.01013045197045866,0.00422118882643141,-0.00590218220023131,-0.0003878421191086523,1.0,0.9999999999999999,1.0,0.005849999999999999,"2408.TW,2887.TW,2884.TW",2023,8765,3
2023-05-08,0.018581638914629807,0.015000123122336673,-0.00590218220023131,-0.0003878421191086523,0.6010563104317194,0.6010563104317195,0.6010563104317195,0.0035161794160255585,"2408.TW,2887.TW,2884.TW,2207.TW,2885.TW",2023,8765,5
2023-05-08,0.005197569663500518,0.002048450508015387,-0.00590218220023131,-0.0003878421191086523,0.5355275251309941,0.5355275251309943,0.5355275251309942,0.0031328360220163167,"2408.TW,2887.TW,2884.TW,2207.TW,2885.TW,1102.TW,2881.TW,1101.TW,2395.TW,1216.TW,3045.TW,2886.TW,2454.TW,2882.TW,4904.TW",2023,8765,15
2023-05-08,0.005578543324934893,0.0020393241048308752,-0.00590218220023131,-0.0003878421191086523,0.6016384721962047,0.6016384721962047,0.6016384721962047,0.0035195850623477975,"2408.TW,2887.TW,2884.TW,2207.TW,2885.TW,1102.TW,2881.TW,1101.TW,2395.TW,1216.TW",2023,8765,10
2023-05-08,0.005613203264457313,0.0035121868254335276,-0.00590218220023131,-0.0003878421191086523,0.3571433907877659,0.357143390787766,0.35714339078776597,0.002089288836108431,"2408.TW,2887.TW,2884.TW,2207.TW,2885.TW,1102.TW,2881.TW,1101.TW,2395.TW,1216.TW,3045.TW,2886.TW,2454.TW,2882.TW,4904.TW,2618.TW,1303.TW,2883.TW,5876.TW,1301.TW",2023,8765,20
2023-05-15,0.022394361789273756,0.019689418309510875,0.037319796196011,0.02822296149782005,0.4522555269230341,0.4522555269230342,0.45225552692303417,0.00264569483249975,"2357.TW,4904.TW,2618.TW,2887.TW,1216.TW,2886.TW,2412.TW,3034.TW,2881.TW,5871.TW,2882.TW,9910.TW,2317.TW,1301.TW,2885.TW,3037.TW,5880.TW,3045.TW,3008.TW,2884.TW",2023,8765,20
2023-05-15,0.03058012403795272,0.025751453923639867,0.037319796196011,0.02822296149782005,0.8009214184339448,0.8009214184339448,0.8009214184339448,0.004685390297838578,"2357.TW,4904.TW,2618.TW,2887.TW,1216.TW",2023,8765,5
2023-05-15,0.04148748076869735,0.03539477900620036,0.037319796196011,0.02822296149782005,1.0,1.0,1.0,0.00585,"2357.TW,4904.TW,2618.TW",2023,8765,3
2023-05-15,0.027726815820864604,0.023515942389234823,0.037319796196011,0.02822296149782005,0.7003878979603108,0.7003878979603109,0.7003878979603109,0.004097269203067818,"2357.TW,4904.TW,2618.TW,2887.TW,1216.TW,2886.TW,2412.TW,3034.TW,2881.TW,5871.TW",2023,8765,10
2023-05-15,0.022482833779985136,0.019284933778536573,0.037319796196011,0.02822296149782005,0.5346295848080962,0.5346295848080963,0.5346295848080962,0.0031275830711273633,"2357.TW,4904.TW,2618.TW,2887.TW,1216.TW,2886.TW,2412.TW,3034.TW,2881.TW,5871.TW,2882.TW,9910.TW,2317.TW,1301.TW,2885.TW",2023,8765,15
2023-05-22,0.02418947665440745,0.02096521194914991,0.03638582784762101,0.026433683184429554,0.538139057700028,0.5381390577000278,0.5381390577000279,0.0031481134875451632,"9910.TW,3045.TW,2412.TW,1102.TW,4904.TW,2618.TW,2886.TW,3017.TW,2912.TW,3037.TW,2303.TW,2408.TW,2357.TW,2892.TW,2885.TW",2023,8765,15
2023-05-22,-0.0069850096864386485,-0.011652322491601641,0.03638582784762101,0.026433683184429554,0.8034433080349458,0.8034433080349457,0.8034433080349457,0.004700143352004432,"9910.TW,3045.TW,2412.TW,1102.TW,4904.TW",2023,8765,5
2023-05-22,0.03142810345308791,0.028680216371752554,0.03638582784762101,0.026433683184429554,0.45541156561002094,0.455411565610021,0.45541156561002094,0.002664157658818623,"9910.TW,3045.TW,2412.TW,1102.TW,4904.TW,2618.TW,2886.TW,3017.TW,2912.TW,3037.TW,2303.TW,2408.TW,2357.TW,2892.TW,2885.TW,2345.TW,2887.TW,2207.TW,2327.TW,1301.TW",2023,8765,20
2023-05-22,0.028547956866308982,0.024915144785809584,0.03638582784762101,0.026433683184429554,0.6037574756611811,0.603757475661181,0.603757475661181,0.003531981232617909,"9910.TW,3045.TW,2412.TW,1102.TW,4904.TW,2618.TW,2886.TW,3017.TW,2912.TW,3037.TW",2023,8765,10
2023-05-22,-0.0014599647202753934,-0.0073014239266618874,0.03638582784762101,0.026433683184429554,1.0,1.0,1.0,0.00585,"9910.TW,3045.TW,2412.TW",2023,8765,3
2023-05-29,0.04451650234136376,0.03840608080266694,-0.003155758665425945,0.002930424903178941,1.0,1.0000000000000002,1.0,0.005850000000000001,"2207.TW,3711.TW,2883.TW",2023,8765,3
2023-05-29,0.01057337695473511,0.0072354870135331595,-0.003155758665425945,0.002930424903178941,0.5646096465037688,0.5646096465037688,0.5646096465037688,0.0033029664320470475,"2207.TW,3711.TW,2883.TW,2382.TW,2412.TW,3037.TW,2886.TW,5880.TW,2887.TW,4904.TW,2892.TW,5876.TW,2002.TW,2885.TW,3231.TW,2881.TW,1216.TW,2884.TW,3017.TW,1101.TW",2023,8765,20
2023-05-29,0.014483130826473957,0.01086044629362215,-0.003155758665425945,0.002930424903178941,0.6104214988804378,0.6104214988804378,0.6104214988804378,0.003570965768450561,"2207.TW,3711.TW,2883.TW,2382.TW,2412.TW,3037.TW,2886.TW,5880.TW,2887.TW,4904.TW",2023,8765,10
2023-05-29,0.016873843397621994,0.012114873810521232,-0.003155758665425945,0.002930424903178941,0.8,0.7999999999999999,0.8,0.00468,"2207.TW,3711.TW,2883.TW,2382.TW,2412.TW",2023,8765,5
2023-05-29,0.0134841400084055,0.009873737159620255,-0.003155758665425945,0.002930424903178941,0.6089516902841059,0.608951690284106,0.6089516902841059,0.00356236738816202,"2207.TW,3711.TW,2883.TW,2382.TW,2412.TW,3037.TW,2886.TW,5880.TW,2887.TW,4904.TW,2892.TW,5876.TW,2002.TW,2885.TW,3231.TW",2023,8765,15
2023-06-05,0.02141856512256374,0.017420270457431553,0.030470838233400244,0.014698324819118948,0.6691372145217264,0.6691372145217264,0.6691372145217264,0.003914452704952099,"2345.TW,3017.TW,2891.TW,2615.TW,2885.TW,2603.TW,2408.TW,3037.TW,2609.TW,2887.TW,5880.TW,2330.TW,2618.TW,1301.TW,2892.TW",2023,8765,15
2023-06-05,0.03482721807763567,0.028773478851881418,0.030470838233400244,0.014698324819118948,1.0,1.0,1.0,0.00585,"2345.TW,3017.TW,2891.TW",2023,8765,3
2023-06-05,0.028569975725226796,0.02551912642311427,0.030470838233400244,0.014698324819118948,0.5070269534633592,0.5070269534633591,0.5070269534633591,0.0029661076777606514,"2345.TW,3017.TW,2891.TW,2615.TW,2885.TW,2603.TW,2408.TW,3037.TW,2609.TW,2887.TW,5880.TW,2330.TW,2618.TW,1301.TW,2892.TW,2881.TW,3231.TW,2382.TW,2886.TW,2308.TW",2023,8765,20
2023-06-05,0.03873823525912941,0.032661616582863484,0.030470838233400244,0.014698324819118948,1.0,0.9999999999999998,0.9999999999999999,0.005849999999999999,"2345.TW,3017.TW,2891.TW,2615.TW,2885.TW",2023,8765,5
2023-06-05,0.02560598476029449,0.0208024710149024,0.030470838233400244,0.014698324819118948,0.8006129770612652,0.8006129770612651,0.8006129770612651,0.004683585915808402,"2345.TW,3017.TW,2891.TW,2615.TW,2885.TW,2603.TW,2408.TW,3037.TW,2609.TW,2887.TW",2023,8765,10
2023-06-12,0.03815278338738733,0.03567644825086802,0.006912556605619402,0.020168076159943413,0.40774841460286726,0.40774841460286737,0.4077484146028673,0.002385328225426774,"2345.TW,2618.TW,2207.TW,6669.TW,2887.TW,2885.TW,2382.TW,1216.TW,3711.TW,5880.TW,3034.TW,2886.TW,2891.TW,3231.TW,2892.TW,3017.TW,2357.TW,2308.TW,2327.TW,2884.TW",2023,8765,20
2023-06-12,0.044409967041378964,0.04012111771737592,0.006912556605619402,0.020168076159943413,0.7019625048758877,0.7019625048758878,0.7019625048758877,0.004106480653523944,"2345.TW,2618.TW,2207.TW,6669.TW,2887.TW,2885.TW,2382.TW,1216.TW,3711.TW,5880.TW",2023,8765,10
2023-06-12,0.06317437171585029,0.05816958116286286,0.006912556605619402,0.020168076159943413,0.8046843259274066,0.8046843259274065,0.8046843259274066,0.004707403306675328,"2345.TW,2618.TW,2207.TW,6669.TW,2887.TW",2023,8765,5
2023-06-12,0.07174612453470612,0.06752507924107176,0.006912556605619402,0.020168076159943413,0.6732435858849621,0.6732435858849621,0.6732435858849621,0.003938474977427028,"2345.TW,2618.TW,2207.TW",2023,8765,3
2023-06-12,0.034252930932443824,0.03099409561385902,0.006912556605619402,0.020168076159943413,0.5386166669332035,0.5386166669332034,0.5386166669332035,0.0031509075015592404,"2345.TW,2618.TW,2207.TW,6669.TW,2887.TW,2885.TW,2382.TW,1216.TW,3711.TW,5880.TW,3034.TW,2886.TW,2891.TW,3231.TW,2892.TW",2023,8765,15
2023-06-19,-0.007248296971113201,-0.010846905184012545,-0.010297590400783041,-0.011867616781540946,0.6196380234684116,0.6196380234684113,0.6196380234684115,0.003624882437290207,"2345.TW,2887.TW,2885.TW,3711.TW,2886.TW",2023,8765,5
2023-06-19,-0.015895369730188902,-0.019808431088921608,-0.010297590400783041,-0.011867616781540946,0.6797035162589954,0.6797035162589954,0.6797035162589954,0.003976265570115123,"2345.TW,2887.TW,2885.TW",2023,8765,3
2023-06-19,-0.005561324012911052,-0.008012685830471988,-0.010297590400783041,-0.011867616781540946,0.421379636822879,0.42137963682287904,0.42137963682287904,0.0024650708754138423,"2345.TW,2887.TW,2885.TW,3711.TW,2886.TW,3008.TW,2357.TW,2603.TW,3231.TW,2618.TW,2454.TW,2884.TW,2881.TW,3037.TW,5880.TW,2891.TW,1326.TW,2303.TW,3034.TW,2330.TW",2023,8765,20
2023-06-19,-0.008214462288828857,-0.011002018348398979,-0.010297590400783041,-0.011867616781540946,0.48045196386699995,0.48045196386700006,0.480451963867,0.00281064398862195,"2345.TW,2887.TW,2885.TW,3711.TW,2886.TW,3008.TW,2357.TW,2603.TW,3231.TW,2618.TW,2454.TW,2884.TW,2881.TW,3037.TW,5880.TW",2023,8765,15
2023-06-19,-0.005495608761336158,-0.008494587384545338,-0.010297590400783041,-0.011867616781540946,0.5154787882422414,0.5154787882422415,0.5154787882422414,0.0030155509112171127,"2345.TW,2887.TW,2885.TW,3711.TW,2886.TW,3008.TW,2357.TW,2603.TW,3231.TW,2618.TW",2023,8765,10
2023-06-28,0.030989258357304088,0.02812845346132664,-0.00038531077569081695,0.01524453554517396,0.4743274228909658,0.4743274228909659,0.47432742289096586,0.002774815423912151,"2345.TW,3037.TW,3231.TW,3017.TW,2308.TW,2618.TW,3711.TW,2382.TW,2207.TW,2885.TW,2330.TW,2303.TW,2887.TW,2357.TW,9910.TW",2023,8765,15
2023-06-28,0.10123320296176726,0.09602081331937806,-0.00038531077569081695,0.01524453554517396,0.8090990846265993,0.8090990846265991,0.8090990846265992,0.004733229645065605,"2345.TW,3037.TW,3231.TW,3017.TW,2308.TW",2023,8765,5
2023-06-28,0.02076404161975839,0.018335237557584927,-0.00038531077569081695,0.01524453554517396,0.40673472481387135,0.4067347248138714,0.4067347248138714,0.002379398140161148,"2345.TW,3037.TW,3231.TW,3017.TW,2308.TW,2618.TW,3711.TW,2382.TW,2207.TW,2885.TW,2330.TW,2303.TW,2887.TW,2357.TW,9910.TW,1101.TW,1216.TW,2884.TW,2892.TW,5880.TW",2023,8765,20
2023-06-28,0.05125007879655038,0.04813711463516679,-0.00038531077569081695,0.01524453554517396,0.5061884290051274,0.5061884290051273,0.5061884290051273,0.0029612023096799948,"2345.TW,3037.TW,3231.TW,3017.TW,2308.TW,2618.TW,3711.TW,2382.TW,2207.TW,2885.TW",2023,8765,10
2023-06-28,0.10917776324936142,0.10477170825605309,-0.00038531077569081695,0.01524453554517396,0.6790361461281522,0.6790361461281522,0.6790361461281522,0.003972361454849691,"2345.TW,3037.TW,3231.TW",2023,8765,3
2023-07-05,0.027430490029371948,0.022622115336034643,0.012336134005036525,0.017735916435409248,0.8,0.7999999999999998,0.7999999999999999,0.004679999999999999,"2618.TW,4904.TW,2207.TW,3017.TW,2891.TW",2023,8765,5
2023-07-05,0.04602992236032158,0.04289086015545607,0.012336134005036525,0.017735916435409248,0.5129794267077203,0.5129794267077203,0.5129794267077203,0.003000929646240164,"2618.TW,4904.TW,2207.TW,3017.TW,2891.TW,2887.TW,3034.TW,6669.TW,2382.TW,2454.TW,2884.TW,1102.TW,5880.TW,3231.TW,2886.TW,2330.TW,2379.TW,2408.TW,2880.TW,1101.TW",2023,8765,20
2023-07-05,0.05706484449778648,0.05324659626961936,0.012336134005036525,0.017735916435409248,0.6174569215997072,0.6174569215997071,0.6174569215997072,0.003612122991358287,"2618.TW,4904.TW,2207.TW,3017.TW,2891.TW,2887.TW,3034.TW,6669.TW,2382.TW,2454.TW",2023,8765,10
2023-07-05,0.010481286593958156,0.004569971067383438,0.012336134005036525,0.017735916435409248,1.0,1.0,1.0,0.00585,"2618.TW,4904.TW,2207.TW",2023,8765,3
2023-07-05,0.05820335588181077,0.05441522590636372,0.012336134005036525,0.017735916435409248,0.6119273596584713,0.6119273596584712,0.6119273596584713,0.003579775054002057,"2618.TW,4904.TW,2207.TW,3017.TW,2891.TW,2887.TW,3034.TW,6669.TW,2382.TW,2454.TW,2884.TW,1102.TW,5880.TW,3231.TW,2886.TW",2023,8765,15
2023-07-12,-0.004791484121604362,-0.008316095424605319,-0.0027824365183154454,0.005219650793577557,0.6053984155279036,0.6053984155279037,0.6053984155279037,0.003541580730838237,"2609.TW,6669.TW,2382.TW,3231.TW,2615.TW,3017.TW,2912.TW,2303.TW,2454.TW,1301.TW",2023,8765,10
2023-07-12,-0.0009792802130315298,-0.004160753367831838,-0.0027824365183154454,0.005219650793577557,0.5443746602564028,0.5443746602564028,0.5443746602564028,0.0031845917624999565,"2609.TW,6669.TW,2382.TW,3231.TW,2615.TW,3017.TW,2912.TW,2303.TW,2454.TW,1301.TW,2881.TW,3008.TW,1303.TW,2891.TW,1102.TW",2023,8765,15
2023-07-12,-0.00021955255741690802,-0.0035087095094564758,-0.0027824365183154454,0.005219650793577557,0.5623725219561152,0.5623725219561152,0.5623725219561152,0.003289879253443274,"2609.TW,6669.TW,2382.TW,3231.TW,2615.TW,3017.TW,2912.TW,2303.TW,2454.TW,1301.TW,2881.TW,3008.TW,1303.TW,2891.TW,1102.TW,3034.TW,2327.TW,1326.TW,2882.TW,1101.TW",2023,8765,20
2023-07-12,0.011002224114698828,0.0050878611036278,-0.0027824365183154454,0.005219650793577557,1.0,0.9999999999999998,0.9999999999999999,0.005849999999999999,"2609.TW,6669.TW,2382.TW",2023,8765,3
2023-07-12,0.0011988612204358422,-0.004658152117703707,-0.0027824365183154454,0.005219650793577557,1.0,1.0,1.0,0.00585,"2609.TW,6669.TW,2382.TW,3231.TW,2615.TW",2023,8765,5
2023-07-19,0.04457525909685419,0.03846449383113759,0.0007749116148192403,0.025061755903048478,1.0,0.9999999999999999,1.0,0.005849999999999999,"2308.TW,3017.TW,2618.TW,2330.TW,3034.TW",2023,8765,5
2023-07-19,0.016603666041902238,0.011239071290829017,0.0007749116148192403,0.025061755903048478,0.9020474491731744,0.9020474491731745,0.9020474491731745,0.0052769775776630706,"2308.TW,3017.TW,2618.TW,2330.TW,3034.TW,1102.TW,2379.TW,2886.TW,3037.TW,2891.TW",2023,8765,10
2023-07-19,0.010713222101563145,0.006851242123467216,0.0007749116148192403,0.025061755903048478,0.6531699627423083,0.6531699627423081,0.6531699627423082,0.0038210442820425026,"2308.TW,3017.TW,2618.TW,2330.TW,3034.TW,1102.TW,2379.TW,2886.TW,3037.TW,2891.TW,2881.TW,2887.TW,2395.TW,5876.TW,2327.TW,2002.TW,5880.TW,2884.TW,2882.TW,2408.TW",2023,8765,20
2023-07-19,0.010865719260992435,0.006515270433044007,0.0007749116148192403,0.025061755903048478,0.7356728516420744,0.7356728516420746,0.7356728516420745,0.004303686182106137,"2308.TW,3017.TW,2618.TW,2330.TW,3034.TW,1102.TW,2379.TW,2886.TW,3037.TW,2891.TW,2881.TW,2887.TW,2395.TW,5876.TW,2327.TW",2023,8765,15
2023-07-19,0.08003920307812762,0.07372097374012054,0.0007749116148192403,0.025061755903048478,1.0,1.0,1.0,0.00585,"2308.TW,3017.TW,2618.TW",2023,8765,3
2023-07-26,-0.02918899901633692,-0.03264940052913945,-0.014711588505933015,-0.02080520201002658,0.6093066781492319,0.6093066781492321,0.609306678149232,0.0035644440671730076,"3231.TW,2609.TW,6669.TW,2603.TW,3017.TW,3034.TW,2308.TW,2379.TW,2327.TW,2615.TW,2884.TW,2882.TW,5871.TW,2887.TW,2408.TW",2023,8765,15
2023-07-26,-0.04738106949918123,-0.05076668543891116,-0.014711588505933015,-0.02080520201002658,0.6075228498461055,0.6075228498461054,0.6075228498461054,0.003554008671599717,"3231.TW,2609.TW,6669.TW,2603.TW,3017.TW,3034.TW,2308.TW,2379.TW,2327.TW,2615.TW",2023,8765,10
2023-07-26,-0.19163980138667147,-0.19636870854855948,-0.014711588505933015,-0.02080520201002658,1.0,1.0,1.0,0.00585,"3231.TW,2609.TW,6669.TW",2023,8765,3
2023-07-26,-0.022760859582135758,-0.025692860834873432,-0.014711588505933015,-0.02080520201002658,0.5128701610594966,0.5128701610594963,0.5128701610594965,0.0030002904421980543,"3231.TW,2609.TW,6669.TW,2603.TW,3017.TW,3034.TW,2308.TW,2379.TW,2327.TW,2615.TW,2884.TW,2882.TW,5871.TW,2887.TW,2408.TW,1590.TW,3037.TW,2454.TW,2892.TW,2317.TW",2023,8765,20
2023-07-26,-0.12767713151457213,-0.13175960253908403,-0.014711588505933015,-0.02080520201002658,0.8,0.7999999999999999,0.8,0.00468,"3231.TW,2609.TW,6669.TW,2603.TW,3017.TW",2023,8765,5
2023-08-02,0.004139024686700812,0.0009075993662945869,-0.0019646091856657666,-0.0017859708918980212,0.5501035046645779,0.550103504664578,0.5501035046645779,0.0032181055022877814,"2308.TW,6669.TW,2408.TW,3711.TW,2609.TW,2395.TW,2881.TW,2891.TW,5880.TW,2886.TW,2892.TW,2882.TW,2884.TW,2317.TW,2887.TW",2023,8765,15
2023-08-02,0.012667039624335085,0.008914653606931111,-0.0019646091856657666,-0.0017859708918980212,0.6334100767084262,0.6334100767084261,0.6334100767084261,0.003705448948744293,"2308.TW,6669.TW,2408.TW,3711.TW,2609.TW",2023,8765,5
2023-08-02,0.02663289954826764,0.02242655153489803,-0.0019646091856657666,-0.0017859708918980212,0.700380680139544,0.7003806801395442,0.7003806801395441,0.004097226978816333,"2308.TW,6669.TW,2408.TW",2023,8765,3
2023-08-02,0.0018375379810937616,-0.002404038613839199,-0.0019646091856657666,-0.0017859708918980212,0.7237259542648001,0.7237259542648004,0.7237259542648002,0.004233796832449082,"2308.TW,6669.TW,2408.TW,3711.TW,2609.TW,2395.TW,2881.TW,2891.TW,5880.TW,2886.TW",2023,8765,10
2023-08-02,0.004825992267009505,0.0018102845542562473,-0.0019646091856657666,-0.0017859708918980212,0.5130297144887476,0.5130297144887475,0.5130297144887475,0.003001223829759173,"2308.TW,6669.TW,2408.TW,3711.TW,2609.TW,2395.TW,2881.TW,2891.TW,5880.TW,2886.TW,2892.TW,2882.TW,2884.TW,2317.TW,2887.TW,1216.TW,2885.TW,2880.TW,2603.TW,5876.TW",2023,8765,20
2023-08-10,0.09501315096301899,0.08988848941651195,-0.022047350191835013,-0.016012405491785113,0.8,0.8,0.8,0.00468,"3231.TW,2345.TW,6669.TW,3037.TW,2382.TW",2023,8765,5
2023-08-10,0.07347870713694382,0.06929214017910978,-0.022047350191835013,-0.016012405491785113,0.6666666666666666,0.6666666666666665,0.6666666666666665,0.0038999999999999994,"3231.TW,2345.TW,6669.TW",2023,8765,3
2023-08-10,-0.005525667907395967,-0.007856843192369567,-0.022047350191835013,-0.016012405491785113,0.400705668155733,0.400705668155733,0.400705668155733,0.0023441281587110382,"3231.TW,2345.TW,6669.TW,3037.TW,2382.TW,2603.TW,2317.TW,2886.TW,2892.TW,2379.TW,2308.TW,2454.TW,2880.TW,2882.TW,5880.TW,2887.TW,2885.TW,1326.TW,5876.TW,2883.TW",2023,8765,20
2023-08-10,0.009438359083121092,0.0062872209266569,-0.022047350191835013,-0.016012405491785113,0.5336196017074023,0.533619601707402,0.5336196017074022,0.0031216746699883023,"3231.TW,2345.TW,6669.TW,3037.TW,2382.TW,2603.TW,2317.TW,2886.TW,2892.TW,2379.TW,2308.TW,2454.TW,2880.TW,2882.TW,5880.TW",2023,8765,15
2023-08-10,0.032378399752138506,0.02754565695761979,-0.022047350191835013,-0.016012405491785113,0.8002006624734274,0.8002006624734275,0.8002006624734275,0.004681173875469551,"3231.TW,2345.TW,6669.TW,3037.TW,2382.TW,2603.TW,2317.TW,2886.TW,2892.TW,2379.TW",2023,8765,10
2023-08-17,0.003899321815953872,-0.0008073533276391487,0.01046711580968851,0.0031071747267874894,0.8014348014005104,0.8014348014005105,0.8014348014005104,0.004688393588192986,"2382.TW,3017.TW,2379.TW,2357.TW,2885.TW,2881.TW,2308.TW,2882.TW,4904.TW,2887.TW",2023,8765,10
2023-08-17,0.0045145397452174,0.0012186491894454754,0.01046711580968851,0.0031071747267874894,0.5608680339725461,0.5608680339725463,0.5608680339725463,0.0032810779987393953,"2382.TW,3017.TW,2379.TW,2357.TW,2885.TW,2881.TW,2308.TW,2882.TW,4904.TW,2887.TW,2412.TW,1216.TW,2317.TW,2454.TW,2912.TW,5880.TW,1590.TW,2303.TW,2002.TW,2330.TW",2023,8765,20
2023-08-17,0.004548366086484346,0.0009625277200764337,0.01046711580968851,0.0031071747267874894,0.6101884628070176,0.6101884628070176,0.6101884628070176,0.003569602507421053,"2382.TW,3017.TW,2379.TW,2357.TW,2885.TW,2881.TW,2308.TW,2882.TW,4904.TW,2887.TW,2412.TW,1216.TW,2317.TW,2454.TW,2912.TW",2023,8765,15
2023-08-17,0.004974310700005159,0.0002710309259290611,0.01046711580968851,0.0031071747267874894,0.8,0.7999999999999999,0.8,0.00468,"2382.TW,3017.TW,2379.TW,2357.TW,2885.TW",2023,8765,5
2023-08-17,-0.010375390405981897,-0.01616469437210688,0.01046711580968851,0.0031071747267874894,1.0,1.0,1.0,0.00585,"2382.TW,3017.TW,2379.TW",2023,8765,3
2023-08-24,0.0023263830606541527,-0.0012261972474202354,-5.50461036752381e-08,0.003527558209880215,0.6058692012940484,0.6058692012940483,0.6058692012940483,0.003544334827570183,"3231.TW,2382.TW,6669.TW,2615.TW,1590.TW,2609.TW,3017.TW,3008.TW,2408.TW,1303.TW,2207.TW,2412.TW,2618.TW,2327.TW,2603.TW,2002.TW,2379.TW,2317.TW,1301.TW,2885.TW",2023,8765,20
2023-08-24,0.0030320391051948583,-0.0016949233665612962,-5.50461036752381e-08,0.003527558209880215,0.8055852070992611,0.805585207099261,0.8055852070992611,0.004712673461530677,"3231.TW,2382.TW,6669.TW,2615.TW,1590.TW,2609.TW,3017.TW,3008.TW,2408.TW,1303.TW,2207.TW,2412.TW,2618.TW,2327.TW,2603.TW",2023,8765,15
2023-08-24,0.009830481195537909,0.00500535507123856,-5.50461036752381e-08,0.003527558209880215,0.8167785582379223,0.8167785582379222,0.8167785582379223,0.0047781545656918455,"3231.TW,2382.TW,6669.TW,2615.TW,1590.TW",2023,8765,5
2023-08-24,0.009857148333527466,0.005082035364424753,-5.50461036752381e-08,0.003527558209880215,0.8082911811279903,0.8082911811279904,0.8082911811279903,0.004728503409598744,"3231.TW,2382.TW,6669.TW,2615.TW,1590.TW,2609.TW,3017.TW,3008.TW,2408.TW,1303.TW",2023,8765,10
2023-08-24,0.006091398030139361,0.0020309312497410748,-5.50461036752381e-08,0.003527558209880215,0.6898944637606179,0.689894463760618,0.6898944637606179,0.004035882612999616,"3231.TW,2382.TW,6669.TW",2023,8765,3
2023-08-31,-0.0015672113258717057,-0.0058829712399206535,-0.011155473079560552,-0.0005476639463134703,0.7388947416519999,0.738894741652,0.738894741652,0.0043225342386642,"2345.TW,2379.TW,6669.TW,2881.TW,2882.TW,2357.TW,3711.TW,2885.TW,2454.TW,2412.TW,2887.TW,2327.TW,2615.TW,2892.TW,1216.TW",2023,8765,15
2023-08-31,-0.005570451899085803,-0.010296884825696684,-0.011155473079560552,-0.0005476639463134703,0.8124630386889176,0.8124630386889173,0.8124630386889174,0.004752908776330167,"2345.TW,2379.TW,6669.TW,2881.TW,2882.TW",2023,8765,5
2023-08-31,-0.0015860707289881587,-0.005698338102265721,-0.011155473079560552,-0.0005476639463134703,0.7040683900043554,0.7040683900043553,0.7040683900043554,0.004118800081525479,"2345.TW,2379.TW,6669.TW,2881.TW,2882.TW,2357.TW,3711.TW,2885.TW,2454.TW,2412.TW,2887.TW,2327.TW,2615.TW,2892.TW,1216.TW,2912.TW,4904.TW,1102.TW,5880.TW,3045.TW",2023,8765,20
2023-08-31,-0.010925709278625684,-0.014896564786447408,-0.011155473079560552,-0.0005476639463134703,0.6862767798672597,0.6862767798672598,0.6862767798672598,0.00401471916222347,"2345.TW,2379.TW,6669.TW",2023,8765,3
2023-08-31,-0.004606973947787396,-0.009884019092324392,-0.011155473079560552,-0.0005476639463134703,0.9062339954738962,0.9062339954738963,0.9062339954738963,0.005301468873522293,"2345.TW,2379.TW,6669.TW,2881.TW,2882.TW,2357.TW,3711.TW,2885.TW,2454.TW,2412.TW",2023,8765,10
2023-09-07,0.005530761130764339,0.000784928691873521,0.02336833554478912,0.020292496879415478,0.8067912387336065,0.8067912387336063,0.8067912387336064,0.004719728746591597,"3231.TW,2345.TW,3037.TW,2357.TW,2303.TW",2023,8765,5
2023-09-07,0.01817611474163817,0.01606929619422348,0.02336833554478912,0.020292496879415478,0.3537108339320776,0.35371083393207775,0.3537108339320777,0.002069208378502655,"3231.TW,2345.TW,3037.TW,2357.TW,2303.TW,3008.TW,2881.TW,2885.TW,2887.TW,2408.TW,2412.TW,2379.TW,2912.TW,2882.TW,1590.TW,1102.TW,3045.TW,2615.TW,2618.TW,2327.TW",2023,8765,20
2023-09-07,0.014230808108825339,0.010218495834637409,0.02336833554478912,0.020292496879415478,0.6762418776194812,0.6762418776194812,0.6762418776194812,0.003956014984073965,"3231.TW,2345.TW,3037.TW",2023,8765,3
2023-09-07,0.01709532384856941,0.013495592052086725,0.02336833554478912,0.020292496879415478,0.6049961632909036,0.6049961632909036,0.6049961632909036,0.0035392275552517858,"3231.TW,2345.TW,3037.TW,2357.TW,2303.TW,3008.TW,2881.TW,2885.TW,2887.TW,2408.TW",2023,8765,10
2023-09-07,0.016391858910268,0.013590694715277518,0.02336833554478912,0.020292496879415478,0.47110913190168413,0.47110913190168424,0.4711091319016842,0.002755988421624853,"3231.TW,2345.TW,3037.TW,2357.TW,2303.TW,3008.TW,2881.TW,2885.TW,2887.TW,2408.TW,2412.TW,2379.TW,2912.TW,2882.TW,1590.TW",2023,8765,15
2023-09-14,-0.02186380032979092,-0.025869268067440387,-0.035826743088708146,-0.03202187105016556,0.7,0.7000000000000001,0.7,0.0040950000000000005,"3008.TW,2885.TW,2882.TW,2603.TW,2618.TW,2454.TW,4904.TW,2303.TW,1326.TW,2891.TW",2023,8765,10
2023-09-14,-0.021246822278993823,-0.02392497448880715,-0.035826743088708146,-0.03202187105016556,0.4677418239553206,0.4677418239553205,0.46774182395532055,0.0027362896701386254,"3008.TW,2885.TW,2882.TW,2603.TW,2618.TW,2454.TW,4904.TW,2303.TW,1326.TW,2891.TW,2881.TW,1590.TW,2887.TW,2412.TW,9910.TW",2023,8765,15
2023-09-14,-0.024668715256533653,-0.030374403272283024,-0.035826743088708146,-0.03202187105016556,1.0,0.9999999999999999,1.0,0.005849999999999999,"3008.TW,2885.TW,2882.TW",2023,8765,3
2023-09-14,-0.014420816451360842,-0.02018645467512037,-0.035826743088708146,-0.03202187105016556,1.0,1.0,1.0,0.00585,"3008.TW,2885.TW,2882.TW,2603.TW,2618.TW",2023,8765,5
2023-09-14,-0.020524361662210416,-0.023403751249744364,-0.035826743088708146,-0.03202187105016556,0.5025171929050696,0.5025171929050698,0.5025171929050697,0.0029397255784946582,"3008.TW,2885.TW,2882.TW,2603.TW,2618.TW,2454.TW,4904.TW,2303.TW,1326.TW,2891.TW,2881.TW,1590.TW,2887.TW,2412.TW,9910.TW,1301.TW,3045.TW,5876.TW,1303.TW,2609.TW",2023,8765,20
2023-09-21,0.010355340795907348,0.004444762052251416,0.009391618339869678,0.01871838001485097,1.0,1.0,1.0,0.00585,"9910.TW,2454.TW,2615.TW",2023,8765,3
2023-09-21,0.008055005190034405,0.005667698936592913,0.009391618339869678,0.01871838001485097,0.4048256662074757,0.4048256662074758,0.40482566620747573,0.002368230147313733,"9910.TW,2454.TW,2615.TW,2603.TW,2609.TW,2885.TW,3034.TW,2886.TW,2891.TW,4904.TW,1590.TW,2327.TW,1326.TW,2379.TW,2881.TW",2023,8765,15
2023-09-21,0.009273790815280082,0.004550389474264449,0.009391618339869678,0.01871838001485097,0.8,0.7999999999999999,0.8,0.00468,"9910.TW,2454.TW,2615.TW,2603.TW,2609.TW",2023,8765,5
2023-09-21,0.008073678165975678,0.006275450979411623,0.009391618339869678,0.01871838001485097,0.30492737715339924,0.30492737715339935,0.3049273771533993,0.001783825156347386,"9910.TW,2454.TW,2615.TW,2603.TW,2609.TW,2885.TW,3034.TW,2886.TW,2891.TW,4904.TW,1590.TW,2327.TW,1326.TW,2379.TW,2881.TW,2887.TW,2892.TW,3045.TW,5876.TW,1303.TW",2023,8765,20
2023-09-21,0.009660140899598334,0.006698814342240844,0.009391618339869678,0.01871838001485097,0.5013663978785393,0.5013663978785393,0.5013663978785393,0.0029329934275894552,"9910.TW,2454.TW,2615.TW,2603.TW,2609.TW,2885.TW,3034.TW,2886.TW,2891.TW,4904.TW",2023,8765,10
2023-09-28,-0.00011322486070024836,-0.003622827441439158,0.01860829650869178,0.011118519871032864,0.6000000000000001,0.5999999999999999,0.6,0.0035099999999999997,"2454.TW,5871.TW,3034.TW,2603.TW,2618.TW",2023,8765,5
2023-09-28,0.027704033218984694,0.02369598748943047,0.01860829650869178,0.011118519871032864,0.6666666666666666,0.6666666666666669,0.6666666666666667,0.0039000000000000007,"2454.TW,5871.TW,3034.TW",2023,8765,3
2023-09-28,0.00010803234843304965,-0.0010780915250531153,0.01860829650869178,0.011118519871032864,0.20273431582569532,0.20273431582569523,0.2027343158256953,0.0011859957475803171,"2454.TW,5871.TW,3034.TW,2603.TW,2618.TW,2885.TW,4904.TW,2891.TW,2886.TW,2609.TW",2023,8765,10
2023-09-28,0.0025127736466199696,0.0013179423106128851,0.01860829650869178,0.011118519871032864,0.2037327385652864,0.2037327385652863,0.20373273856528634,0.0011918365206069251,"2454.TW,5871.TW,3034.TW,2603.TW,2618.TW,2885.TW,4904.TW,2891.TW,2886.TW,2609.TW,2408.TW,2892.TW,1590.TW,2412.TW,5876.TW,2615.TW,2887.TW,2881.TW,3045.TW,2327.TW",2023,8765,20
2023-09-28,0.0054968378021318,0.0031344845077478922,0.01860829650869178,0.011118519871032864,0.4016134718491628,0.40161347184916313,0.40161347184916296,0.002349438810317604,"2454.TW,5871.TW,3034.TW,2603.TW,2618.TW,2885.TW,4904.TW,2891.TW,2886.TW,2609.TW,2408.TW,2892.TW,1590.TW,2412.TW,5876.TW",2023,8765,15
2023-10-06,-0.010251513393153734,-0.012883548178900028,0.0027801161288107945,-0.014747482054976467,0.45458061546364276,0.4545806154636426,0.4545806154636427,0.0026592966004623094,"3034.TW,9910.TW,3017.TW,2618.TW,1590.TW,2207.TW,3008.TW,4904.TW,2327.TW,2002.TW,2886.TW,2412.TW,3045.TW,3037.TW,2454.TW,1101.TW,1216.TW,2408.TW,2379.TW,2603.TW",2023,8765,20
2023-10-06,-0.06013196638966263,-0.06381114859822157,0.0027801161288107945,-0.014747482054976467,0.669157810629226,0.6691578106292261,0.669157810629226,0.003914573192180973,"3034.TW,9910.TW,3017.TW",2023,8765,3
2023-10-06,-0.03677886662676628,-0.04018594411592602,0.0027801161288107945,-0.014747482054976467,0.6046445496516131,0.604644549651613,0.6046445496516131,0.003537170615461936,"3034.TW,9910.TW,3017.TW,2618.TW,1590.TW",2023,8765,5
2023-10-06,-0.014537264448284237,-0.018586246743109047,0.0027801161288107945,-0.014747482054976467,0.7023438843921408,0.702343884392141,0.7023438843921409,0.004108711723694025,"3034.TW,9910.TW,3017.TW,2618.TW,1590.TW,2207.TW,3008.TW,4904.TW,2327.TW,2002.TW",2023,8765,10
2023-10-06,-0.0101933636412267,-0.01329532780641507,0.0027801161288107945,-0.014747482054976467,0.5357109814884978,0.5357109814884979,0.5357109814884979,0.0031339092417077127,"3034.TW,9910.TW,3017.TW,2618.TW,1590.TW,2207.TW,3008.TW,4904.TW,2327.TW,2002.TW,2886.TW,2412.TW,3045.TW,3037.TW,2454.TW",2023,8765,15
2023-10-17,-0.006430240427835311,-0.009944410503884726,-0.016237706475601965,-0.018494408765356386,0.6046005604793983,0.6046005604793986,0.6046005604793985,0.0035369132788044813,"6669.TW,3231.TW,2618.TW,3045.TW,2885.TW,2379.TW,3711.TW,4904.TW,2327.TW,2883.TW,2382.TW,3034.TW,5876.TW,2412.TW,1102.TW",2023,8765,15
2023-10-17,0.059670583763929454,0.05347151084891055,-0.016237706475601965,-0.018494408765356386,1.0,1.0,1.0,0.00585,"6669.TW,3231.TW,2618.TW",2023,8765,3
2023-10-17,-0.0007470260975185453,-0.004876907860935198,-0.016237706475601965,-0.018494408765356386,0.7064904614134707,0.7064904614134708,0.7064904614134708,0.004132969199268805,"6669.TW,3231.TW,2618.TW,3045.TW,2885.TW,2379.TW,3711.TW,4904.TW,2327.TW,2883.TW",2023,8765,10
2023-10-17,-0.00994179590379738,-0.01372646066922567,-0.016237706475601965,-0.018494408765356386,0.6534476854763487,0.6534476854763487,0.6534476854763487,0.00382266896003664,"6669.TW,3231.TW,2618.TW,3045.TW,2885.TW,2379.TW,3711.TW,4904.TW,2327.TW,2883.TW,2382.TW,3034.TW,5876.TW,2412.TW,1102.TW,2912.TW,2357.TW,2303.TW,1303.TW,1301.TW",2023,8765,20
2023-10-17,0.026280428198897306,0.02142542844132289,-0.016237706475601965,-0.018494408765356386,0.8086624919182437,0.8086624919182437,0.8086624919182437,0.004730675577721726,"6669.TW,3231.TW,2618.TW,3045.TW,2885.TW",2023,8765,5
2023-10-24,-0.03461887829294119,-0.03662655419542871,-0.01771335560974363,-0.008570263461031924,0.35549945430548696,0.3554994543054871,0.355499454305487,0.0020796718076870994,"2618.TW,3231.TW,2303.TW",2023,8765,3
2023-10-24,-0.011969373941017847,-0.01544193251191106,-0.01771335560974363,-0.008570263461031924,0.6007908460044067,0.6007908460044068,0.6007908460044067,0.00351462644912578,"2618.TW,3231.TW,2303.TW,3711.TW,2454.TW",2023,8765,5
2023-10-24,-0.005035683023881633,-0.008562434540325015,-0.01771335560974363,-0.008570263461031924,0.6059147014603811,0.605914701460381,0.605914701460381,0.0035446010035432287,"2618.TW,3231.TW,2303.TW,3711.TW,2454.TW,3034.TW,2408.TW,2330.TW,2327.TW,2891.TW",2023,8765,10
2023-10-24,-0.0019889574305026908,-0.005135965613126681,-0.01771335560974363,-0.008570263461031924,0.5390222089154891,0.5390222089154891,0.5390222089154891,0.0031532799221556116,"2618.TW,3231.TW,2303.TW,3711.TW,2454.TW,3034.TW,2408.TW,2330.TW,2327.TW,2891.TW,2379.TW,4904.TW,2881.TW,2345.TW,2892.TW",2023,8765,15
2023-10-24,-0.003143641398716452,-0.006083235307105639,-0.01771335560974363,-0.008570263461031924,0.5040793298442596,0.5040793298442597,0.5040793298442596,0.0029488640795889195,"2618.TW,3231.TW,2303.TW,3711.TW,2454.TW,3034.TW,2408.TW,2330.TW,2327.TW,2891.TW,2379.TW,4904.TW,2881.TW,2345.TW,2892.TW,2886.TW,2880.TW,5876.TW,2887.TW,3045.TW",2023,8765,20
2023-10-31,0.051933817243243634,0.04697341915203723,0.03811473332011306,0.03733027043001214,0.8060690546713508,0.8060690546713508,0.8060690546713508,0.004715503969827403,"6669.TW,3231.TW,3017.TW,2382.TW,2603.TW,1590.TW,4904.TW,1102.TW,2379.TW,3034.TW",2023,8765,10
2023-10-31,0.04702285624000386,0.0437301722225214,0.03811473332011306,0.03733027043001214,0.5375737171791257,0.5375737171791258,0.5375737171791257,0.0031448062454978863,"6669.TW,3231.TW,3017.TW,2382.TW,2603.TW,1590.TW,4904.TW,1102.TW,2379.TW,3034.TW,2327.TW,2454.TW,3045.TW,3008.TW,2891.TW",2023,8765,15
2023-10-31,0.10951780330244339,0.10512165269896312,0.03811473332011306,0.03733027043001214,0.6773020977228792,0.6773020977228792,0.6773020977228792,0.003962217271678843,"6669.TW,3231.TW,3017.TW",2023,8765,3
2023-10-31,0.045483532924582806,0.04269557195982254,0.03811473332011306,0.03733027043001214,0.4558412532405225,0.4558412532405224,0.45584125324052244,0.002666671331457056,"6669.TW,3231.TW,3017.TW,2382.TW,2603.TW,1590.TW,4904.TW,1102.TW,2379.TW,3034.TW,2327.TW,2454.TW,3045.TW,3008.TW,2891.TW,2303.TW,2357.TW,5876.TW,2412.TW,2330.TW",2023,8765,20
2023-10-31,0.08051590391064259,0.07539069762545347,0.03811473332011306,0.03733027043001214,0.8108197531596326,0.8108197531596325,0.8108197531596326,0.004743295555983851,"6669.TW,3231.TW,3017.TW,2382.TW,2603.TW",2023,8765,5
2023-11-07,0.021413346749697366,0.019277827466428032,0.03355705734500303,0.01813326741598802,0.35739305002202837,0.3573930500220281,0.35739305002202826,0.0020907493426288648,"2382.TW,3017.TW,2327.TW,5876.TW,3045.TW,2412.TW,2454.TW,4904.TW,2603.TW,2303.TW,2615.TW,2884.TW,3711.TW,3231.TW,3034.TW,1102.TW,2892.TW,1216.TW,2882.TW,2880.TW",2023,8765,20
2023-11-07,0.026013192892047197,0.023575604118128313,0.03355705734500303,0.01813326741598802,0.4061174306355935,0.4061174306355935,0.4061174306355935,0.002375786969218222,"2382.TW,3017.TW,2327.TW,5876.TW,3045.TW,2412.TW,2454.TW,4904.TW,2603.TW,2303.TW,2615.TW,2884.TW,3711.TW,3231.TW,3034.TW",2023,8765,15
2023-11-07,0.020177243964965855,0.01656066272269263,0.03355705734500303,0.01813326741598802,0.6059917719498112,0.6059917719498109,0.6059917719498111,0.0035450518659063943,"2382.TW,3017.TW,2327.TW,5876.TW,3045.TW,2412.TW,2454.TW,4904.TW,2603.TW,2303.TW",2023,8765,10
2023-11-07,0.03390637992063694,0.029855898860980945,0.03355705734500303,0.01813326741598802,0.6696833854344395,0.6696833854344395,0.6696833854344395,0.003917647804791471,"2382.TW,3017.TW,2327.TW",2023,8765,3
2023-11-07,0.022017541049818772,0.01841283075120037,0.03355705734500303,0.01813326741598802,0.6029150869589325,0.6029150869589324,0.6029150869589324,0.0035270532587097546,"2382.TW,3017.TW,2327.TW,5876.TW,3045.TW",2023,8765,5
2023-11-14,0.011173117314181623,0.008162408018907996,0.0026737914253454065,0.016807995969018646,0.508964442164192,0.5089644421641921,0.5089644421641921,0.002977441986660524,"2345.TW,2615.TW,2609.TW,9910.TW,2603.TW,6669.TW,2884.TW,1102.TW,2357.TW,2886.TW,2882.TW,2395.TW,2303.TW,2881.TW,5876.TW,1301.TW,2885.TW,2412.TW,2892.TW,2327.TW",2023,8765,20
2023-11-14,0.01101325091895673,0.005098823401080699,0.0026737914253454065,0.016807995969018646,1.0,1.0000000000000002,1.0,0.005850000000000001,"2345.TW,2615.TW,2609.TW,9910.TW,2603.TW",2023,8765,5
2023-11-14,0.010317995201213955,0.006341114485903354,0.0026737914253454065,0.016807995969018646,0.672866040704825,0.6728660407048253,0.6728660407048251,0.003936266338123227,"2345.TW,2615.TW,2609.TW,9910.TW,2603.TW,6669.TW,2884.TW,1102.TW,2357.TW,2886.TW,2882.TW,2395.TW,2303.TW,2881.TW,5876.TW",2023,8765,15
2023-11-14,0.015819162804742232,0.009876620702334415,0.0026737914253454065,0.016807995969018646,1.0,1.0000000000000002,1.0,0.005850000000000001,"2345.TW,2615.TW,2609.TW",2023,8765,3
2023-11-14,0.00667830385206567,0.001378142582284525,0.0026737914253454065,0.016807995969018646,0.8999999999999999,0.9,0.8999999999999999,0.005265,"2345.TW,2615.TW,2609.TW,9910.TW,2603.TW,6669.TW,2884.TW,1102.TW,2357.TW,2886.TW",2023,8765,10
2023-11-21,-0.00039809126408814214,-0.006245762430193258,0.0003810135143682558,0.0027003582085634646,1.0,0.9999999999999999,1.0,0.005849999999999999,"6669.TW,2357.TW,4904.TW,2454.TW,3034.TW",2023,8765,5
2023-11-21,-0.0008389993357710904,-0.004381588702917272,0.0003810135143682558,0.0027003582085634646,0.6060793321478861,0.6060793321478861,0.6060793321478861,0.003545564093065134,"6669.TW,2357.TW,4904.TW,2454.TW,3034.TW,2618.TW,3045.TW,2207.TW,2891.TW,2609.TW,5871.TW,2882.TW,1216.TW,5876.TW,3711.TW,2345.TW,2912.TW,2881.TW,2887.TW,2892.TW",2023,8765,20
2023-11-21,0.0029551415341569904,-0.0012117848510773133,0.0003810135143682558,0.0027003582085634646,0.710196377773675,0.710196377773675,0.710196377773675,0.004154648809975999,"6669.TW,2357.TW,4904.TW,2454.TW,3034.TW,2618.TW,3045.TW,2207.TW,2891.TW,2609.TW",2023,8765,10
2023-11-21,-0.011762826507613068,-0.01754401397254357,0.0003810135143682558,0.0027003582085634646,1.0,0.9999999999999999,1.0,0.005849999999999999,"6669.TW,2357.TW,4904.TW",2023,8765,3
2023-11-21,0.002661616797688682,-0.0012950248695283717,0.0003810135143682558,0.0027003582085634646,0.6745535997510466,0.6745535997510468,0.6745535997510467,0.003946138558543624,"6669.TW,2357.TW,4904.TW,2454.TW,3034.TW,2618.TW,3045.TW,2207.TW,2891.TW,2609.TW,5871.TW,2882.TW,1216.TW,5876.TW,3711.TW",2023,8765,15
2023-11-28,-0.012211148837105983,-0.01614652842136055,-0.006854580603116611,-6.687014874547925e-05,0.6810306251735723,0.6810306251735723,0.6810306251735723,0.003984029157265398,"2382.TW,3231.TW,6669.TW",2023,8765,3
2023-11-28,-0.0005720251684621759,-0.0035134794768332256,-0.006854580603116611,-6.687014874547925e-05,0.5031004884272854,0.5031004884272855,0.5031004884272854,0.0029431378572996204,"2382.TW,3231.TW,6669.TW,4904.TW,3017.TW,2883.TW,2892.TW,3045.TW,2880.TW,2886.TW,1216.TW,3711.TW,2002.TW,2881.TW,2891.TW,2912.TW,1102.TW,2454.TW,2412.TW,2885.TW",2023,8765,20
2023-11-28,-0.0012557690130940106,-0.004785036493014316,-0.006854580603116611,-6.687014874547925e-05,0.6040521362661818,0.6040521362661821,0.6040521362661819,0.0035337049971571654,"2382.TW,3231.TW,6669.TW,4904.TW,3017.TW,2883.TW,2892.TW,3045.TW,2880.TW,2886.TW,1216.TW,3711.TW,2002.TW,2881.TW,2891.TW",2023,8765,15
2023-11-28,-0.005917508118151505,-0.010021501600109839,-0.006854580603116611,-6.687014874547925e-05,0.7057134121890233,0.7057134121890235,0.7057134121890234,0.004128423461305788,"2382.TW,3231.TW,6669.TW,4904.TW,3017.TW,2883.TW,2892.TW,3045.TW,2880.TW,2886.TW",2023,8765,10
2023-11-28,-0.0056902927854518785,-0.009243106857077299,-0.006854580603116611,-6.687014874547925e-05,0.6107942427954802,0.61079424279548,0.6107942427954801,0.0035731463203535585,"2382.TW,3231.TW,6669.TW,4904.TW,3017.TW",2023,8765,5
2023-12-05,0.025814475460154213,0.019813460778712155,0.009202442450170878,0.004871137597347621,1.0,1.0,1.0,0.00585,"2454.TW,2379.TW,2618.TW",2023,8765,3
2023-12-05,0.01880127298912672,0.014016021673896484,0.009202442450170878,0.004871137597347621,0.8028962070465134,0.8028962070465135,0.8028962070465135,0.004696942811222104,"2454.TW,2379.TW,2618.TW,2408.TW,3037.TW,6669.TW,2207.TW,3034.TW,2883.TW,2891.TW,2327.TW,2330.TW,1102.TW,1590.TW,2395.TW",2023,8765,15
2023-12-05,0.015063908798407003,0.010299997360600388,0.009202442450170878,0.004871137597347621,0.8022586838758557,0.802258683875856,0.8022586838758559,0.0046932133006737575,"2454.TW,2379.TW,2618.TW,2408.TW,3037.TW,6669.TW,2207.TW,3034.TW,2883.TW,2891.TW",2023,8765,10
2023-12-05,0.013228602680226863,0.009354101555870242,0.009202442450170878,0.004871137597347621,0.6536608646394697,0.6536608646394696,0.6536608646394697,0.0038239160581408976,"2454.TW,2379.TW,2618.TW,2408.TW,3037.TW,6669.TW,2207.TW,3034.TW,2883.TW,2891.TW,2327.TW,2330.TW,1102.TW,1590.TW,2395.TW,3008.TW,2303.TW,2885.TW,2308.TW,2881.TW",2023,8765,20
2023-12-05,0.017419990766925044,0.011468083820938446,0.009202442450170878,0.004871137597347621,1.0,1.0,1.0,0.00585,"2454.TW,2379.TW,2618.TW,2408.TW,3037.TW",2023,8765,5
2023-12-12,0.006539371048012145,0.0018287667915073413,0.014817737376193518,0.010970692202516038,0.8,0.7999999999999998,0.7999999999999999,0.004679999999999999,"2615.TW,3034.TW,2454.TW,5880.TW,1102.TW",2023,8765,5
2023-12-12,0.010806605278700736,0.007830766460544814,0.014817737376193518,0.010970692202516038,0.5032519510749776,0.5032519510749777,0.5032519510749776,0.002944023913788619,"2615.TW,3034.TW,2454.TW,5880.TW,1102.TW,2885.TW,2412.TW,2609.TW,2884.TW,1101.TW,2327.TW,2330.TW,2357.TW,2883.TW,2618.TW,3045.TW,3231.TW,2308.TW,3037.TW,4904.TW",2023,8765,20
2023-12-12,0.0140567399364514,0.010880009472615804,0.014817737376193518,0.010970692202516038,0.5355034162614106,0.5355034162614107,0.5355034162614107,0.0031326949851292526,"2615.TW,3034.TW,2454.TW,5880.TW,1102.TW,2885.TW,2412.TW,2609.TW,2884.TW,1101.TW,2327.TW,2330.TW,2357.TW,2883.TW,2618.TW",2023,8765,15
2023-12-12,0.02243049193401362,0.01843276285875195,0.014817737376193518,0.010970692202516038,0.6683803905388767,0.6683803905388768,0.6683803905388768,0.003910025284652429,"2615.TW,3034.TW,2454.TW",2023,8765,3
2023-12-12,0.015224142411754528,0.010472893425267582,0.014817737376193518,0.010970692202516038,0.7999999999999999,0.7999999999999998,0.7999999999999998,0.004679999999999999,"2615.TW,3034.TW,2454.TW,5880.TW,1102.TW,2885.TW,2412.TW,2609.TW,2884.TW,1101.TW",2023,8765,10
2023-12-19,0.017080082998394423,0.013759302159061182,0.006364518280111531,0.013616021548270933,0.5581220730003743,0.5581220730003743,0.5581220730003743,0.00326501412705219,"2615.TW,2379.TW,2609.TW,1102.TW,2207.TW,2618.TW,2885.TW,6669.TW,2912.TW,3034.TW,2395.TW,2303.TW,2891.TW,2886.TW,2880.TW,2884.TW,3037.TW,3711.TW,1216.TW,2330.TW",2023,8765,20
2023-12-19,0.0220789994250022,0.01843479848932672,0.006364518280111531,0.013616021548270933,0.6094835440657029,0.6094835440657028,0.6094835440657029,0.003565478732784362,"2615.TW,2379.TW,2609.TW,1102.TW,2207.TW,2618.TW,2885.TW,6669.TW,2912.TW,3034.TW,2395.TW,2303.TW,2891.TW,2886.TW,2880.TW",2023,8765,15
2023-12-19,0.05674875656703526,0.05261323600663825,0.006364518280111531,0.013616021548270933,0.6689637315660482,0.6689637315660484,0.6689637315660483,0.003913437829661383,"2615.TW,2379.TW,2609.TW",2023,8765,3
2023-12-19,0.03646731586458429,0.03278427861408573,0.006364518280111531,0.013616021548270933,0.6074277572892539,0.6074277572892538,0.6074277572892539,0.003553452380142135,"2615.TW,2379.TW,2609.TW,1102.TW,2207.TW",2023,8765,5
2023-12-19,0.031225021170590353,0.028161008271154753,0.006364518280111531,0.013616021548270933,0.5079035884892281,0.507903588489228,0.507903588489228,0.002971235992661984,"2615.TW,2379.TW,2609.TW,1102.TW,2207.TW,2618.TW,2885.TW,6669.TW,2912.TW,3034.TW",2023,8765,10
2023-12-26,-0.012658667255987003,-0.018434614052539433,-0.01376483710044818,-0.010951440293608389,1.0,1.0,1.0,0.00585,"2891.TW,1301.TW,3231.TW",2023,8765,3
2023-12-26,-0.003341165879598474,-0.0091716200592028,-0.01376483710044818,-0.010951440293608389,1.0,1.0,1.0,0.00585,"2891.TW,1301.TW,3231.TW,3017.TW,2454.TW",2023,8765,5
2023-12-26,-0.001950204152264035,-0.007204936327402267,-0.01376483710044818,-0.010951440293608389,0.8999999999999999,0.8999999999999999,0.8999999999999999,0.005265,"2891.TW,1301.TW,3231.TW,3017.TW,2454.TW,2618.TW,2327.TW,1326.TW,2884.TW,2382.TW",2023,8765,10
2023-12-26,-0.009223838450695267,-0.0127285604656322,-0.01376483710044818,-0.010951440293608389,0.6046752067533242,0.6046752067533241,0.6046752067533241,0.0035373499595069465,"2891.TW,1301.TW,3231.TW,3017.TW,2454.TW,2618.TW,2327.TW,1326.TW,2884.TW,2382.TW,9910.TW,6669.TW,1216.TW,2330.TW,1101.TW,2303.TW,2357.TW,2395.TW,5876.TW,2002.TW",2023,8765,20
2023-12-26,-0.0086949117372287,-0.01334525377538942,-0.01376483710044818,-0.010951440293608389,0.8019027364487333,0.8019027364487332,0.8019027364487332,0.004691131008225089,"2891.TW,1301.TW,3231.TW,3017.TW,2454.TW,2618.TW,2327.TW,1326.TW,2884.TW,2382.TW,9910.TW,6669.TW,1216.TW,2330.TW,1101.TW",2023,8765,15
2024-01-02,-0.01960820769873666,-0.021005266002765977,-0.009723412816197041,-0.015090004857398271,0.9999999999999999,0.0,0.49999999999999994,0.0014249999999999998,"2609.TW,3231.TW,2618.TW,2615.TW,6669.TW,2382.TW,3037.TW,2345.TW,3017.TW,2327.TW",2024,8765,10
2024-01-02,-0.018171899123487916,-0.019571004167237005,-0.009723412816197041,-0.015090004857398271,0.9999999999999999,0.0,0.49999999999999994,0.0014249999999999998,"2609.TW,3231.TW,2618.TW,2615.TW,6669.TW,2382.TW,3037.TW,2345.TW,3017.TW,2327.TW,2379.TW,1101.TW,2207.TW,2454.TW,3711.TW",2024,8765,15
2024-01-02,-0.01671143714871977,-0.018112623350782897,-0.009723412816197041,-0.015090004857398271,1.0000000000000002,0.0,0.5000000000000001,0.0014250000000000003,"2609.TW,3231.TW,2618.TW,2615.TW,6669.TW,2382.TW,3037.TW,2345.TW,3017.TW,2327.TW,2379.TW,1101.TW,2207.TW,2454.TW,3711.TW,2408.TW,2883.TW,2330.TW,1216.TW,2891.TW",2024,8765,20
2024-01-02,-0.031190240002962378,-0.032570793910958074,-0.009723412816197041,-0.015090004857398271,1.0,0.0,0.5,0.001425,"2609.TW,3231.TW,2618.TW,2615.TW,6669.TW",2024,8765,5
2024-01-02,-0.0287635673884411,-0.03014757930491263,-0.009723412816197041,-0.015090004857398271,1.0,0.0,0.5,0.001425,"2609.TW,3231.TW,2618.TW",2024,8765,3
2024-01-09,-0.019287205433669796,-0.023876941312240274,0.004769529647456583,-0.014473748928192727,0.8,0.7999999999999999,0.8,0.00468,"5871.TW,2618.TW,2891.TW,3008.TW,2408.TW",2024,8765,5
2024-01-09,-0.017351737921760858,-0.02159026718988588,0.004769529647456583,-0.014473748928192727,0.7373288546767308,0.7373288546767308,0.7373288546767308,0.004313373799858876,"5871.TW,2618.TW,2891.TW,3008.TW,2408.TW,2002.TW,2317.TW,2303.TW,2615.TW,2884.TW,5876.TW,2382.TW,2379.TW,2883.TW,2395.TW",2024,8765,15
2024-01-09,-0.020739082335129035,-0.024558199914021972,0.004769529647456583,-0.014473748928192727,0.6666666666666666,0.6666666666666667,0.6666666666666667,0.0039000000000000003,"5871.TW,2618.TW,2891.TW",2024,8765,3
2024-01-09,-0.016481633651544213,-0.021117347126548225,0.004769529647456583,-0.014473748928192727,0.8057090553264542,0.8057090553264544,0.8057090553264543,0.004713397973659758,"5871.TW,2618.TW,2891.TW,3008.TW,2408.TW,2002.TW,2317.TW,2303.TW,2615.TW,2884.TW",2024,8765,10
2024-01-09,-0.0199937494272929,-0.023458304520488582,0.004769529647456583,-0.014473748928192727,0.6043141454622315,0.6043141454622313,0.6043141454622314,0.0035352377509540534,"5871.TW,2618.TW,2891.TW,3008.TW,2408.TW,2002.TW,2317.TW,2303.TW,2615.TW,2884.TW,5876.TW,2382.TW,2379.TW,2883.TW,2395.TW,2412.TW,2880.TW,1101.TW,2885.TW,2357.TW",2024,8765,20
2024-01-16,0.0014799992422142774,-0.0024257727548303576,0.031923098995864985,0.01864409508543065,0.6666666666666666,0.6666666666666666,0.6666666666666666,0.0039,"2891.TW,4904.TW,3008.TW",2024,8765,3
2024-01-16,0.013646395532531441,0.009265602914281246,0.031923098995864985,0.01864409508543065,0.7387718659263748,0.7387718659263748,0.7387718659263748,0.004321815415669292,"2891.TW,4904.TW,3008.TW,2330.TW,2357.TW,2412.TW,2885.TW,2881.TW,3045.TW,2886.TW,2880.TW,2395.TW,2883.TW,2912.TW,2454.TW",2024,8765,15
2024-01-16,0.014177899453446365,0.00943154688400405,0.031923098995864985,0.01864409508543065,0.7999999999999999,0.7999999999999996,0.7999999999999998,0.004679999999999998,"2891.TW,4904.TW,3008.TW,2330.TW,2357.TW,2412.TW,2885.TW,2881.TW,3045.TW,2886.TW",2024,8765,10
2024-01-16,0.02358159068817607,0.019988819304860517,0.031923098995864985,0.01864409508543065,0.6000000000000001,0.5999999999999999,0.6,0.0035099999999999997,"2891.TW,4904.TW,3008.TW,2330.TW,2357.TW",2024,8765,5
2024-01-16,0.008476514811066416,0.0060813694089321135,0.031923098995864985,0.01864409508543065,0.40598522469716153,0.40598522469716136,0.4059852246971615,0.002375013564478394,"2891.TW,4904.TW,3008.TW,2330.TW,2357.TW,2412.TW,2885.TW,2881.TW,3045.TW,2886.TW,2880.TW,2395.TW,2883.TW,2912.TW,2454.TW,5876.TW,2379.TW,2615.TW,2884.TW,2887.TW",2024,8765,20
2024-01-23,0.005452183101860122,0.0015212555710550912,0.008199661649903822,-0.0008666322522224034,0.6683096773396481,0.6683096773396481,0.6683096773396481,0.003909611612436942,"3017.TW,2345.TW,2382.TW,6669.TW,3037.TW,3231.TW,2912.TW,2357.TW,2379.TW,2330.TW,2609.TW,1326.TW,2891.TW,2412.TW,1301.TW",2024,8765,15
2024-01-23,0.005631002150136854,0.0023782690192091227,0.008199661649903822,-0.0008666322522224034,0.5529093238322074,0.552909323832207,0.5529093238322071,0.0032345195444184118,"3017.TW,2345.TW,2382.TW,6669.TW,3037.TW,3231.TW,2912.TW,2357.TW,2379.TW,2330.TW,2609.TW,1326.TW,2891.TW,2412.TW,1301.TW,3711.TW,2886.TW,3045.TW,2887.TW,2618.TW",2024,8765,20
2024-01-23,0.016320925291120836,0.01037544787816791,0.008199661649903822,-0.0008666322522224034,1.0,0.9999999999999998,0.9999999999999999,0.005849999999999999,"3017.TW,2345.TW,2382.TW,6669.TW,3037.TW",2024,8765,5
2024-01-23,0.007501416023627238,0.0027863093966367103,0.008199661649903822,-0.0008666322522224034,0.7999999999999999,0.8,0.8,0.00468,"3017.TW,2345.TW,2382.TW,6669.TW,3037.TW,3231.TW,2912.TW,2357.TW,2379.TW,2330.TW",2024,8765,10
2024-01-23,0.024702727943344605,0.018708216984876236,0.008199661649903822,-0.0008666322522224034,1.0,1.0000000000000002,1.0,0.005850000000000001,"3017.TW,2345.TW,2382.TW",2024,8765,3
2024-01-30,0.015545597499981967,0.01077920716021974,0.05249564054745992,0.018064686655439505,0.8022954178052222,0.8022954178052222,0.8022954178052222,0.00469342819416055,"6669.TW,3034.TW,2603.TW,2303.TW,2885.TW,2408.TW,2330.TW,2881.TW,2308.TW,2412.TW",2024,8765,10
2024-01-30,0.025150359615928954,0.02182245251689907,0.05249564054745992,0.018064686655439505,0.554916654952281,0.554916654952281,0.554916654952281,0.003246262431470844,"6669.TW,3034.TW,2603.TW,2303.TW,2885.TW,2408.TW,2330.TW,2881.TW,2308.TW,2412.TW,2609.TW,2912.TW,3008.TW,3017.TW,4904.TW,9910.TW,1326.TW,2357.TW,3711.TW,5880.TW",2024,8765,20
2024-01-30,0.01670342715615425,0.010755712107290538,0.05249564054745992,0.018064686655439505,1.0,1.0,1.0,0.00585,"6669.TW,3034.TW,2603.TW",2024,8765,3
2024-01-30,0.010881100654099973,0.006113000485368669,0.05249564054745992,0.018064686655439505,0.8062865725508142,0.8062865725508142,0.8062865725508142,0.004716776449422263,"6669.TW,3034.TW,2603.TW,2303.TW,2885.TW",2024,8765,5
2024-01-30,0.02535957089271135,0.021735566119038596,0.05249564054745992,0.018064686655439505,0.6041665900287806,0.6041665900287807,0.6041665900287807,0.003534374551668367,"6669.TW,3034.TW,2603.TW,2303.TW,2885.TW,2408.TW,2330.TW,2881.TW,2308.TW,2412.TW,2609.TW,2912.TW,3008.TW,3017.TW,4904.TW",2024,8765,15
2024-02-15,0.012830937343608963,0.009493924142857546,0.007727309687263428,0.020323827078128152,0.5632031822232269,0.5632031822232269,0.5632031822232269,0.003294738616005877,"6669.TW,2408.TW,3017.TW,3231.TW,2382.TW,2609.TW,2345.TW,1590.TW,2308.TW,2395.TW,1303.TW,2615.TW,1326.TW,1301.TW,2207.TW,3037.TW,2454.TW,2881.TW,3008.TW,2303.TW",2024,8765,20
2024-02-15,0.0056004839892901314,0.001626355791948697,0.007727309687263428,0.020323827078128152,0.6755547199984566,0.6755547199984568,0.6755547199984567,0.003951995111990972,"6669.TW,2408.TW,3017.TW,3231.TW,2382.TW,2609.TW,2345.TW,1590.TW,2308.TW,2395.TW,1303.TW,2615.TW,1326.TW,1301.TW,2207.TW",2024,8765,15
2024-02-15,-0.020060888164261395,-0.023882650700420838,0.007727309687263428,0.020323827078128152,0.6666666666666666,0.6666666666666667,0.6666666666666667,0.0039000000000000003,"6669.TW,2408.TW,3017.TW",2024,8765,3
2024-02-15,-0.031311936535415266,-0.035845396672429586,0.007727309687263428,0.020323827078128152,0.8,0.7999999999999999,0.8,0.00468,"6669.TW,2408.TW,3017.TW,3231.TW,2382.TW",2024,8765,5
2024-02-15,0.0028486963230096576,-0.0012978759938426787,0.007727309687263428,0.020323827078128152,0.7068023155012514,0.7068023155012513,0.7068023155012513,0.00413479354568232,"6669.TW,2408.TW,3017.TW,3231.TW,2382.TW,2609.TW,2345.TW,1590.TW,2308.TW,2395.TW",2024,8765,10
2024-02-22,0.07645143835763886,0.0742013016057268,0.010805165578164022,0.00023743674137992167,0.35732105258502356,0.3573210525850237,0.35732105258502367,0.0020903281576223885,"3017.TW,6669.TW,2303.TW",2024,8765,3
2024-02-22,0.03790486289243536,0.035382900363657876,0.010805165578164022,0.00023743674137992167,0.41536052213160135,0.41536052213160135,0.41536052213160135,0.002429859054469868,"3017.TW,6669.TW,2303.TW,3231.TW,1303.TW",2024,8765,5
2024-02-22,0.004800666273834858,0.0015763327096394164,0.010805165578164022,0.00023743674137992167,0.5485347981263271,0.5485347981263272,0.5485347981263271,0.0032089285690390145,"3017.TW,6669.TW,2303.TW,3231.TW,1303.TW,1326.TW,2345.TW,2618.TW,3037.TW,2412.TW,2884.TW,2880.TW,1301.TW,2327.TW,5880.TW",2024,8765,15
2024-02-22,0.004039113979858525,0.0004113392542934857,0.010805165578164022,0.00023743674137992167,0.6176377225608549,0.6176377225608549,0.6176377225608549,0.0036131806769810013,"3017.TW,6669.TW,2303.TW,3231.TW,1303.TW,1326.TW,2345.TW,2618.TW,3037.TW,2412.TW",2024,8765,10
2024-02-22,0.003651293254060469,0.0009215192655263049,0.010805165578164022,0.00023743674137992167,0.4649304348676248,0.4649304348676249,0.46493043486762486,0.0027198430439756057,"3017.TW,6669.TW,2303.TW,3231.TW,1303.TW,1326.TW,2345.TW,2618.TW,3037.TW,2412.TW,2884.TW,2880.TW,1301.TW,2327.TW,5880.TW,3045.TW,9910.TW,2395.TW,2912.TW,2308.TW",2024,8765,20
2024-03-01,-0.012315624518053628,-0.01531138246924324,0.06103462725365749,0.011374440200934824,0.5184807910136825,0.5184807910136826,0.5184807910136826,0.0030331126274300434,"1590.TW,3017.TW,2454.TW,2345.TW,3037.TW,2408.TW,1303.TW,1326.TW,2317.TW,3045.TW",2024,8765,10
2024-03-01,-0.012012558035901658,-0.01593803251041659,0.06103462725365749,0.011374440200934824,0.6791799664587904,0.6791799664587906,0.6791799664587905,0.003973202803783925,"1590.TW,3017.TW,2454.TW,2345.TW,3037.TW,2408.TW,1303.TW,1326.TW,2317.TW,3045.TW,2357.TW,3034.TW,2609.TW,2002.TW,4904.TW",2024,8765,15
2024-03-01,0.004607709347099873,0.0007277551184086128,0.06103462725365749,0.011374440200934824,0.6601980384199645,0.6601980384199645,0.6601980384199645,0.0038621585247567924,"1590.TW,3017.TW,2454.TW,2345.TW,3037.TW,2408.TW,1303.TW,1326.TW,2317.TW,3045.TW,2357.TW,3034.TW,2609.TW,2002.TW,4904.TW,2883.TW,1101.TW,3711.TW,2603.TW,6669.TW",2024,8765,20
2024-03-01,-0.011229650078147248,-0.0158570953157815,0.06103462725365749,0.011374440200934824,0.8,0.8000000000000003,0.8000000000000002,0.004680000000000002,"1590.TW,3017.TW,2454.TW,2345.TW,3037.TW",2024,8765,5
2024-03-01,0.010889879453608049,0.006920099545120628,0.06103462725365749,0.011374440200934824,0.6712846472639393,0.6712846472639395,0.6712846472639394,0.003927015186494046,"1590.TW,3017.TW,2454.TW",2024,8765,3
2024-03-08,-0.03666262124575193,-0.04067860922016553,-0.005524927357516862,0.008439939201895839,0.7126201951466682,0.7126201951466683,0.7126201951466682,0.0041688281416080095,"2345.TW,3711.TW,2603.TW,1590.TW,3034.TW,3231.TW,2454.TW,6669.TW,2308.TW,2379.TW",2024,8765,10
2024-03-08,-0.05755972727603449,-0.06307300287146977,-0.005524927357516862,0.008439939201895839,1.0,1.0,1.0,0.00585,"2345.TW,3711.TW,2603.TW",2024,8765,3
2024-03-08,-0.00097185814146972,-0.00453424088449228,-0.005524927357516862,0.008439939201895839,0.6095467079773511,0.6095467079773512,0.6095467079773511,0.0035658482416675045,"2345.TW,3711.TW,2603.TW,1590.TW,3034.TW,3231.TW,2454.TW,6669.TW,2308.TW,2379.TW,3017.TW,2615.TW,2382.TW,2317.TW,2330.TW",2024,8765,15
2024-03-08,0.00046287553140877594,-0.0022590996388546225,-0.005524927357516862,0.008439939201895839,0.46507962692024224,0.4650796269202422,0.4650796269202422,0.002720715817483417,"2345.TW,3711.TW,2603.TW,1590.TW,3034.TW,3231.TW,2454.TW,6669.TW,2308.TW,2379.TW,3017.TW,2615.TW,2382.TW,2317.TW,2330.TW,9910.TW,2408.TW,1303.TW,1301.TW,2303.TW",2024,8765,20
2024-03-08,-0.025382870512223876,-0.0289500317297674,-0.005524927357516862,0.008439939201895839,0.625651991791382,0.6256519917913819,0.6256519917913819,0.003660064151979584,"2345.TW,3711.TW,2603.TW,1590.TW,3034.TW",2024,8765,5
2024-03-15,0.021542682251625155,0.017883811925395676,0.02745082499379259,0.010117651932665976,0.6122582344136712,0.6122582344136713,0.6122582344136713,0.003581710671319977,"6669.TW,3017.TW,2615.TW,2609.TW,2382.TW,3037.TW,2454.TW,3711.TW,3231.TW,2330.TW",2024,8765,10
2024-03-15,0.002257721193383447,-0.0036054864755978855,0.02745082499379259,0.010117651932665976,1.0,1.0,1.0,0.00585,"6669.TW,3017.TW,2615.TW",2024,8765,3
2024-03-15,0.028252388606219103,0.025720043022500194,0.02745082499379259,0.010117651932665976,0.4209857343947279,0.4209857343947281,0.420985734394728,0.002462766546209159,"6669.TW,3017.TW,2615.TW,2609.TW,2382.TW,3037.TW,2454.TW,3711.TW,3231.TW,2330.TW,2881.TW,2618.TW,2308.TW,2345.TW,2395.TW,2408.TW,2303.TW,2357.TW,2887.TW,4904.TW",2024,8765,20
2024-03-15,-0.0061165541155923766,-0.011930772274016177,0.02745082499379259,0.010117651932665976,1.0,1.0,1.0,0.00585,"6669.TW,3017.TW,2615.TW,2609.TW,2382.TW",2024,8765,5
2024-03-15,0.03234421815361424,0.03017639224213209,0.02745082499379259,0.010117651932665976,0.3589583061162266,0.35895830611622676,0.3589583061162267,0.0020999060907799265,"6669.TW,3017.TW,2615.TW,2609.TW,2382.TW,3037.TW,2454.TW,3711.TW,3231.TW,2330.TW,2881.TW,2618.TW,2308.TW,2345.TW,2395.TW",2024,8765,15
2024-03-22,0.017815120716009058,0.011860902259820394,0.006361404781669577,0.010444775880379559,0.9999999999999999,0.9999999999999998,0.9999999999999998,0.005849999999999999,"3008.TW,9910.TW,2408.TW,5871.TW,1101.TW,1326.TW,2412.TW,1303.TW,1216.TW,2886.TW,3045.TW,2892.TW,2603.TW,1301.TW,2317.TW",2024,8765,15
2024-03-22,0.011110516623153868,0.0063567434083302565,0.006361404781669577,0.010444775880379559,0.8036814894049806,0.8036814894049806,0.8036814894049806,0.004701536713019137,"3008.TW,9910.TW,2408.TW,5871.TW,1101.TW,1326.TW,2412.TW,1303.TW,1216.TW,2886.TW,3045.TW,2892.TW,2603.TW,1301.TW,2317.TW,2308.TW,2609.TW,2887.TW,2912.TW,2207.TW",2024,8765,20
2024-03-22,0.008449789679307118,0.0025503584096833176,0.006361404781669577,0.010444775880379559,1.0,0.9999999999999999,1.0,0.005849999999999999,"3008.TW,9910.TW,2408.TW,5871.TW,1101.TW",2024,8765,5
2024-03-22,0.015813933996410914,0.009871422482532033,0.006361404781669577,0.010444775880379559,0.9999999999999999,1.0,1.0,0.00585,"3008.TW,9910.TW,2408.TW,5871.TW,1101.TW,1326.TW,2412.TW,1303.TW,1216.TW,2886.TW",2024,8765,10
2024-03-22,-0.003130436588258215,-0.008962123534216881,0.006361404781669577,0.010444775880379559,1.0,1.0,1.0,0.00585,"3008.TW,9910.TW,2408.TW",2024,8765,3
2024-03-29,0.007745380461958236,0.0030109698950948616,0.028761112109840115,0.00838928595542896,0.8030807853761628,0.8030807853761629,0.8030807853761628,0.004698022594450553,"3231.TW,3017.TW,2382.TW,2379.TW,2317.TW,2308.TW,2345.TW,1590.TW,2408.TW,2395.TW,2892.TW,2609.TW,2887.TW,2615.TW,1102.TW",2024,8765,15
2024-03-29,0.020636221204222285,0.014665499310177577,0.028761112109840115,0.00838928595542896,1.0,1.0,1.0,0.00585,"3231.TW,3017.TW,2382.TW,2379.TW,2317.TW",2024,8765,5
2024-03-29,0.007087185477344704,0.0017648824910676542,0.028761112109840115,0.00838928595542896,0.9033928694449029,0.9033928694449027,0.9033928694449028,0.005284848286252681,"3231.TW,3017.TW,2382.TW,2379.TW,2317.TW,2308.TW,2345.TW,1590.TW,2408.TW,2395.TW",2024,8765,10
2024-03-29,0.005956697254414726,0.002683263595440577,0.028761112109840115,0.00838928595542896,0.5562479088350284,0.5562479088350285,0.5562479088350285,0.003254050266684917,"3231.TW,3017.TW,2382.TW,2379.TW,2317.TW,2308.TW,2345.TW,1590.TW,2408.TW,2395.TW,2892.TW,2609.TW,2887.TW,2615.TW,1102.TW,2303.TW,5871.TW,5876.TW,1216.TW,2207.TW",2024,8765,20
2024-03-29,0.01197173279819519,0.006051698161325669,0.028761112109840115,0.00838928595542896,1.0,1.0,1.0,0.00585,"3231.TW,3017.TW,2382.TW",2024,8765,3
2024-04-09,-0.03976651377620426,-0.04285701940905895,-0.041781921029851676,-0.04023621009027836,0.550169900082636,0.5501699000826361,0.5501699000826361,0.003218493915483421,"2345.TW,6669.TW,3017.TW,3008.TW,2454.TW,1590.TW,2379.TW,2002.TW,3231.TW,2603.TW,5871.TW,3037.TW,2887.TW,3034.TW,4904.TW,3045.TW,2303.TW,1102.TW,2327.TW,2912.TW",2024,8765,20
2024-04-09,-0.03476330475616659,-0.0385277278676176,-0.041781921029851676,-0.04023621009027836,0.6666666666666666,0.6666666666666667,0.6666666666666667,0.0039000000000000003,"2345.TW,6669.TW,3017.TW",2024,8765,3
2024-04-09,-0.051750320170954114,-0.05618812867255407,-0.041781921029851676,-0.04023621009027836,0.8,0.8,0.8,0.00468,"2345.TW,6669.TW,3017.TW,3008.TW,2454.TW",2024,8765,5
2024-04-09,-0.04471442437639494,-0.04806979702915015,-0.041781921029851676,-0.04023621009027836,0.6004151946453603,0.6004151946453604,0.6004151946453604,0.0035124288886753583,"2345.TW,6669.TW,3017.TW,3008.TW,2454.TW,1590.TW,2379.TW,2002.TW,3231.TW,2603.TW,5871.TW,3037.TW,2887.TW,3034.TW,4904.TW",2024,8765,15
2024-04-09,-0.05166079307940101,-0.05443503921599291,-0.041781921029851676,-0.04023621009027836,0.5000638013891935,0.5000638013891934,0.5000638013891934,0.0029253732381267815,"2345.TW,6669.TW,3017.TW,3008.TW,2454.TW,1590.TW,2379.TW,2002.TW,3231.TW,2603.TW",2024,8765,10
2024-04-16,0.008897772033776553,0.004143513796172282,-0.012504078386049722,0.008454218853654003,0.8055263262119841,0.805526326211984,0.8055263262119841,0.004712329008340107,"2317.TW,2330.TW,6669.TW,1590.TW,2885.TW,1101.TW,2382.TW,2882.TW,2308.TW,2327.TW,2883.TW,3231.TW,1102.TW,2912.TW,2618.TW",2024,8765,15
2024-04-16,0.0006087822439292522,-0.004082087466071971,-0.012504078386049722,0.008454218853654003,0.8013702101309584,0.8013702101309587,0.8013702101309585,0.004688015729266108,"2317.TW,2330.TW,6669.TW,1590.TW,2885.TW,1101.TW,2382.TW,2882.TW,2308.TW,2327.TW",2024,8765,10
2024-04-16,-0.020561243849692157,-0.024413222658257516,-0.012504078386049722,0.008454218853654003,0.6722808464126435,0.6722808464126436,0.6722808464126435,0.0039328429515139655,"2317.TW,2330.TW,6669.TW",2024,8765,3
2024-04-16,-0.006806797256016516,-0.011454941444858369,-0.012504078386049722,0.008454218853654003,0.8,0.8,0.8,0.00468,"2317.TW,2330.TW,6669.TW,1590.TW,2885.TW",2024,8765,5
2024-04-16,0.006800350043520316,0.0038266208174915217,-0.012504078386049722,0.008454218853654003,0.5048963105795158,0.5048963105795161,0.5048963105795159,0.002953643416890169,"2317.TW,2330.TW,6669.TW,1590.TW,2885.TW,1101.TW,2382.TW,2882.TW,2308.TW,2327.TW,2883.TW,3231.TW,1102.TW,2912.TW,2618.TW,2884.TW,3045.TW,3017.TW,3034.TW,4904.TW",2024,8765,20
2024-04-23,0.03405742816674402,0.03042788659387874,0.021753348659983462,0.020857513880510256,0.6000000000000001,0.6,0.6000000000000001,0.00351,"2317.TW,2885.TW,2891.TW,2882.TW,1102.TW",2024,8765,5
2024-04-23,0.018440783119450604,0.016803469211946087,0.021753348659983462,0.020857513880510256,0.27481491695006943,0.27481491695006943,0.27481491695006943,0.0016076672641579062,"2317.TW,2885.TW,2891.TW,2882.TW,1102.TW,3231.TW,2884.TW,2618.TW,2412.TW,2912.TW,2382.TW,2327.TW,2330.TW,2002.TW,1101.TW",2024,8765,15
2024-04-23,0.013165347808065402,0.011649474944540605,0.021753348659983462,0.020857513880510256,0.25575644387668073,0.25575644387668056,0.2557564438766806,0.0014961751966785816,"2317.TW,2885.TW,2891.TW,2882.TW,1102.TW,3231.TW,2884.TW,2618.TW,2412.TW,2912.TW,2382.TW,2327.TW,2330.TW,2002.TW,1101.TW,3045.TW,1216.TW,2883.TW,5880.TW,4904.TW",2024,8765,20
2024-04-23,0.02324171388503753,0.019051174914201052,0.021753348659983462,0.020857513880510256,0.700060834391215,0.700060834391215,0.700060834391215,0.004095355881188608,"2317.TW,2885.TW,2891.TW,2882.TW,1102.TW,3231.TW,2884.TW,2618.TW,2412.TW,2912.TW",2024,8765,10
2024-04-23,0.04273121408808185,0.03866456235313831,0.021753348659983462,0.020857513880510256,0.6666666666666666,0.6666666666666667,0.6666666666666667,0.0039000000000000003,"2317.TW,2885.TW,2891.TW",2024,8765,3
2024-04-30,0.027326994429220434,0.024015937261217646,0.02160784228188528,0.019749779721393676,0.550937219950628,0.5509372199506278,0.5509372199506279,0.0032229827367111735,"3017.TW,2382.TW,3037.TW,2345.TW,2891.TW,2317.TW,2880.TW,2618.TW,2884.TW,2603.TW,1102.TW,2887.TW,1590.TW,2882.TW,2609.TW,5880.TW,3034.TW,6669.TW,2454.TW,2330.TW",2024,8765,20
2024-04-30,0.02669810119599118,0.023489478874479497,0.02160784228188528,0.019749779721393676,0.5342197940005334,0.5342197940005334,0.5342197940005334,0.0031251857949031207,"3017.TW,2382.TW,3037.TW,2345.TW,2891.TW,2317.TW,2880.TW,2618.TW,2884.TW,2603.TW,1102.TW,2887.TW,1590.TW,2882.TW,2609.TW",2024,8765,15
2024-04-30,0.037907426213519446,0.03425493500341714,0.02160784228188528,0.019749779721393676,0.601554104001479,0.6015541040014791,0.6015541040014791,0.003519091508408653,"3017.TW,2382.TW,3037.TW,2345.TW,2891.TW,2317.TW,2880.TW,2618.TW,2884.TW,2603.TW",2024,8765,10
2024-04-30,0.05831605275234941,0.05212490384374813,0.02160784228188528,0.019749779721393676,1.0,1.0,1.0,0.00585,"3017.TW,2382.TW,3037.TW",2024,8765,3
2024-04-30,0.04244835725929517,0.03756969894732154,0.02160784228188528,0.019749779721393676,0.8,0.8,0.8,0.00468,"3017.TW,2382.TW,3037.TW,2345.TW,2891.TW",2024,8765,5
2024-05-08,0.073151277893228,0.06931701907776744,0.05101094421136598,0.03620942058945051,0.6107515975104781,0.6107515975104784,0.6107515975104783,0.003572896845436298,"6669.TW,2603.TW,3017.TW,3037.TW,2317.TW,2412.TW,2615.TW,2002.TW,1102.TW,2882.TW",2024,8765,10
2024-05-08,0.08051415809725736,0.07628735281942078,0.05101094421136598,0.03620942058945051,0.6686916698958806,0.6686916698958806,0.6686916698958806,0.003911846268890902,"6669.TW,2603.TW,3017.TW",2024,8765,3
2024-05-08,0.05214565357650482,0.04845262233245129,0.05101094421136598,0.03620942058945051,0.6000000000000001,0.6000000000000002,0.6000000000000001,0.0035100000000000014,"6669.TW,2603.TW,3017.TW,3037.TW,2317.TW",2024,8765,5
2024-05-08,0.04861516389928183,0.04550791599170956,0.05101094421136598,0.03620942058945051,0.506528521387007,0.506528521387007,0.506528521387007,0.002963191850113991,"6669.TW,2603.TW,3017.TW,3037.TW,2317.TW,2412.TW,2615.TW,2002.TW,1102.TW,2882.TW,3045.TW,2892.TW,2357.TW,2884.TW,2880.TW,2891.TW,2881.TW,1326.TW,1303.TW,5876.TW",2024,8765,20
2024-05-08,0.057826528092761065,0.054885772357615714,0.05101094421136598,0.03620942058945051,0.475213349929278,0.4752133499292778,0.4752133499292779,0.0027799980970862753,"6669.TW,2603.TW,3017.TW,3037.TW,2317.TW,2412.TW,2615.TW,2002.TW,1102.TW,2882.TW,3045.TW,2892.TW,2357.TW,2884.TW,2880.TW",2024,8765,15
2024-05-15,0.005538814523846478,0.003112793758081489,0.007990385206030792,-0.0026243703124485163,0.41242008604178115,0.41242008604178126,0.4124200860417812,0.0024126575033444203,"3231.TW,6669.TW,2603.TW,2357.TW,2382.TW,3017.TW,2615.TW,2609.TW,2882.TW,2317.TW",2024,8765,10
2024-05-15,-0.004909902007283,-0.008052237511446236,0.007990385206030792,-0.0026243703124485163,0.5398017418890619,0.5398017418890619,0.5398017418890619,0.003157840190051012,"3231.TW,6669.TW,2603.TW,2357.TW,2382.TW,3017.TW,2615.TW,2609.TW,2882.TW,2317.TW,5871.TW,2881.TW,3008.TW,1590.TW,9910.TW",2024,8765,15
2024-05-15,0.007709113173726156,0.0041720541864862515,0.007990385206030792,-0.0026243703124485163,0.6000000000000001,0.6,0.6000000000000001,0.00351,"3231.TW,6669.TW,2603.TW,2357.TW,2382.TW",2024,8765,5
2024-05-15,-0.0002971086334517441,-0.002246529271616504,0.007990385206030792,-0.0026243703124485163,0.3333333333333333,0.3333333333333333,0.3333333333333333,0.00195,"3231.TW,6669.TW,2603.TW",2024,8765,3
2024-05-15,-0.0016742119813722774,-0.004643962433824922,0.007990385206030792,-0.0026243703124485163,0.5085009884392866,0.5085009884392865,0.5085009884392866,0.002974730782369826,"3231.TW,6669.TW,2603.TW,2357.TW,2382.TW,3017.TW,2615.TW,2609.TW,2882.TW,2317.TW,5871.TW,2881.TW,3008.TW,1590.TW,9910.TW,5876.TW,2883.TW,3045.TW,2345.TW,4904.TW",2024,8765,20
2024-05-22,0.06808680512182777,0.06183849731186508,-0.013505624115530801,0.0003854670320893683,1.0,1.0,1.0,0.00585,"2357.TW,2615.TW,2609.TW",2024,8765,3
2024-05-22,0.008205822396845912,0.005045156853807464,-0.013505624115530801,0.0003854670320893683,0.5358873121038525,0.5358873121038525,0.5358873121038525,0.0031349407758075373,"2357.TW,2615.TW,2609.TW,2603.TW,5871.TW,3008.TW,2207.TW,2912.TW,2412.TW,1301.TW,2345.TW,9910.TW,2395.TW,1326.TW,2885.TW",2024,8765,15
2024-05-22,0.050574860333295904,0.04688734257352589,-0.013505624115530801,0.0003854670320893683,0.6000000000000001,0.6000000000000001,0.6000000000000001,0.003510000000000001,"2357.TW,2615.TW,2609.TW,2603.TW,5871.TW",2024,8765,5
2024-05-22,0.00406516455844104,0.0008174627159645009,-0.013505624115530801,0.0003854670320893683,0.552915017582364,0.5529150175823644,0.5529150175823643,0.003234552852856831,"2357.TW,2615.TW,2609.TW,2603.TW,5871.TW,3008.TW,2207.TW,2912.TW,2412.TW,1301.TW,2345.TW,9910.TW,2395.TW,1326.TW,2885.TW,5880.TW,2886.TW,2379.TW,2382.TW,1102.TW",2024,8765,20
2024-05-22,0.021848303948841463,0.018261616401981096,-0.013505624115530801,0.0003854670320893683,0.6,0.5999999999999999,0.5999999999999999,0.0035099999999999992,"2357.TW,2615.TW,2609.TW,2603.TW,5871.TW,3008.TW,2207.TW,2912.TW,2412.TW,1301.TW",2024,8765,10
2024-05-29,0.01630213402667765,0.012140376787838303,0.02827396432976692,0.004246884876371433,0.7,0.7,0.7,0.004095,"2615.TW,1590.TW,2603.TW,2609.TW,3037.TW,1216.TW,6669.TW,2892.TW,5876.TW,1102.TW",2024,8765,10
2024-05-29,0.016057051520470433,0.011693845270027925,0.02827396432976692,0.004246884876371433,0.7340603770051894,0.7340603770051896,0.7340603770051894,0.004294253205480359,"2615.TW,1590.TW,2603.TW,2609.TW,3037.TW,1216.TW,6669.TW,2892.TW,5876.TW,1102.TW,4904.TW,2891.TW,2395.TW,2887.TW,2884.TW",2024,8765,15
2024-05-29,0.036929116938695716,0.03288509338263479,0.02827396432976692,0.004246884876371433,0.6666666666666666,0.6666666666666667,0.6666666666666667,0.0039000000000000003,"2615.TW,1590.TW,2603.TW",2024,8765,3
2024-05-29,0.011200945058548406,0.007901432634406236,0.02827396432976692,0.004246884876371433,0.5577716482152013,0.5577716482152013,0.5577716482152013,0.0032629641420589277,"2615.TW,1590.TW,2603.TW,2609.TW,3037.TW,1216.TW,6669.TW,2892.TW,5876.TW,1102.TW,4904.TW,2891.TW,2395.TW,2887.TW,2884.TW,5880.TW,1101.TW,2885.TW,2345.TW,1326.TW",2024,8765,20
2024-05-29,0.032827961092089214,0.030405129337604864,0.02827396432976692,0.004246884876371433,0.40099541247209264,0.4009954124720927,0.4009954124720927,0.002345823162961742,"2615.TW,1590.TW,2603.TW,2609.TW,3037.TW",2024,8765,5
2024-06-05,-0.00855420717042584,-0.01261826935023469,0.035890057826718724,0.013434091055723423,0.70070546342762,0.7007054634276199,0.70070546342762,0.004099126961051577,"2603.TW,2615.TW,3017.TW,2357.TW,2609.TW,2317.TW,2303.TW,2379.TW,2618.TW,3231.TW",2024,8765,10
2024-06-05,0.011106146413318049,0.007535511081465218,0.035890057826718724,0.013434091055723423,0.6036606702046913,0.603660670204691,0.6036606702046912,0.003531414920697443,"2603.TW,2615.TW,3017.TW,2357.TW,2609.TW,2317.TW,2303.TW,2379.TW,2618.TW,3231.TW,2885.TW,2454.TW,3711.TW,2345.TW,2308.TW,1590.TW,2382.TW,2412.TW,6669.TW,3037.TW",2024,8765,20
2024-06-05,0.010142898224064733,0.005412744602228514,0.035890057826718724,0.013434091055723423,0.8004543417683819,0.800454341768382,0.800454341768382,0.004682657899345035,"2603.TW,2615.TW,3017.TW,2357.TW,2609.TW,2317.TW,2303.TW,2379.TW,2618.TW,3231.TW,2885.TW,2454.TW,3711.TW,2345.TW,2308.TW",2024,8765,15
2024-06-05,-0.05149038133247846,-0.053735354220407316,0.035890057826718724,0.013434091055723423,0.4045884634862202,0.4045884634862199,0.40458846348622,0.002366842511394387,"2603.TW,2615.TW,3017.TW,2357.TW,2609.TW",2024,8765,5
2024-06-05,-0.050044923346967196,-0.051946992765289024,0.035890057826718724,0.013434091055723423,0.34226889197073274,0.3422688919707328,0.34226889197073274,0.002002273018028787,"2603.TW,2615.TW,3017.TW",2024,8765,3
2024-06-13,0.041646221172297895,0.03753058877455406,0.04554348075309744,0.03166193753160399,0.6753990858868099,0.6753990858868097,0.6753990858868097,0.003951084652437838,"3008.TW,2891.TW,9910.TW,2882.TW,2330.TW,2883.TW,2317.TW,2395.TW,2880.TW,2881.TW,2887.TW,2618.TW,2454.TW,3017.TW,2603.TW",2024,8765,15
2024-06-13,0.04978927059417929,0.04364800336120345,0.04554348075309744,0.03166193753160399,1.0,1.0,1.0,0.00585,"3008.TW,2891.TW,9910.TW",2024,8765,3
2024-06-13,0.044818363328598926,0.03870617590312664,0.04554348075309744,0.03166193753160399,1.0,1.0,1.0,0.00585,"3008.TW,2891.TW,9910.TW,2882.TW,2330.TW",2024,8765,5
2024-06-13,0.04392029669380366,0.038424056331710865,0.04554348075309744,0.03166193753160399,0.8999999999999999,0.8999999999999999,0.8999999999999999,0.005265,"3008.TW,2891.TW,9910.TW,2882.TW,2330.TW,2883.TW,2317.TW,2395.TW,2880.TW,2881.TW",2024,8765,10
2024-06-13,0.03352414991091681,0.029248699742778994,0.04554348075309744,0.03166193753160399,0.7071399179696475,0.7071399179696477,0.7071399179696476,0.004136768520122439,"3008.TW,2891.TW,9910.TW,2882.TW,2330.TW,2883.TW,2317.TW,2395.TW,2880.TW,2881.TW,2887.TW,2618.TW,2454.TW,3017.TW,2603.TW,1301.TW,1101.TW,3045.TW,2412.TW,1303.TW",2024,8765,20
2024-06-20,-0.06198081370197461,-0.06746822594181812,-0.009620537324805944,-0.01655537711899393,1.0,1.0,1.0,0.00585,"2615.TW,6669.TW,2408.TW,2454.TW,2609.TW",2024,8765,5
2024-06-20,-0.02046441801161449,-0.024686301541267497,-0.009620537324805944,-0.01655537711899393,0.7367670001159184,0.7367670001159182,0.7367670001159183,0.0043100869506781225,"2615.TW,6669.TW,2408.TW,2454.TW,2609.TW,2887.TW,1590.TW,3045.TW,2330.TW,1101.TW,2308.TW,3711.TW,2892.TW,2891.TW,1216.TW",2024,8765,15
2024-06-20,-0.07390903379304788,-0.07932666594535864,-0.009620537324805944,-0.01655537711899393,1.0,1.0,1.0,0.00585,"2615.TW,6669.TW,2408.TW",2024,8765,3
2024-06-20,-0.03354351170857356,-0.038631905119427934,-0.009620537324805944,-0.01655537711899393,0.8999999999999999,0.8999999999999999,0.8999999999999999,0.005265,"2615.TW,6669.TW,2408.TW,2454.TW,2609.TW,2887.TW,1590.TW,3045.TW,2330.TW,1101.TW",2024,8765,10
2024-06-20,-0.012604704787770682,-0.015525545436116506,-0.009620537324805944,-0.01655537711899393,0.505662729140235,0.5056627291402352,0.5056627291402351,0.0029581269654703757,"2615.TW,6669.TW,2408.TW,2454.TW,2609.TW,2887.TW,1590.TW,3045.TW,2330.TW,1101.TW,2308.TW,3711.TW,2892.TW,2891.TW,1216.TW,2880.TW,2886.TW,2317.TW,2412.TW,3008.TW",2024,8765,20
2024-06-27,0.021774480106557338,0.01931749467313515,0.03939557598191801,0.024664429598482748,0.411047171527433,0.411047171527433,0.411047171527433,0.002404625953435483,"2609.TW,2615.TW,6669.TW,2379.TW,5871.TW",2024,8765,5
2024-06-27,0.0212558335357743,0.01681032147021222,0.03939557598191801,0.024664429598482748,0.7441001240333628,0.744100124033363,0.7441001240333629,0.0043529857255951735,"2609.TW,2615.TW,6669.TW,2379.TW,5871.TW,2317.TW,3037.TW,2382.TW,3231.TW,2882.TW,2885.TW,2357.TW,2207.TW,1326.TW,1590.TW",2024,8765,15
2024-06-27,0.02706579647327053,0.022788156860771736,0.03939557598191801,0.024664429598482748,0.7119509276736283,0.7119509276736286,0.7119509276736284,0.004164912926890727,"2609.TW,2615.TW,6669.TW,2379.TW,5871.TW,2317.TW,3037.TW,2382.TW,3231.TW,2882.TW",2024,8765,10
2024-06-27,0.020190569985174284,0.015944996949337042,0.03939557598191801,0.024664429598482748,0.711375895677576,0.711375895677576,0.711375895677576,0.00416154898971382,"2609.TW,2615.TW,6669.TW,2379.TW,5871.TW,2317.TW,3037.TW,2382.TW,3231.TW,2882.TW,2885.TW,2357.TW,2207.TW,1326.TW,1590.TW,2454.TW,1303.TW,2327.TW,2303.TW,3034.TW",2024,8765,20
2024-06-27,0.01287804822919092,0.010817873634078712,0.03939557598191801,0.024664429598482748,0.3476890412135823,0.3476890412135823,0.3476890412135823,0.0020339808910994563,"2609.TW,2615.TW,6669.TW",2024,8765,3
2024-07-04,-0.029644134280486695,-0.03280808401382218,0.029075702659907554,-0.0013095648928477543,0.5573688245409129,0.5573688245409129,0.5573688245409129,0.0032606076235643404,"2615.TW,2609.TW,9910.TW,2883.TW,3008.TW,2408.TW,2603.TW,1590.TW,1326.TW,2882.TW,6669.TW,1303.TW,4904.TW,3045.TW,5876.TW,2886.TW,3037.TW,1301.TW,3034.TW,2884.TW",2024,8765,20
2024-07-04,-0.03163255532774725,-0.035136210081000874,0.029075702659907554,-0.0013095648928477543,0.6184794271344125,0.6184794271344125,0.6184794271344125,0.0036181046487363134,"2615.TW,2609.TW,9910.TW,2883.TW,3008.TW",2024,8765,5
2024-07-04,-0.029082092278657726,-0.033116063505822746,0.029075702659907554,-0.0013095648928477543,0.7102224870459714,0.7102224870459714,0.7102224870459714,0.004154801549218932,"2615.TW,2609.TW,9910.TW,2883.TW,3008.TW,2408.TW,2603.TW,1590.TW,1326.TW,2882.TW",2024,8765,10
2024-07-04,-0.08142511364861123,-0.0833518263067764,0.029075702659907554,-0.0013095648928477543,0.3585473498492312,0.3585473498492311,0.35854734984923115,0.002097501996618002,"2615.TW,2609.TW,9910.TW",2024,8765,3
2024-07-04,-0.04093219089172031,-0.04435012869028676,0.029075702659907554,-0.0013095648928477543,0.6091987094145596,0.6091987094145598,0.6091987094145597,0.0035638124500751746,"2615.TW,2609.TW,9910.TW,2883.TW,3008.TW,2408.TW,2603.TW,1590.TW,1326.TW,2882.TW,6669.TW,1303.TW,4904.TW,3045.TW,5876.TW",2024,8765,15
2024-07-11,0.008469030028761163,0.002569486203092719,-0.04281288434350139,-0.012074025530439436,1.0,1.0,1.0,0.00585,"3037.TW,2408.TW,4904.TW,6669.TW,3045.TW",2024,8765,5
2024-07-11,0.038238275171894334,0.032164581262138725,-0.04281288434350139,-0.012074025530439436,1.0,1.0,1.0,0.00585,"3037.TW,2408.TW,4904.TW",2024,8765,3
2024-07-11,-0.0023961714614347592,-0.004067014728632801,-0.04281288434350139,-0.012074025530439436,0.2863002582171955,0.2863002582171954,0.28630025821719546,0.0016748565105705934,"3037.TW,2408.TW,4904.TW,6669.TW,3045.TW,1590.TW,3017.TW,2603.TW,2382.TW,1301.TW,1303.TW,5876.TW,2883.TW,3008.TW,2609.TW",2024,8765,15
2024-07-11,-0.00020307870279203072,-0.0017759210148344806,-0.04281288434350139,-0.012074025530439436,0.26891654490557715,0.2689165449055771,0.26891654490557715,0.001573161787697626,"3037.TW,2408.TW,4904.TW,6669.TW,3045.TW,1590.TW,3017.TW,2603.TW,2382.TW,1301.TW,1303.TW,5876.TW,2883.TW,3008.TW,2609.TW,9910.TW,1326.TW,2317.TW,2892.TW,2002.TW",2024,8765,20
2024-07-11,-0.003605604752396784,-0.00774661834143997,-0.04281288434350139,-0.012074025530439436,0.7104270900687881,0.7104270900687883,0.7104270900687882,0.004155998476902412,"3037.TW,2408.TW,4904.TW,6669.TW,3045.TW,1590.TW,3017.TW,2603.TW,2382.TW,1301.TW",2024,8765,10
2024-07-18,-0.03447729651558543,-0.04012560433096923,-0.050331062180390296,-0.035624347599682415,0.9999999999999999,1.0,1.0,0.00585,"3008.TW,2308.TW,2882.TW,2330.TW,2881.TW,2883.TW,3711.TW,2317.TW,1102.TW,2887.TW",2024,8765,10
2024-07-18,-0.04660225560112505,-0.050729382608153406,-0.050331062180390296,-0.035624347599682415,0.7399763637137969,0.7399763637137972,0.739976363713797,0.004328861727725713,"3008.TW,2308.TW,2882.TW,2330.TW,2881.TW,2883.TW,3711.TW,2317.TW,1102.TW,2887.TW,2327.TW,2382.TW,2891.TW,2912.TW,3037.TW",2024,8765,15
2024-07-18,-0.03970886202998256,-0.043974974686846635,-0.050331062180390296,-0.035624347599682415,0.7594051407742444,0.7594051407742444,0.7594051407742444,0.0044425200735293295,"3008.TW,2308.TW,2882.TW,2330.TW,2881.TW,2883.TW,3711.TW,2317.TW,1102.TW,2887.TW,2327.TW,2382.TW,2891.TW,2912.TW,3037.TW,2885.TW,2880.TW,2454.TW,2884.TW,1216.TW",2024,8765,20
2024-07-18,-0.03227002028457413,-0.03793124066590936,-0.050331062180390296,-0.035624347599682415,1.0,1.0000000000000002,1.0,0.005850000000000001,"3008.TW,2308.TW,2882.TW,2330.TW,2881.TW",2024,8765,5
2024-07-18,-0.03192420500852703,-0.03758744840922712,-0.050331062180390296,-0.035624347599682415,1.0,0.9999999999999999,1.0,0.005849999999999999,"3008.TW,2308.TW,2882.TW",2024,8765,3
2024-07-29,-0.048957940033891915,-0.05452153608469357,-0.06666665453605702,-0.04740842430523112,1.0,1.0,1.0,0.00585,"2880.TW,1216.TW,1101.TW,1326.TW,2892.TW",2024,8765,5
2024-07-29,-0.04196133091492975,-0.04533345101543729,-0.06666665453605702,-0.04740842430523112,0.6016779959018183,0.6016779959018181,0.6016779959018181,0.0035198162760256366,"2880.TW,1216.TW,1101.TW,1326.TW,2892.TW,5880.TW,1301.TW,1303.TW,4904.TW,2912.TW,2886.TW,2207.TW,2882.TW,3045.TW,2887.TW,2412.TW,2317.TW,5871.TW,2881.TW,3008.TW",2024,8765,20
2024-07-29,-0.041490674118517354,-0.04709795367492409,-0.06666665453605702,-0.04740842430523112,0.9999999999999999,1.0,1.0,0.00585,"2880.TW,1216.TW,1101.TW,1326.TW,2892.TW,5880.TW,1301.TW,1303.TW,4904.TW,2912.TW",2024,8765,10
2024-07-29,-0.04403904142412887,-0.049631413031797744,-0.06666665453605702,-0.04740842430523112,1.0,1.0,1.0,0.00585,"2880.TW,1216.TW,1101.TW",2024,8765,3
2024-07-29,-0.04102641304932323,-0.0455144094362524,-0.06666665453605702,-0.04740842430523112,0.7999999999999999,0.8000000000000002,0.8,0.00468,"2880.TW,1216.TW,1101.TW,1326.TW,2892.TW,5880.TW,1301.TW,1303.TW,4904.TW,2912.TW,2886.TW,2207.TW,2882.TW,3045.TW,2887.TW",2024,8765,15
2024-08-05,0.0773145278848617,0.07101223789673528,0.07172742190128711,0.0500827761549931,1.0,1.0,1.0,0.00585,"3017.TW,3037.TW,2308.TW",2024,8765,3
2024-08-05,0.07044800493156585,0.0641858841027163,0.07172742190128711,0.0500827761549931,0.9999999999999999,0.9999999999999999,0.9999999999999999,0.005849999999999999,"3017.TW,3037.TW,2308.TW,3711.TW,2327.TW,6669.TW,2382.TW,2317.TW,2454.TW,2408.TW",2024,8765,10
2024-08-05,0.07384690705411506,0.06878669334570908,0.07172742190128711,0.0500827761549931,0.8055094172423891,0.8055094172423888,0.8055094172423889,0.004712230090867975,"3017.TW,3037.TW,2308.TW,3711.TW,2327.TW,6669.TW,2382.TW,2317.TW,2454.TW,2408.TW,2330.TW,2345.TW,3231.TW,1590.TW,2357.TW,2618.TW,2881.TW,3008.TW,2882.TW,2615.TW",2024,8765,20
2024-08-05,0.0792890496356209,0.07297520869525242,0.07172742190128711,0.0500827761549931,1.0,0.9999999999999999,1.0,0.005849999999999999,"3017.TW,3037.TW,2308.TW,3711.TW,2327.TW",2024,8765,5
2024-08-05,0.07917225797064423,0.07285910026151599,0.07172742190128711,0.0500827761549931,0.9999999999999999,0.9999999999999998,0.9999999999999998,0.005849999999999999,"3017.TW,3037.TW,2308.TW,3711.TW,2327.TW,6669.TW,2382.TW,2317.TW,2454.TW,2408.TW,2330.TW,2345.TW,3231.TW,1590.TW,2357.TW",2024,8765,15
2024-08-12,0.027962526578592127,0.024951503621244653,0.0295593644067087,0.018769397317893132,0.5007038347466578,0.5007038347466578,0.5007038347466578,0.002929117433267948,"2609.TW,2357.TW,6669.TW,3231.TW,3711.TW,2345.TW,2330.TW,2454.TW,3017.TW,3037.TW",2024,8765,10
2024-08-12,0.017400562059160473,0.012639127428723418,0.0295593644067087,0.018769397317893132,0.8,0.8,0.8,0.00468,"2609.TW,2357.TW,6669.TW,3231.TW,3711.TW",2024,8765,5
2024-08-12,0.0153865302877089,0.009446519085525962,0.0295593644067087,0.018769397317893132,1.0,1.0000000000000002,1.0,0.005850000000000001,"2609.TW,2357.TW,6669.TW",2024,8765,3
2024-08-12,0.031160002194460915,0.02989564885440421,0.0295593644067087,0.018769397317893132,0.2095977109450589,0.20959771094505905,0.20959771094505897,0.0012261466090285954,"2609.TW,2357.TW,6669.TW,3231.TW,3711.TW,2345.TW,2330.TW,2454.TW,3017.TW,3037.TW,2308.TW,9910.TW,2382.TW,2327.TW,1590.TW,1301.TW,3008.TW,2408.TW,3034.TW,2317.TW",2024,8765,20
2024-08-12,0.026285055636067933,0.025458074673711195,0.0295593644067087,0.018769397317893132,0.1377436671158399,0.1377436671158399,0.1377436671158399,0.0008058004526276634,"2609.TW,2357.TW,6669.TW,3231.TW,3711.TW,2345.TW,2330.TW,2454.TW,3017.TW,3037.TW,2308.TW,9910.TW,2382.TW,2327.TW,1590.TW",2024,8765,15
2024-08-19,-0.0024399702859976957,-0.007145807024551698,-0.02275192530403891,-0.00652292757908761,0.8063840897229928,0.8063840897229929,0.8063840897229928,0.004717346924879509,"3037.TW,1590.TW,6669.TW,2881.TW,2317.TW",2024,8765,5
2024-08-19,0.007802817901005454,0.003813429953423819,-0.02275192530403891,-0.00652292757908761,0.6766667502742237,0.6766667502742238,0.6766667502742238,0.00395850048910421,"3037.TW,1590.TW,6669.TW",2024,8765,3
2024-08-19,-0.00239278948244445,-0.0059353506296689895,-0.02275192530403891,-0.00652292757908761,0.607018475496365,0.6070184754963652,0.6070184754963651,0.003551058081653736,"3037.TW,1590.TW,6669.TW,2881.TW,2317.TW,2357.TW,2609.TW,2327.TW,2408.TW,1301.TW,1303.TW,2883.TW,1102.TW,1326.TW,2002.TW",2024,8765,15
2024-08-19,-0.002121031739750345,-0.005671717828294565,-0.02275192530403891,-0.00652292757908761,0.6082449938681836,0.6082449938681836,0.6082449938681836,0.0035582332141288744,"3037.TW,1590.TW,6669.TW,2881.TW,2317.TW,2357.TW,2609.TW,2327.TW,2408.TW,1301.TW",2024,8765,10
2024-08-19,-0.005533585289995081,-0.008495870889877577,-0.02275192530403891,-0.00652292757908761,0.5091912600841314,0.5091912600841314,0.5091912600841314,0.002978768871492169,"3037.TW,1590.TW,6669.TW,2881.TW,2317.TW,2357.TW,2609.TW,2327.TW,2408.TW,1301.TW,1303.TW,2883.TW,1102.TW,1326.TW,2002.TW,3711.TW,2882.TW,2303.TW,4904.TW,2603.TW",2024,8765,20
2024-08-26,-0.0056229289909615725,-0.009154069126202091,0.0033259957996416567,-0.002352408609537695,0.6070269678676176,0.6070269678676176,0.6070269678676176,0.003551107762025563,"2615.TW,3017.TW,6669.TW,2609.TW,3231.TW,2408.TW,5871.TW,1102.TW,2317.TW,5880.TW,2891.TW,2880.TW,1216.TW,2883.TW,3008.TW,2303.TW,3045.TW,2603.TW,3034.TW,2618.TW",2024,8765,20
2024-08-26,-0.008248445313542062,-0.011778566232714116,0.0033259957996416567,-0.002352408609537695,0.6084583084455144,0.6084583084455145,0.6084583084455144,0.0035594811044062594,"2615.TW,3017.TW,6669.TW,2609.TW,3231.TW,2408.TW,5871.TW,1102.TW,2317.TW,5880.TW,2891.TW,2880.TW,1216.TW,2883.TW,3008.TW",2024,8765,15
2024-08-26,-0.016733673811438563,-0.020258130634376315,0.0033259957996416567,-0.002352408609537695,0.6127243817243363,0.6127243817243364,0.6127243817243364,0.003584437633087368,"2615.TW,3017.TW,6669.TW,2609.TW,3231.TW,2408.TW,5871.TW,1102.TW,2317.TW,5880.TW",2024,8765,10
2024-08-26,-0.03028403341637716,-0.03413800414387913,0.0033259957996416567,-0.002352408609537695,0.6793725561502175,0.6793725561502175,0.6793725561502175,0.003974329453478772,"2615.TW,3017.TW,6669.TW",2024,8765,3
2024-08-26,-0.026422030555656374,-0.031010544629580084,0.0033259957996416567,-0.002352408609537695,0.8056482426420912,0.805648242642091,0.8056482426420911,0.0047130422194562325,"2615.TW,3017.TW,6669.TW,2609.TW,3231.TW",2024,8765,5
2024-09-02,-0.06705496057388732,-0.06927282255011835,-0.04198901066589522,-0.04238334805122396,0.4063708892989628,0.4063708892989628,0.4063708892989628,0.0023772697023989324,"3017.TW,6669.TW,2454.TW,2408.TW,2609.TW",2024,8765,5
2024-09-02,-0.06977768247728755,-0.07164229594087124,-0.04198901066589522,-0.04238334805122396,0.3426464170964765,0.34264641709647653,0.3426464170964765,0.0020044815400143876,"3017.TW,6669.TW,2454.TW",2024,8765,3
2024-09-02,-0.0688397340386016,-0.07188222671998601,-0.04198901066589522,-0.04238334805122396,0.5585335178612947,0.5585335178612949,0.5585335178612948,0.003267421079488575,"3017.TW,6669.TW,2454.TW,2408.TW,2609.TW,2615.TW,3231.TW,2345.TW,2603.TW,3711.TW,2382.TW,1326.TW,2317.TW,3037.TW,1303.TW,5876.TW,3008.TW,1301.TW,9910.TW,1590.TW",2024,8765,20
2024-09-02,-0.06641129798910061,-0.06936815104005623,-0.04198901066589522,-0.04238334805122396,0.5414000457445656,0.5414000457445656,0.5414000457445656,0.0031671902676057087,"3017.TW,6669.TW,2454.TW,2408.TW,2609.TW,2615.TW,3231.TW,2345.TW,2603.TW,3711.TW,2382.TW,1326.TW,2317.TW,3037.TW,1303.TW",2024,8765,15
2024-09-02,-0.05085840586407839,-0.053121951604807593,-0.04198901066589522,-0.04238334805122396,0.4076640390029382,0.4076640390029382,0.4076640390029382,0.0023848346281671886,"3017.TW,6669.TW,2454.TW,2408.TW,2609.TW,2615.TW,3231.TW,2345.TW,2603.TW,3711.TW",2024,8765,10
2024-09-09,0.0004190720508740662,-0.005433379520623505,0.029411795902210436,0.0196645353062435,1.0,0.9999999999999999,1.0,0.005849999999999999,"2881.TW,1102.TW,4904.TW",2024,8765,3
2024-09-09,0.010648361715100379,0.005127617039460519,0.029411795902210436,0.0196645353062435,0.9337738765730428,0.9337738765730428,0.9337738765730428,0.0054625771779523,"2881.TW,1102.TW,4904.TW,2912.TW,2882.TW,3045.TW,1216.TW,2618.TW,6669.TW,2884.TW,2883.TW,2412.TW,2892.TW,2885.TW,5880.TW",2024,8765,15
2024-09-09,0.006047249057921556,0.00016187265093270398,0.029411795902210436,0.0196645353062435,1.0,1.0,1.0,0.00585,"2881.TW,1102.TW,4904.TW,2912.TW,2882.TW",2024,8765,5
2024-09-09,0.012332015278304433,0.007291839872319628,0.029411795902210436,0.0196645353062435,0.851073000225759,0.8510730002257587,0.8510730002257589,0.004978777051320689,"2881.TW,1102.TW,4904.TW,2912.TW,2882.TW,3045.TW,1216.TW,2618.TW,6669.TW,2884.TW,2883.TW,2412.TW,2892.TW,2885.TW,5880.TW,2327.TW,1590.TW,3711.TW,2303.TW,2357.TW",2024,8765,20
2024-09-09,0.012759100022276837,0.007413364146431345,0.029411795902210436,0.0196645353062435,0.9022886137462871,0.9022886137462872,0.9022886137462871,0.005278388390415781,"2881.TW,1102.TW,4904.TW,2912.TW,2882.TW,3045.TW,1216.TW,2618.TW,6669.TW,2884.TW",2024,8765,10
2024-09-16,0.042416989022300164,0.03875517037691423,0.05154057141719437,0.04155660952607379,0.6004812966270251,0.6004812966270252,0.6004812966270252,0.0035128155852680977,"2408.TW,2454.TW,3037.TW,2345.TW,1590.TW,3017.TW,2382.TW,1102.TW,2412.TW,3045.TW,2618.TW,2912.TW,3034.TW,2395.TW,1216.TW",2024,8765,15
2024-09-16,0.03741477063965547,0.03436393022503004,0.05154057141719437,0.04155660952607379,0.502702676640787,0.5027026766407869,0.5027026766407869,0.002940810658348604,"2408.TW,2454.TW,3037.TW,2345.TW,1590.TW,3017.TW,2382.TW,1102.TW,2412.TW,3045.TW,2618.TW,2912.TW,3034.TW,2395.TW,1216.TW,5880.TW,5876.TW,2891.TW,6669.TW,2892.TW",2024,8765,20
2024-09-16,0.03472946100982395,0.028676293662916352,0.05154057141719437,0.04155660952607379,1.0,0.9999999999999999,1.0,0.005849999999999999,"2408.TW,2454.TW,3037.TW",2024,8765,3
2024-09-16,0.06571732027133348,0.059482873947746207,0.05154057141719437,0.04155660952607379,1.0,0.9999999999999998,0.9999999999999999,0.005849999999999999,"2408.TW,2454.TW,3037.TW,2345.TW,1590.TW",2024,8765,5
2024-09-16,0.04651478282761128,0.04161140709043254,0.05154057141719437,0.04155660952607379,0.8009288549489211,0.8009288549489207,0.8009288549489209,0.004685433801451187,"2408.TW,2454.TW,3037.TW,2345.TW,1590.TW,3017.TW,2382.TW,1102.TW,2412.TW,3045.TW",2024,8765,10
2024-09-24,-0.0383405100086433,-0.04139568225446344,-0.019712312222314066,-0.015540019014991122,0.5430733761664907,0.5430733761664907,0.5430733761664907,0.0031769792505739703,"2408.TW,2615.TW,2609.TW,9910.TW,3045.TW,1102.TW,2345.TW,2412.TW,3711.TW,2618.TW,2884.TW,2891.TW,3037.TW,2882.TW,2603.TW",2024,8765,15
2024-09-24,-0.033750861949843246,-0.036909453012523796,-0.019712312222314066,-0.015540019014991122,0.5587897312635678,0.5587897312635678,0.5587897312635678,0.0032689199278918713,"2408.TW,2615.TW,2609.TW,9910.TW,3045.TW,1102.TW,2345.TW,2412.TW,3711.TW,2618.TW,2884.TW,2891.TW,3037.TW,2882.TW,2603.TW,2357.TW,3008.TW,2887.TW,3034.TW,2207.TW",2024,8765,20
2024-09-24,-0.03894565949816052,-0.043509339356118226,-0.019712312222314066,-0.015540019014991122,0.811729558006211,0.811729558006211,0.811729558006211,0.004748617914336335,"2408.TW,2615.TW,2609.TW,9910.TW,3045.TW",2024,8765,5
2024-09-24,-0.039860406537906415,-0.042740238230178695,-0.019712312222314066,-0.015540019014991122,0.5127159895373836,0.5127159895373835,0.5127159895373836,0.0029993885387936937,"2408.TW,2615.TW,2609.TW,9910.TW,3045.TW,1102.TW,2345.TW,2412.TW,3711.TW,2618.TW",2024,8765,10
2024-09-24,-0.03752864322599392,-0.04133944262128009,-0.019712312222314066,-0.015540019014991122,0.6768187909844139,0.6768187909844141,0.676818790984414,0.0039593899272588225,"2408.TW,2615.TW,2609.TW",2024,8765,3
2024-10-01,-0.042405451989307855,-0.044685420769978834,0.04402180115661869,0.0005234446867118625,0.4069971512638528,0.40699715126385283,0.40699715126385283,0.002380933334893539,"2615.TW,2408.TW,5871.TW,2609.TW,2603.TW",2024,8765,5
2024-10-01,-0.02060785250053215,-0.023704569205089232,0.04402180115661869,0.0005234446867118625,0.5404916551371283,0.5404916551371284,0.5404916551371284,0.003161876182552201,"2615.TW,2408.TW,5871.TW,2609.TW,2603.TW,3037.TW,4904.TW,2395.TW,9910.TW,2881.TW,2379.TW,5876.TW,2327.TW,2207.TW,3045.TW",2024,8765,15
2024-10-01,-0.06777783551811556,-0.06959566873885525,0.04402180115661869,0.0005234446867118625,0.3333333333333333,0.33333333333333337,0.33333333333333337,0.0019500000000000001,"2615.TW,2408.TW,5871.TW",2024,8765,3
2024-10-01,-0.02723886728055136,-0.030677698514136598,0.04402180115661869,0.0005234446867118625,0.6042947020920802,0.6042947020920802,0.6042947020920802,0.0035351240072386695,"2615.TW,2408.TW,5871.TW,2609.TW,2603.TW,3037.TW,4904.TW,2395.TW,9910.TW,2881.TW",2024,8765,10
2024-10-01,-0.012296243817234532,-0.01524368577165336,0.04402180115661869,0.0005234446867118625,0.5101086518813973,0.5101086518813972,0.5101086518813973,0.002984135613506174,"2615.TW,2408.TW,5871.TW,2609.TW,2603.TW,3037.TW,4904.TW,2395.TW,9910.TW,2881.TW,2379.TW,5876.TW,2327.TW,2207.TW,3045.TW,2308.TW,1590.TW,2345.TW,2885.TW,2412.TW",2024,8765,20
2024-10-11,0.023012778089087235,0.020555152074049454,0.03617909394487784,0.02810915244873934,0.4106566605182359,0.41065666051823607,0.410656660518236,0.002402341464031681,"3037.TW,9910.TW,2408.TW,5876.TW,3008.TW,2345.TW,2308.TW,2327.TW,3034.TW,2395.TW,1102.TW,1101.TW,2379.TW,2207.TW,2317.TW,3231.TW,5871.TW,4904.TW,2303.TW,5880.TW",2024,8765,20
2024-10-11,0.010634533982023053,0.005850563320738411,0.03617909394487784,0.02810915244873934,0.8091676418285825,0.8091676418285825,0.8091676418285825,0.004733630704697208,"3037.TW,9910.TW,2408.TW,5876.TW,3008.TW",2024,8765,5
2024-10-11,0.027251019268993003,0.024398682860325982,0.03617909394487784,0.02810915244873934,0.47464433145402923,0.4746443314540294,0.4746443314540293,0.002776669339006072,"3037.TW,9910.TW,2408.TW,5876.TW,3008.TW,2345.TW,2308.TW,2327.TW,3034.TW,2395.TW,1102.TW,1101.TW,2379.TW,2207.TW,2317.TW",2024,8765,15
2024-10-11,0.03147740668364155,0.02741468128788216,0.03617909394487784,0.02810915244873934,0.6732895642057287,0.6732895642057288,0.6732895642057288,0.003938743950603513,"3037.TW,9910.TW,2408.TW",2024,8765,3
2024-10-11,0.028586906964567085,0.024925429792209464,0.03617909394487784,0.02810915244873934,0.608498445292687,0.608498445292687,0.608498445292687,0.0035597159049622195,"3037.TW,9910.TW,2408.TW,5876.TW,3008.TW,2345.TW,2308.TW,2327.TW,3034.TW,2395.TW",2024,8765,10
2024-10-18,0.014055838792481868,0.010496502798320151,-0.005777406437534327,-0.003991276884812165,0.6000000000000001,0.6,0.6000000000000001,0.00351,"3711.TW,1590.TW,1326.TW,3037.TW,2408.TW",2024,8765,5
2024-10-18,-0.017762045773265307,-0.02350813780549177,-0.005777406437534327,-0.003991276884812165,1.0,0.9999999999999999,1.0,0.005849999999999999,"3711.TW,1590.TW,1326.TW",2024,8765,3
2024-10-18,0.008693624961847958,0.003972698985137191,-0.005777406437534327,-0.003991276884812165,0.8000406401749003,0.8000406401749005,0.8000406401749004,0.004680237745023168,"3711.TW,1590.TW,1326.TW,3037.TW,2408.TW,2379.TW,1301.TW,3017.TW,2615.TW,2382.TW",2024,8765,10
2024-10-18,0.007502420974500955,0.004337915658449543,-0.005777406437534327,-0.003991276884812165,0.5369129328182618,0.5369129328182618,0.5369129328182618,0.0031409406569868313,"3711.TW,1590.TW,1326.TW,3037.TW,2408.TW,2379.TW,1301.TW,3017.TW,2615.TW,2382.TW,2317.TW,2303.TW,2345.TW,2395.TW,3034.TW",2024,8765,15
2024-10-18,0.005353985905423193,0.002376844039029935,-0.005777406437534327,-0.003991276884812165,0.5062029361688696,0.5062029361688697,0.5062029361688696,0.0029612871765878875,"3711.TW,1590.TW,1326.TW,3037.TW,2408.TW,2379.TW,1301.TW,3017.TW,2615.TW,2382.TW,2317.TW,2303.TW,2345.TW,2395.TW,3034.TW,2330.TW,3231.TW,2327.TW,1303.TW,6669.TW",2024,8765,20
2024-10-25,-0.018790951379394946,-0.02191153288459724,-0.03208700919659946,-0.01974083823373723,0.5436484067100048,0.543648406710005,0.5436484067100049,0.003180343179253529,"3231.TW,2615.TW,1590.TW,3008.TW,2408.TW,3034.TW,1326.TW,2884.TW,2618.TW,2395.TW,2880.TW,1216.TW,2382.TW,2357.TW,2330.TW",2024,8765,15
2024-10-25,-0.025623332285888957,-0.029100219746766354,-0.03208700919659946,-0.01974083823373723,0.6099691798823834,0.6099691798823834,0.6099691798823834,0.0035683197023119433,"3231.TW,2615.TW,1590.TW,3008.TW,2408.TW",2024,8765,5
2024-10-25,-0.025999336184668667,-0.028069813308564395,-0.03208700919659946,-0.01974083823373723,0.36337522820574925,0.36337522820574897,0.3633752282057491,0.002125745085003632,"3231.TW,2615.TW,1590.TW,3008.TW,2408.TW,3034.TW,1326.TW,2884.TW,2618.TW,2395.TW,2880.TW,1216.TW,2382.TW,2357.TW,2330.TW,1303.TW,6669.TW,2327.TW,2303.TW,2892.TW",2024,8765,20
2024-10-25,-0.020600670951852522,-0.02408976247708705,-0.03208700919659946,-0.01974083823373723,0.6089711153152874,0.6089711153152872,0.6089711153152872,0.003562481024594431,"3231.TW,2615.TW,1590.TW,3008.TW,2408.TW,3034.TW,1326.TW,2884.TW,2618.TW,2395.TW",2024,8765,10
2024-10-25,-3.941987207863387e-05,-0.003939266134577624,-0.03208700919659946,-0.01974083823373723,0.6666666666666666,0.6666666666666666,0.6666666666666666,0.0039,"3231.TW,2615.TW,1590.TW",2024,8765,3
2024-11-04,0.0214269794760943,0.017791458402081073,0.01905502093057776,0.005946560915669244,0.6084199911844752,0.6084199911844752,0.6084199911844752,0.00355925694842918,"1590.TW,2345.TW,3711.TW,2912.TW,2615.TW,3037.TW,2408.TW,2603.TW,1216.TW,2618.TW",2024,8765,10
2024-11-04,0.036726457993456155,0.03262848624091297,0.01905502093057776,0.005946560915669244,0.6756922103092686,0.6756922103092686,0.6756922103092686,0.003952799430309222,"1590.TW,2345.TW,3711.TW",2024,8765,3
2024-11-04,0.009848363872851158,0.006269243129678026,0.01905502093057776,0.005946560915669244,0.6058488913198532,0.6058488913198533,0.6058488913198532,0.003544216014221142,"1590.TW,2345.TW,3711.TW,2912.TW,2615.TW,3037.TW,2408.TW,2603.TW,1216.TW,2618.TW,2308.TW,3231.TW,2327.TW,5871.TW,2882.TW",2024,8765,15
2024-11-04,0.0033153735651997467,2.9155705010053268e-05,0.01905502093057776,0.005946560915669244,0.5598903969460206,0.5598903969460206,0.5598903969460206,0.0032753588221342204,"1590.TW,2345.TW,3711.TW,2912.TW,2615.TW,3037.TW,2408.TW,2603.TW,1216.TW,2618.TW,2308.TW,3231.TW,2327.TW,5871.TW,2882.TW,2002.TW,1301.TW,5876.TW,1326.TW,3034.TW",2024,8765,20
2024-11-04,0.026121212262694996,0.022517688894775567,0.01905502093057776,0.005946560915669244,0.600306175467064,0.6003061754670641,0.600306175467064,0.003511791126482325,"1590.TW,2345.TW,3711.TW,2912.TW,2615.TW",2024,8765,5
2024-11-11,-0.01644474850331042,-0.022198546724566115,-0.023053237934670845,-0.0075734763084909515,1.0,1.0,1.0,0.00585,"2408.TW,2615.TW,2357.TW",2024,8765,3
2024-11-11,0.00167657134419743,-0.0018512577712787026,-0.023053237934670845,-0.0075734763084909515,0.6020383517984916,0.6020383517984917,0.6020383517984917,0.0035219243580211766,"2408.TW,2615.TW,2357.TW,1326.TW,1301.TW,3231.TW,2345.TW,2395.TW,2882.TW,2002.TW,2618.TW,2609.TW,2303.TW,2891.TW,2886.TW",2024,8765,15
2024-11-11,-0.002922059068354621,-0.00701297001712109,-0.023053237934670845,-0.0075734763084909515,0.7013504041918324,0.7013504041918324,0.7013504041918324,0.00410289986452222,"2408.TW,2615.TW,2357.TW,1326.TW,1301.TW,3231.TW,2345.TW,2395.TW,2882.TW,2002.TW",2024,8765,10
2024-11-11,-0.004138760412578063,-0.007085616738301437,-0.023053237934670845,-0.0075734763084909515,0.505829631710502,0.505829631710502,0.505829631710502,0.0029591033455064366,"2408.TW,2615.TW,2357.TW,1326.TW,1301.TW,3231.TW,2345.TW,2395.TW,2882.TW,2002.TW,2618.TW,2609.TW,2303.TW,2891.TW,2886.TW,4904.TW,1102.TW,2382.TW,1216.TW,6669.TW",2024,8765,20
2024-11-11,-0.00675574930849574,-0.011406425590587688,-0.023053237934670845,-0.0075734763084909515,0.8003946643483892,0.8003946643483894,0.8003946643483892,0.0046823087864380775,"2408.TW,2615.TW,2357.TW,1326.TW,1301.TW",2024,8765,5
2024-11-18,0.005613574434878421,0.0009073029065231886,-0.003146235545178566,0.003841123369244466,0.8,0.8,0.8,0.00468,"2357.TW,6669.TW,2891.TW,2892.TW,2886.TW",2024,8765,5
2024-11-18,0.0005527921422743875,-0.002585439090768582,-0.003146235545178566,0.003841123369244466,0.5361534020384489,0.5361534020384487,0.5361534020384489,0.003136497401924926,"2357.TW,6669.TW,2891.TW,2892.TW,2886.TW,1101.TW,1301.TW,2885.TW,2884.TW,2345.TW,3231.TW,2618.TW,1303.TW,2317.TW,5876.TW",2024,8765,15
2024-11-18,0.004168030603866857,5.5962518544117046e-05,-0.003146235545178566,0.003841123369244466,0.7,0.7,0.7,0.004095,"2357.TW,6669.TW,2891.TW,2892.TW,2886.TW,1101.TW,1301.TW,2885.TW,2884.TW,2345.TW",2024,8765,10
2024-11-18,0.007181622899825897,0.0032536145705164277,-0.003146235545178566,0.003841123369244466,0.6666666666666666,0.6666666666666667,0.6666666666666667,0.0039000000000000003,"2357.TW,6669.TW,2891.TW",2024,8765,3
2024-11-18,0.0007146241482333885,-0.002806919831358501,-0.003146235545178566,0.003841123369244466,0.6015434523675012,0.6015434523675008,0.601543452367501,0.0035190291963498807,"2357.TW,6669.TW,2891.TW,2892.TW,2886.TW,1101.TW,1301.TW,2885.TW,2884.TW,2345.TW,3231.TW,2618.TW,1303.TW,2317.TW,5876.TW,3045.TW,2881.TW,2330.TW,2883.TW,2379.TW",2024,8765,20
2024-11-25,0.026715451363602365,0.023076027244886443,0.02209360577283115,-0.00025735941974774023,0.605935929132865,0.6059359291328649,0.605935929132865,0.00354472518542726,"2885.TW,2357.TW,2891.TW,2618.TW,1101.TW",2024,8765,5
2024-11-25,0.014880033265191571,0.011694249286560154,0.02209360577283115,-0.00025735941974774023,0.5365939224694342,0.5365939224694344,0.5365939224694343,0.0031390744464461907,"2885.TW,2357.TW,2891.TW,2618.TW,1101.TW,2603.TW,2886.TW,2892.TW,2454.TW,2883.TW,2609.TW,2412.TW,2395.TW,2880.TW,2379.TW",2024,8765,15
2024-11-25,0.01557809708321264,0.013180243061860608,0.02209360577283115,-0.00025735941974774023,0.4036022217067573,0.4036022217067573,0.4036022217067573,0.00236107299698453,"2885.TW,2357.TW,2891.TW,2618.TW,1101.TW,2603.TW,2886.TW,2892.TW,2454.TW,2883.TW",2024,8765,10
2024-11-25,0.02261563368397749,0.020559336593923616,0.02209360577283115,-0.00025735941974774023,0.3437301020044968,0.34373010200449683,0.34373010200449683,0.0020108210967263065,"2885.TW,2357.TW,2891.TW",2024,8765,3
2024-11-25,0.01922497448839876,0.016514616128942894,0.02209360577283115,-0.00025735941974774023,0.45457002415689735,0.45457002415689735,0.45457002415689735,0.0026592346413178494,"2885.TW,2357.TW,2891.TW,2618.TW,1101.TW,2603.TW,2886.TW,2892.TW,2454.TW,2883.TW,2609.TW,2412.TW,2395.TW,2880.TW,2379.TW,2345.TW,2882.TW,2330.TW,2207.TW,5880.TW",2024,8765,20
2024-12-02,0.005111072240477915,0.002134194477280138,0.0074627205707296085,0.013358370054042962,0.5062803582241944,0.5062803582241944,0.5062803582241944,0.002961740095611537,"3017.TW,2883.TW,2887.TW,3008.TW,2885.TW,5871.TW,2880.TW,2891.TW,2892.TW,2408.TW,2327.TW,1101.TW,3231.TW,2412.TW,2454.TW,2382.TW,4904.TW,2886.TW,5880.TW,2303.TW",2024,8765,20
2024-12-02,0.009218667382522779,0.006435901346204753,0.0074627205707296085,0.013358370054042962,0.4713413626884609,0.47134136268846083,0.47134136268846083,0.002757346971727496,"3017.TW,2883.TW,2887.TW,3008.TW,2885.TW,5871.TW,2880.TW,2891.TW,2892.TW,2408.TW,2327.TW,1101.TW,3231.TW,2412.TW,2454.TW",2024,8765,15
2024-12-02,0.009607348143807572,0.006047351304997894,0.0074627205707296085,0.013358370054042962,0.6027555854178316,0.6027555854178316,0.6027555854178316,0.0035261201746943148,"3017.TW,2883.TW,2887.TW,3008.TW,2885.TW,5871.TW,2880.TW,2891.TW,2892.TW,2408.TW",2024,8765,10
2024-12-02,0.008494369807039371,0.0037746161563425584,0.0074627205707296085,0.013358370054042962,0.8,0.7999999999999998,0.7999999999999999,0.004679999999999999,"3017.TW,2883.TW,2887.TW,3008.TW,2885.TW",2024,8765,5
2024-12-02,0.01907590784051072,0.013114313779643672,0.0074627205707296085,0.013358370054042962,1.0,1.0,1.0,0.00585,"3017.TW,2883.TW,2887.TW",2024,8765,3
2024-12-09,-0.0416260820996419,-0.044450385128564696,0.006896580592663737,-0.02258267813285056,0.5037562412055316,0.5037562412055315,0.5037562412055316,0.0029469740110523598,"2408.TW,1326.TW,5871.TW,3017.TW,2379.TW,2883.TW,6669.TW,1301.TW,2880.TW,9910.TW",2024,8765,10
2024-12-09,-0.06653582227813691,-0.07090443462987528,0.006896580592663737,-0.02258267813285056,0.8,0.8,0.8,0.00468,"2408.TW,1326.TW,5871.TW,3017.TW,2379.TW",2024,8765,5
2024-12-09,-0.027330046308248104,-0.03038518683552649,0.006896580592663737,-0.02258267813285056,0.5369203006600825,0.5369203006600826,0.5369203006600825,0.0031409837588614827,"2408.TW,1326.TW,5871.TW,3017.TW,2379.TW,2883.TW,6669.TW,1301.TW,2880.TW,9910.TW,2891.TW,1303.TW,5876.TW,2330.TW,2454.TW",2024,8765,15
2024-12-09,-0.09187597125002551,-0.09718849681821295,0.006896580592663737,-0.02258267813285056,1.0,1.0,1.0,0.00585,"2408.TW,1326.TW,5871.TW",2024,8765,3
2024-12-09,-0.029436183289643314,-0.03258157404938111,0.006896580592663737,-0.02258267813285056,0.5539807119181775,0.5539807119181775,0.5539807119181775,0.0032407871647213387,"2408.TW,1326.TW,5871.TW,3017.TW,2379.TW,2883.TW,6669.TW,1301.TW,2880.TW,9910.TW,2891.TW,1303.TW,5876.TW,2330.TW,2454.TW,2882.TW,3231.TW,2303.TW,1102.TW,2609.TW",2024,8765,20
2024-12-16,0.029426171964114147,0.025743925723545447,0.007102912376381276,0.008233697546917258,0.6114511355444296,0.6114511355444296,0.6114511355444296,0.003576989142934913,"3231.TW,3017.TW,2618.TW,5871.TW,6669.TW",2024,8765,5
2024-12-16,0.02267020084878012,0.02015562938442872,0.007102912376381276,0.008233697546917258,0.4203127025709045,0.4203127025709046,0.42031270257090453,0.0024588293100397916,"3231.TW,3017.TW,2618.TW,5871.TW,6669.TW,2603.TW,2382.TW,2408.TW,2609.TW,3037.TW,2880.TW,1301.TW,2615.TW,2454.TW,2883.TW,1326.TW,2345.TW,2327.TW,2303.TW,2892.TW",2024,8765,20
2024-12-16,0.02759543940439757,0.02158400608388189,0.007102912376381276,0.008233697546917258,1.0,1.0,1.0,0.00585,"3231.TW,3017.TW,2618.TW",2024,8765,3
2024-12-16,0.03304819580393823,0.02933303608104154,0.007102912376381276,0.008233697546917258,0.6147535426532099,0.6147535426532098,0.6147535426532098,0.0035963082245212778,"3231.TW,3017.TW,2618.TW,5871.TW,6669.TW,2603.TW,2382.TW,2408.TW,2609.TW,3037.TW",2024,8765,10
2024-12-16,0.023404500547539894,0.020511964916792635,0.007102912376381276,0.008233697546917258,0.4831428188032463,0.4831428188032463,0.4831428188032463,0.002826385489998991,"3231.TW,3017.TW,2618.TW,5871.TW,6669.TW,2603.TW,2382.TW,2408.TW,2609.TW,3037.TW,2880.TW,1301.TW,2615.TW,2454.TW,2883.TW",2024,8765,15
2024-12-23,-0.02229042460468832,-0.025386168168145096,-0.009068032798832615,-0.016277851193135854,0.5412516633175707,0.5412516633175709,0.5412516633175708,0.0031663222304077897,"5876.TW,2880.TW,6669.TW,5871.TW,2609.TW,2603.TW,2395.TW,1326.TW,3045.TW,2887.TW,1301.TW,2885.TW,2618.TW,2884.TW,2412.TW",2024,8765,15
2024-12-23,-0.021338705268885413,-0.024246697027724307,-0.009068032798832615,-0.016277851193135854,0.5079312025771903,0.5079312025771906,0.5079312025771905,0.0029713975350765644,"5876.TW,2880.TW,6669.TW,5871.TW,2609.TW,2603.TW,2395.TW,1326.TW,3045.TW,2887.TW,1301.TW,2885.TW,2618.TW,2884.TW,2412.TW,1303.TW,2345.TW,4904.TW,2891.TW,2454.TW",2024,8765,20
2024-12-23,-0.02107345121450517,-0.024537256031384236,-0.009068032798832615,-0.016277851193135854,0.6048496572447599,0.6048496572447599,0.6048496572447599,0.0035383704948818455,"5876.TW,2880.TW,6669.TW,5871.TW,2609.TW",2024,8765,5
2024-12-23,-0.024592654186006275,-0.030298787159018237,-0.009068032798832615,-0.016277851193135854,1.0,0.9999999999999999,1.0,0.005849999999999999,"5876.TW,2880.TW,6669.TW",2024,8765,3
2024-12-23,-0.02375252741563314,-0.027226649099591715,-0.009068032798832615,-0.016277851193135854,0.6083159969169696,0.6083159969169697,0.6083159969169696,0.0035586485819642725,"5876.TW,2880.TW,6669.TW,5871.TW,2609.TW,2603.TW,2395.TW,1326.TW,3045.TW,2887.TW",2024,8765,10
2024-12-30,0.024493312690792707,0.021755988247417646,0.030249109352097125,0.016769743937487914,0.4567318326756714,0.4567318326756715,0.45673183267567147,0.0026718812211526783,"2408.TW,1301.TW,1326.TW,1303.TW,2883.TW,2618.TW,2345.TW,2609.TW,2603.TW,2891.TW,2882.TW,2454.TW,3231.TW,3037.TW,2330.TW,5876.TW,2207.TW,2615.TW,3711.TW,2395.TW",2024,8765,20
2024-12-30,0.004046953359640505,-0.00010161324076018996,0.030249109352097125,0.016769743937487914,0.7062983274400392,0.7062983274400391,0.7062983274400392,0.004131845215524229,"2408.TW,1301.TW,1326.TW,1303.TW,2883.TW,2618.TW,2345.TW,2609.TW,2603.TW,2891.TW",2024,8765,10
2024-12-30,-0.015760880874228066,-0.021518679721113876,0.030249109352097125,0.016769743937487914,1.0,1.0,1.0,0.00585,"2408.TW,1301.TW,1326.TW,1303.TW,2883.TW",2024,8765,5
2024-12-30,-0.027787051847760938,-0.033474497594451647,0.030249109352097125,0.016769743937487914,1.0,1.0,1.0,0.00585,"2408.TW,1301.TW,1326.TW",2024,8765,3
2024-12-30,0.018017206061520456,0.014009774520385543,0.030249109352097125,0.016769743937487914,0.6729071263175203,0.6729071263175203,0.6729071263175203,0.003936506688957494,"2408.TW,1301.TW,1326.TW,1303.TW,2883.TW,2618.TW,2345.TW,2609.TW,2603.TW,2891.TW,2882.TW,2454.TW,3231.TW,3037.TW,2330.TW",2024,8765,15
2025-01-02,0.014963956152448166,0.013517632514930877,0.015306038871002015,-0.015301090922870846,1.0,0.0,0.5,0.001425,"3008.TW,2379.TW,2330.TW",2025,8765,3
2025-01-02,0.0005398137621228196,-0.0008859554724881535,0.015306038871002015,-0.015301090922870846,1.0000000000000002,0.0,0.5000000000000001,0.0014250000000000003,"3008.TW,2379.TW,2330.TW,2454.TW,6669.TW,2345.TW,2308.TW,2891.TW,3711.TW,2408.TW,2412.TW,2357.TW,3034.TW,2395.TW,2882.TW,2382.TW,3017.TW,3045.TW,2883.TW,2887.TW",2025,8765,20
2025-01-02,0.004435869174318561,0.003004548060745016,0.015306038871002015,-0.015301090922870846,0.9999999999999999,0.0,0.49999999999999994,0.0014249999999999998,"3008.TW,2379.TW,2330.TW,2454.TW,6669.TW,2345.TW,2308.TW,2891.TW,3711.TW,2408.TW,2412.TW,2357.TW,3034.TW,2395.TW,2882.TW",2025,8765,15
2025-01-02,0.004258676898461043,0.0028276082838805117,0.015306038871002015,-0.015301090922870846,0.9999999999999999,0.0,0.49999999999999994,0.0014249999999999998,"3008.TW,2379.TW,2330.TW,2454.TW,6669.TW,2345.TW,2308.TW,2891.TW,3711.TW,2408.TW",2025,8765,10
2025-01-02,0.02912348218737795,0.027656981225260946,0.015306038871002015,-0.015301090922870846,1.0,0.0,0.5,0.001425,"3008.TW,2379.TW,2330.TW,2454.TW,6669.TW",2025,8765,5
2025-01-09,0.004988633320706537,-0.000890550184219574,0.003632165151909783,0.004954789175583678,1.0,1.0,1.0,0.00585,"2609.TW,3017.TW,2408.TW",2025,8765,3
2025-01-09,0.007736062778040303,0.0035340964145904596,0.003632165151909783,0.004954789175583678,0.7127708087302693,0.7127708087302691,0.7127708087302692,0.004169709231072074,"2609.TW,3017.TW,2408.TW,2603.TW,2615.TW,3037.TW,2379.TW,1301.TW,5871.TW,1590.TW,2345.TW,6669.TW,2327.TW,3034.TW,3231.TW,1326.TW,9910.TW,1303.TW,2618.TW,2207.TW",2025,8765,20
2025-01-09,-0.004546369175909537,-0.008505174668593796,0.003632165151909783,0.004954789175583678,0.6798095528348252,0.6798095528348254,0.6798095528348254,0.003976885884083728,"2609.TW,3017.TW,2408.TW,2603.TW,2615.TW,3037.TW,2379.TW,1301.TW,5871.TW,1590.TW,2345.TW,6669.TW,2327.TW,3034.TW,3231.TW",2025,8765,15
2025-01-09,0.003113080227997324,-0.0016629320043395346,0.003632165151909783,0.004954789175583678,0.8138786777881984,0.8138786777881987,0.8138786777881986,0.004761190265060962,"2609.TW,3017.TW,2408.TW,2603.TW,2615.TW,3037.TW,2379.TW,1301.TW,5871.TW,1590.TW",2025,8765,10
2025-01-09,-0.01629282789234998,-0.022047514849179772,0.003632165151909783,0.004954789175583678,1.0,1.0000000000000002,1.0,0.005850000000000001,"2609.TW,3017.TW,2408.TW,2603.TW,2615.TW",2025,8765,5
2025-01-16,-0.0018439856167410456,-0.006176269957686831,-0.01700498572008069,2.8085515644293844e-05,0.7419295331905333,0.7419295331905335,0.7419295331905333,0.004340287769164621,"2603.TW,2609.TW,2615.TW,2382.TW,2892.TW,2884.TW,2357.TW,2412.TW,2327.TW,9910.TW,2317.TW,2891.TW,2881.TW,3045.TW,2886.TW",2025,8765,15
2025-01-16,-0.0016583912041882249,-0.0058244665996128875,-0.01700498572008069,2.8085515644293844e-05,0.7133326247941516,0.7133326247941516,0.7133326247941516,0.004172995855045787,"2603.TW,2609.TW,2615.TW,2382.TW,2892.TW,2884.TW,2357.TW,2412.TW,2327.TW,9910.TW",2025,8765,10
2025-01-16,-0.022550439710873317,-0.024925472172328544,-0.01700498572008069,2.8085515644293844e-05,0.41535489036335904,0.415354890363359,0.41535489036335904,0.00242982610862565,"2603.TW,2609.TW,2615.TW,2382.TW,2892.TW",2025,8765,5
2025-01-16,0.0008469824738901574,-0.00333777731435303,-0.01700498572008069,2.8085515644293844e-05,0.7147381828315715,0.7147381828315713,0.7147381828315714,0.004181218369564693,"2603.TW,2609.TW,2615.TW,2382.TW,2892.TW,2884.TW,2357.TW,2412.TW,2327.TW,9910.TW,2317.TW,2891.TW,2881.TW,3045.TW,2886.TW,3017.TW,3711.TW,2880.TW,2395.TW,2883.TW",2025,8765,20
2025-01-16,-0.016326838015656264,-0.02022607341281213,-0.01700498572008069,2.8085515644293844e-05,0.6775990146780042,0.6775990146780042,0.6775990146780042,0.003963954235866324,"2603.TW,2609.TW,2615.TW",2025,8765,3
2025-02-03,0.008320481666517887,0.002421806848768693,0.019881209916019715,0.010969304818817053,1.0,1.0,1.0,0.00585,"2408.TW,3231.TW,3017.TW,1301.TW,3037.TW",2025,8765,5
2025-02-03,0.028147411936699562,0.022132749576869948,0.019881209916019715,0.010969304818817053,1.0,1.0,1.0,0.00585,"2408.TW,3231.TW,3017.TW",2025,8765,3
2025-02-03,0.011044610399375054,0.005129999428538756,0.019881209916019715,0.010969304818817053,0.9999999999999999,1.0,1.0,0.00585,"2408.TW,3231.TW,3017.TW,1301.TW,3037.TW,2308.TW,3711.TW,2345.TW,2330.TW,1303.TW",2025,8765,10
2025-02-03,0.01606643020665196,0.012445789504522242,0.019881209916019715,0.010969304818817053,0.6091264528925735,0.6091264528925735,0.6091264528925735,0.003563389749421555,"2408.TW,3231.TW,3017.TW,1301.TW,3037.TW,2308.TW,3711.TW,2345.TW,2330.TW,1303.TW,2382.TW,6669.TW,2317.TW,1590.TW,1326.TW,2892.TW,2618.TW,2412.TW,2615.TW,2884.TW",2025,8765,20
2025-02-03,0.021147735317370093,0.015929105367335383,0.019881209916019715,0.010969304818817053,0.8735988583034648,0.8735988583034648,0.8735988583034648,0.005110553321075269,"2408.TW,3231.TW,3017.TW,1301.TW,3037.TW,2308.TW,3711.TW,2345.TW,2330.TW,1303.TW,2382.TW,6669.TW,2317.TW,1590.TW,1326.TW",2025,8765,15
2025-02-10,0.03301375959112236,0.029914183380472803,0.0020252739966468702,0.0288468790463918,0.5129090318218369,0.5129090318218369,0.5129090318218369,0.0030005178361577458,"3008.TW,3017.TW,2408.TW,2454.TW,1301.TW,2308.TW,2412.TW,9910.TW,2618.TW,3037.TW,2317.TW,1102.TW,2887.TW,2886.TW,1326.TW,3034.TW,5880.TW,4904.TW,2892.TW,2609.TW",2025,8765,20
2025-02-10,0.09232044654649765,0.08971847126483024,0.0020252739966468702,0.0288468790463918,0.40719012523893333,0.4071901252389333,0.4071901252389333,0.00238206223264776,"3008.TW,3017.TW,2408.TW,2454.TW,1301.TW",2025,8765,5
2025-02-10,0.04157629662557322,0.038250887990633586,0.0020252739966468702,0.0288468790463918,0.5457554308255004,0.5457554308255004,0.5457554308255004,0.0031926692703291774,"3008.TW,3017.TW,2408.TW,2454.TW,1301.TW,2308.TW,2412.TW,9910.TW,2618.TW,3037.TW,2317.TW,1102.TW,2887.TW,2886.TW,1326.TW",2025,8765,15
2025-02-10,0.043731338221778986,0.0406332785992527,0.0020252739966468702,0.0288468790463918,0.5073938302549622,0.5073938302549622,0.5073938302549622,0.002968253906991529,"3008.TW,3017.TW,2408.TW,2454.TW,1301.TW,2308.TW,2412.TW,9910.TW,2618.TW,3037.TW",2025,8765,10
2025-02-10,0.08414827228140694,0.08198359750624906,0.0020252739966468702,0.0288468790463918,0.34130928910369207,0.3413092891036921,0.34130928910369207,0.001996659341256599,"3008.TW,3017.TW,2408.TW",2025,8765,3
2025-02-17,-0.0022120806948658627,-0.006921907271188021,-0.0197068721938225,0.0012987075783126168,0.8068834513608187,0.8068834513608187,0.8068834513608187,0.00472026819046079,"6669.TW,3037.TW,2412.TW,3034.TW,2892.TW,2912.TW,2884.TW,2886.TW,2327.TW,2395.TW,4904.TW,2880.TW,2881.TW,3045.TW,2882.TW",2025,8765,15
2025-02-17,-0.0023217763025590306,-0.005895058294488331,-0.0197068721938225,0.0012987075783126168,0.6122389163252592,0.6122389163252591,0.6122389163252591,0.003581597660502766,"6669.TW,3037.TW,2412.TW,3034.TW,2892.TW,2912.TW,2884.TW,2886.TW,2327.TW,2395.TW,4904.TW,2880.TW,2881.TW,3045.TW,2882.TW,5880.TW,2885.TW,5876.TW,2887.TW,1216.TW",2025,8765,20
2025-02-17,-0.008428709781652924,-0.014229401829430222,-0.0197068721938225,0.0012987075783126168,1.0,1.0,1.0,0.00585,"6669.TW,3037.TW,2412.TW",2025,8765,3
2025-02-17,0.0003856563547174562,-0.004338451718767344,-0.0197068721938225,0.0012987075783126168,0.8072285288094958,0.8072285288094959,0.8072285288094958,0.004722286893535551,"6669.TW,3037.TW,2412.TW,3034.TW,2892.TW,2912.TW,2884.TW,2886.TW,2327.TW,2395.TW",2025,8765,10
2025-02-17,-0.005747596870072447,-0.011563973428382557,-0.0197068721938225,0.0012987075783126168,1.0,1.0,1.0,0.00585,"6669.TW,3037.TW,2412.TW,3034.TW,2892.TW",2025,8765,5
2025-02-24,-0.002387606751995223,-0.005931736929531639,-0.03092789146397157,-0.009323097993758295,0.6072841741769384,0.6072841741769385,0.6072841741769384,0.0035526124189350903,"2885.TW,3017.TW,6669.TW,2345.TW,3711.TW,2891.TW,2881.TW,2412.TW,5876.TW,2880.TW,2207.TW,3231.TW,2884.TW,2330.TW,2882.TW",2025,8765,15
2025-02-24,-2.9450991954348832e-05,-0.004769791403079093,-0.03092789146397157,-0.009323097993758295,0.8103384654638797,0.8103384654638796,0.8103384654638797,0.004740480022963695,"2885.TW,3017.TW,6669.TW,2345.TW,3711.TW",2025,8765,5
2025-02-24,0.015402766632085951,0.01134542027713814,-0.03092789146397157,-0.009323097993758295,0.6830427316824197,0.6830427316824197,0.6830427316824197,0.003995799980342155,"2885.TW,3017.TW,6669.TW",2025,8765,3
2025-02-24,-0.005440854244543769,-0.008097013586353174,-0.03092789146397157,-0.009323097993758295,0.45652823552122973,0.4565282355212296,0.4565282355212297,0.0026706901777991936,"2885.TW,3017.TW,6669.TW,2345.TW,3711.TW,2891.TW,2881.TW,2412.TW,5876.TW,2880.TW,2207.TW,3231.TW,2884.TW,2330.TW,2882.TW,2886.TW,2357.TW,2912.TW,2382.TW,2327.TW",2025,8765,20
2025-02-24,0.0037367880053517776,-0.0009944670557703317,-0.03092789146397157,-0.009323097993758295,0.8057506296216906,0.8057506296216906,0.8057506296216906,0.00471364118328689,"2885.TW,3017.TW,6669.TW,2345.TW,3711.TW,2891.TW,2881.TW,2412.TW,5876.TW,2880.TW",2025,8765,10
2025-03-04,-0.0009442785910429574,-0.005619859367236857,-0.03138288174646908,-0.008024553794256303,0.8,0.8,0.8,0.00468,"1101.TW,2883.TW,2886.TW,3045.TW,2885.TW",2025,8765,5
2025-03-04,-0.000847142736910755,-0.005133508494569394,-0.03138288174646908,-0.008024553794256303,0.7333333333333333,0.7333333333333335,0.7333333333333334,0.00429,"1101.TW,2883.TW,2886.TW,3045.TW,2885.TW,2884.TW,2891.TW,2408.TW,4904.TW,2303.TW,3034.TW,2412.TW,5871.TW,2002.TW,1326.TW",2025,8765,15
2025-03-04,0.0011718437439019124,-0.0032207977205244154,-0.03138288174646908,-0.008024553794256303,0.7500000000000001,0.7499999999999998,0.75,0.004387499999999999,"1101.TW,2883.TW,2886.TW,3045.TW,2885.TW,2884.TW,2891.TW,2408.TW,4904.TW,2303.TW,3034.TW,2412.TW,5871.TW,2002.TW,1326.TW,1303.TW,2615.TW,1590.TW,9910.TW,2308.TW",2025,8765,20
2025-03-04,-0.0022061624146402347,-0.00687720517591317,-0.03138288174646908,-0.008024553794256303,0.8002342949051796,0.8002342949051797,0.8002342949051797,0.004681370625195301,"1101.TW,2883.TW,2886.TW,3045.TW,2885.TW,2884.TW,2891.TW,2408.TW,4904.TW,2303.TW",2025,8765,10
2025-03-04,0.003779068505324167,-0.0020930390454321213,-0.03138288174646908,-0.008024553794256303,1.0,1.0,1.0,0.00585,"1101.TW,2883.TW,2886.TW",2025,8765,3
2025-03-11,0.021450010165920318,0.018242387766654877,0.0027457459871229606,0.013618118007609679,0.5367972155121828,0.5367972155121832,0.536797215512183,0.0031402637107462708,"2412.TW,2883.TW,2408.TW,6669.TW,3045.TW,2345.TW,3037.TW,2002.TW,2454.TW,3711.TW,4904.TW,2609.TW,9910.TW,5871.TW,1102.TW",2025,8765,15
2025-03-11,0.021958164660658308,0.017772993153419625,0.0027457459871229606,0.013618118007609679,0.7000422890098459,0.7000422890098459,0.7000422890098459,0.004095247390707599,"2412.TW,2883.TW,2408.TW,6669.TW,3045.TW,2345.TW,3037.TW,2002.TW,2454.TW,3711.TW",2025,8765,10
2025-03-11,0.020720684314601938,0.018296041875937474,0.0027457459871229606,0.013618118007609679,0.40605505433877953,0.4060550543387796,0.40605505433877953,0.0023754220678818606,"2412.TW,2883.TW,2408.TW,6669.TW,3045.TW,2345.TW,3037.TW,2002.TW,2454.TW,3711.TW,4904.TW,2609.TW,9910.TW,5871.TW,1102.TW,2615.TW,2886.TW,2303.TW,1326.TW,2382.TW",2025,8765,20
2025-03-11,0.03593124388684643,0.03189111203568773,0.0027457459871229606,0.013618118007609679,0.6666666666666666,0.6666666666666665,0.6666666666666665,0.0038999999999999994,"2412.TW,2883.TW,2408.TW",2025,8765,3
2025-03-11,0.020546091207566897,0.01696397442742814,0.0027457459871229606,0.013618118007609679,0.6000000000000001,0.6,0.6000000000000001,0.00351,"2412.TW,2883.TW,2408.TW,6669.TW,3045.TW",2025,8765,5
2025-03-18,-0.003919516405570644,-0.007425786865031481,0.014238645932797667,-0.008633980379976387,0.6017209267466705,0.6017209267466705,0.6017209267466705,0.003520067421468023,"2412.TW,2408.TW,3037.TW,2884.TW,2887.TW",2025,8765,5
2025-03-18,-0.001444852067950586,-0.0049962991753244035,0.014238645932797667,-0.008633980379976387,0.6079633927847583,0.6079633927847583,0.6079633927847583,0.003556585847790836,"2412.TW,2408.TW,3037.TW,2884.TW,2887.TW,3045.TW,2880.TW,2886.TW,5876.TW,2891.TW",2025,8765,10
2025-03-18,-0.005087599721769309,-0.007072937769754595,0.014238645932797667,-0.008633980379976387,0.3411094536581569,0.3411094536581569,0.3411094536581569,0.001995490303900218,"2412.TW,2408.TW,3037.TW",2025,8765,3
2025-03-18,-0.003653958769596194,-0.006622902069551295,0.014238645932797667,-0.008633980379976387,0.5093729027911361,0.5093729027911361,0.5093729027911361,0.0029798314813281462,"2412.TW,2408.TW,3037.TW,2884.TW,2887.TW,3045.TW,2880.TW,2886.TW,5876.TW,2891.TW,1216.TW,2883.TW,2002.TW,3008.TW,2317.TW,6669.TW,1102.TW,2207.TW,2345.TW,2892.TW",2025,8765,20
2025-03-18,-0.0023820717256515986,-0.005938778097855146,0.014238645932797667,-0.008633980379976387,0.6094357148333739,0.6094357148333741,0.609435714833374,0.0035651989317752385,"2412.TW,2408.TW,3037.TW,2884.TW,2887.TW,3045.TW,2880.TW,2886.TW,5876.TW,2891.TW,1216.TW,2883.TW,2002.TW,3008.TW,2317.TW",2025,8765,15
2025-03-25,-0.035847769484969864,-0.03868275081310901,-0.045086321575087296,-0.0377294258391282,0.5026303705022195,0.5026303705022196,0.5026303705022195,0.0029403876674379843,"3037.TW,2002.TW,1303.TW,5876.TW,2880.TW,2884.TW,6669.TW,1102.TW,2408.TW,1301.TW",2025,8765,10
2025-03-25,-0.032100818093109114,-0.036630586264433385,-0.045086321575087296,-0.0377294258391282,0.8,0.8000000000000002,0.8,0.004680000000000001,"3037.TW,2002.TW,1303.TW,5876.TW,2880.TW",2025,8765,5
2025-03-25,-0.036194523187624214,-0.03884813411086452,-0.045086321575087296,-0.0377294258391282,0.4706434189683523,0.47064341896835254,0.47064341896835243,0.0027532640009648624,"3037.TW,2002.TW,1303.TW,5876.TW,2880.TW,2884.TW,6669.TW,1102.TW,2408.TW,1301.TW,1326.TW,2357.TW,3231.TW,2887.TW,3045.TW",2025,8765,15
2025-03-25,-0.03908131787584569,-0.041914581260264705,-0.045086321575087296,-0.0377294258391282,0.5040161423238182,0.5040161423238183,0.5040161423238183,0.0029484944325943374,"3037.TW,2002.TW,1303.TW,5876.TW,2880.TW,2884.TW,6669.TW,1102.TW,2408.TW,1301.TW,1326.TW,2357.TW,3231.TW,2887.TW,3045.TW,2327.TW,2382.TW,2303.TW,3017.TW,5880.TW",2025,8765,20
2025-03-25,-0.05438071585637361,-0.05806863106453375,-0.045086321575087296,-0.0377294258391282,0.6666666666666666,0.6666666666666665,0.6666666666666665,0.0038999999999999994,"3037.TW,2002.TW,1303.TW",2025,8765,3
2025-04-01,-0.07405229116522082,-0.07838572644256758,-0.11082836583496414,-0.11242579667714553,0.8,0.7999999999999999,0.8,0.00468,"5876.TW,1102.TW,3034.TW,2412.TW,3017.TW",2025,8765,5
2025-04-01,-0.089286966254985,-0.09220290858479174,-0.11082836583496414,-0.11242579667714553,0.5473202445111799,0.5473202445111798,0.5473202445111798,0.003201823430390402,"5876.TW,1102.TW,3034.TW,2412.TW,3017.TW,3037.TW,2357.TW,4904.TW,1590.TW,6669.TW,2327.TW,2345.TW,3045.TW,2880.TW,2886.TW",2025,8765,15
2025-04-01,-0.04779423199739977,-0.053364635740214994,-0.11082836583496414,-0.11242579667714553,1.0,1.0,1.0,0.00585,"5876.TW,1102.TW,3034.TW",2025,8765,3
2025-04-01,-0.09269357952379098,-0.09596647718709572,-0.11082836583496414,-0.11242579667714553,0.6166270549935524,0.6166270549935523,0.6166270549935524,0.0036072682717122814,"5876.TW,1102.TW,3034.TW,2412.TW,3017.TW,3037.TW,2357.TW,4904.TW,1590.TW,6669.TW",2025,8765,10
2025-04-01,-0.10969922004858168,-0.11213991794947287,-0.11082836583496414,-0.11242579667714553,0.46862063449436336,0.4686206344943635,0.4686206344943634,0.0027414307117920264,"5876.TW,1102.TW,3034.TW,2412.TW,3017.TW,3037.TW,2357.TW,4904.TW,1590.TW,6669.TW,2327.TW,2345.TW,3045.TW,2880.TW,2886.TW,2379.TW,2382.TW,2317.TW,2408.TW,9910.TW",2025,8765,20
2025-04-10,0.14829548029272116,0.1433332174415689,0.02639101819088996,0.05864799643437366,0.7387036477839254,0.7387036477839255,0.7387036477839255,0.004321416339535964,"3017.TW,3037.TW,2317.TW,2345.TW,2357.TW,9910.TW,3008.TW,3231.TW,2615.TW,2382.TW",2025,8765,10
2025-04-10,0.13596977077563693,0.13167665283847474,0.02639101819088996,0.05864799643437366,0.6460262701741629,0.646026270174163,0.646026270174163,0.0037792536805188537,"3017.TW,3037.TW,2317.TW,2345.TW,2357.TW,9910.TW,3008.TW,3231.TW,2615.TW,2382.TW,2327.TW,2308.TW,1590.TW,2609.TW,3711.TW",2025,8765,15
2025-04-10,0.12763440294798212,0.12216132521167644,0.02639101819088996,0.05864799643437366,0.8296739097060837,0.8296739097060839,0.8296739097060838,0.004853592371780591,"3017.TW,3037.TW,2317.TW,2345.TW,2357.TW",2025,8765,5
2025-04-10,0.12113032877825353,0.11787114935048604,0.02639101819088996,0.05864799643437366,0.496931243590891,0.49693124359089097,0.496931243590891,0.0029070477750067123,"3017.TW,3037.TW,2317.TW,2345.TW,2357.TW,9910.TW,3008.TW,3231.TW,2615.TW,2382.TW,2327.TW,2308.TW,1590.TW,2609.TW,3711.TW,2603.TW,2408.TW,5876.TW,5871.TW,2618.TW",2025,8765,20
2025-04-10,0.12971496935479748,0.12310613678407178,0.02639101819088996,0.05864799643437366,1.0,1.0,1.0,0.00585,"3017.TW,3037.TW,2317.TW",2025,8765,3
2025-04-17,0.02730603723499999,0.02362652940626142,0.029739828839798088,0.015874655139911792,0.6122573745533207,0.612257374553321,0.6122573745533209,0.0035817056411369275,"3711.TW,2308.TW,2408.TW,2317.TW,2395.TW,2454.TW,2883.TW,2885.TW,1590.TW,1301.TW,1326.TW,3037.TW,2618.TW,2345.TW,2887.TW,1303.TW,2330.TW,2002.TW,2881.TW,2882.TW",2025,8765,20
2025-04-17,0.033144171673330454,0.029431735599637854,0.029739828839798088,0.015874655139911792,0.6142457891560482,0.6142457891560483,0.6142457891560482,0.0035933378665628825,"3711.TW,2308.TW,2408.TW,2317.TW,2395.TW,2454.TW,2883.TW,2885.TW,1590.TW,1301.TW,1326.TW,3037.TW,2618.TW,2345.TW,2887.TW",2025,8765,15
2025-04-17,0.03982634579380539,0.03434686326255987,0.029739828839798088,0.015874655139911792,0.9007885637286148,0.9007885637286149,0.9007885637286148,0.005269613097812397,"3711.TW,2308.TW,2408.TW,2317.TW,2395.TW,2454.TW,2883.TW,2885.TW,1590.TW,1301.TW",2025,8765,10
2025-04-17,0.07694092786688217,0.07190084432446531,0.029739828839798088,0.015874655139911792,0.8,0.8,0.8,0.00468,"3711.TW,2308.TW,2408.TW,2317.TW,2395.TW",2025,8765,5
2025-04-17,0.10488094220778062,0.09841738869586503,0.029739828839798088,0.015874655139911792,1.0,1.0,1.0,0.00585,"3711.TW,2308.TW,2408.TW",2025,8765,3
2025-04-24,0.028568685283537697,0.02649038158142325,0.050541484889567334,0.02758117074196758,0.34539802269702463,0.34539802269702474,0.3453980226970247,0.0020205784327775944,"2317.TW,3008.TW,2327.TW,1590.TW,3711.TW,2395.TW,1301.TW,2454.TW,2883.TW,1326.TW,2618.TW,2882.TW,2345.TW,5871.TW,2379.TW",2025,8765,15
2025-04-24,0.031166514437774916,0.029289190169243362,0.050541484889567334,0.02758117074196758,0.31121077622256493,0.3112107762225647,0.3112107762225648,0.001820583040902004,"2317.TW,3008.TW,2327.TW,1590.TW,3711.TW,2395.TW,1301.TW,2454.TW,2883.TW,1326.TW,2618.TW,2882.TW,2345.TW,5871.TW,2379.TW,2881.TW,1303.TW,3034.TW,2308.TW,2303.TW",2025,8765,20
2025-04-24,0.019700689913930713,0.017829941091115353,0.050541484889567334,0.02758117074196758,0.3136078328878785,0.3136078328878784,0.31360783288787847,0.001834605822394089,"2317.TW,3008.TW,2327.TW,1590.TW,3711.TW,2395.TW,1301.TW,2454.TW,2883.TW,1326.TW",2025,8765,10
2025-04-24,0.03200573892127526,0.025968505348585857,0.050541484889567334,0.02758117074196758,1.0,1.0,1.0,0.00585,"2317.TW,3008.TW,2327.TW",2025,8765,3
2025-04-24,0.03976644843860198,0.03606263908024521,0.050541484889567334,0.02758117074196758,0.6089154019136345,0.6089154019136344,0.6089154019136345,0.0035621551011947613,"2317.TW,3008.TW,2327.TW,1590.TW,3711.TW",2025,8765,5
2025-05-02,0.004109572869658252,-0.0006242252037726992,0.0051547011189161385,0.022101778222061056,0.8058844111563792,0.8058844111563791,0.8058844111563792,0.004714423805264818,"2454.TW,2379.TW,2408.TW,3008.TW,1326.TW",2025,8765,5
2025-05-02,0.02195186716628497,0.018891778013868876,0.0051547011189161385,0.022101778222061056,0.511855968575755,0.5118559685757549,0.5118559685757549,0.0029943574161681663,"2454.TW,2379.TW,2408.TW,3008.TW,1326.TW,2618.TW,2609.TW,2395.TW,2002.TW,2603.TW,2892.TW,2327.TW,1301.TW,3711.TW,2886.TW,3231.TW,2615.TW,2884.TW,2887.TW,5871.TW",2025,8765,20
2025-05-02,-0.0037748846985348194,-0.009602801623048385,0.0051547011189161385,0.022101778222061056,1.0,1.0,1.0,0.00585,"2454.TW,2379.TW,2408.TW",2025,8765,3
2025-05-02,0.01890371501250649,0.016432043065913504,0.0051547011189161385,0.022101778222061056,0.41466923599687144,0.4146692359968715,0.41466923599687144,0.002425815030581698,"2454.TW,2379.TW,2408.TW,3008.TW,1326.TW,2618.TW,2609.TW,2395.TW,2002.TW,2603.TW,2892.TW,2327.TW,1301.TW,3711.TW,2886.TW",2025,8765,15
2025-05-02,0.01530703647251186,0.011684380062352062,0.0051547011189161385,0.022101778222061056,0.609921416640328,0.609921416640328,0.609921416640328,0.0035680402873459185,"2454.TW,2379.TW,2408.TW,3008.TW,1326.TW,2618.TW,2609.TW,2395.TW,2002.TW,2603.TW",2025,8765,10
2025-05-09,0.10834860993866849,0.103116493834841,0.040740581699667766,0.0383900087020508,0.8069472124087538,0.8069472124087538,0.8069472124087538,0.00472064119259121,"2408.TW,2881.TW,3231.TW,2882.TW,2345.TW",2025,8765,5
2025-05-09,0.07292224673129057,0.06745436813185246,0.040740581699667766,0.0383900087020508,0.8711536230287104,0.8711536230287105,0.8711536230287105,0.005096248694717956,"2408.TW,2881.TW,3231.TW,2882.TW,2345.TW,3017.TW,1590.TW,3045.TW,3034.TW,2382.TW,6669.TW,2395.TW,2912.TW,4904.TW,2615.TW",2025,8765,15
2025-05-09,0.05896326204054568,0.05429442785763938,0.040740581699667766,0.0383900087020508,0.7536534475987798,0.7536534475987794,0.7536534475987796,0.00440887266845286,"2408.TW,2881.TW,3231.TW,2882.TW,2345.TW,3017.TW,1590.TW,3045.TW,3034.TW,2382.TW,6669.TW,2395.TW,2912.TW,4904.TW,2615.TW,2308.TW,5880.TW,2303.TW,2886.TW,2357.TW",2025,8765,20
2025-05-09,0.1285349919634156,0.12407407545385518,0.040740581699667766,0.0383900087020508,0.6756988805171076,0.6756988805171077,0.6756988805171076,0.00395283845102508,"2408.TW,2881.TW,3231.TW",2025,8765,3
2025-05-09,0.07652671877146915,0.07083022570044673,0.040740581699667766,0.0383900087020508,0.9045381617943749,0.904538161794375,0.9045381617943749,0.005291548246497094,"2408.TW,2881.TW,3231.TW,2882.TW,2345.TW,3017.TW,1590.TW,3045.TW,3034.TW,2382.TW",2025,8765,10
2025-05-16,-0.0052543904995013616,-0.009206496836934752,-0.010949863105402136,-0.0009612221189705062,0.679142211277333,0.6791422112773329,0.6791422112773329,0.003972981935972398,"2002.TW,5876.TW,1101.TW,1102.TW,1326.TW,2345.TW,3017.TW,2207.TW,6669.TW,5880.TW,1216.TW,2412.TW,3034.TW,2880.TW,3045.TW",2025,8765,15
2025-05-16,-0.01575950276935092,-0.021517309678150243,-0.010949863105402136,-0.0009612221189705062,1.0,1.0000000000000002,1.0,0.005850000000000001,"2002.TW,5876.TW,1101.TW,1102.TW,1326.TW",2025,8765,5
2025-05-16,-0.0053937078716412845,-0.008963131099618549,-0.010949863105402136,-0.0009612221189705062,0.6134666767918548,0.613466676791855,0.6134666767918548,0.0035887800592323514,"2002.TW,5876.TW,1101.TW,1102.TW,1326.TW,2345.TW,3017.TW,2207.TW,6669.TW,5880.TW,1216.TW,2412.TW,3034.TW,2880.TW,3045.TW,2382.TW,2912.TW,2884.TW,2317.TW,3037.TW",2025,8765,20
2025-05-16,-0.009439940651869384,-0.014096523602608602,-0.010949863105402136,-0.0009612221189705062,0.8035828601046857,0.8035828601046858,0.8035828601046857,0.004700959731612412,"2002.TW,5876.TW,1101.TW,1102.TW,1326.TW,2345.TW,3017.TW,2207.TW,6669.TW,5880.TW",2025,8765,10
2025-05-16,-0.011198624997040533,-0.016983113040807796,-0.010949863105402136,-0.0009612221189705062,1.0,1.0,1.0,0.00585,"2002.TW,5876.TW,1101.TW",2025,8765,3
2025-05-23,-0.030207981970606083,-0.032789875050616035,-0.017436959274745867,-0.020311671670162772,0.4550968003871146,0.4550968003871147,0.45509680038711464,0.002662316282264621,"2609.TW,2603.TW,2345.TW,3017.TW,1216.TW,6669.TW,2303.TW,3034.TW,1303.TW,2880.TW,2002.TW,1101.TW,1102.TW,2454.TW,3711.TW,5876.TW,2615.TW,1326.TW,2885.TW,2379.TW",2025,8765,20
2025-05-23,-0.0037850186511839932,-0.009612876292074524,-0.017436959274745867,-0.020311671670162772,1.0,1.0,1.0,0.00585,"2609.TW,2603.TW,2345.TW,3017.TW,1216.TW",2025,8765,5
2025-05-23,-0.024136469154733473,-0.02645292739261662,-0.017436959274745867,-0.020311671670162772,0.4057696129053365,0.40576961290533653,0.40576961290533653,0.0023737522354962187,"2609.TW,2603.TW,2345.TW,3017.TW,1216.TW,6669.TW,2303.TW,3034.TW,1303.TW,2880.TW,2002.TW,1101.TW,1102.TW,2454.TW,3711.TW",2025,8765,15
2025-05-23,-0.024359406905849368,-0.03006690437545012,-0.017436959274745867,-0.020311671670162772,1.0,1.0,1.0,0.00585,"2609.TW,2603.TW,2345.TW",2025,8765,3
2025-05-23,-0.01433225635821006,-0.01837669456244828,-0.017436959274745867,-0.020311671670162772,0.7014097422271958,0.7014097422271959,0.7014097422271959,0.004103246992029096,"2609.TW,2603.TW,2345.TW,3017.TW,1216.TW,6669.TW,2303.TW,3034.TW,1303.TW,2880.TW",2025,8765,10
2025-06-02,0.004650297618446798,-7.076954134166424e-05,0.041690020949883166,0.01842737597570123,0.8032845152460911,0.8032845152460912,0.8032845152460912,0.004699214414189633,"2892.TW,9910.TW,3037.TW,2345.TW,2883.TW,3231.TW,2887.TW,2207.TW,1301.TW,2609.TW",2025,8765,10
2025-06-02,0.01919208358563485,0.014422264634454063,0.041690020949883166,0.01842737597570123,0.8,0.8,0.8,0.00468,"2892.TW,9910.TW,3037.TW,2345.TW,2883.TW",2025,8765,5
2025-06-02,0.02160667482944741,0.01563027578169507,0.041690020949883166,0.01842737597570123,1.0,1.0,1.0,0.00585,"2892.TW,9910.TW,3037.TW",2025,8765,3
2025-06-02,0.011847931644593857,0.008232516660769518,0.041690020949883166,0.01842737597570123,0.6107831384802144,0.6107831384802145,0.6107831384802145,0.003573081360109255,"2892.TW,9910.TW,3037.TW,2345.TW,2883.TW,3231.TW,2887.TW,2207.TW,1301.TW,2609.TW,3034.TW,1101.TW,3711.TW,1326.TW,1303.TW",2025,8765,15
2025-06-02,0.01087997653898509,0.007543017758937287,0.041690020949883166,0.01842737597570123,0.5642809408834796,0.5642809408834796,0.5642809408834796,0.0033010435041683555,"2892.TW,9910.TW,3037.TW,2345.TW,2883.TW,3231.TW,2887.TW,2207.TW,1301.TW,2609.TW,3034.TW,1101.TW,3711.TW,1326.TW,1303.TW,2330.TW,5871.TW,2615.TW,2317.TW,2379.TW",2025,8765,20
2025-06-09,0.014790132473651098,0.01142307866517811,0.020281233768452367,0.01633911742716517,0.5671761432899434,0.5671761432899437,0.5671761432899436,0.00331798043824617,"2609.TW,2408.TW,3037.TW,2603.TW,2615.TW,3017.TW,2618.TW,1101.TW,6669.TW,3231.TW,2207.TW,2002.TW,2887.TW,2880.TW,3034.TW,2884.TW,1216.TW,2303.TW,2883.TW,2881.TW",2025,8765,20
2025-06-09,0.026296534612101366,0.022019528518098186,0.020281233768452367,0.01633911742716517,0.7123790524123667,0.7123790524123664,0.7123790524123665,0.004167417456612344,"2609.TW,2408.TW,3037.TW,2603.TW,2615.TW,3017.TW,2618.TW,1101.TW,6669.TW,3231.TW",2025,8765,10
2025-06-09,0.022221444922824938,0.017397837602905586,0.020281233768452367,0.01633911742716517,0.8066239110034479,0.8066239110034479,0.8066239110034479,0.00471874987937017,"2609.TW,2408.TW,3037.TW,2603.TW,2615.TW",2025,8765,5
2025-06-09,0.019280115697362692,0.016005372614689817,0.020281233768452367,0.01633911742716517,0.5491965689473466,0.5491965689473466,0.5491965689473466,0.0032127999283419776,"2609.TW,2408.TW,3037.TW,2603.TW,2615.TW,3017.TW,2618.TW,1101.TW,6669.TW,3231.TW,2207.TW,2002.TW,2887.TW,2880.TW,3034.TW",2025,8765,15
2025-06-09,0.021009269069010385,0.016956843094070084,0.020281233768452367,0.01633911742716517,0.6784682665127457,0.6784682665127457,0.6784682665127457,0.003969039359099563,"2609.TW,2408.TW,3037.TW",2025,8765,3
2025-06-16,-0.0027779094335523497,-0.0063168950367749055,0.002915527786836014,-0.011626996028212449,0.6066399949343733,0.6066399949343734,0.6066399949343733,0.0035488439703660842,"2408.TW,2618.TW,1590.TW,2395.TW,3017.TW,2454.TW,2345.TW,2615.TW,2317.TW,2880.TW",2025,8765,10
2025-06-16,-0.0053687492208207566,-0.00859409497869279,0.002915527786836014,-0.011626996028212449,0.5543171449317416,0.5543171449317416,0.5543171449317416,0.003242755297850688,"2408.TW,2618.TW,1590.TW,2395.TW,3017.TW,2454.TW,2345.TW,2615.TW,2317.TW,2880.TW,5880.TW,2882.TW,2881.TW,2884.TW,2912.TW,6669.TW,2330.TW,1102.TW,9910.TW,1216.TW",2025,8765,20
2025-06-16,0.011615512501845584,0.0068707730143977574,0.002915527786836014,-0.011626996028212449,0.8017537977892875,0.8017537977892873,0.8017537977892875,0.004690259717067331,"2408.TW,2618.TW,1590.TW,2395.TW,3017.TW",2025,8765,5
2025-06-16,-0.0056004068794243585,-0.009501670744204938,0.002915527786836014,-0.011626996028212449,0.670638560737475,0.6706385607374753,0.6706385607374752,0.00392323558031423,"2408.TW,2618.TW,1590.TW,2395.TW,3017.TW,2454.TW,2345.TW,2615.TW,2317.TW,2880.TW,5880.TW,2882.TW,2881.TW,2884.TW,2912.TW",2025,8765,15
2025-06-16,0.03552643266069355,0.03147254888893736,0.002915527786836014,-0.011626996028212449,0.6691973889406486,0.6691973889406485,0.6691973889406486,0.003914804725302794,"2408.TW,2618.TW,1590.TW",2025,8765,3
2025-06-23,0.0016088217475092531,-0.002309081668652624,0.02283295374435812,0.007916826624016422,0.6686513388703087,0.6686513388703089,0.6686513388703088,0.0039116103323913074,"2357.TW,2330.TW,2379.TW,3008.TW,2303.TW,9910.TW,2892.TW,2408.TW,2884.TW,2615.TW,3017.TW,2603.TW,2887.TW,2885.TW,1590.TW",2025,8765,15
2025-06-23,0.01792231388591673,0.011967468349684207,0.02283295374435812,0.007916826624016422,1.0,1.0,1.0,0.00585,"2357.TW,2330.TW,2379.TW",2025,8765,3
2025-06-23,0.007185072383798421,0.0024629723553841743,0.02283295374435812,0.007916826624016422,0.8014381946143135,0.8014381946143138,0.8014381946143136,0.004688413438493735,"2357.TW,2330.TW,2379.TW,3008.TW,2303.TW,9910.TW,2892.TW,2408.TW,2884.TW,2615.TW",2025,8765,10
2025-06-23,-0.0006053959274547312,-0.004133525212496436,0.02283295374435812,0.007916826624016422,0.6034643579487261,0.6034643579487261,0.6034643579487261,0.0035302664940000477,"2357.TW,2330.TW,2379.TW,3008.TW,2303.TW,9910.TW,2892.TW,2408.TW,2884.TW,2615.TW,3017.TW,2603.TW,2887.TW,2885.TW,1590.TW,2886.TW,3045.TW,2912.TW,2609.TW,2412.TW",2025,8765,20
2025-06-23,0.024568096017138122,0.018574372655437932,0.02283295374435812,0.007916826624016422,1.0,0.9999999999999999,1.0,0.005849999999999999,"2357.TW,2330.TW,2379.TW,3008.TW,2303.TW",2025,8765,5
2025-06-30,0.006310078986066282,0.001509177509050108,0.0014469668313497053,0.00487501940889558,0.8155209177423304,0.8155209177423305,0.8155209177423304,0.004770797368792634,"2408.TW,2603.TW,2615.TW,2454.TW,1303.TW,5876.TW,2883.TW,3711.TW,2412.TW,2609.TW,1326.TW,5880.TW,3045.TW,6669.TW,1101.TW",2025,8765,15
2025-06-30,0.01311830127865578,0.00948156549248469,0.0014469668313497053,0.00487501940889558,0.6136146550385203,0.6136146550385203,0.6136146550385203,0.003589645731975344,"2408.TW,2603.TW,2615.TW,2454.TW,1303.TW,5876.TW,2883.TW,3711.TW,2412.TW,2609.TW,1326.TW,5880.TW,3045.TW,6669.TW,1101.TW,2308.TW,1301.TW,2891.TW,2887.TW,2886.TW",2025,8765,20
2025-06-30,-0.028726025024729797,-0.03440797777833515,0.0014469668313497053,0.00487501940889558,1.0,1.0,1.0,0.00585,"2408.TW,2603.TW,2615.TW",2025,8765,3
2025-06-30,0.007596035298826664,0.002759532070927939,0.0014469668313497053,0.00487501940889558,0.8205199897243699,0.8205199897243698,0.8205199897243698,0.004800041939887563,"2408.TW,2603.TW,2615.TW,2454.TW,1303.TW,5876.TW,2883.TW,3711.TW,2412.TW,2609.TW",2025,8765,10
2025-06-30,-0.00017927178556238592,-0.006028223045616898,0.0014469668313497053,0.00487501940889558,1.0,1.0,1.0,0.00585,"2408.TW,2603.TW,2615.TW,2454.TW,1303.TW",2025,8765,5
2025-07-07,-0.005318002082595297,-0.011136891770412105,0.018575810605574228,0.006302252973970608,1.0,1.0,1.0,0.00585,"3008.TW,4904.TW,3045.TW,1102.TW,2885.TW",2025,8765,5
2025-07-07,0.01558888949647273,0.011204435959523362,0.018575810605574228,0.006302252973970608,0.7379750259545987,0.7379750259545987,0.7379750259545987,0.004317153901834403,"3008.TW,4904.TW,3045.TW,1102.TW,2885.TW,2412.TW,2345.TW,3231.TW,3037.TW,1590.TW,3017.TW,1301.TW,2603.TW,2303.TW,2615.TW",2025,8765,15
2025-07-07,0.012542486872059562,0.008367682009640998,0.018575810605574228,0.006302252973970608,0.7048018883911475,0.7048018883911472,0.7048018883911473,0.0041230910470882115,"3008.TW,4904.TW,3045.TW,1102.TW,2885.TW,2412.TW,2345.TW,3231.TW,3037.TW,1590.TW,3017.TW,1301.TW,2603.TW,2303.TW,2615.TW,2327.TW,2379.TW,2395.TW,5880.TW,3034.TW",2025,8765,20
2025-07-07,-0.0005288839765300963,-0.006375790005267334,0.018575810605574228,0.006302252973970608,1.0,1.0,1.0,0.00585,"3008.TW,4904.TW,3045.TW",2025,8765,3
2025-07-07,0.00929693364504286,0.003978701070762369,0.018575810605574228,0.006302252973970608,0.9007255992187475,0.9007255992187476,0.9007255992187475,0.005269244755429674,"3008.TW,4904.TW,3045.TW,1102.TW,2885.TW,2412.TW,2345.TW,3231.TW,3037.TW,1590.TW",2025,8765,10
2025-07-14,0.022077998054744915,0.018440589347411107,0.03867606057640072,0.01905185534949511,0.6083481567887264,0.6083481567887263,0.6083481567887263,0.0035588367172140496,"2382.TW,2357.TW,6669.TW,3037.TW,3034.TW,3231.TW,2408.TW,2345.TW,1102.TW,2308.TW,1101.TW,2395.TW,2609.TW,2412.TW,2330.TW,2303.TW,2317.TW,2892.TW,2886.TW,5871.TW",2025,8765,20
2025-07-14,0.036180366190507754,0.030118711048293223,0.03867606057640072,0.01905185534949511,1.0,1.0,1.0,0.00585,"2382.TW,2357.TW,6669.TW,3037.TW,3034.TW",2025,8765,5
2025-07-14,0.02501535230240929,0.020979287090715504,0.03867606057640072,0.01905185534949511,0.6730881402535818,0.6730881402535819,0.6730881402535818,0.003937565620483454,"2382.TW,2357.TW,6669.TW,3037.TW,3034.TW,3231.TW,2408.TW,2345.TW,1102.TW,2308.TW,1101.TW,2395.TW,2609.TW,2412.TW,2330.TW",2025,8765,15
2025-07-14,0.030495991923247638,0.0268396378847382,0.03867606057640072,0.01905185534949511,0.6065213152300484,0.6065213152300483,0.6065213152300484,0.0035481496940957826,"2382.TW,2357.TW,6669.TW,3037.TW,3034.TW,3231.TW,2408.TW,2345.TW,1102.TW,2308.TW",2025,8765,10
2025-07-14,0.021749090102443153,0.015771857925343857,0.03867606057640072,0.01905185534949511,1.0,0.9999999999999999,1.0,0.005849999999999999,"2382.TW,2357.TW,6669.TW",2025,8765,3
2025-07-21,-0.004762638539881376,-0.008305251928454993,0.002946895142775352,0.010189449832468894,0.6084728745806827,0.6084728745806828,0.6084728745806827,0.0035595663162969944,"2884.TW,2408.TW,3017.TW,2887.TW,2603.TW,5876.TW,2379.TW,5880.TW,2882.TW,3037.TW,2892.TW,2885.TW,3034.TW,1590.TW,2609.TW,2412.TW,2615.TW,5871.TW,2886.TW,2881.TW",2025,8765,20
2025-07-21,-0.005828759378605985,-0.010133973997995205,0.002946895142775352,0.010189449832468894,0.740248855431124,0.7402488554311242,0.7402488554311241,0.0043304558042720764,"2884.TW,2408.TW,3017.TW,2887.TW,2603.TW,5876.TW,2379.TW,5880.TW,2882.TW,3037.TW,2892.TW,2885.TW,3034.TW,1590.TW,2609.TW",2025,8765,15
2025-07-21,-0.0009310285250014501,-0.006775582008130221,0.002946895142775352,0.010189449832468894,1.0,1.0,1.0,0.00585,"2884.TW,2408.TW,3017.TW",2025,8765,3
2025-07-21,-0.012056109012377882,-0.017835580774655524,0.002946895142775352,0.010189449832468894,1.0,0.9999999999999999,1.0,0.005849999999999999,"2884.TW,2408.TW,3017.TW,2887.TW,2603.TW",2025,8765,5
2025-07-21,-0.007206583992922001,-0.011884412110585107,0.002946895142775352,0.010189449832468894,0.8054331597786911,0.8054331597786911,0.8054331597786911,0.004711783984705343,"2884.TW,2408.TW,3017.TW,2887.TW,2603.TW,5876.TW,2379.TW,5880.TW,2882.TW,3037.TW",2025,8765,10
2025-07-28,0.011831303948626304,0.007839124013185206,0.0009794613602120972,0.005417199441851388,0.6744443643175351,0.6744443643175352,0.6744443643175351,0.003945499531257581,"1216.TW,2892.TW,2884.TW",2025,8765,3
2025-07-28,0.015487850666437299,0.011851174584168067,0.0009794613602120972,0.005417199441851388,0.61217279039741,0.6121727903974099,0.6121727903974099,0.0035812108238248482,"1216.TW,2892.TW,2884.TW,2887.TW,3008.TW",2025,8765,5
2025-07-28,-0.0008897328290211179,-0.004432568276330762,0.0009794613602120972,0.005417199441851388,0.6061522104970687,0.6061522104970687,0.6061522104970687,0.003545990431407852,"1216.TW,2892.TW,2884.TW,2887.TW,3008.TW,2454.TW,2891.TW,2912.TW,2882.TW,5880.TW,2395.TW,2880.TW,1301.TW,5871.TW,5876.TW",2025,8765,15
2025-07-28,0.004059779336461199,0.0010913455671397454,0.0009794613602120972,0.005417199441851388,0.5053728736029064,0.5053728736029064,0.5053728736029064,0.0029564313105770023,"1216.TW,2892.TW,2884.TW,2887.TW,3008.TW,2454.TW,2891.TW,2912.TW,2882.TW,5880.TW,2395.TW,2880.TW,1301.TW,5871.TW,5876.TW,3034.TW,2881.TW,2303.TW,2886.TW,2308.TW",2025,8765,20
2025-07-28,0.01111574529631818,0.007521816839163087,0.0009794613602120972,0.005417199441851388,0.6075928969267415,0.6075928969267413,0.6075928969267415,0.003554418447021437,"1216.TW,2892.TW,2884.TW,2887.TW,3008.TW,2454.TW,2891.TW,2912.TW,2882.TW,5880.TW",2025,8765,10
2025-08-05,0.04053083402582756,0.03444372864677625,0.04011740944826747,0.026372724808446588,1.0,1.0,1.0,0.00585,"1303.TW,3711.TW,2886.TW,3037.TW,1590.TW",2025,8765,5
2025-08-05,0.02449518443084857,0.02003807587318507,0.04011740944826747,0.026372724808446588,0.7436822645185711,0.7436822645185713,0.7436822645185712,0.0043505412474336425,"1303.TW,3711.TW,2886.TW,3037.TW,1590.TW,1301.TW,5871.TW,2207.TW,2303.TW,2454.TW,2603.TW,3034.TW,2345.TW,1102.TW,1216.TW",2025,8765,15
2025-08-05,0.02767795964461502,0.023988138850870033,0.04011740944826747,0.026372724808446588,0.613751215837574,0.613751215837574,0.613751215837574,0.003590444612649808,"1303.TW,3711.TW,2886.TW,3037.TW,1590.TW,1301.TW,5871.TW,2207.TW,2303.TW,2454.TW,2603.TW,3034.TW,2345.TW,1102.TW,1216.TW,2615.TW,5880.TW,1326.TW,2002.TW,2609.TW",2025,8765,20
2025-08-05,0.059800421543653615,0.05360058907762322,0.04011740944826747,0.026372724808446588,1.0,1.0,1.0,0.00585,"1303.TW,3711.TW,2886.TW",2025,8765,3
2025-08-05,0.032620173783990784,0.027155296819029173,0.04011740944826747,0.026372724808446588,0.9046569360874885,0.9046569360874887,0.9046569360874885,0.005292243076111809,"1303.TW,3711.TW,2886.TW,3037.TW,1590.TW,1301.TW,5871.TW,2207.TW,2303.TW,2454.TW",2025,8765,10
2025-08-12,-0.01913786766086394,-0.02430210678762945,-0.01128882948891552,-0.010737518089411915,0.8999999999999999,0.9,0.8999999999999999,0.005265,"2357.TW,5880.TW,2382.TW,2880.TW,2395.TW,2379.TW,3037.TW,2308.TW,2912.TW,1216.TW",2025,8765,10
2025-08-12,-0.015163153259782059,-0.0189533004833482,-0.01128882948891552,-0.010737518089411915,0.657863702428799,0.657863702428799,0.657863702428799,0.0038485026592084744,"2357.TW,5880.TW,2382.TW,2880.TW,2395.TW,2379.TW,3037.TW,2308.TW,2912.TW,1216.TW,2891.TW,1590.TW,3711.TW,1102.TW,1303.TW,2884.TW,3017.TW,3008.TW,3045.TW,2882.TW",2025,8765,20
2025-08-12,-0.01947140361383777,-0.025207495902696886,-0.01128882948891552,-0.010737518089411915,1.0,1.0,1.0,0.00585,"2357.TW,5880.TW,2382.TW,2880.TW,2395.TW",2025,8765,5
2025-08-12,-0.017072586574113216,-0.020570144487781827,-0.01128882948891552,-0.010737518089411915,0.608257679528776,0.6082576795287761,0.608257679528776,0.00355830742524334,"2357.TW,5880.TW,2382.TW,2880.TW,2395.TW,2379.TW,3037.TW,2308.TW,2912.TW,1216.TW,2891.TW,1590.TW,3711.TW,1102.TW,1303.TW",2025,8765,15
2025-08-12,-0.03171873019028544,-0.037383175618672326,-0.01128882948891552,-0.010737518089411915,1.0,1.0,1.0,0.00585,"2357.TW,5880.TW,2382.TW",2025,8765,3
2025-08-19,0.01509726117395389,0.009730675562012348,0.008563329245323992,0.0013274371751049174,0.9037213447009222,0.9037213447009222,0.9037213447009222,0.005286769866500395,"1303.TW,2308.TW,2345.TW,6669.TW,3017.TW,1101.TW,2408.TW,5876.TW,2618.TW,2615.TW",2025,8765,10
2025-08-19,0.07248731670438793,0.06621326590166743,0.008563329245323992,0.0013274371751049174,1.0,1.0,1.0,0.00585,"1303.TW,2308.TW,2345.TW",2025,8765,3
2025-08-19,0.012770896040216046,0.008008958350882889,0.008563329245323992,0.0013274371751049174,0.8037419378890923,0.8037419378890924,0.8037419378890924,0.004701890336651191,"1303.TW,2308.TW,2345.TW,6669.TW,3017.TW,1101.TW,2408.TW,5876.TW,2618.TW,2615.TW,2881.TW,2603.TW,1301.TW,1326.TW,1102.TW",2025,8765,15
2025-08-19,0.0126669110663971,0.009074237666840013,0.008563329245323992,0.0013274371751049174,0.6064503523728116,0.6064503523728118,0.6064503523728118,0.003547734561380949,"1303.TW,2308.TW,2345.TW,6669.TW,3017.TW,1101.TW,2408.TW,5876.TW,2618.TW,2615.TW,2881.TW,2603.TW,1301.TW,1326.TW,1102.TW,3711.TW,1590.TW,2885.TW,2882.TW,2379.TW",2025,8765,20
2025-08-19,0.03766986117867796,0.03159949249078253,0.008563329245323992,0.0013274371751049174,1.0,1.0,1.0,0.00585,"1303.TW,2308.TW,2345.TW,6669.TW,3017.TW",2025,8765,5
2025-08-26,0.00812980560538495,0.003001805166042981,-0.0207547290112029,-0.015009407041419953,0.8695123056658168,0.8695123056658167,0.8695123056658167,0.005086646988145028,"2002.TW,2885.TW,2887.TW,2883.TW,2880.TW,2412.TW,2892.TW,2882.TW,4904.TW,2618.TW,9910.TW,2884.TW,2881.TW,2886.TW,2891.TW",2025,8765,15
2025-08-26,0.01853700379784031,0.012578562325622933,-0.0207547290112029,-0.015009407041419953,1.0,0.9999999999999999,1.0,0.005849999999999999,"2002.TW,2885.TW,2887.TW,2883.TW,2880.TW",2025,8765,5
2025-08-26,0.013305792454114574,0.007958220434843843,-0.0207547290112029,-0.015009407041419953,0.9021115658237266,0.9021115658237266,0.9021115658237266,0.005277352660068802,"2002.TW,2885.TW,2887.TW,2883.TW,2880.TW,2412.TW,2892.TW,2882.TW,4904.TW,2618.TW",2025,8765,10
2025-08-26,0.0013792834376455958,-0.002744737281143994,-0.0207547290112029,-0.015009407041419953,0.7039898051521749,0.7039898051521745,0.7039898051521747,0.004118340360140221,"2002.TW,2885.TW,2887.TW,2883.TW,2880.TW,2412.TW,2892.TW,2882.TW,4904.TW,2618.TW,9910.TW,2884.TW,2881.TW,2886.TW,2891.TW,2912.TW,5880.TW,3017.TW,5871.TW,2308.TW",2025,8765,20
2025-08-26,0.007747863530040199,0.0018525385283894025,-0.0207547290112029,-0.015009407041419953,1.0,1.0,1.0,0.00585,"2002.TW,2885.TW,2887.TW",2025,8765,3
2025-09-02,0.05752501219532672,0.05133849087398401,0.04816962364594679,0.024435238883265677,1.0,1.0,1.0,0.00585,"1303.TW,3037.TW,2308.TW",2025,8765,3
2025-09-02,0.046563051240980986,0.041218374713380745,0.04816962364594679,0.024435238883265677,0.8729716935492258,0.8729716935492258,0.8729716935492258,0.005106884407262971,"1303.TW,3037.TW,2308.TW,1326.TW,2408.TW,1301.TW,2327.TW,2002.TW,3017.TW,2317.TW,2454.TW,3008.TW,2382.TW,2330.TW,9910.TW",2025,8765,15
2025-09-02,0.04434855177935998,0.04001798935809586,0.04816962364594679,0.024435238883265677,0.7088314330466713,0.708831433046671,0.7088314330466712,0.004146663883323026,"1303.TW,3037.TW,2308.TW,1326.TW,2408.TW,1301.TW,2327.TW,2002.TW,3017.TW,2317.TW,2454.TW,3008.TW,2382.TW,2330.TW,9910.TW,3231.TW,2618.TW,2357.TW,2885.TW,1590.TW",2025,8765,20
2025-09-02,0.045476689437743925,0.03994932059326839,0.04816962364594679,0.024435238883265677,0.9037498250029303,0.9037498250029301,0.9037498250029302,0.005286936476267141,"1303.TW,3037.TW,2308.TW,1326.TW,2408.TW,1301.TW,2327.TW,2002.TW,3017.TW,2317.TW",2025,8765,10
2025-09-02,0.06925323420131271,0.06299810278123519,0.04816962364594679,0.024435238883265677,1.0,0.9999999999999998,0.9999999999999999,0.005849999999999999,"1303.TW,3037.TW,2308.TW,1326.TW,2408.TW",2025,8765,5
2025-09-09,0.0001970860321878872,-0.004258699544795852,0.04044109960643638,0.01168329500622646,0.7615226627223113,0.761522662722311,0.7615226627223111,0.00445490757692552,"2883.TW,3711.TW,2379.TW,3008.TW,1303.TW,3034.TW,2002.TW,2912.TW,4904.TW,2618.TW,3017.TW,2880.TW,2884.TW,1216.TW,2609.TW,2615.TW,6669.TW,2882.TW,2603.TW,1101.TW",2025,8765,20
2025-09-09,-0.0019094178368237757,-0.006268483141379955,0.04044109960643638,0.01168329500622646,0.7465648725842674,0.7465648725842675,0.7465648725842675,0.0043674045046179655,"2883.TW,3711.TW,2379.TW,3008.TW,1303.TW,3034.TW,2002.TW,2912.TW,4904.TW,2618.TW,3017.TW,2880.TW,2884.TW,1216.TW,2609.TW",2025,8765,15
2025-09-09,0.0016053587242569316,-0.003209407246864582,0.04044109960643638,0.01168329500622646,0.8217177663553122,0.8217177663553121,0.8217177663553121,0.0048070489331785765,"2883.TW,3711.TW,2379.TW,3008.TW,1303.TW",2025,8765,5
2025-09-09,-0.006043447669873648,-0.01077884997732459,0.04044109960643638,0.01168329500622646,0.814392216650225,0.8143922166502249,0.8143922166502249,0.004764194467403816,"2883.TW,3711.TW,2379.TW,3008.TW,1303.TW,3034.TW,2002.TW,2912.TW,4904.TW,2618.TW",2025,8765,10
2025-09-09,0.02771530320042533,0.021703168676702855,0.04044109960643638,0.01168329500622646,1.0,1.0,1.0,0.00585,"2883.TW,3711.TW,2379.TW",2025,8765,3
2025-09-16,0.026716208303757226,0.023457808855163576,0.03710255199518575,0.017497765500229585,0.5424978725661466,0.5424978725661469,0.5424978725661467,0.003173612554511959,"1303.TW,3008.TW,2308.TW,2345.TW,1590.TW,2912.TW,2884.TW,2880.TW,3045.TW,5871.TW,2883.TW,2892.TW,2618.TW,1301.TW,2327.TW",2025,8765,15
2025-09-16,0.028088382908447285,0.02438572360866398,0.03710255199518575,0.017497765500229585,0.6156408574986607,0.6156408574986607,0.6156408574986607,0.0036014990163671656,"1303.TW,3008.TW,2308.TW,2345.TW,1590.TW",2025,8765,5
2025-09-16,0.022234703593931055,0.018601294596716222,0.03710255199518575,0.017497765500229585,0.6075860591465226,0.6075860591465225,0.6075860591465225,0.003554378446007157,"1303.TW,3008.TW,2308.TW,2345.TW,1590.TW,2912.TW,2884.TW,2880.TW,3045.TW,5871.TW,2883.TW,2892.TW,2618.TW,1301.TW,2327.TW,1102.TW,5880.TW,1326.TW,2412.TW,4904.TW",2025,8765,20
2025-09-16,0.05159381668803076,0.04544199286040573,0.03710255199518575,0.017497765500229585,1.0,1.0000000000000002,1.0,0.005850000000000001,"1303.TW,3008.TW,2308.TW",2025,8765,3
2025-09-16,0.016221508669857877,0.012016577403315631,0.03710255199518575,0.017497765500229585,0.7073179059506709,0.7073179059506709,0.7073179059506709,0.004137809749811425,"1303.TW,3008.TW,2308.TW,2345.TW,1590.TW,2912.TW,2884.TW,2880.TW,3045.TW,5871.TW",2025,8765,10
2025-09-23,0.020304370062737928,0.015529345610844292,0.00511069023784394,0.006204393494016398,0.8,0.7999999999999998,0.7999999999999999,0.004679999999999999,"2454.TW,2308.TW,2408.TW,9910.TW,2615.TW",2025,8765,5
2025-09-23,-0.0004150481189514842,-0.00454359931725723,0.00511069023784394,0.006204393494016398,0.7060282832845561,0.7060282832845564,0.7060282832845562,0.004130265457214654,"2454.TW,2308.TW,2408.TW,9910.TW,2615.TW,2603.TW,2609.TW,2884.TW,2880.TW,2883.TW,3045.TW,3037.TW,2379.TW,1216.TW,2881.TW,2207.TW,2892.TW,2891.TW,2885.TW,2886.TW",2025,8765,20
2025-09-23,-0.007597585252376822,-0.011467954669892588,0.00511069023784394,0.006204393494016398,0.6666666666666666,0.6666666666666665,0.6666666666666665,0.0038999999999999994,"2454.TW,2308.TW,2408.TW",2025,8765,3
2025-09-23,-0.0007109381802609851,-0.004655876827968863,0.00511069023784394,0.006204393494016398,0.67482824795427,0.67482824795427,0.67482824795427,0.00394774525053248,"2454.TW,2308.TW,2408.TW,9910.TW,2615.TW,2603.TW,2609.TW,2884.TW,2880.TW,2883.TW,3045.TW,3037.TW,2379.TW,1216.TW,2881.TW",2025,8765,15
2025-09-23,0.0018618208153288718,-0.00226466371587708,0.00511069023784394,0.006204393494016398,0.7040711168854419,0.7040711168854418,0.7040711168854419,0.004118816033779835,"2454.TW,2308.TW,2408.TW,9910.TW,2615.TW,2603.TW,2609.TW,2884.TW,2880.TW,2883.TW",2025,8765,10
2025-10-01,0.05204215688561096,0.0471091467988729,0.01525423224688871,-0.0009019342537163477,0.8015359289145629,0.801535928914563,0.8015359289145629,0.004688985184150194,"2327.TW,2408.TW,3711.TW,2379.TW,3034.TW",2025,8765,5
2025-10-01,0.01768318366617439,0.014654069726654173,0.01525423224688871,-0.0009019342537163477,0.5088000498873415,0.5088000498873415,0.5088000498873415,0.0029764802918409478,"2327.TW,2408.TW,3711.TW,2379.TW,3034.TW,5871.TW,2454.TW,2885.TW,2303.TW,2882.TW,2618.TW,2308.TW,2382.TW,1590.TW,2886.TW,2395.TW,2207.TW,3037.TW,2609.TW,2880.TW",2025,8765,20
2025-10-01,0.02961758177157374,0.02516489929118726,0.01525423224688871,-0.0009019342537163477,0.7392475787271927,0.7392475787271926,0.7392475787271926,0.004324598335554077,"2327.TW,2408.TW,3711.TW,2379.TW,3034.TW,5871.TW,2454.TW,2885.TW,2303.TW,2882.TW,2618.TW,2308.TW,2382.TW,1590.TW,2886.TW",2025,8765,15
2025-10-01,0.06949555128786367,0.06532451863784106,0.01525423224688871,-0.0009019342537163477,0.6666666666666666,0.6666666666666667,0.6666666666666667,0.0039000000000000003,"2327.TW,2408.TW,3711.TW",2025,8765,3
2025-10-01,0.02594301552529673,0.021115989956813408,0.01525423224688871,-0.0009019342537163477,0.8042674527947603,0.8042674527947604,0.8042674527947604,0.004704964598849348,"2327.TW,2408.TW,3711.TW,2379.TW,3034.TW,5871.TW,2454.TW,2885.TW,2303.TW,2882.TW",2025,8765,10
2025-10-09,0.03608011574457145,0.032957711832644954,0.04090145842430859,0.030150365459103535,0.5151573226220918,0.5151573226220916,0.5151573226220917,0.003013670337339236,"6669.TW,2892.TW,3231.TW,2327.TW,5880.TW,5871.TW,2357.TW,2382.TW,2412.TW,2002.TW,3037.TW,2886.TW,2609.TW,2880.TW,2891.TW,2408.TW,2885.TW,2618.TW,1216.TW,2884.TW",2025,8765,20
2025-10-09,0.03581341256987237,0.03130621937622813,0.04090145842430859,0.030150365459103535,0.7438215856564188,0.7438215856564189,0.7438215856564188,0.004351356276090051,"6669.TW,2892.TW,3231.TW,2327.TW,5880.TW,5871.TW,2357.TW,2382.TW,2412.TW,2002.TW,3037.TW,2886.TW,2609.TW,2880.TW,2891.TW",2025,8765,15
2025-10-09,0.05341091898488031,0.04843014501097476,0.04090145842430859,0.030150365459103535,0.8082452338108002,0.8082452338108,0.8082452338108002,0.004728234617793181,"6669.TW,2892.TW,3231.TW,2327.TW,5880.TW",2025,8765,5
2025-10-09,0.055676921945350524,0.049501211951970214,0.04090145842430859,0.030150365459103535,1.0,0.9999999999999999,1.0,0.005849999999999999,"6669.TW,2892.TW,3231.TW",2025,8765,3
2025-10-09,0.032901526838371324,0.028020580337727363,0.04090145842430859,0.030150365459103535,0.8077728684589799,0.8077728684589798,0.8077728684589798,0.004725471280485032,"6669.TW,2892.TW,3231.TW,2327.TW,5880.TW,5871.TW,2357.TW,2382.TW,2412.TW,2002.TW",2025,8765,10
2025-10-17,0.01978377826841753,0.013818043165547245,0.019246265641791105,0.016692269029702892,1.0,1.0,1.0,0.00585,"2345.TW,2308.TW,2885.TW,1590.TW,9910.TW",2025,8765,5
2025-10-17,0.02100377575169732,0.01706207950836669,0.019246265641791105,0.016692269029702892,0.6599331419054957,0.6599331419054956,0.6599331419054957,0.0038606088801471494,"2345.TW,2308.TW,2885.TW,1590.TW,9910.TW,2882.TW,3017.TW,2379.TW,3008.TW,3231.TW,2330.TW,2408.TW,2886.TW,2887.TW,3034.TW,5876.TW,2880.TW,2382.TW,2892.TW,2454.TW",2025,8765,20
2025-10-17,0.023151684626219783,0.017166247271156454,0.019246265641791105,0.016692269029702892,1.0,0.9999999999999998,0.9999999999999999,0.005849999999999999,"2345.TW,2308.TW,2885.TW",2025,8765,3
2025-10-17,0.024269710452711802,0.019039543507755052,0.019246265641791105,0.016692269029702892,0.8728615348992393,0.8728615348992395,0.8728615348992395,0.005106239979160551,"2345.TW,2308.TW,2885.TW,1590.TW,9910.TW,2882.TW,3017.TW,2379.TW,3008.TW,3231.TW,2330.TW,2408.TW,2886.TW,2887.TW,3034.TW",2025,8765,15
2025-10-17,0.020945312576428853,0.015538837683880757,0.019246265641791105,0.016692269029702892,0.9052235520663594,0.9052235520663595,0.9052235520663594,0.005295557779588203,"2345.TW,2308.TW,2885.TW,1590.TW,9910.TW,2882.TW,3017.TW,2379.TW,3008.TW,3231.TW",2025,8765,10
2025-10-27,-0.010301578248575086,-0.014603556298322884,0.014948759032226588,0.004335648376538084,0.7430352994838206,0.7430352994838209,0.7430352994838207,0.004346756501980352,"6669.TW,2379.TW,2618.TW,9910.TW,2887.TW,3045.TW,2615.TW,2880.TW,2412.TW,2886.TW,4904.TW,1303.TW,1216.TW,5880.TW,2892.TW",2025,8765,15
2025-10-27,-0.014561798421829052,-0.01920906198557526,0.014948759032226588,0.004335648376538084,0.8061429186716864,0.8061429186716863,0.8061429186716864,0.004715936074229365,"6669.TW,2379.TW,2618.TW,9910.TW,2887.TW",2025,8765,5
2025-10-27,-0.014539056719132795,-0.01777016452333846,0.014948759032226588,0.004335648376538084,0.5604748966896504,0.5604748966896502,0.5604748966896503,0.003278778145634454,"6669.TW,2379.TW,2618.TW,9910.TW,2887.TW,3045.TW,2615.TW,2880.TW,2412.TW,2886.TW,4904.TW,1303.TW,1216.TW,5880.TW,2892.TW,3008.TW,2882.TW,1102.TW,5876.TW,2207.TW",2025,8765,20
2025-10-27,0.002479613030483902,-0.003384892705744491,0.014948759032226588,0.004335648376538084,1.0,1.0,1.0,0.00585,"6669.TW,2379.TW,2618.TW",2025,8765,3
2025-10-27,-0.00844503281380642,-0.013130596357424196,0.014948759032226588,0.004335648376538084,0.807772700055123,0.8077727000551231,0.8077727000551231,0.00472547029532247,"6669.TW,2379.TW,2618.TW,9910.TW,2887.TW,3045.TW,2615.TW,2880.TW,2412.TW,2886.TW",2025,8765,10
2025-11-03,0.005392889552030816,0.0012495244729895383,-0.013178244841469455,-0.0036147433072815562,0.7044684145264254,0.7044684145264251,0.7044684145264253,0.004121140224979588,"2357.TW,2308.TW,3231.TW,2317.TW,2408.TW,1326.TW,1301.TW,2382.TW,2379.TW,2327.TW,1102.TW,2454.TW,1101.TW,2395.TW,1216.TW,2912.TW,2892.TW,1303.TW,2886.TW,2002.TW",2025,8765,20
2025-11-03,0.010382947033957302,0.005046782546290762,-0.013178244841469455,-0.0036147433072815562,0.9027912360994504,0.9027912360994506,0.9027912360994506,0.005281328731181785,"2357.TW,2308.TW,3231.TW,2317.TW,2408.TW,1326.TW,1301.TW,2382.TW,2379.TW,2327.TW",2025,8765,10
2025-11-03,-0.014566833185531461,-0.02033161721139609,-0.013178244841469455,-0.0036147433072815562,1.0,1.0,1.0,0.00585,"2357.TW,2308.TW,3231.TW",2025,8765,3
2025-11-03,0.02805489075272003,0.02204076964181656,-0.013178244841469455,-0.0036147433072815562,1.0,1.0,1.0,0.00585,"2357.TW,2308.TW,3231.TW,2317.TW,2408.TW",2025,8765,5
2025-11-03,0.0050572690399960825,-5.250843617199408e-05,-0.013178244841469455,-0.0036147433072815562,0.8690711088301891,0.8690711088301892,0.8690711088301892,0.005084065986656607,"2357.TW,2308.TW,3231.TW,2317.TW,2408.TW,1326.TW,1301.TW,2382.TW,2379.TW,2327.TW,1102.TW,2454.TW,1101.TW,2395.TW,1216.TW",2025,8765,15
2025-11-10,-0.03882273864491577,-0.04444562562384302,-0.03692065360806607,-0.013000849127944898,1.0,1.0,1.0,0.00585,"3711.TW,4904.TW,2327.TW",2025,8765,3
2025-11-10,-0.022012944182914735,-0.027002335036482528,-0.03692065360806607,-0.013000849127944898,0.8720844722056389,0.8720844722056388,0.8720844722056389,0.005101694162402987,"3711.TW,4904.TW,2327.TW,2609.TW,2345.TW,2615.TW,2603.TW,6669.TW,2303.TW,9910.TW,2885.TW,3017.TW,2408.TW,2880.TW,3045.TW",2025,8765,15
2025-11-10,-0.016286943913890153,-0.021515746874871122,-0.03692065360806607,-0.013000849127944898,0.9086109678352357,0.9086109678352357,0.9086109678352357,0.005315374161836129,"3711.TW,4904.TW,2327.TW,2609.TW,2345.TW,2615.TW,2603.TW,6669.TW,2303.TW,9910.TW",2025,8765,10
2025-11-10,-0.02644327636077886,-0.03213858319406826,-0.03692065360806607,-0.013000849127944898,1.0,1.0,1.0,0.00585,"3711.TW,4904.TW,2327.TW,2609.TW,2345.TW",2025,8765,5
2025-11-10,-0.026705196222527518,-0.030760823722219444,-0.03692065360806607,-0.013000849127944898,0.7122915435039039,0.7122915435039034,0.7122915435039037,0.0041669055294978365,"3711.TW,4904.TW,2327.TW,2609.TW,2345.TW,2615.TW,2603.TW,6669.TW,2303.TW,9910.TW,2885.TW,3017.TW,2408.TW,2880.TW,3045.TW,2454.TW,2357.TW,2881.TW,2395.TW,1216.TW",2025,8765,20
2025-11-17,-0.023054165328844557,-0.028769298461670756,-0.009787916731649027,0.0018038253934506087,1.0,1.0,1.0,0.00585,"2317.TW,2408.TW,2885.TW",2025,8765,3
2025-11-17,-0.008002150728164592,-0.012653760258328983,-0.009787916731649027,0.0018038253934506087,0.8015611413037966,0.8015611413037966,0.8015611413037966,0.00468913267662721,"2317.TW,2408.TW,2885.TW,2327.TW,2883.TW",2025,8765,5
2025-11-17,-0.001711819874793469,-0.0049884852920464295,-0.009787916731649027,0.0018038253934506087,0.5610742045134861,0.5610742045134862,0.5610742045134862,0.0032822840964038943,"2317.TW,2408.TW,2885.TW,2327.TW,2883.TW,1590.TW,3017.TW,2882.TW,2330.TW,3711.TW,1102.TW,6669.TW,3008.TW,4904.TW,2881.TW,2357.TW,2891.TW,2308.TW,3231.TW,5880.TW",2025,8765,20
2025-11-17,-0.008334524636922955,-0.011485063498685166,-0.009787916731649027,0.0018038253934506087,0.5430799649308116,0.5430799649308117,0.5430799649308116,0.003177017794845248,"2317.TW,2408.TW,2885.TW,2327.TW,2883.TW,1590.TW,3017.TW,2882.TW,2330.TW,3711.TW,1102.TW,6669.TW,3008.TW,4904.TW,2881.TW",2025,8765,15
2025-11-17,-0.014479113351536434,-0.019117693415369175,-0.009787916731649027,0.0018038253934506087,0.8045691164677186,0.8045691164677186,0.8045691164677186,0.004706729331336154,"2317.TW,2408.TW,2885.TW,2327.TW,2883.TW,1590.TW,3017.TW,2882.TW,2330.TW,3711.TW",2025,8765,10
2025-11-24,0.04680731191916117,0.04387984544217627,0.018121896133772797,0.02053152079556704,0.4780455909120276,0.47804559091202753,0.4780455909120276,0.0027965667068353614,"1303.TW,6669.TW,2317.TW,2308.TW,3017.TW,2615.TW,2330.TW,2408.TW,3711.TW,2454.TW,2207.TW,4904.TW,3231.TW,2885.TW,3037.TW",2025,8765,15
2025-11-24,0.04297533240913128,0.04077638956173013,0.018121896133772797,0.02053152079556704,0.36039938294051777,0.36039938294051777,0.36039938294051777,0.002108336390202029,"1303.TW,6669.TW,2317.TW,2308.TW,3017.TW,2615.TW,2330.TW,2408.TW,3711.TW,2454.TW,2207.TW,4904.TW,3231.TW,2885.TW,3037.TW,2357.TW,2345.TW,2327.TW,1326.TW,1102.TW",2025,8765,20
2025-11-24,0.05480047616720395,0.05067617776173883,0.018121896133772797,0.02053152079556704,0.6683806941386793,0.6683806941386792,0.6683806941386792,0.003910027060711274,"1303.TW,6669.TW,2317.TW",2025,8765,3
2025-11-24,0.05854040714586944,0.05356137406032002,0.018121896133772797,0.02053152079556704,0.804047498815305,0.8040474988153049,0.804047498815305,0.004703677868069534,"1303.TW,6669.TW,2317.TW,2308.TW,3017.TW",2025,8765,5
2025-11-24,0.059116057903919925,0.05593817719094041,0.018121896133772797,0.02053152079556704,0.512906464074635,0.5129064640746351,0.512906464074635,0.0030005028148366157,"1303.TW,6669.TW,2317.TW,2308.TW,3017.TW,2615.TW,2330.TW,2408.TW,3711.TW,2454.TW",2025,8765,10
2025-12-01,0.027881446359223537,0.024170279160000918,0.03236244188059145,0.012224120418322111,0.6171796929205249,0.6171796929205249,0.6171796929205249,0.003610501203585071,"2207.TW,1590.TW,2317.TW,2357.TW,3017.TW",2025,8765,5
2025-12-01,0.036665185012338876,0.03247883761113557,0.03236244188059145,0.012224120418322111,0.6903047876235255,0.6903047876235253,0.6903047876235254,0.004038283007597623,"2207.TW,1590.TW,2317.TW",2025,8765,3
2025-12-01,0.022694269262761767,0.019874495453644725,0.03236244188059145,0.012224120418322111,0.4713164348623683,0.47131643486236835,0.4713164348623683,0.002757201143944855,"2207.TW,1590.TW,2317.TW,2357.TW,3017.TW,2330.TW,2327.TW,1303.TW,5880.TW,2892.TW,5871.TW,2412.TW,2408.TW,3008.TW,5876.TW,3231.TW,6669.TW,2883.TW,2880.TW,4904.TW",2025,8765,20
2025-12-01,0.020806692731758142,0.017125084890046383,0.03236244188059145,0.012224120418322111,0.6165071979619559,0.6165071979619561,0.616507197961956,0.003606567108077443,"2207.TW,1590.TW,2317.TW,2357.TW,3017.TW,2330.TW,2327.TW,1303.TW,5880.TW,2892.TW,5871.TW,2412.TW,2408.TW,3008.TW,5876.TW",2025,8765,15
2025-12-01,0.026969713970825746,0.023281276472930656,0.03236244188059145,0.012224120418322111,0.613944235954614,0.6139442359546139,0.6139442359546139,0.0035915737803344917,"2207.TW,1590.TW,2317.TW,2357.TW,3017.TW,2330.TW,2327.TW,1303.TW,5880.TW,2892.TW",2025,8765,10
2025-12-08,-0.0020695848221093296,-0.00676501561299736,-0.02664578915785254,-0.0070864096395593075,0.8043023138933817,0.8043023138933814,0.8043023138933816,0.004705168536276281,"1303.TW,3008.TW,9910.TW,2912.TW,2345.TW,2603.TW,2357.TW,2609.TW,6669.TW,2002.TW",2025,8765,10
2025-12-08,-0.0013668120429044747,-0.006074509273539919,-0.02664578915785254,-0.0070864096395593075,0.8058359956828892,0.8058359956828893,0.8058359956828893,0.004714140574744903,"1303.TW,3008.TW,9910.TW,2912.TW,2345.TW,2603.TW,2357.TW,2609.TW,6669.TW,2002.TW,4904.TW,3037.TW,2885.TW,3045.TW,1102.TW",2025,8765,15
2025-12-08,-0.0006848372189642694,-0.005112612142259665,-0.02664578915785254,-0.0070864096395593075,0.7574033002424898,0.7574033002424893,0.7574033002424896,0.004430809306418563,"1303.TW,3008.TW,9910.TW,2912.TW,2345.TW,2603.TW,2357.TW,2609.TW,6669.TW,2002.TW,4904.TW,3037.TW,2885.TW,3045.TW,1102.TW,2615.TW,1101.TW,1216.TW,2891.TW,2379.TW",2025,8765,20
2025-12-08,0.014693629183185529,0.008757671452463978,-0.02664578915785254,-0.0070864096395593075,1.0,1.0,1.0,0.00585,"1303.TW,3008.TW,9910.TW,2912.TW,2345.TW",2025,8765,5
2025-12-08,-0.02816557964902814,-0.033850811008081294,-0.02664578915785254,-0.0070864096395593075,1.0,1.0,1.0,0.00585,"1303.TW,3008.TW,9910.TW",2025,8765,3
2025-12-15,0.02326262764688647,0.017276541275152102,0.022544330867990237,0.020889488660054703,1.0,1.0,1.0,0.00585,"6669.TW,3711.TW,2330.TW,3017.TW,2327.TW",2025,8765,5
2025-12-15,0.018796814335437874,0.01338089815634147,0.022544330867990237,0.020889488660054703,0.9087166591272068,0.9087166591272066,0.9087166591272067,0.005315992455894159,"6669.TW,3711.TW,2330.TW,3017.TW,2327.TW,3037.TW,3231.TW,2317.TW,2308.TW,2379.TW",2025,8765,10
2025-12-15,0.013090213784552624,0.007163636033912901,0.022544330867990237,0.020889488660054703,1.0,1.0,1.0,0.00585,"6669.TW,3711.TW,2330.TW",2025,8765,3
2025-12-15,0.02080360504565396,0.015591018006590796,0.022544330867990237,0.020889488660054703,0.8728814387936177,0.8728814387936177,0.8728814387936177,0.005106356416942664,"6669.TW,3711.TW,2330.TW,3017.TW,2327.TW,3037.TW,3231.TW,2317.TW,2308.TW,2379.TW,2303.TW,2382.TW,2887.TW,2454.TW,2881.TW",2025,8765,15
2025-12-15,0.0233335520048507,0.01879069573133818,0.022544330867990237,0.020889488660054703,0.7588499628781542,0.7588499628781536,0.758849962878154,0.004439272282837199,"6669.TW,3711.TW,2330.TW,3017.TW,2327.TW,3037.TW,3231.TW,2317.TW,2308.TW,2379.TW,2303.TW,2382.TW,2887.TW,2454.TW,2881.TW,5880.TW,9910.TW,2882.TW,1303.TW,5876.TW",2025,8765,20
2025-12-22,-0.003725546897426902,-0.00955375244807699,0.025196869937415878,0.007078873242424815,1.0,1.0,1.0,0.00585,"2345.TW,2207.TW,2884.TW,2880.TW,9910.TW",2025,8765,5
2025-12-22,0.0043259924474168265,-0.001549314608400576,0.025196869937415878,0.007078873242424815,1.0,1.0,1.0,0.00585,"2345.TW,2207.TW,2884.TW",2025,8765,3
2025-12-22,-0.009838930230066502,-0.014523722742872502,0.025196869937415878,0.007078873242424815,0.8087767307841861,0.8087767307841861,0.8087767307841861,0.004731343875087489,"2345.TW,2207.TW,2884.TW,2880.TW,9910.TW,3037.TW,2379.TW,2357.TW,5880.TW,2887.TW",2025,8765,10
2025-12-22,0.0018185245755397202,-0.0017665325789772979,0.025196869937415878,0.007078873242424815,0.6117178588637944,0.6117178588637942,0.6117178588637943,0.003578549474353196,"2345.TW,2207.TW,2884.TW,2880.TW,9910.TW,3037.TW,2379.TW,2357.TW,5880.TW,2887.TW,2603.TW,1102.TW,2912.TW,2885.TW,2382.TW,2454.TW,2412.TW,2303.TW,2408.TW,4904.TW",2025,8765,20
2025-12-22,-0.0038170917206067872,-0.008153087950664606,0.025196869937415878,0.007078873242424815,0.744035990380745,0.7440359903807451,0.744035990380745,0.004352610543727358,"2345.TW,2207.TW,2884.TW,2880.TW,9910.TW,3037.TW,2379.TW,2357.TW,5880.TW,2887.TW,2603.TW,1102.TW,2912.TW,2885.TW,2382.TW",2025,8765,15
2025-12-30,0.031917327756551796,0.02886212333221372,0.06989250862734986,0.02654082036243807,0.506103689225713,0.5061036892257132,0.5061036892257131,0.0029607065819704224,"2885.TW,2618.TW,2412.TW,1301.TW,5871.TW,2880.TW,2881.TW,2408.TW,2886.TW,3034.TW,1216.TW,2303.TW,2345.TW,5880.TW,2883.TW,2207.TW,2379.TW,2357.TW,2891.TW,1303.TW",2025,8765,20
2025-12-30,0.030220131204032188,0.02579486007956522,0.06989250862734986,0.02654082036243807,0.7342669586439815,0.7342669586439818,0.7342669586439816,0.004295461708067293,"2885.TW,2618.TW,2412.TW,1301.TW,5871.TW,2880.TW,2881.TW,2408.TW,2886.TW,3034.TW,1216.TW,2303.TW,2345.TW,5880.TW,2883.TW",2025,8765,15
2025-12-30,0.009435447147595255,0.0035302497817817358,0.06989250862734986,0.02654082036243807,1.0,1.0,1.0,0.00585,"2885.TW,2618.TW,2412.TW",2025,8765,3
2025-12-30,0.03184272439900809,0.02641007245504734,0.06989250862734986,0.02654082036243807,0.8999999999999999,0.9,0.8999999999999999,0.005265,"2885.TW,2618.TW,2412.TW,1301.TW,5871.TW,2880.TW,2881.TW,2408.TW,2886.TW,3034.TW",2025,8765,10
2025-12-30,0.012234594688445701,0.006313022309518246,0.06989250862734986,0.02654082036243807,1.0,1.0,1.0,0.00585,"2885.TW,2618.TW,2412.TW,1301.TW,5871.TW",2025,8765,5
2026-01-02,0.016270858344440343,0.014822672371299639,0.03524243809197891,0.014319902314377774,0.9999999999999999,0.0,0.49999999999999994,0.0014249999999999998,"1303.TW,2885.TW,1326.TW,2618.TW,5871.TW,2882.TW,2603.TW,3017.TW,5876.TW,2891.TW",2026,8765,10
2026-01-02,0.009291797940770322,0.007853557128704614,0.03524243809197891,0.014319902314377774,0.9999999999999999,0.0,0.49999999999999994,0.0014249999999999998,"1303.TW,2885.TW,1326.TW,2618.TW,5871.TW,2882.TW,2603.TW,3017.TW,5876.TW,2891.TW,5880.TW,2002.TW,2412.TW,2884.TW,2609.TW",2026,8765,15
2026-01-02,0.03717170287066871,0.03569373319407787,0.03524243809197891,0.014319902314377774,1.0,0.0,0.5,0.001425,"1303.TW,2885.TW,1326.TW,2618.TW,5871.TW",2026,8765,5
2026-01-02,0.011733830392857221,0.010292109684547412,0.03524243809197891,0.014319902314377774,1.0000000000000002,0.0,0.5000000000000001,0.0014250000000000003,"1303.TW,2885.TW,1326.TW,2618.TW,5871.TW,2882.TW,2603.TW,3017.TW,5876.TW,2891.TW,5880.TW,2002.TW,2412.TW,2884.TW,2609.TW,3037.TW,1101.TW,2881.TW,9910.TW,2408.TW",2026,8765,20
2026-01-02,0.056015449240613885,0.054510627225446084,0.03524243809197891,0.014319902314377774,1.0,0.0,0.5,0.001425,"1303.TW,2885.TW,1326.TW",2026,8765,3
2026-01-09,-0.0543631757846699,-0.0598951512063296,0.01702117147594251,0.01582844441723115,1.0,1.0,1.0,0.00585,"6669.TW,3008.TW,2412.TW",2026,8765,3
2026-01-09,0.02419626074943584,0.021139531957531377,0.01702117147594251,0.01582844441723115,0.5101734523259703,0.5101734523259704,0.5101734523259704,0.002984514696106927,"6669.TW,3008.TW,2412.TW,1303.TW,3231.TW,2618.TW,9910.TW,2345.TW,2317.TW,2454.TW,2408.TW,3017.TW,2884.TW,2881.TW,1326.TW,5876.TW,2883.TW,2327.TW,4904.TW,3711.TW",2026,8765,20
2026-01-09,0.0005846381902050663,-0.004102748354548047,0.01702117147594251,0.01582844441723115,0.800794482185976,0.8007944821859759,0.800794482185976,0.004684647720787959,"6669.TW,3008.TW,2412.TW,1303.TW,3231.TW,2618.TW,9910.TW,2345.TW,2317.TW,2454.TW",2026,8765,10
2026-01-09,-0.0032819912668073277,-0.007946631547678606,0.01702117147594251,0.01582844441723115,0.8,0.7999999999999998,0.7999999999999999,0.004679999999999999,"6669.TW,3008.TW,2412.TW,1303.TW,3231.TW",2026,8765,5
2026-01-09,0.0159878184973478,0.012383473440243264,0.01702117147594251,0.01582844441723115,0.6064318380313465,0.6064318380313466,0.6064318380313465,0.0035476262524833774,"6669.TW,3008.TW,2412.TW,1303.TW,3231.TW,2618.TW,9910.TW,2345.TW,2317.TW,2454.TW,2408.TW,3017.TW,2884.TW,2881.TW,1326.TW",2026,8765,15
2026-01-16,-0.0035487944229003927,-0.007179869452071497,0.02189342338326461,0.012594810953149363,0.6229071556229613,0.6229071556229612,0.6229071556229613,0.0036440068603943235,"6669.TW,3017.TW,2357.TW,2412.TW,9910.TW",2026,8765,5
2026-01-16,0.002627712789589498,-0.001566932371849794,0.02189342338326461,0.012594810953149363,0.7151541412463206,0.7151541412463207,0.7151541412463207,0.004183651726290976,"6669.TW,3017.TW,2357.TW,2412.TW,9910.TW,2379.TW,2408.TW,2603.TW,2892.TW,3034.TW",2026,8765,10
2026-01-16,0.00486940910214199,0.0008197103030114228,0.02189342338326461,0.012594810953149363,0.6889016609612169,0.6889016609612169,0.6889016609612169,0.004030074716623118,"6669.TW,3017.TW,2357.TW",2026,8765,3
2026-01-16,0.0031756476237773997,-0.0004391196848950729,0.02189342338326461,0.012594810953149363,0.6159528923145804,0.6159528923145804,0.6159528923145804,0.0036033244200402953,"6669.TW,3017.TW,2357.TW,2412.TW,9910.TW,2379.TW,2408.TW,2603.TW,2892.TW,3034.TW,2883.TW,2618.TW,4904.TW,2002.TW,2886.TW",2026,8765,15
2026-01-16,0.0019573958998157274,-0.0008118253527124031,0.02189342338326461,0.012594810953149363,0.4724463896523218,0.47244638965232194,0.4724463896523219,0.0027638113794660833,"6669.TW,3017.TW,2357.TW,2412.TW,9910.TW,2379.TW,2408.TW,2603.TW,2892.TW,3034.TW,2883.TW,2618.TW,4904.TW,2002.TW,2886.TW,3231.TW,2885.TW,3008.TW,3711.TW,2891.TW",2026,8765,20
2026-01-23,-0.02239396525522136,-0.026415619215092945,-0.009688494563912298,-0.0005802410522033741,0.7032098728217605,0.7032098728217606,0.7032098728217606,0.004113777756007299,"2303.TW,2408.TW,1303.TW,2327.TW,6669.TW,2880.TW,2891.TW,4904.TW,2345.TW,2379.TW",2026,8765,10
2026-01-23,-0.013897577236250453,-0.01699394255147091,-0.009688494563912298,-0.0005802410522033741,0.5367527794867121,0.5367527794867123,0.5367527794867122,0.0031400037599972667,"2303.TW,2408.TW,1303.TW,2327.TW,6669.TW,2880.TW,2891.TW,4904.TW,2345.TW,2379.TW,2885.TW,2412.TW,2892.TW,2883.TW,3045.TW",2026,8765,15
2026-01-23,-0.0004788996640243681,-0.00632609810098983,-0.009688494563912298,-0.0005802410522033741,1.0,1.0,1.0,0.00585,"2303.TW,2408.TW,1303.TW",2026,8765,3
2026-01-23,-0.006580424074695224,-0.009503689116448721,-0.009688494563912298,-0.0005802410522033741,0.5030134678746844,0.5030134678746845,0.5030134678746845,0.0029426287870669044,"2303.TW,2408.TW,1303.TW,2327.TW,6669.TW,2880.TW,2891.TW,4904.TW,2345.TW,2379.TW,2885.TW,2412.TW,2892.TW,2883.TW,3045.TW,2330.TW,2317.TW,1101.TW,3037.TW,3711.TW",2026,8765,20
2026-01-23,-0.026889993247886056,-0.031455147140382334,-0.009688494563912298,-0.0005802410522033741,0.8019321364868921,0.8019321364868922,0.8019321364868921,0.004691302998448319,"2303.TW,2408.TW,1303.TW,2327.TW,6669.TW",2026,8765,5
2026-01-30,0.02582084426226009,0.022942303770856487,0.03494052237854017,0.014648451494503317,0.4796726508444227,0.4796726508444227,0.4796726508444227,0.0028060850074398728,"2345.TW,2379.TW,2303.TW,3711.TW,2880.TW,6669.TW,3034.TW,2618.TW,2882.TW,2891.TW,2412.TW,2308.TW,1303.TW,1301.TW,5871.TW",2026,8765,15
2026-01-30,0.054270088624547026,0.04929912840991002,0.03494052237854017,0.014648451494503317,0.805995349764193,0.8059953497641928,0.805995349764193,0.004715072796120529,"2345.TW,2379.TW,2303.TW,3711.TW,2880.TW",2026,8765,5
2026-01-30,0.021056753612726707,0.01798859858478785,0.03494052237854017,0.014648451494503317,0.5136550373827078,0.5136550373827079,0.5136550373827078,0.003004881968688841,"2345.TW,2379.TW,2303.TW,3711.TW,2880.TW,6669.TW,3034.TW,2618.TW,2882.TW,2891.TW,2412.TW,2308.TW,1303.TW,1301.TW,5871.TW,2884.TW,2330.TW,2382.TW,3008.TW,1326.TW",2026,8765,20
2026-01-30,0.03492353369207708,0.03242886475466111,0.03494052237854017,0.014648451494503317,0.4120489299143615,0.4120489299143615,0.4120489299143615,0.002410486239999015,"2345.TW,2379.TW,2303.TW,3711.TW,2880.TW,6669.TW,3034.TW,2618.TW,2882.TW,2891.TW",2026,8765,10
2026-01-30,0.056057779135195565,0.05182463871665677,0.03494052237854017,0.014648451494503317,0.685202799558293,0.6852027995582931,0.685202799558293,0.004008436377416015,"2345.TW,2379.TW,2303.TW",2026,8765,3
2026-02-06,0.09584312645268676,0.09067776209908862,0.08507762297326571,0.053130474576067635,0.8057433078314011,0.8057433078314014,0.8057433078314012,0.004713598350813698,"2327.TW,2408.TW,1590.TW,3037.TW,2412.TW,2883.TW,2379.TW,2885.TW,1303.TW,2891.TW",2026,8765,10
2026-02-06,0.0724343219764787,0.06616058119291623,0.08507762297326571,0.053130474576067635,1.0,1.0,1.0,0.00585,"2327.TW,2408.TW,1590.TW",2026,8765,3
2026-02-06,0.07498773722622565,0.07179128386465639,0.08507762297326571,0.053130474576067635,0.5082869925928502,0.5082869925928503,0.5082869925928502,0.0029734789066681736,"2327.TW,2408.TW,1590.TW,3037.TW,2412.TW,2883.TW,2379.TW,2885.TW,1303.TW,2891.TW,2454.TW,1101.TW,2002.TW,3017.TW,2330.TW,1326.TW,2884.TW,2882.TW,2308.TW,1301.TW",2026,8765,20
2026-02-06,0.07104512604638596,0.0664199996217203,0.08507762297326571,0.053130474576067635,0.7381760884069521,0.7381760884069524,0.7381760884069523,0.004318330117180671,"2327.TW,2408.TW,1590.TW,3037.TW,2412.TW,2883.TW,2379.TW,2885.TW,1303.TW,2891.TW,2454.TW,1101.TW,2002.TW,3017.TW,2330.TW",2026,8765,15
2026-02-06,0.10252443679256622,0.09607466883732974,0.08507762297326571,0.053130474576067635,1.0,1.0000000000000002,1.0,0.005850000000000001,"2327.TW,2408.TW,1590.TW,3037.TW,2412.TW",2026,8765,5
2026-02-24,-0.02759578201414703,-0.03328434668936431,-0.025513347871739867,-0.023012777659711124,1.0,0.9999999999999999,1.0,0.005849999999999999,"2379.TW,2454.TW,2412.TW",2026,8765,3
2026-02-24,-0.033612644502117796,-0.037108994643204274,-0.025513347871739867,-0.023012777659711124,0.6184545848865249,0.6184545848865252,0.618454584886525,0.003617959321586172,"2379.TW,2454.TW,2412.TW,1326.TW,2892.TW,3045.TW,9910.TW,2408.TW,3231.TW,2886.TW,2891.TW,2887.TW,1590.TW,2345.TW,2618.TW,4904.TW,2884.TW,5880.TW,5876.TW,2382.TW",2026,8765,20
2026-02-24,-0.03834097807347899,-0.04182593012490243,-0.025513347871739867,-0.023012777659711124,0.619469360558997,0.619469360558997,0.619469360558997,0.0036238957592701327,"2379.TW,2454.TW,2412.TW,1326.TW,2892.TW,3045.TW,9910.TW,2408.TW,3231.TW,2886.TW,2891.TW,2887.TW,1590.TW,2345.TW,2618.TW",2026,8765,15
2026-02-24,-0.033019165409437896,-0.037095593355095824,-0.025513347871739867,-0.023012777659711124,0.7206195458373279,0.7206195458373279,0.7206195458373279,0.0042156243431483685,"2379.TW,2454.TW,2412.TW,1326.TW,2892.TW,3045.TW,9910.TW,2408.TW,3231.TW,2886.TW",2026,8765,10
2026-02-24,-0.025078993806371866,-0.02973213691653076,-0.025513347871739867,-0.023012777659711124,0.8158702844706713,0.8158702844706713,0.8158702844706713,0.004772841164153428,"2379.TW,2454.TW,2412.TW,1326.TW,2892.TW",2026,8765,5
2026-03-04,-0.02512540047133768,-0.03031879539149296,-0.01532565185708179,-0.007313305038111408,0.9106400103565924,0.9106400103565926,0.9106400103565925,0.005327244060586067,"2330.TW,2408.TW,3711.TW,2887.TW,1590.TW,1303.TW,2880.TW,2885.TW,2395.TW,2327.TW",2026,8765,10
2026-03-04,-0.01512984294469983,-0.018342823165670152,-0.01532565185708179,-0.007313305038111408,0.5576647685642087,0.5576647685642085,0.5576647685642087,0.00326233889610062,"2330.TW,2408.TW,3711.TW,2887.TW,1590.TW,1303.TW,2880.TW,2885.TW,2395.TW,2327.TW,2345.TW,1301.TW,2308.TW,2883.TW,2454.TW,1326.TW,2412.TW,3045.TW,2891.TW,2317.TW",2026,8765,20
2026-03-04,-0.026905645267507695,-0.03259824724269278,-0.01532565185708179,-0.007313305038111408,1.0,1.0000000000000002,1.0,0.005850000000000001,"2330.TW,2408.TW,3711.TW,2887.TW,1590.TW",2026,8765,5
2026-03-04,-0.009946116294617982,-0.01573793151429448,-0.01532565185708179,-0.007313305038111408,1.0,1.0,1.0,0.00585,"2330.TW,2408.TW,3711.TW",2026,8765,3
2026-03-04,-0.013043826055263085,-0.016943628747470907,-0.01532565185708179,-0.007313305038111408,0.6754433038039565,0.6754433038039567,0.6754433038039566,0.003951343327253146,"2330.TW,2408.TW,3711.TW,2887.TW,1590.TW,1303.TW,2880.TW,2885.TW,2395.TW,2327.TW,2345.TW,1301.TW,2308.TW,2883.TW,2454.TW",2026,8765,15
2026-03-11,-0.0034361362133956694,-0.009266034816547308,-0.006485150597804856,0.008686422681880988,1.0,1.0,1.0,0.00585,"9910.TW,2345.TW,2395.TW,2317.TW,2882.TW",2026,8765,5
2026-03-11,0.022531992929664155,0.01929047004647977,-0.006485150597804856,0.008686422681880988,0.5418964683642137,0.5418964683642138,0.5418964683642138,0.0031700943399306505,"9910.TW,2345.TW,2395.TW,2317.TW,2882.TW,2603.TW,3017.TW,2327.TW,3037.TW,2412.TW,3711.TW,1303.TW,2002.TW,1590.TW,2408.TW",2026,8765,15
2026-03-11,0.018595965701793185,0.015867510263933404,-0.006485150597804856,0.008686422681880988,0.4578877736169317,0.45788777361693156,0.45788777361693167,0.00267864347565905,"9910.TW,2345.TW,2395.TW,2317.TW,2882.TW,2603.TW,3017.TW,2327.TW,3037.TW,2412.TW,3711.TW,1303.TW,2002.TW,1590.TW,2408.TW,2207.TW,4904.TW,2912.TW,2883.TW,2454.TW",2026,8765,20
2026-03-11,0.025981097310473343,0.021169984462181102,-0.006485150597804856,0.008686422681880988,0.8015863594908373,0.8015863594908375,0.8015863594908375,0.004689280203021399,"9910.TW,2345.TW,2395.TW,2317.TW,2882.TW,2603.TW,3017.TW,2327.TW,3037.TW,2412.TW",2026,8765,10
2026-03-11,0.007029487416410889,0.0011383649150249475,-0.006485150597804856,0.008686422681880988,1.0,1.0,1.0,0.00585,"9910.TW,2345.TW,2395.TW",2026,8765,3
2026-03-18,-0.0011434318106918993,-0.006986742734599316,-0.003916344300362029,-0.007912889906212812,1.0,1.0,1.0,0.00585,"6669.TW,2207.TW,1590.TW,3037.TW,2308.TW",2026,8765,5
2026-03-18,0.0016453838284216902,-0.001944984289727003,-0.003916344300362029,-0.007912889906212812,0.6127299638807079,0.6127299638807081,0.612729963880708,0.0035844702887021422,"6669.TW,2207.TW,1590.TW,3037.TW,2308.TW,3231.TW,2412.TW,2317.TW,3034.TW,2357.TW,2395.TW,3017.TW,2887.TW,2454.TW,3045.TW",2026,8765,15
2026-03-18,-0.0007343362780430466,-0.0037273622312680166,-0.003916344300362029,-0.007912889906212812,0.5120043514424216,0.5120043514424214,0.5120043514424215,0.0029952254559381655,"6669.TW,2207.TW,1590.TW,3037.TW,2308.TW,3231.TW,2412.TW,2317.TW,3034.TW,2357.TW,2395.TW,3017.TW,2887.TW,2454.TW,3045.TW,2603.TW,2885.TW,2883.TW,2303.TW,2880.TW",2026,8765,20
2026-03-18,-0.00980322415128079,-0.013903770551162209,-0.003916344300362029,-0.007912889906212812,0.7078876841858301,0.7078876841858301,0.7078876841858301,0.004141142952487107,"6669.TW,2207.TW,1590.TW,3037.TW,2308.TW,3231.TW,2412.TW,2317.TW,3034.TW,2357.TW",2026,8765,10
2026-03-18,0.010468947896552798,0.004557704551357844,-0.003916344300362029,-0.007912889906212812,1.0,1.0,1.0,0.00585,"6669.TW,2207.TW,1590.TW",2026,8765,3
2026-03-25,-0.031028232217891524,-0.036696717059416906,-0.00524254880766295,-0.001575132453024144,1.0,1.0,1.0,0.00585,"2408.TW,1326.TW,3008.TW",2026,8765,3
2026-03-25,-0.013719377051833735,-0.017507804127016025,-0.00524254880766295,-0.001575132453024144,0.6566025497796628,0.6566025497796626,0.6566025497796627,0.0038411249162110268,"2408.TW,1326.TW,3008.TW,1301.TW,1303.TW,6669.TW,2454.TW,2327.TW,2609.TW,9910.TW,3045.TW,4904.TW,2317.TW,3231.TW,3017.TW,2615.TW,2207.TW,2330.TW,2345.TW,5876.TW",2026,8765,20
2026-03-25,-0.019071944028485045,-0.022569663162946063,-0.00524254880766295,-0.001575132453024144,0.6095255438007803,0.6095255438007802,0.6095255438007803,0.0035657244312345643,"2408.TW,1326.TW,3008.TW,1301.TW,1303.TW,6669.TW,2454.TW,2327.TW,2609.TW,9910.TW,3045.TW,4904.TW,2317.TW,3231.TW,3017.TW",2026,8765,15
2026-03-25,-0.022171266177473958,-0.027342832050738952,-0.00524254880766295,-0.001575132453024144,0.9040727929403515,0.9040727929403516,0.9040727929403516,0.005288825838701057,"2408.TW,1326.TW,3008.TW,1301.TW,1303.TW,6669.TW,2454.TW,2327.TW,2609.TW,9910.TW",2026,8765,10
2026-03-25,-0.013492534997355877,-0.019263603667621365,-0.00524254880766295,-0.001575132453024144,1.0,1.0,1.0,0.00585,"2408.TW,1326.TW,3008.TW,1301.TW,1303.TW",2026,8765,5
2026-04-01,0.04924639293611941,0.045463422047028024,0.061923540303208124,0.032631866693765874,0.6163106156918803,0.6163106156918803,0.6163106156918803,0.0036054171017974998,"2408.TW,2454.TW,3017.TW,2327.TW,6669.TW,3045.TW,2345.TW,2207.TW,2912.TW,5880.TW",2026,8765,10
2026-04-01,0.07428802932421442,0.06911381152268814,0.061923540303208124,0.032631866693765874,0.8233189343373534,0.8233189343373534,0.8233189343373534,0.0048164157658735175,"2408.TW,2454.TW,3017.TW,2327.TW,6669.TW",2026,8765,5
2026-04-01,0.04643939036031473,0.04422604523138207,0.061923540303208124,0.032631866693765874,0.3615590144777057,0.3615590144777055,0.3615590144777056,0.002115120234694578,"2408.TW,2454.TW,3017.TW,2327.TW,6669.TW,3045.TW,2345.TW,2207.TW,2912.TW,5880.TW,2609.TW,2308.TW,3711.TW,9910.TW,1216.TW,1303.TW,4904.TW,3037.TW,5876.TW,2412.TW",2026,8765,20
2026-04-01,0.04593311325801871,0.04300119122434265,0.061923540303208124,0.032631866693765874,0.4791733307483578,0.47917333074835783,0.4791733307483578,0.0028031639848778932,"2408.TW,2454.TW,3017.TW,2327.TW,6669.TW,3045.TW,2345.TW,2207.TW,2912.TW,5880.TW,2609.TW,2308.TW,3711.TW,9910.TW,1216.TW",2026,8765,15
2026-04-01,0.05633324802152491,0.052006312034103,0.061923540303208124,0.032631866693765874,0.7002024964398184,0.7002024964398185,0.7002024964398184,0.004096184604172938,"2408.TW,2454.TW,3017.TW",2026,8765,3
2026-04-10,0.018125674756179946,0.01446751276940228,0.04900754773222804,0.04415977477633417,0.6141941519119316,0.6141941519119314,0.6141941519119315,0.003593035788684799,"2408.TW,9910.TW,3017.TW,3045.TW,1303.TW",2026,8765,5
2026-04-10,0.002954989040453066,0.000907725989080399,0.04900754773222804,0.04415977477633417,0.34892841631500915,0.34892841631500915,0.34892841631500915,0.0020412312354428034,"2408.TW,9910.TW,3017.TW",2026,8765,3
2026-04-10,0.0207000416637348,0.018478317807457234,0.04900754773222804,0.04415977477633417,0.37207978864672653,0.3720797886467265,0.37207978864672653,0.00217666676358335,"2408.TW,9910.TW,3017.TW,3045.TW,1303.TW,5876.TW,2886.TW,2317.TW,3037.TW,1102.TW,2412.TW,3711.TW,1216.TW,5880.TW,2609.TW,2887.TW,2883.TW,2881.TW,6669.TW,2379.TW",2026,8765,20
2026-04-10,0.017366194971248198,0.014458657138398001,0.04900754773222804,0.04415977477633417,0.4885310880380474,0.4885310880380474,0.4885310880380474,0.0028579068650225773,"2408.TW,9910.TW,3017.TW,3045.TW,1303.TW,5876.TW,2886.TW,2317.TW,3037.TW,1102.TW,2412.TW,3711.TW,1216.TW,5880.TW,2609.TW",2026,8765,15
2026-04-10,0.01299401540800225,0.008796660415611779,0.04900754773222804,0.04415977477633417,0.7082930096154699,0.7082930096154699,0.7082930096154699,0.004143514106250499,"2408.TW,9910.TW,3017.TW,3045.TW,1303.TW,5876.TW,2886.TW,2317.TW,3037.TW,1102.TW",2026,8765,10
2026-04-17,0.07604871345949948,0.07217862729688984,0.09639258537318329,0.01872121996507803,0.6147985513246808,0.6147985513246808,0.6147985513246808,0.0035965715252493824,"2408.TW,3017.TW,3711.TW,5880.TW,5876.TW",2026,8765,5
2026-04-17,0.05528340716928266,0.05152313174814904,0.09639258537318329,0.01872121996507803,0.6091085284804305,0.6091085284804305,0.6091085284804305,0.0035632848916105184,"2408.TW,3017.TW,3711.TW,5880.TW,5876.TW,2891.TW,2330.TW,2327.TW,2308.TW,1102.TW",2026,8765,10
2026-04-17,0.03238670101211141,0.029901485582430665,0.09639258537318329,0.01872121996507803,0.411496147670536,0.411496147670536,0.411496147670536,0.0024072524638726355,"2408.TW,3017.TW,3711.TW,5880.TW,5876.TW,2891.TW,2330.TW,2327.TW,2308.TW,1102.TW,2886.TW,2615.TW,9910.TW,3008.TW,3037.TW,2883.TW,2603.TW,2412.TW,2887.TW,2892.TW",2026,8765,20
2026-04-17,0.04904674093684176,0.046528309023404546,0.09639258537318329,0.01872121996507803,0.41037368973634236,0.4103736897363426,0.4103736897363425,0.002400686084957604,"2408.TW,3017.TW,3711.TW,5880.TW,5876.TW,2891.TW,2330.TW,2327.TW,2308.TW,1102.TW,2886.TW,2615.TW,9910.TW,3008.TW,3037.TW",2026,8765,15
2026-04-17,0.1409752601713084,0.1386168954980298,0.09639258537318329,0.01872121996507803,0.3533286605434158,0.35332866054341583,0.35332866054341583,0.002066972664178983,"2408.TW,3017.TW,3711.TW",2026,8765,3
2026-04-24,0.03722510368624632,0.03236841054658468,0.018338813211157934,0.017091894302369733,0.8004086601328899,0.8004086601328899,0.8004086601328899,0.004682390661777406,"2408.TW,1590.TW,2345.TW,2303.TW,9910.TW,3045.TW,2618.TW,2308.TW,2885.TW,5871.TW",2026,8765,10
2026-04-24,0.091891854251827,0.08746551765730759,0.018338813211157934,0.017091894302369733,0.6929612407671357,0.6929612407671357,0.6929612407671357,0.004053823258487744,"2408.TW,1590.TW,2345.TW",2026,8765,3
2026-04-24,0.020067867579846882,0.01640141828844488,0.018338813211157934,0.017091894302369733,0.6144134998612346,0.6144134998612346,0.6144134998612346,0.0035943189741882227,"2408.TW,1590.TW,2345.TW,2303.TW,9910.TW,3045.TW,2618.TW,2308.TW,2885.TW,5871.TW,3034.TW,3711.TW,5876.TW,2002.TW,2412.TW,2207.TW,3231.TW,2883.TW,2882.TW,2891.TW",2026,8765,20
2026-04-24,0.06280117294397847,0.05779828362092765,0.018338813211157934,0.017091894302369733,0.804661095459832,0.8046610954598319,0.8046610954598319,0.004707267408440017,"2408.TW,1590.TW,2345.TW,2303.TW,9910.TW",2026,8765,5
2026-04-24,0.022908876753258846,0.018853503047103315,0.018338813211157934,0.017091894302369733,0.6777009079799954,0.6777009079799956,0.6777009079799955,0.003964550311682974,"2408.TW,1590.TW,2345.TW,2303.TW,9910.TW,3045.TW,2618.TW,2308.TW,2885.TW,5871.TW,3034.TW,3711.TW,5876.TW,2002.TW,2412.TW",2026,8765,15
2026-05-04,0.057920038913340036,0.05353483537459991,0.02595333525330168,0.054804437666070106,0.7085672025738943,0.7085672025738944,0.7085672025738943,0.004145118135057282,"3037.TW,3017.TW,2308.TW,6669.TW,1590.TW,2880.TW,2454.TW,3008.TW,2382.TW,9910.TW",2026,8765,10
2026-05-04,0.0314542088483825,0.026567520977489156,0.02595333525330168,0.054804437666070106,0.8098578228833033,0.8098578228833031,0.8098578228833032,0.004737668263867324,"3037.TW,3017.TW,2308.TW,6669.TW,1590.TW",2026,8765,5
2026-05-04,-0.014542369418656756,-0.020307296557557586,0.02595333525330168,0.054804437666070106,1.0,1.0,1.0,0.00585,"3037.TW,3017.TW,2308.TW",2026,8765,3
2026-05-04,0.05198148417058584,0.049138245762436084,0.02595333525330168,0.054804437666070106,0.46200780795679364,0.4620078079567937,0.46200780795679364,0.002702745676547243,"3037.TW,3017.TW,2308.TW,6669.TW,1590.TW,2880.TW,2454.TW,3008.TW,2382.TW,9910.TW,3231.TW,2303.TW,2207.TW,3711.TW,3034.TW,1301.TW,2002.TW,2887.TW,3045.TW,2883.TW",2026,8765,20
2026-05-04,0.06621919166075266,0.06243510395829177,0.02595333525330168,0.054804437666070106,0.6066788177989308,0.606678817798931,0.6066788177989308,0.003549071084123746,"3037.TW,3017.TW,2308.TW,6669.TW,1590.TW,2880.TW,2454.TW,3008.TW,2382.TW,9910.TW,3231.TW,2303.TW,2207.TW,3711.TW,3034.TW",2026,8765,15
2026-05-11,-0.06775314573288065,-0.0721434414076797,-0.02581310513730195,-0.022216172768081844,0.8050205690616501,0.8050205690616499,0.80502056906165,0.004709370329010652,"1301.TW,1326.TW,3231.TW,3037.TW,2454.TW",2026,8765,5
2026-05-11,-0.015762581796431505,-0.01891578329142818,-0.02581310513730195,-0.022216172768081844,0.5476410392396328,0.5476410392396328,0.5476410392396328,0.003203700079551852,"1301.TW,1326.TW,3231.TW,3037.TW,2454.TW,2330.TW,5871.TW,3711.TW,2308.TW,2303.TW,2327.TW,2345.TW,2412.TW,6669.TW,3045.TW",2026,8765,15
2026-05-11,-0.0011222351516770798,-0.0035687298768509734,-0.02581310513730195,-0.022216172768081844,0.41867407729208805,0.418674077292088,0.41867407729208805,0.0024492433521587148,"1301.TW,1326.TW,3231.TW,3037.TW,2454.TW,2330.TW,5871.TW,3711.TW,2308.TW,2303.TW,2327.TW,2345.TW,2412.TW,6669.TW,3045.TW,3008.TW,1590.TW,2882.TW,1102.TW,2207.TW",2026,8765,20
2026-05-11,-0.051026446208209654,-0.05657794149789164,-0.02581310513730195,-0.022216172768081844,1.0,1.0,1.0,0.00585,"1301.TW,1326.TW,3231.TW",2026,8765,3
2026-05-11,-0.037519609711463495,-0.041509916478292386,-0.02581310513730195,-0.022216172768081844,0.70869362919795,0.7086936291979501,0.70869362919795,0.004145857730808008,"1301.TW,1326.TW,3231.TW,3037.TW,2454.TW,2330.TW,5871.TW,3711.TW,2308.TW,2303.TW",2026,8765,10
2026-05-18,0.08708292423936363,0.08310454443978843,0.07684149901153248,0.050978953680417334,0.6255869794662876,0.6255869794662876,0.6255869794662876,0.0036596838298777823,"3017.TW,2408.TW,2885.TW,2454.TW,2308.TW,2395.TW,6669.TW,2382.TW,3037.TW,2357.TW,3711.TW,1590.TW,2883.TW,2303.TW,5876.TW,2603.TW,2882.TW,2892.TW,1303.TW,2317.TW",2026,8765,20
2026-05-18,0.04207718428710564,0.0359810327590262,0.07684149901153248,0.050978953680417334,1.0,1.0,1.0,0.00585,"3017.TW,2408.TW,2885.TW",2026,8765,3
2026-05-18,0.11403427655713361,0.10936040453723295,0.07684149901153248,0.050978953680417334,0.7171704666964291,0.7171704666964291,0.7171704666964291,0.00419544723017411,"3017.TW,2408.TW,2885.TW,2454.TW,2308.TW,2395.TW,6669.TW,2382.TW,3037.TW,2357.TW",2026,8765,10
2026-05-18,0.10971811987380135,0.10448826221644003,0.07684149901153248,0.050978953680417334,0.8056034644579759,0.8056034644579759,0.8056034644579759,0.004712780267079159,"3017.TW,2408.TW,2885.TW,2454.TW,2308.TW",2026,8765,5
2026-05-18,0.10441048432633519,0.10037187777779066,0.07684149901153248,0.050978953680417334,0.6250937523373679,0.6250937523373679,0.6250937523373679,0.003656798451173602,"3017.TW,2408.TW,2885.TW,2454.TW,2308.TW,2395.TW,6669.TW,2382.TW,3037.TW,2357.TW,3711.TW,1590.TW,2883.TW,2303.TW,5876.TW",2026,8765,15
2026-05-25,0.11231213248990744,0.10580510651484154,0.04625993015716401,0.06183916648344927,1.0,1.0,1.0,0.00585,"2303.TW,2327.TW,2880.TW",2026,8765,3
2026-05-25,0.10068208192293499,0.09424309174368584,0.04625993015716401,0.06183916648344927,1.0,1.0,1.0,0.00585,"2303.TW,2327.TW,2880.TW,1326.TW,2345.TW",2026,8765,5
2026-05-25,0.050933354616427465,0.046585835018212673,0.04625993015716401,0.06183916648344927,0.707148307759075,0.7071483077590747,0.7071483077590748,0.004136817600390587,"2303.TW,2327.TW,2880.TW,1326.TW,2345.TW,6669.TW,3034.TW,2912.TW,2379.TW,9910.TW,5871.TW,2454.TW,2615.TW,3008.TW,2395.TW,2891.TW,5876.TW,3045.TW,2886.TW,2885.TW",2026,8765,20
2026-05-25,0.05508907413419414,0.05055240780327841,0.04625993015716401,0.06183916648344927,0.7350076283764233,0.7350076283764234,0.7350076283764233,0.0042997946260020774,"2303.TW,2327.TW,2880.TW,1326.TW,2345.TW,6669.TW,3034.TW,2912.TW,2379.TW,9910.TW,5871.TW,2454.TW,2615.TW,3008.TW,2395.TW",2026,8765,15
2026-05-25,0.06573171652673813,0.06012063903922482,0.04625993015716401,0.06183916648344927,0.8999999999999999,0.8999999999999999,0.8999999999999999,0.005265,"2303.TW,2327.TW,2880.TW,1326.TW,2345.TW,6669.TW,3034.TW,2912.TW,2379.TW,9910.TW",2026,8765,10
2026-06-01,-0.0398956307732086,-0.0427697073815253,-0.039510867207358524,-0.015807905208203275,0.5117101457589107,0.5117101457589106,0.5117101457589106,0.002993504352689627,"2303.TW,2454.TW,2327.TW,1590.TW,3037.TW,2308.TW,2002.TW,3711.TW,3008.TW,2395.TW,2885.TW,5880.TW,2881.TW,2317.TW,2330.TW,5876.TW,1102.TW,3034.TW,6669.TW,2379.TW",2026,8765,20
2026-06-01,-0.0648393771188602,-0.06921592883394401,-0.039510867207358524,-0.015807905208203275,0.7999999999999999,0.7999999999999998,0.7999999999999998,0.004679999999999999,"2303.TW,2454.TW,2327.TW,1590.TW,3037.TW,2308.TW,2002.TW,3711.TW,3008.TW,2395.TW",2026,8765,10
2026-06-01,-0.07727383084357345,-0.0805125996973125,-0.039510867207358524,-0.015807905208203275,0.6000000000000001,0.6000000000000001,0.6000000000000001,0.003510000000000001,"2303.TW,2454.TW,2327.TW,1590.TW,3037.TW",2026,8765,5
2026-06-01,-0.04493044504805532,-0.048687541400135204,-0.039510867207358524,-0.015807905208203275,0.672452272542123,0.672452272542123,0.672452272542123,0.00393384579437142,"2303.TW,2454.TW,2327.TW,1590.TW,3037.TW,2308.TW,2002.TW,3711.TW,3008.TW,2395.TW,2885.TW,5880.TW,2881.TW,2317.TW,2330.TW",2026,8765,15
2026-06-01,-0.09579054070962796,-0.09755374915524428,-0.039510867207358524,-0.015807905208203275,0.3333333333333333,0.3333333333333335,0.33333333333333337,0.0019500000000000006,"2303.TW,2454.TW,2327.TW",2026,8765,3
2026-06-08,0.07348495487302993,0.06720506788702263,0.03868758075039702,0.05711700741669994,1.0,1.0,1.0,0.00585,"2330.TW,1326.TW,3711.TW",2026,8765,3
2026-06-08,0.06490421896062892,0.05867452927970929,0.03868758075039702,0.05711700741669994,1.0,1.0,1.0,0.00585,"2330.TW,1326.TW,3711.TW,2317.TW,2618.TW",2026,8765,5
2026-06-08,0.08581817052545268,0.08234734308548064,0.03868758075039702,0.05711700741669994,0.5464117768498215,0.5464117768498213,0.5464117768498213,0.003196508894571455,"2330.TW,1326.TW,3711.TW,2317.TW,2618.TW,2886.TW,2395.TW,1303.TW,2327.TW,2603.TW,2408.TW,3037.TW,3008.TW,3231.TW,2379.TW",2026,8765,15
2026-06-08,0.06252599313254241,0.059037398110696415,0.03868758075039702,0.05711700741669994,0.5612484148432254,0.5612484148432254,0.5612484148432254,0.003283303226832869,"2330.TW,1326.TW,3711.TW,2317.TW,2618.TW,2886.TW,2395.TW,1303.TW,2327.TW,2603.TW,2408.TW,3037.TW,3008.TW,3231.TW,2379.TW,3045.TW,2609.TW,3017.TW,2912.TW,6669.TW",2026,8765,20
2026-06-08,0.08614216225594913,0.08165947900352433,0.03868758075039702,0.05711700741669994,0.70549755646036,0.7054975564603602,0.70549755646036,0.004127160705293106,"2330.TW,1326.TW,3711.TW,2317.TW,2618.TW,2886.TW,2395.TW,1303.TW,2327.TW,2603.TW",2026,8765,10
2026-06-15,-0.06762632426384758,-0.0730807102669041,0.018387521564249498,0.014357764148015635,1.0,1.0,1.0,0.00585,"6669.TW,3017.TW,9910.TW",2026,8765,3
2026-06-15,-0.0364362026913454,-0.042073050905601095,0.018387521564249498,0.014357764148015635,1.0,0.9999999999999999,1.0,0.005849999999999999,"6669.TW,3017.TW,9910.TW,2327.TW,2454.TW",2026,8765,5
2026-06-15,0.030758447356800115,0.02704559687025343,0.018387521564249498,0.014357764148015635,0.6157362071328236,0.6157362071328237,0.6157362071328236,0.003602056811727019,"6669.TW,3017.TW,9910.TW,2327.TW,2454.TW,2882.TW,2883.TW,1590.TW,2891.TW,3045.TW,2881.TW,2885.TW,2345.TW,2379.TW,2412.TW,3231.TW,3711.TW,5880.TW,2408.TW,2303.TW",2026,8765,20
2026-06-15,0.019413208082172898,0.014244390456232825,0.018387521564249498,0.014357764148015635,0.8667325099691456,0.8667325099691459,0.8667325099691457,0.005070385183319503,"6669.TW,3017.TW,9910.TW,2327.TW,2454.TW,2882.TW,2883.TW,1590.TW,2891.TW,3045.TW,2881.TW,2885.TW,2345.TW,2379.TW,2412.TW",2026,8765,15
2026-06-15,-0.002995851119703762,-0.008245077963558556,0.018387521564249498,0.014357764148015635,0.8999999999999999,0.8999999999999999,0.8999999999999999,0.005265,"6669.TW,3017.TW,9910.TW,2327.TW,2454.TW,2882.TW,2883.TW,1590.TW,2891.TW,3045.TW",2026,8765,10
2026-06-23,0.04055067585998558,0.03623238614573476,0.016666702475177875,0.01913083877430947,0.7094024337768559,0.709402433776856,0.7094024337768559,0.004150004237594608,"4904.TW,2345.TW,6669.TW,2308.TW,2327.TW,2408.TW,1326.TW,2317.TW,3008.TW,3017.TW",2026,8765,10
2026-06-23,0.027122014490157498,0.023116238633645647,0.016666702475177875,0.01913083877430947,0.6666666666666666,0.6666666666666667,0.6666666666666667,0.0039000000000000003,"4904.TW,2345.TW,6669.TW",2026,8765,3
2026-06-23,0.054093957168471374,0.05036520580523396,0.016666702475177875,0.01913083877430947,0.6046836632451198,0.6046836632451198,0.6046836632451198,0.003537399429983951,"4904.TW,2345.TW,6669.TW,2308.TW,2327.TW",2026,8765,5
2026-06-23,0.02580548136959016,0.022686273740063045,0.016666702475177875,0.01913083877430947,0.5197845937393537,0.5197845937393536,0.5197845937393537,0.0030407398733752187,"4904.TW,2345.TW,6669.TW,2308.TW,2327.TW,2408.TW,1326.TW,2317.TW,3008.TW,3017.TW,3037.TW,5876.TW,2883.TW,2412.TW,2887.TW,2882.TW,2881.TW,2603.TW,9910.TW,2880.TW",2026,8765,20
2026-06-23,0.04079252258101572,0.037048325545589345,0.016666702475177875,0.01913083877430947,0.6149483853729788,0.614948385372979,0.6149483853729789,0.0035974480544319273,"4904.TW,2345.TW,6669.TW,2308.TW,2327.TW,2408.TW,1326.TW,2317.TW,3008.TW,3017.TW,3037.TW,5876.TW,2883.TW,2412.TW,2887.TW",2026,8765,15
2026-06-30,-0.03790922948701532,-0.0413624202272137,-0.030965415565910037,-0.010811205364629452,0.6135481531579182,0.6135481531579182,0.6135481531579182,0.003589256695973822,"3008.TW,9910.TW,2882.TW,2357.TW,2883.TW,2303.TW,2379.TW,2327.TW,2408.TW,2887.TW,2308.TW,1303.TW,2881.TW,2886.TW,2891.TW",2026,8765,15
2026-06-30,-0.017920560672864343,-0.023665725392928105,-0.030965415565910037,-0.010811205364629452,1.0,1.0,1.0,0.00585,"3008.TW,9910.TW,2882.TW,2357.TW,2883.TW",2026,8765,5
2026-06-30,-0.04470744973719246,-0.04868652724260836,-0.030965415565910037,-0.010811205364629452,0.7120166369693287,0.7120166369693288,0.7120166369693288,0.004165297326270573,"3008.TW,9910.TW,2882.TW,2357.TW,2883.TW,2303.TW,2379.TW,2327.TW,2408.TW,2887.TW",2026,8765,10
2026-06-30,-0.05909810423336699,-0.06460238032360188,-0.030965415565910037,-0.010811205364629452,1.0,1.0,1.0,0.00585,"3008.TW,9910.TW,2882.TW",2026,8765,3
2026-06-30,-0.030921125910510223,-0.033578610997805125,-0.030965415565910037,-0.010811205364629452,0.4687657189101012,0.4687657189101012,0.4687657189101012,0.002742279455624092,"3008.TW,9910.TW,2882.TW,2357.TW,2883.TW,2303.TW,2379.TW,2327.TW,2408.TW,2887.TW,2308.TW,1303.TW,2881.TW,2886.TW,2891.TW,2892.TW,5876.TW,2412.TW,5880.TW,2618.TW",2026,8765,20
2026-07-07,0.0034852901740181565,0.0004081724381714835,-0.010338317494389515,0.002439406651170286,0.5241761258677022,0.5241761258677025,0.5241761258677023,0.003066430336326059,"3008.TW,3037.TW,3017.TW,2327.TW,2308.TW,2345.TW,2618.TW,2891.TW,2454.TW,3711.TW,1303.TW,2408.TW,2303.TW,9910.TW,2382.TW,2330.TW,2379.TW,3045.TW,3034.TW,2395.TW",2026,8765,20
2026-07-07,-0.019265396945230065,-0.023974816554911516,-0.010338317494389515,0.002439406651170286,0.8208428565693915,0.8208428565693915,0.8208428565693915,0.00480193071093094,"3008.TW,3037.TW,3017.TW,2327.TW,2308.TW",2026,8765,5
2026-07-07,0.017305253429056283,0.014366992489475594,-0.010338317494389515,0.002439406651170286,0.4937228286060279,0.49372282860602823,0.49372282860602806,0.002888278547345265,"3008.TW,3037.TW,3017.TW,2327.TW,2308.TW,2345.TW,2618.TW,2891.TW,2454.TW,3711.TW,1303.TW,2408.TW,2303.TW,9910.TW,2382.TW",2026,8765,15
2026-07-07,0.0063923859767701235,0.002339873457800845,-0.010338317494389515,0.002439406651170286,0.6883370665184588,0.6883370665184589,0.6883370665184589,0.004026771839132985,"3008.TW,3037.TW,3017.TW",2026,8765,3
2026-07-07,-0.016255926588923057,-0.021026028684963394,-0.010338317494389515,0.002439406651170286,0.8288762186610593,0.8288762186610594,0.8288762186610594,0.004848925879167198,"3008.TW,3037.TW,3017.TW,2327.TW,2308.TW,2345.TW,2618.TW,2891.TW,2454.TW,3711.TW",2026,8765,10
2026-07-14,0.004091979988697092,0.0015981774156370587,-0.0015584011850569013,0.011697641089489721,0.42455377258836435,0.42455377258836424,0.4245537725883643,0.002483639569641931,"2327.TW,2345.TW,3017.TW,3037.TW,2454.TW,3711.TW,2884.TW,2885.TW,1216.TW,2330.TW",2026,8765,10
2026-07-14,-0.011634056330297314,-0.015725995655014535,-0.0015584011850569013,0.011697641089489721,0.7077103497181072,0.7077103497181074,0.7077103497181073,0.0041401055458509285,"2327.TW,2345.TW,3017.TW",2026,8765,3
2026-07-14,0.0076066887617368024,0.0039248280207515585,-0.0015584011850569013,0.011697641089489721,0.6246265645728978,0.6246265645728981,0.6246265645728979,0.0036540654027514535,"2327.TW,2345.TW,3017.TW,3037.TW,2454.TW,3711.TW,2884.TW,2885.TW,1216.TW,2330.TW,3034.TW,2887.TW,2883.TW,1590.TW,2379.TW",2026,8765,15
2026-07-14,0.002740816179385196,0.00015862536248367753,-0.0015584011850569013,0.011697641089489721,0.44019364976395503,0.4401936497639549,0.440193649763955,0.0025751328511191365,"2327.TW,2345.TW,3017.TW,3037.TW,2454.TW",2026,8765,5
2026-07-14,-0.002041164516632947,-0.0045285996801552875,-0.0015584011850569013,0.011697641089489721,0.426072275665712,0.4260722756657118,0.42607227566571193,0.0024925228126444145,"2327.TW,2345.TW,3017.TW,3037.TW,2454.TW,3711.TW,2884.TW,2885.TW,1216.TW,2330.TW,3034.TW,2887.TW,2883.TW,1590.TW,2379.TW,2308.TW,5880.TW,2303.TW,2881.TW,2891.TW",2026,8765,20
2026-07-21,-0.16682743846272827,-0.17023461807839224,-0.07224883303117524,-0.030656034378415527,0.6990435028859305,0.6990435028859305,0.6990435028859305,0.004089404491882694,"2327.TW,2303.TW,3008.TW",2026,8765,3
2026-07-21,-0.08759410276961818,-0.09122215821788482,-0.07224883303117524,-0.030656034378415527,0.6797198707172709,0.679719870717271,0.6797198707172709,0.003976361243696036,"2327.TW,2303.TW,3008.TW,1303.TW,1301.TW,1326.TW,2408.TW,2887.TW,3037.TW,5880.TW,5876.TW,2382.TW,2912.TW,2345.TW,1216.TW",2026,8765,15
2026-07-21,-0.07847080295304754,-0.08125710369112105,-0.07224883303117524,-0.030656034378415527,0.5168482192244146,0.5168482192244146,0.5168482192244146,0.0030235620824628252,"2327.TW,2303.TW,3008.TW,1303.TW,1301.TW,1326.TW,2408.TW,2887.TW,3037.TW,5880.TW,5876.TW,2382.TW,2912.TW,2345.TW,1216.TW,2892.TW,2308.TW,2885.TW,2886.TW,2454.TW",2026,8765,20
2026-07-21,-0.16647322936272796,-0.17048148138734143,-0.07224883303117524,-0.030656034378415527,0.8220147335338175,0.8220147335338175,0.8220147335338175,0.0048087861911728326,"2327.TW,2303.TW,3008.TW,1303.TW,1301.TW",2026,8765,5
2026-07-21,-0.11581518587070347,-0.12001633791949784,-0.07224883303117524,-0.030656034378415527,0.8122121505488156,0.8122121505488156,0.8122121505488156,0.004751441080710571,"2327.TW,2303.TW,3008.TW,1303.TW,1301.TW,1326.TW,2408.TW,2887.TW,3037.TW,5880.TW",2026,8765,10
2026-07-28,0.20910940168499997,0.20331527884150025,0.07013928072001963,0.05777374142641909,0.8191552790309178,0.8191552790309178,0.8191552790309178,0.004792058382330869,"1303.TW,3037.TW,2345.TW,3711.TW,2408.TW",2026,8765,5
2026-07-28,0.1588926657643024,0.15598875828902403,0.07013928072001963,0.05777374142641909,0.4283351296309533,0.42833512963095344,0.4283351296309534,0.0025057605083410777,"1303.TW,3037.TW,2345.TW,3711.TW,2408.TW,1301.TW,1326.TW,2303.TW,3017.TW,2454.TW",2026,8765,10
2026-07-28,0.11931668024644482,0.11640466144227402,0.07013928072001963,0.05777374142641909,0.44471864035509834,0.44471864035509834,0.44471864035509834,0.0026016040460773255,"1303.TW,3037.TW,2345.TW,3711.TW,2408.TW,1301.TW,1326.TW,2303.TW,3017.TW,2454.TW,2308.TW,2327.TW,3008.TW,2395.TW,6669.TW,1590.TW,2317.TW,3034.TW,2379.TW,5880.TW",2026,8765,20
2026-07-28,0.1445112094329224,0.14156329638218956,0.07013928072001963,0.05777374142641909,0.4402899304574879,0.4402899304574881,0.440289930457488,0.002575696093176305,"1303.TW,3037.TW,2345.TW,3711.TW,2408.TW,1301.TW,1326.TW,2303.TW,3017.TW,2454.TW,2308.TW,2327.TW,3008.TW,2395.TW,6669.TW",2026,8765,15
2026-07-28,0.21746330360231192,0.21034114327623832,0.07013928072001963,0.05777374142641909,1.0,1.0,1.0,0.00585,"1303.TW,3037.TW,2345.TW",2026,8765,3
2026-08-04,-0.0032865554846474906,-0.009117329135062358,0.012048192771084265,0.004835138411185585,1.0,1.0,1.0,0.00585,"2892.TW,5880.TW,2886.TW,2382.TW,2308.TW",2026,8765,5
2026-08-04,0.005060960666754181,0.0010333504211692546,0.012048192771084265,0.004835138411185585,0.6850135571915512,0.6850135571915514,0.6850135571915513,0.004007329309570576,"2892.TW,5880.TW,2886.TW,2382.TW,2308.TW,2303.TW,2207.TW,1326.TW,2884.TW,2002.TW,2330.TW,2327.TW,2395.TW,4904.TW,2379.TW",2026,8765,15
2026-08-04,-0.008293300781889277,-0.013030337106522571,0.012048192771084265,0.004835138411185585,0.8165214571213819,0.8165214571213819,0.8165214571213819,0.004776650524160085,"2892.TW,5880.TW,2886.TW,2382.TW,2308.TW,2303.TW,2207.TW,1326.TW,2884.TW,2002.TW",2026,8765,10
2026-08-04,0.00872640627858331,0.005038187953310347,0.012048192771084265,0.004835138411185585,0.6250105747828374,0.6250105747828375,0.6250105747828374,0.0036563118624795997,"2892.TW,5880.TW,2886.TW,2382.TW,2308.TW,2303.TW,2207.TW,1326.TW,2884.TW,2002.TW,2330.TW,2327.TW,2395.TW,4904.TW,2379.TW,1216.TW,2880.TW,2357.TW,1101.TW,1301.TW",2026,8765,20
2026-08-04,-0.03742470130411878,-0.0430557668014897,0.012048192771084265,0.004835138411185585,1.0,1.0,1.0,0.00585,"2892.TW,5880.TW,2886.TW",2026,8765,3
2026-08-11,-0.0016512447388009324,-0.0048326779130257735,-0.01857139950706843,-0.0012201233670598333,0.5447342201517761,0.5447342201517761,0.5447342201517761,0.0031866951878878904,"2345.TW,2303.TW,3017.TW,1326.TW,2892.TW,5880.TW,3231.TW,1301.TW,2880.TW,1590.TW,2395.TW,2327.TW,2618.TW,2615.TW,2382.TW",2026,8765,15
2026-08-11,0.0017317468187294923,-0.001256623344301988,-0.01857139950706843,-0.0012201233670598333,0.5099494032443121,0.509949403244312,0.5099494032443121,0.0029832040089792255,"2345.TW,2303.TW,3017.TW,1326.TW,2892.TW,5880.TW,3231.TW,1301.TW,2880.TW,1590.TW,2395.TW,2327.TW,2618.TW,2615.TW,2382.TW,3034.TW,2408.TW,2454.TW,3037.TW,2357.TW",2026,8765,20
2026-08-11,-0.00121076093730912,-0.005925637830373587,-0.01857139950706843,-0.0012201233670598333,0.8069388721274899,0.8069388721274899,0.8069388721274899,0.004720592401945816,"2345.TW,2303.TW,3017.TW,1326.TW,2892.TW",2026,8765,5
2026-08-11,-0.010827083635882397,-0.014364290824758874,-0.01857139950706843,-0.0012201233670598333,0.6112690627841512,0.6112690627841513,0.6112690627841513,0.0035759240172872847,"2345.TW,2303.TW,3017.TW,1326.TW,2892.TW,5880.TW,3231.TW,1301.TW,2880.TW,1590.TW",2026,8765,10
2026-08-11,-0.013973362026176866,-0.019741617858323735,-0.01857139950706843,-0.0012201233670598333,1.0,1.0,1.0,0.00585,"2345.TW,2303.TW,3017.TW",2026,8765,3
2026-08-18,0.025816595783268077,0.021712311363402792,0.010189183806582847,0.0243706470603212,0.6839303275096316,0.6839303275096316,0.6839303275096316,0.004000992415931345,"2327.TW,2303.TW,3711.TW",2026,8765,3
2026-08-18,0.016671043171853663,0.011837004669795093,0.010189183806582847,0.0243706470603212,0.812781453178069,0.812781453178069,0.812781453178069,0.004754771501091704,"2327.TW,2303.TW,3711.TW,2885.TW,2883.TW",2026,8765,5
2026-08-18,0.00699523882438048,0.0028234917432792273,0.010189183806582847,0.0243706470603212,0.7081653732495746,0.7081653732495745,0.7081653732495745,0.004142767433510011,"2327.TW,2303.TW,3711.TW,2885.TW,2883.TW,2454.TW,2345.TW,2317.TW,3017.TW,6669.TW",2026,8765,10
2026-08-18,0.009438225758834958,0.00503032173273632,0.010189183806582847,0.0243706470603212,0.7464427723081091,0.7464427723081092,0.7464427723081091,0.0043666902180024385,"2327.TW,2303.TW,3711.TW,2885.TW,2883.TW,2454.TW,2345.TW,2317.TW,3017.TW,6669.TW,2408.TW,1101.TW,2357.TW,2308.TW,9910.TW",2026,8765,15
2026-08-18,0.007840661293461367,0.004791389669988044,0.010189183806582847,0.0243706470603212,0.5171879172751215,0.5171879172751213,0.5171879172751214,0.0030255493160594596,"2327.TW,2303.TW,3711.TW,2885.TW,2883.TW,2454.TW,2345.TW,2317.TW,3017.TW,6669.TW,2408.TW,1101.TW,2357.TW,2308.TW,9910.TW,2379.TW,2886.TW,2395.TW,3231.TW,1326.TW",2026,8765,20
