date,ic,top_alpha,bottom_alpha,spread,year,seed
2018-01-02,0.21734693877551017,0.009094260895468375,0.012578586928891059,-0.003484326033422684,2018,9999
2018-01-03,0.011122448979591835,0.005835378441592863,-0.0035632039647696865,0.00939858240636255,2018,9999
2018-01-04,0.20051020408163264,-0.011028745304646655,-0.020132244993168014,0.009103499688521359,2018,9999
2018-01-05,0.2588775510204081,0.0016416354540978759,-0.01975286708697816,0.021394502541076037,2018,9999
2018-01-08,-0.031020408163265303,-0.006550494243214732,-0.003219984752136399,-0.0033305094910783327,2018,9999
2018-01-09,0.1614285714285714,0.014216631103507633,-0.005085409157748873,0.019302040261256505,2018,9999
2018-01-10,0.13489795918367345,-0.010808297481636229,-0.006473706845876053,-0.0043345906357601756,2018,9999
2018-01-11,0.0583673469387755,-0.009342927973420992,-0.004610276290554512,-0.00473265168286648,2018,9999
2018-01-12,-0.06510204081632652,-0.015769964087142027,-0.006728373491610682,-0.009041590595531345,2018,9999
2018-01-15,0.19346938775510203,0.000768221871399466,-0.012393553789007243,0.013161775660406709,2018,9999
2018-01-16,-0.12551020408163266,-0.021537547161065942,-0.026496925599604555,0.004959378438538612,2018,9999
2018-01-17,0.4151020408163265,0.002256799836434922,-0.042285604964374404,0.04454240480080933,2018,9999
2018-01-18,0.016684099089589347,-0.021418217357372434,-0.0071534050550023315,-0.014264812302370103,2018,9999
2018-01-19,0.06877551020408162,0.0008823336479174672,0.0048690917530523166,-0.00398675810513485,2018,9999
2018-01-22,0.2694897959183673,0.005546286762118522,-0.014120340662232691,0.019666627424351213,2018,9999
2018-01-23,-0.019693877551020405,0.011594221799304891,0.015804878763468685,-0.004210656964163794,2018,9999
2018-01-24,0.39501007691621015,0.010583754350450484,-0.009254013275258741,0.019837767625709227,2018,9999
2018-01-25,0.23714285714285713,0.00954561317983381,-0.017129265152650675,0.026674878332484483,2018,9999
2018-01-26,0.3961224489795918,0.009425524600048616,-0.012259515199537805,0.02168503979958642,2018,9999
2018-01-29,0.16795918367346935,0.00538068952882367,0.0005514124246546181,0.004829277104169052,2018,9999
2018-01-30,0.3767539160161233,0.005279846686810264,-0.00854860581350609,0.013828452500316354,2018,9999
2018-01-31,0.21857142857142856,0.006665468500066256,-0.010706192657412066,0.017371661157478322,2018,9999
2018-02-01,0.06030612244897959,-0.0028642542455994155,-0.006125783449096373,0.0032615292034969576,2018,9999
2018-02-02,0.05183673469387754,0.01514338979189964,0.003409495812245601,0.011733893979654039,2018,9999
2018-02-05,0.26626650660264106,0.0022098846361927825,-0.02636676165871641,0.02857664629490919,2018,9999
2018-02-06,-0.25306730060837224,0.010060277085698954,0.01639281710716476,-0.006332540021465806,2018,9999
2018-02-07,-0.008595438175270108,-0.008985864230106212,-0.006704599392782218,-0.002281264837323994,2018,9999
2018-02-08,0.33032412965186075,0.0298934436995398,-0.018086453290318404,0.0479798969898582,2018,9999
2018-02-09,0.47803121248499403,0.01240832767871769,-0.014285216508442411,0.0266935441871601,2018,9999
2018-02-12,0.03923169267707083,0.0072758597048869,0.001249007222551024,0.006026852482335875,2018,9999
2018-02-21,-0.0036496350407044997,-0.00562275845265493,0.002899315530519164,-0.008522073983174094,2018,9999
2018-02-22,-0.03193430660616438,-0.020280438918688148,-0.001530515239618091,-0.018749923679070055,2018,9999
2018-02-23,0.3160144057623049,0.017391447082336642,-0.0006649800913856252,0.018056427173722266,2018,9999
2018-02-26,0.16907563025210082,0.011705095494598338,0.005537757771861518,0.00616733772273682,2018,9999
2018-02-27,-0.001680672268907563,0.001840312756759721,-0.0024139763818060377,0.004254289138565759,2018,9999
2018-03-01,0.33925570228091234,-0.0012075755348719963,-0.010243043530891805,0.009035467996019808,2018,9999
2018-03-02,0.06108189874266594,-0.006730320174342741,-0.020828567774137996,0.014098247599795255,2018,9999
2018-03-05,0.06496998799519808,-0.014804769538913898,-0.01484017605015554,3.5406511241641014e-05,2018,9999
2018-03-06,-0.11049219687875149,0.004781488088154063,0.011175660268677345,-0.006394172180523282,2018,9999
2018-03-07,0.1692717712797936,0.018131929477012986,-0.0058077097292276395,0.023939639206240627,2018,9999
2018-03-08,0.046626650660264106,0.016675420016303334,0.004177535908667785,0.012497884107635549,2018,9999
2018-03-09,0.10540216086434574,0.003997842670521279,-0.005813229916582252,0.009811072587103531,2018,9999
2018-03-12,0.23246098439375748,0.009172175239328072,0.003215845291872832,0.005956329947455241,2018,9999
2018-03-13,-0.03250900360144057,0.010213998574913175,0.012255981960083696,-0.002041983385170521,2018,9999
2018-03-14,-0.07678455667415317,0.011023274945267147,0.012213325571623124,-0.0011900506263559773,2018,9999
2018-03-15,-0.2311219957928075,-0.0031228691603002344,0.028617916442147874,-0.031740785602448106,2018,9999
2018-03-16,0.054981992797118844,0.0031629966386883313,0.014709388318783,-0.01154639168009467,2018,9999
2018-03-19,0.1226890756302521,-0.009452296199484577,-0.002098681510683309,-0.007353614688801268,2018,9999
2018-03-20,-0.0182481752035225,-0.00655909539940458,-0.01182114031942747,0.00526204492002289,2018,9999
2018-03-21,0.1510204081632653,-0.0014041442042765806,-0.005469966069234678,0.004065821864958097,2018,9999
2018-03-22,-0.04432172869147659,-0.0088289391327383,0.00327485252380848,-0.012103791656546781,2018,9999
2018-03-23,-0.06573829531812725,-0.0040674722483651,0.006722965688800708,-0.010790437937165808,2018,9999
2018-03-26,0.0656422569027611,-0.0011259185694156403,-0.006151539728741528,0.005025621159325888,2018,9999
2018-03-27,-0.11452581032412965,0.0026028600241424283,0.018091923469436298,-0.01548906344529387,2018,9999
2018-03-28,-0.013976945648008554,-0.006200858678514587,0.0011354431061608161,-0.007336301784675403,2018,9999
2018-03-29,0.34280912364945976,0.01387068879418637,-0.0013531676119867496,0.01522385640617312,2018,9999
2018-03-30,0.3352301376749614,0.014607861223328656,-0.014577118748867645,0.029184979972196302,2018,9999
2018-04-02,0.0003361344537815126,0.01369313630484591,0.02050655289141008,-0.006813416586564168,2018,9999
2018-04-03,0.09349339735894358,-0.0003485870596297791,0.007620903192147787,-0.007969490251777567,2018,9999
2018-04-09,0.17757929367168132,0.028942109670715623,0.0023205221663027964,0.026621587504412826,2018,9999
2018-04-10,-0.09839135654261706,0.0017044025735634904,0.016028040863762062,-0.014323638290198571,2018,9999
2018-04-11,-0.1775270108043217,9.390492677519013e-05,0.012921589795988998,-0.012827684869213807,2018,9999
2018-04-12,-0.06756302521008403,0.007629150344037961,0.030767314363253584,-0.023138164019215625,2018,9999
2018-04-13,0.017046818727490996,0.011851312616318277,0.047037183003973214,-0.03518587038765494,2018,9999
2018-04-16,0.26261704681872744,0.020313192983841356,0.029931976731991584,-0.009618783748150228,2018,9999
2018-04-17,0.17018415813208182,0.02079785937960842,0.01149559886703062,0.0093022605125778,2018,9999
2018-04-18,0.34031212484994,0.0329039994216096,-0.008761995408586399,0.04166599483019599,2018,9999
2018-04-19,0.2838415366146458,0.006731985736890667,-0.024784619060488556,0.03151660479737922,2018,9999
2018-04-20,-0.0022089365897504975,-0.021615007507988327,-0.021176364387911917,-0.0004386431200764096,2018,9999
2018-04-23,0.3174549819927971,0.008866187142866888,-0.0289111913046735,0.03777737844754039,2018,9999
2018-04-24,0.3007442977190876,0.01624650143112464,8.292062884450724e-05,0.01616358080228013,2018,9999
2018-04-25,-0.015702657931487233,0.007977825091239543,0.008349460168022871,-0.00037163507678332833,2018,9999
2018-04-26,0.0672749099639856,-0.003941717039859338,0.005660826020378984,-0.009602543060238323,2018,9999
2018-04-27,0.131386861465362,0.006871896947139644,-0.003057320768365812,0.009929217715505456,2018,9999
2018-04-30,0.019927971188475387,0.00014504640624941613,0.02148236005564479,-0.021337313649395374,2018,9999
2018-05-02,-0.14540565203835887,-0.004825057786243092,0.01855478683411559,-0.02337984462035868,2018,9999
2018-05-03,0.03995294005809596,-0.005690289455023945,0.01257084099042578,-0.018261130445449726,2018,9999
2018-05-04,-0.21478991596638655,-0.009345563844087246,0.01581848510712861,-0.025164048951215857,2018,9999
2018-05-07,-0.04355342136854741,-0.0056185574843710786,-0.004035181097242946,-0.0015833763871281326,2018,9999
2018-05-08,-0.22612244897959183,-0.01480264979860194,-0.005540937196194274,-0.009261712602407667,2018,9999
2018-05-09,-0.19692677070828332,-0.017873900005817078,0.008656558091492383,-0.02653045809730946,2018,9999
2018-05-10,-0.2672268907563025,-0.008287303964064473,0.02834528019675776,-0.03663258416082223,2018,9999
2018-05-11,-0.17537035708193083,-0.006851347011540066,0.008460041829163845,-0.015311388840703911,2018,9999
2018-05-14,0.09915966386554621,0.010576895444892575,0.0004914081666043014,0.010085487278288273,2018,9999
2018-05-15,0.1971188475390156,0.01396700596755356,-0.0077380391285880035,0.021705045096141563,2018,9999
2018-05-16,0.19644657863145257,0.011268680257354825,-0.0054498308810300485,0.01671851113838487,2018,9999
2018-05-17,0.20806722689075627,0.0008746698543555919,-0.008697173106756806,0.009571842961112397,2018,9999
2018-05-18,0.35394957983193276,0.024385735641061456,-0.008753588258611656,0.03313932389967311,2018,9999
2018-05-21,0.36518607442977186,0.014197628842876087,-0.010668642090296221,0.024866270933172306,2018,9999
2018-05-22,0.12163557351821763,0.0029763516389231916,-0.0013447626722141836,0.0043211143111373754,2018,9999
2018-05-23,0.01027635717840449,-0.004696923555701837,-0.0007079906043399809,-0.003988932951361856,2018,9999
2018-05-24,0.24225690276110443,0.002167374375976383,-0.011708227717745523,0.013875602093721906,2018,9999
2018-05-25,0.2508043217286915,0.013041329186432304,0.009422559472740465,0.003618769713691839,2018,9999
2018-05-28,0.11659343565030889,0.0028321520134890754,-0.00509373549711487,0.007925887510603946,2018,9999
2018-05-29,0.0027370948379351738,0.014036272158456264,0.003609980697386528,0.010426291461069737,2018,9999
2018-05-30,0.024537815126050418,0.00019895502570188572,0.001260672034270305,-0.0010617170085684192,2018,9999
2018-05-31,0.22641056422569028,0.012611681675657982,0.01099571666081096,0.0016159650148470216,2018,9999
2018-06-01,-0.048308482810630445,0.004345069425394055,0.02243960088050272,-0.018094531455108663,2018,9999
2018-06-04,0.09464585834333733,0.002894305311190537,0.011954540034962968,-0.009060234723772431,2018,9999
2018-06-05,0.1870873250797378,0.005190700088848777,-0.00028163182884699545,0.005472331917695772,2018,9999
2018-06-06,0.1870348139255702,0.016458543599713583,0.010431993951720642,0.006026549647992941,2018,9999
2018-06-07,0.24504201680672266,0.022074030773590714,-0.008652856588930547,0.03072688736252126,2018,9999
2018-06-08,0.1512124849939976,0.0176008156962044,-0.024798667995674473,0.042399483691878875,2018,9999
2018-06-11,0.09445378151260504,-0.0012502792937471251,-0.0232707092348148,0.022020429941067676,2018,9999
2018-06-12,-0.19481392557022806,-0.006947158045823143,0.012361420474320206,-0.01930857852014335,2018,9999
2018-06-13,0.07582232893157262,0.0016628565161199594,0.0021464491736025715,-0.0004835926574826121,2018,9999
2018-06-14,0.1648499399759904,-0.005153041542204783,-0.0168168072187048,0.011663765676500017,2018,9999
2018-06-15,0.15793517406962787,-0.006241974712296927,-0.01842968959483301,0.012187714882536081,2018,9999
2018-06-19,-0.20797618196107404,-0.0328979261711405,-0.006752961905911081,-0.026144964265229418,2018,9999
2018-06-20,-0.37148550996325763,-0.015864319852523456,0.008769057913376632,-0.024633377765900088,2018,9999
2018-06-21,-0.06458583433373348,0.005894789462234928,0.003300546351204181,0.0025942431110307475,2018,9999
2018-06-22,-0.06180072028811524,-0.001248546240886017,0.004819112487166233,-0.0060676587280522505,2018,9999
2018-06-25,0.021656662665066023,0.029308397757490223,0.005648294847580148,0.023660102909910073,2018,9999
2018-06-26,-0.13690276110444177,-0.003657211416565875,0.004619706658103795,-0.008276918074669671,2018,9999
2018-06-27,-0.056038415366146455,-0.0006424361682154988,0.015578151481583636,-0.016220587649799136,2018,9999
2018-06-28,-0.025978391356542615,-0.011092486474567453,0.006422283748121737,-0.017514770222689192,2018,9999
2018-06-29,-0.2349579831932773,-0.006146754131925147,0.009896079814580317,-0.016042833946505464,2018,9999
2018-07-02,0.006962785114045618,-0.015673587484730946,-0.016070849836102498,0.0003972623513715523,2018,9999
2018-07-03,0.01133280511263299,-0.0031526931660814106,-0.0012362216400934934,-0.0019164715259879172,2018,9999
2018-07-04,-0.207875150060024,-0.014085364650385046,0.0023172151918661177,-0.016402579842251165,2018,9999
2018-07-05,0.1700360144057623,0.011605535518896926,0.002558703041909727,0.0090468324769872,2018,9999
2018-07-06,-0.07918367346938776,0.001995467562989639,-0.0013633926174041245,0.0033588601803937637,2018,9999
2018-07-09,-0.2192076830732293,-0.003418612550546196,0.014325573548098759,-0.017744186098644955,2018,9999
2018-07-10,-0.04912364945978391,-0.0012535751557471663,0.016535716827591383,-0.017789291983338548,2018,9999
2018-07-11,-0.21872749099639854,-0.01594943963452696,0.00705039914451906,-0.02299983877904602,2018,9999
2018-07-12,-0.04192076830732293,0.005657396977552654,0.010388052638380408,-0.004730655660827754,2018,9999
2018-07-13,0.2011092703885888,0.007470613826478567,-0.019113110813298494,0.02658372463977706,2018,9999
2018-07-16,-0.24024009603841537,-0.022956331775958204,0.0072054591992351535,-0.030161790975193357,2018,9999
2018-07-17,-0.030012004801920768,-0.028607665654688176,-0.033265731447899946,0.00465806579321177,2018,9999
2018-07-18,0.17464585834333732,-0.03235558878358269,-0.03165984827162831,-0.0006957405119543819,2018,9999
2018-07-19,0.09224489795918367,0.007262839623066186,-0.007430437413149649,0.014693277036215835,2018,9999
2018-07-20,0.547528152094243,0.04918635952998333,-0.017640121097627127,0.06682648062761046,2018,9999
2018-07-23,0.25162668978896974,0.036726118350759715,-0.0026197384461516316,0.03934585679691135,2018,9999
2018-07-24,0.07851140456182472,-0.0006361796226232897,-0.013570470620636576,0.012934290998013286,2018,9999
2018-07-25,0.2002881152460984,0.005088014847961619,-0.031652701024530105,0.036740715872491725,2018,9999
2018-07-26,0.056038415366146455,-0.003844707835126182,-0.026586524112878197,0.022741816277752014,2018,9999
2018-07-27,0.12816326530612243,0.0019022822200569945,-0.03348010845342088,0.03538239067347787,2018,9999
2018-07-30,-0.0006723011909335382,-0.007881963835055484,-0.0029175317992298556,-0.0049644320358256284,2018,9999
2018-07-31,-0.014645858343337334,-0.006523754326079578,-0.0012183638907865778,-0.005305390435293,2018,9999
2018-08-01,0.04403361344537814,-0.01099492008370071,-0.001757394622486408,-0.009237525461214301,2018,9999
2018-08-02,-0.1345018007202881,-0.018939307064819878,0.00969519982839242,-0.0286345068932123,2018,9999
2018-08-03,-0.1756062424969988,-0.0266309587306651,-0.0007564004050942819,-0.02587455832557082,2018,9999
2018-08-06,0.0760144057623049,-0.002674311025741216,0.0032244480214347116,-0.005898759047175928,2018,9999
2018-08-07,0.26127250900360144,0.022228814165436993,-0.006050057736275749,0.028278871901712743,2018,9999
2018-08-08,0.1951020408163265,0.015463030549504741,0.005060541759055237,0.010402488790449504,2018,9999
2018-08-09,0.041440576230492195,0.010767818269462626,0.0021469901627428458,0.00862082810671978,2018,9999
2018-08-10,0.0954141656662665,0.0038038320976406027,-0.008222814538484668,0.01202664663612527,2018,9999
2018-08-13,-0.0546938775510204,0.002065352697984324,-0.001234649429120549,0.003300002127104873,2018,9999
2018-08-14,0.06833297320032518,-0.0029819100412069146,-0.004124554294313565,0.0011426442531066502,2018,9999
2018-08-15,0.46400960384153656,0.036112228501362996,-0.001297178878527394,0.03740940737989039,2018,9999
2018-08-16,0.07034813925570228,-0.011351641322278495,-0.006364761510476791,-0.004986879811801704,2018,9999
2018-08-17,0.17224489795918366,0.0005596814803358607,-0.000525807161677605,0.0010854886420134657,2018,9999
2018-08-20,0.15803121248499397,0.0016179552708094347,-0.0029120302963348333,0.004529985567144268,2018,9999
2018-08-21,0.17262905162064823,0.0098299126658541,-0.0007925383264280938,0.010622450992282194,2018,9999
2018-08-22,0.18617046818727492,0.00925172034377637,-0.01170115014713331,0.02095287049090968,2018,9999
2018-08-23,0.05968787515006002,0.014677635468346962,-0.004623123502790927,0.019300758971137887,2018,9999
2018-08-24,0.19433373349339736,0.011643025490246628,-0.021441160102435942,0.03308418559268257,2018,9999
2018-08-27,0.2169987995198079,-0.012087801957791045,-0.01580959522972174,0.003721793271930696,2018,9999
2018-08-28,0.014069627851140454,-0.005898666875172198,0.003398070973063161,-0.00929673784823536,2018,9999
2018-08-29,0.07370948379351741,0.0038678819255992037,-0.0007002308380529843,0.0045681127636521875,2018,9999
2018-08-30,-0.2113325330132053,-0.004191479190622571,-0.0015444382772835442,-0.002647040913339027,2018,9999
2018-08-31,0.05959183673469387,-0.02881630850664253,-0.017004646636055422,-0.011811661870587107,2018,9999
2018-09-03,-0.24773109243697478,-0.004534342073299636,-0.0032532269429997097,-0.001281115130299926,2018,9999
2018-09-04,0.1361344537815126,-0.0202527354776857,-0.020927271465024776,0.0006745359873390755,2018,9999
2018-09-05,0.2242016806722689,-0.010254334057760828,-0.02789407402267815,0.01763973996491732,2018,9999
2018-09-06,-0.041344537815126044,-0.013140407494225015,-0.011132724427103936,-0.0020076830671210792,2018,9999
2018-09-07,-0.07952171723101792,-0.016174747890747555,-0.0007831142466641295,-0.015391633644083426,2018,9999
2018-09-10,0.22900360144057622,0.005459820100837764,-0.02180471595115311,0.027264536051990876,2018,9999
2018-09-11,0.16273709483793514,0.00032163098374894395,-0.004717113138509555,0.005038744122258499,2018,9999
2018-09-12,-0.017046818727490996,0.030880997300430525,0.015789498783273005,0.01509149851715752,2018,9999
2018-09-13,0.26674669867947176,0.008434066687880992,0.01031929768644112,-0.0018852309985601286,2018,9999
2018-09-14,-0.0710204081632653,0.006184301076601328,0.010689833445041142,-0.004505532368439814,2018,9999
2018-09-17,-0.003889555822328931,0.004056775810890922,0.015210436474329014,-0.011153660663438092,2018,9999
2018-09-18,-0.026747340880239726,0.011691671170191164,-0.0002118147103543966,0.01190348588054556,2018,9999
2018-09-19,0.07131537275367014,0.002367267421294739,-0.0027391823489407276,0.0051064497702354664,2018,9999
2018-09-20,-0.09253301320528211,-0.00515635403008805,0.003283277653373262,-0.008439631683461311,2018,9999
2018-09-21,0.1264345738295318,-0.0006699741277349736,-0.012156605254760611,0.011486631127025637,2018,9999
2018-09-25,-0.12585834333733492,-0.003975195718859803,0.002779636866456292,-0.006754832585316095,2018,9999
2018-09-26,-0.033999231655781795,0.002709970754972446,0.0014105325346152053,0.0012994382203572407,2018,9999
2018-09-27,0.08841185268653651,0.00918409412403014,0.0014657729266128183,0.007718321197417322,2018,9999
2018-09-28,0.3769987995198079,-0.003799618854608333,-0.01685135192187085,0.013051733067262518,2018,9999
2018-10-01,0.2704921968787515,-0.009259570773978576,-0.01260520808280131,0.003345637308822735,2018,9999
2018-10-02,0.3366227281337172,0.005942167617699823,-0.017020894612981695,0.02296306223068152,2018,9999
2018-10-03,0.2804936614836182,0.0019842992865247043,-0.006608151918228245,0.008592451204752948,2018,9999
2018-10-04,0.07956782713085234,-0.024843465140802656,-0.038067996401495316,0.01322453126069266,2018,9999
2018-10-05,-0.166578631452581,-0.02539296905329942,-0.0055980629589061585,-0.019794906094393258,2018,9999
2018-10-08,0.3105402160864345,-0.004049479078650875,-0.025091763165125604,0.021042284086474728,2018,9999
2018-10-09,0.2000960384153661,0.02625604814057031,0.0010676928654715257,0.025188355275098783,2018,9999
2018-10-11,0.27202881152460984,-0.011500233853193076,-0.02271104756013398,0.011210813706940903,2018,9999
2018-10-12,0.2669387755102041,0.00708205295887655,-0.00882719365649337,0.01590924661536992,2018,9999
2018-10-15,-0.027322929171668665,0.002407459955778413,-0.009653857246677966,0.01206131720245638,2018,9999
2018-10-16,0.07313325330132053,0.03027170298510118,0.00834853136556849,0.021923171619532687,2018,9999
2018-10-17,-0.018104110662442056,0.0037065013286237793,0.008752445220070904,-0.005045943891447124,2018,9999
2018-10-18,-0.05469519077664819,0.010413742952588423,-0.00012254048494098058,0.010536283437529404,2018,9999
2018-10-19,-0.07073229291716686,-0.019825343020299736,0.0070018869952803596,-0.026827230015580097,2018,9999
2018-10-22,0.015126050420168066,-0.0073610873330905435,-0.0028312349346615974,-0.004529852398428946,2018,9999
2018-10-23,-0.3169747899159664,-0.017607400141947817,0.01992094555716727,-0.03752834569911509,2018,9999
2018-10-24,-0.17944777911164464,0.008051659080281737,0.008488308838839742,-0.00043664975855800536,2018,9999
2018-10-25,-0.1276830732292917,-0.006920313153906288,0.004780615027801171,-0.01170092818170746,2018,9999
2018-10-26,0.18194477791116445,0.006224269664273041,-0.014272273747752052,0.020496543412025094,2018,9999
2018-10-29,0.2791356542617046,0.03828178428868989,-0.017904877688028953,0.056186661976718844,2018,9999
2018-10-30,0.18406204235899254,0.028809385192778626,-0.01218626428692009,0.04099564947969872,2018,9999
2018-10-31,-0.17118847539015608,0.0069861323706029484,0.026407225974980863,-0.019421093604377916,2018,9999
2018-11-01,0.4611284513805522,0.011854082877985195,-0.013114341438076615,0.02496842431606181,2018,9999
2018-11-02,-0.04672268907563025,0.000583738113319332,0.00818700559389628,-0.007603267480576948,2018,9999
2018-11-05,-0.18799519807923168,-0.006897530159489374,-0.005816675411310768,-0.0010808547481786059,2018,9999
2018-11-06,-0.272797118847539,0.0026746468534791347,0.018728868484380833,-0.0160542216309017,2018,9999
2018-11-07,-0.13344537815126048,-0.001526120162355482,0.01480824624824173,-0.016334366410597212,2018,9999
2018-11-08,0.014933973589435772,0.016228316429904,0.017327203087730614,-0.001098886657826613,2018,9999
2018-11-09,0.459015606242497,0.06767767517727326,0.011742079017526164,0.055935596159747095,2018,9999
2018-11-12,-0.1925616461934673,0.009236701423547333,0.023006271987473514,-0.013769570563926182,2018,9999
2018-11-13,0.17704681872749098,0.025383692042438177,0.019528845215478076,0.0058548468269601014,2018,9999
2018-11-14,0.24206482593037212,0.028737634851566884,0.015417942999965562,0.013319691851601322,2018,9999
2018-11-15,0.3375270108043217,0.030347839832583833,0.015620082601570417,0.014727757231013416,2018,9999
2018-11-16,0.2932533013205282,0.02489172706335726,-0.0001825278384698814,0.02507425490182714,2018,9999
2018-11-19,0.16619447779111643,0.001881059526861728,-0.00544557040161614,0.007326629928477868,2018,9999
2018-11-20,-0.017623049219687877,-0.009310873920751861,-0.011811581598156495,0.0025007076774046337,2018,9999
2018-11-21,-0.015366515406959984,-0.010282061797591658,-0.010213886581349918,-6.817521624173997e-05,2018,9999
2018-11-22,0.15342136854741897,0.008314596182305989,0.004789452781841286,0.0035251434004647027,2018,9999
2018-11-23,0.1741656662665066,0.02410457997278449,0.005231781905511379,0.01887279806727311,2018,9999
2018-11-26,-0.3375351149860054,0.003697065104677699,0.017772585227573114,-0.014075520122895414,2018,9999
2018-11-27,-0.3512605042016807,-0.013440914640758573,0.01847530560008176,-0.03191622024084033,2018,9999
2018-11-28,-0.4695798319327731,-0.0207699681281448,0.032947517724646914,-0.053717485852791715,2018,9999
2018-11-29,-0.08148859543817527,-0.0035997445631063773,-0.0010749818241576948,-0.0025247627389486825,2018,9999
2018-11-30,0.05911164465786314,0.0049965361498316655,0.004618724379310157,0.0003778117705215082,2018,9999
2018-12-03,0.6296758703481392,0.030646085986815376,-0.052315118318836215,0.0829612043056516,2018,9999
2018-12-04,0.2664585834333733,0.02320779692904189,-0.004714150801072492,0.02792194773011438,2018,9999
2018-12-05,-0.039519807923169274,-0.002045827544810619,0.013112378623612508,-0.015158206168423127,2018,9999
2018-12-06,0.17848739495798316,-0.0034335320275449164,-0.008080011709089452,0.0046464796815445355,2018,9999
2018-12-07,0.2471548619447779,0.006514547983921049,-0.01360172043117074,0.020116268415091787,2018,9999
2018-12-10,0.2240149824170885,0.005354059386161713,-0.017159353205194006,0.022513412591355718,2018,9999
2018-12-11,0.2921968787515006,0.011847765356779038,0.0024687366817942036,0.009379028674984835,2018,9999
2018-12-12,0.15438545947930107,0.008541700687132458,0.0064557270553214805,0.0020859736318109773,2018,9999
2018-12-13,0.2076830732292917,0.009376322455044639,-0.0019565066987111135,0.011332829153755752,2018,9999
2018-12-14,0.046530612244897955,-0.004788961260229718,-0.009784656256230017,0.004995694996000299,2018,9999
2018-12-17,0.013589435774309724,0.003772270771304054,-0.002826292979458489,0.006598563750762542,2018,9999
2018-12-18,0.26780312124849937,0.003775540199351568,-0.02234588343181627,0.026121423631167838,2018,9999
2018-12-19,0.1847298919567827,-0.0022871669772736468,-0.016285924646408056,0.013998757669134408,2018,9999
2018-12-20,0.33387755102040817,0.012700602684504769,-0.011604871845531006,0.024305474530035773,2018,9999
2018-12-21,0.31985594237695075,0.0049780357506641225,-0.007060379367802761,0.012038415118466882,2018,9999
2018-12-24,0.1657142857142857,0.002205770663669826,-0.007570582511032509,0.009776353174702334,2018,9999
2018-12-25,0.09608643457382952,-0.003559654810617918,-0.017984061498562087,0.014424406687944168,2018,9999
2018-12-26,-0.06813925570228091,-0.007177684964811359,0.011522941390339414,-0.018700626355150775,2018,9999
2018-12-27,0.131140456182473,0.01869233664043376,0.023202316000773503,-0.004509979360339745,2018,9999
2018-12-28,-0.16974789915966385,-0.0018888287487316192,0.02397456859997945,-0.02586339734871107,2018,9999
2019-01-02,0.07899159663865546,0.0195370245823698,0.010107011699111657,0.009430012883258142,2019,9999
2019-01-03,-0.047587034813925566,0.0188630781168339,0.02307846823103906,-0.004215390114205162,2019,9999
2019-01-04,0.2801920768307323,0.03087092399480047,-0.014510335396429841,0.04538125939123031,2019,9999
2019-01-07,0.009939975990396158,-0.002334731665391754,-0.010251191297474793,0.00791645963208304,2019,9999
2019-01-08,0.23764705882352938,0.009743072310161837,-0.001917550282855529,0.011660622593017367,2019,9999
2019-01-09,-0.15082833133253298,-0.00023400689590883373,0.007648162903667477,-0.007882169799576311,2019,9999
2019-01-10,-0.22842737094837934,-0.00841820768699011,0.025199961292458783,-0.033618168979448894,2019,9999
2019-01-11,-0.30027131512412747,0.009620176317869888,0.029680712635850426,-0.020060536317980538,2019,9999
2019-01-14,-0.1331604600734376,0.004617647706250916,0.009584537771710788,-0.004966890065459872,2019,9999
2019-01-15,-0.1481392557022809,0.001308762050655432,0.005464597470330424,-0.004155835419674992,2019,9999
2019-01-16,0.015126050420168066,-0.0056887512198182,-0.01757778408307218,0.01188903286325398,2019,9999
2019-01-17,0.08360144057623049,-0.0011445295600035822,-0.0056008003362258306,0.004456270776222248,2019,9999
2019-01-18,0.35692677070828327,-0.0016898810142131127,-0.02125560479749583,0.019565723783282717,2019,9999
2019-01-21,0.07524790513345718,0.0001477167502354604,-0.0014435990242013142,0.0015913157744367745,2019,9999
2019-01-22,-0.08312124849939975,0.0017868181669972727,0.01256198274717285,-0.010775164580175578,2019,9999
2019-01-23,-0.11481668230637913,-0.008583809849337964,0.00437887144569773,-0.012962681295035694,2019,9999
2019-01-24,0.3395438175270108,0.018866528858285537,-0.006432891050034706,0.025299419908320242,2019,9999
2019-01-25,0.1307563025210084,0.01220464471237116,0.004448457833842834,0.007756186878528326,2019,9999
2019-01-28,-0.014261704681872748,0.01412552304588357,0.016481507459892963,-0.002355984414009393,2019,9999
2019-01-29,-0.030684273709483793,0.009256244237276967,0.008320803200356598,0.0009354410369203699,2019,9999
2019-01-30,0.03495882255083396,0.008313143730807914,-0.0017009449512419895,0.010014088682049904,2019,9999
2019-02-11,0.03308523409363745,0.00653525662525547,-0.0020084282195092285,0.008543684844764698,2019,9999
2019-02-12,-0.027083483404766972,0.01073108926621984,0.018147715351918326,-0.007416626085698486,2019,9999
2019-02-13,0.04336238566401521,0.004562906514823583,-0.001505909531640781,0.006068816046464365,2019,9999
2019-02-14,-0.09464585834333733,-0.00816252338865936,0.0017167588441119985,-0.009879282232771357,2019,9999
2019-02-15,0.25239501555931776,-0.00045937282285221095,-0.009030198595690719,0.008570825772838507,2019,9999
2019-02-18,0.25599039615846336,0.002824743358256132,-0.024511279880256455,0.027336023238512586,2019,9999
2019-02-19,0.1074189675870348,0.014429724182903137,-0.010315631804384828,0.024745355987287963,2019,9999
2019-02-20,0.007203054097012493,0.002385002145059922,0.010697565438822476,-0.008312563293762554,2019,9999
2019-02-21,-0.11779394466647762,0.01330102582778624,0.01439510960374476,-0.0010940837759585206,2019,9999
2019-02-22,-0.25585248152588375,-0.010439297374348667,0.025731550830016124,-0.036170848204364794,2019,9999
2019-02-25,-0.011860744297719087,0.01915735319298407,0.018401906714782555,0.0007554464782015165,2019,9999
2019-02-26,0.23798890736529277,0.004270339128129008,0.008242979520468341,-0.003972640392339333,2019,9999
2019-02-27,0.2741416566626651,0.013060147642849296,-0.0021084631137409772,0.015168610756590272,2019,9999
2019-03-04,0.32878751500600234,0.006166828483758813,-0.01263668629074478,0.018803514774503594,2019,9999
2019-03-05,0.06593195516798768,0.007681496888373407,-0.0037804611562654465,0.011461958044638853,2019,9999
2019-03-06,-0.03010804321728691,0.00025221541942306304,-0.003629531289901311,0.003881746709324374,2019,9999
2019-03-07,0.16436974789915965,-0.0079637265585781,-0.003349082901160627,-0.004614643657417473,2019,9999
2019-03-08,0.020120048019207682,-0.006280830542981053,-0.007788811123379802,0.001507980580398749,2019,9999
2019-03-11,0.16840336134453782,-0.0033173457407378202,0.0032139368213451648,-0.006531282562082985,2019,9999
2019-03-12,-0.13143172709015463,0.002314070730277651,0.012189341107378992,-0.009875270377101342,2019,9999
2019-03-13,-0.044801920768307316,0.017441997526588204,0.013961501387194986,0.0034804961393932188,2019,9999
2019-03-14,-0.20797118847539015,-0.005756540417754097,0.01700701682845761,-0.022763557246211708,2019,9999
2019-03-15,0.12365242866538112,0.0029210968878294443,0.005966909297996115,-0.0030458124101666708,2019,9999
2019-03-18,-0.1807923169267707,0.00344267134804338,0.013371546409842162,-0.009928875061798782,2019,9999
2019-03-19,0.11078297201205214,0.011243279161595876,0.0037378490835654143,0.007505430078030461,2019,9999
2019-03-20,-0.10242496998799519,0.011293838939696732,0.016634242228056616,-0.005340403288359883,2019,9999
2019-03-21,0.18098873927760054,0.01092643092557083,-0.003251032678713195,0.014177463604284023,2019,9999
2019-03-22,-0.17819927971188473,-0.004711143469717904,0.014801281063583482,-0.019512424533301386,2019,9999
2019-03-25,-0.06554936619160055,0.007578403990085447,0.013891116397245707,-0.00631271240716026,2019,9999
2019-03-26,-0.08686674669867947,-0.00692247329958714,-0.0035717800026406343,-0.0033506932969465057,2019,9999
2019-03-27,-0.13546218487394956,-0.010698923367445734,-0.007655481925563012,-0.0030434414418827223,2019,9999
2019-03-28,0.13757503001200477,-0.00810844776869265,-0.002208845563365769,-0.005899602205326882,2019,9999
2019-03-29,-0.17032412965186072,-0.00789828238105752,-0.007680289722125566,-0.00021799265893195433,2019,9999
2019-04-01,-0.23803121248499398,-0.010004393543230327,0.02677310856105237,-0.0367775021042827,2019,9999
2019-04-02,-0.021944777911164462,-0.01717851056177424,-0.0028943449838692683,-0.014284165577904972,2019,9999
2019-04-03,-0.10857142857142857,-0.0063921108773328465,0.004234643962110285,-0.010626754839443132,2019,9999
2019-04-08,0.06305073352918268,0.0022267460690320153,-0.001126875308733921,0.0033536213777659364,2019,9999
2019-04-09,0.12593660305525234,-0.002586000402795674,-0.011911108201158194,0.009325107798362521,2019,9999
2019-04-10,0.23837307025046675,-0.006247482535186655,-0.019825076993163195,0.01357759445797654,2019,9999
2019-04-11,-0.07510384405151693,-0.007088431464124833,0.0028534324123715704,-0.009941863876496404,2019,9999
2019-04-12,0.022713085234093634,0.0021296364565502766,0.002197078430193189,-6.74419736429125e-05,2019,9999
2019-04-15,-0.1528451380552221,-0.014669889001816238,-0.0071393214196739385,-0.0075305675821423,2019,9999
2019-04-16,0.3153421368547419,0.00019419668322419038,-0.009070790514250604,0.009264987197474794,2019,9999
2019-04-17,0.3131332533013205,0.0049012450607918145,-0.006557369057638862,0.011458614118430677,2019,9999
2019-04-18,0.1438175270108043,0.006389596657896668,0.0027995985920555412,0.0035899980658411264,2019,9999
2019-04-19,0.002352941176470588,-0.00588884084035497,-4.554431563126293e-05,-0.005843296524723707,2019,9999
2019-04-22,0.09906362545018006,0.0009920095579096788,0.005436273428957717,-0.004444263871048038,2019,9999
2019-04-23,0.16052821128451378,0.008067509461536383,0.0069624823280677985,0.001105027133468584,2019,9999
2019-04-24,0.2901800720288115,0.014255928286490438,-0.004541307380918502,0.01879723566740894,2019,9999
2019-04-25,0.05286914765906363,0.005680684574332939,0.007480363050346129,-0.0017996784760131897,2019,9999
2019-04-26,0.020888355342136854,0.006412228940362674,-0.003819432682004453,0.010231661622367126,2019,9999
2019-04-29,0.22756302521008404,0.013613126332276949,0.0018836323521850384,0.011729493980091911,2019,9999
2019-04-30,-0.18559869389968858,0.0010784289196243857,0.01932203551864059,-0.018243606599016204,2019,9999
2019-05-02,0.15611044417767103,0.00696865200205915,0.009223426308732508,-0.002254774306673358,2019,9999
2019-05-03,-0.1485269754803976,0.004923775203425162,0.02859304128904109,-0.023669266085615925,2019,9999
2019-05-06,0.05114045618247299,0.0019235682834030654,0.0013287766624288766,0.0005947916209741888,2019,9999
2019-05-07,0.4656422569027611,0.013614798786741555,-0.011628312232895533,0.02524311101963709,2019,9999
2019-05-08,0.2180604576968915,-0.0033629679910953114,-0.03282361685178463,0.029460648860689317,2019,9999
2019-05-09,0.07130852340936374,0.002362655868945496,-0.009526246288765671,0.011888902157711167,2019,9999
2019-05-10,0.02943648107645772,-4.898806362946262e-05,0.008656490861364507,-0.00870547892499397,2019,9999
2019-05-13,0.30199279711884747,0.021681440097394044,0.0007821799837623544,0.02089926011363169,2019,9999
2019-05-14,-0.014357743097238897,-0.004780933161256007,-0.012074919808546903,0.007293986647290896,2019,9999
2019-05-15,0.44710684273709483,0.011524822237176668,-0.040425809426723094,0.051950631663899766,2019,9999
2019-05-16,0.01282112845138055,0.0039434270384848145,-0.0002694028529032666,0.004212829891388081,2019,9999
2019-05-17,-0.13795918367346938,-0.0075515322793197285,0.00982091634140524,-0.01737244862072497,2019,9999
2019-05-20,0.047490996398559415,0.010254473072248426,0.004636369230997162,0.005618103841251264,2019,9999
2019-05-21,0.11414165666266506,-0.004040885140167006,-0.00818518096873363,0.004144295828566624,2019,9999
2019-05-22,0.34368172114878937,0.003048099219964173,-0.015418376172841553,0.018466475392805725,2019,9999
2019-05-23,-0.2657863145258103,-0.029830416514613413,-0.002461996219026452,-0.027368420295586962,2019,9999
2019-05-24,0.21690276110444176,0.0040587359380236275,-0.0011034176057694745,0.005162153543793102,2019,9999
2019-05-27,0.26665066026410567,0.009274925021617742,-0.01550704103700672,0.024781966058624462,2019,9999
2019-05-28,-0.3786314525810324,-0.00754544131865077,-0.001021490180623441,-0.006523951138027329,2019,9999
2019-05-29,-0.23937575030012,-0.025282359567257284,-0.007033487767473623,-0.018248871799783663,2019,9999
2019-05-30,-0.3372469928221249,-0.015008071648267885,0.011347752666524779,-0.026355824314792664,2019,9999
2019-05-31,0.4041776710684274,0.014639901182264659,-0.009882568086240617,0.024522469268505275,2019,9999
2019-06-03,0.3897719087635054,0.022059576957526826,-0.006789713935147534,0.02884929089267436,2019,9999
2019-06-04,0.100984393757503,0.01379001722422608,0.0043954260995811125,0.009394591124644969,2019,9999
2019-06-05,-0.3760384153661464,-0.019028974504834407,0.01918942295279604,-0.03821839745763045,2019,9999
2019-06-06,-0.24936374549819929,-0.01731191070390512,0.00548502364047967,-0.02279693434438479,2019,9999
2019-06-10,-0.18588235294117647,-0.01534352792681688,0.0074291022693336985,-0.022772630196150577,2019,9999
2019-06-11,0.41858343337334936,0.01361446117902414,-0.01534944032755784,0.028963901506581978,2019,9999
2019-06-12,0.27394957983193274,0.020948098560426252,-0.0029289007118350253,0.02387699927226128,2019,9999
2019-06-13,0.29075630252100837,0.006872414507611202,-0.0018123884466862972,0.008684802954297499,2019,9999
2019-06-14,-0.1413205282112845,-0.0017629020914275207,0.016140913743346797,-0.01790381583477432,2019,9999
2019-06-17,0.05162064825930372,0.017739574266275548,-0.0024732027452177507,0.020212777011493297,2019,9999
2019-06-18,0.2727556484735397,0.01307217001180232,-0.008447680458682393,0.021519850470484714,2019,9999
2019-06-19,0.07975990396158462,-0.0024943612686237236,-0.012800224600841893,0.010305863332218168,2019,9999
2019-06-20,0.6588393480734094,0.011535372766938279,-0.02806192342768853,0.039597296194626805,2019,9999
2019-06-21,0.23303721488595439,0.009851864956171496,-0.003232914447610258,0.013084779403781754,2019,9999
2019-06-24,-0.100984393757503,0.0064041079973884306,0.004521764353736113,0.001882343643652318,2019,9999
2019-06-25,-0.060456182472989194,-0.002051514117082687,0.021662078673411543,-0.02371359279049423,2019,9999
2019-06-26,-0.07130852340936374,0.01995344435245707,-0.0018720023208368519,0.021825446673293922,2019,9999
2019-06-27,-0.20777911164465784,-0.00047564114821893046,0.010442078850683868,-0.010917719998902798,2019,9999
2019-06-28,0.173109243697479,0.0013167534670753378,-0.002862982694387739,0.004179736161463077,2019,9999
2019-07-01,0.42818727490996394,0.009699389200819697,-0.02621945528753633,0.03591884448835603,2019,9999
2019-07-02,0.3098273668928307,0.016838167741232746,-0.002957967663975369,0.019796135405208116,2019,9999
2019-07-03,0.1940456182472989,0.009019087664339353,-0.010455688430122245,0.019474776094461597,2019,9999
2019-07-04,0.11539292663414014,-0.0051519622167336965,-0.012122588599780836,0.00697062638304714,2019,9999
2019-07-05,-0.2603663954266782,-0.007848369787514731,0.013549383484121613,-0.021397753271636344,2019,9999
2019-07-08,-0.05527010804321728,0.006576684572256175,-0.0006015169928861086,0.007178201565142283,2019,9999
2019-07-09,-0.03442977190876351,0.00775174002661605,0.005593777918988407,0.0021579621076276423,2019,9999
2019-07-10,-0.09579831932773109,-0.0031228281400644707,-0.0027538974113893834,-0.00036893072867508724,2019,9999
2019-07-11,0.06093637454981993,-0.008956326644357481,-0.012309625428586268,0.003353298784228787,2019,9999
2019-07-12,0.06890756302521008,-0.002987832544587299,0.00010061559618783633,-0.003088448140775135,2019,9999
2019-07-15,0.1598559423769508,-0.004985053400240347,-0.018052341464360477,0.01306728806412013,2019,9999
2019-07-16,0.05555822328931572,-0.0011909643714460793,0.005591513527113101,-0.0067824778985591805,2019,9999
2019-07-17,-0.19414165666266506,-0.012976152993163959,-0.007460794585900455,-0.005515358407263504,2019,9999
2019-07-18,0.21123649459783914,0.012996855127337736,-0.003004208173885037,0.016001063301222772,2019,9999
2019-07-19,0.021464585834333732,4.6290551523930914e-05,-0.0022527011096443172,0.002298991661168248,2019,9999
2019-07-22,0.23255702280912363,0.0013436507102562723,-0.008337671850673422,0.009681322560929694,2019,9999
2019-07-23,0.0956565584083259,-0.003980347241526516,-0.004284856815861338,0.00030450957433482157,2019,9999
2019-07-24,0.15812725090036014,-0.0002857924808475243,-0.0024573234586841132,0.002171530977836589,2019,9999
2019-07-25,0.23764705882352938,0.007111194298746071,-0.009988881443975828,0.017100075742721897,2019,9999
2019-07-26,0.09531812725090036,0.0017269185914995711,-0.005707894206957931,0.007434812798457502,2019,9999
2019-07-29,0.07265306122448979,-0.0036524109000989234,-0.016042632915177157,0.012390222015078233,2019,9999
2019-07-30,0.16216086434573826,0.0011426123761897888,-0.008312292092752083,0.009454904468941872,2019,9999
2019-07-31,-0.0025450180072028807,-0.01584380046071664,-0.008400450062668808,-0.007443350398047832,2019,9999
2019-08-01,0.04950780312124849,0.003922885750151472,0.0023930211994582563,0.001529864550693216,2019,9999
2019-08-02,0.015462556128253485,0.008573703648860032,-0.0016659146378205313,0.010239618286680564,2019,9999
2019-08-05,0.4635294117647058,0.028404702115486458,-0.016676746364301043,0.0450814484797875,2019,9999
2019-08-06,-0.04729891956782713,0.004654756451237007,0.017133015833563657,-0.01247825938232665,2019,9999
2019-08-07,-0.13729350764966006,0.0010985046184407543,0.025481180450150943,-0.02438267583171019,2019,9999
2019-08-08,0.2063385354141657,0.016461073693152972,0.00661716222766876,0.009843911465484212,2019,9999
2019-08-12,-0.12076830732292916,0.002663824958877281,0.021429649714114908,-0.018765824755237626,2019,9999
2019-08-13,0.12835534213685473,0.004361071788809711,-0.010304377371091378,0.01466544915990109,2019,9999
2019-08-14,-0.25637454981992797,-0.01067816418803671,-0.005058785985277781,-0.005619378202758929,2019,9999
2019-08-15,0.020888355342136854,-0.014883396248540704,-0.008143427865547115,-0.006739968382993589,2019,9999
2019-08-16,0.19068427370948376,0.0007487126970620372,-0.008074647523767142,0.008823360220829178,2019,9999
2019-08-19,-0.04158563232008546,-0.005186674045855144,0.0023280263421855962,-0.00751470038804074,2019,9999
2019-08-20,0.561742178845681,0.0089913324686258,-0.016861165276324086,0.02585249774494989,2019,9999
2019-08-21,0.44572498752313305,0.01074678699781446,-0.0038097974445171377,0.0145565844423316,2019,9999
2019-08-22,0.39015606242497,0.006663967069814392,-0.011015206093105745,0.017679173162920135,2019,9999
2019-08-23,0.07342136854741896,0.005244903355401687,-0.008901117959116033,0.014146021314517719,2019,9999
2019-08-26,0.1208192273872229,0.01232047394336131,-0.005282892527319172,0.017603366470680483,2019,9999
2019-08-27,0.08292917166866745,0.01744001704558352,-0.009353803111028592,0.026793820156612115,2019,9999
2019-08-28,-0.017238895558223288,0.002480213197255621,0.023211082265513994,-0.020730869068258374,2019,9999
2019-08-29,0.09003601440576231,-0.00602446965952832,-0.002697241553773477,-0.003327228105754843,2019,9999
2019-08-30,0.1992316926770708,0.005028057854590884,-9.436775609560355e-05,0.005122425610686487,2019,9999
2019-09-02,-0.04024106222197646,-0.004387451400197107,-0.0016435733851121737,-0.0027438780150849332,2019,9999
2019-09-03,0.2581992797118847,-0.000746939181538786,-0.023499571138938448,0.022752631957399662,2019,9999
2019-09-04,0.3574069627851141,0.00824556861222192,-0.02170890071644869,0.02995446932867061,2019,9999
2019-09-05,0.3433853541416566,0.01610797037140411,-0.0040722275097090695,0.02018019788111318,2019,9999
2019-09-06,-0.16869552695203258,0.0005709011507475381,0.010527139290723719,-0.009956238139976181,2019,9999
2019-09-10,0.07668667466986795,0.009164575822570565,0.0034894834721869604,0.005675092350383605,2019,9999
2019-09-11,0.24216086434573827,0.0036129313359194335,-0.0019920230642539007,0.005604954400173334,2019,9999
2019-09-12,0.041344537815126044,-0.0019694783244068926,0.008133117663207734,-0.010102595987614626,2019,9999
2019-09-16,0.3093877551020408,0.005046218058492558,0.004725770397793738,0.00032044766069882005,2019,9999
2019-09-17,0.0844657863145258,0.004759997782310376,0.007103996358511155,-0.002343998576200779,2019,9999
2019-09-18,-0.04979591836734694,0.005184045031231555,0.004054953354424173,0.0011290916768073814,2019,9999
2019-09-19,0.2053781512605042,0.008732344167056405,-0.009449316961687704,0.018181661128744107,2019,9999
2019-09-20,-0.012821436292682236,0.0008107270447744508,-0.00047812122859779426,0.001288848273372245,2019,9999
2019-09-23,0.1756062424969988,-0.011504403717972267,-0.018520493540269002,0.007016089822296736,2019,9999
2019-09-24,0.08562030303315517,-0.007155149269966998,-0.011717897992184968,0.00456274872221797,2019,9999
2019-09-25,0.3014165666266506,-0.005521830356494839,-0.035091892013595735,0.029570061657100896,2019,9999
2019-09-26,0.06977190876350539,-9.584552836826577e-05,0.0017389068510227923,-0.001834752379391058,2019,9999
2019-09-27,0.3473229291716686,0.018895121321179507,-0.005500093305928477,0.024395214627107985,2019,9999
2019-10-01,-0.04854741896758703,0.013879190365578031,0.007215423882797301,0.00666376648278073,2019,9999
2019-10-02,-0.3016086434573829,-0.0027936080125769203,0.01472218259481708,-0.017515790607394,2019,9999
2019-10-03,0.006386554621848738,-0.012693327559159728,0.0005882471970965253,-0.013281574756256253,2019,9999
2019-10-04,0.10309723889555823,-0.020433772890673718,-0.005432031930798098,-0.01500174095987562,2019,9999
2019-10-07,-0.00024009603841536613,-0.016307222048292092,0.003414580868109063,-0.019721802916401156,2019,9999
2019-10-08,-0.19932773109243698,-0.014649096650310311,0.006463141960706176,-0.021112238611016486,2019,9999
2019-10-09,-0.04998799519807923,-0.010295465422772276,-0.004915711392131572,-0.005379754030640704,2019,9999
2019-10-14,0.07553421368547418,0.0009512410494051382,-0.000996333842750874,0.0019475748921560121,2019,9999
2019-10-15,0.14655814069388085,0.010187101304852097,0.002155618408922122,0.008031482895929976,2019,9999
2019-10-16,0.13767106842737095,0.0095014174486306,0.0018530192281277613,0.007648398220502838,2019,9999
2019-10-17,-0.06161012270978018,-0.0008238785025176277,0.0058008358107880294,-0.006624714313305657,2019,9999
2019-10-18,-0.20773608015784029,-0.00339240846898492,0.015557208627234443,-0.01894961709621936,2019,9999
2019-10-21,-0.09877551020408162,-0.003026833186708766,-0.002965080510257212,-6.175267645155405e-05,2019,9999
2019-10-22,-0.1569747899159664,-0.0016733277617342335,0.004664711962983214,-0.006338039724717448,2019,9999
2019-10-23,0.11539015606242496,-0.002062394054551453,-0.005064069314636865,0.003001675260085412,2019,9999
2019-10-24,0.042977190876350546,-0.006613133852377362,-0.014439970753504772,0.00782683690112741,2019,9999
2019-10-25,-0.154765906362545,-0.016452907215506674,0.001779864632832695,-0.01823277184833937,2019,9999
2019-10-28,-0.044801920768307316,-0.015460432036295647,-0.005306806343756054,-0.010153625692539593,2019,9999
2019-10-29,-0.33772719642859245,-0.011286220002400926,0.0100561017857981,-0.021342321788199024,2019,9999
2019-10-30,-0.3228331332533013,-0.03246213027653812,-0.010914853871145902,-0.021547276405392217,2019,9999
2019-10-31,-0.2401440576230492,-0.018066686044202494,-0.006572700341754089,-0.011493985702448405,2019,9999
2019-11-01,-0.038367346938775505,-0.00623816154249317,-0.016646665982675724,0.010408504440182553,2019,9999
2019-11-04,0.19788715486194475,0.011249484565224722,-0.0010778823865999708,0.012327366951824693,2019,9999
2019-11-05,0.3389757258054079,0.010126548641848643,-0.010184680939515212,0.020311229581363853,2019,9999
2019-11-06,0.36083365389281064,0.02669410899888357,0.004702178238326571,0.021991930760557,2019,9999
2019-11-07,0.40062424969988,0.016832201008112467,-0.0016558709732516607,0.018488071981364127,2019,9999
2019-11-08,0.20856745041696256,0.016442072035290068,-0.003676633737234325,0.020118705772524392,2019,9999
2019-11-11,0.5642737094837935,0.019606474117140515,-0.023655072577085733,0.043261546694226244,2019,9999
2019-11-12,-0.20364945978391355,-0.009073882199823424,0.007308649508740539,-0.016382531708563963,2019,9999
2019-11-13,0.02357743097238895,-0.009361012500282827,-0.010006482605313106,0.0006454701050302783,2019,9999
2019-11-14,0.17387755102040817,-0.0027480045777160678,-0.006821688884820165,0.0040736843071040975,2019,9999
2019-11-15,0.18415366146458584,0.0005254316373492718,-0.010021971542421616,0.010547403179770888,2019,9999
2019-11-18,-0.1504441776710684,-0.004065248812237155,0.008691409526041416,-0.01275665833827857,2019,9999
2019-11-19,0.11500600240096039,0.00060516048143614,0.003045713048983545,-0.002440552567547405,2019,9999
2019-11-20,0.1958703481392557,0.004427970073827581,0.004369167205956115,5.8802867871465825e-05,2019,9999
2019-11-21,0.3592316926770708,0.01999454787389563,-0.0018898327329614495,0.02188438060685708,2019,9999
2019-11-22,0.3269226152830737,0.008667459928463827,-0.009582871873657462,0.018250331802121288,2019,9999
2019-11-25,-0.10309723889555823,-0.0019091998283196521,-0.004570121749939493,0.0026609219216198413,2019,9999
2019-11-26,-0.2317518250847357,-0.00415394681911091,0.005169849877965094,-0.009323796697076003,2019,9999
2019-11-27,-0.018103241296518604,-0.0007443238745653002,0.0003481220484443659,-0.0010924459230096661,2019,9999
2019-11-28,0.13258103241296518,0.009733749918708933,0.01594801519709236,-0.006214265278383426,2019,9999
2019-11-29,0.25143460834638276,0.008929226743065222,-0.0041327470132882845,0.013061973756353507,2019,9999
2019-12-02,0.21114045618247296,-0.004149942199282141,0.0035932670167883596,-0.007743209216070501,2019,9999
2019-12-03,0.05282366500192086,-0.0015445720728673007,-0.007486999070209399,0.0059424269973420984,2019,9999
2019-12-04,0.12240096038415366,0.0016159092304569133,-0.004668751474174437,0.006284660704631351,2019,9999
2019-12-05,0.1590876350540216,0.007698362632842926,-0.004363527177506332,0.01206188981034926,2019,9999
2019-12-06,-0.07990779869381483,-0.006709978828343011,-0.007527108515220293,0.0008171296868772823,2019,9999
2019-12-09,-0.2712605042016807,-0.027990708941518318,-0.007990959702955436,-0.019999749238562882,2019,9999
2019-12-10,-0.30909963985594235,-0.039957836069755434,-0.01946467158263999,-0.020493164487115443,2019,9999
2019-12-11,-0.32552220888355343,-0.024970428304762794,-0.01122130314609513,-0.013749125158667665,2019,9999
2019-12-12,-0.023001752749793228,-0.007642177458730659,0.0021079874166103794,-0.009750164875341038,2019,9999
2019-12-13,0.0760144057623049,0.004839323761978908,0.009413636362077982,-0.004574312600099073,2019,9999
2019-12-16,0.20220888355342137,0.002554677920559245,-0.008563356990549675,0.01111803491110892,2019,9999
2019-12-17,0.3581752701080432,0.02390851862806781,-0.00913092482552732,0.03303944345359513,2019,9999
2019-12-18,0.24600240096038412,0.01329757231513351,0.0028155089803177935,0.010482063334815717,2019,9999
2019-12-19,-0.14506602641056424,-0.0031056004232779544,0.0066903643881237925,-0.009795964811401747,2019,9999
2019-12-20,0.20485485851903526,0.0022866018438220115,-0.005048716952405052,0.007335318796227064,2019,9999
2019-12-23,0.10463385354141658,0.004231425764969099,-0.005176252907835932,0.009407678672805031,2019,9999
2019-12-24,0.22237695078031214,0.006526118801220715,-0.0034527584497164978,0.009978877250937213,2019,9999
2019-12-25,0.1992316926770708,0.01000416878946716,0.003537865502291915,0.006466303287175246,2019,9999
2019-12-26,0.2927731092436974,0.02618221620669612,0.0037971653547540173,0.022385050851942104,2019,9999
2019-12-27,0.01310924369747899,0.006226437911320682,0.014480388101590913,-0.008253950190270231,2019,9999
2019-12-30,0.17925570228091237,0.0018476520141338826,-0.0009816009485809185,0.002829252962714801,2019,9999
2019-12-31,0.11697759853548287,-0.0027214168048328214,-0.02022775853275075,0.01750634172791793,2019,9999
2020-01-02,0.418391356542617,0.003793936431190181,-0.018332078971526646,0.022126015402716828,2020,9999
2020-01-03,0.34895558223289314,0.01537821966304681,-0.016655097950502608,0.03203331761354942,2020,9999
2020-01-06,0.34953181272509,0.00895315840184161,-0.011403212353052129,0.020356370754893736,2020,9999
2020-01-07,0.3879471788715486,0.0014915913609597764,-0.016316183351731704,0.01780777471269148,2020,9999
2020-01-08,0.25915966386554623,0.00728328644156484,-0.0026629328657138294,0.00994621930727867,2020,9999
2020-01-09,0.14516206482593036,0.009066600962888183,0.0027898570034062486,0.0062767439594819344,2020,9999
2020-01-10,0.3512605042016807,0.023376339213608165,0.0005116468525186213,0.022864692361089543,2020,9999
2020-01-13,0.20288602373251854,0.014937518682204743,-0.00032179659188327216,0.015259315274088015,2020,9999
2020-01-14,0.3328771400032706,0.017279421598297574,0.0036442560490724694,0.013635165549225104,2020,9999
2020-01-15,0.2772148859543817,-0.0013476335418214247,-0.028102740643218237,0.02675510710139681,2020,9999
2020-01-16,0.10751500600240095,-0.024711980854803306,-0.036955315807590886,0.01224333495278758,2020,9999
2020-01-17,0.10914765906362545,-0.012927129941401539,-0.03084441324314985,0.01791728330174831,2020,9999
2020-01-20,-0.09637454981992796,-0.044641104121514286,-0.026209398508214687,-0.018431705613299598,2020,9999
2020-01-30,0.27135654261704684,0.02924040187587147,0.004067158437323015,0.025173243438548452,2020,9999
2020-01-31,0.5037695078031212,0.03062272280710947,-0.010914326952944042,0.04153704976005351,2020,9999
2020-02-03,-0.4799519807923169,0.007206126099259991,0.05948746502756301,-0.05228133892830302,2020,9999
2020-02-04,-0.09320528211284512,0.0039242358727971105,0.005415386343894535,-0.0014911504710974242,2020,9999
2020-02-05,-0.3563505402160864,0.00034270753633076635,0.010670421872093638,-0.010327714335762872,2020,9999
2020-02-06,-0.11419241761797137,-0.005042632314341688,0.008835134109363318,-0.013877766423705007,2020,9999
2020-02-07,0.30122448979591837,0.01589359637353035,-0.009561255094715605,0.025454851468245953,2020,9999
2020-02-10,0.3898679471788715,0.007776493090862946,-0.008997868607919669,0.016774361698782617,2020,9999
2020-02-11,0.28134453781512603,0.012399775172918969,-0.004862955679100922,0.01726273085201989,2020,9999
2020-02-12,0.476842181222227,0.029371549005773722,0.004162407458697859,0.02520914154707586,2020,9999
2020-02-13,0.2820235780783625,0.025781375436038347,0.008663374284547786,0.01711800115149056,2020,9999
2020-02-14,0.3178391356542617,0.01507593392335117,0.004346196734226948,0.010729737189124221,2020,9999
2020-02-17,0.09397358943577432,-0.0063540935496138925,-0.007643269325821789,0.0012891757762078966,2020,9999
2020-02-18,-0.11875150060024009,0.0009200378080096439,-0.007125241286102801,0.008045279094112446,2020,9999
2020-02-19,-0.25810324129651857,-0.02284316455334623,-0.001268923172066083,-0.021574241381280147,2020,9999
2020-02-20,0.016566626650660263,-0.007430704511380504,-0.003564292908860611,-0.0038664116025198926,2020,9999
2020-02-21,0.08552220888355341,0.004046752471031601,-0.00919548426983432,0.013242236740865922,2020,9999
2020-02-24,0.11154861944777912,-0.019069488935549363,-0.02753351167560646,0.008464022740057097,2020,9999
2020-02-25,-0.1673469387755102,-0.007373187985439056,-0.003879898485215527,-0.0034932895002235285,2020,9999
2020-02-26,-0.06573829531812725,-0.01969740274806654,-0.018087494940665028,-0.001609907807401511,2020,9999
2020-02-27,0.35414165666266506,0.020029298401321727,-0.003320478195176002,0.02334977659649773,2020,9999
2020-03-02,0.12182472989195677,0.00610897659017341,-1.777318041379372e-05,0.006126749770587203,2020,9999
2020-03-03,0.2776950780312125,0.00802894375203823,-0.00024044276077453964,0.00826938651281277,2020,9999
2020-03-04,-0.2024969987995198,-0.0051538898750415505,-0.0019832282606091823,-0.0031706616144323682,2020,9999
2020-03-05,0.23582232893157262,0.0026252828255261982,-0.006139077429397399,0.008764360254923598,2020,9999
2020-03-06,-0.38199279711884754,-0.006076057987153871,0.009293462627159165,-0.015369520614313036,2020,9999
2020-03-09,-0.4362545018007203,-0.044892577170884906,0.017238882868067705,-0.06213146003895261,2020,9999
2020-03-10,-0.31630252100840334,-0.030497670275057998,-0.0043373918080511385,-0.02616027846700686,2020,9999
2020-03-11,-0.5042618071515212,-0.06864022868168387,0.020042088978076057,-0.08868231765975992,2020,9999
2020-03-12,-0.21354141656662667,0.007113303228418966,0.02721748506684919,-0.020104181838430223,2020,9999
2020-03-13,-0.436062424969988,-0.048576760402622876,0.03219183998294746,-0.08076860038557034,2020,9999
2020-03-16,-0.1675390156062425,-0.01961855672840631,0.02101833975069748,-0.04063689647910379,2020,9999
2020-03-17,-0.3526135082290848,-0.03821861576301172,-0.009043843509034765,-0.029174772253976956,2020,9999
2020-03-18,0.25253301320528215,0.003119510828541583,-0.0289875956700107,0.032107106498552286,2020,9999
2020-03-19,0.6400153666998835,0.05022224426191002,-0.06777527732448028,0.1179975215863903,2020,9999
2020-03-20,0.37392557022809125,0.046678825600115346,-0.004550046708871491,0.05122887230898684,2020,9999
2020-03-23,0.4011044417767107,0.06069503242788772,-0.0035727658632750624,0.06426779829116279,2020,9999
2020-03-24,0.1870348139255702,0.01908232289521644,0.019688283796765238,-0.0006059609015487966,2020,9999
2020-03-25,-0.13891956782713086,0.004879024552725875,0.02014603909780257,-0.015267014545076694,2020,9999
2020-03-26,0.1363265306122449,0.004240057466636938,-0.009144726249592006,0.013384783716228943,2020,9999
2020-03-27,-0.0060984393757503004,0.008879653742304006,0.007566041940813506,0.0013136118014905,2020,9999
2020-03-30,-0.19692677070828332,-0.010367080730131106,0.008772222532627993,-0.0191393032627591,2020,9999
2020-03-31,0.0426890756302521,0.0045238748403329644,0.012054890703487975,-0.00753101586315501,2020,9999
2020-04-01,0.16379351740696277,0.007858451558210055,-0.007404581008954636,0.015263032567164691,2020,9999
2020-04-06,0.41272509003601443,0.013097727193772824,-0.012643415090252774,0.025741142284025596,2020,9999
2020-04-07,0.48744297719087637,0.026367333616258405,0.0031213849390008485,0.023245948677257558,2020,9999
2020-04-08,0.2920048019207683,0.02068737463067042,0.001935960479598875,0.018751414151071545,2020,9999
2020-04-09,0.2581992797118847,0.011412448895054194,-0.012489336867710022,0.023901785762764215,2020,9999
2020-04-10,-0.043602487467248964,-0.003949679439658271,0.0028198609481081436,-0.006769540387766415,2020,9999
2020-04-13,0.00043217286914765904,-0.010062779171118285,-0.018318494896152802,0.008255715725034517,2020,9999
2020-04-14,0.12614645858343337,-0.018691927285078902,-0.028253224369135486,0.009561297084056584,2020,9999
2020-04-15,0.45478991596638657,-0.026724107724834523,-0.04576580205876751,0.01904169433393299,2020,9999
2020-04-16,0.30593037214885954,0.009264313119491174,-0.012058831055235164,0.02132314417472634,2020,9999
2020-04-17,0.44441776710684266,0.01717112136580662,-0.012322535743183061,0.029493657108989678,2020,9999
2020-04-20,0.17378568518058807,0.014578478803976691,0.014109705133226269,0.00046877367075042267,2020,9999
2020-04-21,0.19222088835534215,0.006780798982827729,-0.003555078994827299,0.010335877977655028,2020,9999
2020-04-22,0.21094837935174068,0.015613014633212529,0.005092991567047433,0.010520023066165096,2020,9999
2020-04-23,0.3130372148859543,0.024771697990054874,-0.003961984230187199,0.02873368222024207,2020,9999
2020-04-24,0.09330132052821127,0.027120748868493538,0.025223616742134226,0.0018971321263593112,2020,9999
2020-04-27,-0.12720288115246098,0.013154803389383041,0.03435532883921738,-0.02120052544983434,2020,9999
2020-04-28,-0.034717887154861946,0.008973576959866936,0.01528302299084584,-0.006309446030978903,2020,9999
2020-04-29,0.2747178871548619,0.014238315179173799,-0.00789571030054662,0.022134025479720418,2020,9999
2020-04-30,-0.011284513805522207,0.011933912957692461,0.0038362440920901354,0.008097668865602327,2020,9999
2020-05-04,0.03894357743097239,0.00211647154198219,0.010101296612865285,-0.007984825070883095,2020,9999
2020-05-05,-0.09512833444121165,-0.005862946996428098,0.006254724015979052,-0.01211767101240715,2020,9999
2020-05-06,0.04220888355342137,0.0017241679238753748,0.0070848357038917785,-0.005360667780016403,2020,9999
2020-05-07,0.12691476590636253,0.004142538897319215,-0.0055948035640091985,0.009737342461328412,2020,9999
2020-05-08,0.11510204081632652,-0.0021722704335605638,-0.0075535260265034545,0.005381255592942891,2020,9999
2020-05-11,0.30027131512412747,0.0020156614216139458,-0.014235131760483665,0.01625079318209761,2020,9999
2020-05-12,0.07697663811674016,0.00017019892863908703,0.00023959247389570003,-6.9393545256613e-05,2020,9999
2020-05-13,0.052100840336134456,0.003250706167990092,-0.002203765471535357,0.005454471639525449,2020,9999
2020-05-14,-0.055654261704681865,-0.008175977694889758,0.004418406038761447,-0.012594383733651205,2020,9999
2020-05-15,0.3136689957445707,0.03392586511618836,-0.004474953934931092,0.03840081905111945,2020,9999
2020-05-18,0.0805282112845138,0.01036494857618544,0.01760381682454055,-0.0072388682483551115,2020,9999
2020-05-19,0.26338535414165665,0.009669437306675799,0.0015004743698340927,0.008168962936841707,2020,9999
2020-05-20,0.1497719087635054,-0.0032921984294034925,-0.006166104818631779,0.0028739063892282866,2020,9999
2020-05-21,0.005810324129651861,-0.002609372600634352,-0.0036840329037788446,0.0010746603031444924,2020,9999
2020-05-22,0.014261704681872748,0.001693007243357103,0.0006218325576175965,0.0010711746857395065,2020,9999
2020-05-25,-0.04345738295318128,0.00844193508457478,0.009800725896754237,-0.001358790812179456,2020,9999
2020-05-26,0.06127398018525294,-0.01151760612731858,0.005331495597504921,-0.0168491017248235,2020,9999
2020-05-27,0.23735894357743095,0.030766262559511936,-0.005487945583736498,0.03625420814324844,2020,9999
2020-05-28,-0.1793517406962785,-0.00850867835751128,0.001691630115539522,-0.010200308473050802,2020,9999
2020-05-29,0.012340936374549819,-7.865391771766372e-06,-0.006525934919013765,0.006518069527241999,2020,9999
2020-06-01,-0.10309971430857216,-0.01199882601260951,-0.016686954135430743,0.004688128122821234,2020,9999
2020-06-02,-0.24129651860744294,-0.015505928847050798,-0.0006843692977628768,-0.01482155954928792,2020,9999
2020-06-03,-0.3186074429771909,-0.03532592983353585,-0.005120907438601918,-0.03020502239493393,2020,9999
2020-06-04,-0.14948738269333262,-0.010504562502150771,-0.013317766987842438,0.002813204485691667,2020,9999
2020-06-05,0.15366515406959985,-0.004424325534443452,-0.003165112232108913,-0.0012592133023345388,2020,9999
2020-06-08,0.47793517406962777,0.012643918118522935,-0.013988257945460159,0.026632176063983094,2020,9999
2020-06-09,0.17704681872749098,0.0101144774227509,-0.0008766540741759865,0.010991131496926886,2020,9999
2020-06-10,-0.029484501437104467,0.002312336369187773,0.006541531908314568,-0.004229195539126795,2020,9999
2020-06-11,0.04096038415366146,0.015974306865183918,0.011672083248441979,0.00430222361674194,2020,9999
2020-06-12,-0.049219687875150055,0.0025031882925339753,0.007223680637226626,-0.004720492344692651,2020,9999
2020-06-15,-0.46458583433373346,-0.011455998430460457,0.018230731804520617,-0.029686730234981074,2020,9999
2020-06-16,-0.09118847539015605,4.566183027945314e-05,0.004088811031798367,-0.004043149201518914,2020,9999
2020-06-17,-0.0251140456182473,-0.0036343210853714836,0.003122067533464501,-0.0067563886188359845,2020,9999
2020-06-18,-0.2306362545018007,-0.004206492343135559,0.014033099096216584,-0.018239591439352144,2020,9999
2020-06-19,-0.010516458981638239,-0.003129735181525539,-0.00971625666283774,0.006586521481312202,2020,9999
2020-06-22,0.09503001200480192,-0.005124560030897429,-0.014042127602490517,0.008917567571593088,2020,9999
2020-06-23,0.17599039615846337,-0.0014679232217443162,-0.005204973171141302,0.0037370499493969865,2020,9999
2020-06-24,-0.11558223289315725,0.007027662923092193,0.011280429710584673,-0.00425276678749248,2020,9999
2020-06-29,-0.1710924369747899,-0.001801698614851055,0.009694734246271208,-0.011496432861122263,2020,9999
2020-06-30,-0.13603841536614644,-0.015326901851808673,-0.013403905380380176,-0.0019229964714284967,2020,9999
2020-07-01,-0.29939975990396156,-0.019593135157450824,0.006902633860414809,-0.026495769017865635,2020,9999
2020-07-02,0.027899159663865542,0.0017660125620554078,-0.00019396614522345645,0.001959978707278864,2020,9999
2020-07-03,-0.09915966386554621,-0.005482780355526362,0.00685420781566094,-0.012336988171187302,2020,9999
2020-07-06,-0.08686674669867947,-0.01296937905590726,-0.0034568187340859534,-0.009512560321821305,2020,9999
2020-07-07,0.15380552220888358,-0.0025958213875804104,-0.026674509573245565,0.024078688185665154,2020,9999
2020-07-08,0.3071788715486194,-0.006866562331467918,-0.025210414302040685,0.018343851970572766,2020,9999
2020-07-09,-0.05815126050420167,-0.024876149830231252,-0.01673973476606271,-0.008136415064168543,2020,9999
2020-07-10,-0.08936374549819928,-0.014574866726384028,0.005477445507140943,-0.020052312233524973,2020,9999
2020-07-13,-0.08821128451380551,-0.003038337580894168,0.004578802606510035,-0.007617140187404203,2020,9999
2020-07-14,0.01157262905162065,-0.0041673946481748155,-0.01030293239987975,0.006135537751704934,2020,9999
2020-07-15,0.1438175270108043,-0.004308958278178743,-0.004434985629621124,0.00012602735144238118,2020,9999
2020-07-16,0.25656662665066027,-0.01420877119952436,-0.030972517953958868,0.016763746754434507,2020,9999
2020-07-17,-0.004081730654973746,-0.0005125408394173747,-0.0011457324950561953,0.0006331916556388205,2020,9999
2020-07-20,-0.21354141656662667,-0.018176632518701562,-0.02046478404401546,0.0022881515253138987,2020,9999
2020-07-21,-0.06180072028811524,-0.04254982331065934,-0.028398830858635093,-0.014150992452024246,2020,9999
2020-07-22,0.01959230714387398,-0.10790758194335943,-0.09244609837351143,-0.015461483569848,2020,9999
2020-07-23,0.019927971188475387,-0.05906939490734325,-0.05021736710508886,-0.008852027802254393,2020,9999
2020-07-24,-0.26050420168067223,-0.028004698336321254,-0.003514455213178014,-0.02449024312314324,2020,9999
2020-07-27,0.0844197940169864,0.04535738963158712,0.02404744991347064,0.02130993971811648,2020,9999
2020-07-28,-0.15659063625450179,0.012143682344655404,0.026878492032600933,-0.014734809687945528,2020,9999
2020-07-29,-0.09963985594237695,0.003720500248348635,0.02371113914471402,-0.019990638896365386,2020,9999
2020-07-30,-0.1537094837935174,0.0007242825612211234,0.023478190716025027,-0.022753908154803902,2020,9999
2020-07-31,0.1287394957983193,-0.0013415141327846713,0.004527884709761387,-0.005869398842546059,2020,9999
2020-08-03,0.013205282112845136,-0.005225767041305085,-0.0029523262033769094,-0.002273440837928176,2020,9999
2020-08-04,0.17406962785114044,0.01926724756100513,-0.007649079496190103,0.02691632705719523,2020,9999
2020-08-05,0.24629051620648257,0.006661167461282602,-0.020579471467383904,0.027240638928666506,2020,9999
2020-08-06,-0.12024298305946188,0.011130714935651532,0.0028273009631463062,0.008303413972505225,2020,9999
2020-08-07,-0.3055462184873949,-0.012251893166636196,0.026229662577432956,-0.038481555744069154,2020,9999
2020-08-10,0.025498199279711888,0.01052214945566673,0.010839119028339662,-0.0003169695726729319,2020,9999
2020-08-11,-0.14055222088835534,0.0006925609488546592,0.013408985691475372,-0.012716424742620712,2020,9999
2020-08-12,0.0013925570228091237,0.003161635327697576,0.007652701171613219,-0.004491065843915643,2020,9999
2020-08-13,-0.11068427370948379,0.007929046627305758,0.007287934566612475,0.000641112060693283,2020,9999
2020-08-14,-0.22737640766236103,-0.01385468182980668,0.04134489784601971,-0.05519957967582639,2020,9999
2020-08-17,-0.2624312709344885,-0.009407813132449771,0.018699955564231163,-0.028107768696680933,2020,9999
2020-08-18,-0.4733253301320528,-0.02716141182929328,0.004859885820177712,-0.032021297649470995,2020,9999
2020-08-19,-0.19519807923169266,-0.009402786832363397,0.011817860632026455,-0.02122064746438985,2020,9999
2020-08-20,0.07812725090036014,-0.0006125180264005325,-0.014496353709024534,0.013883835682624001,2020,9999
2020-08-21,0.3668187274909964,-0.0034500664182221417,-0.014096258057509336,0.010646191639287195,2020,9999
2020-08-24,0.06722850490544993,-0.014697658644089862,-0.024509712068436364,0.009812053424346502,2020,9999
2020-08-25,-0.1373829531812725,-0.008727047132293098,0.0053602064656581684,-0.014087253597951266,2020,9999
2020-08-26,0.1210564225690276,0.01202817556919098,0.0024817291757889826,0.009546446393401997,2020,9999
2020-08-27,0.3362785114045618,0.022736785339193332,-0.006432618585571181,0.02916940392476451,2020,9999
2020-08-28,0.2946938775510204,-0.004808160162031938,-0.006056118192826821,0.0012479580307948827,2020,9999
2020-08-31,0.14050757525239035,0.00021129136550080975,-0.008462894566179324,0.008674185931680133,2020,9999
2020-09-01,0.1415126050420168,0.011016735449473514,-0.0033656885159668694,0.014382423965440382,2020,9999
2020-09-02,0.14554621848739496,0.016516470832630258,-0.01493762955822574,0.031454100390856,2020,9999
2020-09-03,-0.0893178708029549,-0.00668970617313448,-0.0034670072972093346,-0.0032226988759251453,2020,9999
2020-09-04,-0.20567120465003005,-0.023524448666750075,-0.0022642703925649264,-0.021260178274185148,2020,9999
2020-09-07,-0.02914765906362545,-0.016101386224953173,-0.014184243750385572,-0.0019171424745676006,2020,9999
2020-09-08,-0.08898172827842765,-0.02268545780311554,-0.009739642784159919,-0.01294581501895562,2020,9999
2020-09-09,0.24977188800797198,-0.018497998424472584,-0.01776703542983138,-0.0007309629946412044,2020,9999
2020-09-10,0.2002449038969473,-0.01428078464674808,-0.010943520689526276,-0.0033372639572218036,2020,9999
2020-09-11,0.05853822512485594,-0.015427846719619765,-0.017856180658478826,0.002428333938859061,2020,9999
2020-09-14,-0.15150060024009604,-0.012202579011482195,0.009259963334288213,-0.021462542345770406,2020,9999
2020-09-15,0.17195678271308523,0.015227373261082356,0.009929199202228423,0.005298174058853933,2020,9999
2020-09-16,-0.09406962785114045,0.016505226858133194,0.010088266038593396,0.006416960819539798,2020,9999
2020-09-17,0.010036014405762305,-0.0012102809309058494,0.009108121241458577,-0.010318402172364427,2020,9999
2020-09-18,0.05954524720196994,0.0068277356983776575,0.006233369456157045,0.0005943662422206123,2020,9999
2020-09-21,0.2037454981992797,0.00999052442639331,0.0007193627923027468,0.009271161634090563,2020,9999
2020-09-22,0.030396158463385354,0.0007706812900847959,-0.005864526209206855,0.006635207499291651,2020,9999
2020-09-23,0.5541896758703482,0.029353234771821456,-0.009279149224630866,0.03863238399645232,2020,9999
2020-09-24,0.037792023828992216,-0.006286070875315608,-0.002626122194528824,-0.003659948680786784,2020,9999
2020-09-25,0.4792797118847539,0.02747762749062268,-0.005811504652454535,0.033289132143077216,2020,9999
2020-09-28,0.31246098439375747,0.00986036691537977,-0.008612891202190786,0.018473258117570557,2020,9999
2020-09-29,0.29997599039615847,0.01685387291538335,-0.007161704390968993,0.024015577306352343,2020,9999
2020-09-30,0.20172869147659062,0.0032166710841745163,-0.018746048376175817,0.021962719460350333,2020,9999
2020-10-05,-0.23322929171668666,-0.010978558889565703,-0.0043616840846094854,-0.006616874804956218,2020,9999
2020-10-06,-0.17176470588235296,-0.021060133017235905,-0.02186282488038589,0.0008026918631499833,2020,9999
2020-10-07,-0.5044417767106842,-0.03322203729933344,0.0023075797434182867,-0.03552961704275173,2020,9999
2020-10-08,0.2415846338535414,-0.003251142128456774,-0.011446069420273808,0.008194927291817033,2020,9999
2020-10-12,0.3668187274909964,0.01822301433577873,0.0015675178816341507,0.01665549645414458,2020,9999
2020-10-13,0.15409363745498197,0.013009077542176506,0.01437571136366802,-0.0013666338214915145,2020,9999
2020-10-14,0.0251140456182473,0.008465317784274218,0.0005535754873575605,0.007911742296916657,2020,9999
2020-10-15,-0.015510204081632653,0.007597551197851604,0.0024415142683207767,0.0051560369295308274,2020,9999
2020-10-16,0.27289315726290514,0.011554550421160825,-0.007107859659215632,0.018662410080376456,2020,9999
2020-10-19,0.045954381752701084,0.020604609000656915,0.004557285665953636,0.016047323334703278,2020,9999
2020-10-20,0.013157578817209487,0.00654026912807446,0.0028152202149277715,0.003725048913146689,2020,9999
2020-10-21,-0.17445378151260504,0.0023933645365748378,0.005141852027226712,-0.002748487490651874,2020,9999
2020-10-22,0.3142857142857143,0.016134936666832644,0.0032317821143204805,0.012903154552512163,2020,9999
2020-10-23,-0.008115246098439374,-0.009129346019358742,-0.007193127599375948,-0.0019362184199827942,2020,9999
2020-10-26,0.07750486208385443,-0.010081455281849472,0.004371500435919895,-0.014452955717769368,2020,9999
2020-10-27,-0.07995198079231693,-0.0018200224199655724,0.0073873168055093915,-0.009207339225474964,2020,9999
2020-10-28,0.08657863145258103,0.011350437587105277,0.0013697447835873012,0.009980692803517975,2020,9999
2020-10-29,0.2028811524609844,0.005415675933611896,-0.0023501648636645167,0.007765840797276413,2020,9999
2020-10-30,0.142953181272509,-0.009865258748769623,-0.015152538971349539,0.005287280222579916,2020,9999
2020-11-02,0.5207683073229291,0.007554357259912037,-0.009122515736878856,0.01667687299679089,2020,9999
2020-11-03,0.30233619063193773,0.020630120085611804,0.002890089180504418,0.017740030905107385,2020,9999
2020-11-04,-0.07543817527010806,0.007157543947469513,0.027803484891924257,-0.020645940944454745,2020,9999
2020-11-05,-0.12076830732292916,0.019805111636875296,0.013659286866404241,0.006145824770471054,2020,9999
2020-11-06,0.3002305036116386,0.029664677317803867,-0.0019117828866681119,0.03157646020447198,2020,9999
2020-11-09,0.4723649459783913,0.020902487139732952,-0.0456812305485599,0.06658371768829285,2020,9999
2020-11-10,0.09714285714285714,-0.01425199442024353,-0.02265071208377072,0.00839871766352719,2020,9999
2020-11-11,0.08754111745902517,-0.04400657690700728,-0.04654320054866069,0.0025366236416534127,2020,9999
2020-11-12,-0.02665066026410564,-0.022856256491625072,-0.023420517952779007,0.0005642614611539344,2020,9999
2020-11-13,-0.02444177671068427,-0.0033723862005669127,-0.01474940108404028,0.011377014883473369,2020,9999
2020-11-16,-0.16984393757503002,0.009234986102702115,0.01904209721295034,-0.009807111110248224,2020,9999
2020-11-17,-0.49072006544913777,-0.010350888780745127,0.033127456189868607,-0.04347834497061373,2020,9999
2020-11-18,-0.3833373349339736,-0.00922878309017856,0.022770271109757146,-0.031999054199935706,2020,9999
2020-11-19,-0.004561824729891957,0.007476042787147164,0.009971010432434313,-0.002494967645287149,2020,9999
2020-11-20,0.21747899159663864,0.01157949187759989,0.005494443084059286,0.006085048793540603,2020,9999
2020-11-23,0.024923165606916254,0.009592181280313949,0.03145774080685578,-0.02186555952654183,2020,9999
2020-11-24,-0.0792797118847539,0.018919820101027086,0.025744965523816155,-0.006825145422789069,2020,9999
2020-11-25,-0.04605042016806723,0.003793420143315451,0.017399219434890333,-0.01360579929157488,2020,9999
2020-11-26,-0.10108043217286913,-0.002188773855024062,0.005118742368231588,-0.00730751622325565,2020,9999
2020-11-27,-0.062953181272509,-0.011813664013723923,-0.010531730866798372,-0.0012819331469255506,2020,9999
2020-11-30,0.021656662665066023,-0.0010905362277508156,0.013606245735008581,-0.014696781962759397,2020,9999
2020-12-01,-0.5289315726290517,-0.04389971178725932,0.002132472370414573,-0.04603218415767389,2020,9999
2020-12-02,-0.12307322929171667,-0.022326420634327805,-0.010657233214197514,-0.011669187420130291,2020,9999
2020-12-03,0.05421368547418968,-0.0017834725179755816,-0.01729269140764339,0.015509218889667808,2020,9999
2020-12-04,0.20883553421368548,0.022783432765185452,-0.016420351205762997,0.03920378397094845,2020,9999
2020-12-07,-0.21402160864345737,-0.001788019883057168,0.004331345077862181,-0.006119364960919349,2020,9999
2020-12-08,0.24417767106842736,0.01928747690559416,0.001732134083471859,0.017555342822122302,2020,9999
2020-12-09,0.1185594237695078,0.013175644545645682,0.010255295914464623,0.0029203486311810585,2020,9999
2020-12-10,-0.18261704681872748,-0.00016632857136157365,0.0357018610991543,-0.035868189670515874,2020,9999
2020-12-11,0.221806045827338,0.013915068643128692,0.009108580382417176,0.004806488260711516,2020,9999
2020-12-14,-0.16849939975990394,0.006589312289687221,0.008947136914182651,-0.00235782462449543,2020,9999
2020-12-15,-0.09771908763505403,-0.0043064510472529014,0.013518344910880931,-0.017824795958133834,2020,9999
2020-12-16,0.08340936374549819,0.005857726827098375,-0.00683075690235182,0.012688483729450195,2020,9999
2020-12-17,0.21978391356542618,-0.00885844973389428,-0.01537394709392026,0.00651549736002598,2020,9999
2020-12-18,0.28509003601440575,0.011186588133499254,0.0031518995965720054,0.008034688536927249,2020,9999
2020-12-21,0.36259303721488595,0.012921239024966048,0.009700683707441482,0.0032205553175245656,2020,9999
2020-12-22,0.3204321728691476,0.018041570256951543,-0.007610328745017436,0.02565189900196898,2020,9999
2020-12-23,0.20658855167114865,0.0071530151420141855,0.04235878075560284,-0.03520576561358866,2020,9999
2020-12-24,-0.04605042016806723,0.017154910741366547,0.0009974772330059388,0.01615743350836061,2020,9999
2020-12-25,-0.05046818727490996,0.005618664151656705,0.008286226359324389,-0.0026675622076676835,2020,9999
2020-12-28,-0.12489795918367347,-0.00938556317223751,-0.007174406584495585,-0.002211156587741925,2020,9999
2020-12-29,-0.10050420168067226,-0.011606706383732679,-0.008218835653509626,-0.0033878707302230533,2020,9999
2020-12-30,0.22545018007202883,0.0020807965886681878,-0.02662222914445662,0.028703025733124807,2020,9999
2020-12-31,-0.4494225552929328,-0.03852444406821849,0.00032351472125315974,-0.03884795878947165,2020,9999
2021-01-04,-0.2800960384153661,-0.0550747043085494,-0.019695854702702374,-0.03537884960584703,2021,9999
2021-01-05,-0.1720089318366583,-0.05194779167834026,-0.030362664613897628,-0.02158512706444263,2021,9999
2021-01-06,-0.260984393757503,-0.04045691445749404,-0.00897555657511211,-0.03148135788238193,2021,9999
2021-01-07,-0.002929171668667467,-0.004662366441558374,-0.00857819063871118,0.003915824197152806,2021,9999
2021-01-08,-0.17637454981992798,-0.026288396622057876,-0.005756466009264771,-0.020531930612793105,2021,9999
2021-01-11,-0.2615606242496999,-0.04370848920772678,-0.02426424204552674,-0.019444247162200043,2021,9999
2021-01-12,-0.3678359625541046,-0.056405828154364825,-0.006406237710093565,-0.04999959044427126,2021,9999
2021-01-13,-0.1307563025210084,-0.01687031344038601,-0.00983628782728455,-0.0070340256131014595,2021,9999
2021-01-14,-0.004849939975990396,-0.044786497548029824,-0.019498062217975388,-0.025288435330054437,2021,9999
2021-01-15,0.026170468187274906,-0.04410262660058578,-0.03602013747565863,-0.00808248912492715,2021,9999
2021-01-18,-0.16869147659063624,-0.07984958877575049,-0.033241945786015026,-0.046607642989735465,2021,9999
2021-01-19,-0.08100840336134453,-0.012864580773621171,-0.0051679526277433555,-0.0076966281458778155,2021,9999
2021-01-20,0.31616605449820173,0.03508910141468917,0.004837117889382514,0.030251983525306655,2021,9999
2021-01-21,0.28220888355342133,0.04485222001348489,0.017581919948670043,0.02727030006481485,2021,9999
2021-01-22,-0.057048188448338935,0.023229489062701537,0.029434633599509753,-0.006205144536808215,2021,9999
2021-01-25,-0.046242496998799516,0.0104725245641623,0.005605669307195038,0.004866855256967262,2021,9999
2021-01-26,-0.3238895558223289,-0.005623663693852287,0.0032278348478065435,-0.008851498541658832,2021,9999
2021-01-27,0.05795918367346939,-0.005957335918885154,-0.02005640718450443,0.014099071265619278,2021,9999
2021-01-28,0.31985594237695075,-0.009336541893124972,-0.023698284486403865,0.014361742593278893,2021,9999
2021-01-29,0.5363394080635502,-6.240486988712268e-05,-0.03576708309820749,0.035704678228320366,2021,9999
2021-02-01,0.3300360144057623,0.007216655205218847,-0.014311784565452668,0.021528439770671516,2021,9999
2021-02-02,0.10910225938941588,-0.020516820092280164,-0.01666127672858022,-0.0038555433636999446,2021,9999
2021-02-03,-0.09277533676952089,-0.023447625945525474,-0.004096875272502398,-0.019350750673023075,2021,9999
2021-02-04,-0.3478031212484994,-0.01280866074133219,0.021228184192510092,-0.03403684493384228,2021,9999
2021-02-05,-0.15015606242496998,0.01730288963348685,0.04184799424666121,-0.02454510461317436,2021,9999
2021-02-17,0.05671068427370948,0.03946560972732442,0.036352265343322684,0.003113344384001737,2021,9999
2021-02-18,-0.452484993997599,0.016759040710454087,0.07219385368240597,-0.05543481297195188,2021,9999
2021-02-19,-0.4690036014405762,-0.003159760770284814,0.039101133132154534,-0.042260893902439346,2021,9999
2021-02-22,-0.017238895558223288,-0.0014914285365999259,0.004216937507493757,-0.005708366044093683,2021,9999
2021-02-23,0.05536747582570269,0.011289177352112555,0.007170152267517671,0.004119025084594884,2021,9999
2021-02-24,-0.3742136854741897,-0.0006406300662413544,0.023345557173850163,-0.02398618724009152,2021,9999
2021-02-25,0.05267707082833133,0.0065229057429205374,-0.001729903656924181,0.008252809399844718,2021,9999
2021-02-26,-0.14434920410413032,0.0037277215714414,0.01365181700011302,-0.00992409542867162,2021,9999
2021-03-02,0.027803121248499398,-0.012405363901422972,-0.008053097704522238,-0.004352266196900734,2021,9999
2021-03-03,0.0525822949081912,0.0008784721469925038,0.0027439711364834916,-0.0018654989894909878,2021,9999
2021-03-04,-0.047490996398559415,0.0015174780793878462,0.0016157386090622893,-9.826052967444317e-05,2021,9999
2021-03-05,-0.1736854741896759,0.013260760564438302,0.024177018528843262,-0.01091625796440496,2021,9999
2021-03-08,0.4164425667498608,0.00916748475254967,-0.018431594093948223,0.02759907884649789,2021,9999
2021-03-09,0.2976710684273709,4.364672328753816e-05,-0.007820698303866846,0.007864345027154385,2021,9999
2021-03-10,0.03798319327731092,0.004982970912418861,-0.0017552712060788568,0.006738242118497717,2021,9999
2021-03-11,0.25542029828006296,0.014999098543448774,-0.0017583980397380071,0.01675749658318678,2021,9999
2021-03-12,0.1847298919567827,0.022518437230594525,0.00790197935498953,0.014616457875604994,2021,9999
2021-03-15,-0.06938775510204082,0.008093829845015232,0.02038849224958734,-0.01229466240457211,2021,9999
2021-03-16,-0.002016855147163498,0.044438892205260615,0.03157923420330061,0.012859658001960005,2021,9999
2021-03-17,-0.20932577794852095,0.008375183331171399,0.034968694259332335,-0.026593510928160938,2021,9999
2021-03-18,-0.1123676439133949,0.007760949558314456,0.015800806739687034,-0.008039857181372578,2021,9999
2021-03-19,0.6222809123649461,0.0266871578122024,-0.006799130322184122,0.03348628813438652,2021,9999
2021-03-22,0.23774309723889556,0.01430465286864271,-0.020047773597427508,0.034352426466070216,2021,9999
2021-03-23,0.09416566626650659,0.01362167135172716,-0.005098924438659269,0.01872059579038643,2021,9999
2021-03-24,-0.12614645858343337,-0.005479697663280758,-0.0019020073854461694,-0.0035776902778345884,2021,9999
2021-03-25,0.38709212717345143,0.023043766105173325,-0.014620677014384265,0.03766444311955759,2021,9999
2021-03-26,0.1707082833133253,0.01627357427062003,0.0020095651976388186,0.01426400907298121,2021,9999
2021-03-29,-0.018775510204081632,0.003995457127622126,-0.0046924774721952885,0.008687934599817416,2021,9999
2021-03-30,0.10040816326530612,0.05351028533117287,-0.003721330680524515,0.057231616011697385,2021,9999
2021-03-31,-0.33004393872511245,-0.022567168035795428,0.018443093147573985,-0.04101026118336941,2021,9999
2021-04-01,-0.1940022570128698,0.0011482958971776203,0.0218393573414837,-0.020691061444306078,2021,9999
2021-04-07,0.046820975851143254,0.0035735695001086532,0.008110846506577618,-0.004537277006468965,2021,9999
2021-04-08,0.24897959183673468,0.027041351682646653,0.022983918689453153,0.004057432993193499,2021,9999
2021-04-09,0.07303896854370667,0.012570332728320355,0.021381758384976433,-0.008811425656656078,2021,9999
2021-04-12,-0.25599039615846336,8.483318208387657e-05,0.025881246963309023,-0.025796413781225148,2021,9999
2021-04-13,0.03692677070828331,0.014283551031795882,0.01974458131549659,-0.005461030283700709,2021,9999
2021-04-14,-0.07721673991997392,0.038508650515005446,0.038734007351858404,-0.00022535683685295793,2021,9999
2021-04-15,0.14842737094837935,0.04883550984070313,0.009890625699464972,0.03894488414123816,2021,9999
2021-04-16,-0.050372148859543824,0.011217152983111257,0.03756048863307214,-0.026343335649960883,2021,9999
2021-04-19,-0.05219687875150059,-0.00949490938162687,0.012533560353799166,-0.022028469735426034,2021,9999
2021-04-20,-0.030204081632653063,0.013309728601252646,0.006643385605839469,0.006666342995413178,2021,9999
2021-04-21,0.14285714285714285,0.016473669879050024,-0.007973765442948144,0.024447435321998168,2021,9999
2021-04-22,0.20408653274868727,0.015480325679559027,-0.007113725926582248,0.022594051606141273,2021,9999
2021-04-23,0.0811044417767107,0.0446811500273648,0.026570134965005453,0.018111015062359348,2021,9999
2021-04-26,-0.06055367477555169,0.005103237481572398,0.0344498315039688,-0.0293465940223964,2021,9999
2021-04-27,-0.0951763548018584,0.016695094206899453,0.027999954293024598,-0.011304860086125145,2021,9999
2021-04-28,0.3028571428571428,0.013709727221110957,-0.0282375187493089,0.04194724597041986,2021,9999
2021-04-29,0.12533615073998347,-0.009421209689263388,-0.02179918278373715,0.01237797309447376,2021,9999
2021-05-03,0.2347235228413138,-0.00037432513554718215,-0.021734684414703342,0.02136035927915616,2021,9999
2021-05-04,0.3203361344537815,0.025447179448405865,-0.0012694225728370756,0.02671660202124294,2021,9999
2021-05-05,-0.07735894357743096,-0.0037892260525630218,0.011108126841521727,-0.014897352894084748,2021,9999
2021-05-06,0.07543817527010806,0.013043635163844648,-0.003558735955386194,0.01660237111923084,2021,9999
2021-05-07,-0.4297238895558223,-0.04391224222442001,0.005529766751961851,-0.04944200897638186,2021,9999
2021-05-10,0.36009603841536614,0.027953154287058257,-0.0330886187837758,0.061041773070834054,2021,9999
2021-05-11,-0.07726476028062067,0.0025809819602937377,0.0084442778994961,-0.005863295939202361,2021,9999
2021-05-12,-0.12946289230363786,-0.04191989322938065,-0.010356940609267595,-0.031562952620113056,2021,9999
2021-05-13,-0.10660520063578488,-0.03049834292390762,-0.004226488882382184,-0.026271854041525433,2021,9999
2021-05-14,0.3899639855942376,0.05557350008077553,-0.02037769277689565,0.07595119285767118,2021,9999
2021-05-17,0.5807923169267707,0.10124826321002167,0.0012845511494601336,0.09996371206056154,2021,9999
2021-05-18,0.052004801920768305,0.05384422782995788,0.010571887426566506,0.043272340403391375,2021,9999
2021-05-19,0.07659063625450178,0.033387820846400774,0.01961751653059248,0.013770304315808293,2021,9999
2021-05-20,0.17695078031212486,0.03338805371395268,0.014876097357337248,0.018511956356615435,2021,9999
2021-05-21,-0.008403361344537815,0.006897818913577758,0.03254941419576716,-0.0256515952821894,2021,9999
2021-05-24,-0.19183673469387755,-0.00794271528679843,0.021745836460731062,-0.02968855174752949,2021,9999
2021-05-25,-0.08283313325330133,0.07194847398693587,0.00980812612021481,0.062140347866721055,2021,9999
2021-05-26,-0.053829531812725095,0.005937184388314342,0.009287663109837852,-0.00335047872152351,2021,9999
2021-05-27,-0.22800067235076876,-0.005465086397203422,0.010313132255003988,-0.01577821865220741,2021,9999
2021-05-28,0.3086194477791116,0.009099261121676926,0.0105341620452997,-0.0014349009236227731,2021,9999
2021-05-31,0.1956782713085234,0.014350120470870508,0.013193315933091965,0.001156804537778543,2021,9999
2021-06-01,0.03894357743097239,-0.001170685481053524,0.028280409338484257,-0.029451094819537782,2021,9999
2021-06-02,0.1900120048019208,0.013662599393680919,-0.0048355296230511826,0.0184981290167321,2021,9999
2021-06-03,0.3236169807803635,0.019392823801424153,-0.004585916946603774,0.023978740748027926,2021,9999
2021-06-04,0.07932963578843091,0.008433188204368669,-0.0022861193877157016,0.01071930759208437,2021,9999
2021-06-07,0.014453781512605042,-0.0003605753359573249,-0.006176309561488879,0.005815734225531555,2021,9999
2021-06-08,0.14429771908763506,-0.0063174581495460515,-0.02169178063791073,0.015374322488364678,2021,9999
2021-06-09,-0.11817810755165165,0.007231625252906493,-0.011764696914758056,0.01899632216766455,2021,9999
2021-06-10,-0.08062618552589317,0.037270837546781524,-0.00865511905690477,0.04592595660368629,2021,9999
2021-06-11,0.2751020408163265,0.003514678866102383,-0.007963022279646926,0.011477701145749308,2021,9999
2021-06-15,0.04235395809043346,0.019306618795463693,0.006196121876478766,0.013110496918984926,2021,9999
2021-06-16,0.26626650660264106,0.08430790345296321,0.015221882224054729,0.06908602122890849,2021,9999
2021-06-17,0.241398352971212,0.05762554035285396,0.038250021304694556,0.0193755190481594,2021,9999
2021-06-18,0.4561083370606755,0.018990614619359625,-0.003700919050274265,0.02269153366963389,2021,9999
2021-06-21,0.4071548619447779,0.014501655852757412,-0.019865172909068373,0.034366828761825785,2021,9999
2021-06-22,-0.12595438175270107,0.019784159295711857,0.011993023866032048,0.0077911354296798085,2021,9999
2021-06-23,0.021656662665066023,0.08959195696766793,0.00569532723568007,0.08389662973198786,2021,9999
2021-06-24,0.21815126050420167,0.032482513310049164,-0.005488090573629511,0.03797060388367868,2021,9999
2021-06-25,0.49417753141570375,0.04327147703943177,-0.021975123668324992,0.06524660070775676,2021,9999
2021-06-28,-0.10626905811125764,-0.010628299179578249,0.0002997902794014351,-0.010928089458979684,2021,9999
2021-06-29,-0.14160864345738294,0.04726708684618981,0.005214913367763441,0.04205217347842637,2021,9999
2021-06-30,-0.07889745254261019,0.010782537309933893,0.024882215929464113,-0.01409967861953022,2021,9999
2021-07-01,0.17120080722497225,0.02505457009378901,0.016622673955529875,0.008431896138259135,2021,9999
2021-07-02,0.11827130852340936,-0.0023130440663044704,0.004188339599999824,-0.006501383666304294,2021,9999
2021-07-05,0.030492929010686218,0.002171526904987542,-0.006902888045798106,0.009074414950785648,2021,9999
2021-07-06,-0.22516206482593037,-0.005662195741915832,0.018149685273532046,-0.02381188101544788,2021,9999
2021-07-07,-0.10319327731092437,-0.01762346809541341,0.0028478892328522632,-0.020471357328265674,2021,9999
2021-07-08,-0.13301959293094032,-0.05840276461519726,-0.009195703386431876,-0.04920706122876538,2021,9999
2021-07-09,-0.13296518607442975,-0.07432886837723941,-0.011702266959745711,-0.0626266014174937,2021,9999
2021-07-12,-0.08850152467196015,-0.02477797283051634,-0.004237811359132715,-0.020540161471383624,2021,9999
2021-07-13,0.3879471788715486,0.05422073362342805,-0.005388928194268694,0.059609661817696745,2021,9999
2021-07-14,0.49579831932773105,0.061701043092571364,0.007027751317155351,0.054673291775416015,2021,9999
2021-07-15,0.026266506602641054,0.004367637703227734,0.007708110484912545,-0.003340472781684811,2021,9999
2021-07-16,0.04076928618909071,-0.036243327603017905,-0.0003826280365652468,-0.03586069956645266,2021,9999
2021-07-19,0.006770708283313325,-0.0035220483983969264,-0.02232267125574301,0.018800622857346082,2021,9999
2021-07-20,0.20326530612244897,0.017474428436503285,-0.014140637146037794,0.03161506558254108,2021,9999
2021-07-21,0.02069627851140456,-0.010920305274266295,-0.006787716237266828,-0.004132589036999468,2021,9999
2021-07-22,-0.012244897959183673,-0.028466247920907174,0.002997035436644713,-0.031463283357551886,2021,9999
2021-07-23,-0.015318495046313234,-0.018621780363750073,0.0008956781470958686,-0.01951745851084594,2021,9999
2021-07-26,-0.043314365303368456,0.018282028565090667,-0.001400274461983464,0.019682303027074133,2021,9999
2021-07-27,0.008403361344537815,0.007693127365036623,-0.0078070679221166174,0.01550019528715324,2021,9999
2021-07-28,-0.09262905162064825,-0.007725090070720609,-0.011879085666999056,0.004153995596278447,2021,9999
2021-07-29,0.03442977190876351,0.003312391841607498,-0.018319238716551122,0.02163163055815862,2021,9999
2021-07-30,-0.06621848739495799,-0.001914536941134959,0.002568779035367741,-0.0044833159765027,2021,9999
2021-08-02,0.09349339735894358,-0.008002330521003275,-0.004140306786219838,-0.0038620237347834372,2021,9999
2021-08-03,-0.09743331175225566,0.0037896385669272336,0.008487406834440926,-0.0046977682675136915,2021,9999
2021-08-04,0.15428571428571428,0.013961425100278101,0.0017811429985242321,0.01218028210175387,2021,9999
2021-08-05,0.35160508065550317,0.014934653966033173,-0.01881813768957945,0.033752791655612624,2021,9999
2021-08-06,0.17963985594237694,-0.008620453117470473,-0.016922251652760047,0.008301798535289574,2021,9999
2021-08-09,0.14160864345738294,0.0009212318682494836,-0.009224568267353295,0.010145800135602779,2021,9999
2021-08-10,-0.2507082833133253,-0.025522397677373476,-0.0015431570433347974,-0.023979240634038678,2021,9999
2021-08-11,0.19923647632336552,0.0006253325098199203,-0.01272446759333028,0.0133498001031502,2021,9999
2021-08-12,0.255228216837476,-0.005854362304796501,-0.03160056943257061,0.02574620712777411,2021,9999
2021-08-13,0.25369156529678,0.005966573671194975,-0.004274193831574869,0.010240767502769844,2021,9999
2021-08-16,0.1007923169267707,0.02937524979238393,0.021184273649923535,0.008190976142460393,2021,9999
2021-08-17,0.20356319654666283,0.06809668386697076,0.02184779087482891,0.046248892992141855,2021,9999
2021-08-18,-0.061224489795918366,0.012685628250360004,0.013334888032893798,-0.000649259782533794,2021,9999
2021-08-19,0.11817527010804323,0.007741283626157757,3.4432489166857924e-05,0.007706851136990899,2021,9999
2021-08-20,-0.02665066026410564,-0.0054236633318951455,-0.0027768592357798163,-0.0026468040961153292,2021,9999
2021-08-23,-0.08283313325330133,-0.02369705289626197,-0.007284245974513359,-0.01641280692174861,2021,9999
2021-08-24,-0.03039688828939272,-0.01577371250605576,-0.016066543983929548,0.0002928314778737895,2021,9999
2021-08-25,0.05459783913565427,-0.004762723546251279,-0.01012233698454178,0.005359613438290501,2021,9999
2021-08-26,-0.00024009603841536613,-0.007708405513821537,-0.008788382164344943,0.0010799766505234058,2021,9999
2021-08-27,-0.004466108014564494,-0.031966883362112494,-0.007983316879037649,-0.023983566483074845,2021,9999
2021-08-30,-0.06256902761104441,-0.023336887653317484,-0.01457458136501344,-0.008762306288304045,2021,9999
2021-08-31,-0.2395678271308523,-0.040591525818265736,-0.007106180543606788,-0.03348534527465895,2021,9999
2021-09-01,0.12480192076830732,-0.02763438734732302,-0.016259898119574824,-0.011374489227748197,2021,9999
2021-09-02,0.3463625450180072,-0.005929769098133875,-0.024238208006239347,0.018308438908105473,2021,9999
2021-09-03,0.39141395963165887,0.01634864889580573,-0.018167558492714054,0.03451620738851978,2021,9999
2021-09-06,0.5561104441776711,0.03605890432670343,-0.006643908947350829,0.04270281327405426,2021,9999
2021-09-07,0.1300840336134454,0.005520524038090768,0.014830351552479248,-0.00930982751438848,2021,9999
2021-09-08,0.13171668667466988,0.007483038479081805,-0.005065258694012443,0.012548297173094247,2021,9999
2021-09-09,0.07294117647058823,0.010799101682590517,0.0011188767565017744,0.009680224926088743,2021,9999
2021-09-10,-0.34136854741896755,-0.015100164116570924,0.013742911301984361,-0.028843075418555283,2021,9999
2021-09-13,-0.0640096038415366,0.00029401363464680584,0.009671614211661706,-0.0093776005770149,2021,9999
2021-09-14,-0.016758703481392558,0.02499510178033647,0.008889088403494394,0.016106013376842077,2021,9999
2021-09-15,-0.3081392557022809,0.0060163923433653845,0.030178153151749064,-0.02416176080838368,2021,9999
2021-09-16,-0.39333477405752887,0.0059886260518066114,0.035923773158167235,-0.029935147106360624,2021,9999
2021-09-17,-0.16869147659063624,-0.0008821594389582632,0.013070355431062719,-0.013952514870020982,2021,9999
2021-09-22,-0.02377007852014123,-0.013824099394533173,0.004538460637002717,-0.018362560031535892,2021,9999
2021-09-23,-0.04797118847539015,-0.026722174671426013,-0.0017661697771656159,-0.0249560048942604,2021,9999
2021-09-24,0.10953181272509004,-0.0005007784828380379,-0.006068998351707944,0.005568219868869906,2021,9999
2021-09-27,-0.01070854042422524,0.0004974209005497831,0.007458313376443493,-0.00696089247589371,2021,9999
2021-09-28,-0.2585834333733493,-0.010373824181298152,0.017268044175023357,-0.027641868356321507,2021,9999
2021-09-29,-0.03615846338535413,-0.013602173953984453,0.006217508496643065,-0.01981968245062752,2021,9999
2021-09-30,0.14420168067226888,-0.02838776526176857,-0.00957162305500171,-0.01881614220676686,2021,9999
2021-10-01,-0.1291236494597839,-0.023477305564039163,0.0034067011749287614,-0.026884006738967924,2021,9999
2021-10-04,0.2023049219687875,0.022499257470895172,-0.003288865584547129,0.0257881230554423,2021,9999
2021-10-05,-0.15015606242496998,-0.0034410211612321494,0.014027575860774289,-0.017468597022006437,2021,9999
2021-10-06,-0.09119066486817816,-0.003628232900757744,0.00449619897153789,-0.008124431872295633,2021,9999
2021-10-07,0.3452100840336134,-0.0005637906283107563,-0.015982023385585898,0.015418232757275142,2021,9999
2021-10-08,-0.17911594521237734,-0.02306641913379196,-0.017669309389977406,-0.005397109743814556,2021,9999
2021-10-12,-0.07174241880624443,-0.024626915939390648,-0.017228711152441355,-0.007398204786949292,2021,9999
2021-10-13,0.12192076830732293,0.007802366926520599,-0.00918300746865297,0.01698537439517357,2021,9999
2021-10-14,0.1569747899159664,0.0012781846541925935,-0.009045203321662587,0.010323387975855181,2021,9999
2021-10-15,0.0007683257703479992,0.005223253678068129,0.007157609413889865,-0.0019343557358217356,2021,9999
2021-10-18,-0.0974309723889556,0.0023486958119605327,0.018847693624479512,-0.01649899781251898,2021,9999
2021-10-19,0.05080554156426144,0.003844065336090008,-0.0025749269014473386,0.006418992237537347,2021,9999
2021-10-20,-0.10626650660264104,0.006560228621924113,0.014012663179674922,-0.007452434557750809,2021,9999
2021-10-21,-0.24115825116797823,-0.003992485229323261,0.027705956413842592,-0.031698441643165855,2021,9999
2021-10-22,0.19414165666266506,0.009009122067700926,0.02344229886419331,-0.014433176796492385,2021,9999
2021-10-25,0.17685474189675868,0.008023274917606538,0.010980691449027713,-0.0029574165314211753,2021,9999
2021-10-26,-0.1771428571428571,0.001179393511208271,0.047316427382956605,-0.046137033871748334,2021,9999
2021-10-27,-0.0008163265306122449,0.028525040882947227,0.02167507682763885,0.006849964055308376,2021,9999
2021-10-28,-0.15006002400960383,0.001106416448044445,0.02156638107004233,-0.020459964621997884,2021,9999
2021-10-29,0.060840336134453776,-0.004284456745584464,0.03787623799245189,-0.04216069473803635,2021,9999
2021-11-01,0.042881152460984395,0.003879868309043488,0.011667145809470947,-0.007787277500427459,2021,9999
2021-11-02,-0.026170468187274906,0.004025294271742685,0.020871722278779405,-0.01684642800703672,2021,9999
2021-11-03,-0.14871548619447778,-0.020032387170971944,0.0060692205188127455,-0.02610160768978469,2021,9999
2021-11-04,-0.029581252435183843,-0.01491571997897274,-0.003624890849462492,-0.011290829129510249,2021,9999
2021-11-05,0.09320528211284512,-0.0016024433279108075,0.013466281545168924,-0.015068724873079732,2021,9999
2021-11-08,0.5351388990473814,0.0222748407920079,-0.024696454972498207,0.04697129576450611,2021,9999
2021-11-09,0.1773349339735894,-0.002378809740879084,0.0035864684553762573,-0.005965278196255341,2021,9999
2021-11-10,-0.10732292917166866,-0.014226799392109968,0.008809269566066258,-0.023036068958176226,2021,9999
2021-11-11,0.12379648974732138,0.02188093258124609,0.006214759383058077,0.015666173198188013,2021,9999
2021-11-12,0.04633853541416567,0.011195724894053715,0.00044327941052371147,0.010752445483530004,2021,9999
2021-11-15,-0.09310924369747899,0.005999876473796351,0.01736181521877802,-0.011361938744981669,2021,9999
2021-11-16,-0.024921968787515004,-0.003630199989639693,0.007153125394813098,-0.01078332538445279,2021,9999
2021-11-17,-0.025210084033613446,-0.003856095271278115,-0.006534482761710703,0.0026783874904325877,2021,9999
2021-11-18,-0.018583433373349337,0.0012299231909700058,0.008798161004118366,-0.00756823781314836,2021,9999
2021-11-19,0.3064105642256902,0.026878604727918153,0.010063921667427821,0.016814683060490332,2021,9999
2021-11-22,0.4334797955582118,0.03083625001543642,0.00160587927966791,0.029230370735768507,2021,9999
2021-11-23,-0.009939975990396158,-0.009305702088357681,-0.0025859187576256605,-0.006719783330732021,2021,9999
2021-11-24,0.28644145125786347,0.010070793624515451,-0.011214159382009281,0.021284953006524734,2021,9999
2021-11-25,0.1956349492748593,0.002509325076293023,-0.010240722506245437,0.012750047582538459,2021,9999
2021-11-26,0.31257203263086303,0.01236026503225136,-0.00897789318259432,0.02133815821484568,2021,9999
2021-11-29,0.24177671068427373,0.010751061927542317,-0.012323251377296673,0.02307431330483899,2021,9999
2021-11-30,0.25205282112845134,0.012506077059705101,-0.008790392682610582,0.021296469742315683,2021,9999
2021-12-01,0.22665610225265975,0.02439239006268664,0.0035934835113425657,0.020798906551344074,2021,9999
2021-12-02,0.20153661464585834,0.020396580079984527,0.009459242694944048,0.010937337385040479,2021,9999
2021-12-03,0.2644001057210052,0.034034669454261646,0.026610089545050362,0.007424579909211283,2021,9999
2021-12-06,0.07822328931572628,0.006844006349062115,0.013814084730969367,-0.0069700783819072526,2021,9999
2021-12-07,-0.1241296518607443,0.006048772305480255,0.024736779405252696,-0.01868800709977244,2021,9999
2021-12-08,0.10382251260530431,0.0032716554425885835,-0.004918359515252491,0.008190014957841074,2021,9999
2021-12-09,0.2076830732292917,-0.00013005346335104306,-0.020279871399795025,0.020149817936443982,2021,9999
2021-12-10,0.34036831626416364,0.007593720733758391,-0.013671299128560677,0.021265019862319066,2021,9999
2021-12-13,0.07006002400960383,-0.019382903565004207,-0.011574604873314265,-0.007808298691689941,2021,9999
2021-12-14,0.3897812673696694,0.008179533783906545,-0.004401851794826583,0.012581385578733128,2021,9999
2021-12-15,-0.18569027611044414,-0.013715371521721254,0.013834600669744013,-0.027549972191465266,2021,9999
2021-12-16,-0.07851140456182472,0.005470683393345777,0.019361436600885008,-0.013890753207539231,2021,9999
2021-12-17,0.20619942861714433,0.007652226411488316,0.002360483592552176,0.00529174281893614,2021,9999
2021-12-20,0.010996398559423769,0.01705652587183044,0.002629512496082931,0.01442701337574751,2021,9999
2021-12-21,-0.1631771035304459,-0.004362369643313535,0.0008563056841502048,-0.00521867532746374,2021,9999
2021-12-22,-0.3486674669867947,-0.013913101598960309,0.0010873891744371477,-0.015000490773397457,2021,9999
2021-12-23,-0.07620831234639218,-0.00661997744038757,-0.0064252942021726265,-0.0001946832382149436,2021,9999
2021-12-24,-0.08360144057623049,-0.010966497337175862,-0.007034758511047545,-0.003931738826128317,2021,9999
2021-12-27,-0.013205282112845136,-0.013360918263904797,-0.0016125551771126513,-0.011748363086792146,2021,9999
2021-12-28,0.23155417903862827,-0.011867592741338685,-0.030275817823114837,0.018408225081776152,2021,9999
2021-12-29,0.16442171485447185,-0.03291698260437572,-0.04929057153569973,0.016373588931324012,2021,9999
2021-12-30,0.09993037050588666,-0.027717584553243423,-0.02822554137761475,0.0005079568243713251,2021,9999
2022-01-03,0.273860116768415,0.005719039967988004,-0.009662465011143696,0.0153815049791317,2022,9999
2022-01-04,0.3778241975686286,0.02808076663238186,-0.01603920645143233,0.044119973083814185,2022,9999
2022-01-05,0.09339735894357742,-0.009017631421297578,-0.01595304881424613,0.0069354173929485514,2022,9999
2022-01-06,-0.026842737094837935,-0.018349210218083268,-0.005003385367000468,-0.0133458248510828,2022,9999
2022-01-07,-0.18837935174069628,-0.021098252637670668,-0.011024984549242445,-0.010073268088428223,2022,9999
2022-01-10,-0.22208883553421366,-0.03303645367052864,-0.012610439998782707,-0.020426013671745933,2022,9999
2022-01-11,-0.317358943577431,-0.03344177492545945,-0.015121301988997204,-0.01832047293646225,2022,9999
2022-01-12,-0.05699879951980792,-0.03567026539043163,-0.02801879689336161,-0.007651468497070022,2022,9999
2022-01-13,0.36384153661464586,0.020662917876065768,-0.003471010616845882,0.02413392849291165,2022,9999
2022-01-14,0.5280672268907564,0.03618709359090279,0.0019676537312282695,0.034219439859674516,2022,9999
2022-01-17,0.2894667339786087,0.030654285401332804,0.005858233414496039,0.024796051986836765,2022,9999
2022-01-18,0.4730372148859544,0.010697892228866612,-0.014172300205464394,0.024870192434331008,2022,9999
2022-01-19,-0.2409123649459784,-0.017323196537187245,-0.004958120556299894,-0.01236507598088735,2022,9999
2022-01-20,0.2733733493397359,0.007331532641789207,-0.024052102169931887,0.031383634811721094,2022,9999
2022-01-21,0.3130372148859543,0.00258304704925999,-0.014931661324614176,0.017514708373874165,2022,9999
2022-01-24,0.20470588235294118,0.013020765824728275,0.014395048695183954,-0.001374282870455679,2022,9999
2022-01-25,0.3208163265306122,0.026900851581196893,-0.012351985554294264,0.03925283713549116,2022,9999
2022-01-26,-0.11544094699478688,0.02833733008699626,0.0763006292653099,-0.047963299178313636,2022,9999
2022-02-07,-0.2624249699879952,0.006888555535915719,0.025280093090581112,-0.018391537554665393,2022,9999
2022-02-08,-0.0656422569027611,0.0063868761083923364,0.010972999708670116,-0.00458612360027778,2022,9999
2022-02-09,-0.03246176379720297,-0.0011585980833268227,0.002543646358839957,-0.0037022444421667797,2022,9999
2022-02-10,0.03212484993997599,0.004801093250497002,0.011971997494822051,-0.007170904244325049,2022,9999
2022-02-11,-0.2936374549819928,-0.0011321863871595838,0.024006860712317835,-0.025139047099477417,2022,9999
2022-02-14,-0.3389675870348139,-0.0031756251085478192,0.02924734027159669,-0.03242296538014451,2022,9999
2022-02-15,-0.023289315726290515,0.004621426484266333,0.014390748256712072,-0.009769321772445739,2022,9999
2022-02-16,-0.08014405762304923,0.0018685037950968097,0.013667561590605237,-0.011799057795508426,2022,9999
2022-02-17,0.061896758703481394,0.004936712713144453,0.009488255739699691,-0.004551543026555238,2022,9999
2022-02-18,0.24993997599039616,0.005106954102622674,-0.012365051388197091,0.017472005490819766,2022,9999
2022-02-21,-0.10823789289777438,0.0031362378964036484,0.014363566919324522,-0.011227329022920875,2022,9999
2022-02-22,-0.3633613445378151,0.005284356982158856,0.038344486621334606,-0.03306012963917575,2022,9999
2022-02-23,-0.26343969850807025,0.002253147112286602,0.024042914970738304,-0.021789767858451704,2022,9999
2022-02-24,0.006770708283313325,0.0032898019522963782,-0.003504661930578745,0.006794463882875123,2022,9999
2022-02-25,-0.0052340936374549825,0.010598408505633917,0.014103812515456515,-0.0035054040098225978,2022,9999
2022-03-01,0.007107013375718993,0.002642029659457601,0.012774322687357254,-0.010132293027899652,2022,9999
2022-03-02,0.023673469387755098,-0.009175723103364597,-0.013286191963726258,0.004110468860361661,2022,9999
2022-03-03,0.02482593037214886,0.010053193881459765,0.006451731292111662,0.003601462589348103,2022,9999
2022-03-04,-0.11471788715486195,-0.006635283426191829,0.011897642939296871,-0.0185329263654887,2022,9999
2022-03-07,0.06266506602641056,0.020660785299594187,0.006366453890220414,0.014294331409373773,2022,9999
2022-03-08,0.09224489795918367,0.008869437427807558,0.002573881108124365,0.006295556319683192,2022,9999
2022-03-09,0.08321728691476589,0.021001315069012393,0.009552054292239676,0.011449260776772717,2022,9999
2022-03-10,-0.14617397780870683,0.013025643894143134,0.019693549206983674,-0.00666790531284054,2022,9999
2022-03-11,-0.13071142168045338,-0.003308811529489941,0.010837607297993036,-0.014146418827482977,2022,9999
2022-03-14,0.062953181272509,-0.015085613587704827,-0.019175823230233223,0.004090209642528396,2022,9999
2022-03-15,0.06593037214885954,-0.0007571890402182979,-0.01774814575104152,0.01699095671082322,2022,9999
2022-03-16,-0.03231692677070828,-0.0074344165412262965,-0.006853546118966836,-0.0005808704222594607,2022,9999
2022-03-17,0.15755102040816327,-0.004075542480483229,-0.012572387166432797,0.008496844685949568,2022,9999
2022-03-18,-0.16014405762304923,-0.0027457730803908563,-0.002635005828580006,-0.00011076725181085028,2022,9999
2022-03-21,-0.09349339735894358,-0.012955346227257391,-0.009034107740950148,-0.003921238486307243,2022,9999
2022-03-22,-0.18674669867947177,-0.03638647717172361,-0.01694710761810463,-0.01943936955361898,2022,9999
2022-03-23,-0.25291716686674665,-0.021314432106923097,-0.00039716357338456245,-0.020917268533538536,2022,9999
2022-03-24,-0.25935174069627853,-0.004952462447530425,0.008091987394095357,-0.013044449841625783,2022,9999
2022-03-25,0.2910444177671068,0.038029135939134595,0.010092213121142979,0.027936922817991615,2022,9999
2022-03-28,-0.057528392054806435,-0.003414641167765231,-0.001041061202019078,-0.002373579965746153,2022,9999
2022-03-29,0.1208643457382953,0.016725505960091057,0.004249516216481719,0.012475989743609337,2022,9999
2022-03-30,-0.03860836995998696,0.007574634989019569,0.014962123343144673,-0.0073874883541251045,2022,9999
2022-03-31,-0.3499159663865546,0.008313117295162886,0.02540526442413076,-0.017092147128967873,2022,9999
2022-04-01,-0.44720288115246093,0.0017996010943993057,0.02587114113742628,-0.024071540043026973,2022,9999
2022-04-06,-0.11356542617046818,0.0008711981987432283,0.0044241284649172985,-0.0035529302661740703,2022,9999
2022-04-07,-0.05094837935174069,-0.00018590611809468082,-6.452794508332582e-05,-0.000121378173011355,2022,9999
2022-04-08,0.05392557022809123,-0.015697477836471862,-0.01900029961913078,0.0033028217826589178,2022,9999
2022-04-11,0.13229291716686675,-0.006118668766936675,-0.013788372267247684,0.00766970350031101,2022,9999
2022-04-12,-0.2539735894357743,-0.01917386156837623,0.003064045135848048,-0.022237906704224278,2022,9999
2022-04-13,-0.24494597839135654,-0.0008369683470956125,0.007035480951177175,-0.007872449298272789,2022,9999
2022-04-14,-0.19731092436974787,-0.010049258955752238,-0.0007257109148916419,-0.009323548040860595,2022,9999
2022-04-15,-0.33138055222088836,0.006634324643327616,0.013888885211533752,-0.007254560568206137,2022,9999
2022-04-18,-0.2692436974789916,-0.005684454141558592,0.016061020044265406,-0.021745474185824,2022,9999
2022-04-19,0.1663465234342156,0.008884261194784493,-0.007698896176120029,0.016583157370904524,2022,9999
2022-04-20,-0.09186074429771908,0.0004207682160657034,0.0014944802680899928,-0.0010737120520242895,2022,9999
2022-04-21,0.5812384452682614,0.02785743965402889,-0.02773069883329802,0.05558813848732691,2022,9999
2022-04-22,0.029435774309723887,0.01630154909050464,0.020848300026442345,-0.0045467509359377045,2022,9999
2022-04-25,-0.07697478991596637,0.016529796909392835,0.007865455282330814,0.008664341627062021,2022,9999
2022-04-26,-0.07505402160864347,0.012650936453177242,0.0087043638104345,0.003946572642742742,2022,9999
2022-04-27,-0.08744927628518216,0.013944575582023533,0.00899995739263556,0.004944618189387972,2022,9999
2022-04-28,0.022713085234093634,0.0002828531217251462,-0.002037202790529469,0.002320055912254615,2022,9999
2022-04-29,0.009555822328931571,0.005137484017774407,0.0023535493222677562,0.002783934695506651,2022,9999
2022-05-03,0.010996398559423769,-0.0033986680093198276,-0.006809460083761887,0.0034107920744420595,2022,9999
2022-05-04,0.239477538545342,0.010717779818999407,-0.0064005273543051525,0.017118307173304557,2022,9999
2022-05-05,-0.20965689458371026,0.00344517886430723,0.01994964623095189,-0.01650446736664466,2022,9999
2022-05-06,0.1899685467185428,-0.0010401222403843668,-0.007318053096261911,0.006277930855877544,2022,9999
2022-05-09,-0.24596619313800588,-0.01540891947937718,0.010567551732293689,-0.02597647121167087,2022,9999
2022-05-10,0.1352701080432173,0.01139488723786033,-0.0025981995819879477,0.013993086819848278,2022,9999
2022-05-11,0.04345738295318128,0.010394555513636638,0.006211281185459339,0.004183274328177299,2022,9999
2022-05-12,-0.31679031918660944,-0.03245638898485911,-0.007048669108628436,-0.02540771987623067,2022,9999
2022-05-13,0.036350540216086434,-0.0150950327334046,-0.02360155767941684,0.00850652494601224,2022,9999
2022-05-16,0.12355342136854741,0.00010030278356477629,0.00013384327090826265,-3.354048734348636e-05,2022,9999
2022-05-17,-0.052100840336134456,0.002728758695428546,0.009000868792016947,-0.006272110096588401,2022,9999
2022-05-18,-0.012148859543817525,0.013742556634513115,-0.011400297669717263,0.025142854304230376,2022,9999
2022-05-19,0.16058008600273185,0.008363974260119944,-0.018325389770766764,0.02668936403088671,2022,9999
2022-05-20,-0.2697238895558223,-0.0021470053468984783,0.011159482697076228,-0.013306488043974708,2022,9999
2022-05-23,-0.21527010804321725,0.0008624705139991029,0.01246843057471254,-0.011605960060713438,2022,9999
2022-05-24,-0.09099639855942376,-0.019817663603518422,-0.0076792531487767214,-0.012138410454741701,2022,9999
2022-05-25,0.18703930471909105,-0.005471041694728451,-0.013209797451643236,0.007738755756914784,2022,9999
2022-05-26,0.10559423769507804,0.0016216536929502424,-0.018014630842400115,0.019636284535350358,2022,9999
2022-05-27,0.14358087833378236,0.007693701924319429,-0.006037479374862121,0.01373118129918155,2022,9999
2022-05-30,-0.12336134453781511,0.0008270976250106088,0.01214364233416767,-0.011316544709157062,2022,9999
2022-05-31,0.14093637454981991,0.011284624455197002,0.0028195280909332986,0.008465096364263703,2022,9999
2022-06-01,-0.0923409363745498,0.016828603874559367,0.01021090028188366,0.006617703592675706,2022,9999
2022-06-02,0.11097238895558223,0.005621908675440557,-0.005510613753788351,0.011132522429228908,2022,9999
2022-06-06,-0.16581032412965185,-0.003388179884084808,0.0014599515705984501,-0.004848131454683258,2022,9999
2022-06-07,0.06861944777911164,0.010160571524828965,-0.0013432136726667764,0.011503785197495741,2022,9999
2022-06-08,0.11164465786314526,0.015335642592586528,-0.007996909728496348,0.023332552321082875,2022,9999
2022-06-09,-0.11817527010804323,0.014923190208690562,0.015506443293306638,-0.0005832530846160752,2022,9999
2022-06-10,-0.07668667466986795,0.00949534206849253,0.009201338923571455,0.0002940031449210744,2022,9999
2022-06-13,-0.29968787515006,-0.015145493830753254,0.008839834011124892,-0.023985327841878144,2022,9999
2022-06-14,-0.1761824729891957,-0.007426905276020223,0.0029464232653403253,-0.010373328541360548,2022,9999
2022-06-15,-0.2444657863145258,-0.025273783218548906,-0.0008747625833463779,-0.024399020635202526,2022,9999
2022-06-16,-0.2614708637215535,-0.017916858256656808,0.013212538218433545,-0.031129396475090353,2022,9999
2022-06-17,-0.07735894357743096,-0.0052040808914061935,-0.0035284028410636713,-0.0016756780503425221,2022,9999
2022-06-20,-0.4182953181272509,-0.028817091647459648,0.0219581025791984,-0.05077519422665805,2022,9999
2022-06-21,-0.3243697478991596,0.0024079348323998717,0.029853562398173272,-0.0274456275657734,2022,9999
2022-06-22,0.11097238895558223,0.020111046217454888,0.007586651727834848,0.01252439448962004,2022,9999
2022-06-23,0.1393070662362216,0.017905664466250814,-0.013248389417194284,0.031154053883445096,2022,9999
2022-06-24,-0.0461475665815267,-0.015132831648712031,-0.009633332396503779,-0.005499499252208252,2022,9999
2022-06-27,0.2771735216530407,0.023928120660321284,-0.0006580609390053227,0.024586181599326608,2022,9999
2022-06-28,-0.013973589435774309,0.02103036932860817,0.0060136662910621145,0.015016703037546054,2022,9999
2022-06-29,0.054647170416001443,0.03392508151297323,0.012749914546901641,0.021175166966071586,2022,9999
2022-06-30,-0.13661464585834332,0.013435897537830666,0.02742169577666176,-0.013985798238831093,2022,9999
2022-07-01,0.29839852105890413,0.028961008201948434,0.003920625543316125,0.02504038265863231,2022,9999
2022-07-04,0.5615020770424471,0.03505760686286491,-0.037485066758846906,0.07254267362171182,2022,9999
2022-07-05,0.5537094837935175,0.036038471981765886,-0.03803743133236444,0.07407590331413033,2022,9999
2022-07-06,0.40475390156062424,0.01890043407740205,-0.031300307401666096,0.050200741479068146,2022,9999
2022-07-07,0.03491080219018721,-0.00039740293647816394,-0.013514933529253958,0.013117530592775794,2022,9999
2022-07-08,0.1758505606883983,-0.008449991048977534,-0.02069356924955259,0.012243578200575055,2022,9999
2022-07-11,0.1670588235294118,-0.00429368238840776,-0.01790776386232933,0.013614081473921569,2022,9999
2022-07-12,0.4510444177671068,-0.005738974461605861,-0.036713079209217084,0.030974104747611222,2022,9999
2022-07-13,0.014357743097238897,0.0047572977028693675,0.015686272953684022,-0.010928975250814654,2022,9999
2022-07-14,-0.05959183673469387,0.01874570262049624,0.009422629591305288,0.009323073029190953,2022,9999
2022-07-15,0.10588235294117646,0.0263641906994449,0.011137042738687907,0.015227147960756993,2022,9999
2022-07-18,-0.021032917963276478,0.010803030665023371,0.008397915387523125,0.002405115277500246,2022,9999
2022-07-19,0.12355342136854741,-0.004441770475161222,-0.004391319140459371,-5.045133470185127e-05,2022,9999
2022-07-20,0.10530612244897959,-0.0030857322684640807,-0.01262516634060531,0.00953943407214123,2022,9999
2022-07-21,0.22915316100629077,0.012436706370877603,-0.02366536153756201,0.03610206790843962,2022,9999
2022-07-22,0.24254501800720288,0.008814112499858506,-0.011519311028949153,0.02033342352880766,2022,9999
2022-07-25,-0.21004610089528267,-0.0015982584455023984,0.004890338448963483,-0.006488596894465881,2022,9999
2022-07-26,-0.08292917166866745,-0.02005656384670377,0.004895640872423323,-0.024952204719127093,2022,9999
2022-07-27,-0.05085234093637454,-2.4900375217284942e-05,0.006229532642048741,-0.006254433017266026,2022,9999
2022-07-28,-0.09752701080432173,0.00712821006392198,0.010498390265748081,-0.0033701802018261014,2022,9999
2022-07-29,-0.09291716686674668,-0.00040265087589687055,-0.002724186142178009,0.002321535266281138,2022,9999
2022-08-01,0.023673469387755098,-0.01737871251774853,-0.0040553951587185,-0.013323317359030029,2022,9999
2022-08-02,0.3433935989849089,-0.007902212002943687,-0.018667895569535263,0.010765683566591576,2022,9999
2022-08-03,0.4204081632653061,0.01741024165612124,-0.012111897002722093,0.029522138658843334,2022,9999
2022-08-04,0.12576230492196877,0.03458737946749122,0.01003487626892664,0.02455250319856458,2022,9999
2022-08-05,-0.08773109243697479,0.0019762881425334777,0.011268093434708127,-0.00929180529217465,2022,9999
2022-08-08,0.006290516206482593,-0.004603877814159984,-0.007967764163384794,0.0033638863492248096,2022,9999
2022-08-09,0.0739015606242497,-0.004460433940969177,-0.006071497147495742,0.0016110632065265643,2022,9999
2022-08-10,0.2594477791116447,-0.0013129104953884419,-0.014130544548807033,0.01281763405341859,2022,9999
2022-08-11,-0.04902761104441777,0.0033896147232445385,0.0005508694152311921,0.0028387453080133463,2022,9999
2022-08-12,-0.10799519807923168,-0.002002622635068174,-0.005930658849424198,0.003928036214356024,2022,9999
2022-08-15,0.3763446028158048,0.015152408217390879,-0.0090272849117617,0.02417969312915258,2022,9999
2022-08-16,0.10684530243901866,0.006654267263844571,0.0009664291692634497,0.005687838094581121,2022,9999
2022-08-17,0.12336134453781511,0.016587757565783557,0.011141600967686193,0.005446156598097364,2022,9999
2022-08-18,0.01262905162064826,0.004919413321051202,0.003702597112571193,0.0012168162084800092,2022,9999
2022-08-19,0.2000960384153661,0.010395086787025432,-0.0017270995535249689,0.0121221863405504,2022,9999
2022-08-22,0.21565426170468185,0.0010653788750815795,-0.004436088881655864,0.005501467756737444,2022,9999
2022-08-23,0.13959183673469386,0.008694917521857349,-0.007335042934833247,0.016029960456690598,2022,9999
2022-08-24,-0.0561344537815126,-0.011093088997535982,-0.006975593474174457,-0.004117495523361525,2022,9999
2022-08-25,-0.1727250900360144,-0.003157795950944664,-0.012108722208115753,0.008950926257171088,2022,9999
2022-08-26,-0.0114765906362545,0.006625201096285616,-0.0028712694261500025,0.009496470522435619,2022,9999
2022-08-29,-0.2403361344537815,-0.0041984198368847595,0.011432212409788756,-0.015630632246673513,2022,9999
2022-08-30,0.1440096038415366,-0.002533711628477442,-0.03368641111722428,0.031152699488746837,2022,9999
2022-08-31,0.003601440576230492,-0.009771850405087235,-0.02705202904066121,0.017280178635573976,2022,9999
2022-09-01,0.5008883553421368,0.015538450586493646,-0.014396282290049921,0.029934732876543566,2022,9999
2022-09-02,0.44288115246098436,0.023044705430280678,0.003541434831869339,0.019503270598411337,2022,9999
2022-09-05,0.16307714475636284,0.013303907939045156,0.006687163423913967,0.006616744515131189,2022,9999
2022-09-06,0.10309723889555823,0.004356267256595747,0.0031156009714140343,0.0012406662851817125,2022,9999
2022-09-07,-0.07697663811674016,0.0026229780387627133,0.010327466085966708,-0.007704488047203995,2022,9999
2022-09-08,0.26530612244897955,0.013089492283433512,-0.005396575763203004,0.018486068046636515,2022,9999
2022-09-12,0.08869147659063625,0.014015295313701492,0.014174802361730576,-0.0001595070480290839,2022,9999
2022-09-13,-0.2869147659063625,0.0036045590202203994,0.022340644521407427,-0.01873608550118703,2022,9999
2022-09-14,-0.007155033736365743,0.009599434239048476,-0.004763914430771188,0.014363348669819663,2022,9999
2022-09-15,0.05584633853541416,-0.0015763334005960527,-0.018400833577749964,0.016824500177153912,2022,9999
2022-09-16,0.12067226890756304,0.003954529958338571,-0.0036429609304089563,0.007597490888747527,2022,9999
2022-09-19,-0.048692645695804455,-0.009247924747868275,-0.0019639022564895024,-0.007284022491378773,2022,9999
2022-09-20,0.0346218487394958,0.014418497284153887,8.0835072538743e-05,0.014337662211615143,2022,9999
2022-09-21,-0.1440096038415366,-0.010536362040343295,-0.004872287797982622,-0.005664074242360673,2022,9999
2022-09-22,-0.19116446578631452,-0.0027715375449403833,0.007939622253034462,-0.010711159797974846,2022,9999
2022-09-23,0.005714285714285714,-0.014326191888233263,-0.009424127187525787,-0.004902064700707476,2022,9999
2022-09-26,-0.48350540216086435,-0.019954639306539845,0.03677032144989969,-0.056724960756439534,2022,9999
2022-09-27,0.013685474189675868,0.010967048883046737,0.0020669614574533534,0.008900087425593383,2022,9999
2022-09-28,0.2338111359890255,0.0372991057061174,0.0094431493134829,0.0278559563926345,2022,9999
2022-09-29,0.4125429183162288,0.04231587091129715,-0.021837015372009282,0.06415288628330643,2022,9999
2022-09-30,0.0028331332533013207,-0.0074004173991538465,-0.0015611073362145733,-0.005839310062939273,2022,9999
2022-10-03,-0.09791116446578632,-0.012257314527915408,-0.010372079071614072,-0.001885235456301336,2022,9999
2022-10-04,0.14698679471788717,0.030878234987810636,0.015692348234766496,0.01518588675304414,2022,9999
2022-10-05,0.3801680672268907,0.0438749984912391,-0.0031281004768670797,0.047003098968106186,2022,9999
2022-10-06,0.0712124849939976,0.033479341029505186,0.031093064460715535,0.0023862765687896505,2022,9999
2022-10-07,-0.008980023060680808,-0.003207309137428893,-0.01925909248657458,0.016051783349145688,2022,9999
2022-10-11,0.08533013205282113,0.004553476377719967,-0.013770346790239408,0.018323823167959375,2022,9999
2022-10-12,0.2876830732292917,0.0006005937957546337,-0.008764977655951921,0.009365571451706555,2022,9999
2022-10-13,0.09589435774309724,0.012280861368175421,-0.013005346234488646,0.02528620760266407,2022,9999
2022-10-14,-0.06410564225690277,0.014608028705015753,0.005677915961944257,0.008930112743071495,2022,9999
2022-10-17,-0.2255996543184313,-0.01156490881035085,0.007862877428473237,-0.019427786238824088,2022,9999
2022-10-18,-0.35394957983193276,-0.012554685706375824,0.021696971580998915,-0.03425165728737474,2022,9999
2022-10-19,-0.3979927490402636,-0.010196029595186751,0.01700017837460638,-0.027196207969793128,2022,9999
2022-10-20,-0.09070828331332531,0.015057468713232557,0.015510140951815899,-0.00045267223858334177,2022,9999
2022-10-21,0.11346938775510206,0.02089800619605168,-0.0006059790530041464,0.021503985249055824,2022,9999
2022-10-24,0.2302521008403361,-0.002357475796272923,-0.007335614498103793,0.00497813870183087,2022,9999
2022-10-25,0.07649459783913565,0.003521080039182034,-0.015055723200536863,0.018576803239718897,2022,9999
2022-10-26,0.1745498199279712,0.014359338698291191,-0.0065398987845235014,0.020899237482814692,2022,9999
2022-10-27,-0.0007202881152460984,0.006540651594334412,0.007921711525845832,-0.0013810599315114197,2022,9999
2022-10-28,-0.12715791499259388,-0.007280798295869495,0.013796492810044258,-0.021077291105913755,2022,9999
2022-10-31,-0.02463385354141657,0.005577359719496855,0.024336229064068127,-0.018758869344571272,2022,9999
2022-11-01,0.24624840939653375,0.018009417523966387,0.0034966880727856477,0.01451272945118074,2022,9999
2022-11-02,0.1824249699879952,0.03298779789207196,0.023784814969005308,0.00920298292306665,2022,9999
2022-11-03,0.03673469387755102,0.015822507732857316,0.0065369323616623065,0.00928557537119501,2022,9999
2022-11-04,0.14429771908763506,-0.005451212109191949,-0.021859390737041573,0.016408178627849622,2022,9999
2022-11-07,-0.011668667466986795,-0.008539070319333741,-0.008987658251736952,0.0004485879324032105,2022,9999
2022-11-08,0.011380552220888355,-0.0187353559203808,-0.02799495020758158,0.00925959428720078,2022,9999
2022-11-09,-0.5598559423769507,-0.05842316756246162,0.0030685188169802926,-0.06149168637944191,2022,9999
2022-11-10,-0.1870348139255702,-0.060469163792005634,-0.029334435772170986,-0.031134728019834648,2022,9999
2022-11-11,-0.272124849939976,-0.04693245251240197,-0.010669606955482757,-0.03626284555691921,2022,9999
2022-11-14,0.04984633121383251,-0.034390373099659,-0.036608980038111125,0.0022186069384521265,2022,9999
2022-11-15,0.05171668667466986,-0.002769711947795639,-0.004036801978869553,0.0012670900310739136,2022,9999
2022-11-16,-0.08254898203909256,-0.0012597714415367501,-0.005728713846900324,0.004468942405363574,2022,9999
2022-11-17,-0.2250234099906703,-0.0065842473794661014,0.002904503615134768,-0.00948875099460087,2022,9999
2022-11-18,0.0956565584083259,0.006777139337188409,-0.0001087301876979141,0.006885869524886323,2022,9999
2022-11-21,0.05104441776710684,0.009446360431949519,-0.0014056834063107648,0.010852043838260283,2022,9999
2022-11-22,-0.13186391033597536,-0.006082866555384725,0.01415001069434918,-0.020232877249733904,2022,9999
2022-11-23,-0.2363562151033033,-0.003580461864757001,0.016793488389648947,-0.02037395025440595,2022,9999
2022-11-24,-0.2706492511764547,-0.008327639288790822,0.016243942126206567,-0.02457158141499739,2022,9999
2022-11-25,-0.123937575030012,-0.005090646354865558,8.316986168339646e-05,-0.0051738162165489545,2022,9999
2022-11-28,0.22378562739645738,0.00817700328116584,-0.006870563879037994,0.015047567160203834,2022,9999
2022-11-29,0.12835534213685473,0.009321381516284432,0.004133771976690714,0.005187609539593718,2022,9999
2022-11-30,0.23564156769390762,0.021616481859010085,-0.007484710066401068,0.029101191925411152,2022,9999
2022-12-01,0.12816634256617562,0.023366312756366282,0.014203413331887705,0.009162899424478578,2022,9999
2022-12-02,-0.16519004062481984,0.0023491956370611856,0.01839307136308347,-0.016043875726022283,2022,9999
2022-12-05,0.2175750300120048,0.008915405530268827,-0.0019278338528192496,0.010843239383088076,2022,9999
2022-12-06,-0.1398799519807923,-0.0030098272139653993,0.0023634446004536457,-0.005373271814419045,2022,9999
2022-12-07,0.11932773109243697,0.00793927256928546,0.00181120164738775,0.006128070921897709,2022,9999
2022-12-08,-0.16821128451380551,-0.0038118526533488352,0.0034134770914366675,-0.007225329744785503,2022,9999
2022-12-09,-0.1342169080076661,0.0018532357433801217,0.008743946520370794,-0.006890710776990673,2022,9999
2022-12-12,-0.037310924369747894,0.005368831790044848,0.007294433862974003,-0.0019256020729291551,2022,9999
2022-12-13,-0.25926192713180296,-0.00039573682346782935,0.030804376922491827,-0.031200113745959657,2022,9999
2022-12-14,-0.1766626650660264,-0.01813244372327555,0.004171271957944145,-0.022303715681219694,2022,9999
2022-12-15,-0.12153661464585833,-0.015758448392719226,0.012533468707123763,-0.028291917099842988,2022,9999
2022-12-16,0.043841536614645855,0.011124315560978815,0.015135468156849874,-0.0040111525958710596,2022,9999
2022-12-19,-0.11759903961584633,0.004931912084340839,0.03500244633409825,-0.03007053424975741,2022,9999
2022-12-20,-0.026266506602641054,0.012534202916914617,0.0194345407650491,-0.006900337848134484,2022,9999
2022-12-21,-0.1702280912364946,0.0031377562248440126,0.007149215457064917,-0.004011459232220904,2022,9999
2022-12-22,0.024345738295318126,0.005264146100993949,-0.006317487154550727,0.011581633255544677,2022,9999
2022-12-23,-0.052102091301723705,-0.0033459543860141715,0.002944445567592291,-0.006290399953606462,2022,9999
2022-12-26,-0.0023529976716907476,-0.0009787176313957534,0.002865066138994621,-0.0038437837703903742,2022,9999
2022-12-27,0.08811524609843938,0.002274766340110235,-0.0022988580113577186,0.004573624351467954,2022,9999
2022-12-28,0.01819927971188475,-0.0005301555371247213,0.003909555024562206,-0.004439710561686927,2022,9999
2022-12-29,0.09944777911164465,-0.0008350464643272826,-0.005949720661237945,0.005114674196910663,2022,9999
2022-12-30,0.05555822328931572,-0.006560817536395392,-0.006521277390422886,-3.954014597250602e-05,2022,9999
2023-01-03,-0.4603452841679057,-0.019399376107074873,-0.002103870097281413,-0.01729550600979346,2023,9999
2023-01-04,-0.1736854741896759,-0.01853251038375665,-0.006350673691883957,-0.012181836691872693,2023,9999
2023-01-05,-0.15198079231692677,-0.028675607018375526,0.00299059477100605,-0.03166620178938158,2023,9999
2023-01-06,-0.22641056422569028,-0.02626645924902856,-0.009615724804652248,-0.016650734444376314,2023,9999
2023-01-09,-0.3404807077770135,-0.0305400755382501,-0.008770251667021289,-0.021769823871228812,2023,9999
2023-01-10,0.15241662469278436,-0.02496713730047374,-0.019202813034245057,-0.005764324266228683,2023,9999
2023-01-11,0.46496998799519806,-0.008732266071613103,-0.024649472782837946,0.015917206711224843,2023,9999
2023-01-12,-0.0033135640108059136,-0.01148351051121932,-0.028731077673823723,0.017247567162604404,2023,9999
2023-01-13,-0.049076808580978445,-0.025312841426156085,-0.030130388229233685,0.0048175468030776,2023,9999
2023-01-16,-0.07937575030012005,-0.01726605345302944,-0.016352617576329033,-0.0009134358767004074,2023,9999
2023-01-17,-0.18924824130884155,-0.015009933778365837,0.009481055217190448,-0.024490988995556285,2023,9999
2023-01-30,-0.47591836734693876,-0.015782666473557326,0.009891707441672448,-0.025674373915229774,2023,9999
2023-01-31,-0.3714855099632577,-0.0065405967984553445,0.012261463408201178,-0.01880206020665652,2023,9999
2023-02-01,0.02160968116206612,0.00644684143726445,0.01119358126508747,-0.00474673982782302,2023,9999
2023-02-02,0.09157702661346685,0.003834243705662821,0.003757589189487753,7.665451617506775e-05,2023,9999
2023-02-03,-0.24139255702280912,-0.006363109388821231,0.020817940336287043,-0.027181049725108274,2023,9999
2023-02-06,-0.15668667466986794,-0.0191452010575316,-0.00649396082097029,-0.012651240236561312,2023,9999
2023-02-07,0.10338535414165667,-0.01000899353506518,-0.02394646607189037,0.013937472536825191,2023,9999
2023-02-08,0.4160864345738295,0.005837062130690273,-0.010872088543276193,0.016709150673966465,2023,9999
2023-02-09,0.4594438862857657,0.02327080018761174,-0.0048638099348193185,0.02813461012243106,2023,9999
2023-02-10,0.08639277741583315,0.023123275092740557,0.027693306632790814,-0.004570031540050257,2023,9999
2023-02-13,-0.02108144451143783,0.01436119706309571,0.015810352436208198,-0.0014491553731124877,2023,9999
2023-02-14,0.06012149152973094,0.013062400106994054,0.016829086419607276,-0.0037666863126132218,2023,9999
2023-02-15,0.046772954337449775,0.012045796504830142,0.0013804476673831777,0.010665348837446964,2023,9999
2023-02-16,0.010804321728691477,0.01528301101588978,0.016793109945956897,-0.0015100989300671167,2023,9999
2023-02-17,0.05426431047363269,0.005394189544348893,0.015030433799807308,-0.009636244255458415,2023,9999
2023-02-20,-0.14256902761104442,0.001271505956167307,0.02172242401723625,-0.020450918061068944,2023,9999
2023-02-21,-0.22478330818743653,-0.006405832085070706,0.01869268492116475,-0.025098517006235457,2023,9999
2023-02-22,-0.3424249699879952,-0.021618080166133858,0.0007188527024221791,-0.022336932868556036,2023,9999
2023-02-23,-0.30833133253301315,-0.009826150637290709,0.011005453901549445,-0.020831604538840153,2023,9999
2023-02-24,-0.24193238598775355,-0.013040540330645656,-0.007020013099744415,-0.006020527230901241,2023,9999
2023-03-01,-0.12921968787515006,-0.001646795958981051,0.0045123068287895585,-0.00615910278777061,2023,9999
2023-03-02,-0.04807068949009739,0.00020486605427449955,0.008863520845319717,-0.008658654791045217,2023,9999
2023-03-03,0.015847099518848485,-0.002833104492500438,-0.0055230683006692646,0.0026899638081688266,2023,9999
2023-03-06,0.09570228091236495,-0.0026440313654006566,-0.011633453857737508,0.008989422492336852,2023,9999
2023-03-07,-0.003745588130446496,-0.0007970402569259516,-0.008837459723793795,0.008040419466867843,2023,9999
2023-03-08,0.005378280392435994,-0.0073178563446254065,-0.0075915559048374106,0.00027369956021200403,2023,9999
2023-03-09,-0.12283903202792251,-0.011880469584368147,-0.008916351734187266,-0.002964117850180881,2023,9999
2023-03-10,0.32494597839135647,0.005371072557173973,-0.004929607822649151,0.010300680379823124,2023,9999
2023-03-13,0.173109243697479,0.00806422577648549,-0.005666199113779335,0.013730424890264825,2023,9999
2023-03-14,0.17725591975339827,0.008468863668797599,0.0012573116867834687,0.00721155198201413,2023,9999
2023-03-15,-0.02727556484735397,0.0015132720283766222,0.01780116956428145,-0.016287897535904827,2023,9999
2023-03-16,-0.32721073744695417,-0.0046028034558187715,0.020477053602218586,-0.025079857058037357,2023,9999
2023-03-17,-0.2630972388955582,-0.00040277177764169725,0.019649628858750635,-0.020052400636392333,2023,9999
2023-03-20,-0.35260504201680665,-0.01824334457078063,-0.0016776980596770908,-0.016565646511103538,2023,9999
2023-03-21,-0.07966577831295817,-0.007449685087012004,-0.005677669088722026,-0.0017720159982899776,2023,9999
2023-03-22,0.03423769507803121,0.005806718335239181,0.00909795692330705,-0.003291238588067869,2023,9999
2023-03-23,0.18920476395231223,0.011617040342734175,0.00297809175123539,0.008638948591498784,2023,9999
2023-03-24,-0.10405762304921969,0.004433833631655293,0.0020505841872164752,0.002383249444438818,2023,9999
2023-03-27,-0.053734783563713195,-0.0034862739060455895,-0.0033230999870418,-0.0001631739190037897,2023,9999
2023-03-28,0.047202881152460976,0.0009396588552130103,0.0010267521474060515,-8.709329219304114e-05,2023,9999
2023-03-29,0.20543110284679628,0.001996189909770618,-0.009312581379589912,0.01130877128936053,2023,9999
2023-03-30,0.026843381601533222,0.0022195916470691634,0.0032626258545372933,-0.0010430342074681299,2023,9999
2023-03-31,-0.05267707082833133,-1.7949699596331303e-05,0.005065543673927664,-0.005083493373523995,2023,9999
2023-04-06,-0.35674325924470535,0.0105781350474484,0.029709561808820582,-0.01913142676137218,2023,9999
2023-04-07,-0.1156782713085234,0.019173744262340774,0.022745343107241543,-0.0035715988449007696,2023,9999
2023-04-10,-0.257719087635054,0.008781717184584458,0.018602205688349784,-0.009820488503765325,2023,9999
2023-04-11,-0.007010972654425493,0.007734525779092671,0.0016348641180664258,0.006099661661026245,2023,9999
2023-04-12,-0.06195370345736642,-0.000922537928518885,-0.0014302169583120916,0.0005076790297932066,2023,9999
2023-04-13,0.25663313150357686,0.004262402279363897,-0.014013695649536074,0.01827609792889997,2023,9999
2023-04-14,0.3974549819927971,0.008763145785305482,-0.010978502970004845,0.01974164875531033,2023,9999
2023-04-17,0.5420538309805134,0.0038567746372138445,-0.02559459983130157,0.029451374468515413,2023,9999
2023-04-18,0.3188224850397169,0.00824970610266429,-0.011462144376835025,0.019711850479499315,2023,9999
2023-04-19,0.3974645250731494,0.010550432051099078,-0.0007780257296045479,0.011328457780703627,2023,9999
2023-04-20,0.6040481165754676,0.02929444485169379,-0.007971239468114566,0.037265684319808354,2023,9999
2023-04-21,0.07563206801863116,0.01234183485169955,0.00222777089458448,0.01011406395711507,2023,9999
2023-04-24,0.10684273709483794,0.011822228902829546,0.009867841457007354,0.001954387445822192,2023,9999
2023-04-25,-0.1919946219594499,-0.0018507522352517846,0.017314634697373887,-0.01916538693262567,2023,9999
2023-04-26,-0.23774880556205902,-0.006633400733167793,0.011100025406278302,-0.017733426139446097,2023,9999
2023-04-27,-0.10981992797118847,0.0004351744193848317,-0.0005549241532956551,0.0009900985726804868,2023,9999
2023-04-28,0.2620408163265306,0.0038346112496116525,-0.016304073651105255,0.020138684900716908,2023,9999
2023-05-02,0.01282112845138055,7.396121264373612e-05,0.0009929271471086243,-0.0009189659344648882,2023,9999
2023-05-03,0.009075848162235741,0.0016442546373334865,0.0042644854911270125,-0.0026202308537935258,2023,9999
2023-05-04,0.20777911164465784,-0.0002039386054796033,-0.016206468993513655,0.01600253038803405,2023,9999
2023-05-05,0.2158035007464943,0.005488791522149627,-0.008993685378190541,0.014482476900340168,2023,9999
2023-05-08,0.3808494802893738,0.013469020285598644,-0.0035160711199558768,0.01698509140555452,2023,9999
2023-05-09,-0.09599039615846339,0.003340446321444801,0.013094489098310092,-0.009754042776865292,2023,9999
2023-05-10,0.042593037214885957,0.009110888086468715,0.013051445221259084,-0.003940557134790369,2023,9999
2023-05-11,-0.3372469928221249,-0.00357331031966156,0.01749208384156038,-0.02106539416122194,2023,9999
2023-05-12,-0.09003601440576231,-0.01575891843484407,-0.006494743408792148,-0.009264175026051924,2023,9999
2023-05-15,0.02703546304412022,-0.02051444965834339,-0.01975543122333211,-0.0007590184350112807,2023,9999
2023-05-16,0.173781512605042,-0.015404139933730332,-0.029766114570009394,0.014361974636279062,2023,9999
2023-05-17,0.2215659440241043,-0.0006893827795453556,-0.007615933059682878,0.006926550280137522,2023,9999
2023-05-18,0.11884753901560624,0.005282784983975853,-0.0020215893585035618,0.007304374342479414,2023,9999
2023-05-19,-0.22588777648231176,-0.009100850964202756,0.01801419671592166,-0.027115047680124415,2023,9999
2023-05-22,-0.17080432172869148,-0.01960896576340433,-0.014485289680801627,-0.005123676082602701,2023,9999
2023-05-23,-0.469351004961334,-0.05747284569918235,0.025720435019549136,-0.08319328071873149,2023,9999
2023-05-24,-0.4770937385447263,-0.02723238000356305,0.041125368495841155,-0.06835774849940421,2023,9999
2023-05-25,0.08912578936036793,-0.0022038467963365503,0.010874134119800627,-0.013077980916137176,2023,9999
2023-05-26,0.3989915966386554,0.014983785700212405,-0.00453559826915757,0.019519383969369974,2023,9999
2023-05-29,0.3605368677357986,0.009876838470755489,-0.014657453447896929,0.024534291918652418,2023,9999
2023-05-30,0.0032174414174631774,0.0025796976589160803,0.01071040810916828,-0.0081307104502522,2023,9999
2023-05-31,-0.16192465610084086,0.0025994903570564,0.01480198789864492,-0.01220249754158852,2023,9999
2023-06-01,-0.13344537815126048,0.0024904476724452395,0.00884136554142675,-0.006350917868981509,2023,9999
2023-06-02,0.08701289349191091,0.003962191600800513,-0.0010355184638820348,0.004997710064682548,2023,9999
2023-06-05,0.02910033855193047,0.002940348474730392,0.00807534073936641,-0.0051349922646360185,2023,9999
2023-06-06,-0.07534213685474188,-0.00713821569767803,0.010648094332395474,-0.017786310030073506,2023,9999
2023-06-07,-0.3721365814600605,-0.021506202269489415,0.004339936782016707,-0.025846139051506123,2023,9999
2023-06-08,-0.08918023380711476,-0.00951316094905218,-0.024789550744187427,0.015276389795135247,2023,9999
2023-06-09,-0.3357184022311205,-0.02536341306367882,0.01181781282284392,-0.03718122588652274,2023,9999
2023-06-12,-0.2483672688226799,0.0036609676070231576,0.014598611460314093,-0.010937643853290935,2023,9999
2023-06-13,-0.25623664441105776,0.00018535889176172216,0.04205604510868736,-0.041870686216925634,2023,9999
2023-06-14,0.035054863272127465,0.005744801645116038,0.01658643715721534,-0.010841635512099303,2023,9999
2023-06-15,0.2737640760471215,0.008527039990108731,-0.0020933404775520747,0.010620380467660806,2023,9999
2023-06-16,0.49800720288115247,0.004115821999655112,-0.02352484532272483,0.02764066732237994,2023,9999
2023-06-19,0.3072749099639856,0.010717237518336508,-0.013421782697290875,0.02413902021562738,2023,9999
2023-06-20,0.30422359432544155,0.004440364011462994,-0.007447685899382173,0.011888049910845168,2023,9999
2023-06-21,-0.05656934313091975,0.007752108103299338,0.014293683681842296,-0.006541575578542958,2023,9999
2023-06-26,-0.0060026892116850335,-0.00166186527952068,-0.002612783907800198,0.0009509186282795179,2023,9999
2023-06-27,-0.27952651932473144,0.006339192878380762,0.006689580164721087,-0.00035038728634032533,2023,9999
2023-06-28,-0.10929434083200289,-0.016994722589554413,0.02070869409699295,-0.037703416686547364,2023,9999
2023-06-29,-0.1469458319020496,-0.018252434585710853,0.003475612985911225,-0.021728047571622076,2023,9999
2023-06-30,-0.1428159817244103,-0.007452325446212516,0.024563396010135786,-0.0320157214563483,2023,9999
2023-07-03,0.17647058823529413,0.0040612056152327545,-0.002575016744330039,0.006636222359562793,2023,9999
2023-07-04,0.1797358943577431,0.0014729983347001707,-0.010715057051774623,0.012188055386474793,2023,9999
2023-07-05,-0.09628082309673365,-0.002038583497835922,0.013292685843515561,-0.015331269341351483,2023,9999
2023-07-06,0.3587515006002401,0.0015757100778265754,-0.013202505437427514,0.01477821551525409,2023,9999
2023-07-07,0.4742010613866558,0.028653880197087766,-0.023622910865233448,0.052276791062321214,2023,9999
2023-07-10,0.025738913306657972,-0.004379004386519858,-0.007361800930668449,0.002982796544148591,2023,9999
2023-07-11,-0.22609614473015419,-0.019853245039368785,0.00046495021779621173,-0.020318195257164995,2023,9999
2023-07-12,-0.16993997599039612,-0.00026745397978553684,0.005504491006429202,-0.0057719449862147386,2023,9999
2023-07-13,0.3558703481392557,0.01830820494466966,0.0014514748790207977,0.01685673006564886,2023,9999
2023-07-14,0.07188820599913996,0.0020525647492991685,0.00885181626877477,-0.0067992515194756015,2023,9999
2023-07-17,-0.034574659665659965,0.03597410493355759,0.0296232314175921,0.0063508735159654925,2023,9999
2023-07-18,-0.2876830732292917,0.008801197801863059,0.012971717572039954,-0.0041705197701768955,2023,9999
2023-07-19,0.060363042712704686,0.005517989437206827,-0.0005174819397868013,0.006035471376993629,2023,9999
2023-07-20,0.1276830732292917,-0.0024376984556079505,0.004448115821547416,-0.006885814277155367,2023,9999
2023-07-21,0.2560445629684707,0.006167561843513148,-0.009567715044282787,0.015735276887795933,2023,9999
2023-07-24,0.051236494597839126,0.0031055306246077887,0.002373624575285882,0.0007319060493219069,2023,9999
2023-07-25,-0.033326130288844465,0.012586175936029198,0.009173262756775468,0.00341291317925373,2023,9999
2023-07-26,-0.010660776039952616,0.008937022808619377,0.004076755838337498,0.004860266970281879,2023,9999
2023-07-27,-0.018391798127705233,0.0017856750452889592,0.008742719319212245,-0.006957044273923286,2023,9999
2023-07-28,0.3463874957962762,0.015969741073653333,-0.013066153982670392,0.029035895056323723,2023,9999
2023-07-31,-0.10799519807923168,0.0004319434080282125,0.010836951462541645,-0.010405008054513432,2023,9999
2023-08-01,0.13388076548313887,0.005650430896322778,-0.004483183732935947,0.010133614629258724,2023,9999
2023-08-02,0.2864345738295318,0.004257224232823398,-0.008622002044922005,0.012879226277745404,2023,9999
2023-08-04,0.384969987995198,0.004950694821381463,-0.006717033337254974,0.011667728158636436,2023,9999
2023-08-07,0.4408269107371645,0.00758479001242075,-0.01722229898542632,0.02480708899784707,2023,9999
2023-08-08,0.15380552220888358,0.004799613304586092,-0.0006081533719073384,0.00540776667649343,2023,9999
2023-08-09,-0.008211284513805522,-0.004713324855016155,-0.005060038766926988,0.00034671391191083353,2023,9999
2023-08-10,-0.06343337334933974,-0.014657821191297072,-0.01839378961676049,0.003735968425463419,2023,9999
2023-08-11,-0.2003841536614646,-0.019931995660471345,0.043595023104763965,-0.06352701876523531,2023,9999
2023-08-14,-0.26334998109504576,-0.013508108242946093,0.010711492423243174,-0.024219600666189268,2023,9999
2023-08-15,-0.08019592786811203,-0.000422620187240641,0.012296754139828758,-0.0127193743270694,2023,9999
2023-08-16,-0.036064156783803675,0.00640614747617676,0.022999620210579018,-0.01659347273440226,2023,9999
2023-08-17,-0.03990779445003359,0.0008481736463640699,0.0007602962821555926,8.787736420847738e-05,2023,9999
2023-08-18,0.21162064825930374,0.002594805167071723,-0.02579168421250503,0.028386489379576753,2023,9999
2023-08-21,-0.07395135539599493,-0.01024069595408511,-0.008736914257644623,-0.0015037816964404878,2023,9999
2023-08-22,-0.05987995198079231,-0.008514506926092758,0.009597104840981063,-0.01811161176707382,2023,9999
2023-08-23,-0.08100840336134453,0.005650092887538194,0.009551399797727433,-0.0039013069101892393,2023,9999
2023-08-24,-0.11674029978885052,0.0006405233606418204,0.001992648071151781,-0.0013521247105099609,2023,9999
2023-08-25,-0.1558223289315726,-0.016078430582813264,-0.005941924623643157,-0.010136505959170107,2023,9999
2023-08-28,-0.1714765906362545,0.0009592352692009198,0.011361682228382974,-0.010402446959182054,2023,9999
2023-08-29,0.07639855942376951,0.007706956605785098,-0.003940132249177841,0.01164708885496294,2023,9999
2023-08-30,-0.31233192506239565,-0.00401899259128119,0.016321244228291277,-0.020340236819572467,2023,9999
2023-08-31,-0.13642256902761105,0.00931208817046295,0.015107728359616036,-0.005795640189153085,2023,9999
2023-09-01,-0.13397680620443236,0.007121821273262374,0.010200424336955371,-0.003078603063692997,2023,9999
2023-09-04,0.15507636315026063,0.017256652356584655,0.01587349302048322,0.0013831593361014333,2023,9999
2023-09-05,0.34703481392557023,0.014184977744118355,-0.005175712495088558,0.01936069023920691,2023,9999
2023-09-06,0.36998799519807923,0.007081522451082223,-0.03873114641579899,0.04581266886688121,2023,9999
2023-09-07,-0.05267707082833133,-0.0032290277917718323,-0.008495164761784302,0.005266136970012469,2023,9999
2023-09-08,-0.034095274722370984,-0.009181995766835982,-0.003019452510025811,-0.006162543256810172,2023,9999
2023-09-11,-0.4227333850437068,-0.009789759127896702,0.011844746400026395,-0.0216345055279231,2023,9999
2023-09-12,-0.0922951331630534,0.009050390172119616,0.012836071644223878,-0.0037856814721042627,2023,9999
2023-09-13,0.26446082558587725,0.014436411730417454,-0.00232872694352253,0.016765138673939983,2023,9999
2023-09-14,0.19894835415948503,0.013491064724229507,-0.027936394848095424,0.04142745957232493,2023,9999
2023-09-15,0.384969987995198,0.014989421827941185,-0.022520564185030578,0.037509986012971765,2023,9999
2023-09-18,0.2978631452581032,0.003322265463356777,-0.005287822882820326,0.008610088346177103,2023,9999
2023-09-19,-0.07015606242496998,0.0029520528940252923,0.02600229509546904,-0.02305024220144375,2023,9999
2023-09-20,-0.17118847539015608,0.003983325013106687,0.0312581117804282,-0.027274786767321514,2023,9999
2023-09-21,-0.1277821796810016,0.005803518510290484,0.028875843428184056,-0.023072324917893572,2023,9999
2023-09-22,-0.1422843285963201,-0.0006934683653023299,0.02446935721187481,-0.02516282557717714,2023,9999
2023-09-25,-0.18549819927971187,-0.009472469175573917,0.02273031850409011,-0.03220278767966403,2023,9999
2023-09-26,-0.25618247298919566,-0.014841472875659845,0.03347467797737637,-0.04831615085303621,2023,9999
2023-09-27,-0.2953252179775122,-0.010157573010193011,0.005549851613489332,-0.015707424623682343,2023,9999
2023-09-28,-0.16725090036014406,-0.0037867047117011387,0.014056774354389923,-0.017843479066091062,2023,9999
2023-10-02,-0.16355734836283034,-0.0038267687579233377,0.012377058453526168,-0.016203827211449504,2023,9999
2023-10-03,-0.28086434573829533,-0.01728457282454412,0.004131225728531751,-0.02141579855307587,2023,9999
2023-10-04,0.3202400960384153,-0.007093885196619509,-0.03272544378411737,0.025631558587497858,2023,9999
2023-10-05,0.24999399752698023,-0.007737425951695387,-0.031492282550206564,0.023754856598511176,2023,9999
2023-10-06,0.3605762304921969,0.012511192889305378,-0.026630853002760135,0.03914204589206551,2023,9999
2023-10-11,-0.22618132949629202,-0.004008640151671183,0.0068406499313633075,-0.01084929008303449,2023,9999
2023-10-12,0.21100653116915224,0.0016623240884484525,-0.02445814001080805,0.026120464099256502,2023,9999
2023-10-13,0.35222934534391087,0.0120264406103881,-0.02623169829743176,0.03825813890781986,2023,9999
2023-10-16,0.20928278201582862,-0.00647092559048853,-0.015901947193040035,0.009431021602551505,2023,9999
2023-10-17,0.10867529502106932,-0.013696451381587515,-0.01645423834864541,0.0027577869670578955,2023,9999
2023-10-18,-0.2089315726290516,-0.00969550357011475,0.0007219993334915519,-0.010417502903606301,2023,9999
2023-10-19,-0.28297719087635054,0.003833554448647425,0.029816880617129483,-0.02598332616848206,2023,9999
2023-10-20,-0.20816326530612245,0.012545200533030487,0.028628330689999048,-0.01608313015696856,2023,9999
2023-10-23,-0.25157262905162064,0.004952909105427661,0.015318973361991695,-0.010366064256564035,2023,9999
2023-10-24,-0.09488823263797791,0.01271723874902676,0.009304446931420362,0.0034127918176063976,2023,9999
2023-10-25,-0.023674037798847723,0.007114381189675267,0.00841653694567197,-0.001302155755996703,2023,9999
2023-10-26,0.19472256242257108,0.015090455306528527,-0.0009547223856562926,0.01604517769218482,2023,9999
2023-10-27,0.291689678284567,0.021316311013242106,-0.005196437504554052,0.02651274851779616,2023,9999
2023-10-30,0.3062738602049712,-0.006149879222319532,-0.007866048993983998,0.0017161697716644659,2023,9999
2023-10-31,-0.09714285714285714,-0.0010157902633930681,0.0038249906624016838,-0.004840780925794752,2023,9999
2023-11-01,-0.050373358318440704,-0.005392657501145615,-0.0014858437147328707,-0.003906813786412744,2023,9999
2023-11-02,0.04369852818854245,-0.001758810033945546,-0.00042088293194447735,-0.0013379271020010687,2023,9999
2023-11-03,0.1007923169267707,-0.00022045930638460166,0.005708701337970123,-0.005929160644354725,2023,9999
2023-11-06,0.17464585834333732,-0.0033113464790879175,0.00168467815420672,-0.004996024633294637,2023,9999
2023-11-07,-0.17484213311481656,-0.020628091141708594,-0.004755626055433127,-0.015872465086275468,2023,9999
2023-11-08,-0.025642872585364473,-0.012855006045410854,-0.0036583966960021643,-0.009196609349408691,2023,9999
2023-11-09,-0.33316526216715114,-0.02433899905116028,-0.0074431729305543095,-0.016895826120605972,2023,9999
2023-11-10,-0.12547418967587035,-0.0008719829104243182,0.01125233644160315,-0.012124319352027468,2023,9999
2023-11-13,0.264448126081652,0.0013565676596817068,-0.010455235882846492,0.011811803542528199,2023,9999
2023-11-14,0.2063484443408847,0.010499974111856214,-0.0039004064918930492,0.014400380603749263,2023,9999
2023-11-15,0.023050880075171573,6.305416580524304e-05,0.001747579025631263,-0.0016845248598260198,2023,9999
2023-11-16,0.1287394957983193,0.008164508606560783,0.007555667777583375,0.0006088408289774087,2023,9999
2023-11-17,-0.13330452115537786,0.003936394815859445,0.01683252515335377,-0.012896130337494326,2023,9999
2023-11-20,0.19150979660959927,0.008721844076426611,-0.005460457918331751,0.014182301994758362,2023,9999
2023-11-21,0.20913369213510655,0.004145211126683435,-0.013681088791601658,0.017826299918285094,2023,9999
2023-11-22,0.1874189675870348,0.015246695022573243,-0.01544154254418062,0.030688237566753863,2023,9999
2023-11-23,0.0251140456182473,0.006474138981399746,0.0019192719290768267,0.004554867052322919,2023,9999
2023-11-24,-0.25965855951344313,-0.0006612123265243963,-1.974258772718951e-05,-0.0006414697387972068,2023,9999
2023-11-27,-0.1863625450180072,-0.0015117178193076897,0.012952272994876357,-0.014463990814184048,2023,9999
2023-11-28,-0.09839135654261706,0.0030826689773826854,0.006007565318416808,-0.0029248963410341226,2023,9999
2023-11-29,0.3540456182472989,0.0077838659524819605,-0.012974898246958622,0.02075876419944058,2023,9999
2023-11-30,0.36013062645102517,0.014038566685817077,-0.0065370212585727835,0.02057558794438986,2023,9999
2023-12-01,0.16465786314525807,0.0028353022669306504,0.006065688530586799,-0.0032303862636561486,2023,9999
2023-12-04,0.15299286902054535,0.0024458905743325763,-0.0019348995797334513,0.004380790154066028,2023,9999
2023-12-05,-0.1799279711884754,0.0022257988136269446,0.012277654114787373,-0.010051855301160428,2023,9999
2023-12-06,-0.2546039521490682,0.0016165603543251805,0.009412181032464505,-0.007795620678139325,2023,9999
2023-12-07,0.24840336134453783,-0.003088461291878086,-0.01270643028114773,0.009617968989269643,2023,9999
2023-12-08,0.02761303342338262,-0.0014222794077252798,-0.0009417573817688263,-0.0004805220259564535,2023,9999
2023-12-11,-0.05018007202881152,-0.010535911146937749,0.0067240795721487225,-0.01725999071908647,2023,9999
2023-12-12,0.026699320519592975,-0.012102113562134786,-0.0022763835004827706,-0.009825730061652015,2023,9999
2023-12-13,0.09944777911164465,0.006899585088516258,-0.01079560721529903,0.01769519230381529,2023,9999
2023-12-14,0.062472989195678265,-0.014948185956492267,-0.01007716932967384,-0.004871016626818426,2023,9999
2023-12-15,-0.08129651860744297,-0.004788886425737137,0.010218660921097755,-0.015007547346834892,2023,9999
2023-12-18,-0.3835294117647059,-0.004754899834194482,0.029829029715029397,-0.03458392954922388,2023,9999
2023-12-19,-0.21210084033613444,0.0004799430115381309,0.019868231116201618,-0.019388288104663486,2023,9999
2023-12-20,-0.2660872073755741,0.006546371497996362,0.031518253558618946,-0.024971882060622584,2023,9999
2023-12-21,0.1311436049262741,0.001621967664210766,-0.010740953953648224,0.01236292161785899,2023,9999
2023-12-22,-0.02559423769507803,-0.007206867361723823,-0.008817893351528527,0.0016110259898047038,2023,9999
2023-12-25,0.1183673469387755,-0.00020364597038122768,-0.004001329083418959,0.003797683113037731,2023,9999
2023-12-26,0.09704914886708164,0.0026545860904548134,-0.008907507623466083,0.011562093713920897,2023,9999
2023-12-27,0.49349339735894354,0.014025950507231322,-0.022407868342655134,0.03643381884988646,2023,9999
2023-12-28,0.18569919345268815,0.005037713078413419,-0.010614318434110693,0.01565203151252411,2023,9999
2023-12-29,0.34157702690172514,0.013067257158654765,-0.011317694635734354,0.02438495179438912,2023,9999
2024-01-02,0.029243697478991592,0.005097477106801007,0.004018129420796768,0.0010793476860042391,2024,9999
2024-01-03,0.13565426170468187,-0.004819507591094618,-0.012495494603007784,0.007675987011913165,2024,9999
2024-01-04,0.13599366135159585,-0.0011665533360760705,-0.018359106704752527,0.017192553368676457,2024,9999
2024-01-05,0.04441776710684273,0.0008876251422182402,-0.008871701633793638,0.009759326776011878,2024,9999
2024-01-08,-0.0385594237695078,0.0046066606826765,0.002549504173811101,0.0020571565088653987,2024,9999
2024-01-09,0.12729891956782713,0.01831245372804081,0.013125255590092467,0.005187198137948344,2024,9999
2024-01-10,0.1695558223289316,0.013608055148624787,0.008042508127098991,0.005565547021525796,2024,9999
2024-01-11,-0.25032412965186074,-0.024100281908976628,0.004168190335198774,-0.0282684722441754,2024,9999
2024-01-12,0.027803121248499398,-0.020432733060259146,-0.016400670818941844,-0.004032062241317302,2024,9999
2024-01-15,0.09992797118847539,-0.02767858542471311,-0.03797681847652758,0.010298233051814466,2024,9999
2024-01-16,-0.27202881152460984,-0.02348320080136814,0.00907593967297149,-0.03255914047433963,2024,9999
2024-01-17,0.008403361344537815,-0.013743543257182711,-0.006992118493743526,-0.006751424763439185,2024,9999
2024-01-18,0.07486194477791117,0.03621503315881155,-0.007111353762386729,0.04332638692119828,2024,9999
2024-01-19,0.17291716686674669,0.008896689454882112,-0.002939880046143728,0.01183656950102584,2024,9999
2024-01-22,0.19865546218487393,-0.01204393853446567,-0.030134737414050383,0.018090798879584712,2024,9999
2024-01-23,0.04989195678271309,-0.01316419660903696,-0.013047022682286214,-0.00011717392675074552,2024,9999
2024-01-24,-0.007827130852340937,-0.004460279929809796,-0.0063340268236799615,0.0018737468938701653,2024,9999
2024-01-25,0.08312124849939975,0.015248325697350972,0.004398577598763753,0.01084974809858722,2024,9999
2024-01-26,0.18300120048019208,0.018094241142495325,0.008109316643310627,0.009984924499184698,2024,9999
2024-01-29,0.04777911164465786,0.026886081340530298,0.017664094053298874,0.009221987287231424,2024,9999
2024-01-30,-0.20614645858343336,0.006065145895050428,0.02372399561449786,-0.017658849719447433,2024,9999
2024-01-31,0.13546218487394956,-0.012063595105562996,-0.029018184456061892,0.016954589350498896,2024,9999
2024-02-01,0.3817046818727491,-0.02197621720719419,-0.05409682032898181,0.03212060312178762,2024,9999
2024-02-02,-0.30564225690276114,-0.03469671286464622,-0.016780581073128242,-0.017916131791517978,2024,9999
2024-02-05,0.019976949696487785,-0.010780325711469285,0.0051486889801360845,-0.01592901469160537,2024,9999
2024-02-15,0.24149439369250553,-0.00495426272480839,0.008907639706345028,-0.013861902431153417,2024,9999
2024-02-16,0.0030252100840336134,0.000652477435906662,-0.0012619038369891754,0.0019143812728958376,2024,9999
2024-02-19,-0.14304921968787515,-0.016939814199020443,-0.005931153773795872,-0.01100866042522457,2024,9999
2024-02-20,-0.27654261704681876,-0.014621594070488918,0.0027768788461555393,-0.017398472916644456,2024,9999
2024-02-21,-0.24259886198738076,-0.021412098152134594,0.015839683286637662,-0.03725178143877225,2024,9999
2024-02-22,-0.01997647002904798,-0.02570273247644388,0.0015519113626659697,-0.02725464383910985,2024,9999
2024-02-23,0.0803361344537815,0.03346561171352813,0.025415297367644685,0.008050314345883446,2024,9999
2024-02-26,-0.1836734693877551,-0.0012588823318460673,0.009169357152500824,-0.010428239484346891,2024,9999
2024-02-27,-0.05181272509003601,0.0006429829761303351,-0.008709366200003421,0.009352349176133756,2024,9999
2024-02-29,0.24897959183673468,-0.014850114727146656,-0.04303994297242403,0.02818982824527737,2024,9999
2024-03-01,0.06621848739495799,-0.0185824329056249,-0.040238513339580395,0.021656080433955494,2024,9999
2024-03-04,-0.07207856133077167,-0.03711885591089339,-0.018246813908619708,-0.01887204200227368,2024,9999
2024-03-05,-0.20960384153661463,-0.04778057584440182,-0.0273250782463895,-0.020455497598012316,2024,9999
2024-03-06,-0.1173109243697479,-0.008177178197008162,-0.0012107380343534314,-0.006966440162654731,2024,9999
2024-03-07,0.07841536614645858,0.01045448956627163,0.009509452062064693,0.0009450375042069359,2024,9999
2024-03-08,-0.2492677070828331,0.012833719498389063,0.019798989211332784,-0.006965269712943721,2024,9999
2024-03-11,0.08773109243697479,-0.030357477291974345,-0.022893754690933167,-0.007463722601041178,2024,9999
2024-03-12,0.057190876350540217,0.0036562129005350275,2.87752611568437e-05,0.003627437639378184,2024,9999
2024-03-13,0.08369747899159663,0.004962218365828419,0.0071717020385075655,-0.0022094836726791467,2024,9999
2024-03-14,-0.007058823529411764,0.0037262696586253365,-0.0017340255264284622,0.005460295185053799,2024,9999
2024-03-15,0.24830732292917165,0.0180413767054625,-0.017395668236637785,0.03543704494210029,2024,9999
2024-03-18,0.023674037798847723,-0.002379192799739027,-0.010937524705407264,0.008558331905668237,2024,9999
2024-03-19,-0.018391356542617046,-0.003922040169403318,-0.004294119999090041,0.00037207982968672296,2024,9999
2024-03-20,-0.12096038415366145,-0.017414673806929903,-0.0035577977457531993,-0.013856876061176703,2024,9999
2024-03-21,-0.07783913565426169,-0.014602710172434951,-0.011546925929036467,-0.0030557842433984843,2024,9999
2024-03-22,0.3507803121248499,0.01208337098340514,-0.02250070183330326,0.0345840728167084,2024,9999
2024-03-25,0.22679471788715486,0.011703317498349509,-0.0036760491821656526,0.015379366680515162,2024,9999
2024-03-26,0.08701289349191091,0.01647974634999383,0.019494397399166363,-0.0030146510491725342,2024,9999
2024-03-27,0.12460984393757503,0.0124639402369368,0.0031027774206284888,0.009361162816308312,2024,9999
2024-03-28,0.03102115297780047,-0.006953147386195369,0.0010721830176015357,-0.008025330403796905,2024,9999
2024-03-29,0.09618247298919569,0.0033470244854364784,-0.0015445856349422305,0.004891610120378709,2024,9999
2024-04-01,0.3441536614645858,0.007102724741932931,-0.011782096112934149,0.01888482085486708,2024,9999
2024-04-02,-0.104921968787515,-0.006433806157581079,-0.007876053556718842,0.0014422473991377634,2024,9999
2024-04-03,0.0021608643457382954,-0.01259953264786392,-0.022369171574197867,0.009769638926333946,2024,9999
2024-04-08,0.24648259303721487,0.0007639819529159375,-0.03098603353066378,0.03175001548357972,2024,9999
2024-04-09,0.11203150138886764,-0.0025847825138296974,-0.005453536028166117,0.0028687535143364197,2024,9999
2024-04-10,0.2919087635054021,0.02507374008600969,-0.01380935638056292,0.038883096466572606,2024,9999
2024-04-11,0.29382953181272503,0.007817862090913851,-0.017379620529294183,0.025197482620208034,2024,9999
2024-04-12,0.06756302521008403,-0.013176160966815731,-0.009359205857606256,-0.003816955109209475,2024,9999
2024-04-15,0.11395231581473762,0.004919019247612166,0.004026824037186872,0.0008921952104252945,2024,9999
2024-04-16,-0.02396158463385354,0.02478844627507958,0.024444152525225648,0.0003442937498539314,2024,9999
2024-04-17,-0.0023530541709805325,0.030223580165974852,0.02676410714351638,0.00345947302245847,2024,9999
2024-04-18,-0.07265306122448979,0.007183331945107818,0.002724301062624046,0.004459030882483772,2024,9999
2024-04-19,-0.24235294117647058,-0.013139935794053547,0.007834656684744257,-0.020974592478797804,2024,9999
2024-04-22,-0.010612244897959183,-0.01719210688692676,-0.02451846789279174,0.007326361005864979,2024,9999
2024-04-23,-0.11318127250900359,-0.004035764822175392,0.00393130327483161,-0.007967068097007002,2024,9999
2024-04-24,0.0015846338535414166,0.0059405938035220094,-0.0016048671647054147,0.007545460968227424,2024,9999
2024-04-25,-0.10377199935762664,-0.0017789080125228285,0.010911828618894105,-0.012690736631416934,2024,9999
2024-04-26,0.048931572629051616,-0.0135260903784996,-0.007882691068612613,-0.005643399309886988,2024,9999
2024-04-29,0.010900360144057623,0.009655245197457751,0.0003861218889041784,0.009269123308553572,2024,9999
2024-04-30,0.18300120048019208,0.012482400745259081,-0.008587012938188221,0.0210694136834473,2024,9999
2024-05-02,-0.09944777911164465,3.690703444905186e-05,-0.001865062835825726,0.0019019698702747777,2024,9999
2024-05-03,0.173109243697479,0.004125020763949117,-0.029692204299831847,0.033817225063780966,2024,9999
2024-05-06,0.11385354141656662,-0.005040004951818911,-0.010612816374270428,0.005572811422451517,2024,9999
2024-05-07,0.04441776710684273,-0.0006532693351154695,-0.012652488777961168,0.011999219442845698,2024,9999
2024-05-08,-0.0640096038415366,0.02952735661648147,0.0359201558320284,-0.006392799215546929,2024,9999
2024-05-09,-0.33441379154396667,-0.020792043673697892,0.03667096224119641,-0.057463005914894304,2024,9999
2024-05-10,-0.027515006002400956,-0.016622436878514658,-0.014190116458270997,-0.002432320420243661,2024,9999
2024-05-13,-0.418391356542617,-0.023803254019602316,0.005765834931685676,-0.029569088951287993,2024,9999
2024-05-14,-0.07745684172320767,-0.0013653738625556855,0.013755176674130532,-0.015120550536686218,2024,9999
2024-05-15,0.16177671068427368,0.005361493234455128,0.010009388261963648,-0.00464789502750852,2024,9999
2024-05-16,0.23582232893157262,0.001780928908487811,-0.007792722963492216,0.009573651871980027,2024,9999
2024-05-17,0.11183673469387755,-0.01564629655863068,-0.03499610196202037,0.019349805403389687,2024,9999
2024-05-20,0.22160864345738293,-0.014158937451229325,-0.03350878280238532,0.019349845351155994,2024,9999
2024-05-21,-0.23371509526773201,0.005282773053364098,0.0060695271625408,-0.0007867541091767022,2024,9999
2024-05-22,-0.2986866432227847,0.013259508953873633,0.027331391269406057,-0.014071882315532424,2024,9999
2024-05-23,-0.21469387755102037,-0.009307875088415152,0.0318041508426396,-0.04111202593105475,2024,9999
2024-05-24,-0.0712124849939976,0.01261223221033717,0.01649592935915025,-0.00388369714881308,2024,9999
2024-05-27,0.19750774334008256,0.01797684434382387,0.004689641807165168,0.013287202536658703,2024,9999
2024-05-28,0.19433373349339736,0.008287465149399076,0.0019256758437919408,0.006361789305607135,2024,9999
2024-05-29,0.04725203487640195,-0.00492129785262595,-0.009993606694161616,0.005072308841535666,2024,9999
2024-05-30,-0.047636197761575946,-0.006326158351855416,-0.006079550738681949,-0.00024660761317346624,2024,9999
2024-05-31,0.32600240096038413,-0.006790412601749141,-0.03590578207867552,0.029115369476926382,2024,9999
2024-06-03,-0.1020408163265306,-0.002021700361005019,-0.015294482657129894,0.013272782296124875,2024,9999
2024-06-04,0.13786314525810325,-0.019989268949658155,-0.026842541229520556,0.006853272279862401,2024,9999
2024-06-05,-0.31150060024009607,-0.03806141440214147,0.007949545857372897,-0.046010960259514365,2024,9999
2024-06-06,-0.057048188448338935,-0.04454145316808715,-0.01846438537416325,-0.0260770677939239,2024,9999
2024-06-07,-0.052004801920768305,-0.02544330459651367,-0.01832313563645399,-0.007120168960059681,2024,9999
2024-06-11,0.13834333733493398,0.004438830839532393,-0.010058522731171304,0.014497353570703697,2024,9999
2024-06-12,0.15764705882352942,0.008594624975846865,-0.010591148395871252,0.019185773371718118,2024,9999
2024-06-13,-0.05546218487394958,-0.0036301943572353166,-0.0006864970047742336,-0.002943697352461083,2024,9999
2024-06-14,-0.1853585920964548,-0.0319535872272001,-0.01204586009471954,-0.019907727132480558,2024,9999
2024-06-17,0.05459783913565427,0.00019962543578269098,-0.01429807251635531,0.014497697952138,2024,9999
2024-06-18,0.1814689428840681,0.009185042832169744,-0.010241575495627497,0.01942661832779724,2024,9999
2024-06-19,-0.14886311800492485,0.027271543969028932,0.026572882842791967,0.000698661126236965,2024,9999
2024-06-20,0.1828091236494598,0.00010960203688892278,-0.00897245939786201,0.009082061434750932,2024,9999
2024-06-21,0.3250978415784972,0.007965461655080797,-0.005994113368253928,0.013959575023334725,2024,9999
2024-06-24,0.1563985594237695,-0.027171046205153593,-0.04008424022594161,0.01291319402078802,2024,9999
2024-06-25,0.39918367346938777,0.006498692830529218,-0.033143072755621394,0.03964176558615061,2024,9999
2024-06-26,0.025114648618250225,-0.0005447826270959522,-0.01050937176805553,0.009964589140959578,2024,9999
2024-06-27,0.1822328931572629,-0.00268469034975225,-0.015211974093803371,0.012527283744051121,2024,9999
2024-06-28,0.11068427370948379,-0.010376104754749704,-0.01583196558594757,0.005455860831197867,2024,9999
2024-07-01,-0.13354141656662666,-0.018091173733112163,-0.01199663117959201,-0.006094542553520153,2024,9999
2024-07-02,-0.12134453781512604,-0.019381778839750174,-0.0015038283071424964,-0.017877950532607677,2024,9999
2024-07-03,-0.04643457382953182,-0.0193674096992546,-0.0240497165160256,0.004682306816770999,2024,9999
2024-07-04,-0.2225690276110444,-0.03168504798557122,0.0020000669686186636,-0.03368511495418989,2024,9999
2024-07-05,-0.20979591836734693,-0.04451077972522366,-0.017092982061415584,-0.027417797663808075,2024,9999
2024-07-08,-0.4025450180072028,-0.0402585416483052,0.0002476475820852975,-0.0405061892303905,2024,9999
2024-07-09,-0.16465786314525807,-0.0072114791171819514,-0.0057641024799881205,-0.001447376637193831,2024,9999
2024-07-10,0.1991356542617047,0.014606197945879706,0.002910488501393249,0.011695709444486457,2024,9999
2024-07-11,0.28086434573829533,0.004078002446105356,-0.01596942708964629,0.020047429535751646,2024,9999
2024-07-12,-0.24878751500600238,0.00975885801574169,0.037530352207763865,-0.027771494192022177,2024,9999
2024-07-15,-0.4987755102040816,-0.0037529111279039685,0.039677595419467894,-0.043430506547371864,2024,9999
2024-07-16,-0.1274909963985594,0.0228822627405015,0.038005104571941575,-0.015122841831440074,2024,9999
2024-07-17,-0.09358943577430971,-0.001605431605190888,0.012209340179132755,-0.013814771784323642,2024,9999
2024-07-18,-0.2587755102040816,0.004480598985259177,0.03666223634146656,-0.03218163735620738,2024,9999
2024-07-19,0.009075848162235741,0.020492202063878896,-0.0007404552821630661,0.02123265734604196,2024,9999
2024-07-22,0.1037239789969799,0.030753581060874814,0.023604862037211106,0.007148719023663708,2024,9999
2024-07-23,-0.05959183673469387,0.009025324595190943,0.00647454539299207,0.0025507792021988726,2024,9999
2024-07-26,-0.1545738295318127,-0.025579301505125752,-0.0010020237434023803,-0.024577277761723373,2024,9999
2024-07-29,-0.09771908763505403,-0.005440959581455129,0.007102896437605599,-0.012543856019060728,2024,9999
2024-07-30,0.22343337334933971,0.03974979908785749,0.03619936833903903,0.003550430748818459,2024,9999
2024-07-31,0.2717406962785114,0.06926924429996958,0.02153178633801871,0.04773745796195088,2024,9999
2024-08-01,0.37210084033613444,0.021404348101953553,-0.025726136721423664,0.047130484823377214,2024,9999
2024-08-02,0.2788542342756769,-0.0038040879311896257,-0.04377909710716871,0.039975009175979084,2024,9999
2024-08-05,0.48523409363745496,0.009302644748217414,-0.03907310491354486,0.04837574966176228,2024,9999
2024-08-06,0.5484273709483793,0.01756328522126154,-0.014154499245584118,0.03171778446684566,2024,9999
2024-08-07,0.5257623049219687,0.03785855281677915,-0.023380130717687075,0.06123868353446622,2024,9999
2024-08-08,0.2802881152460984,0.006899557492879516,-0.011990065400779903,0.01888962289365942,2024,9999
2024-08-09,0.12437572046611388,0.018295226596630142,0.006407640216448929,0.011887586380181213,2024,9999
2024-08-12,0.16686674669867946,-0.0039115035179367545,-0.012664761670260104,0.00875325815232335,2024,9999
2024-08-13,0.17714711042586054,-0.007456243756003578,-0.01417508695875035,0.006718843202746772,2024,9999
2024-08-14,-0.00552220888355342,-0.00989731935017354,-0.01478548521912516,0.004888165868951621,2024,9999
2024-08-15,-0.1185594237695078,-0.009703904828340548,-0.0015573164381923576,-0.008146588390148191,2024,9999
2024-08-16,-0.010516206482593037,0.0023687977030786623,0.0017008525623448789,0.0006679451407337834,2024,9999
2024-08-19,-0.28268907563025214,-0.0016816228884531047,0.02111994403500166,-0.022801566923454763,2024,9999
2024-08-20,0.020504201680672268,0.007627025590916181,0.004692792151070424,0.0029342334398457575,2024,9999
2024-08-21,0.12528211284513804,0.009896344713477412,0.012030381570552673,-0.0021340368570752603,2024,9999
2024-08-22,0.18271308523409363,0.0015587047171086942,-0.012099574715393701,0.013658279432502396,2024,9999
2024-08-23,-0.21503517497614627,0.0006582526443973502,0.006599827483555709,-0.005941574839158359,2024,9999
2024-08-26,0.16254501800720286,-0.0006475753795011308,-0.013191970868848157,0.012544395489347026,2024,9999
2024-08-27,0.36153661464585835,0.00916937622045425,-0.010950761817958588,0.020120138038412838,2024,9999
2024-08-28,0.04605042016806723,0.002950364160953256,0.0006819153052715187,0.0022684488556817374,2024,9999
2024-08-29,-0.12480192076830732,-0.02285394390250197,0.0012823410956153802,-0.02413628499811735,2024,9999
2024-08-30,-0.09867947178871549,-0.017310728890601524,0.013744245208199345,-0.03105497409880087,2024,9999
2024-09-02,-0.27010804321728693,-0.025946180786403084,0.01878677494536666,-0.04473295573176975,2024,9999
2024-09-03,-0.17445378151260504,-0.025843496296492276,-0.0036019505251972173,-0.022241545771295057,2024,9999
2024-09-04,-0.07601623090380516,-0.00338993710060449,0.002168452154752676,-0.005558389255357166,2024,9999
2024-09-05,0.028283313325330132,-0.006038224926938884,-0.0020569916307986323,-0.003981233296140252,2024,9999
2024-09-06,0.05651860744297719,-0.0039703757907453285,-0.01169317058095426,0.007722794790208931,2024,9999
2024-09-09,-0.1828091236494598,-0.025208406003674223,-0.014326195275150933,-0.01088221072852329,2024,9999
2024-09-10,-0.11452581032412965,-0.012153706969670098,-0.0056259080299662315,-0.006527798939703866,2024,9999
2024-09-11,-0.5015606242496999,-0.01405361620183133,0.013878864592786621,-0.02793248079461795,2024,9999
2024-09-12,0.20134453781512604,-0.0022793359376842904,-0.016542313216045944,0.014262977278361655,2024,9999
2024-09-13,-0.46266506602641055,-0.018767924592083086,0.004487993954703407,-0.02325591854678649,2024,9999
2024-09-16,-0.04057623049219687,-0.014782796906766505,-0.007602461364032665,-0.00718033554273384,2024,9999
2024-09-18,0.10252346998081115,-0.003161511499698122,-0.005226528549338372,0.00206501704964025,2024,9999
2024-09-19,-0.1515042378404961,-0.0077671888983163575,-0.0076357400629125435,-0.000131448835403814,2024,9999
2024-09-20,-0.11875150060024009,-0.01912341205238107,-0.014324537827539873,-0.004798874224841198,2024,9999
2024-09-23,-0.19318127250900358,-0.007648177497866527,0.03678608682871034,-0.044434264326576864,2024,9999
2024-09-24,0.05911164465786314,0.0234885536774453,0.029961065934862217,-0.006472512257416917,2024,9999
2024-09-25,-0.002064825930372149,0.007886951437759781,0.02070039006271307,-0.012813438624953289,2024,9999
2024-09-26,0.27472448326005644,0.0026272502822072496,-0.020362372187532785,0.022989622469740033,2024,9999
2024-09-27,-0.05104441776710684,-0.010704371321957062,-0.022617692488437736,0.011913321166480674,2024,9999
2024-09-30,0.14765906362545017,-0.014627255714854005,-0.019222737830222013,0.004595482115368008,2024,9999
2024-10-01,0.050756302521008406,-0.019657894706454737,-0.030101925182143753,0.010444030475689016,2024,9999
2024-10-04,0.3800811545190259,-0.0038413531101030183,-0.04076146349867878,0.03692011038857576,2024,9999
2024-10-07,-0.04633853541416567,-0.007312872736913889,-0.012507995632393066,0.005195122895479177,2024,9999
2024-10-08,-0.15198079231692677,-0.011808154282535333,-0.011617654265741805,-0.00019050001679352807,2024,9999
2024-10-09,-0.27500600240096035,-0.02829052007253815,-0.009795761240781109,-0.01849475883175704,2024,9999
2024-10-11,-0.20451380552220885,-0.006169993180784927,0.010414133072672516,-0.016584126253457444,2024,9999
2024-10-14,-0.1799279711884754,-0.02125941091826632,-0.01677876537785552,-0.004480645540410801,2024,9999
2024-10-15,-0.0846578631452581,-0.003910128046254657,-0.0029650385528432466,-0.0009450894934114103,2024,9999
2024-10-16,-0.2908523409363745,-0.017525949128525,0.016063855003641447,-0.033589804132166445,2024,9999
2024-10-17,-0.16307714475636284,0.008412613188369344,0.010466324389623216,-0.0020537112012538727,2024,9999
2024-10-18,0.2677070828331332,0.019026927526335845,-0.0006237366175227743,0.01965066414385862,2024,9999
2024-10-21,0.01018104981244136,0.004303206877448474,-0.0017146416382113673,0.0060178485156598405,2024,9999
2024-10-22,-0.16629051620648258,-0.009318096722683833,-0.006226754499191922,-0.0030913422234919103,2024,9999
2024-10-23,0.39409363745498194,0.02027285694196984,-0.0016387642991652408,0.021911621241135083,2024,9999
2024-10-24,-0.11083631502811665,0.0047491993146048465,0.009617943889825486,-0.00486874457522064,2024,9999
2024-10-25,-0.08773109243697479,0.002951236976734073,0.010155284040500123,-0.00720404706376605,2024,9999
2024-10-28,-0.09301320528211285,-0.007636287695615607,0.00923361570549024,-0.01686990340110585,2024,9999
2024-10-29,0.46464500961795246,0.020296315591686133,-0.011690208492584852,0.03198652408427098,2024,9999
2024-10-30,0.4906122448979591,0.028392665571691022,-0.014609942316118164,0.043002607887809186,2024,9999
2024-11-01,0.26482593037214885,0.005535061433341893,-0.01808804831943802,0.02362310975277991,2024,9999
2024-11-04,0.2811524609843938,0.005073183598803088,-0.024211915285414963,0.029285098884218052,2024,9999
2024-11-05,0.1987515006002401,-0.0065089420874488765,-0.01953064598563653,0.013021703898187654,2024,9999
2024-11-06,-0.11010804321728691,-0.015467346334079913,-0.003568887426870171,-0.011898458907209742,2024,9999
2024-11-07,0.5251860744297718,0.01414281761841919,-0.023258541495130645,0.03740135911354983,2024,9999
2024-11-08,-0.05142857142857142,0.013877024778955938,0.011685695481945502,0.002191329297010436,2024,9999
2024-11-11,-0.014837935174069627,0.00486502012166552,0.017651176642070963,-0.012786156520405444,2024,9999
2024-11-12,-0.3262905162064826,-0.0018015448967322102,0.021677929404206753,-0.023479474300938965,2024,9999
2024-11-13,-0.15597013138064383,-0.0050271282162063224,0.008925466661654979,-0.013952594877861301,2024,9999
2024-11-14,-0.03817527010804322,-0.002420153663359659,0.011564047569849389,-0.013984201233209047,2024,9999
2024-11-15,0.11241296518607442,0.0076360866310155595,-0.003862720218316984,0.011498806849332544,2024,9999
2024-11-18,0.18569027611044414,0.007802625170485256,-0.0035436529071714686,0.011346278077656724,2024,9999
2024-11-19,-0.01915966386554622,-0.01101454514044441,-0.008736112070171387,-0.0022784330702730234,2024,9999
2024-11-20,-0.2099879951980792,-0.003957016532720026,0.013903057481742453,-0.01786007401446248,2024,9999
2024-11-21,0.21623049219687873,0.012546077507630838,-0.004316813119929652,0.016862890627560488,2024,9999
2024-11-22,0.247544959133996,0.012688678725369029,0.002102394526589324,0.010586284198779706,2024,9999
2024-11-25,0.48375711315535896,0.023937216373757186,-0.0166429350829837,0.04058015145674089,2024,9999
2024-11-26,0.26569027611044416,-0.003308526128451472,-0.014544437974226655,0.011235911845775182,2024,9999
2024-11-27,0.03515090399342096,-0.023507972957020305,-0.01639435350378656,-0.007113619453233744,2024,9999
2024-11-28,0.21690276110444176,-0.017608531762450353,-0.024167007002133634,0.006558475239683281,2024,9999
2024-11-29,0.26108043217286914,0.0008263101416390195,-0.018798896270066347,0.019625206411705367,2024,9999
2024-12-02,0.1300840336134454,0.002852835484864458,-0.006266553823099719,0.009119389307964177,2024,9999
2024-12-03,0.21517406962785113,-0.005438027457206685,-0.00843498531582677,0.0029969578586200854,2024,9999
2024-12-04,-0.01920814425869998,-0.004004667026834996,-0.0007078556608271613,-0.0032968113660078345,2024,9999
2024-12-05,-0.12902761104441776,0.0129125922516509,0.017442734474645914,-0.004530142222995014,2024,9999
2024-12-06,-0.08004801920768306,0.015518343615689078,0.009617579723309577,0.005900763892379502,2024,9999
2024-12-09,0.026554621848739496,-0.007773059561586071,-0.016639426059958173,0.008866366498372101,2024,9999
2024-12-10,0.039711884753901555,-0.019493972521710902,-0.015978774222081493,-0.0035151982996294087,2024,9999
2024-12-11,0.13709483793517407,-0.015742587700990983,-0.02094126095622654,0.005198673255235556,2024,9999
2024-12-12,-0.18569027611044414,-0.02384413479477565,-0.01832997775782035,-0.005514157036955302,2024,9999
2024-12-13,0.052004801920768305,0.007728837957924761,0.0012568976501602601,0.0064719403077645,2024,9999
2024-12-16,0.40216086434573833,0.0283767391559277,0.0035582469946905835,0.024818492161237115,2024,9999
2024-12-17,-0.12547418967587035,0.005050327644467167,0.0034379366609357475,0.00161239098353142,2024,9999
2024-12-18,0.052292917166866744,-0.0028672555184520608,-0.018724296518526695,0.015857041000074634,2024,9999
2024-12-19,0.12960384153661464,0.0004604271256623216,-0.008585736750392836,0.009046163876055158,2024,9999
2024-12-20,0.27894357743097237,-0.005425378874430953,-0.012692934276585622,0.007267555402154669,2024,9999
2024-12-23,-0.0013925570228091237,0.0001196751485709191,0.000352555830791923,-0.0002328806822210039,2024,9999
2024-12-24,0.3195678271308523,0.0023030317881962414,-0.006007646265152167,0.008310678053348407,2024,9999
2024-12-25,-0.08657863145258103,-0.01673752229258193,-0.006766243485973422,-0.009971278806608506,2024,9999
2024-12-26,-0.4115726290516207,-0.016331928370059555,0.006374819901314899,-0.022706748271374453,2024,9999
2024-12-27,-0.007635054021608643,0.002779385300402226,0.0010798498894879938,0.0016995354109142324,2024,9999
2024-12-30,0.016086434573829533,-0.007057732585413723,-0.005509822291440314,-0.0015479102939734094,2024,9999
2024-12-31,0.10751500600240095,-0.017848314648022702,-0.027620469666844772,0.00977215501882207,2024,9999
2025-01-02,0.37690276110444176,0.007637237898235738,-0.028590257498402005,0.03622749539663774,2025,9999
2025-01-03,0.3045858343337335,0.004407542255527796,-0.011740880947339171,0.01614842320286697,2025,9999
2025-01-06,0.08595850951132968,-0.0042402062346333595,-0.020658894842857677,0.01641868860822432,2025,9999
2025-01-07,0.17499039589904206,-0.020572864419718097,-0.04271990568182575,0.022147041262107654,2025,9999
2025-01-08,0.17599039615846337,-0.008679186067028,-0.020600407973446155,0.011921221906418155,2025,9999
2025-01-09,-0.2044706956338613,-0.007371185609724118,0.026655421297233008,-0.03402660690695713,2025,9999
2025-01-10,-0.09003601440576231,0.005886561934476342,0.010740328039958636,-0.004853766105482294,2025,9999
2025-01-13,-0.12326530612244897,-0.007727754906333817,0.016014147581672,-0.02374190248800582,2025,9999
2025-01-14,0.01013205282112845,-0.0001111554637540757,0.018142356021990103,-0.018253511485744178,2025,9999
2025-01-15,-0.05478991596638655,-0.007160184230361122,0.006020366403963817,-0.013180550634324939,2025,9999
2025-01-16,-0.1557300295774101,-0.0034824948621591688,0.01080008447776536,-0.01428257933992453,2025,9999
2025-01-17,0.5203006076075357,0.023668797962603495,-0.013448611838787483,0.03711740980139098,2025,9999
2025-01-20,0.2646882278848857,0.01627044754253105,-0.015954041798957763,0.03222448934148882,2025,9999
2025-01-21,0.00048021513693480256,-0.004123389067747185,-0.0014155362638749614,-0.002707852803872224,2025,9999
2025-01-22,-0.265216451852,-0.03686580855900038,0.001730365400539602,-0.03859617395953998,2025,9999
2025-02-03,-0.021368547418967588,-0.015153368148325552,-0.01645073682125996,0.001297368672934408,2025,9999
2025-02-04,0.15452952056124133,-0.006380943448957066,-0.012545988465631264,0.006165045016674198,2025,9999
2025-02-05,-0.3328291196426239,0.0031862275695397234,0.023099266478634074,-0.01991303890909435,2025,9999
2025-02-06,-0.437849648377066,-0.0012563009102295685,0.03297673543558135,-0.034233036345810916,2025,9999
2025-02-07,-0.02578631452581032,0.020183172814039717,0.020199994110985654,-1.6821296945936787e-05,2025,9999
2025-02-10,-0.33205282112845136,0.024594196155603952,0.04131619646009699,-0.016722000304493036,2025,9999
2025-02-11,0.0041776710684273705,0.05303538388149466,0.023497730814214822,0.02953765306727984,2025,9999
2025-02-12,-0.26555259437652723,0.03888901267464172,0.052139558068709776,-0.013250545394068058,2025,9999
2025-02-13,-0.22141656662665066,-0.0010839066729522394,0.021835104099673763,-0.022919010772626,2025,9999
2025-02-14,-0.27942376950780307,-0.005828028846418365,0.007603756069008094,-0.013431784915426459,2025,9999
2025-02-17,0.01978438858646098,0.015692768867154604,0.023150761729864668,-0.007457992862710063,2025,9999
2025-02-18,0.20192076830732295,0.01074426242177301,0.014713381880956089,-0.003969119459183079,2025,9999
2025-02-19,0.00038416288517399965,0.010698229462657183,0.005918985861076587,0.004779243601580597,2025,9999
2025-02-20,0.16648259303721488,0.025177094124419142,0.013111984334862003,0.01206510978955714,2025,9999
2025-02-21,0.1648499399759904,0.016522342053487425,0.01048689156110919,0.006035450492378235,2025,9999
2025-02-24,0.23543817527010802,0.024497231130384267,0.011484527266022981,0.013012703864361286,2025,9999
2025-02-25,0.2861053087333362,0.016644814655184758,-0.007864489199582903,0.024509303854767663,2025,9999
2025-02-26,-0.009171668667466985,0.009429967772040904,0.011405624793907453,-0.001975657021866549,2025,9999
2025-02-27,-0.18540216086434572,0.0072344208377738695,0.01684726369922309,-0.009612842861449221,2025,9999
2025-03-03,-0.43525654890214155,-0.0029029666319279946,0.010996377857390405,-0.0138993444893184,2025,9999
2025-03-04,0.09906362545018006,0.0066412123745782535,0.008827203053273303,-0.0021859906786950494,2025,9999
2025-03-05,0.469483793517407,0.031389149362742355,-0.0049770806980091176,0.03636623006075147,2025,9999
2025-03-06,0.26415366146458585,0.014091080811772438,0.004198326642437911,0.009892754169334527,2025,9999
2025-03-07,-0.02799519807923169,0.0029421087852917528,0.013963010939530762,-0.01102090215423901,2025,9999
2025-03-10,0.04196979520525946,0.027118611245071245,0.011536250040150586,0.01558236120492066,2025,9999
2025-03-11,-0.12633853541416568,0.008286043057388726,0.0038536139221408416,0.004432429135247884,2025,9999
2025-03-12,0.09589435774309724,0.020972580742322288,0.003952070496289961,0.01702051024603233,2025,9999
2025-03-13,-0.06766068815127069,0.0031915264710978496,0.005410449561976316,-0.002218923090878466,2025,9999
2025-03-14,0.1033398161118059,0.008462764843341308,-0.0007850149109839167,0.009247779754325225,2025,9999
2025-03-17,0.04739495798319327,0.006964118920684115,0.003503271173556788,0.003460847747127327,2025,9999
2025-03-18,0.04230492196878751,0.0013263544728443599,-0.004428268181815709,0.005754622654660069,2025,9999
2025-03-19,0.030012004801920768,-0.010557911247328921,-0.017674405810708615,0.007116494563379695,2025,9999
2025-03-20,-0.10012485605090633,-0.016138240930704074,-0.010846347547829805,-0.005291893382874269,2025,9999
2025-03-21,0.23476590636254502,0.004156432240366359,-0.00813273879093288,0.012289171031299239,2025,9999
2025-03-24,0.2000960384153661,0.03152457738071761,0.015739425208868986,0.015785152171848622,2025,9999
2025-03-25,0.47842685312356975,0.041164236317003756,-0.009074471296145813,0.050238707613149566,2025,9999
2025-03-26,0.5302408222614129,0.02555926477710414,-0.017483113592890287,0.04304237836999443,2025,9999
2025-03-27,0.4611284513805522,0.006560043373815594,-0.035058385196190346,0.04161842857000594,2025,9999
2025-03-28,0.25959806965633025,0.010377835048701201,-0.012001814867412064,0.022379649916113263,2025,9999
2025-03-31,-0.06228240775883469,0.028119811038398203,0.03479724130929822,-0.006677430270900016,2025,9999
2025-04-01,0.208936589174009,0.02666568057622115,0.00046239227204022406,0.02620328830418093,2025,9999
2025-04-02,0.4256902761104442,0.05113752625111099,-0.059153410140025696,0.11029093639113668,2025,9999
2025-04-07,-0.1766231273646204,-0.042862592950925406,-0.025012309336173412,-0.017850283614751994,2025,9999
2025-04-08,0.5936614645858344,0.06080333365893616,-0.040423386120448865,0.10122671977938502,2025,9999
2025-04-09,0.7846046726072474,0.0901762636111005,-0.031849500099210094,0.1220257637103106,2025,9999
2025-04-10,0.5899301305453232,0.06279591862178367,-0.03993933340066071,0.10273525202244438,2025,9999
2025-04-11,0.24273709483793518,0.05073504739591291,0.014260899543140837,0.036474147852772074,2025,9999
2025-04-14,0.06641056422569028,0.010993413097252769,0.01337987594007085,-0.0023864628428180816,2025,9999
2025-04-15,0.08869573579185804,0.016316633478800822,0.013355486509053337,0.002961146969747485,2025,9999
2025-04-16,-0.15342136854741897,-0.006037979761962242,0.005108273539972974,-0.011146253301935216,2025,9999
2025-04-17,-0.11548619447779111,-0.01003383328993226,0.002771693916850371,-0.01280552720678263,2025,9999
2025-04-18,0.3047779111644658,-0.0025081931155374604,-0.006842287037501904,0.004334093921964444,2025,9999
2025-04-21,0.7847779111644657,0.017484258949377773,-0.05218511641046965,0.06966937535984742,2025,9999
2025-04-22,0.6108523409363745,0.024000725388953814,-0.04147378969264777,0.06547451508160158,2025,9999
2025-04-23,0.16936374549819924,-0.010067304407807698,-0.021130793254516944,0.011063488846709246,2025,9999
2025-04-24,0.2238175270108043,0.0037218682255038883,-0.011214261414977588,0.014936129640481476,2025,9999
2025-04-25,0.02314581383173348,-0.00019792559844675762,-0.01627754030047477,0.01607961470202801,2025,9999
2025-04-28,0.09090036014405761,-0.014415574661921482,-0.019058523218734025,0.004642948556812543,2025,9999
2025-04-29,-0.19471788715486196,-0.00919233507351278,0.00940501136454348,-0.01859734643805626,2025,9999
2025-04-30,0.14036014405762304,0.025520592962193944,-0.0001422904741359976,0.025662883436329942,2025,9999
2025-05-02,-0.13142857142857142,0.011329989614010206,0.014843583687493101,-0.003513594073482895,2025,9999
2025-05-05,0.3250654317267425,0.003995898480447823,-0.013820059807252937,0.01781595828770076,2025,9999
2025-05-06,0.20384153661464588,-0.008549955312429048,-0.017334796661281737,0.00878484134885269,2025,9999
2025-05-07,0.4385594237695078,0.021982443581357612,-0.026805433040516614,0.04878787662187423,2025,9999
2025-05-08,0.2518607442977191,0.02227411692321779,-0.01948777011155962,0.041761887034777415,2025,9999
2025-05-09,0.0902782780158899,0.030670253849223894,0.010755436505093474,0.01991481734413042,2025,9999
2025-05-12,-0.043841536614645855,-0.00417987426478601,-0.0016913490371126105,-0.0024885252276733993,2025,9999
2025-05-13,0.17320944085282705,0.02279272668163772,0.0033888221013979036,0.019403904580239818,2025,9999
2025-05-14,0.18200153689829018,0.013141760374661282,-0.001883696780195221,0.015025457154856503,2025,9999
2025-05-15,-0.027419625929294224,0.009257304221396302,0.013772106754616986,-0.004514802533220685,2025,9999
2025-05-16,0.1258613652551316,0.008343685264521904,0.006081889055412714,0.00226179620910919,2025,9999
2025-05-19,0.0028331332533013207,0.005568101605421605,0.011839045726905561,-0.006270944121483956,2025,9999
2025-05-20,0.012533314128801739,-0.0009964453423764175,0.0024043010097939297,-0.003400746352170347,2025,9999
2025-05-21,0.017912024607668137,0.0076988443369504275,0.0011303366103749379,0.006568507726575489,2025,9999
2025-05-22,0.157358943577431,0.0014587182944806876,0.01138542006537151,-0.009926701770890823,2025,9999
2025-05-23,-0.14160864345738294,-0.013862199933327869,0.009963070030952514,-0.02382526996428038,2025,9999
2025-05-26,-0.27327731092436974,-0.0014131613539826947,0.006089385891578458,-0.007502547245561153,2025,9999
2025-05-27,0.028379351740696276,0.006335100918859504,-0.00048223496145483047,0.006817335880314334,2025,9999
2025-05-28,0.2792316926770708,0.02546534236507242,-0.0035815708451186422,0.02904691321019106,2025,9999
2025-05-29,-0.04076830732292917,-0.017183642700305368,-0.007735607073636863,-0.009448035626668506,2025,9999
2025-06-02,0.05133253301320528,-0.019911231362469216,-0.018446453942764264,-0.0014647774197049518,2025,9999
2025-06-03,-0.0463396480241137,-0.01029798330906836,0.005601523542061481,-0.01589950685112984,2025,9999
2025-06-04,0.07265306122448979,0.00021630549729609872,0.0030211468393674056,-0.002804841342071307,2025,9999
2025-06-05,-0.2092727316985363,-0.024780994467525352,-0.009063553253746082,-0.01571744121377927,2025,9999
2025-06-06,0.2469627851140456,-0.0025041719859240086,-0.02339052322791093,0.02088635124198692,2025,9999
2025-06-09,0.11257053749042457,0.00216113376109357,-0.01131522175471913,0.0134763555158127,2025,9999
2025-06-10,-0.06458583433373348,0.005168554763375377,-0.0024383917047279603,0.007606946468103337,2025,9999
2025-06-11,0.22093637454981993,0.0070790083171838655,-0.0006877618044829892,0.007766770121666855,2025,9999
2025-06-12,-0.050373358318440704,-0.015951522309649434,-0.010211042653929182,-0.005740479655720252,2025,9999
2025-06-13,0.1153476758917396,0.00896453419159603,-0.005458781355448983,0.014423315547045013,2025,9999
2025-06-16,-0.018007202881152456,-0.0028688033950503345,-0.015240570905354078,0.012371767510303744,2025,9999
2025-06-17,-0.016278902259248232,-0.006189468577113544,-0.008524775613481994,0.002335307036368451,2025,9999
2025-06-18,0.056038415366146455,-0.0017370326719032604,-0.0023079856285230017,0.0005709529566197413,2025,9999
2025-06-19,0.2896998799519808,0.0015583993815567632,-0.012797899371923526,0.01435629875348029,2025,9999
2025-06-20,0.06333733493397359,-0.0035683672419137722,-0.011046708566108222,0.007478341324194449,2025,9999
2025-06-23,-0.33214885954381757,-0.01545971530831063,-0.006732688026307188,-0.008727027282003441,2025,9999
2025-06-24,-0.42914765906362545,-0.0183839279735572,0.008578841669722559,-0.02696276964327976,2025,9999
2025-06-25,-0.14069965669497736,-0.019967579270458658,-0.007426199201227113,-0.012541380069231545,2025,9999
2025-06-26,-0.24140414933712528,-0.018377597147443914,-0.0011123255934515908,-0.017265271553992323,2025,9999
2025-06-27,-0.0467238109092877,-0.014131052861867055,-0.015255268269256184,0.001124215407389129,2025,9999
2025-06-30,0.01930418497999348,-0.008526339164553564,-0.005435780475272256,-0.0030905586892813084,2025,9999
2025-07-01,0.23822328931572626,0.00697716447387936,-0.008379917691540806,0.015357082165420166,2025,9999
2025-07-02,0.0722689075630252,0.004827367332942467,0.011754193062495866,-0.006926825729553399,2025,9999
2025-07-03,0.4844759309741481,0.010538431037277519,-0.011721050213700568,0.022259481250978087,2025,9999
2025-07-04,0.2691476590636255,-0.004998017406218714,-0.020327558457841066,0.015329541051622353,2025,9999
2025-07-07,0.21776710684273706,0.008816376535386361,-0.01666293505503804,0.0254793115904244,2025,9999
2025-07-08,-0.15313325330132052,-0.02044018433752186,0.00950169818406794,-0.029941882521589802,2025,9999
2025-07-09,0.05133253301320528,-0.002852419138129292,-0.004948522389381427,0.0020961032512521348,2025,9999
2025-07-10,-0.056806722689075634,-0.02038865491243864,-0.011647154877148357,-0.008741500035290284,2025,9999
2025-07-11,0.23276027660391854,0.004581021171731581,-0.015848260539103043,0.020429281710834624,2025,9999
2025-07-14,0.11803404646971138,-0.013569337953355864,-0.017841827773741915,0.004272489820386052,2025,9999
2025-07-15,0.1850704699325743,-0.0008206583203374418,-0.007359576125663836,0.006538917805326394,2025,9999
2025-07-16,0.033949579831932766,0.0021639460864462555,0.004112847851355494,-0.0019489017649092387,2025,9999
2025-07-17,0.0844197940169864,0.0041441767118426285,-0.0042959314470690565,0.008440108158911684,2025,9999
2025-07-18,-0.34829167577087744,-0.011870645567827154,0.03100618828027546,-0.04287683384810261,2025,9999
2025-07-21,-0.24984393757502998,-0.0054575859931461305,0.01621745170433514,-0.02167503769748127,2025,9999
2025-07-22,0.08446781437763316,-0.004163359715474735,0.012723707933564355,-0.016887067649039092,2025,9999
2025-07-23,0.19337334933973588,0.009575623596888117,0.009359396545647946,0.00021622705124017122,2025,9999
2025-07-24,0.18036880543271186,0.01822760431591821,-0.0012757630137144593,0.01950336732963267,2025,9999
2025-07-25,-0.03932773109243697,0.006765443776450197,0.006069536574103496,0.000695907202346701,2025,9999
2025-07-28,-0.1743139091477023,-0.0008713686141876509,0.008290930098215788,-0.00916229871240344,2025,9999
2025-07-29,-0.07889555822328932,-0.0063678470814527155,0.0011857439019949735,-0.0075535909834476885,2025,9999
2025-07-30,0.07870348139255702,0.011141791128128898,0.002078568493863997,0.0090632226342649,2025,9999
2025-07-31,-0.28758703481392556,-0.01614620340176587,0.009731525005026952,-0.02587772840679282,2025,9999
2025-08-04,-0.32620230987337245,-0.025256486538989154,-0.010446288773504208,-0.014810197765484945,2025,9999
2025-08-05,-0.1971188475390156,-0.015151385570142738,-0.013524898786591966,-0.0016264867835507728,2025,9999
2025-08-06,-0.027130852340936373,-0.013039834499732717,-0.006604693075980994,-0.006435141423751723,2025,9999
2025-08-07,0.039761813338201654,0.03705552995386817,0.008358028245506155,0.028697501708362015,2025,9999
2025-08-08,0.11818094519965493,0.015049356001617465,0.0034235839351990705,0.011625772066418395,2025,9999
2025-08-11,0.16792720118168455,0.008633990120589529,0.006827795171495299,0.00180619494909423,2025,9999
2025-08-12,0.026555259437652724,0.0008812580343091292,-0.0014828233106642275,0.002364081344973357,2025,9999
2025-08-13,0.30262431279581825,0.018407745020564924,-0.005824817246968872,0.024232562267533796,2025,9999
2025-08-14,0.03404561824729892,-0.004687236819536966,-0.0022531338359269015,-0.0024341029836100645,2025,9999
2025-08-15,-0.14881152460984393,1.997050678306245e-05,0.009056442796557073,-0.00903647228977401,2025,9999
2025-08-18,-0.06958150257714069,0.0005695549804116462,0.009985593643140079,-0.009416038662728433,2025,9999
2025-08-19,0.2820235780783625,0.03049798502678667,-0.000668436572419906,0.031166421599206573,2025,9999
2025-08-20,0.19992316281045708,0.0018346217160197576,-0.0177122914298821,0.01954691314590186,2025,9999
2025-08-21,0.014069965669497735,-0.0001747083878063216,-0.0072483115660973985,0.007073603178291077,2025,9999
2025-08-22,-0.27482052398134993,-0.007301302946100974,0.011333635699089628,-0.018634938645190603,2025,9999
2025-08-25,-0.34224111032938687,-0.013541602345856163,0.015758569090275964,-0.029300171436132127,2025,9999
2025-08-26,0.1036734693877551,0.003474034243394819,0.008271768721564165,-0.004797734478169346,2025,9999
2025-08-27,0.1634093637454982,-0.011618297921651487,-0.016855482031143888,0.0052371841094924,2025,9999
2025-08-28,0.008691476590636255,-0.009217441435669915,4.853406249286651e-05,-0.009265975498162781,2025,9999
2025-08-29,0.15591836734693876,-0.02007069307848127,-0.01370005669814509,-0.00637063638033618,2025,9999
2025-09-01,0.06636573192438971,-0.0015825503990585022,0.0009696380543218419,-0.002552188453380344,2025,9999
2025-09-02,0.260984393757503,0.008340005295129493,-0.02950021916176061,0.0378402244568901,2025,9999
2025-09-03,0.0013445700981089986,-0.011399837925931721,-0.006585961890705427,-0.004813876035226294,2025,9999
2025-09-04,0.13382953181272508,-0.006303099426272829,-0.02922221338541897,0.022919113959146142,2025,9999
2025-09-05,-0.0346218487394958,-0.03197677608565288,-0.028319269357487964,-0.003657506728164915,2025,9999
2025-09-08,0.3236169807803635,0.007686372364178229,-0.03428989793030148,0.04197627029447971,2025,9999
2025-09-09,-0.10943840191394313,-0.022286975630842643,-0.012099042097269818,-0.010187933533572825,2025,9999
2025-09-10,-0.0658343337334934,0.0028141058657145113,-0.010624277142860083,0.013438383008574594,2025,9999
2025-09-11,-0.06304921968787515,-0.02391270840156502,-0.011587275686230747,-0.012325432715334272,2025,9999
2025-09-12,0.2569507803121248,0.021129956092278013,-0.022777748900180205,0.04390770499245822,2025,9999
2025-09-15,-0.06717887154861946,-0.0016340200768074741,0.027256759718865552,-0.028890779795673026,2025,9999
2025-09-16,0.139015606242497,0.026385248812167673,0.015112226634024895,0.011273022178142779,2025,9999
2025-09-17,0.010660520063578488,0.002626287088250312,-0.010372438811412333,0.012998725899662646,2025,9999
2025-09-18,0.2347715432019605,-0.013476729636060258,-0.03727420549843261,0.023797475862372353,2025,9999
2025-09-19,0.2624249699879952,-0.025394254847767438,-0.03536113684241834,0.0099668819946509,2025,9999
2025-09-22,-0.3468427370948379,-0.028105759761566006,0.004023656948778797,-0.032129416710344805,2025,9999
2025-09-23,-0.3236014405762305,-0.008167066246080623,0.02816305394133789,-0.03633012018741851,2025,9999
2025-09-24,-0.30084033613445377,0.0004481721028373853,0.048883646769897905,-0.04843547466706052,2025,9999
2025-09-25,0.2957093808626862,0.017313613078504254,0.002361174119087006,0.014952438959417247,2025,9999
2025-09-26,0.04345738295318128,-0.015698797487169857,-0.011132017493398006,-0.004566779993771851,2025,9999
2025-09-30,0.19058823529411767,-0.01927776876160301,-0.04361023607448901,0.024332467312886,2025,9999
2025-10-01,0.28624249699879956,-0.003302348711673497,-0.03098882830464018,0.027686479592966683,2025,9999
2025-10-02,0.005138055222088836,0.022581507971285532,-0.013245873268336705,0.03582738123962224,2025,9999
2025-10-03,0.4556542617046819,0.04335981557916019,-0.01824468358713528,0.06160449916629547,2025,9999
2025-10-07,0.1140456182472989,0.009613152775910894,-0.004989876804110593,0.014603029580021487,2025,9999
2025-10-08,0.27137609021832204,-0.009318519030194561,-0.02775397300018876,0.0184354539699942,2025,9999
2025-10-09,0.030062189431369596,-0.0007499940371057723,-0.028754172588799375,0.0280041785516936,2025,9999
2025-10-13,-0.0470119330731682,-0.00012092155937228898,0.007498749856593778,-0.007619671415966068,2025,9999
2025-10-14,0.07428571428571429,0.02347991631342865,-0.006837530956693849,0.030317447270122498,2025,9999
2025-10-15,0.3064105642256902,0.03151083157392807,-0.009410378550519571,0.04092121012444764,2025,9999
2025-10-16,-0.11357087988508081,-0.010672159133260129,-0.0039058535772030336,-0.006766305556057096,2025,9999
2025-10-17,0.2058583433373349,0.006060289703242861,-0.003671549305317212,0.009731839008560072,2025,9999
2025-10-20,-0.029389166380409917,0.03632526296856049,0.012472101741416641,0.02385316122714385,2025,9999
2025-10-21,0.017287329832829983,0.023991563736975585,0.0006614254097369376,0.023330138327238646,2025,9999
2025-10-22,0.033661464585834334,0.010084614402822012,-0.0009864075472135526,0.011071021950035564,2025,9999
2025-10-23,0.21013709819017778,0.013262378040534938,-0.017397066953296847,0.030659444993831785,2025,9999
2025-10-27,0.1309483793517407,0.005844232725714338,-0.018454945175321626,0.024299177901035963,2025,9999
2025-10-28,-0.20758703481392557,-0.022982088596867623,0.004777374204130358,-0.027759462800997982,2025,9999
2025-10-29,0.032125621272675715,-0.0057668643899776665,0.007375487968937944,-0.01314235235891561,2025,9999
2025-10-30,0.06967587034813925,-0.008256087306228177,-5.16312127692986e-06,-0.008250924184951247,2025,9999
2025-10-31,-0.08451786410052527,0.006913411366586286,0.016279823808511795,-0.009366412441925508,2025,9999
2025-11-03,0.028187274909963984,0.013311815591951192,0.009353617885623921,0.003958197706327271,2025,9999
2025-11-04,0.35798319327731093,0.053835718139942146,-0.0084761348729387,0.06231185301288085,2025,9999
2025-11-05,0.34997238839351363,0.023721987332099726,-0.015690041655900534,0.03941202898800026,2025,9999
2025-11-06,-0.057190876350540217,0.009862640712071557,0.023565182133759244,-0.013702541421687687,2025,9999
2025-11-07,0.01205282112845138,0.015790452898426087,0.03213747052693575,-0.016347017628509666,2025,9999
2025-11-10,-0.231218036514101,0.01667887889162676,0.05617633065616954,-0.03949745176454278,2025,9999
2025-11-11,-0.0935436625398689,0.0073172429009988,0.0334536435388106,-0.0261364006378118,2025,9999
2025-11-12,-0.2204561824729892,-0.004873085543885536,0.01854220462761317,-0.023415290171498706,2025,9999
2025-11-13,-0.08984393757503001,0.006951638610509336,0.0074139593577635665,-0.0004623207472542303,2025,9999
2025-11-14,0.13277310924369748,-0.007126011925526132,-0.012131704837492308,0.005005692911966176,2025,9999
2025-11-17,-0.18789915966386553,-0.01722428941858346,0.008261445114600408,-0.025485734533183868,2025,9999
2025-11-18,-0.24888355342136853,-0.011275337341240333,0.0025220821672488737,-0.013797419508489207,2025,9999
2025-11-19,-0.18732742688297155,0.0046803469206323275,0.019475333409260564,-0.014794986488628236,2025,9999
2025-11-20,-0.21124663873761967,-0.0021835311232403787,0.008053927742696709,-0.010237458865937087,2025,9999
2025-11-21,-0.1484309347591041,0.00011932856338021658,-0.0032167391138870015,0.0033360676772672183,2025,9999
2025-11-24,-0.11106842737094838,-0.010553897081548646,-0.0049718475982991174,-0.0055820494832495285,2025,9999
2025-11-25,-0.00936374549819928,0.027758342625739264,0.021029092530331063,0.006729250095408201,2025,9999
2025-11-26,0.06650819949574868,0.021475488440097435,0.01647050661650389,0.005004981823593546,2025,9999
2025-11-27,-0.012053110522334237,0.00857097297567011,0.004521743751467277,0.004049229224202833,2025,9999
2025-11-28,0.42080242034746984,0.01948824598429357,-0.004152471281295855,0.023640717265589428,2025,9999
2025-12-01,-0.09061224489795917,-0.005724881414887461,-0.001978467558262087,-0.0037464138566253745,2025,9999
2025-12-02,0.46141656662665065,0.01799341859220881,-0.03510492582564069,0.0530983444178495,2025,9999
2025-12-03,0.02127250900360144,-0.009901094629639262,-0.015052056746495934,0.005150962116856672,2025,9999
2025-12-04,0.055366146458583426,-0.0077522044911397135,-0.011623227251097967,0.0038710227599582534,2025,9999
2025-12-05,-0.42377968270756833,-0.036882897382456516,0.0033117293852696684,-0.040194626767726185,2025,9999
2025-12-08,0.0474452555291585,-0.004816606943406254,0.0019717405514496633,-0.006788347494855918,2025,9999
2025-12-09,-0.1562064825930372,-0.0021417150736382064,0.012179154976379924,-0.014320870050018131,2025,9999
2025-12-10,0.20816826340366104,0.02450547590620452,0.011093646219636589,0.013411829686567931,2025,9999
2025-12-11,-0.053061224489795916,-0.0009170133140311898,0.010220895130587593,-0.011137908444618783,2025,9999
2025-12-12,-0.2272803669410675,0.003074087657369151,0.029771291138243082,-0.02669720348087393,2025,9999
2025-12-15,0.09599039615846339,-0.016945546549631808,-0.021472436567722374,0.004526890018090566,2025,9999
2025-12-16,0.12585834333733492,0.007723091792482761,-0.001745906093923888,0.00946899788640665,2025,9999
2025-12-17,0.10770708283313324,-0.010719628644098223,-0.011435287015299112,0.0007156583712008887,2025,9999
2025-12-18,-0.11769507803121249,-0.005074105837258758,0.004603751433324421,-0.009677857270583179,2025,9999
2025-12-19,-0.08658071024609017,-0.014868911656083695,-0.0084799745247934,-0.006388937131290295,2025,9999
2025-12-22,-0.04216288902287566,-0.01733172724551555,-0.006320802988190166,-0.011010924257325385,2025,9999
2025-12-23,-0.1506362545018007,-0.014432664116136895,0.0018010787866085897,-0.016233742902745485,2025,9999
2025-12-24,-0.1958270307174463,-0.0070720203470683975,-0.01420233459362764,0.007130314246559243,2025,9999
2025-12-26,-0.19135654261704682,-0.010879213232247243,-0.01197568280588227,0.0010964695736350276,2025,9999
2025-12-29,-0.03616019981119063,-0.048433680875942506,-0.034920197868960154,-0.013513483006982352,2025,9999
2025-12-30,-0.14146798246532535,-0.06721017508473645,-0.05173005580437693,-0.01548011928035952,2025,9999
2025-12-31,-0.258409970176038,-0.04458576113072238,-0.030145617012079184,-0.014440144118643194,2025,9999
2026-01-02,0.17051620648259302,0.006237009634652213,-0.01406831633383312,0.020305325968485333,2026,9999
2026-01-05,0.36736457975512404,0.04745710570023111,-0.015471493708181062,0.06292859940841217,2026,9999
2026-01-06,0.2496518607442977,0.013156742118010944,-0.02185623871950514,0.03501298083751608,2026,9999
2026-01-07,0.19938053740530579,-0.010309059034072855,-0.031511744118085314,0.02120268508401246,2026,9999
2026-01-08,-0.07611227162509868,-0.005499729461400227,-0.014691318083044237,0.00919158862164401,2026,9999
2026-01-09,-0.17993229134337207,0.0045320652622224625,0.001874054741751796,0.0026580105204706663,2026,9999
2026-01-12,-0.009843937575030014,-0.012558749130828172,-0.01215061296905634,-0.00040813616177183196,2026,9999
2026-01-13,0.08043217286914765,0.01678779941597055,-0.017926108314668954,0.0347139077306395,2026,9999
2026-01-14,0.1038655462184874,0.005120152073437956,-0.031813821389460276,0.03693397346289823,2026,9999
2026-01-15,-0.0968547418967587,-0.013241077314894389,0.0037808932901501114,-0.0170219706050445,2026,9999
2026-01-16,-0.18319767586735106,-0.01894590877076796,0.003767913810859169,-0.02271382258162713,2026,9999
2026-01-19,-0.030204081632653063,-0.0007682445977785334,0.009395366090072877,-0.01016361068785141,2026,9999
2026-01-20,0.0060984393757503004,-0.0007918805106331362,-0.010735133274343611,0.009943252763710475,2026,9999
2026-01-21,0.30669867947178864,0.0167427894096271,-0.00829294039365559,0.02503572980328269,2026,9999
2026-01-22,-0.03548619447779112,-0.01433357697155967,-0.002663434157093636,-0.011670142814466034,2026,9999
2026-01-23,-0.22295318127250902,-0.017887490755575865,0.007871903995958085,-0.02575939475153395,2026,9999
2026-01-26,-0.005810324129651861,-0.010371288452316652,-0.005963086532774331,-0.004408201919542321,2026,9999
2026-01-27,-0.08120048019207683,0.003396847805143621,0.017839501789658076,-0.014442653984514454,2026,9999
2026-01-28,0.11424043797861815,-0.012509662124161536,-0.010506449238638471,-0.0020032128855230653,2026,9999
2026-01-29,-0.22756302521008404,-0.018653920287052615,0.004916306333839593,-0.02357022662089221,2026,9999
2026-01-30,0.1711925857056636,-0.002006051599017267,-0.007018830958136024,0.0050127793591187575,2026,9999
2026-02-02,-0.18981992797118846,0.022287255869029455,0.0375476446408595,-0.015260388771830048,2026,9999
2026-02-03,-0.12547418967587035,-0.007360422394534783,-0.004197635651485165,-0.0031627867430496174,2026,9999
2026-02-04,0.1007923169267707,-0.018615255124869924,-0.027753632451968324,0.0091383773270984,2026,9999
2026-02-05,0.36566626650660267,0.0058893139725993415,-0.050181948263905894,0.056071262236505236,2026,9999
2026-02-06,0.4028331332533013,-0.0034610022798939434,-0.03636899852775348,0.03290799624785953,2026,9999
2026-02-09,0.13555822328931572,0.004985743401881904,-0.027751264635849638,0.03273700803773154,2026,9999
2026-02-10,0.27442977190876344,0.033341454113104484,-0.031045627931692,0.06438708204479648,2026,9999
2026-02-11,0.01944777911164466,0.021342398042363465,-0.007896596129765033,0.029238994172128496,2026,9999
2026-02-23,-0.06496998799519808,0.024425098684082203,0.018945603321124372,0.005479495362957831,2026,9999
2026-02-24,-0.07995390047683867,0.004229922942771492,0.015261594335105655,-0.011031671392334163,2026,9999
2026-02-25,0.2797118847539015,0.016722283566359186,-0.02846904437193203,0.04519132793829121,2026,9999
2026-02-26,0.17551863254967034,-0.010948137808520742,-0.020125939600656718,0.009177801792135976,2026,9999
2026-03-02,-0.26252100840336134,-0.013502924161421136,0.010278463199518884,-0.023781387360940022,2026,9999
2026-03-03,-0.016134841177307985,0.002554361904793756,-0.009142045512063945,0.0116964074168577,2026,9999
2026-03-04,-0.04782827920416295,0.010314558903625237,0.009751557954312207,0.0005630009493130302,2026,9999
2026-03-05,-0.08917166866746698,-0.010702159580820592,-0.006948813190012404,-0.003753346390808188,2026,9999
2026-03-06,0.30871548619447775,0.010409274340036889,-0.02473158097244125,0.03514085531247814,2026,9999
2026-03-09,0.15889555822328932,0.038646223411863634,0.007346031277031095,0.03130019213483254,2026,9999
2026-03-10,-0.12825930372148858,-0.0033515570875765287,0.00780112911865054,-0.011152686206227069,2026,9999
2026-03-11,-0.4117647058823529,-0.004781085342839752,0.023518989062900307,-0.02830007440574006,2026,9999
2026-03-12,0.14900360144057623,0.020538744971112,-0.024343638640555533,0.044882383611667534,2026,9999
2026-03-13,0.135078031212485,0.008045877860957628,-0.0026531484045518973,0.010699026265509524,2026,9999
2026-03-16,-0.04086434573829532,0.002308769021689816,-0.017903781420186348,0.020212550441876163,2026,9999
2026-03-17,-0.04086532691038421,0.009893569789737867,-0.017884181882211157,0.027777751671949024,2026,9999
2026-03-18,-0.25380588889100786,-0.0030672554196260137,-0.011177688502055106,0.008110433082429092,2026,9999
2026-03-19,0.21325330132052822,-0.00527286159462933,-0.04507694470070891,0.03980408310607958,2026,9999
2026-03-20,0.09858343337334932,-0.004415039291684075,-0.003332263622012821,-0.0010827756696712544,2026,9999
2026-03-23,-0.3683553421368547,0.0083463803471991,0.026400970607799022,-0.018054590260599922,2026,9999
2026-03-24,-0.07870348139255702,0.006879355704784729,0.018664928569898254,-0.011785572865113525,2026,9999
2026-03-25,0.04518607442977191,0.027479080610440097,0.0146579987000246,0.012821081910415498,2026,9999
2026-03-26,0.22036543500793554,-0.004617468833878135,-0.015852518421189066,0.01123504958731093,2026,9999
2026-03-27,0.23755102040816325,0.0029654338507792088,-0.01929898968855055,0.022264423539329756,2026,9999
2026-03-30,0.1908763505402161,-0.01503876949740226,-0.03141866658260284,0.01637989708520058,2026,9999
2026-03-31,0.23572629051620647,0.03260586013079199,-0.026370186367491954,0.058976046498283946,2026,9999
2026-04-01,0.2833613445378151,0.008225166278824603,-0.024951570084968032,0.03317673636379263,2026,9999
2026-04-02,0.2395678271308523,-0.016211493264888244,-0.024044110176052003,0.00783261691116376,2026,9999
2026-04-07,0.26953828431020743,-0.018645537339175143,-0.027230239721783744,0.0085847023826086,2026,9999
2026-04-08,0.1409397584982111,-0.015375232690008022,-0.017070532618292424,0.0016952999282844015,2026,9999
2026-04-09,-0.15155225820114285,-0.025983943636234696,0.013971121791928975,-0.03995506542816367,2026,9999
2026-04-10,-0.3456902761104441,-0.026184902613020644,0.014570220448926308,-0.04075512306194695,2026,9999
2026-04-13,-0.20327018661769253,-0.005315188446193863,0.027067485468241403,-0.032382673914435264,2026,9999
2026-04-14,0.19260966655411405,0.00604004803557111,-0.007537351518400936,0.013577399553972046,2026,9999
2026-04-15,0.06717887154861946,0.028834481300458327,0.0014634165572231406,0.027371064743235186,2026,9999
2026-04-16,0.032414521743099174,0.00730444289537534,0.0012713248718949188,0.006033118023480421,2026,9999
2026-04-17,0.014837935174069627,0.015476298682142398,0.006197363182148108,0.00927893549999429,2026,9999
2026-04-20,0.0005282112845138055,-0.03018534373477022,0.008447376382603067,-0.03863272011737329,2026,9999
2026-04-21,-0.16139255702280914,-0.0773793697075373,-0.05569839606906094,-0.021680973638476354,2026,9999
2026-04-22,0.18693877551020407,-0.0384747940599308,-0.06119651684404098,0.02272172278411018,2026,9999
2026-04-23,0.14785114045618247,0.010601313024391457,-0.01833677609243347,0.028938089116824925,2026,9999
2026-04-24,-0.02934114486671644,0.04101405117625688,0.043378770579482695,-0.002364719403225815,2026,9999
2026-04-27,0.21997599039615845,0.031295207229986056,-0.0035251734340999486,0.034820380664086006,2026,9999
2026-04-28,0.08590842519703566,-0.008408557033325059,-0.045220209611618364,0.0368116525782933,2026,9999
2026-04-29,-0.014261704681872748,0.007069995291983588,-0.015781675729609635,0.022851671021593224,2026,9999
2026-04-30,-0.05891956782713085,-0.0012301127302206893,-0.025475460184649988,0.0242453474544293,2026,9999
2026-05-04,-0.15870348139255702,-0.01845116650947769,-0.004293979495156841,-0.01415718701432085,2026,9999
2026-05-05,-0.09205503135981966,-0.00015179182934608182,0.02445251170560475,-0.024604303534950835,2026,9999
2026-05-06,0.19807923169267705,0.06439833347340444,0.0353317239501833,0.02906660952322114,2026,9999
2026-05-07,0.008115246098439374,0.051698764685835785,0.05195839474789884,-0.0002596300620630529,2026,9999
2026-05-08,0.3503961584633853,0.024232962774488564,-0.028712669817718795,0.05294563259220736,2026,9999
2026-05-11,0.08821128451380551,-0.0040721777819070935,-0.01741651457223531,0.013344336790328214,2026,9999
2026-05-12,-0.2127301976651023,-0.029712904475775192,0.021093445481649008,-0.050806349957424196,2026,9999
2026-05-13,-0.25099639855942374,0.01836110662428162,0.055332896876414205,-0.03697179025213258,2026,9999
2026-05-14,-0.33368547418967587,0.003069802999060145,0.045832432358651296,-0.04276262935959115,2026,9999
2026-05-15,0.32148859543817526,0.020204401688535344,-0.011466509360830813,0.03167091104936616,2026,9999
2026-05-18,0.35394957983193276,0.02035786018707759,0.00984614991473306,0.010511710272344531,2026,9999
2026-05-19,0.640831712830878,0.05564334938828255,-0.07439636412916542,0.13003971351744797,2026,9999
2026-05-20,0.47015606242496993,0.013172535886502811,-0.07967994389025544,0.09285247977675826,2026,9999
2026-05-21,0.40475390156062424,0.041794066593940846,-0.06908046289783518,0.11087452949177602,2026,9999
2026-05-22,-0.057096208808985686,-0.014250895526778728,-0.04613526340682086,0.03188436788004213,2026,9999
2026-05-25,-0.21181781081281403,-0.0026473463583146506,-0.010547078544718836,0.007899732186404185,2026,9999
2026-05-26,0.12076830732292916,0.009875919469747784,-0.0325023342705794,0.042378253740327186,2026,9999
2026-05-27,0.32619447779111643,0.06235242999062039,-0.0037101906695963137,0.0660626206602167,2026,9999
2026-05-28,-0.19318127250900358,-0.002096413464990221,0.026985583946740176,-0.029081997411730398,2026,9999
2026-05-29,-0.22536496376350287,-0.008465900746975074,0.06051084108665605,-0.06897674183363113,2026,9999
2026-06-01,-0.4316550218536353,-0.039093923200552126,0.046082911292510687,-0.08517683449306282,2026,9999
2026-06-02,-0.18857142857142856,-0.022547203592677457,-0.004519871807715359,-0.0180273317849621,2026,9999
2026-06-03,-0.019255702280912366,-0.013775996363198062,-0.014748053153739527,0.0009720567905414645,2026,9999
2026-06-04,-0.04691476590636255,0.03873227509143136,0.025823816805866116,0.012908458285565243,2026,9999
2026-06-05,-0.20941176470588235,0.03878694033974236,0.021208008308065594,0.017578932031676764,2026,9999
2026-06-08,-0.10338535414165667,0.04211574692298379,0.04949091420332906,-0.00737516728034527,2026,9999
2026-06-09,-0.13142857142857142,-0.0009730829526470419,0.010867443146392274,-0.011840526099039315,2026,9999
2026-06-10,0.4910924369747899,0.009905936624987843,-0.05581110481838233,0.06571704144337018,2026,9999
2026-06-11,0.04912364945978391,0.0012475225309765414,-0.02860051317482918,0.02984803570580572,2026,9999
2026-06-12,0.17406962785114044,0.012512829307115225,0.004393031816570192,0.008119797490545033,2026,9999
2026-06-15,0.06669867947178872,0.006726627357303228,-0.004043171473811158,0.010769798831114386,2026,9999
2026-06-16,0.1036279382756864,-0.025995079385722642,-0.03279127405976664,0.006796194674043996,2026,9999
2026-06-17,-0.2524430359199645,0.002893431219796061,4.715470413814149e-05,0.002846276515657919,2026,9999
2026-06-18,-0.07879951980792316,0.014628578153551553,0.01905385627787145,-0.004425278124319896,2026,9999
2026-06-22,0.21046818727490996,0.03486062639304258,0.01532918551671274,0.019531440876329843,2026,9999
2026-06-23,-0.08811524609843938,0.02099239944763086,0.03258707382378747,-0.011594674376156609,2026,9999
2026-06-24,0.19856419127431105,-0.017880348986177363,-0.022797370013667374,0.004917021027490011,2026,9999
2026-06-25,0.1640816326530612,-0.032996491483098155,-0.042867602550428305,0.00987111106733015,2026,9999
2026-06-26,-0.05046818727490996,-0.01191498241506198,-0.024618956737696575,0.012703974322634594,2026,9999
2026-06-29,-0.05815126050420167,0.01054456186068281,0.03125174477496567,-0.020707182914282862,2026,9999
2026-06-30,-0.3909243697478992,-0.021270518419686003,0.04868934860152936,-0.06995986702121537,2026,9999
2026-07-01,-0.2318847539015606,-0.005626385513717536,-0.0015979721702078398,-0.004028413343509696,2026,9999
2026-07-02,0.2322689075630252,0.006991887747550263,-0.018803772665942752,0.025795660413493016,2026,9999
2026-07-03,-0.07563025210084032,-0.008855574334301574,0.002431382659753034,-0.011286956994054608,2026,9999
2026-07-06,-0.4175270108043217,-0.009541354666248003,0.034773902949876034,-0.04431525761612404,2026,9999
2026-07-07,0.33057216269222667,0.0436614885964236,-0.005875896409394743,0.04953738500581835,2026,9999
2026-07-08,0.06612403661057469,0.0004978948994373789,0.0050779483094277045,-0.004580053409990325,2026,9999
2026-07-09,0.08269106103370343,0.04418012401176345,0.015463503047894867,0.028716620963868587,2026,9999
2026-07-10,-0.1837695078031212,0.0252867237728019,0.01863584434460248,0.006650879428199419,2026,9999
2026-07-13,-0.3535993869261099,-0.021694634449228666,0.021322899631884197,-0.04301753408111286,2026,9999
2026-07-14,-0.2403361344537815,-0.0004580160888277396,0.030427478516657103,-0.030885494605484842,2026,9999
2026-07-15,-0.1343097238895558,-0.013389567580531236,0.02927162376119834,-0.042661191341729576,2026,9999
2026-07-16,0.10319327731092437,0.016500759791775576,0.0014052154747726032,0.015095544317002973,2026,9999
2026-07-17,0.47538779453776475,0.062340810865606146,-0.027080535678034166,0.08942134654364031,2026,9999
2026-07-20,0.6180700618843186,0.04248548721683978,-0.031446485471532636,0.07393197268837241,2026,9999
2026-07-21,-0.4565295686686518,-0.015291636863341696,0.06408955737222001,-0.07938119423556171,2026,9999
2026-07-22,0.1036784479446792,-0.008872686671271423,0.023298602768054254,-0.03217128943932568,2026,9999
2026-07-23,0.3289394704302372,0.019168976572196662,0.013180589310565916,0.005988387261630746,2026,9999
2026-07-24,-0.40024009603841537,-0.07675860417961877,0.05459755746823193,-0.1313561616478507,2026,9999
2026-07-27,-0.03693120432202294,-0.02675015335216524,-0.013334775776181574,-0.013415377575983666,2026,9999
2026-07-28,0.33685474189675874,-0.004807938723368399,-0.05698475066133122,0.05217681193796282,2026,9999
2026-07-29,0.6614645858343337,0.10810732136882462,-0.09093916665545167,0.19904648802427627,2026,9999
2026-07-30,0.5873229291716686,0.08140749744967621,-0.04066600462801388,0.12207350207769009,2026,9999
2026-07-31,0.4338535414165666,0.06769111661499713,-0.01655067914667232,0.08424179576166946,2026,9999
2026-08-03,-0.006866746698679471,-0.003157432365505741,0.015616841768425194,-0.018774274133930936,2026,9999
2026-08-04,0.15885135301944886,0.008197060251661902,-0.011243691441756187,0.01944075169341809,2026,9999
2026-08-05,-0.0556689654925956,0.005879883357634985,-0.018756699309955594,0.024636582667590577,2026,9999
2026-08-06,0.23505966536584103,0.023685239227876555,-0.009440407128583295,0.03312564635645985,2026,9999
2026-08-07,0.13772239433487884,0.029218336462302562,-0.0028081299103430825,0.03202646637264565,2026,9999
2026-08-10,0.11606521168319463,0.026227904313944273,-0.017616059910551908,0.043843964224496185,2026,9999
2026-08-11,0.11663865546218487,0.022381732954903987,-0.013804709291071337,0.03618644224597532,2026,9999
2026-08-12,-0.15937957698656305,-0.013881507781192825,0.017200404286943183,-0.031081912068136007,2026,9999
2026-08-13,0.37105332671743685,0.013118271005894333,-0.04083456514703626,0.053952836152930596,2026,9999
2026-08-14,0.39515006002400954,0.05527253630699854,0.007752656526860857,0.047519879780137685,2026,9999
2026-08-17,-0.19107301501341806,0.022971385415784418,0.05929119621518984,-0.036319810799405425,2026,9999
2026-08-18,-0.14584834144976175,-0.001615694926773159,0.05386395590371458,-0.05547965083048774,2026,9999
2026-08-20,-0.11607357302735401,0.005911975043614593,0.017663003041152425,-0.011751027997537833,2026,9999
