date,ic,top_alpha,bottom_alpha,spread,year,seed
2018-01-02,-0.04663265306122448,-0.02714429825573572,-0.025157693033860187,-0.0019866052218755342,2018,8765
2018-01-03,0.024795918367346938,-0.022507077550376016,-0.0111933345113941,-0.011313743038981916,2018,8765
2018-01-04,0.12285714285714285,-0.02211440515839121,-0.0341266205586135,0.012012215400222289,2018,8765
2018-01-05,-0.012346938775510203,-0.026512880732874278,-0.00816809685712399,-0.018344783875750288,2018,8765
2018-01-08,-0.14897959183673468,-0.03831746271629287,-0.024097063647579846,-0.014220399068713023,2018,8765
2018-01-09,-0.08418367346938775,-0.030972699768230645,-0.018225104822258982,-0.012747594945971663,2018,8765
2018-01-10,-0.12693877551020408,-0.026557035696183888,-0.01188348777822675,-0.014673547917957138,2018,8765
2018-01-11,0.04938775510204081,-0.030143409662625124,-0.06086660649163204,0.030723196829006913,2018,8765
2018-01-12,0.11948979591836732,-0.016895864006221242,-0.054423377740369046,0.037527513734147804,2018,8765
2018-01-15,-0.0031632653061224487,-0.021823249045437185,-0.03229534928282169,0.010472100237384506,2018,8765
2018-01-16,0.1196938775510204,-0.017220502489721092,-0.05288174111013572,0.035661238620414634,2018,8765
2018-01-17,0.23653061224489794,-0.005254995400057287,-0.025743473276575286,0.020488477876518,2018,8765
2018-01-18,0.15336734693877552,0.001548998761996397,0.004679813997033174,-0.003130815235036777,2018,8765
2018-01-19,-0.05499999999999999,0.0009540416254799622,0.020244935100701206,-0.019290893475221244,2018,8765
2018-01-22,0.11948979591836732,0.031874854658248054,-0.0016265305582318585,0.03350138521647991,2018,8765
2018-01-23,0.0733673469387755,0.020563729795911097,0.03426988358917005,-0.01370615379325895,2018,8765
2018-01-24,0.2844460318790844,0.02550677559822613,0.006302873455150583,0.019203902143075546,2018,8765
2018-01-25,0.18224489795918364,0.02441848077450648,-0.013634252557096802,0.03805273333160328,2018,8765
2018-01-26,0.1476530612244898,0.010537208436099387,-0.005282796825903231,0.01582000526200262,2018,8765
2018-01-29,0.052448979591836725,0.020739024414610112,0.015183928382738361,0.005555096031871751,2018,8765
2018-01-30,-0.0026531289072129847,0.009245023609205205,-0.004107856781106515,0.013352880390311721,2018,8765
2018-01-31,-0.13051353355097722,-0.00302490969583734,0.020837782270662093,-0.023862691966499434,2018,8765
2018-02-01,-0.14826530612244895,-0.013993224438607324,-0.0017671401780909744,-0.01222608426051635,2018,8765
2018-02-02,-0.06887755102040816,-0.005765002405769579,0.006768203648595243,-0.012533206054364823,2018,8765
2018-02-05,0.12048019207683074,-0.008767857819868396,-0.012797101321018422,0.004029243501150026,2018,8765
2018-02-06,0.19577430972388954,0.014137656659183295,-0.0059123605533839664,0.020050017212567262,2018,8765
2018-02-07,0.13911164465786313,0.006712746599665665,-0.01210411653657184,0.018816863136237504,2018,8765
2018-02-08,0.07361344537815126,0.055279630732554416,0.013520080519119992,0.04175955021343442,2018,8765
2018-02-09,0.24975989271979082,0.03470038087937886,0.0018940943703856794,0.03280628650899318,2018,8765
2018-02-12,0.021465101209097226,0.03433555161428037,-0.01599996822223253,0.050335519836512896,2018,8765
2018-02-21,0.16148859543817526,0.04201496930587265,-0.022825996379667646,0.06484096568554029,2018,8765
2018-02-22,0.16336526692024333,0.028479267719822787,-0.015612091747108248,0.04409135946693103,2018,8765
2018-02-23,0.14861944777911165,0.05218644084461486,-0.03213153241441684,0.0843179732590317,2018,8765
2018-02-26,0.05248499399759904,0.039918512517241454,-0.022421365090665824,0.06233987760790728,2018,8765
2018-02-27,-0.18761104441776708,0.0012262195904985784,0.05609742587514236,-0.05487120628464378,2018,8765
2018-03-01,0.26837935174069627,0.03288853769886037,0.01753957567758544,0.015348962021274927,2018,8765
2018-03-02,0.19193277310924367,0.0058304197078351775,-0.04516651936763831,0.05099693907547349,2018,8765
2018-03-05,0.039135654261704685,0.0013448608434805554,0.005782209181879517,-0.0044373483383989614,2018,8765
2018-03-06,0.19462184873949578,0.027349923987453152,-0.007865700466747005,0.03521562445420016,2018,8765
2018-03-07,0.23486194477791117,0.03299585979772477,-0.04322303361496743,0.0762188934126922,2018,8765
2018-03-08,0.15918367346938775,0.025622085390910286,-0.02786573724593431,0.053487822636844595,2018,8765
2018-03-09,0.1406482593037215,0.025949170468924955,-0.021999201023978066,0.04794837149290302,2018,8765
2018-03-12,-0.05018007202881152,0.05837808351059204,0.05980915396147467,-0.0014310704508826294,2018,8765
2018-03-13,-0.049219687875150055,0.07128477407209263,0.02934101082607642,0.041943763246016216,2018,8765
2018-03-14,0.12547418967587035,0.028324983670634275,0.012625145534893745,0.01569983813574053,2018,8765
2018-03-15,0.0640096038415366,0.08927933437229066,0.022530585459793896,0.06674874891249677,2018,8765
2018-03-16,0.2192076830732293,0.0609844061182398,0.027155713429153926,0.03382869268908587,2018,8765
2018-03-19,0.17138055222088835,0.0686060142976527,-0.002812296522044899,0.0714183108196976,2018,8765
2018-03-20,0.01022833681775774,0.06963050516908706,-0.0029470289818919527,0.072577534150979,2018,8765
2018-03-21,0.05651860744297719,0.05871958235997712,0.05062140926370817,0.008098173096268944,2018,8765
2018-03-22,0.10156062424969987,0.031863312668477174,0.03936721859213066,-0.007503905923653485,2018,8765
2018-03-23,0.04336134453781513,0.08810519563616456,0.012340754122835118,0.07576444151332945,2018,8765
2018-03-26,0.2771188475390156,0.06853873119429262,0.0030681083667833285,0.06547062282750929,2018,8765
2018-03-27,0.053829531812725095,0.0382789365346447,0.0243773786234446,0.013901557911200103,2018,8765
2018-03-28,0.1594717887154862,0.07854094658498342,-0.0013826701069707182,0.07992361669195414,2018,8765
2018-03-29,0.23409363745498196,0.09885266909621862,0.01094903273206711,0.08790363636415151,2018,8765
2018-03-30,0.3854501800720288,0.10735158038916896,-0.025801764087217405,0.13315334447638638,2018,8765
2018-04-02,0.2240096038415366,0.09217409545292063,0.01479927173464971,0.07737482371827092,2018,8765
2018-04-03,0.2617715568536672,0.07893255664966367,0.006302767125468889,0.07262978952419478,2018,8765
2018-04-09,0.23735894357743095,0.1463691802637039,0.0004768625856984343,0.14589231767800548,2018,8765
2018-04-10,0.15889937338009558,0.049343292067607916,0.0030374142155669692,0.04630587785204095,2018,8765
2018-04-11,0.3946407995330207,0.09255412280562689,-0.005925913950652761,0.09848003675627964,2018,8765
2018-04-12,0.2566626650660264,0.06784984439205158,-0.00750696703949828,0.07535681143154986,2018,8765
2018-04-13,0.24653653156041425,0.06374186659797591,0.04872702654248379,0.015014840055492126,2018,8765
2018-04-16,0.38593037214885956,0.07308671319542917,-0.03580715679261318,0.10889386998804235,2018,8765
2018-04-17,0.3725899782581329,0.0880142629947023,0.03175022047069072,0.056264042524011584,2018,8765
2018-04-18,0.23793517406962783,0.07023089932684755,0.03242255368521085,0.037808345641636695,2018,8765
2018-04-19,0.30122448979591837,0.04988794573545032,-0.014534518389539463,0.06442246412498978,2018,8765
2018-04-20,0.19645129540585404,0.07078782381710119,0.031982473469515674,0.03880535034758552,2018,8765
2018-04-23,0.2781752701080432,0.14788674954534353,-0.021084462874636545,0.1689712124199801,2018,8765
2018-04-24,0.42876350540216085,0.14678846292000775,-0.01919322563329894,0.1659816885533067,2018,8765
2018-04-25,0.08331332533013207,0.14960777103169626,0.016493645051254537,0.13311412598044173,2018,8765
2018-04-26,0.2408278911728035,0.15086920547304392,-0.0029376829300436615,0.15380688840308757,2018,8765
2018-04-27,0.20835534213685472,0.17016317253600063,-0.003452071439802573,0.17361524397580322,2018,8765
2018-04-30,0.07851140456182472,0.13394743190778263,-0.0073836238015119625,0.1413310557092946,2018,8765
2018-05-02,0.20297719087635052,0.06917990784178155,0.0022387210119268032,0.06694118682985474,2018,8765
2018-05-03,0.3142857142857143,0.14236944292626158,-0.028166489740610402,0.17053593266687198,2018,8765
2018-05-04,0.21066026410564226,0.12803255225904644,-0.019212931257600617,0.14724548351664707,2018,8765
2018-05-07,0.2089315726290516,0.12747032326333996,-0.016260233885324417,0.14373055714866437,2018,8765
2018-05-08,0.22948379351740697,0.13480712434774994,-0.003212794613876235,0.1380199189616262,2018,8765
2018-05-09,0.31841536614645854,0.13831671252903352,0.0030240877295364286,0.13529262479949708,2018,8765
2018-05-10,0.3398319327731092,0.12938766975233745,-0.015593567087618044,0.1449812368399555,2018,8765
2018-05-11,0.31351740696278513,0.1374914283110967,0.0014950282870208054,0.1359964000240759,2018,8765
2018-05-14,0.23812725090036013,0.13797868081571346,0.008229090359753378,0.12974959045596007,2018,8765
2018-05-15,0.20528704176485604,0.0757577883921923,-0.007865659689660265,0.08362344808185257,2018,8765
2018-05-16,0.46833133253301323,0.09658136096001954,-0.019764348014977527,0.11634570897499708,2018,8765
2018-05-17,0.21959183673469387,0.03193020285624058,-0.008547878116193442,0.04047808097243402,2018,8765
2018-05-18,0.25330132052821125,0.0967806347561171,-0.002832241608254371,0.09961287636437148,2018,8765
2018-05-21,0.1670588235294118,0.07322832738465797,-0.005896034109344172,0.07912436149400214,2018,8765
2018-05-22,0.16888355342136854,0.055635859690667686,-0.028307305871462185,0.08394316556212987,2018,8765
2018-05-23,0.02405877836043361,0.045459965971884266,-0.029039667653321756,0.07449963362520602,2018,8765
2018-05-24,0.08043217286914765,0.03116078519495432,-0.019358484595941583,0.0505192697908959,2018,8765
2018-05-25,0.17781512605042016,0.018819249425977947,-0.04370449029559418,0.06252373972157213,2018,8765
2018-05-28,0.2969987995198079,0.018620362025210713,-0.01874775237695948,0.037368114402170194,2018,8765
2018-05-29,0.3098679471788715,0.03179277271403007,-0.016272108713575796,0.048064881427605864,2018,8765
2018-05-30,0.2663625450180072,0.021221016519633696,-0.013436921198902963,0.03465793771853666,2018,8765
2018-05-31,0.2913325330132053,0.029996462761388086,-0.04272446433952966,0.07272092710091774,2018,8765
2018-06-01,0.4398079231692677,0.035382723964537253,-0.03697207312454048,0.07235479708907774,2018,8765
2018-06-04,0.24734693877551017,0.015565345513386408,-0.03565298760053363,0.05121833311392003,2018,8765
2018-06-05,0.13584633853541417,0.016171538352939642,-0.04455572757987179,0.060727265932811435,2018,8765
2018-06-06,0.15563025210084033,-0.005590144864224445,-0.029384032143486605,0.02379388727926216,2018,8765
2018-06-07,0.20010564756073224,0.012693649935452855,-0.03688163336512775,0.04957528330058061,2018,8765
2018-06-08,0.28845138055222086,-0.01715646344561659,-0.07790440418236708,0.06074794073675049,2018,8765
2018-06-11,0.23831932773109243,-0.027792204454863845,-0.08118999620098252,0.05339779174611868,2018,8765
2018-06-12,0.3513565426170468,-0.0009296310733022728,-0.06624060979855888,0.06531097872525661,2018,8765
2018-06-13,0.4060984393757503,0.010413317046677906,-0.04205895314387155,0.05247227019054945,2018,8765
2018-06-14,0.1917933204231193,0.018352148726007843,-0.03778240293356537,0.05613455165957321,2018,8765
2018-06-15,0.10900621866812239,-0.02472275683948135,-0.015278179035379136,-0.009444577804102215,2018,8765
2018-06-19,-0.013637782423676985,-0.06693879035646458,-0.007114938800703963,-0.059823851555760615,2018,8765
2018-06-20,-9.60407212934999e-05,-0.029264049327774634,-0.0027631420270745723,-0.026500907300700063,2018,8765
2018-06-21,0.11596917096190114,-0.06032159907950833,-0.04734042976585033,-0.012981169313657996,2018,8765
2018-06-22,0.1320048019207683,-0.04408392739018925,-0.04968874039404149,0.005604813003852238,2018,8765
2018-06-25,0.07322929171668667,-0.05408753791353497,-0.041348696032504184,-0.012738841881030784,2018,8765
2018-06-26,-0.062331924774137376,-0.028718818923002855,-0.025408937630296523,-0.003309881292706332,2018,8765
2018-06-27,-0.011813008719100487,-0.03202309465861543,-0.029359585999055395,-0.0026635086595600335,2018,8765
2018-06-28,0.053014478154011946,-0.029767012575369022,-0.037402024200396344,0.007635011625027322,2018,8765
2018-06-29,-0.061466061627839935,-0.03328109309325448,-0.031053836258585366,-0.002227256834669112,2018,8765
2018-07-02,-0.011380552220888355,-0.028330097844829295,-0.047381170500081136,0.01905107265525184,2018,8765
2018-07-03,-0.15918367346938775,-0.03628376351379682,-0.028186902986807493,-0.008096860526989328,2018,8765
2018-07-04,-0.13791447577746585,-0.07330129460507681,-0.02252587751022327,-0.050775417094853545,2018,8765
2018-07-05,-0.3017119259435299,-0.06336400313834213,0.004271408068130422,-0.06763541120647255,2018,8765
2018-07-06,-0.34069627851140455,-0.03779025673059019,0.03287596110815135,-0.07066621783874154,2018,8765
2018-07-09,-0.4414511754255722,-0.06873384948090203,0.003933132288660335,-0.07266698176956236,2018,8765
2018-07-10,-0.37186967284843164,-0.09880458604917328,0.001477457305141594,-0.10028204335431487,2018,8765
2018-07-11,-0.3420408163265306,-0.07908867925484817,-8.622571556357039e-05,-0.07900245353928459,2018,8765
2018-07-12,-0.4280912364945978,-0.07621444379678577,0.029736224861073513,-0.10595066865785928,2018,8765
2018-07-13,-0.29315726290516203,-0.08716458402779578,0.018987799262743223,-0.106152383290539,2018,8765
2018-07-16,-0.2620408163265306,-0.069992139647372,-0.0040305542885962446,-0.06596158535877575,2018,8765
2018-07-17,-0.09925570228091235,-0.005935521189582615,0.0014940978870154886,-0.007429619076598104,2018,8765
2018-07-18,-0.11049219687875149,-0.039542199245965914,0.013647587568664476,-0.053189786814630394,2018,8765
2018-07-19,-0.15159663865546216,-0.020289003946407525,0.010179862303452136,-0.03046886624985966,2018,8765
2018-07-20,-0.12364945978391356,-0.041752389856547,0.01516014769550129,-0.056912537552048295,2018,8765
2018-07-23,-0.03250900360144057,-0.010238443218234994,-0.02490816721662309,0.014669723998388095,2018,8765
2018-07-24,-0.008019207683073229,-0.004763666710335035,-0.004588868070387708,-0.00017479863994732722,2018,8765
2018-07-25,0.12614645858343337,-0.008769116871590321,-0.05803386420630955,0.04926474733471923,2018,8765
2018-07-26,0.13215203249985588,-0.00944230191109866,-0.01667725219024866,0.00723495027915,2018,8765
2018-07-27,0.1241296518607443,-0.028007550523476532,-0.025785882814854923,-0.0022216677086216094,2018,8765
2018-07-30,-0.009171668667466985,-0.021319027062430128,-0.0004858524948503362,-0.02083317456757979,2018,8765
2018-07-31,-0.021944777911164462,-0.007233363698566864,-0.0021629637626394806,-0.005070399935927383,2018,8765
2018-08-01,-0.025498199279711888,-0.023982365799573947,-0.021049294238480475,-0.0029330715610934727,2018,8765
2018-08-02,0.03250900360144057,-0.004053482441823897,-0.008194899832381263,0.0041414173905573665,2018,8765
2018-08-03,0.052006050580430195,-0.00498537116613953,0.003227785738518707,-0.008213156904658236,2018,8765
2018-08-06,-0.03212484993997599,-0.013694305458066635,0.004635071081995823,-0.018329376540062458,2018,8765
2018-08-07,0.050372148859543824,0.005485698234623781,-0.020853181457264523,0.026338879691888306,2018,8765
2018-08-08,-0.03587034813925571,-0.024411312640365203,-0.011261170041584435,-0.013150142598780768,2018,8765
2018-08-09,-0.04211284513805522,-0.016220845512536587,-0.04256809317225506,0.02634724765971847,2018,8765
2018-08-10,-0.10885954381752701,-0.04777302170648447,-0.032006522696169035,-0.015766499010315432,2018,8765
2018-08-13,-0.032220888355342134,-0.03259210964112887,-0.019732798416410468,-0.012859311224718405,2018,8765
2018-08-14,0.08869147659063625,-0.033471359563014356,-0.05214814699113215,0.01867678742811779,2018,8765
2018-08-15,-0.1406482593037215,-0.07175468593516146,-0.024341353590239135,-0.04741333234492233,2018,8765
2018-08-16,0.013205282112845136,-0.03228029954630498,-0.025447250102716125,-0.006833049443588854,2018,8765
2018-08-17,-0.053733493397358945,-0.048213165521730016,-0.031826312116471876,-0.01638685340525814,2018,8765
2018-08-20,0.07947369687037116,-0.04048355050554794,-0.023293726692562446,-0.01718982381298549,2018,8765
2018-08-21,0.10194477791116446,-0.029086822246049315,-0.012498283483778284,-0.01658853876227103,2018,8765
2018-08-22,-0.07303721488595438,-0.044979925321321244,-0.0062551765239877155,-0.03872474879733353,2018,8765
2018-08-23,0.015606242496998797,-0.025850179457733026,-0.034270786423334386,0.00842060696560136,2018,8765
2018-08-24,0.09186074429771908,-0.02631564912789306,-0.042783500741467896,0.016467851613574835,2018,8765
2018-08-27,0.17406962785114044,-0.01874867220478248,-0.03522788208401957,0.01647920987923709,2018,8765
2018-08-28,0.029723889555822326,-0.0432208893108876,-0.016937654864977114,-0.026283234445910485,2018,8765
2018-08-29,-0.0385594237695078,-0.06740043235673314,0.009794107457030698,-0.07719453981376384,2018,8765
2018-08-30,0.016182472989195677,-0.05995843494438937,-0.016962624023024564,-0.042995810921364806,2018,8765
2018-08-31,0.08331332533013207,-0.05436425415451325,-0.020936642564898522,-0.03342761158961473,2018,8765
2018-09-03,0.11750300120048018,-0.034461249602954803,-0.03582696759358993,0.001365717990635125,2018,8765
2018-09-04,0.16052821128451378,-0.045178565248191846,-0.011758432191362555,-0.03342013305682929,2018,8765
2018-09-05,0.0012965186074429772,-0.051510634104740306,0.007887664425873908,-0.059398298530614214,2018,8765
2018-09-06,0.14737094837935172,-0.02034400192074729,-0.04723552872067888,0.026891526799931585,2018,8765
2018-09-07,0.03519807923169268,-0.024622011482241923,-0.017296388699728514,-0.007325622782513409,2018,8765
2018-09-10,-0.17349339735894356,-0.07412614572652129,0.017677716467363425,-0.09180386219388471,2018,8765
2018-09-11,0.04,-0.019493673227284413,-0.01808374072489133,-0.0014099325023930846,2018,8765
2018-09-12,0.06463540543052543,0.003911812509695601,-0.0016664241052683382,0.005578236614963939,2018,8765
2018-09-13,0.07015606242496998,-0.019219966447470836,0.005801608788234869,-0.025021575235705706,2018,8765
2018-09-14,0.01027635717840449,-0.007020204643006822,0.008837301780838757,-0.015857506423845577,2018,8765
2018-09-17,0.03039688828939272,-0.004931000854414336,-0.003901719901982503,-0.0010292809524318327,2018,8765
2018-09-18,-0.029819927971188476,-0.021846906071015436,0.006695134626912158,-0.028542040697927595,2018,8765
2018-09-19,0.05968787515006002,-0.004310562371540583,-0.011990911946453664,0.007680349574913081,2018,8765
2018-09-20,0.12902761104441776,-0.0010893153566265523,-0.004430290716461038,0.0033409753598344855,2018,8765
2018-09-21,0.1578391356542617,-0.005703751178586902,-0.018872502121407064,0.013168750942820162,2018,8765
2018-09-25,0.17436192950834906,-0.020186529809424925,-0.02531194198351777,0.005125412174092847,2018,8765
2018-09-26,0.13459783913565426,-0.002985742951776871,-0.02388532811016325,0.02089958515838638,2018,8765
2018-09-27,0.0722689075630252,-0.005301805719685937,-0.01899115194806178,0.013689346228375842,2018,8765
2018-09-28,0.06794717887154862,-0.02087535021483621,-0.04201391614077826,0.021138565925942054,2018,8765
2018-10-01,-0.05142857142857142,-0.01211472765244801,-0.0024834630470040864,-0.009631264605443923,2018,8765
2018-10-02,-0.22362545018007202,-0.02163633044826193,-0.00969279170089119,-0.01194353874737074,2018,8765
2018-10-03,-0.05027611044417767,0.01056377986533128,-0.0046664789211821826,0.015230258786513462,2018,8765
2018-10-04,0.05671068427370948,0.016963410042330096,-0.0002767157893817429,0.01724012583171184,2018,8765
2018-10-05,0.30804321728691475,0.10903578943631356,-0.001834592685833214,0.11087038212214678,2018,8765
2018-10-08,0.21056422569027608,0.06959070432721647,0.0036896935332231817,0.06590101079399328,2018,8765
2018-10-09,0.24043217286914764,0.10380469639524603,-0.006447687411224168,0.1102523838064702,2018,8765
2018-10-11,-0.1078031212484994,0.021854584074207106,0.0028147628660057044,0.019039821208201402,2018,8765
2018-10-12,-0.23054021608643455,0.0003998876059438272,0.03489373755422578,-0.03449384994828195,2018,8765
2018-10-15,-0.2714110783754307,0.004832280288278945,0.04969951723736442,-0.044867236949085475,2018,8765
2018-10-16,-0.14477791116446578,0.0571424516346732,0.06740772311911354,-0.010265271484440341,2018,8765
2018-10-17,-0.2256422569027611,0.006331842859711045,0.05045872639535477,-0.04412688353564373,2018,8765
2018-10-18,-0.07639855942376951,0.04247725510976633,0.031403756938286745,0.011073498171479589,2018,8765
2018-10-19,-0.05987995198079231,0.021601365150581787,0.04623124766367694,-0.024629882513095155,2018,8765
2018-10-22,-0.026074429771908762,0.048340089760717186,0.0414475950996801,0.006892494661037085,2018,8765
2018-10-23,0.10751500600240095,0.09638450274033261,0.04953871695846496,0.046845785781867655,2018,8765
2018-10-24,0.18501800720288114,0.11021849713024183,0.030964462921383062,0.07925403420885876,2018,8765
2018-10-25,0.23860744297719086,0.11158048865277385,0.02450042245035968,0.08708006620241418,2018,8765
2018-10-26,0.08576436411509542,0.1234803450169284,0.025641962974029042,0.09783838204289935,2018,8765
2018-10-29,0.34549819927971187,0.12670482302891883,0.019646246303994763,0.10705857672492407,2018,8765
2018-10-30,0.3729651860744298,0.17911022495494996,0.01595961451494963,0.16315061044000034,2018,8765
2018-10-31,0.23121248499399757,0.11646917119379072,0.04593151948313815,0.07053765171065257,2018,8765
2018-11-01,0.1150595468095787,0.07503776907863272,0.025103925525921954,0.04993384355271076,2018,8765
2018-11-02,0.34376950780312115,0.14372986900046086,0.026018792285619242,0.11771107671484163,2018,8765
2018-11-05,0.5304809240646466,0.12094749736695931,0.008436927661305793,0.11251056970565351,2018,8765
2018-11-06,0.3786314525810324,0.14455286614014273,0.028749787245856785,0.11580307889428595,2018,8765
2018-11-07,0.022905162064825933,0.09482245400739034,0.05033329206507843,0.04448916194231191,2018,8765
2018-11-08,0.3953421368547419,0.123016908521097,0.018812580972655934,0.10420432754844106,2018,8765
2018-11-09,0.16792720118168455,0.11597192466898817,0.05205972797442757,0.06391219669456061,2018,8765
2018-11-12,0.2630972388955582,0.15483261231755363,0.05303952030034255,0.10179309201721108,2018,8765
2018-11-13,0.11073761057716547,0.12634076055595073,0.04833590895084561,0.07800485160510512,2018,8765
2018-11-14,0.22017335356534856,0.09125273388892055,0.024351201033065806,0.06690153285585475,2018,8765
2018-11-15,-0.021080432172869146,0.052810632273682837,0.0613893285262047,-0.008578696252521861,2018,8765
2018-11-16,0.1836734693877551,0.0353872291982192,0.03340687196708782,0.00198035723113138,2018,8765
2018-11-19,-0.001104468294875249,0.002311110460488597,0.02977900272183649,-0.027467892261347892,2018,8765
2018-11-20,0.01272570112877227,0.02472482318424126,0.0344193985091526,-0.009694575324911338,2018,8765
2018-11-21,0.1884753901560624,0.03923490439050875,0.016722622051617474,0.022512282338891278,2018,8765
2018-11-22,0.09695078031212485,0.03683856213932259,0.005702485773964094,0.0311360763653585,2018,8765
2018-11-23,-0.0966626650660264,0.04231266046365513,0.041558099924254834,0.0007545605394002966,2018,8765
2018-11-26,0.057528392054806435,0.06096610827888952,0.024544096606242127,0.03642201167264739,2018,8765
2018-11-27,-0.002208936589750498,0.04001151055893835,0.012742776082544737,0.027268734476393608,2018,8765
2018-11-28,-0.08542617046818726,-0.0032045676523032806,0.0058709785188840406,-0.009075546171187322,2018,8765
2018-11-29,0.09277533676952089,0.005748832771595813,-0.012726541407224123,0.018475374178819937,2018,8765
2018-11-30,-0.0385594237695078,-0.0009639844179697877,0.005828117409397293,-0.00679210182736708,2018,8765
2018-12-03,-0.14535414165666266,-0.010026655995587885,0.024048223379579757,-0.03407487937516764,2018,8765
2018-12-04,0.01310924369747899,0.004869386589708558,0.022391447340282377,-0.017522060750573817,2018,8765
2018-12-05,0.07135825592107044,0.006719788797274984,0.023048526962171578,-0.016328738164896595,2018,8765
2018-12-06,0.11154861944777912,0.01360498428506327,0.014127506808054802,-0.0005225225229915312,2018,8765
2018-12-07,0.0038896492123867456,0.013429636003391388,0.029371280245779386,-0.015941644242387996,2018,8765
2018-12-10,-0.1291236494597839,0.0019055635496418532,0.01935730600110417,-0.017451742451462318,2018,8765
2018-12-11,-0.1032893157262905,-0.005484925572139554,0.01980919300095152,-0.025294118573091072,2018,8765
2018-12-12,-0.11010804321728691,0.005848818983995696,0.03270990845098347,-0.026861089466987773,2018,8765
2018-12-13,-0.02040816326530612,0.020283214604618273,0.018649106080290655,0.0016341085243276182,2018,8765
2018-12-14,-0.08533013205282113,0.007535337959552635,0.03782466739552274,-0.030289329435970104,2018,8765
2018-12-17,0.18435016452287306,0.04286603735671831,0.01284556586381358,0.03002047149290473,2018,8765
2018-12-18,0.07418967587034814,0.03102426602856443,-0.0011252447054264536,0.03214951073399088,2018,8765
2018-12-19,0.15981559757190228,0.04812862776821223,0.013363880125247163,0.03476474764296507,2018,8765
2018-12-20,0.14266506602641055,0.027905226581337362,0.0032393570302667206,0.02466586955107064,2018,8765
2018-12-21,0.1373862518103516,0.041820390288743424,0.017091599611444186,0.024728790677299238,2018,8765
2018-12-24,-0.17301320528211284,0.030324232775292205,0.07011852272395389,-0.03979428994866168,2018,8765
2018-12-25,0.19083291321018428,0.05119950873852612,0.002765118115556564,0.04843439062296956,2018,8765
2018-12-26,-0.0931617365653517,0.03744073396450347,0.05204977310076224,-0.014609039136258772,2018,8765
2018-12-27,0.11462184873949578,0.031893545894097965,0.03705672234698304,-0.005163176452885075,2018,8765
2018-12-28,0.1365186074429772,0.04250690065898381,0.03586869330735741,0.006638207351626402,2018,8765
2019-01-02,-0.03490996398559423,0.009823755963824477,0.05189688428197916,-0.042073128318154684,2019,8765
2019-01-03,-0.039328675369688204,0.03202857242564176,0.07332150085694586,-0.041292928431304096,2019,8765
2019-01-04,0.024058200684021723,0.0042275483647816305,0.007068369580329148,-0.0028408212155475177,2019,8765
2019-01-07,-0.018871548619447776,-0.0011386243207587964,0.05015112932830403,-0.05128975364906283,2019,8765
2019-01-08,-0.03510288363277421,-0.011248274199758046,0.05629981315261197,-0.06754808735237001,2019,8765
2019-01-09,-0.3540456182472989,-0.01954118231754317,0.05803680339850061,-0.07757798571604378,2019,8765
2019-01-10,-0.3932292917166867,-0.0029484914174183084,0.07088584864821798,-0.07383434006563629,2019,8765
2019-01-11,-0.2843765757500532,-0.01599176503721429,0.03923024585700744,-0.055222010894221726,2019,8765
2019-01-14,-0.1806089130011793,-0.010658857233603547,0.03183860646058288,-0.04249746369418643,2019,8765
2019-01-15,-0.06929171668667466,-0.01569380287765132,0.011389725995444567,-0.027083528873095886,2019,8765
2019-01-16,-0.046003505499586456,-0.0055493268449047,-0.018174091899016566,0.012624765054111866,2019,8765
2019-01-17,-0.18021608643457382,-0.02322460779685458,0.01278462743198191,-0.03600923522883649,2019,8765
2019-01-18,-0.22195010690927827,-0.02406346212264725,0.01623584577064382,-0.04029930789329107,2019,8765
2019-01-21,-0.25349948385419296,-0.0158818710928428,0.07189331440237531,-0.08777518549521812,2019,8765
2019-01-22,-0.3378232371498859,-0.001428956521689484,0.05812976610109899,-0.059558722622788475,2019,8765
2019-01-23,-0.36034478629321165,-0.02413970661638204,0.04537100284978637,-0.06951070946616841,2019,8765
2019-01-24,-0.21350877620388783,0.010358067176143914,0.07381761380950347,-0.06345954663335955,2019,8765
2019-01-25,-0.15563025210084033,0.0035183891632834417,0.047157830088873275,-0.043639440925589836,2019,8765
2019-01-28,-0.2263145258103241,0.0005886656881888275,0.059992254985299275,-0.05940358929711045,2019,8765
2019-01-29,-0.39030949133678366,-0.015249282859689217,0.07855102542482892,-0.09380030828451813,2019,8765
2019-01-30,-0.18492640885063408,-0.00637670803198519,0.01367517496958771,-0.0200518830015729,2019,8765
2019-02-11,-0.2799039615846338,-0.004042718838085879,0.03160983465569386,-0.035652553493779736,2019,8765
2019-02-12,-0.17704681872749098,-0.012041721111330794,0.010615439716581776,-0.022657160827912567,2019,8765
2019-02-13,-0.2796158463385354,-0.01299778465055621,0.02333404099352413,-0.03633182564408034,2019,8765
2019-02-14,-0.1896278511404562,-0.017930025227108414,0.02853473175676875,-0.04646475698387716,2019,8765
2019-02-15,-0.16970395452561435,-0.004364454620250635,0.02484256044182469,-0.029207015062075327,2019,8765
2019-02-18,-0.23292112066064813,-0.01903507672426692,0.03163896683280774,-0.05067404355707465,2019,8765
2019-02-19,-0.19693149901232157,-0.007262991458221557,0.0390398089874178,-0.04630280044563936,2019,8765
2019-02-20,-0.2899058781675403,-0.007507513772745245,0.041188439088329996,-0.04869595286107524,2019,8765
2019-02-21,-0.2705051866353743,0.002897711404388692,0.041781439022625856,-0.03888372761823716,2019,8765
2019-02-22,-0.4599500581561539,-0.019390058645159403,0.054175067417613555,-0.07356512606277296,2019,8765
2019-02-25,-0.30134223431604507,0.0015136315645533083,0.05966801599360435,-0.05815438442905104,2019,8765
2019-02-26,-0.12802535550681837,3.943514252547908e-05,0.03462798369463528,-0.0345885485521098,2019,8765
2019-02-27,-0.23255702280912363,-0.017727149497702877,0.026147568579205627,-0.0438747180769085,2019,8765
2019-03-04,-0.12960384153661464,-0.019949839401226722,0.0118102729538604,-0.03176011235508712,2019,8765
2019-03-05,-0.0907584816223574,-0.024162117138045846,-0.017351745013346898,-0.006810372124698948,2019,8765
2019-03-06,-0.23208797568059011,-0.013614337029098044,0.04974846542391816,-0.0633628024530162,2019,8765
2019-03-07,-0.09637454981992796,0.0072320862055668565,0.06703404645366409,-0.05980196024809724,2019,8765
2019-03-08,-0.21911164465786312,-0.031728791369410606,-0.016245376179760053,-0.015483415189650553,2019,8765
2019-03-11,-0.3224489795918367,-0.02249840208127679,0.05382087120059369,-0.07631927328187048,2019,8765
2019-03-12,-0.39563025210084035,-0.03426311752011402,0.0287159898909632,-0.06297910741107722,2019,8765
2019-03-13,-0.38949314520578887,-0.03429366343784401,0.042966397841794936,-0.07726006127963894,2019,8765
2019-03-14,-0.2741002185716487,-0.03589993462335879,0.07189680343433888,-0.10779673805769767,2019,8765
2019-03-15,-0.21296518607442977,-0.022502507096599667,0.03263958067382765,-0.05514208777042731,2019,8765
2019-03-18,-0.36985281770126816,-0.03720724845258897,0.05334572822743646,-0.09055297668002543,2019,8765
2019-03-19,-0.18545463281774832,-0.045031632079352436,0.036706803625983234,-0.08173843570533568,2019,8765
2019-03-20,-0.24106799874127094,-0.03845459274468823,0.05605415394585781,-0.09450874669054604,2019,8765
2019-03-21,-0.28086434573829533,-0.03914768578298707,0.010038265728274409,-0.04918595151126148,2019,8765
2019-03-22,-0.43194314401751577,-0.06003949729043828,0.04836952690273442,-0.10840902419317269,2019,8765
2019-03-25,-0.1633250898659553,-0.022906905127689715,0.017946186280399633,-0.04085309140808935,2019,8765
2019-03-26,-0.2930612244897959,-0.042927905558375265,-0.0010571907329089858,-0.04187071482546628,2019,8765
2019-03-27,-0.07861499339916364,-0.014726150586778041,-0.00576485510311181,-0.008961295483666231,2019,8765
2019-03-28,-0.003889555822328931,-0.027403182211395892,-0.04190265869524281,0.014499476483846918,2019,8765
2019-03-29,-0.18771158976814556,-0.016297026406275016,0.008730067723597069,-0.025027094129872085,2019,8765
2019-04-01,-0.022953732389146473,-0.006786099106663302,0.017144348197673187,-0.023930447304336487,2019,8765
2019-04-02,0.07721673991997392,-0.0031635056976670574,-0.021057507137817854,0.017894001440150797,2019,8765
2019-04-03,0.16859543817527012,0.0014294490749028887,-0.040109877746220934,0.04153932682112382,2019,8765
2019-04-08,0.1430115017997103,0.012021826620614772,-0.029408480309812614,0.04143030693042739,2019,8765
2019-04-09,0.015414165666266506,0.009263307823216415,0.023969184877591265,-0.01470587705437485,2019,8765
2019-04-10,0.11770073006272012,0.007510288192861947,0.00793192480532281,-0.0004216366124608628,2019,8765
2019-04-11,0.07448315624289815,0.019278041169464487,0.01370093891648282,0.005577102252981667,2019,8765
2019-04-12,0.33714285714285713,0.033810076623831196,-0.04754938346073727,0.08135946008456846,2019,8765
2019-04-15,0.32235294117647056,0.037947586316191786,-0.04317425803480327,0.08112184435099506,2019,8765
2019-04-16,0.3237130238077504,0.043924282878653555,0.0003494688012728564,0.043574814077380696,2019,8765
2019-04-17,0.45413945499924274,0.05460191732496457,-0.03631822070279885,0.09092013802776341,2019,8765
2019-04-18,0.3610170713422661,0.0819619019378563,-0.03170914305539106,0.11367104499324736,2019,8765
2019-04-19,0.5042496998799519,0.08733930127017649,-0.04108514896419914,0.12842445023437563,2019,8765
2019-04-22,0.21825253913947856,0.07100236491082956,0.027186470345075542,0.04381589456575402,2019,8765
2019-04-23,0.2305457514650465,0.08516990744651368,0.013590306690673782,0.0715796007558399,2019,8765
2019-04-24,0.32552220888355343,0.09826423087311306,0.028568923893568732,0.06969530697954433,2019,8765
2019-04-25,0.44342001021208904,0.09501166160249502,-0.06813582836076926,0.16314748996326428,2019,8765
2019-04-26,0.03750390166511171,0.04018560281980895,0.015055364119784975,0.025130238700023975,2019,8765
2019-04-29,0.16840740478815208,0.04532493069837561,0.03327864157847048,0.01204628911990513,2019,8765
2019-04-30,0.2797118847539015,0.040437863308893054,-0.044871931751832295,0.08530979506072535,2019,8765
2019-05-02,0.32798693852647015,0.05117281803452016,-0.03495332721681845,0.0861261452513386,2019,8765
2019-05-03,0.5099762300684845,0.052526898889214656,-0.08938974078651454,0.1419166396757292,2019,8765
2019-05-06,0.5307817908540373,0.0684481182564537,-0.07795246588849054,0.14640058414494422,2019,8765
2019-05-07,0.6520528211284513,0.08464598859333079,-0.055019227134343276,0.13966521572767407,2019,8765
2019-05-08,0.5179831932773109,0.07555954552360084,-0.05961168844543392,0.13517123396903474,2019,8765
2019-05-09,0.6770228091236495,0.08822314600245859,-0.03512007321550205,0.12334321921796064,2019,8765
2019-05-10,0.6977671068427371,0.0811900253515196,-0.0435928463921913,0.1247828717437109,2019,8765
2019-05-13,0.5248019207683073,0.04980281603498591,-0.012168902653191583,0.061971718688177496,2019,8765
2019-05-14,0.23405123779225925,0.026132068603813775,-0.034690870950438345,0.06082293955425212,2019,8765
2019-05-15,0.5591970997314032,0.04796043162236028,-0.0281385602822112,0.07609899190457148,2019,8765
2019-05-16,0.3706602641056423,0.04772916768611675,-0.012306257125233856,0.0600354248113506,2019,8765
2019-05-17,0.1262424969987995,0.035045369375398,0.0067523191063410095,0.02829305026905699,2019,8765
2019-05-20,0.017238895558223288,0.003220649580000523,-0.0039778134863848735,0.007198463066385397,2019,8765
2019-05-21,0.022137386258151728,-0.006218817959254131,0.009478177235430063,-0.015696995194684194,2019,8765
2019-05-22,-0.362016806722689,-0.013133679139765552,0.009728501319671823,-0.022862180459437373,2019,8765
2019-05-23,-0.38141656662665063,-0.026953446379563352,0.002972987061510002,-0.029926433441073354,2019,8765
2019-05-24,-0.45891956782713084,-0.018491248777688075,0.03746141383294843,-0.05595266261063651,2019,8765
2019-05-27,-0.2713150376541372,-0.010672124834873186,0.029076207693292645,-0.03974833252816583,2019,8765
2019-05-28,-0.4884993997599039,-0.023828799809698674,0.06401247254069638,-0.08784127235039504,2019,8765
2019-05-29,-0.6661704681872749,-0.03743612659606269,0.0533869748638679,-0.09082310145993058,2019,8765
2019-05-30,-0.6512845138055222,-0.02649751435981802,0.08369462836619682,-0.11019214272601484,2019,8765
2019-05-31,-0.6688595438175271,-0.025079773299538876,0.08157999200139603,-0.1066597653009349,2019,8765
2019-06-03,-0.7218727490996399,-0.03714394194434632,0.0599631115576507,-0.09710705350199703,2019,8765
2019-06-04,-0.581142404546968,-0.0214980951321316,0.06346807153188558,-0.08496616666401718,2019,8765
2019-06-05,-0.7546218487394958,-0.04551304659789916,0.09181525757442115,-0.1373283041723203,2019,8765
2019-06-06,-0.571188475390156,-0.030556905497942943,0.061144615782310306,-0.09170152128025325,2019,8765
2019-06-10,-0.7195370839309012,-0.03669922450262801,0.06665578179730906,-0.10335500629993707,2019,8765
2019-06-11,-0.7318783166171161,-0.023105598503249482,0.052689287941819464,-0.07579488644506895,2019,8765
2019-06-12,-0.620360144057623,-0.02381707405266805,0.07173439017033104,-0.0955514642229991,2019,8765
2019-06-13,-0.6970948379351741,-0.04733910372527421,0.051838230328193236,-0.09917733405346744,2019,8765
2019-06-14,-0.6056808088374571,-0.045132846182075304,0.05155032309928422,-0.09668316928135953,2019,8765
2019-06-17,-0.5453803310168553,-0.0642587171220148,0.04798643544241066,-0.11224515256442545,2019,8765
2019-06-18,-0.5174193859687307,-0.04402226568810382,0.024903251690114047,-0.06892551737821787,2019,8765
2019-06-19,-0.4110542871361796,-0.026157993247507238,0.021187960801440663,-0.0473459540489479,2019,8765
2019-06-20,-0.3740786094381821,-0.048900170810467526,0.01189896597143587,-0.06079913678190339,2019,8765
2019-06-21,-0.31917397276508613,-0.032040609597103156,0.025629636032496662,-0.05767024562959982,2019,8765
2019-06-24,-0.4315420468447676,-0.027517787968370067,0.045401790163261804,-0.07291957813163187,2019,8765
2019-06-25,-0.622742989577052,-0.05424522002945411,0.04707322405604449,-0.1013184440854986,2019,8765
2019-06-26,-0.47597781473058554,-0.04971898255064429,0.04649637534914487,-0.09621535789978916,2019,8765
2019-06-27,-0.16715486194477788,-0.04982585679514532,0.013477679424335132,-0.06330353621948046,2019,8765
2019-06-28,-0.031454846769244545,-0.013419270673650419,-0.015760917794548003,0.002341647120897584,2019,8765
2019-07-01,0.052004801920768305,-0.010514210093400811,-0.03468200693039266,0.02416779683699185,2019,8765
2019-07-02,0.16677070828331333,-0.007590869048234583,-0.03446133542306867,0.02687046637483409,2019,8765
2019-07-03,0.03510456944781337,-0.027760596493414846,-0.044186426296664416,0.01642582980324957,2019,8765
2019-07-04,0.043314365303368456,-0.022831993503938774,-0.010849112164344143,-0.011982881339594631,2019,8765
2019-07-05,0.05767106842737095,-0.02418481832188043,-0.010567473415238138,-0.01361734490664229,2019,8765
2019-07-08,0.27632906048795824,-0.0039492260241515195,-0.039407780910101976,0.035458554885950455,2019,8765
2019-07-09,0.08965186074429772,-0.011255291853418592,-0.03735789246537506,0.026102600611956468,2019,8765
2019-07-10,0.3231290067919804,-0.0006388869355084981,-0.0486769004136261,0.048038013478117605,2019,8765
2019-07-11,0.10655973888583271,-0.013099182071764314,-0.023363483140878293,0.010264301069113978,2019,8765
2019-07-12,0.11217556247080789,0.004227982908442762,-0.0322162615382075,0.036444244446650266,2019,8765
2019-07-15,0.03510288363277421,-0.003968562840412704,-0.011031403575019328,0.007062840734606624,2019,8765
2019-07-16,0.061177939463959434,0.002540395289577335,-0.014908847894939159,0.017449243184516496,2019,8765
2019-07-17,0.05339864103918595,0.00885353955354572,0.003453867446696501,0.005399672106849219,2019,8765
2019-07-18,-0.013685474189675868,0.016628278897157078,-0.0011622294597281146,0.01779050835688519,2019,8765
2019-07-19,-0.04336134453781513,0.009978659758407804,0.005617663827030594,0.00436099593137721,2019,8765
2019-07-22,0.06391356542617047,0.022547551365163954,0.013618923373686309,0.008928627991477645,2019,8765
2019-07-23,-0.041344537815126044,0.008193397243766443,0.0031472086303513725,0.0050461886134150705,2019,8765
2019-07-24,0.06775510204081632,0.0031022718190870657,-0.015636383695470647,0.018738655514557712,2019,8765
2019-07-25,0.14593037214885954,0.006884900069684552,-0.011944704493202762,0.018829604562887313,2019,8765
2019-07-26,0.0012965186074429772,0.005795201871566169,-0.0016951591100852204,0.007490360981651389,2019,8765
2019-07-29,0.08538020122992142,-0.0024197456324022482,-0.015140891626106257,0.01272114599370401,2019,8765
2019-07-30,-0.0012965186074429772,-0.007535221360535638,0.004599884648759589,-0.012135106009295227,2019,8765
2019-07-31,-0.08211481670594241,0.01801383851432663,0.014022502533955695,0.003991335980370936,2019,8765
2019-08-01,-0.3079471788715486,-0.017937564548758434,0.04615055084140425,-0.06408811539016268,2019,8765
2019-08-02,-0.1796921895401383,0.022246367713804626,0.031815942573811484,-0.009569574860006858,2019,8765
2019-08-05,-0.0534453781512605,0.02401366260252775,0.027389197505190765,-0.0033755349026630133,2019,8765
2019-08-06,-0.18924369747899158,-0.00461888361374393,0.027825920772084477,-0.032444804385828405,2019,8765
2019-08-07,-0.2444657863145258,-0.010176347109159666,0.028342972907411567,-0.03851932001657123,2019,8765
2019-08-08,-0.0910924369747899,0.011129440243565237,0.028096678861270506,-0.01696723861770527,2019,8765
2019-08-12,-0.10626650660264104,-0.0028385574058300556,0.017786821158996692,-0.020625378564826748,2019,8765
2019-08-13,-0.039808878976155704,0.01386286308412189,0.016170357249454436,-0.0023074941653325465,2019,8765
2019-08-14,-0.30324129651860743,-0.0203880638770201,0.018653689675407925,-0.039041753552428025,2019,8765
2019-08-15,-0.11289315726290516,0.007725447465268443,0.011320126993418288,-0.003594679528149846,2019,8765
2019-08-16,0.028187274909963984,0.0010343896187974045,-0.00017679201657521125,0.0012111816353726158,2019,8765
2019-08-19,-0.14627001853000035,-0.005131492673241089,0.018317541659264913,-0.023449034332506002,2019,8765
2019-08-20,-0.005090158228555494,0.002431517507081771,0.0002868701008124086,0.0021446474062693623,2019,8765
2019-08-21,-0.11500600240096039,-0.005460214773224004,0.004678333557999448,-0.010138548331223452,2019,8765
2019-08-22,-0.22458583433373347,-0.003906371808352715,0.008340274018439698,-0.012246645826792413,2019,8765
2019-08-23,-0.1537094837935174,-0.002938444093703696,0.023273330648273173,-0.02621177474197687,2019,8765
2019-08-26,0.010516206482593037,-0.01603288068740181,-0.01356262737268884,-0.002470253314712968,2019,8765
2019-08-27,-0.12821436292682237,-0.019161161395480762,0.011343604127765727,-0.03050476552324649,2019,8765
2019-08-28,-0.10603150223520441,-0.016092298882310986,0.04643135736186441,-0.0625236562441754,2019,8765
2019-08-29,-0.08331332533013207,-0.013349789901745712,0.04370680923774275,-0.05705659913948846,2019,8765
2019-08-30,0.03346938775510204,-0.012329783795691562,0.014176554806149443,-0.026506338601841005,2019,8765
2019-09-02,-0.13364066367990513,-0.013840906981007307,0.03223072101290895,-0.04607162799391626,2019,8765
2019-09-03,-0.23198636228444902,-0.018801127741078904,0.012723134141465397,-0.0315242618825443,2019,8765
2019-09-04,-0.173109243697479,-0.020720751530983107,0.02748156023009527,-0.04820231176107838,2019,8765
2019-09-05,-0.09455209011345064,-0.01934353726686815,0.006267779665243911,-0.025611316932112063,2019,8765
2019-09-06,-0.21700400976266304,-0.045895188620124386,0.0035303729786020587,-0.04942556159872644,2019,8765
2019-09-10,-0.25402770782130724,-0.04448764854951277,0.06479210502746874,-0.10927975357698151,2019,8765
2019-09-11,-0.23178871548619448,-0.0496596355993615,0.047783284918826975,-0.09744292051818848,2019,8765
2019-09-12,-0.12427669335378888,-0.038537733262704855,0.03845708915533917,-0.07699482241804403,2019,8765
2019-09-16,-0.25306730060837224,-0.04528061571502019,0.02565971274105706,-0.07094032845607726,2019,8765
2019-09-17,-0.17340152229541406,-0.036472206442928035,0.028801252419585133,-0.06527345886251316,2019,8765
2019-09-18,-0.10991860552041063,-0.032138201707110056,-0.019874020254606106,-0.01226418145250395,2019,8765
2019-09-19,-0.16600240096038413,-0.04281080074909978,-0.015574929300227336,-0.02723587144887244,2019,8765
2019-09-20,-0.14656165979250174,-0.032479536685855626,0.0003316753284058671,-0.032811212014261494,2019,8765
2019-09-23,-0.17733919186844757,-0.04707615465255912,-0.021123585622207553,-0.025952569030351567,2019,8765
2019-09-24,-0.2698744268347347,-0.042115386416331536,-0.0008242756344175484,-0.04129111078191399,2019,8765
2019-09-25,-0.14185214535049934,-0.04337577546157304,0.004776894707262114,-0.048152670168835156,2019,8765
2019-09-26,-0.13656990567935687,-0.037262231084579045,0.009749617702102531,-0.047011848786681576,2019,8765
2019-09-27,-0.242641056422569,-0.05241276857751894,0.0035112871638139807,-0.05592405574133292,2019,8765
2019-10-01,-0.36232232081730853,-0.03693226411939003,0.033697955891150586,-0.07063022001054062,2019,8765
2019-10-02,-0.24024009603841537,-0.051408953123450174,-0.005364192213086949,-0.046044760910363226,2019,8765
2019-10-03,-0.04566626650660264,-0.0321310095762962,-0.025288428065531533,-0.006842581510764667,2019,8765
2019-10-04,-0.01262905162064826,-0.043556617500239314,-0.05711088701731618,0.013554269517076868,2019,8765
2019-10-07,-0.007250900360144057,-0.05344110803674915,-0.05439240198999664,0.0009512939532474868,2019,8765
2019-10-08,0.011764705882352943,-0.03453886496300847,-0.037677463125982004,0.003138598162973537,2019,8765
2019-10-09,-0.09397358943577432,-0.026554923981800104,0.006262663439142102,-0.03281758742094221,2019,8765
2019-10-14,0.09224932780517558,-0.0033759387357791713,0.011070472309788703,-0.014446411045567875,2019,8765
2019-10-15,0.13767106842737095,-0.0073082941669559975,0.020744686889321517,-0.028052981056277515,2019,8765
2019-10-16,-0.07841536614645858,-0.01587748914786822,0.005788686116200948,-0.021666175264069165,2019,8765
2019-10-17,-0.0862445677215629,-0.01670542967534696,0.0031822631612389296,-0.01988769283658589,2019,8765
2019-10-18,0.07582779091394982,-0.013532095881003103,-0.029122072902195196,0.015589977021192093,2019,8765
2019-10-21,0.05939975990396158,-0.03093241925219603,-0.007326237924194179,-0.023606181328001852,2019,8765
2019-10-22,-0.1610641569279328,-0.03130470824538691,0.0029626119332123446,-0.03426732017859926,2019,8765
2019-10-23,0.19073687248889082,-0.01820453115874311,-0.06285409094834611,0.044649559789603,2019,8765
2019-10-24,0.18598732253484904,-0.024771404700626998,-0.04884158333969223,0.02407017863906523,2019,8765
2019-10-25,0.17859629791575643,-0.021179190818579073,-0.026236413376660682,0.005057222558081609,2019,8765
2019-10-28,-0.07568008837927792,-0.02553962978436437,0.0002277028531783687,-0.025767332637542738,2019,8765
2019-10-29,0.06972891222739401,-0.01410082677049398,-0.022199431462420306,0.008098604691926326,2019,8765
2019-10-30,0.06554621848739495,-0.01114411592489758,-0.03794656495728771,0.02680244903239013,2019,8765
2019-10-31,-0.07078201159330944,-0.014895060180779929,-0.022100696915325135,0.0072056367345452055,2019,8765
2019-11-01,0.07203054097012491,-0.009934712042533744,-0.01411408522437485,0.0041793731818411065,2019,8765
2019-11-04,0.13935508659686838,0.004690887684524725,-0.012646930975462734,0.01733781865998746,2019,8765
2019-11-05,0.21196696144302188,0.017137797459808847,-0.009675363950386217,0.026813161410195064,2019,8765
2019-11-06,0.05901702323485569,0.005282963468080282,-0.004040639873849739,0.00932360334193002,2019,8765
2019-11-07,0.13512929485995437,-0.01384553286992033,-0.0006816707752388074,-0.013163862094681521,2019,8765
2019-11-08,-0.029388460715810968,-0.020973577151311783,-0.005211373472419578,-0.015762203678892205,2019,8765
2019-11-11,-0.039135654261704685,-0.024703123450985888,0.013515701628315746,-0.03821882507930163,2019,8765
2019-11-12,-0.12845446473005612,-0.022024099219806803,0.005386280622518025,-0.027410379842324827,2019,8765
2019-11-13,-0.18497887074728595,-0.02929363150149671,0.01390866939432287,-0.04320230089581958,2019,8765
2019-11-14,-0.1592797118847539,-0.04707408347553736,-0.0007733991263245921,-0.04630068434921277,2019,8765
2019-11-15,-0.18444620524416655,-0.04912735826277799,-0.006992263390600417,-0.04213509487217757,2019,8765
2019-11-18,-0.31985594237695075,-0.04829624116434526,0.004521320499493919,-0.052817561663839184,2019,8765
2019-11-19,-0.06496998799519808,-0.03759075373185431,-0.018619647194216816,-0.018971106537637495,2019,8765
2019-11-20,-0.22463924710549626,-0.04637896369211523,0.015489140246044576,-0.06186810393815981,2019,8765
2019-11-21,-0.27301541690546444,-0.0461637841465032,0.022893741601615634,-0.06905752574811883,2019,8765
2019-11-22,-0.10578885450479013,-0.03168823729028582,-0.0030680928237550977,-0.02862014446653072,2019,8765
2019-11-25,-0.2510984658218555,-0.0311957454735032,-0.013420045062606212,-0.01777570041089699,2019,8765
2019-11-26,-0.3352301376749614,-0.05040663455254021,-0.019242398239039893,-0.031164236313500314,2019,8765
2019-11-27,-0.09128889753130598,-0.03448438463822469,-0.01774612702615035,-0.01673825761207434,2019,8765
2019-11-28,-0.05056665391923471,-0.026571729261860588,-0.03635989968236665,0.009788170420506063,2019,8765
2019-11-29,0.013013205282112843,-0.01763402002161223,-0.0314947336103635,0.01386071358875127,2019,8765
2019-12-02,-0.13863145258103243,-0.03178344634574108,-0.014051397133296983,-0.017732049212444097,2019,8765
2019-12-03,-0.21210084033613444,-0.03855586209603311,-0.017592740048834987,-0.02096312204719812,2019,8765
2019-12-04,-0.2288170184817635,-0.03489832461044083,0.0016378687915015622,-0.03653619340194239,2019,8765
2019-12-05,0.10751500600240095,-0.0180277202210287,-0.03211852806305463,0.014090807842025932,2019,8765
2019-12-06,0.03774400346834546,-0.013413024582837507,-0.010828544526985218,-0.002584480055852288,2019,8765
2019-12-09,0.22948379351740697,-0.00530111406145165,-0.02010355976499515,0.0148024457035435,2019,8765
2019-12-10,0.042977190876350546,-0.014199811385243899,-0.019270447216611176,0.0050706358313672775,2019,8765
2019-12-11,-0.05397488536694695,-0.015065067594574355,-0.006882860548064818,-0.008182207046509536,2019,8765
2019-12-12,-0.026362545018007204,0.0009458394213202048,0.011184145599630324,-0.01023830617831012,2019,8765
2019-12-13,-0.20606031525872381,-0.0057180355887940905,0.03159466823414454,-0.037312703822938637,2019,8765
2019-12-16,0.08057816516524641,-0.0032972342945571053,0.006645571099379943,-0.009942805393937049,2019,8765
2019-12-17,0.11102307381528588,0.01667354778850798,0.010047428521345613,0.006626119267162368,2019,8765
2019-12-18,0.18607442977190874,0.018881238430745583,0.0331094875532836,-0.014228249122538016,2019,8765
2019-12-19,0.10790434126925015,0.01807920232640975,0.02361191273562372,-0.0055327104092139714,2019,8765
2019-12-20,0.17531812725090035,0.010750276362715727,0.0121283135191117,-0.001378037156395973,2019,8765
2019-12-23,-0.004513913900794495,-0.007149483276214663,0.013066454694447439,-0.020215937970662103,2019,8765
2019-12-24,0.08072222624718665,0.0079383579471902,0.009960305362117273,-0.0020219474149270732,2019,8765
2019-12-25,-0.17138878237203106,-0.03668126925614884,-0.028606718018912812,-0.008074551237236029,2019,8765
2019-12-26,0.005234344992589349,0.026225643230621765,0.05076676720709433,-0.024541123976472567,2019,8765
2019-12-27,0.0948424895446235,0.022484276907400437,0.0220611267758567,0.0004231501315437383,2019,8765
2019-12-30,0.036303392648942966,0.014102617804604933,0.04052130969885605,-0.026418691894251115,2019,8765
2019-12-31,0.1486230162016911,0.013385131765845649,0.0042537476413376015,0.009131384124508047,2019,8765
2020-01-02,0.22660264105642255,0.012017476659025462,-0.01141416067971357,0.02343163733873903,2020,8765
2020-01-03,0.3146849792333761,0.02602673053724418,0.011331540351975589,0.014695190185268592,2020,8765
2020-01-06,-0.06103241296518607,-0.0009103008028916171,0.03182606429478337,-0.03273636509767499,2020,8765
2020-01-07,0.11385354141656662,0.009187643797954493,0.01326184618023878,-0.0040742023822842865,2020,8765
2020-01-08,0.2775990396158463,0.042181897323420016,-0.009431403552228112,0.051613300875648124,2020,8765
2020-01-09,0.2347235228413138,0.04372210343948304,-0.003365170202577028,0.047087273642060064,2020,8765
2020-01-10,0.22733384582493554,0.04214478422809773,0.004630780072347141,0.03751400415575059,2020,8765
2020-01-13,0.27574615289924,0.044905186467938896,-0.003925049889858178,0.048830236357797076,2020,8765
2020-01-14,0.2385114045618247,0.046125698879266507,0.012115351955618992,0.034010346923647516,2020,8765
2020-01-15,0.34953181272509,0.026655315265151712,-0.015770991494807096,0.04242630675995881,2020,8765
2020-01-16,0.061224489795918366,0.007278889496765672,0.002527804003427203,0.004751085493338469,2020,8765
2020-01-17,0.14890756302521005,0.003078560140366493,0.002124338737068865,0.0009542214032976278,2020,8765
2020-01-20,0.03145258103241296,0.003035685328891291,0.031949718906496116,-0.028914033577604824,2020,8765
2020-01-30,0.305937717680444,0.02737587844117203,-0.015714922150765052,0.04309080059193708,2020,8765
2020-01-31,0.32408163265306117,0.03723380854262357,-0.002590859436241788,0.03982466797886536,2020,8765
2020-02-03,0.05238895558223289,0.0718033637888855,0.0616592941894887,0.010144069599396795,2020,8765
2020-02-04,-0.18693877551020407,-0.0055763814271386995,0.00872928992830092,-0.01430567135543962,2020,8765
2020-02-05,-0.1424764100389071,0.002849296823309955,0.013836599418094753,-0.010987302594784799,2020,8765
2020-02-06,0.045954381752701084,-0.0018968548776202132,0.004759911348644808,-0.006656766226265021,2020,8765
2020-02-07,-0.06852340936374549,-0.009208497722188614,-0.0019471211163453184,-0.007261376605843296,2020,8765
2020-02-10,0.020792316926770707,-0.0013283593057406228,-0.0075113454626213995,0.006182986156880777,2020,8765
2020-02-11,-0.12115246098439375,0.0032498614745734345,0.011868808392238328,-0.008618946917664894,2020,8765
2020-02-12,-0.07879951980792316,-0.05241200241749751,-0.022815297032166483,-0.029596705385331025,2020,8765
2020-02-13,0.2114285714285714,-0.002404017007046988,-0.03567605247510018,0.03327203546805319,2020,8765
2020-02-14,0.11625450180072029,-0.013358253572778145,-0.04869581038838363,0.035337556815605485,2020,8765
2020-02-17,0.20182472989195677,-0.02374705296502102,-0.06336794944896955,0.03962089648394853,2020,8765
2020-02-18,-0.008691476590636255,-0.039934277325903746,-0.01860873777019113,-0.021325539555712616,2020,8765
2020-02-19,-0.14506602641056424,-0.03757379447526789,-0.01055544008545034,-0.027018354389817548,2020,8765
2020-02-20,-0.1988042930775448,-0.07847161662034433,-0.06749168851537188,-0.010979928104972447,2020,8765
2020-02-21,0.08101034841106716,-0.04645342263192161,-0.04311713120141804,-0.0033362914305035754,2020,8765
2020-02-24,0.05325330132052821,-0.012806509258687126,-0.029480834149642178,0.01667432489095505,2020,8765
2020-02-25,-0.049557012187445945,-0.02632130244531209,-0.013704491491304649,-0.012616810954007442,2020,8765
2020-02-26,-0.20202165724087703,-0.03643950296701789,0.018281945870477913,-0.0547214488374958,2020,8765
2020-02-27,-0.17445378151260504,-0.04265212120776847,0.026618283899125426,-0.06927040510689389,2020,8765
2020-03-02,-0.11154861944777912,-0.02716422748530828,0.0014431201893669976,-0.028607347674675276,2020,8765
2020-03-03,0.1497719087635054,-0.004416997531526657,-0.0038613092602417963,-0.0005556882712848604,2020,8765
2020-03-04,-0.07370948379351741,-0.026220054605109344,-0.006807685699445676,-0.01941236890566367,2020,8765
2020-03-05,-0.015606617210193734,0.013786941466344339,0.0007091217626354563,0.013077819703708882,2020,8765
2020-03-06,-0.05824729891956783,-0.025602147718657875,-0.02177532896722848,-0.0038268187514293936,2020,8765
2020-03-09,-0.20278511404561822,-0.00026191219952773623,0.03517086569919262,-0.03543277789872036,2020,8765
2020-03-10,-0.4253061224489796,-0.03915460368821583,0.022693052963417847,-0.06184765665163368,2020,8765
2020-03-11,-0.18127250900360142,0.010652148809410488,0.0330084931087025,-0.022356344299292008,2020,8765
2020-03-12,0.3002641056422569,0.10111009370361687,0.025903005277603218,0.07520708842601365,2020,8765
2020-03-13,0.16024009603841535,0.04143361970863768,0.005136452531692681,0.036297167176945,2020,8765
2020-03-16,0.5636014405762305,0.1106492340933426,-0.021234827679995273,0.13188406177333786,2020,8765
2020-03-17,0.40004801920768307,0.03915019209062849,-0.040130109817661894,0.07928030190829038,2020,8765
2020-03-18,0.3649939975990396,0.004534667637727563,-0.06887075825154923,0.07340542588927679,2020,8765
2020-03-19,0.2546458583433373,0.04401442397076742,-0.03894982659336306,0.08296425056413048,2020,8765
2020-03-20,0.345594237695078,0.09714981066886368,-0.018055927375151583,0.11520573804401527,2020,8765
2020-03-23,0.15361344537815122,0.04140868909089962,0.007629833732403735,0.03377885535849588,2020,8765
2020-03-24,-0.061946265234307435,0.016385733367361544,0.020110362912201075,-0.0037246295448395313,2020,8765
2020-03-25,-0.058439375750300115,0.0202788740138369,0.024914731866743745,-0.004635857852906846,2020,8765
2020-03-26,0.05392557022809123,0.021026976585164926,-0.0018208839505940322,0.02284786053575896,2020,8765
2020-03-27,0.4176230492196878,0.07272562492483665,-0.01569031211903411,0.08841593704387077,2020,8765
2020-03-30,0.4264585834333733,0.09443620959227635,-0.02813685180443899,0.12257306139671534,2020,8765
2020-03-31,0.24379351740696276,0.04400462850927274,-0.022445145968253942,0.06644977447752667,2020,8765
2020-04-01,0.3402160864345738,0.08034877800425178,-0.01202277746121172,0.0923715554654635,2020,8765
2020-04-06,0.21085234093637453,0.0541126614698678,0.011607929265850503,0.04250473220401729,2020,8765
2020-04-07,0.26530612244897955,0.04841171364918968,-0.013374639782790942,0.06178635343198063,2020,8765
2020-04-08,0.21008403361344538,0.04744047736635233,0.009575325291475867,0.037865152074876465,2020,8765
2020-04-09,0.3825393780822638,0.06278630488407362,-0.009893008185077923,0.07267931306915154,2020,8765
2020-04-10,0.36135321386679337,0.02966651276330019,-0.026489832927558042,0.05615634569085823,2020,8765
2020-04-13,0.4306842737094838,0.055187729206160906,-0.006192094065710085,0.06137982327187099,2020,8765
2020-04-14,0.14593037214885954,0.0362374317612838,0.013049270173044858,0.023188161588238942,2020,8765
2020-04-15,0.04729891956782713,0.03105217646179177,-0.012792134823292844,0.04384431128508461,2020,8765
2020-04-16,-0.020120048019207682,0.028696845876420164,0.026664342632154413,0.0020325032442657515,2020,8765
2020-04-17,0.14237695078031212,0.04648269015328092,0.021286995970324483,0.02519569418295644,2020,8765
2020-04-20,0.08033806336201266,0.04240429315814618,0.01939768011144085,0.02300661304670533,2020,8765
2020-04-21,0.34507431160754515,0.0637087215888523,0.022733157176197682,0.04097556441265461,2020,8765
2020-04-22,0.17407380734446856,0.07273890208636687,0.015867472781050097,0.05687142930531677,2020,8765
2020-04-23,0.1714765906362545,0.04089390294909847,0.020930667411326143,0.019963235537772326,2020,8765
2020-04-24,0.16273709483793514,0.05112419898010799,0.031991556266452545,0.019132642713655446,2020,8765
2020-04-27,0.13085234093637454,0.028971056067943635,0.0061397407818011285,0.022831315286142507,2020,8765
2020-04-28,-0.06914931933131993,0.008504318884074779,0.014677401918106726,-0.006173083034031947,2020,8765
2020-04-29,-0.283464188897765,-0.0005426759193770559,0.02184900017155087,-0.022391676090927928,2020,8765
2020-04-30,-0.2799039615846338,-0.005982089721808271,0.025252989162701155,-0.031235078884509423,2020,8765
2020-05-04,-0.2582953181272509,-0.0008173374799088862,0.017757176964171385,-0.01857451444408027,2020,8765
2020-05-05,-0.17464585834333732,0.008715778887323744,0.02464045056585231,-0.015924671678528568,2020,8765
2020-05-06,-0.22352941176470587,-0.012969466310631717,0.022001551646232763,-0.034971017956864484,2020,8765
2020-05-07,-0.053061224489795916,0.013692710405806618,0.004366459684875079,0.009326250720931538,2020,8765
2020-05-08,-0.1849308492335925,-0.006685669036927311,0.02325166985739795,-0.02993733889432526,2020,8765
2020-05-11,-0.1688395880339728,0.013412872870542181,0.02023396395156061,-0.006821091081018428,2020,8765
2020-05-12,-0.22986794717887157,0.02838663134105259,0.016238148814727404,0.012148482526325187,2020,8765
2020-05-13,-0.3097719087635054,-0.037264750577362026,-0.008270671583493261,-0.028994078993868765,2020,8765
2020-05-14,-0.07975990396158462,-0.010626843136142483,-0.027988637001797857,0.017361793865655374,2020,8765
2020-05-15,0.0912845138055222,0.03100351264410193,-0.036681140319498186,0.06768465296360011,2020,8765
2020-05-18,0.09272509003601441,0.0057543039939958905,-0.013432167998284473,0.019186471992280362,2020,8765
2020-05-19,-0.17589435774309725,-0.04385026820463511,0.015088030529883311,-0.058938298734518425,2020,8765
2020-05-20,-0.20043698533953427,-0.020132424281361305,0.020678632835860578,-0.04081105711722188,2020,8765
2020-05-21,-0.14535414165666266,-0.009482454559641895,0.015001026523252525,-0.024483481082894422,2020,8765
2020-05-22,-0.03865639032063371,0.012628334500660966,0.027240475071582847,-0.014612140570921882,2020,8765
2020-05-25,-0.09262905162064825,0.015270342232476464,0.016887980368883015,-0.0016176381364065504,2020,8765
2020-05-26,-0.060072028811524604,0.022332567863075158,0.024352764931042402,-0.0020201970679672443,2020,8765
2020-05-27,-0.03788897430415592,-0.002498812256760752,0.030442440884946388,-0.03294125314170714,2020,8765
2020-05-28,-0.1632172869147659,-0.022216176225947838,0.009682282038686296,-0.03189845826463413,2020,8765
2020-05-29,-0.03126125478103422,0.009766864517990803,0.02776304495980675,-0.017996180441815945,2020,8765
2020-06-01,-0.33176470588235296,-0.04298875845033573,0.04721094576822721,-0.09019970421856294,2020,8765
2020-06-02,-0.2614708637215535,-0.04982807374992084,0.040513319035176895,-0.09034139278509773,2020,8765
2020-06-03,-0.3558703481392557,-0.060165438459676014,0.014154947170363353,-0.07432038563003937,2020,8765
2020-06-04,-0.27519807923169265,-0.05322765554460719,0.02979427631829944,-0.08302193186290663,2020,8765
2020-06-05,-0.33244495675744995,-0.046221134444527065,0.08111034631888805,-0.1273314807634151,2020,8765
2020-06-08,-0.1454606578076973,0.010790294774599352,0.06588054692666598,-0.05509025215206663,2020,8765
2020-06-09,-0.12759009823841463,0.0007185977089452789,0.03728480477286601,-0.03656620706392073,2020,8765
2020-06-10,-0.30696088633436813,-0.041347344276532305,0.030441241133233966,-0.07178858540976626,2020,8765
2020-06-11,-0.21114045618247296,-0.06215718421004178,-0.012551362130638144,-0.04960582207940364,2020,8765
2020-06-12,-0.3260984393757503,-0.07416831204655544,0.011619134018783695,-0.08578744606533914,2020,8765
2020-06-15,-0.06958317334185289,-0.023734620132831608,-0.016429940264656284,-0.007304679868175325,2020,8765
2020-06-16,0.06842737094837935,-0.033130150578435894,-0.053707550102709944,0.02057739952427405,2020,8765
2020-06-17,0.11438449906055839,-0.05975542783517558,-0.08818619648289251,0.02843076864771693,2020,8765
2020-06-18,-0.19692677070828332,-0.06411283250508723,-0.02259251253138559,-0.04152031997370164,2020,8765
2020-06-19,0.09579831932773109,-0.05815776242867236,-0.04748390612864195,-0.010673856300030413,2020,8765
2020-06-22,0.08773530551798843,-0.04422228537749471,-0.04965840914374683,0.005436123766252118,2020,8765
2020-06-23,-0.004129751015620496,-0.04519277518352434,-0.05435721266685313,0.009164437483328791,2020,8765
2020-06-24,-0.2103291796327648,-0.10513441313657461,-0.017738286618569753,-0.08739612651800485,2020,8765
2020-06-29,-0.01867992029158573,-0.1813382896534227,-0.11701758137055696,-0.06432070828286574,2020,8765
2020-06-30,-0.11875150060024009,-0.1499868787980457,-0.10296190075603757,-0.04702497804200813,2020,8765
2020-07-01,-0.002929171668667467,-0.13429318364979498,-0.11712107590397662,-0.017172107745818357,2020,8765
2020-07-02,-0.20883553421368548,-0.15160675478758234,-0.0626795019602565,-0.08892725282732585,2020,8765
2020-07-03,-0.18002400960384152,-0.11672992111712506,-0.05863119461843268,-0.05809872649869238,2020,8765
2020-07-06,-0.03212484993997599,-0.10703329527491048,-0.08361494858511556,-0.023418346689794922,2020,8765
2020-07-07,0.16898770668735705,-0.07295053458057606,-0.10356989701259371,0.030619362432017655,2020,8765
2020-07-08,0.12168651569927898,-0.08620046619325766,-0.1059564230694359,0.019755956876178232,2020,8765
2020-07-09,0.0846619286416057,-0.09955306815514413,-0.11758115091193103,0.018028082756786898,2020,8765
2020-07-10,0.13478991596638654,-0.0041864505580816004,-0.012625818310711101,0.0084393677526295,2020,8765
2020-07-13,-0.11279711884753903,-0.08395598608506853,-0.030697755775432222,-0.053258230309636306,2020,8765
2020-07-14,0.002352941176470588,-0.05648965616604092,0.034418788133561605,-0.09090844429960253,2020,8765
2020-07-15,0.06415520182405793,-0.06477832697654595,-0.04267221597924118,-0.022106110997304772,2020,8765
2020-07-16,0.009508031408056491,-0.017224895634516325,-0.02405360977158285,0.006828714137066524,2020,8765
2020-07-17,-0.0760144057623049,-0.05519087998051719,0.037572799839984926,-0.09276367982050213,2020,8765
2020-07-20,0.10972388955582232,-0.07059207315113494,-0.04053945550542448,-0.03005261764571046,2020,8765
2020-07-21,0.15131215639790913,-0.03188083382804844,-0.021954422441702204,-0.009926411386346236,2020,8765
2020-07-22,0.16091236494597838,0.023659173352445894,0.018744316666187033,0.004914856686258861,2020,8765
2020-07-23,0.1298919567827131,-0.031036406335346434,0.025888104605030104,-0.05692451094037654,2020,8765
2020-07-24,0.0449950779260047,0.033802893562287675,0.041064559449302526,-0.007261665887014851,2020,8765
2020-07-27,-0.32581032412965183,-0.01140641493391199,0.12472140304656268,-0.13612781798047466,2020,8765
2020-07-28,-0.23121248499399757,-0.028012473340690548,0.09046058399252313,-0.11847305733321367,2020,8765
2020-07-29,-0.2068187274909964,0.003757449375337596,0.11055847274967152,-0.10680102337433393,2020,8765
2020-07-30,-0.21248499399759901,0.020444269350540743,0.12156964745238259,-0.10112537810184186,2020,8765
2020-07-31,-0.2580072028811525,-0.028492346532198776,0.20083790779074345,-0.22933025432294224,2020,8765
2020-08-03,-0.21542451042895244,-0.038271918003289926,0.12970259240980236,-0.1679745104130923,2020,8765
2020-08-04,-0.35846338535414163,-0.04753447541873625,0.015059806863381042,-0.06259428228211729,2020,8765
2020-08-05,-0.20745293915583474,-0.03074649521678764,0.10890865008904263,-0.13965514530583026,2020,8765
2020-08-06,-0.301704681872749,-0.05505344337746263,0.17397638187140627,-0.2290298252488689,2020,8765
2020-08-07,-0.21157770900958026,-0.029631077715057973,0.10866703413283516,-0.13829811184789312,2020,8765
2020-08-10,-0.24331332533013206,-0.03603809218494197,-0.008420916389747091,-0.027617175795194883,2020,8765
2020-08-11,-0.12542918200931086,-0.0029479348044702315,0.015370685157324848,-0.01831861996179508,2020,8765
2020-08-12,-0.20019207683073229,-0.048910546945660674,0.1097878240395409,-0.15869837098520156,2020,8765
2020-08-13,-0.005810324129651861,-0.027673090546400957,-0.0162263785210487,-0.011446712025352256,2020,8765
2020-08-14,0.060264105642256906,-0.056053186980114814,-0.045669052648138954,-0.01038413433197586,2020,8765
2020-08-17,0.11202881152460985,0.0067829368899567696,-0.026764434598771925,0.033547371488728696,2020,8765
2020-08-18,0.15870348139255702,0.00041259488505657194,-0.041318262932822716,0.04173085781787929,2020,8765
2020-08-19,0.15390525587283357,0.0015606402757965322,-0.036826160858111356,0.03838680113390789,2020,8765
2020-08-20,0.27150711909672426,0.02656411808858432,-0.03908103524763977,0.06564515333622409,2020,8765
2020-08-21,0.2289075630252101,0.03401991749112978,-0.02550941319122062,0.059529330682350404,2020,8765
2020-08-24,0.0670828331332533,0.0074975222446663214,-0.020075215724340657,0.02757273796900698,2020,8765
2020-08-25,0.1582232893157263,0.02096430105633701,-0.036876410148937645,0.057840711205274654,2020,8765
2020-08-26,0.0848499399759904,0.014010241005191226,-0.01930952797078007,0.033319768975971296,2020,8765
2020-08-27,-0.021176470588235297,0.0015442133928188606,-0.018884819732472413,0.020429033125291273,2020,8765
2020-08-28,0.03174069627851141,0.005207965826881678,-0.012021619330725663,0.017229585157607342,2020,8765
2020-08-31,0.024970587536309975,0.01821057078162034,-0.022338974438212346,0.040549545219832686,2020,8765
2020-09-01,-0.11433373349339734,-0.0024081717338940932,-0.002638687645935123,0.00023051591204102965,2020,8765
2020-09-02,-0.09800720288115244,0.00026346762888956876,-0.0169910119076926,0.017254479536582167,2020,8765
2020-09-03,-0.058727490996398554,0.02482450168294218,-0.010071778958180622,0.0348962806411228,2020,8765
2020-09-04,0.04451380552220888,-0.014249429886133846,-0.012743523311121274,-0.0015059065750125718,2020,8765
2020-09-07,0.11519807923169266,-0.023363170998982875,-0.04167825146416447,0.018315080465181596,2020,8765
2020-09-08,0.05805522208883554,-0.0023861624604405,-0.01190005696895804,0.009513894508517539,2020,8765
2020-09-09,0.13085234093637454,-0.0025640162465895623,0.01938097403219765,-0.021944990278787213,2020,8765
2020-09-10,0.10050420168067226,0.0010072873233414326,-0.0211111532642281,0.02211844058756953,2020,8765
2020-09-11,0.19663865546218487,0.02117586245429166,-0.04702039965638923,0.06819626211068089,2020,8765
2020-09-14,0.2704921968787515,0.05458132980029155,0.00728504741283299,0.04729628238745856,2020,8765
2020-09-15,0.14256902761104442,0.052403529088135704,0.011825456149763136,0.04057807293837257,2020,8765
2020-09-16,0.1894357743097239,0.037337426705350174,0.00992466674914504,0.027412759956205134,2020,8765
2020-09-17,0.18175270108043215,0.05390463583046358,-0.01103370865792982,0.0649383444883934,2020,8765
2020-09-18,0.303625450180072,0.02561077182385473,-0.021461405755390395,0.047072177579245124,2020,8765
2020-09-21,0.34280912364945976,0.07037432365440996,-0.025526065878078995,0.09590038953248896,2020,8765
2020-09-22,0.4844657863145258,0.07675592757994569,-0.0280581634067421,0.10481409098668779,2020,8765
2020-09-23,0.15899159663865545,0.06295963967534597,-0.005137794502775683,0.06809743417812165,2020,8765
2020-09-24,0.2657863145258103,0.04714530399525434,-0.002471032856084454,0.04961633685133879,2020,8765
2020-09-25,0.5105882352941176,0.0500807547613093,-0.03122210292540618,0.08130285768671548,2020,8765
2020-09-28,0.4724609843937575,0.05509403703548647,-0.050901563844497434,0.10599560087998391,2020,8765
2020-09-29,0.40225690276110443,0.09059716067544785,-0.0238606990570298,0.11445785973247764,2020,8765
2020-09-30,0.40629051620648254,0.05190713801901903,-0.02449300498613046,0.0764001430051495,2020,8765
2020-10-05,0.25618247298919566,0.04448870355288892,-0.02758408667100485,0.07207279022389376,2020,8765
2020-10-06,0.2746218487394958,0.060652857983425935,-0.03264680538553606,0.093299663368962,2020,8765
2020-10-07,0.1033398161118059,0.05203641406267897,-0.0030965903796607353,0.055133004442339706,2020,8765
2020-10-08,0.12192076830732293,0.08015143294165203,0.0050236285539208446,0.07512780438773119,2020,8765
2020-10-12,0.24590636254501802,0.15961411755633712,0.006261552677157811,0.1533525648791793,2020,8765
2020-10-13,-0.057190876350540217,0.08207293658558489,0.05188738148092957,0.030185555104655315,2020,8765
2020-10-14,-0.018775510204081632,0.057182010084092016,0.027506974011650864,0.029675036072441152,2020,8765
2020-10-15,0.0026410564225690276,0.04862087062667475,0.007012895075443515,0.04160797555123123,2020,8765
2020-10-16,0.07947178871548619,0.06097208424366929,0.029550557467795568,0.03142152677587372,2020,8765
2020-10-19,0.09531812725090036,0.015846784616479148,-0.01782045283947866,0.03366723745595781,2020,8765
2020-10-20,0.01752701080432173,0.020304305233901487,-0.010064923428105032,0.030369228662006517,2020,8765
2020-10-21,0.13469387755102039,0.054919856722010295,-0.01009882538853093,0.06501868211054122,2020,8765
2020-10-22,0.24667466986794717,0.07784295587639757,-0.020057913399137473,0.09790086927553504,2020,8765
2020-10-23,0.3196715408254144,0.06263234693662692,-0.02002052572337979,0.0826528726600067,2020,8765
2020-10-26,0.4351980792316926,0.059751414494373045,-0.04202894706936465,0.1017803615637377,2020,8765
2020-10-27,0.45114045618247295,0.03791998323771033,-0.04737953609553157,0.0852995193332419,2020,8765
2020-10-28,0.16388955582232892,0.08605694774174552,0.003975866851347831,0.08208108089039769,2020,8765
2020-10-29,0.31418967587034813,0.08247163499993596,-0.00040482691345538057,0.08287646191339133,2020,8765
2020-10-30,0.14525810324129654,0.034391026200069966,0.011096932429817042,0.023294093770252926,2020,8765
2020-11-02,0.30881152460984396,0.07369403434818836,-0.03622357300925867,0.10991760735744703,2020,8765
2020-11-03,0.011764705882352943,0.0438130932118194,0.0030764495911199006,0.0407366436206995,2020,8765
2020-11-04,-0.16129651860744296,-0.011107810576655964,0.01627322243571323,-0.027381033012369195,2020,8765
2020-11-05,0.0580566160219207,0.058849080093465324,-0.020316997098783363,0.07916607719224869,2020,8765
2020-11-06,-0.08792528034419915,0.0056314472512490775,-0.00618417594533649,0.011815623196585568,2020,8765
2020-11-09,-0.1640816326530612,-0.05345392804986092,-0.01775375224320319,-0.03570017580665773,2020,8765
2020-11-10,-0.01940022570128698,-0.023440014359455176,-0.043594159854669856,0.02015414549521468,2020,8765
2020-11-11,-0.04917284930227195,0.045782413986439716,-0.023924206173515095,0.06970662015995481,2020,8765
2020-11-12,0.2965186074429772,0.10383165712599589,-0.03695799176902783,0.1407896488950237,2020,8765
2020-11-13,0.048643457382953184,0.04715001296996342,-0.010750183612539621,0.05790019658250304,2020,8765
2020-11-16,0.06823529411764705,0.11530452493116103,0.038831447366680184,0.07647307756448085,2020,8765
2020-11-17,0.2703131005806004,0.1251320951304286,-0.025287086179443564,0.15041918130987217,2020,8765
2020-11-18,0.023673469387755098,0.06804559020443189,-0.0030478513227219063,0.0710934415271538,2020,8765
2020-11-19,0.07563025210084032,0.03108311847641405,-0.013098080068147944,0.044181198544562,2020,8765
2020-11-20,0.21843937575030012,0.020080375235625603,-0.03877025646799488,0.05885063170362048,2020,8765
2020-11-23,0.1863234731307034,0.10685113210369637,0.021855533969475992,0.08499559813422038,2020,8765
2020-11-24,0.250234099330214,0.08964211643960845,-0.03348644524621992,0.12312856168582838,2020,8765
2020-11-25,0.2733035598256813,0.08595580146867125,-0.010001714299632324,0.09595751576830358,2020,8765
2020-11-26,0.28,0.10277089817268084,-0.025200595231333344,0.12797149340401417,2020,8765
2020-11-27,0.3018007202881153,0.11790699540368221,-0.019539180072568905,0.13744617547625113,2020,8765
2020-11-30,0.3063145258103241,0.1894545628214272,-0.01834633518579022,0.2078008980072174,2020,8765
2020-12-01,0.1883358544565533,0.198552068397668,-0.007137475472642607,0.2056895438703106,2020,8765
2020-12-02,0.03644657863145258,0.15634082483003922,-0.004769786144545185,0.1611106109745844,2020,8765
2020-12-03,0.23289874913673728,0.21418784380923403,-0.022880067097987466,0.23706791090722149,2020,8765
2020-12-04,0.11903961584633853,0.2283983978962692,-0.016869640141763877,0.24526803803803307,2020,8765
2020-12-07,-0.08355542752534492,0.14472678094111094,0.01673150024048451,0.12799528070062643,2020,8765
2020-12-08,0.09675870348139255,0.027464406866889522,-0.0239191578404498,0.05138356470733932,2020,8765
2020-12-09,0.07092436974789915,-0.012506508229520152,-0.039074721156607,0.026568212927086846,2020,8765
2020-12-10,0.20192561651958357,0.09922814818154566,-0.0629689278389914,0.16219707602053707,2020,8765
2020-12-11,0.07731278064126743,0.10983798323554735,0.0083524716536717,0.10148551158187565,2020,8765
2020-12-14,0.10300614687251515,-0.016064804171226642,-0.05001018720048113,0.03394538302925448,2020,8765
2020-12-15,0.1811764705882353,-0.005269455178812521,-0.07388171384768884,0.06861225866887631,2020,8765
2020-12-16,0.2561467540410237,0.042320411976993835,-0.07892921957164395,0.12124963154863778,2020,8765
2020-12-17,-0.02012053111098823,-0.017120887293155786,-0.034147465296099876,0.01702657800294409,2020,8765
2020-12-18,0.09205503135981966,-0.034601791528903914,-0.08855097294797004,0.05394918141906613,2020,8765
2020-12-21,-0.10050420168067226,-0.1362084116622843,-0.097561268244272,-0.038647143418012314,2020,8765
2020-12-22,0.00024009603841536613,-0.11618931191648826,-0.0854564553615341,-0.03073285655495417,2020,8765
2020-12-23,-0.04768307322929172,-0.12139017468146895,-0.11783922801780258,-0.003550946663666371,2020,8765
2020-12-24,0.015510204081632653,-0.0782097209780733,-0.1314756533574243,0.05326593237935101,2020,8765
2020-12-25,-0.08667466986794717,-0.08314632635202929,-0.07775780300678978,-0.00538852334523951,2020,8765
2020-12-28,-0.2350172880158924,-0.15378485150529642,-0.08216361100660104,-0.07162124049869538,2020,8765
2020-12-29,-0.24702266643926246,-0.15296919541391785,-0.07121524199497983,-0.08175395341893801,2020,8765
2020-12-30,-0.25455593178842145,-0.16979267392919778,-0.10324330447033661,-0.06654936945886117,2020,8765
2020-12-31,-0.2614645858343337,-0.1655953543672109,-0.06407190555251313,-0.10152344881469777,2020,8765
2021-01-04,-0.271939302342545,-0.1969693229292134,-0.011951147314443689,-0.18501817561476971,2021,8765
2021-01-05,-0.2661704681872749,-0.1760675692991726,-0.059651273064855334,-0.11641629623431728,2021,8765
2021-01-06,-0.1901080432172869,-0.15390083623689468,-0.07548097355964617,-0.07841986267724851,2021,8765
2021-01-07,-0.15111644657863144,-0.08766286606122747,-0.04456477768198965,-0.04309808837923782,2021,8765
2021-01-08,0.13478991596638654,-0.10402631203645178,-0.11626061689403926,0.012234304857587475,2021,8765
2021-01-11,0.16264105642256904,-0.0981745791910787,-0.11199036873438455,0.01381578954330584,2021,8765
2021-01-12,0.3083867560734282,-0.019264935867023693,-0.09286914123407052,0.07360420536704682,2021,8765
2021-01-13,0.2002881152460984,-0.01444478973148743,-0.06650445889290539,0.052059669161417965,2021,8765
2021-01-14,0.25243697478991595,-0.006632314551443097,-0.044892071982024315,0.038259757430581215,2021,8765
2021-01-15,0.5101080432172869,0.07013060725958827,-0.03944162717945886,0.10957223443904712,2021,8765
2021-01-18,0.23034813925570227,-0.008792661205051788,-0.007771234794587567,-0.0010214264104642214,2021,8765
2021-01-19,0.010708283313325332,0.050030902013630106,0.03940000766815921,0.010630894345470897,2021,8765
2021-01-20,0.04614645858343337,0.08921355019274466,0.02894675138041657,0.06026679881232809,2021,8765
2021-01-21,-0.1431452581032413,0.06683588059471032,0.10834400667684627,-0.04150812608213594,2021,8765
2021-01-22,-0.25566040008329677,0.00046846096113384306,0.09493509209528475,-0.09446663113415091,2021,8765
2021-01-25,-0.442267521556567,-0.01399747226684489,0.06686922488156839,-0.08086669714841328,2021,8765
2021-01-26,-0.4070685972024993,-0.009830406581228501,0.07737692203937903,-0.08720732862060752,2021,8765
2021-01-27,-0.37488595438175265,-0.004680082273128073,0.09796869685198638,-0.10264877912511446,2021,8765
2021-01-28,-0.46669867947178867,-0.03147485897402339,0.0935879403007415,-0.12506279927476488,2021,8765
2021-01-29,-0.24327114703643526,-0.015686136745393275,0.05441795585735985,-0.07010409260275312,2021,8765
2021-02-01,-0.3399279711884754,-0.0197497406055386,0.07864964804150072,-0.09839938864703932,2021,8765
2021-02-02,-0.48561824729891956,0.026933224858677496,0.12779117813699595,-0.10085795327831845,2021,8765
2021-02-03,-0.4060024009603841,0.03953460286544005,0.1240587574328752,-0.08452415456743514,2021,8765
2021-02-04,-0.45478991596638657,0.016807896891267837,0.11343114518441125,-0.09662324829314341,2021,8765
2021-02-05,-0.4113805522208883,0.006026400271240207,0.11873929610799114,-0.11271289583675093,2021,8765
2021-02-17,-0.25882974388598223,0.056196048090701445,0.12640540629189703,-0.07020935820119559,2021,8765
2021-02-18,-0.526626650660264,0.0528165762375999,0.155112099091192,-0.1022955228535921,2021,8765
2021-02-19,-0.3741746501594756,0.05649702577441895,0.12429996667682883,-0.06780294090240988,2021,8765
2021-02-22,-0.20403361344537815,0.05859351715783716,0.062885821549287,-0.0042923043914498415,2021,8765
2021-02-23,0.08105836877171392,0.05165618818104648,0.03757453304443346,0.014081655136613025,2021,8765
2021-02-24,0.018775510204081632,0.03195538520284312,0.0296556977184814,0.002299687484361719,2021,8765
2021-02-25,-0.06160864345738295,0.023008329602055476,0.04713532084707735,-0.02412699124502187,2021,8765
2021-02-26,-0.15668667466986794,0.007568027308001291,0.05991908090721797,-0.05235105359921668,2021,8765
2021-03-02,0.07188475390156063,0.04493527724505412,0.04341204288176065,0.00152323436329347,2021,8765
2021-03-03,0.047490996398559415,0.07356761620941248,0.08121948202458666,-0.007651865815174186,2021,8765
2021-03-04,-0.1541933780367141,0.04467396339389269,0.1287106007092122,-0.0840366373153195,2021,8765
2021-03-05,-0.025498199279711888,0.05527774392756254,0.13044280496235744,-0.0751650610347949,2021,8765
2021-03-08,0.049603841536614644,0.0292141054650638,0.056629199549257735,-0.027415094084193934,2021,8765
2021-03-09,-0.28403361344537814,0.02729248900391825,0.14362222851757822,-0.11632973951365996,2021,8765
2021-03-10,-0.08321728691476589,0.03799168424791223,0.07094136849183201,-0.03294968424391978,2021,8765
2021-03-11,-0.0346218487394958,0.08079294056226233,0.018059377492223094,0.06273356307003923,2021,8765
2021-03-12,0.06631452581032413,0.1277161881135432,0.06512428235751858,0.06259190575602464,2021,8765
2021-03-15,-0.009843937575030014,0.11200688972210929,0.07245823868446329,0.039548651037646,2021,8765
2021-03-16,0.05334933973589436,0.1856091112982245,0.05928883621750895,0.12632027508071553,2021,8765
2021-03-17,0.00014405762304921967,0.09249506941571925,0.025559641899206252,0.06693542751651299,2021,8765
2021-03-18,-0.08081632653061224,0.04030958711376757,0.040496462741937,-0.0001868756281694292,2021,8765
2021-03-19,-0.11068427370948379,0.031855072899703005,0.17968136082759448,-0.1478262879278915,2021,8765
2021-03-22,-0.026074429771908762,0.0876290852154576,0.05158420654755268,0.03604487866790493,2021,8765
2021-03-23,0.09973589435774309,0.20365607777308745,0.031784697340312994,0.17187138043277445,2021,8765
2021-03-24,0.012293212325567987,0.11934864308775887,0.02685266536522788,0.09249597772253099,2021,8765
2021-03-25,0.1296998799519808,0.29346219692663766,0.04424653148544124,0.24921566544119642,2021,8765
2021-03-26,0.24312124849939976,0.2628155292357634,0.10800044779507849,0.1548150814406849,2021,8765
2021-03-29,0.30967587034813926,0.2409930054153465,0.04421709170751777,0.1967759137078287,2021,8765
2021-03-30,0.03270108043217287,0.14491371332954459,0.10838428954995596,0.03652942377958862,2021,8765
2021-03-31,-0.11865546218487394,0.11901654304334723,0.09033054165082435,0.028686001392522878,2021,8765
2021-04-01,-0.16845542514879883,-0.01611503460446504,0.07100928082204658,-0.08712431542651161,2021,8765
2021-04-07,0.16686674669867946,0.0929018519848055,0.04633457684578938,0.046567275139016116,2021,8765
2021-04-08,0.24177671068427373,0.13459301235464016,-0.008106112927169373,0.14269912528180953,2021,8765
2021-04-09,0.5119327731092437,0.27776757848226535,-0.03219610852787441,0.30996368701013977,2021,8765
2021-04-12,0.31188475390156056,0.12736063675094558,-0.010846165353877701,0.13820680210482328,2021,8765
2021-04-13,0.1316206482593037,0.13019602203725608,-0.013018716478930692,0.14321473851618677,2021,8765
2021-04-14,0.14122448979591837,0.16937268723359172,-0.005022067240388406,0.17439475447398012,2021,8765
2021-04-15,0.2943097238895558,0.11717747056375308,0.0094193187282554,0.10775815183549768,2021,8765
2021-04-16,0.2824009603841537,0.06380692047842826,-0.013463140971173848,0.0772700614496021,2021,8765
2021-04-19,0.1400720288115246,0.07415542040222926,-0.017670359207460563,0.09182577960968982,2021,8765
2021-04-20,0.03375750300120048,0.027144009910152388,-0.0072268790857624495,0.03437088899591484,2021,8765
2021-04-21,0.10924369747899158,0.054889705397909085,-0.019107689253920777,0.07399739465182986,2021,8765
2021-04-22,0.08720497493449793,0.09625387016037917,0.0245028268121098,0.07175104334826937,2021,8765
2021-04-23,0.22055222088835533,0.13437970173982774,-0.031053530684114195,0.16543323242394195,2021,8765
2021-04-26,0.028187274909963984,0.0463027405262265,0.019508583358922395,0.026794157167304107,2021,8765
2021-04-27,0.26997694998474603,0.1309637412385487,0.0025640918349552956,0.1283996494035934,2021,8765
2021-04-28,0.23918367346938774,0.12580760643356972,0.003926274346109715,0.12188133208746,2021,8765
2021-04-29,0.22247298919567823,0.12414309687744896,-0.03080640186189725,0.15494949873934621,2021,8765
2021-05-03,0.11865546218487394,0.060020648466350676,-0.014603823632200908,0.07462447209855158,2021,8765
2021-05-04,0.41637454981992794,0.17727585190160644,0.01356784049406371,0.16370801140754274,2021,8765
2021-05-05,0.3210084033613445,0.1377951089294211,-0.0004508799718081491,0.13824598890122924,2021,8765
2021-05-06,0.2279471788715486,0.16348163692630696,-0.013485398211667355,0.17696703513797432,2021,8765
2021-05-07,0.36259303721488595,0.17435795799682405,-0.017657442476843144,0.1920154004736672,2021,8765
2021-05-10,0.19433373349339736,0.07035404785061913,-0.025016201526749958,0.0953702493773691,2021,8765
2021-05-11,0.16849939975990394,0.10586515764594498,0.0076281372792894155,0.09823702036665556,2021,8765
2021-05-12,0.2740456182472989,0.20781321187888727,0.04005388620405437,0.1677593256748329,2021,8765
2021-05-13,0.5315246098439376,0.20001870318787995,-0.04272847394370296,0.24274717713158292,2021,8765
2021-05-14,0.4753421368547419,0.21778588776036578,-0.00491797828188788,0.22270386604225367,2021,8765
2021-05-17,0.5176950780312125,0.29851028017439074,-0.01957471318202606,0.3180849933564168,2021,8765
2021-05-18,0.26232893157262904,0.11331044235035634,0.13535619774785376,-0.022045755397497424,2021,8765
2021-05-19,0.025018007202881155,0.057241560793019376,0.18647150983351438,-0.129229949040495,2021,8765
2021-05-20,0.24360144057623048,0.07864800230343647,0.06567988213995704,0.012968120163479424,2021,8765
2021-05-21,0.13142857142857142,0.2057180384668455,0.11405165415617098,0.09166638431067452,2021,8765
2021-05-24,0.0028331332533013207,0.0504689488139929,0.08143540210255837,-0.030966453288565468,2021,8765
2021-05-25,-0.014165666266506602,0.14451746034423668,0.03832252538152362,0.10619493496271307,2021,8765
2021-05-26,-0.02809123649459784,0.15247561028255063,0.12929600400289504,0.023179606279655596,2021,8765
2021-05-27,-0.009171668667466985,0.155904389053163,0.12050082407551119,0.03540356497765182,2021,8765
2021-05-28,-0.02127250900360144,0.15810597213068184,0.029397477759621114,0.12870849437106072,2021,8765
2021-05-31,0.05930372148859543,0.1647858350885228,0.024814892838567405,0.13997094224995538,2021,8765
2021-06-01,0.15764705882352942,0.26802079814780083,0.02976196501805557,0.23825883312974527,2021,8765
2021-06-02,0.10074671663688141,0.26792461755075825,0.030483486756031342,0.2374411307947269,2021,8765
2021-06-03,0.23015606242497,0.26804593610982774,-0.004733138562003247,0.272779074671831,2021,8765
2021-06-04,0.03923169267707083,0.2512037262641954,0.029883179776096426,0.22132054648809898,2021,8765
2021-06-07,0.20153661464585834,0.3142423599732358,0.009261124552557287,0.3049812354206785,2021,8765
2021-06-08,0.22896107956370376,0.24687715588778342,0.03410283405669242,0.212774321831091,2021,8765
2021-06-09,0.35318127250900355,0.2518910262898032,0.00979669149780552,0.24209433479199768,2021,8765
2021-06-10,0.08811524609843938,0.27482382506341885,0.020541698166030086,0.25428212689738877,2021,8765
2021-06-11,0.11740696278511403,0.21256815724055503,0.022975297626825264,0.18959285961372976,2021,8765
2021-06-15,0.20836034484624802,0.10950924419212153,0.031103969480604832,0.0784052747115167,2021,8765
2021-06-16,0.1786794717887155,0.0840048581251419,0.030621544799052325,0.053383313326089574,2021,8765
2021-06-17,0.20557022809123648,0.13229043695849452,0.04066829747557219,0.09162213948292233,2021,8765
2021-06-18,0.3551020408163265,0.12809206963729033,0.028286260097922122,0.09980580953936821,2021,8765
2021-06-21,0.21354141656662667,0.06059962335260492,0.022435532400024116,0.038164090952580804,2021,8765
2021-06-22,0.37642256902761095,0.09902866401661312,0.004277284894426314,0.0947513791221868,2021,8765
2021-06-23,0.32494597839135647,0.07411481890393837,0.004865345845971414,0.06924947305796696,2021,8765
2021-06-24,0.044801920768307316,0.02479888425556963,0.00910923399958774,0.01568965025598189,2021,8765
2021-06-25,-0.01003625537517074,-0.011781924751880102,-0.016658221270902784,0.004876296519022681,2021,8765
2021-06-28,0.14929171668667465,-0.025331280719720538,-0.007806577138751469,-0.017524703580969067,2021,8765
2021-06-29,0.06708444382350968,-0.04947457644889498,-0.007146278611197732,-0.04232829783769725,2021,8765
2021-06-30,-0.03750300120048019,-0.07250728460980473,0.0070190602217656385,-0.07952634483157037,2021,8765
2021-07-01,-0.11577430972388955,-0.053359966323835904,0.02299487132576289,-0.0763548376495988,2021,8765
2021-07-02,-0.08100840336134453,-0.09622246164895215,0.024459112559507713,-0.12068157420845986,2021,8765
2021-07-05,0.07274909963985594,-0.08495168369434217,-0.01766850089133847,-0.0672831828030037,2021,8765
2021-07-06,-0.23524609843937574,-0.08791742981188456,0.035513726686277614,-0.12343115649816218,2021,8765
2021-07-07,-0.14429771908763506,-0.07166488731127454,0.021784728776190976,-0.09344961608746552,2021,8765
2021-07-08,-0.22401498241708853,-0.10914190158972392,-0.004987616882341239,-0.10415428470738268,2021,8765
2021-07-09,-0.32196878751500596,-0.0889624787889845,0.044602034846460935,-0.13356451363544544,2021,8765
2021-07-12,-0.002352941176470588,-0.05359266461378352,-0.004113921748091065,-0.049478742865692454,2021,8765
2021-07-13,-0.016278511404561824,-0.022849165006930607,-0.017591028647833584,-0.005258136359097023,2021,8765
2021-07-14,-0.3649939975990396,-0.07201688839047693,0.0397969542432984,-0.11181384263377533,2021,8765
2021-07-15,-0.19193277310924367,-0.041235462547983014,0.00787996956721516,-0.04911543211519817,2021,8765
2021-07-16,-0.239093375660168,-0.08553725299712729,-0.00015282281114807893,-0.08538443018597922,2021,8765
2021-07-19,-0.20797118847539015,-0.06857952787298041,-0.026791494002845483,-0.041788033870134925,2021,8765
2021-07-20,0.0015846338535414166,-0.08023365869957695,-0.05505465633066131,-0.02517900236891564,2021,8765
2021-07-21,0.10674669867947177,-0.00623670968416633,-0.052765966163297665,0.04652925647913134,2021,8765
2021-07-22,-0.018775510204081632,-0.010046029258209244,-0.0008644007777112272,-0.009181628480498017,2021,8765
2021-07-23,-0.013589435774309724,0.004335385145323412,0.006770531770297505,-0.0024351466249740933,2021,8765
2021-07-26,0.16148859543817526,0.03277782992340365,-0.0031127004347671684,0.035890530358170816,2021,8765
2021-07-27,0.18069627851140455,0.02074398364270038,-0.004483698126517543,0.025227681769217924,2021,8765
2021-07-28,0.04979591836734694,-0.0006440602114012983,-0.0008573743535972511,0.00021331414219595286,2021,8765
2021-07-29,0.006290516206482593,-0.05053914977489536,-0.03410008864095706,-0.016439061133938303,2021,8765
2021-07-30,0.17118847539015608,0.02401915802412826,-0.017723124655583268,0.04174228267971153,2021,8765
2021-08-02,-0.10309723889555823,-0.03655993431236787,-0.0007486027792863226,-0.035811331533081546,2021,8765
2021-08-03,-0.033565426170468184,-0.017314690791649066,-0.02214149331307248,0.004826802521423413,2021,8765
2021-08-04,0.2560864345738295,0.004675198768402977,-0.018259355763006645,0.02293455453140962,2021,8765
2021-08-05,0.11260504201680673,-0.011539883931479167,-0.012183686418796224,0.0006438024873170571,2021,8765
2021-08-06,0.3228331332533013,0.007676778210470747,-0.04933920440905133,0.05701598261952208,2021,8765
2021-08-09,0.2620408163265306,-0.011030888295159014,-0.04005978916992017,0.029028900874761152,2021,8765
2021-08-10,0.15169267707082834,0.006862697961006881,-0.007082740734856363,0.013945438695863243,2021,8765
2021-08-11,0.0848499399759904,-0.04147099236641703,-0.027521636709517083,-0.013949355656899944,2021,8765
2021-08-12,0.2772148859543817,-0.0026432194686143553,-0.05240623188531755,0.049763012416703195,2021,8765
2021-08-13,0.2657863145258103,0.0025747292772264284,-0.02425886165587223,0.02683359093309866,2021,8765
2021-08-16,0.11788998538777112,0.010446466112543962,-0.01897847112399692,0.029424937236540882,2021,8765
2021-08-17,0.14660264105642254,0.023507711019125334,-0.0006733269852689294,0.024181038004394265,2021,8765
2021-08-18,0.2266986794717887,0.015460006743594368,-0.04043537164384738,0.055895378387441755,2021,8765
2021-08-19,0.3054501800720288,0.00948899373331068,-0.05901079742965979,0.06849979116297047,2021,8765
2021-08-20,0.20979591836734693,0.004181006090492023,-0.06426372488543049,0.0684447309759225,2021,8765
2021-08-23,0.22957983193277312,0.012093678065285485,-0.07919805781251188,0.09129173587779736,2021,8765
2021-08-24,0.16523409363745495,0.018699492290823093,-0.0345891101993938,0.05328860249021689,2021,8765
2021-08-25,0.1733013205282113,0.007124905327755515,-0.0277104645360323,0.03483536986378782,2021,8765
2021-08-26,-0.04912364945978391,0.008447280881412588,0.04063271049987238,-0.03218542961845979,2021,8765
2021-08-27,0.0006242496998799519,-0.007632220900730358,0.017347449673889515,-0.02497967057461987,2021,8765
2021-08-30,0.1707082833133253,0.010914394621885926,-0.010447908475734003,0.02136230309761993,2021,8765
2021-08-31,-0.16912771019785336,-0.03789743373671171,0.01280008483300632,-0.05069751856971803,2021,8765
2021-09-01,-0.23342136854741896,-0.013174324951482685,0.012714244032616373,-0.02588856898409906,2021,8765
2021-09-02,-0.10809123649459784,-0.006369143337176464,-0.007777381602333044,0.0014082382651565807,2021,8765
2021-09-03,-0.37278205970071987,-0.0193488896617545,0.028958007117084038,-0.04830689677883854,2021,8765
2021-09-06,-0.36787515006002397,-0.06550622665984752,0.01513277218784521,-0.08063899884769274,2021,8765
2021-09-07,-0.029819927971188476,-0.022292390483625014,-0.006849774053859159,-0.015442616429765854,2021,8765
2021-09-08,-0.06573829531812725,-0.013768017539276789,-0.03474660872024586,0.02097859118096907,2021,8765
2021-09-09,0.13843937575030013,0.021445742758981,-0.03716876154746594,0.05861450430644694,2021,8765
2021-09-10,0.06525810324129651,0.0016411766493232172,-0.10165356550791751,0.10329474215724073,2021,8765
2021-09-13,0.006962785114045618,-0.013253431713306651,0.004621527411847448,-0.017874959125154098,2021,8765
2021-09-14,-0.13277310924369748,-0.024424115804124867,0.00451663927437469,-0.028940755078499556,2021,8765
2021-09-15,0.04163265306122449,0.006305302846905702,-0.06002586052861596,0.06633116337552165,2021,8765
2021-09-16,-0.10770708283313324,-0.02254162521339088,0.0016234698952401704,-0.02416509510863105,2021,8765
2021-09-17,0.10818727490996398,0.00704111137445802,-0.0503570277060192,0.05739813908047722,2021,8765
2021-09-22,0.2503301400515075,0.008809847335805176,-0.047560760561300854,0.05637060789710603,2021,8765
2021-09-23,0.18770708283313325,-0.034049459667019534,-0.06653966299290645,0.03249020332588692,2021,8765
2021-09-24,0.23985594237695076,-0.005415456679877584,-0.05947443753554554,0.05405898085566796,2021,8765
2021-09-27,0.3617286914765906,0.005752643328037266,-0.07107593956673998,0.07682858289477724,2021,8765
2021-09-28,0.33387755102040817,-0.007607317891536713,-0.05148454320244468,0.043877225310907965,2021,8765
2021-09-29,0.055078031212484994,-0.05205922108239782,-0.01515044020565095,-0.03690878087674687,2021,8765
2021-09-30,-0.15318495046313232,-0.03248015102281805,0.004986557992487173,-0.03746670901530522,2021,8765
2021-10-01,-0.19270108043217285,0.014981921157225353,0.017836898595942563,-0.00285497743871721,2021,8765
2021-10-04,0.21094837935174068,0.11499653873063678,-0.0002882212791495031,0.11528476000978628,2021,8765
2021-10-05,0.22362545018007202,0.06787598959133437,-0.0113516714169824,0.07922766100831677,2021,8765
2021-10-06,0.3507803121248499,0.09680399674281873,-0.007779974137776114,0.10458397088059485,2021,8765
2021-10-07,0.26680112375334275,0.08404750428222722,0.003937391570310267,0.08011011271191695,2021,8765
2021-10-08,0.3890036014405762,0.05064038063930193,0.019995616718454224,0.030644763920847706,2021,8765
2021-10-12,0.3811284513805521,0.11769398975329026,-0.011572798904479098,0.12926678865776936,2021,8765
2021-10-13,0.47015606242496993,0.1509290607160863,0.018735724415109,0.1321933363009773,2021,8765
2021-10-14,0.4909003601440575,0.11327553340164624,-0.0076221155955880525,0.12089764899723429,2021,8765
2021-10-15,0.3493001033444591,0.1326388408719983,0.03688632272522021,0.09575251814677807,2021,8765
2021-10-18,0.32206482593037217,0.05337747832226528,0.03269439995368414,0.020683078368581145,2021,8765
2021-10-19,0.28230492196878754,0.0631016394007347,0.004073616086846044,0.05902802331388865,2021,8765
2021-10-20,0.18415366146458584,0.04746706532663127,0.01089704817954199,0.03657001714708928,2021,8765
2021-10-21,-0.0010084033613445378,0.016046061339449347,0.01662023779403069,-0.000574176454581344,2021,8765
2021-10-22,0.21345050307480354,0.07736155865704744,0.0794049532384303,-0.0020433945813828625,2021,8765
2021-10-25,0.22996398559423767,0.06243598671792685,-0.0020719396397287813,0.06450792635765563,2021,8765
2021-10-26,0.19990396158463383,0.07658425367076098,0.04446806397724325,0.03211618969351773,2021,8765
2021-10-27,0.17166866746698678,0.0671953121319498,0.08096830142640497,-0.013772989294455168,2021,8765
2021-10-28,0.4141656662665066,0.06658073542853768,-0.017998348417985022,0.0845790838465227,2021,8765
2021-10-29,0.23995198079231692,0.015992925254008937,-0.012084149565639057,0.028077074819647996,2021,8765
2021-11-01,0.22429771908763504,0.02793602949164219,0.005698798190488019,0.02223723130115417,2021,8765
2021-11-02,-0.014069627851140454,0.009768485244406844,0.028161456286359954,-0.01839297104195311,2021,8765
2021-11-03,0.18751500600240098,0.02531482460255389,0.004305175906711855,0.021009648695842032,2021,8765
2021-11-04,0.23812725090036013,0.04018800522933101,-0.002918039560082686,0.0431060447894137,2021,8765
2021-11-05,0.4896518607442977,0.056360455990397205,-0.01267539295846043,0.06903584894885764,2021,8765
2021-11-08,0.4173929747415506,0.06738699348343981,0.0009247695723145988,0.0664622239111252,2021,8765
2021-11-09,0.47111644657863144,0.06676120784836212,-0.009276836541589385,0.0760380443899515,2021,8765
2021-11-10,0.3654741896758703,0.061116461108979836,-0.00941629630510471,0.07053275741408455,2021,8765
2021-11-11,0.3774789915966386,0.0792049083063902,0.0004265688206378071,0.07877833948575239,2021,8765
2021-11-12,0.32533013205282113,0.0912580602841686,0.03903693930374905,0.05222112098041954,2021,8765
2021-11-15,0.36028811524609844,0.12355660569970901,0.004447407338684139,0.11910919836102488,2021,8765
2021-11-16,0.12144057623049219,0.050213202379089515,0.021377086939168743,0.028836115439920772,2021,8765
2021-11-17,-0.15937575030012002,0.04414610674850339,0.0454804621642376,-0.0013343554157342133,2021,8765
2021-11-18,-0.08504201680672267,0.035763345945319616,0.0317343036510477,0.004029042294271916,2021,8765
2021-11-19,0.0642016806722689,0.05701201724404985,0.03238367321053215,0.0246283440335177,2021,8765
2021-11-22,0.13517406962785114,0.06427147923517419,0.04133897657966129,0.0229325026555129,2021,8765
2021-11-23,0.1631731854776563,0.06042178407306105,0.022104872260039553,0.03831691181302149,2021,8765
2021-11-24,0.15668667466986794,0.04564566601038024,0.005704064556568822,0.03994160145381142,2021,8765
2021-11-25,0.03519807923169268,0.04856015489720729,0.008891416294010879,0.03966873860319641,2021,8765
2021-11-26,0.14324129651860742,0.050690821760139546,0.023945931804049504,0.02674488995609004,2021,8765
2021-11-29,0.04605042016806723,0.04200476754314038,0.019060208480312847,0.02294455906282753,2021,8765
2021-11-30,0.07783913565426169,0.031156969715055625,0.015961996788560674,0.015194972926494951,2021,8765
2021-12-01,0.1032893157262905,0.04631858546350346,0.017796054964928497,0.028522530498574963,2021,8765
2021-12-02,0.19174069627851137,0.04796740754350104,0.011515422673646015,0.03645198486985503,2021,8765
2021-12-03,0.1891041802269013,0.010859539531445316,0.0018897792073275133,0.008969760324117802,2021,8765
2021-12-06,0.2169987995198079,-0.0052695813401332,-0.016862592703063305,0.011593011362930105,2021,8765
2021-12-07,-0.029339735894357743,-0.0437588811702027,0.0011917309311626268,-0.04495061210136533,2021,8765
2021-12-08,-0.06607601624992794,-0.03566473448318523,0.0056165630640475864,-0.041281297547232816,2021,8765
2021-12-09,-0.056038415366146455,-0.0334849558549553,-0.015395573571690491,-0.01808938228326481,2021,8765
2021-12-10,-0.05286914765906363,-0.06016092958439767,-0.03736866048227585,-0.022792269102121822,2021,8765
2021-12-13,-0.22909963985594234,-0.06936788687249487,-0.01877886092425073,-0.050589025948244146,2021,8765
2021-12-14,-0.2200292924834083,-0.09168813154053618,-0.018201171260177774,-0.07348696028035841,2021,8765
2021-12-15,-0.11673469387755102,-0.10228852629625056,-0.046436252369532346,-0.05585227392671821,2021,8765
2021-12-16,-0.06516206482593037,-0.07877179132954479,-0.04849053244496947,-0.03028125888457532,2021,8765
2021-12-17,-0.03606242496998799,-0.09479745243514065,-0.034543307551204064,-0.060254144883936586,2021,8765
2021-12-20,-0.10175514421046314,-0.0987239005276714,-0.059044648576810355,-0.03967925195086104,2021,8765
2021-12-21,0.06593037214885954,-0.06097866820378946,-0.05660976513448901,-0.004368903069300448,2021,8765
2021-12-22,-0.04273812097560746,-0.057554163405665285,-0.022462189986421976,-0.035091973419243305,2021,8765
2021-12-23,-0.025306122448979586,-0.09264826083651785,-0.05234867210465245,-0.0402995887318654,2021,8765
2021-12-24,-0.21872749099639854,-0.08565099847064625,-0.030855628416664227,-0.05479537005398202,2021,8765
2021-12-27,-0.19385819593092954,-0.08494416137588427,-0.01814309628143823,-0.06680106509444604,2021,8765
2021-12-28,-0.07399759903961585,-0.07004823602158249,-0.030862776893766264,-0.03918545912781622,2021,8765
2021-12-29,-0.1709003601440576,-0.03909018026096711,-0.014649996872063309,-0.024440183388903802,2021,8765
2021-12-30,-0.00552220888355342,-0.03510082489155388,-0.03773970400524294,0.002638879113689055,2021,8765
2022-01-03,-0.23887048085976786,-0.03992783672392416,0.021074631566803014,-0.06100246829072717,2022,8765
2022-01-04,-0.2956133401413927,-0.041420940427637276,0.03475279769415318,-0.07617373812179046,2022,8765
2022-01-05,-0.1741656662665066,-0.059289730139285735,0.003193644813224894,-0.06248337495251063,2022,8765
2022-01-06,-0.13028549509154266,-0.050482673287998825,-0.009685613907375623,-0.0407970593806232,2022,8765
2022-01-07,-0.04974909363003295,-0.012507494027119847,-0.0024435364166664917,-0.010063957610453356,2022,8765
2022-01-10,0.10281159214469164,-0.005669862209856258,-0.006097781146669823,0.0004279189368135653,2022,8765
2022-01-11,-0.06934306577338549,-0.01613885368095246,0.010696030237401266,-0.026834883918353723,2022,8765
2022-01-12,0.17797200324705387,0.05282493314066165,0.038635659531093505,0.014189273609568148,2022,8765
2022-01-13,0.06617523488247172,0.041760003224697285,0.03254003625252113,0.009219966972176155,2022,8765
2022-01-14,0.10835735182786013,0.040897959001276206,0.04032266502328282,0.0005752939779933852,2022,8765
2022-01-17,0.11563580497390047,0.07250585323197659,0.040725520941703265,0.03178033229027332,2022,8765
2022-01-18,0.1474669867947179,0.05128462615460687,0.04869923000999793,0.0025853961446089396,2022,8765
2022-01-19,0.17029246584815777,0.046049734784227844,0.070828464418312,-0.02477872963408416,2022,8765
2022-01-20,-0.019737790034854156,0.04365218348491754,0.04773342702427613,-0.004081243539358591,2022,8765
2022-01-21,0.2813993133899547,0.05079419402540104,-0.0018548821965703067,0.05264907622197135,2022,8765
2022-01-24,0.22686452585073247,0.0753347363922057,0.02928176306534308,0.04605297332686262,2022,8765
2022-01-25,0.18982448563660254,0.07302008396133589,0.032124660014842196,0.04089542394649369,2022,8765
2022-01-26,0.16990011544753317,0.08748836000895242,0.05769370754732535,0.029794652461627075,2022,8765
2022-02-07,-0.27021056935926197,0.054703211919704495,0.10015650740960717,-0.04545329548990268,2022,8765
2022-02-08,0.07270457173192912,0.056589384029501165,0.0475941322765732,0.008995251752927966,2022,8765
2022-02-09,0.09508488031008276,0.1048456745025738,0.04758846820908732,0.05725720629348648,2022,8765
2022-02-10,0.23564156769390762,0.12736998629265783,0.043779757884120606,0.08359022840853722,2022,8765
2022-02-11,0.3429298637850004,0.13002611063047761,0.030914093693135136,0.09911201693734248,2022,8765
2022-02-14,0.3001896903122865,0.09617126527910186,0.03192722703674694,0.06424403824235492,2022,8765
2022-02-15,0.30287168686478,0.07258183004555177,0.038978711303031544,0.03360311874252023,2022,8765
2022-02-16,0.26636894050752197,0.08903619731849681,0.031437996292848616,0.057598201025648194,2022,8765
2022-02-17,0.23387038742934493,0.0641567697565886,-0.0005956822485333579,0.06475245200512196,2022,8765
2022-02-18,0.33326930503275304,0.0629697685709948,0.0021331372438320173,0.060836631327162785,2022,8765
2022-02-21,0.3861409916092748,0.056335448674881695,-0.010477080241881265,0.06681252891676295,2022,8765
2022-02-22,0.26541490618386543,0.07141858121235975,0.015724971558489686,0.05569360965387006,2022,8765
2022-02-23,0.09243697478991596,0.03663918223292232,0.03267169366981565,0.003967488563106671,2022,8765
2022-02-24,-0.16793123338610047,-0.027333069037431813,0.024612195346660103,-0.051945264384091916,2022,8765
2022-02-25,0.08216480992954472,0.03081900715218643,0.010200990709938806,0.020618016442247623,2022,8765
2022-03-01,0.40611794130576256,0.039994579557843635,-0.04544361564244318,0.08543819520028681,2022,8765
2022-03-02,0.1853585920964548,0.022875122704567152,-0.016110865599980283,0.038985988304547435,2022,8765
2022-03-03,0.10300120048019207,-0.011185278998725522,-0.006652450322011649,-0.004532828676713873,2022,8765
2022-03-04,-0.17810324129651858,-0.04229979240886952,0.019518117555133406,-0.06181790996400292,2022,8765
2022-03-07,-0.19275372763605428,-0.006016272661098476,0.029765962292632786,-0.035782234953731264,2022,8765
2022-03-08,-0.3232172869147659,-0.023241203471867457,0.03947581000993072,-0.06271701348179817,2022,8765
2022-03-09,-0.34705981313180206,-0.02124881328373176,0.06923143198616312,-0.09048024526989487,2022,8765
2022-03-10,-0.2918197316502995,-0.04640709727699779,0.015445258278579566,-0.06185235555557735,2022,8765
2022-03-11,-0.3239855942376951,-0.06074359687495974,0.03564781112605027,-0.09639140800101001,2022,8765
2022-03-14,-0.25671684801752526,-0.053350761505484255,-0.019595412159342983,-0.03375534934614127,2022,8765
2022-03-15,-0.1925090036014406,-0.04091158696270334,0.0026446245848671278,-0.043556211547570466,2022,8765
2022-03-16,-0.49237640293902946,-0.03887994143782033,0.021941367828887247,-0.06082130926670758,2022,8765
2022-03-17,-0.31785439913714586,-0.01872613573445082,0.006660327798832866,-0.025386463533283686,2022,8765
2022-03-18,-0.14386900049766285,0.01634454755425745,0.015349683613632936,0.0009948639406245144,2022,8765
2022-03-21,-0.020361121806035627,0.01940296803885171,0.018924185312281083,0.0004787827265706271,2022,8765
2022-03-22,0.020984393757503002,0.001961173531487803,0.008726300024980538,-0.006765126493492734,2022,8765
2022-03-23,-0.08705882352941177,0.007077194702426936,0.012691983973609077,-0.005614789271182141,2022,8765
2022-03-24,0.213930706681271,0.06256534345943007,0.0034229485670234207,0.05914239489240665,2022,8765
2022-03-25,0.28899346940736415,0.08149512659192545,0.003018540813849613,0.07847658577807584,2022,8765
2022-03-28,0.13603841536614644,0.07521870028734644,0.044750799830319876,0.03046790045702656,2022,8765
2022-03-29,0.07087975421157686,0.06010395251055138,0.030057609828439913,0.030046342682111468,2022,8765
2022-03-30,-0.000672333480505981,0.05176406380856554,0.03897673938761319,0.012787324420952352,2022,8765
2022-03-31,0.1956782713085234,0.061072924711858344,0.014951641384163928,0.04612128332769441,2022,8765
2022-04-01,0.13028236665041193,0.052006073202018055,0.028568430832305335,0.02343764236971272,2022,8765
2022-04-06,0.25388974289743016,0.057753260606358235,-0.001611648293715462,0.0593649089000737,2022,8765
2022-04-07,0.08193060450454963,0.037234278466691674,0.027207651223726637,0.010026627242965037,2022,8765
2022-04-08,0.07165153949392312,0.023307527098703838,0.015913879688762577,0.007393647409941261,2022,8765
2022-04-11,0.29315726290516203,0.04361336270629984,0.013406996803913274,0.030206365902386567,2022,8765
2022-04-12,0.24451967641325076,0.062238863157504286,0.002205092342413795,0.06003377081509049,2022,8765
2022-04-13,0.25777329595175374,0.06238605562677872,0.02268396762922481,0.03970208799755391,2022,8765
2022-04-14,0.012340936374549819,0.02759505414293444,0.01139015332777511,0.01620490081515933,2022,8765
2022-04-15,-0.03918555517387989,0.005029182906493457,0.01697109472354681,-0.011941911817053352,2022,8765
2022-04-18,0.048166734823743944,0.015559135583195504,0.00672358189042418,0.008835553692771324,2022,8765
2022-04-19,0.1908763505402161,0.042159031542882454,0.006781563375495891,0.035377468167386565,2022,8765
2022-04-20,-0.11414439725732463,-0.023440446271874592,0.020784515576748396,-0.044224961848622985,2022,8765
2022-04-21,-0.05835034259849226,-0.005992270678292144,-0.006733053448150917,0.0007407827698587728,2022,8765
2022-04-22,0.2652644722126467,0.04534352007957042,-0.009399160381400373,0.05474268046097079,2022,8765
2022-04-25,0.37235881717924596,0.021682858816847606,-0.019084011325023954,0.04076687014187156,2022,8765
2022-04-26,0.5419927971188475,0.09321588524687291,-0.05731314452309577,0.15052902976996868,2022,8765
2022-04-27,0.36,0.01085886190121944,-0.009731529592504461,0.0205903914937239,2022,8765
2022-04-28,0.48824533024161115,0.03685710661748979,-0.048551306764098266,0.08540841338158806,2022,8765
2022-04-29,0.43477634529567405,0.014635539060070124,-0.02769964417220455,0.04233518323227468,2022,8765
2022-05-03,0.2667050830320492,0.021280594341842728,-0.036032111632445976,0.057312705974288704,2022,8765
2022-05-04,0.234675502480667,-0.01807948813067508,-0.04669193265760716,0.028612444526932082,2022,8765
2022-05-05,0.07025210084033613,-0.02618337526303962,-0.013597749695205686,-0.012585625567833934,2022,8765
2022-05-06,0.21478991596638655,0.009494468188748263,-0.044603243839953996,0.054097712028702255,2022,8765
2022-05-09,0.27726956237433426,0.03258419644715953,-0.040100819599559544,0.07268501604671906,2022,8765
2022-05-10,0.2897959183673469,0.05459373053249724,-0.02268845564839146,0.0772821861808887,2022,8765
2022-05-11,0.1276411833972705,0.0016384176291694198,-0.017471643088914968,0.01911006071808439,2022,8765
2022-05-12,-0.19779111644657865,-0.010930693363549937,-0.007622357815731562,-0.003308335547818375,2022,8765
2022-05-13,0.020888355342136854,0.018079542989627984,-0.005904718213754235,0.02398426120338222,2022,8765
2022-05-16,0.1792119859336708,0.024156567517086523,0.00649991414025729,0.017656653376829232,2022,8765
2022-05-17,0.03490996398559423,0.035894726921414134,0.029630637907791146,0.006264089013622989,2022,8765
2022-05-18,-0.08437177365633966,0.00820401524889186,0.02536738210190176,-0.017163366853009898,2022,8765
2022-05-19,-0.058969002874208934,0.0014295036009495665,0.028412422132794813,-0.026982918531845246,2022,8765
2022-05-20,-0.1393070662362216,-0.026632972132171327,0.020354651003231184,-0.046987623135402515,2022,8765
2022-05-23,0.06056094578274346,0.0532650021066909,0.031307766585815536,0.021957235520875362,2022,8765
2022-05-24,0.02866815530610972,-0.015649591309566814,0.0013277996769310517,-0.016977390986497864,2022,8765
2022-05-25,0.1332116788321168,0.02978626859025594,-0.007412331398241956,0.037198599988497894,2022,8765
2022-05-26,0.07505402160864347,0.03045896646396896,-0.0004960436103266686,0.03095501007429563,2022,8765
2022-05-27,0.17128862642695705,0.047878811296674276,0.022689831629041445,0.02518897966763283,2022,8765
2022-05-30,0.005618517102137191,0.027424955115157246,0.037088373722733936,-0.00966341860757669,2022,8765
2022-05-31,0.0522954284122,-0.0021156524797780072,0.03660041135091187,-0.03871606383068987,2022,8765
2022-06-01,-0.07913945456685546,-0.007064062263202076,0.03671924681279989,-0.04378330907600196,2022,8765
2022-06-02,-0.18300120048019208,-0.02308940844987859,0.059303588126299336,-0.08239299657617793,2022,8765
2022-06-06,-0.3255378413281027,-0.055573760327816316,0.07947066242946595,-0.13504442275728226,2022,8765
2022-06-07,-0.19164925934117905,-0.009362411527193215,0.07037756642351294,-0.07973997795070616,2022,8765
2022-06-08,-0.19607654863942822,-0.010446373949064225,0.06717162767802784,-0.07761800162709206,2022,8765
2022-06-09,-0.2741482389322955,-0.03280170109888886,0.04453706289406566,-0.07733876399295452,2022,8765
2022-06-10,-0.11429120259048302,-0.013126595390992323,0.01911482550752509,-0.03224142089851741,2022,8765
2022-06-13,-0.1970322706843495,-0.008005479209520504,0.0248280679090767,-0.032833547118597206,2022,8765
2022-06-14,-0.3052247410357605,-0.03884914495396474,0.04553158200075093,-0.08438072695471567,2022,8765
2022-06-15,-0.3024467556529804,-0.07766956447856493,0.02737924782258081,-0.10504881230114574,2022,8765
2022-06-16,-0.10814444883771754,-0.0026557091454090576,0.0028531539073962885,-0.005508863052805346,2022,8765
2022-06-17,0.05671476951828673,-0.004652301998704889,-0.030897579742817004,0.026245277744112117,2022,8765
2022-06-20,-0.04994117507261995,0.01505159428325592,0.013872870036046226,0.0011787242472096945,2022,8765
2022-06-21,0.09368997321597998,0.05122064473617981,-0.004440307315724856,0.05566095205190466,2022,8765
2022-06-22,0.09983193277310923,0.044495025552410215,0.00436748699458539,0.040127538557824825,2022,8765
2022-06-23,0.4175270108043217,0.07793345338446553,-0.0304730097483506,0.10840646313281613,2022,8765
2022-06-24,0.2057721861765629,0.052345001314126706,-0.006299330001464598,0.058644331315591304,2022,8765
2022-06-27,0.11899445368264638,0.006760342400722552,-0.002876637621377731,0.009636980022100283,2022,8765
2022-06-28,0.09162284811399891,0.04057008692048466,0.005758450022301076,0.03481163689818358,2022,8765
2022-06-29,0.33647058823529413,0.07204271515164745,-0.0030297587325232357,0.07507247388417068,2022,8765
2022-06-30,0.24192657693832625,0.0577906718857756,-0.009836304463195633,0.06762697634897123,2022,8765
2022-07-01,0.5713805522208883,0.09496723981419172,-0.08986469485571029,0.184831934669902,2022,8765
2022-07-04,0.43527745208615654,0.054584312043931146,-0.05078259193372364,0.10536690397765479,2022,8765
2022-07-05,0.2975750300120048,-0.009801205021138359,-0.03810035482611936,0.028299149804981005,2022,8765
2022-07-06,0.38007202881152463,0.017247433140514135,-0.06439382325564155,0.08164125639615569,2022,8765
2022-07-07,0.2342857142857143,0.022024068566536735,-0.04776429348164316,0.0697883620481799,2022,8765
2022-07-08,-0.041440576230492195,-0.027126626892251548,-0.027615202079776125,0.0004885751875245772,2022,8765
2022-07-11,0.24096616972539125,-3.7214553658726504e-05,-0.040826623777674896,0.04078940922401617,2022,8765
2022-07-12,0.07265480565853268,-0.004225781813202156,-0.013557015645149639,0.009331233831947483,2022,8765
2022-07-13,0.1031477346692189,0.029072231145855554,-0.0035708663337866487,0.032643097479642204,2022,8765
2022-07-14,-0.07783913565426169,-0.025801822931602436,-0.00820244773837695,-0.017599375193225485,2022,8765
2022-07-15,0.03884753901560624,0.01978149654672281,0.00027624408737289,0.01950525245934992,2022,8765
2022-07-18,-0.0562358932623217,0.007440551580190436,0.027028933376420827,-0.01958838179623039,2022,8765
2022-07-19,-0.34290516206482585,-0.030116503704711372,0.023272897340378594,-0.05338940104508996,2022,8765
2022-07-20,-0.26127250900360144,-0.02903814340207621,0.030430921033963786,-0.05946906443604,2022,8765
2022-07-21,-0.33042016806722685,-0.005959312090100121,0.04038542078013223,-0.04634473287023235,2022,8765
2022-07-22,-0.3081392557022809,-0.030111744648998028,0.02891291049802791,-0.05902465514702594,2022,8765
2022-07-25,-0.2721794041457787,0.004411511989126882,0.03097695717216751,-0.026565445183040628,2022,8765
2022-07-26,-0.12120630056234417,0.0008012759692184402,0.010869305442096022,-0.010068029472877582,2022,8765
2022-07-27,-0.2699704675560282,0.01811209057565901,0.020206522911450874,-0.0020944323357918633,2022,8765
2022-07-28,-0.18598285678486254,0.01656450127473639,0.007701962180653321,0.008862539094083067,2022,8765
2022-07-29,-0.3256897263954451,0.0058967926503217475,0.025109664111662534,-0.019212871461340784,2022,8765
2022-08-01,-0.22350285844820253,-0.006681733524848332,0.016863451730316135,-0.02354518525516447,2022,8765
2022-08-02,-0.0019211373487418343,0.015433115958011546,0.00771586062518217,0.007717255332829376,2022,8765
2022-08-03,0.1524683059767998,0.00671079567636933,0.02408492325511643,-0.0173741275787471,2022,8765
2022-08-04,0.12447176349350082,0.02840853535342861,0.02675531577641168,0.0016532195770169317,2022,8765
2022-08-05,-0.15438545947930107,-0.020599255611271516,0.024353039210158876,-0.04495229482143039,2022,8765
2022-08-08,-0.27069727269014826,-0.05823307548061575,0.029118646800225835,-0.08735172228084159,2022,8765
2022-08-09,-0.41609642500408833,-0.05782362797652478,0.02266068826646983,-0.08048431624299461,2022,8765
2022-08-10,-0.19176371851504492,-0.019705934948736747,0.0339515722018587,-0.053657507150595446,2022,8765
2022-08-11,-0.13672381564289487,-0.02623851889720665,0.025695760777388343,-0.05193427967459499,2022,8765
2022-08-12,0.03837840593600905,0.04315660741302557,0.01745311360206553,0.025703493810960043,2022,8765
2022-08-15,-0.2272803669410675,-0.040120578111474015,0.028558466252354208,-0.06867904436382823,2022,8765
2022-08-16,-0.006098732239071994,0.023864298784235027,0.03934391321931761,-0.01547961443508258,2022,8765
2022-08-17,-0.08005378559439794,0.021596181293573758,0.05086502259104969,-0.029268841297475933,2022,8765
2022-08-18,-0.14364269523628836,-0.02303363922463869,0.03615825074163905,-0.05919188996627774,2022,8765
2022-08-19,0.11856511730920276,0.02420794372921379,0.014961291468225257,0.009246652260988532,2022,8765
2022-08-22,0.35564200968317244,0.038308828506567805,0.0030934077286323357,0.03521542077793547,2022,8765
2022-08-23,0.33787937034732707,0.045511600304453156,-0.039347940119996164,0.08485954042444932,2022,8765
2022-08-24,0.15745876256069308,0.026858904405718132,0.017552493905615252,0.00930641050010288,2022,8765
2022-08-25,0.31991164262864813,0.04102622711827988,-0.01271887515984218,0.053745102278122056,2022,8765
2022-08-26,0.31406069955536087,0.052710896527942044,-0.012351855742671558,0.0650627522706136,2022,8765
2022-08-29,0.029627851140456178,0.039596492046695485,0.03556246927368058,0.004034022773014907,2022,8765
2022-08-30,0.23088189398957376,0.034242059245958224,0.010993920605302642,0.023248138640655582,2022,8765
2022-08-31,0.007347468023960939,-0.019807836458204664,0.01768523337543204,-0.037493069833636705,2022,8765
2022-09-01,-0.03990491969744921,0.028775839742705457,0.06453683568351179,-0.03576099594080633,2022,8765
2022-09-02,-0.2169987995198079,0.0046765859154704326,0.04008514722210127,-0.03540856130663084,2022,8765
2022-09-05,-0.14560122951863214,0.005741039553013194,0.03680732281125976,-0.031066283258246563,2022,8765
2022-09-06,-0.09013205282112843,-0.01273838088710022,0.017595422494195302,-0.030333803381295522,2022,8765
2022-09-07,-0.08398559423769507,0.015435431809687183,0.010013167751554464,0.005422264058132719,2022,8765
2022-09-08,-0.27231692677070823,0.011428902201728264,0.05511290774546631,-0.043684005543738046,2022,8765
2022-09-12,-0.25599654260782395,0.009814687029957558,0.05530586857760159,-0.04549118154764403,2022,8765
2022-09-13,-0.049893154711973205,0.010064884531175055,0.04172475142157853,-0.03165986689040348,2022,8765
2022-09-14,-0.004177871691332782,0.006242589113907171,-0.010026091095399092,0.016268680209306264,2022,8765
2022-09-15,-0.09162504812716035,0.004933716294764756,0.00987264493278046,-0.004938928638015704,2022,8765
2022-09-16,0.1394031069575151,0.002233826780127768,-0.02633355279280759,0.02856737957293536,2022,8765
2022-09-19,-0.19784863641713868,-0.014837717391040107,0.0073911100024850905,-0.022228827393525198,2022,8765
2022-09-20,-0.01493469075867236,0.0034006065310911993,0.03282810365471578,-0.02942749712362458,2022,8765
2022-09-21,-0.26280912364945974,-0.015504560972179227,0.04588946857499634,-0.061394029547175565,2022,8765
2022-09-22,-0.21527010804321725,-0.00021211358124562096,0.057362701852927446,-0.05757481543417307,2022,8765
2022-09-23,-0.17157262905162063,-0.03490775363417736,0.025970865165343304,-0.06087861879952067,2022,8765
2022-09-26,-0.1402641056422569,0.01903850585209218,0.05672221179180979,-0.037683705939717614,2022,8765
2022-09-27,-0.024682465372429473,0.03212073390864759,0.024665172517390012,0.007455561391257581,2022,8765
2022-09-28,0.12216379748533188,0.019835459123590783,0.020968941722947065,-0.0011334825993562815,2022,8765
2022-09-29,0.4340184407616746,0.07572317574190904,-0.010106165842280367,0.08582934158418941,2022,8765
2022-09-30,0.32945978391356545,0.05430203924342839,0.0048459853311626725,0.04945605391226572,2022,8765
2022-10-03,0.08955582232893158,0.027970185480831754,0.018822147124260825,0.00914803835657093,2022,8765
2022-10-04,-0.01723972341595941,0.021598075380220773,0.03381697016461439,-0.01221889478439362,2022,8765
2022-10-05,0.055366146458583426,0.048818765477327275,0.046139565836607575,0.0026791996407196997,2022,8765
2022-10-06,0.12921968787515006,0.056193504460575625,0.04136102801636203,0.014832476444213594,2022,8765
2022-10-07,0.1648499399759904,0.039060355831485746,0.016528752574597093,0.022531603256888653,2022,8765
2022-10-11,0.29508511617427846,0.06671503448110634,-0.009567411576489594,0.07628244605759593,2022,8765
2022-10-12,0.41570228091236494,0.06609446850953998,-0.028391921552721366,0.09448639006226135,2022,8765
2022-10-13,0.5078633342000275,0.05049933556080895,-0.044667602900296734,0.09516693846110569,2022,8765
2022-10-14,0.42156062424969987,0.04870481777345723,-0.035956657235401424,0.08466147500885865,2022,8765
2022-10-17,0.5778908957873414,0.05899695283584268,-0.06972373290354376,0.12872068573938644,2022,8765
2022-10-18,0.4539473689444689,0.01661439450871789,-0.08792926016625578,0.10454365467497367,2022,8765
2022-10-19,0.42656486362507984,0.019490064030449596,-0.07143723978641045,0.09092730381686004,2022,8765
2022-10-20,0.5728211284513806,0.028494819942802074,-0.09983548164972719,0.12833030159252926,2022,8765
2022-10-21,0.5517887154861945,0.020499682284888954,-0.09454003264599171,0.11503971493088067,2022,8765
2022-10-24,0.4777545680745153,0.00170830068285438,-0.12539272724954903,0.1271010279324034,2022,8765
2022-10-25,0.5596773033378706,0.020004316679901102,-0.1357566293259696,0.1557609460058707,2022,8765
2022-10-26,0.6014069967398964,0.021243589108470528,-0.13809426521151041,0.15933785431998093,2022,8765
2022-10-27,0.34703481392557023,0.0068505175494675274,-0.08541531881300606,0.09226583636247358,2022,8765
2022-10-28,0.4406348292945776,-0.016683825073661486,-0.08367786242505912,0.06699403735139764,2022,8765
2022-10-31,0.45498199279711876,-0.009948714507066936,-0.062477712196429946,0.05252899768936301,2022,8765
2022-11-01,0.5687875150060023,-0.004622427531878426,-0.09714459663831825,0.09252216910643982,2022,8765
2022-11-02,0.4924487984324208,0.019295619693822895,-0.08935074708200726,0.10864636677583014,2022,8765
2022-11-03,0.3690844919309201,-0.009805648642654407,-0.0814837397057077,0.0716780910630533,2022,8765
2022-11-04,0.2713150376541372,-0.04570792773545025,-0.09619924191353835,0.050491314178088095,2022,8765
2022-11-07,0.3882926361896201,0.008456657734745021,-0.08955572100216232,0.09801237873690734,2022,8765
2022-11-08,0.28720288115246095,-0.050991986964760205,-0.08776059460152107,0.03676860763676086,2022,8765
2022-11-09,0.2736614645858343,-0.04182473975910965,-0.07600019082762977,0.034175451068520116,2022,8765
2022-11-10,-0.02175374570314656,-0.021401736732851718,-0.014521955999182334,-0.006879780733669384,2022,8765
2022-11-11,0.06991764510166792,-0.005780730978903614,-0.022703731312916496,0.01692300033401288,2022,8765
2022-11-14,0.03639943337023646,-0.008482616294691747,-0.014082071607597535,0.005599455312905788,2022,8765
2022-11-15,-0.11366692291246777,0.03445335282301225,0.023271289178213382,0.011182063644798866,2022,8765
2022-11-16,-0.1128505571796786,0.016288490782133857,0.025034494636898184,-0.008746003854764327,2022,8765
2022-11-17,-0.17609066249163208,0.016461843790872,0.03501527682044801,-0.018553433029576013,2022,8765
2022-11-18,-0.06257203234260478,0.02960532270292231,0.032668247275743356,-0.0030629245728210457,2022,8765
2022-11-21,-0.14824597248344717,0.01176566069345134,0.0262061097887189,-0.01444044909526756,2022,8765
2022-11-22,-0.38690933582837045,0.00118426406087212,0.05273181520568242,-0.0515475511448103,2022,8765
2022-11-23,-0.3249135616500874,-0.002141622555447065,0.04654824631231561,-0.04868986886776268,2022,8765
2022-11-24,-0.3560880744945776,-0.03447913774964635,0.062122120770570596,-0.09660125852021695,2022,8765
2022-11-25,-0.173781512605042,0.021143588080190324,0.056196103068090406,-0.03505251498790008,2022,8765
2022-11-28,-0.21210084033613444,0.0025541932475316555,0.02165647522841615,-0.019102281980884494,2022,8765
2022-11-29,-0.2388955582232893,0.0024763110922875974,0.030720610798227566,-0.02824429970593997,2022,8765
2022-11-30,-0.3366626650660264,-0.0065972925737085904,0.056662923513143226,-0.06326021608685181,2022,8765
2022-12-01,-0.29931809485146244,0.005334275895942697,0.06041518715319971,-0.05508091125725702,2022,8765
2022-12-02,-0.4048219445806159,-0.013756816084088918,0.0612677637125962,-0.07502457979668511,2022,8765
2022-12-05,-0.4333941610836593,-0.027902282964934598,0.05807479185272777,-0.08597707481766237,2022,8765
2022-12-06,-0.43293473762581564,-0.031248133388602016,0.029078493754147606,-0.060326627142749625,2022,8765
2022-12-07,-0.4417605121072986,-0.021478227825274886,0.03058034319313637,-0.05205857101841126,2022,8765
2022-12-08,0.030014166764546324,0.04243028901842123,0.01761842012961603,0.024811868888805204,2022,8765
2022-12-09,0.039429450029843285,0.003471508168444326,0.005638945546738073,-0.0021674373782937465,2022,8765
2022-12-12,0.17686748191011856,0.01615176772176321,0.007603507663477882,0.008548260058285326,2022,8765
2022-12-13,0.2153816607023844,0.00809400396724933,-0.009815247795651304,0.017909251762900633,2022,8765
2022-12-14,0.36572306668564764,-0.003633318786995432,-0.030333145258446315,0.026699826471450885,2022,8765
2022-12-15,0.19932773109243698,-0.006909092866390731,-0.025990540829902153,0.01908144796351142,2022,8765
2022-12-16,0.1900645874398363,-0.01601292377409459,-0.053700277159443886,0.0376873533853493,2022,8765
2022-12-19,0.12091526810851638,-0.03424765600969608,-0.042083260511599406,0.007835604501903327,2022,8765
2022-12-20,0.3625537228829621,-0.04337156704430467,-0.08338740162128709,0.04001583457698242,2022,8765
2022-12-21,0.23803121248499398,-0.027571291293679457,-0.061683202591917695,0.034111911298238234,2022,8765
2022-12-22,0.23539580789036826,-0.018807189580176943,-0.06389158424604739,0.04508439466587045,2022,8765
2022-12-23,0.20710684273709484,-0.04219560660756059,-0.08341708402385323,0.04122147741629264,2022,8765
2022-12-26,-0.09925808545683214,-0.06320360228718792,-0.04610854257700363,-0.017095059710184296,2022,8765
2022-12-27,0.02348139255702281,-0.046522030961214246,-0.06501995619056952,0.018497925229355276,2022,8765
2022-12-28,0.16035153510067648,-0.03212265753900776,-0.06536602528797378,0.03324336774896602,2022,8765
2022-12-29,0.037118847539015606,-0.07412257288503615,-0.07215345578158625,-0.0019691171034499078,2022,8765
2022-12-30,0.14487394957983193,-0.045326852280122606,-0.08726472469167561,0.041937872411553,2022,8765
2023-01-03,0.3487718793773449,-0.050542830717677324,-0.10656375604159932,0.05602092532392199,2023,8765
2023-01-04,-0.05968930828391019,-0.06918969033337447,-0.05794446139832491,-0.011245228935049555,2023,8765
2023-01-05,-0.19866023199560454,-0.04299211442663716,-0.012842642447446373,-0.030149471979190788,2023,8765
2023-01-06,-0.2689555822328931,-0.047575955462510755,-0.026275947418802216,-0.02130000804370854,2023,8765
2023-01-09,0.0751500600240096,-0.0004357046180301971,-0.026925329519292607,0.026489624901262408,2023,8765
2023-01-10,0.3187187863836285,0.019056681956717912,-0.021414544979790784,0.040471226936508696,2023,8765
2023-01-11,0.2331332533013205,0.015145295137476223,-0.013541193662825668,0.02868648880030189,2023,8765
2023-01-12,-0.02895558223289316,0.027825968258198386,0.026229672224679534,0.0015962960335188514,2023,8765
2023-01-13,0.13757503001200477,0.016729455981118645,-0.0008829139215182691,0.017612369902636916,2023,8765
2023-01-16,0.5529544528473257,0.05515444003290674,-0.028326731847489517,0.08348117188039625,2023,8765
2023-01-17,0.2372629051620648,0.06958304792868132,0.021328082362622958,0.048254965566058364,2023,8765
2023-01-30,0.2067226890756302,0.07049315150701614,0.028078235105808303,0.04241491640120784,2023,8765
2023-01-31,0.09532041588379865,0.02323252835390862,0.016310125085538606,0.006922403268370014,2023,8765
2023-02-01,0.26280912364945974,0.05565814653053719,0.013319580297400624,0.04233856623313657,2023,8765
2023-02-02,0.17301320528211284,0.0632659872081944,0.027518733297488985,0.03574725391070542,2023,8765
2023-02-03,0.05171668667466986,0.05098616743150277,0.031393273776368115,0.019592893655134655,2023,8765
2023-02-06,0.31246098439375747,0.07172681621508759,0.012754157207472106,0.05897265900761548,2023,8765
2023-02-07,0.25512605042016806,0.049565268429978174,0.01627634000161603,0.03328892842836215,2023,8765
2023-02-08,0.2442737094837935,0.06326173549352948,0.026662987257830895,0.036598748235698586,2023,8765
2023-02-09,0.23130852340936373,0.053368588865165954,0.022403522993327728,0.030965065871838227,2023,8765
2023-02-10,0.36739495798319327,0.0658243584194084,0.005864097012660885,0.05996026140674751,2023,8765
2023-02-13,0.3707171841929096,0.06190307081265613,-0.0020039038893923888,0.06390697470204852,2023,8765
2023-02-14,0.4234813925570228,0.06657596486617472,-0.014927335039295853,0.08150329990547057,2023,8765
2023-02-15,0.2285453595519974,0.054457090427432464,0.008645016305690667,0.0458120741217418,2023,8765
2023-02-16,0.1417046818727491,0.04922650298333523,-0.005845614751743289,0.05507211773507852,2023,8765
2023-02-17,-0.009892431820856933,0.02115821171813954,0.022232652978871816,-0.001074441260732275,2023,8765
2023-02-20,-0.09407414532552782,0.0064181266101671075,0.027519019716909787,-0.02110089310674268,2023,8765
2023-02-21,0.0010084033613445378,0.018779437013178933,-0.011650022581010156,0.03042945959418909,2023,8765
2023-02-22,-0.06766718742491819,0.026996978854640086,0.04033382175086997,-0.013336842896229884,2023,8765
2023-02-23,-0.17829959908138257,0.017127065833831258,0.017878112584689153,-0.000751046750857895,2023,8765
2023-02-24,-0.2033613445378151,-0.007166707813069639,0.04691339619769154,-0.05408010401076118,2023,8765
2023-03-01,-0.040384153661464584,-0.005013854720916433,0.022790677117743685,-0.027804531838660117,2023,8765
2023-03-02,-0.006578631452581032,0.03509126953529622,0.021172098252141624,0.013919171283154595,2023,8765
2023-03-03,0.037695078031212484,0.03353211248502387,-0.005829599355871462,0.03936171184089533,2023,8765
2023-03-06,-0.022424969987995196,0.009118769647963898,0.016325840517588897,-0.007207070869624998,2023,8765
2023-03-07,-0.2012053111098823,0.00018938928880366524,0.02167216494009718,-0.021482775651293515,2023,8765
2023-03-08,-0.06602641056422569,0.026290925323366486,0.02761380083390108,-0.001322875510534595,2023,8765
2023-03-09,0.0821608643457383,0.01044452053635454,0.026039121311833013,-0.015594600775478473,2023,8765
2023-03-10,-0.012436974789915966,-0.0019298253111065034,0.043467343685838114,-0.04539716899694462,2023,8765
2023-03-13,0.27202881152460984,0.04940464717329891,0.0369754419611938,0.01242920521210511,2023,8765
2023-03-14,0.11663865546218487,0.044147195369624415,0.04527186242946413,-0.0011246670598397124,2023,8765
2023-03-15,-0.11846338535414166,0.03567418766882803,0.029272843287943794,0.006401344380884237,2023,8765
2023-03-16,-0.21378664559933078,0.002457341303321903,0.06104325985217627,-0.058585918548854365,2023,8765
2023-03-17,-0.16437369449382508,0.022214663129426805,0.0507790053834505,-0.028564342254023697,2023,8765
2023-03-20,-0.24148859543817527,0.018159403934886253,0.026018412329107222,-0.007859008394220969,2023,8765
2023-03-21,-0.25301320528211285,0.013978481635867823,0.047168727824223766,-0.03319024618835594,2023,8765
2023-03-22,-0.23265306122448978,0.005045380694916069,0.050796709594295,-0.045751328899378926,2023,8765
2023-03-23,-0.2125810324129652,-0.017858100103096086,0.03289244688728652,-0.0507505469903826,2023,8765
2023-03-24,-0.22189675870348136,0.018125208634543144,0.06709028959372286,-0.048965080959179716,2023,8765
2023-03-27,-0.09973589435774309,0.026457562073423223,0.05116675177427389,-0.02470918970085067,2023,8765
2023-03-28,0.027611044417767107,0.035632491120262885,0.03778895362457489,-0.0021564625043120067,2023,8765
2023-03-29,-0.003889555822328931,0.03322225217542775,0.023684526666584337,0.009537725508843412,2023,8765
2023-03-30,-0.03548704651794821,0.020347243035790098,0.03665605221500717,-0.016308809179217076,2023,8765
2023-03-31,0.0642016806722689,0.049993131080802986,0.011511911933764052,0.038481219147038934,2023,8765
2023-04-06,0.012629354850095238,0.0467260520868397,0.02318778762761925,0.02353826445922045,2023,8765
2023-04-07,0.011284513805522207,0.027156103695801515,0.025972202989096183,0.0011839007067053313,2023,8765
2023-04-10,-0.2221848739495798,-0.007621013719024017,0.03923549620230671,-0.046856509921330725,2023,8765
2023-04-11,-0.15159663865546216,-0.017265502387774335,0.023775487113730055,-0.041040989501504394,2023,8765
2023-04-12,-0.0910924369747899,0.0006947150155873882,0.015947733451007428,-0.01525301843542004,2023,8765
2023-04-13,-0.15207683073229292,-0.0035227105310933317,0.011389510462126818,-0.014912220993220149,2023,8765
2023-04-14,-0.003217286914765906,0.02245092953528056,0.03218989375490192,-0.009738964219621362,2023,8765
2023-04-17,-0.1503517491849741,0.01925239354597651,0.031644558771066165,-0.012392165225089655,2023,8765
2023-04-18,-0.18194477791116445,0.003649633558870735,0.06244008677557246,-0.058790453216701725,2023,8765
2023-04-19,-0.28845138055222086,-0.008149277207131178,0.07485416333825398,-0.08300344054538517,2023,8765
2023-04-20,-0.16830732292917167,0.011479059710526452,0.02166432423309359,-0.01018526452256714,2023,8765
2023-04-21,-0.025498199279711888,0.01956458824254039,-0.003896271539349727,0.02346085978189012,2023,8765
2023-04-24,0.034717887154861946,0.008310559170465493,0.00783897195375346,0.00047158721671203274,2023,8765
2023-04-25,0.0792797118847539,0.06915691992775669,-0.002802985028891136,0.07195990495664782,2023,8765
2023-04-26,-0.011764705882352943,0.05066354099819477,-0.040529871677180765,0.09119341267537553,2023,8765
2023-04-27,0.009747899159663865,-0.01733978494542874,-0.02737980253299126,0.010040017587562521,2023,8765
2023-04-28,0.09262905162064825,0.040809270193215855,-0.001997355809139456,0.04280662600235531,2023,8765
2023-05-02,-0.01935174069627851,-0.05452053799053236,0.003837214922040444,-0.0583577529125728,2023,8765
2023-05-03,-0.00024009603841536613,-0.014343631818271863,-0.041860236137984765,0.027516604319712902,2023,8765
2023-05-04,0.12825930372148858,-0.002782864742381941,-0.03973983728549255,0.03695697254311061,2023,8765
2023-05-05,0.10060507118784115,0.013260695145019008,-0.020690223260488326,0.03395091840550733,2023,8765
2023-05-08,0.041056422569027605,0.015423803398461422,-0.016876435275336787,0.03230023867379821,2023,8765
2023-05-09,-0.013589435774309724,0.016870789064055435,-0.004792387338168269,0.021663176402223705,2023,8765
2023-05-10,-0.013301320528211284,0.01738949572254528,-0.011226238220898244,0.028615733943443522,2023,8765
2023-05-11,-0.022040816326530613,0.024576684033862616,-0.01788518776102288,0.042461871794885496,2023,8765
2023-05-12,-0.0007202881152460984,-0.043346950203766485,-0.0557577012356953,0.012410751031928818,2023,8765
2023-05-15,0.1470828331332533,0.032350120847832065,-0.05570235808013071,0.08805247892796278,2023,8765
2023-05-16,0.014069627851140454,-0.020799439615167947,-0.04293278754192485,0.022133347926756905,2023,8765
2023-05-17,-0.05920768307322929,0.05256554040556556,0.01501918019418429,0.037546360211381274,2023,8765
2023-05-18,-0.024057623049219684,0.07047146651022532,-0.014545283191924285,0.0850167497021496,2023,8765
2023-05-19,0.011380825473279739,0.0892366460612263,-0.010959028303638041,0.10019567436486435,2023,8765
2023-05-22,0.058343337334933965,0.08571688608861232,-0.0037361037405465704,0.08945298982915889,2023,8765
2023-05-23,-0.04816326530612245,0.06050892684003556,-0.018192670672890078,0.07870159751292563,2023,8765
2023-05-24,-0.04067226890756302,0.040646586491309165,-0.022006520259123197,0.06265310675043237,2023,8765
2023-05-25,0.06545018007202881,0.06427782281131729,0.04444011346189789,0.019837709349419398,2023,8765
2023-05-26,0.05450180072028812,0.0495454816853082,0.013053718000623526,0.036491763684684674,2023,8765
2023-05-29,0.1324881750243831,0.028123465013608885,-0.018952987419886512,0.0470764524334954,2023,8765
2023-05-30,0.05162064825930372,0.0765377606387872,0.001409187372025822,0.07512857326676138,2023,8765
2023-05-31,0.15001560666044683,0.13785705815892796,-0.008018056889866065,0.14587511504879402,2023,8765
2023-06-01,0.22602641056422568,0.10370757477283606,-0.005262562803058246,0.1089701375758943,2023,8765
2023-06-02,0.43663865546218483,0.15217448394484295,-0.0272458614629701,0.17942034540781304,2023,8765
2023-06-05,0.4629642969953162,0.1251360441764024,-0.02960153465027494,0.15473757882667732,2023,8765
2023-06-06,0.2632893157262905,0.12440758248969926,0.012467925049158734,0.11193965744054052,2023,8765
2023-06-07,0.24552220888355342,0.09773892682946973,-0.015338360861843082,0.11307728769131281,2023,8765
2023-06-08,0.257719087635054,0.11496937713574829,0.003777553703370862,0.11119182343237742,2023,8765
2023-06-09,0.11385627509344413,0.11569378654013389,0.013914110542330804,0.10177967599780309,2023,8765
2023-06-12,0.3153016880065602,0.18875987506708553,0.0045760804329645355,0.184183794634121,2023,8765
2023-06-13,0.4503721488595438,0.1906143603450545,-0.028480103773276245,0.21909446411833075,2023,8765
2023-06-14,0.2737575030012005,0.1386339699461382,0.05017322808777035,0.08846074185836784,2023,8765
2023-06-15,0.40783692297284735,0.1375470373839102,-0.026765709366699097,0.16431274675060928,2023,8765
2023-06-16,0.5192316926770708,0.1569396070787092,-0.03449919354636945,0.19143880062507862,2023,8765
2023-06-19,0.2072989195678271,0.11253124569136645,-0.004451494422438695,0.11698274011380515,2023,8765
2023-06-20,0.3024729891956782,0.15138457326054192,-0.012060652678992367,0.16344522593953428,2023,8765
2023-06-21,0.3788326251422104,0.22354533603694576,-0.01657038431335913,0.2401157203503049,2023,8765
2023-06-26,0.3145738295318127,0.2353057864590208,-0.010522762290864318,0.24582854874988513,2023,8765
2023-06-27,0.35145258103241295,0.21485932639192643,-0.03540432455481378,0.2502636509467402,2023,8765
2023-06-28,0.31351740696278513,0.21887934912981058,0.03972438082627098,0.1791549683035396,2023,8765
2023-06-29,0.35741554429375993,0.21310610308242722,0.00646743744102134,0.20663866564140587,2023,8765
2023-06-30,0.3025690276110444,0.16755642817974975,-0.025993520782071254,0.193549948961821,2023,8765
2023-07-03,0.31841536614645854,0.09367305428034237,-3.107452997509474e-05,0.09370412881031746,2023,8765
2023-07-04,0.3327250900360144,0.09529480721938831,-0.008299307776246068,0.10359411499563438,2023,8765
2023-07-05,0.26267137273772223,0.06536977747809414,-0.0061328696383863845,0.07150264711648052,2023,8765
2023-07-06,0.31247598960347606,0.07746924365535451,-0.017712374080266702,0.09518161773562121,2023,8765
2023-07-07,0.12720288115246098,0.10275253865190023,0.014342613666501603,0.08840992498539862,2023,8765
2023-07-10,0.046626650660264106,0.055447978559582375,0.0025778935044254436,0.05287008505515693,2023,8765
2023-07-11,0.0028331332533013207,0.03269458488989947,0.02183783119988305,0.010856753690016423,2023,8765
2023-07-12,0.10665066026410563,0.00838465223617948,0.024863676262128265,-0.016479024025948787,2023,8765
2023-07-13,0.14986794717887153,0.035821202458119684,0.029746475404543338,0.006074727053576347,2023,8765
2023-07-14,0.058727490996398554,0.04315514054547513,0.024323355094469555,0.018831785451005577,2023,8765
2023-07-17,-0.07707082833133252,0.02438483409187133,0.026061640022724597,-0.001676805930853266,2023,8765
2023-07-18,-0.029243697478991592,0.04973993653917511,0.051166326469728754,-0.0014263899305536412,2023,8765
2023-07-19,0.057672453136746696,0.06689028522136742,-0.005577387850227056,0.07246767307159448,2023,8765
2023-07-20,0.1495798319327731,0.06215964937397099,-0.010367399076602923,0.07252704845057391,2023,8765
2023-07-21,0.047875150060024005,-0.008177582415696095,-0.022531616866938987,0.014354034451242892,2023,8765
2023-07-24,0.06698679471788715,-0.03055064863685908,-0.013860417720326357,-0.01669023091653272,2023,8765
2023-07-25,0.2210857404176368,0.0008777124807277881,-0.03819237479425913,0.03907008727498692,2023,8765
2023-07-26,0.08514009942668765,0.00582253471462234,-0.0331872461593077,0.03900978087393004,2023,8765
2023-07-27,0.03010804321728691,-0.014087610120930604,-0.014102337506433183,1.4727385502578613e-05,2023,8765
2023-07-28,-0.037118847539015606,-0.0487546393888902,-0.021427447958865233,-0.027327191430024968,2023,8765
2023-07-31,-0.014453781512605042,-0.00880197260896427,-0.023620193636207876,0.014818221027243606,2023,8765
2023-08-01,-0.0792797118847539,-0.0010764499485948376,-0.008132558326269735,0.007056108377674898,2023,8765
2023-08-02,0.15424139839736084,0.051901960494832214,-0.014449602349689627,0.06635156284452184,2023,8765
2023-08-04,0.00773109243697479,0.004954581211300613,0.02299967744912721,-0.0180450962378266,2023,8765
2023-08-07,-0.0887875150060024,-0.0009760632573620698,0.011870530602564955,-0.012846593859927025,2023,8765
2023-08-08,-0.07678271308523409,-0.014186969364069758,0.013852058004156098,-0.028039027368225854,2023,8765
2023-08-09,-0.046626650660264106,0.008210229088381727,-0.010010014954392433,0.01822024404277416,2023,8765
2023-08-10,0.10823789289777438,0.06242461091565489,-0.0006190196106370061,0.0630436305262919,2023,8765
2023-08-11,0.19308523409363745,0.043524396249700316,-0.0027500564303295063,0.046274452680029825,2023,8765
2023-08-14,-0.24936374549819929,-0.01845140736133305,0.023547067631925267,-0.04199847499325832,2023,8765
2023-08-15,-0.169171668667467,-0.02221606250894078,0.02318798204964594,-0.04540404455858672,2023,8765
2023-08-16,-0.2500360144057623,-0.04207762448175299,0.0468020935607272,-0.08887971804248018,2023,8765
2023-08-17,-0.28226367988159623,-0.051458085645708196,0.025834640299843302,-0.0772927259455515,2023,8765
2023-08-18,-0.17282527796765307,-0.05006821192026565,0.005539586082003023,-0.05560779800226867,2023,8765
2023-08-21,-0.11438449906055839,-0.05450124927262916,0.010710861176168374,-0.06521211044879753,2023,8765
2023-08-22,0.05445508897341445,-0.06384024417516777,0.004294843316255193,-0.06813508749142297,2023,8765
2023-08-23,-0.07020745301986814,-0.09630797064516917,0.030136197309288328,-0.1264441679544575,2023,8765
2023-08-24,-0.22487394957983195,-0.050690705129302016,0.04663268582654995,-0.09732339095585196,2023,8765
2023-08-25,-0.3233133253301321,-0.028373897994902798,0.041624053909853596,-0.0699979519047564,2023,8765
2023-08-28,-0.029581252435183843,-0.009852995907759222,0.019483127936173163,-0.029336123843932384,2023,8765
2023-08-29,-0.1773349339735894,-0.0034454883185312314,0.010898952094128023,-0.014344440412659254,2023,8765
2023-08-30,-0.1721488595438175,0.017744373972277672,0.05277530818653037,-0.0350309342142527,2023,8765
2023-08-31,0.081968787515006,0.016698931154429907,0.008018217083392653,0.008680714071037253,2023,8765
2023-09-01,0.2004898196702801,0.02754124934339399,0.000734954046361902,0.026806295297032087,2023,8765
2023-09-04,0.02444295046998145,0.017922631776490193,0.029236145255513567,-0.011313513479023374,2023,8765
2023-09-05,0.2360144057623049,0.03640282506668087,0.0038525133127977782,0.03255031175388309,2023,8765
2023-09-06,0.11740696278511403,0.02449081868883326,0.012501670979695989,0.01198914770913727,2023,8765
2023-09-07,0.10646113955384463,0.020975614281907064,-0.0038537756692347824,0.024829389951141846,2023,8765
2023-09-08,0.19615846338535411,0.006870100297012049,-0.036189764505621023,0.043059864802633074,2023,8765
2023-09-11,0.11779111644657862,0.0024741287955141965,-0.02504994856360121,0.027524077359115405,2023,8765
2023-09-12,0.2989195678271308,0.03279122537987113,-0.03541767974435105,0.06820890512422217,2023,8765
2023-09-13,0.3092991429257164,0.03479751433008878,-0.03305400641875572,0.0678515207488445,2023,8765
2023-09-14,0.09426170468187275,-0.015230882877842033,-0.026143002172417783,0.01091211929457575,2023,8765
2023-09-15,0.0561344537815126,-0.02173794278126765,-0.045707542221657016,0.023969599440389365,2023,8765
2023-09-18,0.24216086434573827,-0.025949373684231947,-0.04913769401519289,0.023188320330960945,2023,8765
2023-09-19,0.26626650660264106,-0.03006647410343909,-0.06596597193248113,0.035899497829042046,2023,8765
2023-09-20,0.41503001200480194,-0.017620589752076976,-0.06522761397798633,0.04760702422590936,2023,8765
2023-09-21,0.23178871548619448,-0.011613524966608646,-0.04977793196051542,0.038164406993906774,2023,8765
2023-09-22,0.1312396456475676,-0.01553661057360809,-0.02018712986293856,0.00465051928933047,2023,8765
2023-09-25,0.12768613895970812,-0.012368036394185478,-0.03852811309665628,0.026160076702470805,2023,8765
2023-09-26,0.29459783913565424,0.009150917002895009,-0.05057298518076049,0.0597239021836555,2023,8765
2023-09-27,0.05939975990396158,0.01204848802825933,-0.01678162964370684,0.028830117671966173,2023,8765
2023-09-28,0.16000384167497086,-0.006836536292307504,-0.03593316376328158,0.029096627470974076,2023,8765
2023-10-02,0.1889120987843143,0.00309844409121518,-0.025604089836673616,0.028702533927888796,2023,8765
2023-10-03,0.14717887154861942,-0.0207019200756573,-0.02310481060030315,0.0024028905246458523,2023,8765
2023-10-04,0.09090036014405761,-0.040795257086448586,-0.04281522831083082,0.0020199712243822374,2023,8765
2023-10-05,0.23035367002245952,-0.0340596839336421,-0.039613892119121155,0.005554208185479054,2023,8765
2023-10-06,0.16417767106842737,-0.0259790640376104,-0.01708980999762817,-0.008889254039982232,2023,8765
2023-10-11,0.1983673469387755,0.013898426199486846,-0.024620109208780917,0.03851853540826776,2023,8765
2023-10-12,0.16139255702280914,-0.014304510655122915,-0.019129454393389634,0.0048249437382667185,2023,8765
2023-10-13,0.12336430650150061,-0.01955896790458097,-0.03829007453987562,0.018731106635294648,2023,8765
2023-10-16,0.039856899336802455,-0.003150386834631991,-0.01577918461530826,0.01262879778067627,2023,8765
2023-10-17,0.18165666266506603,0.01593059855711757,-0.030300604424095344,0.046231202981212915,2023,8765
2023-10-18,-0.05815126050420167,0.002194848020246487,-0.002221712677507115,0.004416560697753601,2023,8765
2023-10-19,0.006770870851191743,-0.001218426743576695,0.010897355621354188,-0.012115782364930883,2023,8765
2023-10-20,0.10588235294117646,0.012259383164408489,0.008038202642607883,0.004221180521800606,2023,8765
2023-10-23,0.01637454981992797,0.012865478468947677,0.0340688969794138,-0.021203418510466122,2023,8765
2023-10-24,-0.02857142857142857,0.019224974243990788,0.011255604665201502,0.007969369578789286,2023,8765
2023-10-25,0.08427370948379351,0.021996786359673948,0.005058152419280227,0.016938633940393723,2023,8765
2023-10-26,0.04710684273709483,0.022506167777556985,-0.00647418812167555,0.028980355899232535,2023,8765
2023-10-27,-0.03558223289315726,0.0007490661716725189,0.009270032090702162,-0.008520965919029642,2023,8765
2023-10-30,-0.25138055222088834,-0.021377263593873562,0.014915255639776692,-0.036292519233650254,2023,8765
2023-10-31,-0.32494597839135647,-0.01665072318596774,0.030117073479519883,-0.046767796665487624,2023,8765
2023-11-01,-0.2198799519807923,-0.01195192557795951,0.030233450658144357,-0.04218537623610387,2023,8765
2023-11-02,-0.3605762304921969,-0.015997765572884216,0.03617006186580936,-0.052167827438693574,2023,8765
2023-11-03,-0.0912845138055222,-0.001839002975242654,0.010731063419918052,-0.012570066395160706,2023,8765
2023-11-06,-0.015606242496998797,-0.005023461939865137,-0.001900439528111053,-0.003123022411754084,2023,8765
2023-11-07,-0.2196451295982343,0.008471142797124165,0.03449442964513647,-0.026023286848012306,2023,8765
2023-11-08,0.017383370554123485,-0.004774866198457228,0.015343462287873266,-0.020118328486330495,2023,8765
2023-11-09,-0.1006002400960384,-0.0030076530616888085,0.019599932903642304,-0.022607585965331113,2023,8765
2023-11-10,-0.29815126050420165,-0.006134822923350769,0.034712927528407135,-0.040847750451757904,2023,8765
2023-11-13,-0.16283313325330132,0.010880072937531326,0.03861839906827689,-0.02773832613074556,2023,8765
2023-11-14,-0.16619447779111643,0.00613325829741661,0.03169641826796227,-0.025563159970545656,2023,8765
2023-11-15,-0.230828331332533,-0.019935835602138408,0.03659413646944739,-0.0565299720715858,2023,8765
2023-11-16,-0.03202881152460984,-0.008378188015937194,0.02137427192672937,-0.029752459942666565,2023,8765
2023-11-17,-0.15188475390156062,-0.028862458788792112,0.021934806096186466,-0.05079726488497858,2023,8765
2023-11-20,-0.17387755102040817,-0.020316145732343062,0.007777357576369248,-0.02809350330871231,2023,8765
2023-11-21,-0.23764705882352938,-0.026533028093714252,0.03491361014744739,-0.061446638241161644,2023,8765
2023-11-22,-0.20764003943654677,-0.02916624482219258,0.0085815041573982,-0.03774774897959078,2023,8765
2023-11-23,-0.013013205282112843,0.01405879899636171,0.06516632234972457,-0.051107523353362855,2023,8765
2023-11-24,0.11405383370527603,-0.0024836480540816443,0.03480552183282265,-0.0372891698869043,2023,8765
2023-11-27,-0.007250900360144057,-0.014623036851782489,0.026368868192123585,-0.040991905043906075,2023,8765
2023-11-28,0.10914765906362545,-0.003816102534219623,0.04434812273353973,-0.048164225267759354,2023,8765
2023-11-29,0.04057623049219687,0.0038169873258323884,0.0058198385453981484,-0.00200285121956576,2023,8765
2023-11-30,0.029819927971188476,0.01632886257295303,0.04012979737453796,-0.02380093480158493,2023,8765
2023-12-01,0.13037527915592612,0.004333492779185433,-0.0029137149686737527,0.0072472077478591855,2023,8765
2023-12-04,-0.15150060024009604,-0.020605040848877886,0.013081333285456687,-0.033686374134334576,2023,8765
2023-12-05,-0.11683353745354262,-0.015678696949011518,0.023212010963753405,-0.03889070791276492,2023,8765
2023-12-06,-0.03683073229291716,-0.005128445836936479,0.034575013998569215,-0.039703459835505696,2023,8765
2023-12-07,-0.025069638143213394,-0.009359347304270182,-0.012785171132923689,0.0034258238286535066,2023,8765
2023-12-08,-0.0017767533439297482,-0.019005293694988844,-0.007081568698008078,-0.011923724996980765,2023,8765
2023-12-11,-0.02814060702437943,0.004918700976102619,0.0019523255494852342,0.0029663754266173845,2023,8765
2023-12-12,0.12,0.006922671764576638,0.00013861614061150274,0.006784055623965135,2023,8765
2023-12-13,0.15572629051620648,-0.007388044656134541,-0.01471057101385399,0.007322526357719449,2023,8765
2023-12-14,0.2851860744297719,0.0022692412951324514,-0.020949448848964325,0.023218690144096776,2023,8765
2023-12-15,0.21507803121248498,0.016926789590664525,-0.003062213046207163,0.01998900263687169,2023,8765
2023-12-18,0.11544094699478688,-0.010602808414228782,-0.005141369994719336,-0.005461438419509445,2023,8765
2023-12-19,-0.036975677697997464,-0.022301247854148942,0.004770859817916473,-0.027072107672065415,2023,8765
2023-12-20,-0.011092436974789914,-0.03133300848313615,-0.02134104376992709,-0.00999196471320906,2023,8765
2023-12-21,0.07956782713085234,-0.04317560056983514,-0.02951205128075457,-0.013663549289080569,2023,8765
2023-12-22,0.07294117647058823,-0.018177983916269347,-0.044458376843583905,0.026280392927314558,2023,8765
2023-12-25,0.10924369747899158,-0.03625363140158645,-0.06104061191243668,0.02478698051085023,2023,8765
2023-12-26,-0.0458594444176462,-0.057816895027324754,-0.07028739086928443,0.012470495841959674,2023,8765
2023-12-27,-0.029388460715810968,-0.07130342666715055,-0.03250380670758638,-0.038799619959564165,2023,8765
2023-12-28,0.0182953181272509,-0.046583368670270076,-0.04167419073291974,-0.004909177937350337,2023,8765
2023-12-29,-0.02554683186407097,-0.07320248866917527,-0.017695341732433967,-0.0555071469367413,2023,8765
2024-01-02,0.2539735894357743,-0.05746194075926925,-0.08967575784997069,0.03221381709070144,2024,8765
2024-01-03,-0.12134453781512604,-0.07457481012494303,0.01099122723012993,-0.08556603735507297,2024,8765
2024-01-04,0.036350540216086434,-0.053492830550225946,-0.03616242437427203,-0.017330406175953918,2024,8765
2024-01-05,-0.1563985594237695,-0.09538161455842882,0.03832193884362943,-0.13370355340205825,2024,8765
2024-01-08,-0.11788715486194477,-0.12600197769322136,-0.06474877092807327,-0.06125320676514809,2024,8765
2024-01-09,0.03932773109243697,-0.08629765429469996,-0.032942894261725184,-0.05335476003297478,2024,8765
2024-01-10,-0.17685474189675868,-0.10290444336597786,0.006348579078603933,-0.1092530224445818,2024,8765
2024-01-11,-0.2533973589435774,-0.09285708938698134,0.011795607065214663,-0.104652696452196,2024,8765
2024-01-12,0.1431452581032413,-0.06875965732769936,-0.04857064726871282,-0.020189010058986538,2024,8765
2024-01-15,0.14900360144057623,-0.06926463203151376,-0.08210632265034032,0.012841690618826562,2024,8765
2024-01-16,0.00773109243697479,-0.0261692201683399,0.018341788103976665,-0.04451100827231656,2024,8765
2024-01-17,0.05162064825930372,-0.07849398170785761,-0.03509009043083984,-0.04340389127701777,2024,8765
2024-01-18,0.30189675870348137,0.018301342462645497,-0.0710830410377313,0.08938438350037681,2024,8765
2024-01-19,-0.010036014405762305,-0.03263459017427443,-0.05278693213390493,0.020152341959630497,2024,8765
2024-01-22,0.14732646646422884,-0.015551275591080604,-0.0690607799384038,0.0535095043473232,2024,8765
2024-01-23,0.04283416169690096,-0.002107963334368934,-0.047598190446037004,0.04549022711166807,2024,8765
2024-01-24,0.17162888994049846,-0.0004134218111624843,-0.10172225397075696,0.10130883215959448,2024,8765
2024-01-25,0.2318847539015606,0.007129738820027686,-0.07631105550101248,0.08344079432104017,2024,8765
2024-01-26,0.5170228091236494,0.02194863461281189,-0.12817421815803184,0.15012285277084372,2024,8765
2024-01-29,0.3551020408163265,-0.030327931408688225,-0.16615878296122527,0.13583085155253705,2024,8765
2024-01-30,0.07466986794717888,-0.047557330482237835,-0.06938973281346718,0.021832402331229343,2024,8765
2024-01-31,0.44028811524609834,-0.022653987716906708,-0.11157845302808855,0.08892446531118184,2024,8765
2024-02-01,0.5634093637454982,-0.005300846216502819,-0.1668474169778083,0.1615465707613055,2024,8765
2024-02-02,0.22814473343270902,-0.051138210302466645,-0.13575282518075746,0.0846146148782908,2024,8765
2024-02-05,-0.19155321861988553,-0.1083131174132348,-0.025484011437502663,-0.08282910597573213,2024,8765
2024-02-15,-0.2746764628994097,-0.08521011651439932,-0.026470816504468263,-0.05873930000993105,2024,8765
2024-02-16,-0.27346938775510204,-0.0843170369441805,-0.019006831010627435,-0.06531020593355306,2024,8765
2024-02-19,-0.1629330836744226,-0.06377470284317113,-0.02606933834147479,-0.03770536450169634,2024,8765
2024-02-20,-0.10300120048019207,-0.08402030573891704,-0.043753790933569583,-0.04026651480534746,2024,8765
2024-02-21,-0.16043217286914768,-0.07657381358900744,-0.021022559081161372,-0.05555125450784607,2024,8765
2024-02-22,-0.07438175270108043,-0.07194761642326494,-0.057469335323388035,-0.014478281099876908,2024,8765
2024-02-23,-0.15664241642969834,-0.06875088318021233,-0.019761719779448118,-0.048989163400764216,2024,8765
2024-02-26,-0.3432893157262905,-0.09808576228012235,-0.004932463704110268,-0.09315329857601208,2024,8765
2024-02-27,-0.13709483793517407,-0.07840337626946899,-0.004193962693256536,-0.07420941357621245,2024,8765
2024-02-29,-0.23620648259303723,-0.07816816269532542,-0.04233156827285187,-0.03583659442247355,2024,8765
2024-03-01,-0.21493913425485278,-0.07800784015125159,-0.04544131892014379,-0.0325665212311078,2024,8765
2024-03-04,-0.37709483793517407,-0.0767137174738377,-0.018184019893825853,-0.05852969758001185,2024,8765
2024-03-05,-0.3751740696278511,-0.08410351623994895,-0.01612948614807299,-0.06797403009187597,2024,8765
2024-03-06,-0.3204321728691476,-0.0696237923843672,-0.010255449476673895,-0.0593683429076933,2024,8765
2024-03-07,-0.2560864345738295,0.011104539581846252,0.012327462184832194,-0.001222922602985942,2024,8765
2024-03-08,-0.15558596849546985,-0.019208817958415246,-0.010123623785704883,-0.009085194172710363,2024,8765
2024-03-11,-0.16533013205282113,-0.03806115316451979,-0.037508648219618565,-0.000552504944901222,2024,8765
2024-03-12,-0.2695863046708542,-0.0466438472464009,-0.022980025201755693,-0.02366382204464521,2024,8765
2024-03-13,0.0640096038415366,0.01776610510999832,-0.01194796657967261,0.02971407168967093,2024,8765
2024-03-14,0.19884753901560623,0.006950824443630532,-0.012985729998089057,0.01993655444171959,2024,8765
2024-03-15,0.006578631452581032,-0.021264143058487485,-0.029003143761548156,0.0077390007030606715,2024,8765
2024-03-18,0.016278511404561824,-0.027681518817720695,-0.02866687578420628,0.0009853569664855857,2024,8765
2024-03-19,-0.2327490996398559,0.005844222563677504,0.01620274244494706,-0.010358519881269557,2024,8765
2024-03-20,-0.39774309723889556,-0.030326125622984156,0.04010319077520023,-0.07042931639818438,2024,8765
2024-03-21,-0.37642256902761095,-0.010766053873934023,0.04351102786487125,-0.05427708173880527,2024,8765
2024-03-22,-0.32644241167660615,-0.004425921862991821,0.0459879599718071,-0.050413881834798925,2024,8765
2024-03-25,-0.33944777911164464,-0.03430630663514259,0.04186258404959644,-0.07616889068473903,2024,8765
2024-03-26,-0.007107013375718993,-0.0007309357443313735,0.0021239081336028144,-0.002854843877934188,2024,8765
2024-03-27,-0.13315726290516205,0.02017544555824643,0.0096025990454354,0.010572846512811028,2024,8765
2024-03-28,-0.09358943577430971,0.004273616231768062,0.004550025239289035,-0.0002764090075209726,2024,8765
2024-03-29,-0.07553421368547418,0.009401715537102506,0.030150581438731894,-0.020748865901629387,2024,8765
2024-04-01,-0.03884753901560624,0.0016369690892640398,-0.006000983326571929,0.007637952415835969,2024,8765
2024-04-02,-0.13978391356542613,0.01232406657566958,0.0025050379229527796,0.0098190286527168,2024,8765
2024-04-03,-0.13354141656662666,0.007522456416862544,0.028322643616720256,-0.02080018719985771,2024,8765
2024-04-08,-0.3967827130852341,-0.029874345121894852,0.02621731500246609,-0.05609166012436094,2024,8765
2024-04-09,-0.12168359387886436,-0.009963861298884047,-0.0025950159226516443,-0.007368845376232403,2024,8765
2024-04-10,0.11471788715486195,0.05217263243304894,-0.013523036846871261,0.0656956692799202,2024,8765
2024-04-11,-0.2155582232893157,-0.007989875543614956,0.06661634282792414,-0.0746062183715391,2024,8765
2024-04-12,-0.08840336134453781,0.020220602186788995,0.10870811231318696,-0.08848751012639797,2024,8765
2024-04-15,0.26837935174069627,0.03270974060370775,0.014975412206329442,0.01773432839737831,2024,8765
2024-04-16,0.062472989195678265,0.011480378565622073,0.04046919261586336,-0.02898881405024129,2024,8765
2024-04-17,-0.05920768307322929,0.02288912977667219,0.14684199820410296,-0.12395286842743077,2024,8765
2024-04-18,0.07577612910057141,-0.0016184984069023468,0.09377929145683055,-0.09539778986373289,2024,8765
2024-04-19,0.010708283313325332,-0.005800030004516565,0.0778559290281825,-0.08365595903269907,2024,8765
2024-04-22,0.3126530612244898,-0.001933694941604558,-0.006794255188050236,0.004860560246445678,2024,8765
2024-04-23,0.37709483793517407,0.00660886605770723,0.006932004201570285,-0.0003231381438630549,2024,8765
2024-04-24,0.24120048019207685,-0.014433069770872154,-0.06364699017298718,0.04921392040211503,2024,8765
2024-04-25,0.14392047653936035,0.02127417966465197,0.07422789059084425,-0.052953710926192284,2024,8765
2024-04-26,0.2548021516576063,-0.02999867564719554,-0.06842689233830916,0.038428216691113626,2024,8765
2024-04-29,0.20711181546943255,-0.020960839515617703,-0.05356585964814629,0.032605020132528584,2024,8765
2024-04-30,0.0346218487394958,0.015195153832395536,0.03161749913882624,-0.016422345306430705,2024,8765
2024-05-02,0.1962545018007203,-0.008829925617135203,-0.05421361498431545,0.04538368936718025,2024,8765
2024-05-03,0.29623049219687875,0.050655154641860746,0.03373754020691776,0.01691761443494299,2024,8765
2024-05-06,0.011380552220888355,0.011793881534900996,0.05810656769232496,-0.04631268615742396,2024,8765
2024-05-07,-0.1887200173417273,-0.04547187011223177,0.07700312540429684,-0.1224749955165286,2024,8765
2024-05-08,0.08024009603841536,-0.006104390485441646,0.027211152759752878,-0.03331554324519452,2024,8765
2024-05-09,0.09392782542504291,-0.016128007791326993,0.04546726029751223,-0.06159526808883922,2024,8765
2024-05-10,0.4528691476590636,-0.014303218623545565,-0.0845012528268829,0.07019803420333733,2024,8765
2024-05-13,0.38247298919567824,-0.025891481982619223,-0.08043694909646246,0.054545467113843234,2024,8765
2024-05-14,0.2932533013205282,-0.013703656217705407,-0.0969117602465136,0.0832081040288082,2024,8765
2024-05-15,0.2351500600240096,-0.022327429770991437,-0.06344266818280087,0.04111523841180943,2024,8765
2024-05-16,0.2819207683073229,-0.04576524437800404,-0.08996913975274815,0.044203895374744104,2024,8765
2024-05-17,0.2573349339735894,-0.04709933915598942,-0.11545951728160601,0.0683601781256166,2024,8765
2024-05-20,0.37728691476590637,-0.05182131647336041,-0.12857063218182513,0.07674931570846472,2024,8765
2024-05-21,0.3095798319327731,-0.052657861505384915,-0.1259853555862508,0.07332749408086588,2024,8765
2024-05-22,0.22142188294216403,-0.029712512508742305,-0.08998711968162385,0.060274607172881536,2024,8765
2024-05-23,0.14804321728691477,-0.04919728271799896,-0.09101913538166881,0.04182185266366985,2024,8765
2024-05-24,-0.23457382953181274,-0.0283449434151957,-0.022766074258017133,-0.005578869157178569,2024,8765
2024-05-27,-0.25297125988707875,-0.05681510864808511,-0.028236020640015937,-0.028579088008069173,2024,8765
2024-05-28,-0.07025210084033613,-0.06386217435257562,-0.0659870710783085,0.0021248967257328916,2024,8765
2024-05-29,-0.13584633853541417,-0.09135194409455002,-0.10036600904615049,0.009014064951600467,2024,8765
2024-05-30,0.264921968787515,-0.07035663094517562,-0.11051895139333623,0.04016232044816061,2024,8765
2024-05-31,0.37177363212713815,-0.06876286678486135,-0.12060263591900951,0.05183976913414816,2024,8765
2024-06-03,0.12566626650660262,-0.08065651176693527,-0.10250444286058884,0.021847931093653572,2024,8765
2024-06-04,0.34440202655849067,-0.060031144544800165,-0.12611206929509722,0.06608092475029706,2024,8765
2024-06-05,0.074093637454982,-0.08262422731140445,-0.10294062600088272,0.020316398689478266,2024,8765
2024-06-06,-0.14554621848739496,-0.143706414282282,-0.07155052850225135,-0.07215588578003065,2024,8765
2024-06-07,0.057190876350540217,-0.13831985735723512,-0.10443305864254519,-0.03388679871468993,2024,8765
2024-06-11,0.21786314525810324,-0.07145004516697182,-0.10410684920181905,0.032656804034847234,2024,8765
2024-06-12,-0.15534213685474188,-0.09882525080721101,-0.08858248985781395,-0.010242760949397064,2024,8765
2024-06-13,-0.20489795918367346,-0.10677868608534077,-0.053254791727924425,-0.05352389435741635,2024,8765
2024-06-14,-0.10021608643457382,-0.10562873223999918,-0.07053472200971315,-0.03509401023028602,2024,8765
2024-06-17,-0.12672268907563025,-0.10883965086551797,-0.07225816628453104,-0.03658148458098694,2024,8765
2024-06-18,-0.3269627851140456,-0.08405625918337685,-0.03130551964658903,-0.05275073953678782,2024,8765
2024-06-19,-0.39553421368547415,-0.0431144095849428,0.002295575027288166,-0.04540998461223097,2024,8765
2024-06-20,-0.4643937575030011,-0.12624354332977347,0.005358213854772897,-0.13160175718454636,2024,8765
2024-06-21,-0.4715966386554622,-0.09719207173312253,0.019690032527573665,-0.11688210426069619,2024,8765
2024-06-24,-0.386218487394958,-0.09896534248631489,-0.007481294069131806,-0.09148404841718308,2024,8765
2024-06-25,-0.5261464585834333,-0.06186127539546434,0.044176053468689455,-0.10603732886415379,2024,8765
2024-06-26,-0.36585834333733486,-0.0701095654728718,0.016193169534894348,-0.08630273500776614,2024,8765
2024-06-27,-0.4920528211284513,-0.0636729322613637,0.04830764072148815,-0.11198057298285186,2024,8765
2024-06-28,-0.4777430972388956,-0.06787207551669369,0.039158882192947,-0.10703095770964069,2024,8765
2024-07-01,-0.32235294117647056,-0.04101925836420045,0.01628016746788292,-0.057299425832083375,2024,8765
2024-07-02,-0.36297719087635055,-0.049372592085875876,0.037952226116704034,-0.08732481820257991,2024,8765
2024-07-03,-0.5519807923169268,-0.07166096370165312,0.09248215392052699,-0.1641431176221801,2024,8765
2024-07-04,-0.4101419002838913,-0.00257694143281727,0.0812039874804071,-0.08378092891322436,2024,8765
2024-07-05,-0.3388715486194478,0.014439048581094006,0.050766085914515216,-0.036327037333421214,2024,8765
2024-07-08,-0.16254501800720286,0.03767549713780118,0.09330259205355206,-0.05562709491575087,2024,8765
2024-07-09,-0.20658359150231828,0.03571996216881947,0.0781071158565095,-0.04238715368769002,2024,8765
2024-07-10,-0.3081392557022809,0.04270695601526843,0.11008838081370924,-0.06738142479844081,2024,8765
2024-07-11,-0.22554621848739492,0.04108549232970887,0.09019606638757735,-0.04911057405786848,2024,8765
2024-07-12,-0.38775510204081626,-0.02181924670085812,0.07238112425952259,-0.09420037096038071,2024,8765
2024-07-15,-0.4414405762304921,-0.011670627319719707,0.08757601473881547,-0.09924664205853519,2024,8765
2024-07-16,-0.3227370948379351,0.012535967553773886,0.059665235771756996,-0.047129268217983106,2024,8765
2024-07-17,0.08629051620648259,-0.0002934824419828952,-0.019251713976807593,0.018958231534824697,2024,8765
2024-07-18,0.07745498199279711,0.019201107004014163,-0.003964860939071046,0.02316596794308521,2024,8765
2024-07-19,0.04067226890756302,0.015453107506464604,0.007709332448268413,0.0077437750581961905,2024,8765
2024-07-22,0.08264105642256904,0.0027301307712480627,-0.02149430537862542,0.024224436149873484,2024,8765
2024-07-23,0.17637454981992798,0.015022038044986951,-0.049136665228691936,0.06415870327367888,2024,8765
2024-07-26,0.22948379351740697,0.0014111852739796759,-0.03322375383953634,0.03463493911351601,2024,8765
2024-07-29,0.2657863145258103,0.038274602282199276,-0.011033571392199825,0.0493081736743991,2024,8765
2024-07-30,0.17695078031212486,0.0007436080248826804,-0.03310288638478544,0.03384649440966812,2024,8765
2024-07-31,0.020984393757503002,-0.019982009607793106,0.00019791890313564098,-0.020179928510928747,2024,8765
2024-08-01,0.06055222088835534,0.011012463716326738,-0.01072143479661134,0.021733898512938075,2024,8765
2024-08-02,0.5504441776710683,0.02651980447547022,-0.0790350590419272,0.10555486351739743,2024,8765
2024-08-05,0.3898292877303161,-0.0037161508925398824,-0.04539908081176797,0.04168292991922808,2024,8765
2024-08-06,0.3314765906362545,0.02439863792399647,-0.004201809755449881,0.02860044767944635,2024,8765
2024-08-07,0.03097238895558223,-0.0031106643071982854,0.013941081641614872,-0.017051745948813157,2024,8765
2024-08-08,-0.3237052511197414,-0.018203981449758787,0.02888265967277285,-0.047086641122531636,2024,8765
2024-08-09,-0.28758703481392556,-0.020171236533043025,0.04054737307180095,-0.06071860960484397,2024,8765
2024-08-12,-0.48350540216086435,-0.0300795568322207,0.04089450026305983,-0.07097405709528053,2024,8765
2024-08-13,-0.5441056422569027,-0.03563386317619658,0.04855054220179864,-0.08418440537799522,2024,8765
2024-08-14,-0.5132773109243698,-0.06825923946897423,0.02757661980922682,-0.09583585927820105,2024,8765
2024-08-15,-0.6119087635054021,-0.039569507620122804,0.03503522976773908,-0.07460473738786189,2024,8765
2024-08-16,-0.5026532536392102,-0.023035555335648706,0.036599555908802116,-0.059635111244450825,2024,8765
2024-08-19,-0.2722754448670722,-0.0035777863594759983,0.030322374231289563,-0.03390016059076556,2024,8765
2024-08-20,-0.22593579684295853,-0.020394773756873742,0.019246877712992126,-0.03964165146986587,2024,8765
2024-08-21,0.08657863145258103,-0.03326743211377472,-0.032834616324070434,-0.0004328157897042842,2024,8765
2024-08-22,0.15092436974789916,-0.014025336937747957,-0.03991202309239352,0.025886686154645566,2024,8765
2024-08-23,0.09839135654261706,-0.0252031134833005,-0.03897327711846439,0.013770163635163892,2024,8765
2024-08-26,0.08758913781967191,-0.05258383523427568,-0.06525670025598854,0.012672865021712859,2024,8765
2024-08-27,0.02348139255702281,-0.04291075801156594,-0.05041519998784281,0.0075044419762768655,2024,8765
2024-08-28,0.08456182472989196,-0.038555229380819345,-0.04553230609824329,0.006977076717423945,2024,8765
2024-08-29,-0.0981032412965186,-0.022651060541356793,-0.033602367805150635,0.010951307263793841,2024,8765
2024-08-30,-0.2581992797118847,-0.03926080202554748,0.03828267480631663,-0.0775434768318641,2024,8765
2024-09-02,-0.09138055222088834,-0.026422464016919677,-0.008274592984427653,-0.018147871032492026,2024,8765
2024-09-03,-0.13392557022809123,-0.06183018732902906,-0.01976733106575427,-0.042062856263274793,2024,8765
2024-09-04,-0.08561824729891956,-0.04503280363167088,-0.04592329957465707,0.0008904959429861942,2024,8765
2024-09-05,-0.38775510204081626,-0.07265377825840705,-0.009929276192004432,-0.06272450206640262,2024,8765
2024-09-06,-0.3123649459783914,-0.07116867808214496,-0.033380988032027645,-0.03778769005011731,2024,8765
2024-09-09,0.0012965186074429772,-0.08384670755746765,-0.06950657494146975,-0.014340132615997897,2024,8765
2024-09-10,0.20969987995198078,-4.0961367807268444e-05,-0.07464114182704903,0.07460018045924177,2024,8765
2024-09-11,0.260798578672499,-0.023887372664749894,-0.09341122676997256,0.06952385410522266,2024,8765
2024-09-12,0.09118847539015605,-0.05003274730385752,-0.0755193526959832,0.02548660539212568,2024,8765
2024-09-13,0.04533122045053196,-0.04331935334878114,-0.048063036741210576,0.004743683392429435,2024,8765
2024-09-16,-0.0508535619249082,-0.0308221036770449,-0.05062686897064471,0.01980476529359981,2024,8765
2024-09-18,0.20777911164465784,-0.045563690120229906,-0.09437107248162412,0.04880738236139421,2024,8765
2024-09-19,0.07322929171668667,-0.01450810997978801,-0.05218901436337463,0.03768090438358662,2024,8765
2024-09-20,0.20845138055222087,-0.044719499894560054,-0.0692692594122307,0.02454975951767064,2024,8765
2024-09-23,-0.2838415366146458,-0.05665849279561511,-0.030513712217305023,-0.02614478057831009,2024,8765
2024-09-24,-0.2401440576230492,-0.03632589584143141,-0.022685070798261608,-0.0136408250431698,2024,8765
2024-09-25,-0.04336134453781513,-0.010353016290683924,-0.01043307562738235,8.005933669842473e-05,2024,8765
2024-09-26,-0.1598559423769508,-0.05181571937618705,-0.028838762610621804,-0.022976956765565246,2024,8765
2024-09-27,0.18405762304921966,-0.033529301188506236,-0.0568016871674639,0.023272385978957665,2024,8765
2024-09-30,0.2363562151033033,-0.02546150888808062,-0.0710498425796244,0.04558833369154379,2024,8765
2024-10-01,-0.1947705827832178,-0.06520180480647442,-0.008372141168733471,-0.056829663637740946,2024,8765
2024-10-04,-0.08561824729891956,-0.02980006069924398,-0.007636457541882779,-0.022163603157361197,2024,8765
2024-10-07,-0.04086434573829532,-0.05617664593326986,-0.04093694462280142,-0.015239701310468444,2024,8765
2024-10-08,0.11596638655462185,-0.001667419889213728,-0.05302726318886841,0.051359843299654685,2024,8765
2024-10-09,0.08542617046818726,0.02444426661932686,-0.048247081792796465,0.07269134841212332,2024,8765
2024-10-11,-0.08388955582232892,0.04156460731430025,-0.003563059050027384,0.045127666364327634,2024,8765
2024-10-14,-0.15879951980792315,-0.022564278580360884,-0.007711268196399823,-0.01485301038396106,2024,8765
2024-10-15,-0.008403361344537815,-0.0007180545503999603,-0.007780081909182679,0.007062027358782719,2024,8765
2024-10-16,0.06986962474102118,0.07459466343604597,0.005653800875922277,0.06894086256012369,2024,8765
2024-10-17,-0.17445378151260504,0.006302606560313539,0.034512056342372574,-0.028209449782059033,2024,8765
2024-10-18,-0.027803121248499398,0.022434771672516406,0.025847021339436827,-0.003412249666920421,2024,8765
2024-10-21,-0.08264105642256904,-0.018367942787277537,-0.0027089478027210847,-0.015658994984556453,2024,8765
2024-10-22,-0.010996398559423769,0.0392984752894819,0.030965341500505405,0.008333133788976498,2024,8765
2024-10-23,-0.05315726290516206,0.040125411532022946,0.024130824477155376,0.01599458705486757,2024,8765
2024-10-24,0.2331332533013205,0.02855255511736541,-0.004591356517988332,0.03314391163535374,2024,8765
2024-10-25,0.19414165666266506,0.04138824136084683,0.024311957012517215,0.017076284348329616,2024,8765
2024-10-28,0.20019207683073229,0.028119512237367295,0.0021107693974910745,0.026008742839876222,2024,8765
2024-10-29,0.14343337334933973,0.03261751728282421,-0.007484492963774103,0.04010201024659831,2024,8765
2024-10-30,0.0973852913916089,0.03059368914096421,0.00794202944763046,0.02265165969333375,2024,8765
2024-11-01,0.015030372882432735,0.0009587288088880209,0.0009826127730738655,-2.3883964185844597e-05,2024,8765
2024-11-04,0.04153661464585834,0.0015401608125942268,-0.0303589186498885,0.03189907946248273,2024,8765
2024-11-05,0.11745780214195038,-0.040581954663022855,-0.05089567614018481,0.010313721477161954,2024,8765
2024-11-06,-0.05815126050420167,-0.0007341834596064856,-0.009504892633748919,0.008770709174142433,2024,8765
2024-11-07,-0.16388955582232892,-0.017930995260097993,0.02199062686694676,-0.039921622127044754,2024,8765
2024-11-08,-0.4202160864345738,-0.04423499584267082,0.04620726174833929,-0.09044225759101011,2024,8765
2024-11-11,-0.4036014405762305,-0.07460766932100127,0.025229232212881803,-0.09983690153388307,2024,8765
2024-11-12,-0.13027611044417767,0.02090233838113037,0.04102851804618689,-0.020126179665056518,2024,8765
2024-11-13,0.025402160864345734,0.015523093978169833,0.014815482957081062,0.0007076110210887717,2024,8765
2024-11-14,-0.07054021608643457,-0.0033959392770277486,0.014371742996798442,-0.01776768227382619,2024,8765
2024-11-15,0.10175270108043216,0.001982684709053206,-0.030314024787684614,0.03229670949673782,2024,8765
2024-11-18,0.041152460984393756,-0.021616751703241545,-0.05190090204232793,0.030284150339086387,2024,8765
2024-11-19,-0.10184873949579833,-0.05154334520577926,-0.022684697323922854,-0.028858647881856405,2024,8765
2024-11-20,0.27442977190876344,-0.03791697102261654,-0.07761565546292779,0.039698684440311244,2024,8765
2024-11-21,-0.010516206482593037,-0.010023519837402073,-0.017998974181206738,0.007975454343804665,2024,8765
2024-11-22,0.11875150060024009,-0.005739605176197327,-0.015372976946308025,0.009633371770110699,2024,8765
2024-11-25,0.31159663865546217,-0.011877943278761705,-0.08833603162208489,0.07645808834332318,2024,8765
2024-11-26,-0.07034813925570228,-0.06886012604310443,-0.043446993342550665,-0.025413132700553766,2024,8765
2024-11-27,-0.05219687875150059,-0.011425633120059208,-0.01927606213963796,0.007850429019578753,2024,8765
2024-11-28,0.051908763505402154,-0.03436894797920346,-0.02914105142285437,-0.0052278965563490876,2024,8765
2024-11-29,-0.10540216086434574,-0.035070670205729494,-0.02474241221702269,-0.010328257988706804,2024,8765
2024-12-02,-0.23899159663865546,-0.038210201481554275,-0.015857674890539186,-0.02235252659101509,2024,8765
2024-12-03,-0.03759903961584634,-0.021098236413487393,0.005697189661254198,-0.026795426074741592,2024,8765
2024-12-04,-0.3447298919567827,-0.09045749532777955,0.001533159783928395,-0.09199065511170795,2024,8765
2024-12-05,-0.07687875150060022,-0.059236566738086215,-0.029891850186792756,-0.02934471655129346,2024,8765
2024-12-06,-0.0497010732693862,-0.0882167967701721,-0.04705681086998938,-0.04115998590018273,2024,8765
2024-12-09,-0.12902761104441776,-0.07202612015175411,-0.0431713259017778,-0.028854794249976307,2024,8765
2024-12-10,0.18300120048019208,-0.02423962033348457,-0.06956077561860832,0.04532115528512375,2024,8765
2024-12-11,0.21815649841818502,-0.04342912047970935,-0.06067502476996993,0.01724590429026058,2024,8765
2024-12-12,0.10040816326530612,-0.047129301465189996,-0.058836439704984346,0.01170713823979435,2024,8765
2024-12-13,-0.015414165666266506,-0.06544634589881423,-0.03226975533195727,-0.03317659056685696,2024,8765
2024-12-16,0.12729891956782713,-0.0309493324995041,-0.027901706045413276,-0.003047626454090825,2024,8765
2024-12-17,0.0563278830386377,-0.04512402339343382,-0.02062930345546903,-0.02449471993796479,2024,8765
2024-12-18,-0.13142857142857142,-0.07454418455935444,-0.02772518435924657,-0.04681900020010787,2024,8765
2024-12-19,0.10981992797118847,-0.055973755766935196,-0.05194415092748837,-0.004029604839446824,2024,8765
2024-12-20,0.16283313325330132,-0.05590283492389064,-0.049372349204226174,-0.0065304857196644694,2024,8765
2024-12-23,-0.07678271308523409,-0.051806258307804866,-0.04061323970739751,-0.011193018600407355,2024,8765
2024-12-24,-0.0981032412965186,-0.04184988990773349,-0.03331750153322253,-0.008532388374510959,2024,8765
2024-12-25,-0.14429771908763506,-0.047063166197377715,-0.0031344919685132753,-0.04392867422886444,2024,8765
2024-12-26,-0.3797930323551454,-0.06183802820619967,-0.004686528522968736,-0.05715149968323094,2024,8765
2024-12-27,-0.35318127250900355,-0.09981529069018469,-0.00575655388566626,-0.09405873680451843,2024,8765
2024-12-30,-0.07169267707082833,-0.026381220293988594,-0.012867919124426141,-0.013513301169562453,2024,8765
2024-12-31,0.3522208883553421,-0.0008001244874496827,-0.06683545395798804,0.06603532947053836,2024,8765
2025-01-02,0.13517406962785114,-0.010891241249907712,-0.036614238288060166,0.025722997038152454,2025,8765
2025-01-03,0.15034813925570228,-0.018750209181303646,-0.02981184714273021,0.011061637961426563,2025,8765
2025-01-06,0.030588235294117645,0.00020405600055912744,-0.005666253131890097,0.005870309132449225,2025,8765
2025-01-07,0.32144829416934423,0.06112683559845609,-0.010059282396197322,0.07118611799465341,2025,8765
2025-01-08,0.1878031212484994,0.05142792046356405,0.028672918728594888,0.022755001734969162,2025,8765
2025-01-09,0.14141656662665067,0.07911135113982795,0.038574477875294944,0.04053687326453301,2025,8765
2025-01-10,0.12941487194299112,0.07220581727714619,0.03345918938873506,0.03874662788841113,2025,8765
2025-01-13,0.17032412965186072,0.08856686209751642,0.002879393870053026,0.0856874682274634,2025,8765
2025-01-14,-0.1023794088988709,0.07109120676646094,0.05662992706422767,0.014461279702233272,2025,8765
2025-01-15,-0.06924536005261343,0.08088600097404429,0.052969687018749934,0.027916313955294356,2025,8765
2025-01-16,-0.254267809624541,0.05426757601692361,0.05352298240541407,0.0007445936115095461,2025,8765
2025-01-17,-0.1474669867947179,0.05776552736928795,0.05453778853816804,0.00322773883111991,2025,8765
2025-01-20,-0.15308890974183886,0.07038301031408209,0.0632090180138374,0.007173992300244694,2025,8765
2025-01-21,-0.06141656662665066,0.0732340798094077,0.08834799075981345,-0.015113910950405748,2025,8765
2025-01-22,-0.266753103392696,0.05051137401133593,0.10229184354576074,-0.051780469534424806,2025,8765
2025-02-03,-0.19164465786314525,0.055012290208727256,0.08988788154242788,-0.03487559133370063,2025,8765
2025-02-04,-0.06986794717887154,0.06304259616056632,0.08662123997968288,-0.023578643819116563,2025,8765
2025-02-05,-0.1307563025210084,0.05358583131015617,0.079599783226202,-0.026013951916045823,2025,8765
2025-02-06,-0.14881152460984393,0.063100410194079,0.06734423671509182,-0.004243826521012822,2025,8765
2025-02-07,0.07966386554621849,0.06425571594931714,0.04459965969123904,0.019656056258078106,2025,8765
2025-02-10,0.029723889555822326,0.08580085355005809,0.04904993863795047,0.03675091491210762,2025,8765
2025-02-11,0.12124849939975989,0.07069977119163885,0.04540305633758648,0.025296714854052375,2025,8765
2025-02-12,0.23073229291716685,0.11076637241511511,0.08048632471412913,0.030280047700985982,2025,8765
2025-02-13,0.240053782873103,0.07954964919363114,0.022009435170674198,0.05754021402295694,2025,8765
2025-02-14,0.045570228091236495,0.08355983927951315,0.05534836948107182,0.028211469798441323,2025,8765
2025-02-17,0.15092436974789916,0.07671826307847805,0.03782228779615571,0.038895975282322345,2025,8765
2025-02-18,0.07812725090036014,0.0677537226246784,0.05815054183839037,0.009603180786288024,2025,8765
2025-02-19,0.007923169267707083,0.041904043630927715,0.05439305772748996,-0.012489014096562244,2025,8765
2025-02-20,0.2727556484735397,0.07170716184337317,0.02159248141018686,0.05011468043318631,2025,8765
2025-02-21,0.3231212484993997,0.07520316215181058,0.0365583958921261,0.03864476625968448,2025,8765
2025-02-24,0.47274909963985595,0.052307080925206625,0.007123798606244125,0.0451832823189625,2025,8765
2025-02-25,0.3610170713422661,0.06605873886585678,0.029202430714965477,0.036856308150891304,2025,8765
2025-02-26,0.28860929729781637,0.05466691330182742,0.03421581811214436,0.020451095189683063,2025,8765
2025-02-27,0.32235294117647056,0.0742413528194735,0.04466523302968317,0.02957611978979033,2025,8765
2025-03-03,0.287875150060024,0.05279697825302262,0.02114522519590687,0.03165175305711575,2025,8765
2025-03-04,-0.047875150060024005,0.00397607781551138,0.03610497396898991,-0.032128896153478526,2025,8765
2025-03-05,0.0640096038415366,0.037973894608250125,0.011697683536719416,0.02627621107153071,2025,8765
2025-03-06,0.16715486194477788,0.06458389863055451,0.03167746530809747,0.03290643332245704,2025,8765
2025-03-07,0.26012004801920763,0.02694650120054377,-0.027728791237349303,0.05467529243789307,2025,8765
2025-03-10,0.4474909963985594,0.055786575069443255,-0.07310208147495548,0.12888865654439874,2025,8765
2025-03-11,0.14458583433373348,0.05843481734099117,-0.02749382272282207,0.08592864006381325,2025,8765
2025-03-12,0.24216086434573827,0.016447544575968653,-0.03823307037654219,0.054680614952510836,2025,8765
2025-03-13,0.09867947178871549,-0.011204451038244667,-0.0024903534422820563,-0.00871409759596261,2025,8765
2025-03-14,0.37613445378151256,0.04893768892067383,-0.02126411478804402,0.07020180370871784,2025,8765
2025-03-17,0.34223289315726285,0.056920895773246605,-0.002228583385360272,0.059149479158606875,2025,8765
2025-03-18,0.48619447779111635,0.0461480450259786,-0.034291436522917065,0.08043948154889566,2025,8765
2025-03-19,0.2272323465804208,0.03226343187272111,-0.013847543634897508,0.04611097550761862,2025,8765
2025-03-20,0.2921968787515006,0.059298309976579144,-0.015464424747787897,0.07476273472436704,2025,8765
2025-03-21,0.4373109243697479,0.06134167270658773,0.00044631369545339306,0.06089535901113434,2025,8765
2025-03-24,0.13373349339735893,0.034796419459063734,0.015903669494298688,0.018892749964765046,2025,8765
2025-03-25,0.43673469387755093,0.06022088538936604,-0.01594614116438927,0.07616702655375532,2025,8765
2025-03-26,0.3538535414165666,0.0272324986319201,-0.021988105930931333,0.04922060456285143,2025,8765
2025-03-27,0.5049219687875149,0.021850936533922727,-0.048150846786566906,0.07000178332048963,2025,8765
2025-03-28,0.29546218487394954,0.03822251671124932,-0.0036458150387780664,0.04186833175002739,2025,8765
2025-03-31,0.3970708283313325,0.05095422364518666,-0.014018560319241013,0.06497278396442767,2025,8765
2025-04-01,0.5326770708283313,0.05609246818199241,-0.05122870594582648,0.10732117412781889,2025,8765
2025-04-02,0.3909817763858381,0.033379293969894995,-0.028743876367099973,0.062123170336994965,2025,8765
2025-04-07,0.3545258103241296,0.053470789838778066,-0.060750164497459694,0.11422095433623776,2025,8765
2025-04-08,-0.05085234093637454,-0.01988446672911228,0.04724417068317739,-0.06712863741228967,2025,8765
2025-04-09,0.4520048019207683,0.06711645547343317,-0.07832839290914115,0.14544484838257432,2025,8765
2025-04-10,0.6145978391356542,0.05902218006003337,-0.0388020795151335,0.09782425957516687,2025,8765
2025-04-11,0.5148139255702281,0.08481507546481866,-0.026990609653270013,0.11180568511808867,2025,8765
2025-04-14,0.1872268907563025,-0.03679109274015509,-0.07927921751629145,0.042488124776136366,2025,8765
2025-04-15,0.06324129651860745,-0.019595434040911065,-0.021732253330235818,0.0021368192893247533,2025,8765
2025-04-16,0.02991596638655462,-0.011045178565489921,-0.021423409749357348,0.010378231183867426,2025,8765
2025-04-17,0.2700120048019207,0.05792571787878305,-0.010726937348496945,0.06865265522728,2025,8765
2025-04-18,0.4260846600186123,0.06544838628535743,-0.0836153996851647,0.1490637859705221,2025,8765
2025-04-21,0.6479231692677071,0.08480519727851696,-0.11355433362231113,0.19835953090082808,2025,8765
2025-04-22,0.5907803121248499,0.0689488321522687,-0.09584217325664665,0.16479100540891534,2025,8765
2025-04-23,0.3689315726290516,0.07202977180434796,-0.01162803213045458,0.08365780393480253,2025,8765
2025-04-24,0.2571970516239927,0.04286907726246889,0.013689553067539805,0.029179524194929085,2025,8765
2025-04-25,0.1537094837935174,0.009016546276226589,0.01562064154021714,-0.006604095263990551,2025,8765
2025-04-28,0.02069627851140456,-0.008962949162857026,0.05279614111789706,-0.06175909028075408,2025,8765
2025-04-29,-0.13267707082833133,-0.0359126924776136,0.027517610743706733,-0.06343030322132033,2025,8765
2025-04-30,-0.14703834430034834,-0.012633553592171632,0.07091553874346294,-0.08354909233563458,2025,8765
2025-05-02,-0.12847606019711016,0.0022116228380563707,0.04266757660957371,-0.04045595377151734,2025,8765
2025-05-05,-0.169171668667467,0.014599118799160204,0.0457575259283919,-0.031158407129231694,2025,8765
2025-05-06,-0.5202881152460984,-0.028325842408594426,0.07254018122687553,-0.10086602363546995,2025,8765
2025-05-07,-0.6006866913301953,-0.0566809083541844,0.02931416654743031,-0.0859950749016147,2025,8765
2025-05-08,-0.464297719087635,-0.05822479684052079,0.042445649406142684,-0.10067044624666346,2025,8765
2025-05-09,-0.15587409065935037,-0.01657090449191434,-0.02049615633935494,0.0039252518474406015,2025,8765
2025-05-12,-0.0979615357193699,-0.043528468220180215,-0.006920383235344496,-0.03660808498483572,2025,8765
2025-05-13,-0.2556062424969988,-0.016694462887730188,0.04232586479210874,-0.059020327679838926,2025,8765
2025-05-14,-0.253109243697479,-0.06947678372780067,-0.006505303217682401,-0.06297148051011826,2025,8765
2025-05-15,-0.196734693877551,-0.045987283851903815,0.015156570064672702,-0.06114385391657652,2025,8765
2025-05-16,-0.29594237695078035,-0.05151325883239042,0.04784715005505279,-0.09936040888744321,2025,8765
2025-05-19,-0.3903481392557023,-0.05087763588798196,0.037783885739636126,-0.08866152162761809,2025,8765
2025-05-20,-0.3329251603639174,-0.04859747320477398,-0.0065354735458726275,-0.04206199965890135,2025,8765
2025-05-21,-0.23879951980792313,-0.047592279973082574,0.02704549137885811,-0.07463777135194069,2025,8765
2025-05-22,0.025354750421483975,-0.01949449415247224,0.011805230302512482,-0.031299724454984724,2025,8765
2025-05-23,-0.1061704681872749,-0.050941136605343454,0.020960941657738173,-0.07190207826308162,2025,8765
2025-05-26,-0.05901560624249699,-0.06941306159529842,-0.023716303936589044,-0.045696757658709376,2025,8765
2025-05-27,-0.09191097027787942,-0.05925198015091916,-0.010319608944514913,-0.04893237120640425,2025,8765
2025-05-28,0.24244897959183673,-0.04001606903902759,-0.09432169431315265,0.054305625274125066,2025,8765
2025-05-29,0.08811524609843938,-0.045644082628922444,-0.05824683393292964,0.012602751304007197,2025,8765
2025-06-02,0.13167182889338838,-0.04422708823897512,-0.08114808917563611,0.03692100093666099,2025,8765
2025-06-03,0.261656662665066,-0.05919059799634692,-0.07278539096668762,0.013594792970340705,2025,8765
2025-06-04,0.11755384286324387,-0.05141411987815928,-0.05844676502289868,0.007032645144739398,2025,8765
2025-06-05,-0.13699879951980792,-0.046249373928157,-0.04183915478551348,-0.004410219142643522,2025,8765
2025-06-06,-0.08062424969987995,-0.046190991194158204,-0.035769742269703274,-0.01042124892445493,2025,8765
2025-06-09,0.06257353487072617,-0.024870336504342505,-0.03487965770795352,0.010009321203611012,2025,8765
2025-06-10,0.08302919717602737,-0.024248721546804873,-0.046053413696979816,0.021804692150174942,2025,8765
2025-06-11,0.1491956782713085,-0.029376714277512518,-0.05429171860338268,0.02491500432587016,2025,8765
2025-06-12,0.2964777066330342,-0.0032821871507281775,-0.05929119213932862,0.05600900498860044,2025,8765
2025-06-13,0.17704681872749098,-0.03104590468346986,-0.07150742347622017,0.04046151879275031,2025,8765
2025-06-16,0.11673469387755102,-0.035024963905277165,-0.06307733268083099,0.028052368775553824,2025,8765
2025-06-17,0.08657863145258103,-0.01747973706964715,-0.05401882872465043,0.03653909165500328,2025,8765
2025-06-18,0.03880045140257396,-0.061870059720248595,-0.01969339225448492,-0.04217666746576368,2025,8765
2025-06-19,-0.02314581383173348,-0.059971377584478444,-0.03693342147947835,-0.023037956105000097,2025,8765
2025-06-20,0.13893291136455738,-0.01232973653342916,-0.025410735023000418,0.013080998489571258,2025,8765
2025-06-23,0.027322929171668665,-0.05450518179760244,-0.026178192439613345,-0.028326989357989097,2025,8765
2025-06-24,-0.002352941176470588,-0.050666262515091556,-0.046446652840643754,-0.004219609674447802,2025,8765
2025-06-25,-0.08408365149245917,-0.04447761560245371,-0.03377571038631583,-0.010701905216137883,2025,8765
2025-06-26,0.05623049219687875,-0.028601313828351772,-0.05157534892097616,0.02297403509262439,2025,8765
2025-06-27,0.18396158463385354,-0.03433474709601982,-0.059413291997255646,0.025078544901235823,2025,8765
2025-06-30,-0.123937575030012,-0.05449240898785224,-0.016208573516296964,-0.03828383547155527,2025,8765
2025-07-01,-0.009267707082833133,-0.022985373691568788,0.038944632182289086,-0.06193000587385787,2025,8765
2025-07-02,-0.0024489795918367346,-0.030161818037760045,0.04031999739889793,-0.07048181543665798,2025,8765
2025-07-03,0.1407442977190876,-0.017062061755401113,0.008164005842583977,-0.02522606759798509,2025,8765
2025-07-04,-0.17551020408163265,-0.0462025767145807,-0.04088427066919005,-0.005318306045390651,2025,8765
2025-07-07,-0.17397358943577432,-0.06246507022659277,0.005636292392703001,-0.06810136261929577,2025,8765
2025-07-08,-0.18914765906362543,-0.054334489216722105,0.02702457463954928,-0.08135906385627138,2025,8765
2025-07-09,-0.09882590221101141,-0.056879163996708934,-0.08386436044402207,0.026985196447313134,2025,8765
2025-07-10,-0.17786741583556182,-0.054830014749718714,0.01905565400631557,-0.07388566875603428,2025,8765
2025-07-11,-0.07745498199279711,-0.07119860423015499,-0.04079571731198507,-0.03040288691816992,2025,8765
2025-07-14,-0.1472749099639856,-0.057440000689307324,0.06573059112131477,-0.1231705918106221,2025,8765
2025-07-15,0.12297719087635053,-0.004435247149756294,0.058958209191475944,-0.06339345634123224,2025,8765
2025-07-16,-0.06852340936374549,-0.047486174259434646,0.06358389926156813,-0.11107007352100277,2025,8765
2025-07-17,0.1427611044417767,-0.0009043865839474807,-0.050296649866724205,0.049392263282776724,2025,8765
2025-07-18,-0.08340936374549819,-0.041432573083637826,0.06718804934134429,-0.1086206224249821,2025,8765
2025-07-21,-0.07519988477281044,-0.038784261193483174,0.03130019761996914,-0.07008445881345232,2025,8765
2025-07-22,-0.161968787515006,-0.0019292976955969433,0.05804254780381628,-0.05997184549941322,2025,8765
2025-07-23,-0.09656662665066026,-0.030075831177270796,0.016049389676435977,-0.04612522085370677,2025,8765
2025-07-24,0.013733823144970486,0.034180028782266315,0.04611904986569139,-0.011939021083425073,2025,8765
2025-07-25,-0.06766231279411368,0.0016862758245100528,0.026844769693603922,-0.02515849386909387,2025,8765
2025-07-28,0.04509003601440576,-0.011728612145686768,-0.018303401478368685,0.006574789332681918,2025,8765
2025-07-29,0.11135654261704682,-0.015289288886322517,-0.03801878008866214,0.022729491202339625,2025,8765
2025-07-30,0.02828399242093572,-0.0035805949846524298,0.0021059389243839434,-0.005686533909036373,2025,8765
2025-07-31,-0.06612244897959184,-0.027647177512897914,-0.009996268426868783,-0.01765090908602913,2025,8765
2025-08-04,0.027803121248499398,-0.02069097085283712,-0.027769904452434723,0.007078933599597603,2025,8765
2025-08-05,-0.014069627851140454,-0.009925485779785016,-0.017886951740507716,0.0079614659607227,2025,8765
2025-08-06,-0.04364945978391356,-0.015160606944229816,-0.020965330624811984,0.005804723680582168,2025,8765
2025-08-07,-0.0168547418967587,0.004091818446291773,0.014530997465211238,-0.010439179018919465,2025,8765
2025-08-08,0.02799519807923169,0.023916780698179586,-0.010088993616909148,0.034005774315088735,2025,8765
2025-08-11,0.039328675369688204,-0.0004583932410953895,-0.02487012262710785,0.02441172938601246,2025,8765
2025-08-12,-0.00994021465387724,-0.02241920257158775,-0.03614241046619261,0.013723207894604864,2025,8765
2025-08-13,0.11001464624170415,-0.03214196995325427,-0.02806598988188531,-0.004075980071368956,2025,8765
2025-08-14,-0.0917188888352924,-0.06005013775116632,-0.041510038626801235,-0.018540099124365085,2025,8765
2025-08-15,0.06295469280788918,-0.06143175250838177,-0.025377055243155033,-0.03605469726522674,2025,8765
2025-08-18,0.060456182472989194,-0.05621804509685415,-0.029565827212056472,-0.02665221788479768,2025,8765
2025-08-19,-0.13815457758069963,-0.07513360581858888,0.015584639520586818,-0.0907182453391757,2025,8765
2025-08-20,-0.08350540216086433,-0.0895842256521431,-0.032878080353497,-0.05670614529864611,2025,8765
2025-08-21,-0.2747178871548619,-0.08352566835475297,0.04770472919887916,-0.13123039755363214,2025,8765
2025-08-22,-0.2777911164465786,-0.07639247912603703,0.010245117439006125,-0.08663759656504315,2025,8765
2025-08-25,-0.123937575030012,-0.06343374024840298,0.003974168660735955,-0.06740790890913893,2025,8765
2025-08-26,0.07207683073229292,-0.0631395511465558,-0.036045957711712574,-0.027093593434843223,2025,8765
2025-08-27,0.044129651860744294,-0.08191651449178934,-0.06214539400599598,-0.01977112048579336,2025,8765
2025-08-28,-0.15140456182472986,-0.08227071868537876,-0.01864003050146228,-0.06363068818391648,2025,8765
2025-08-29,-0.01080484058103306,-0.04580531281611958,-0.07243196085843072,0.026626648042311137,2025,8765
2025-09-01,0.11572906915866737,-0.04859016693677283,-0.012705381935389925,-0.0358847850013829,2025,8765
2025-09-02,0.07851328965743616,-0.07727187437632713,-0.09999413631036254,0.022722261934035412,2025,8765
2025-09-03,-0.0644913443485852,-0.10207282809084821,-0.056449149327117164,-0.045623678763731045,2025,8765
2025-09-04,-0.06093637454981993,-0.13646486652562806,-0.0918993587559041,-0.044565507769723955,2025,8765
2025-09-05,0.018871548619447776,-0.06187272038765065,-0.12520220969887805,0.0633294893112274,2025,8765
2025-09-08,0.09608643457382952,-0.010548985218751427,-0.14169948482186392,0.1311504996031125,2025,8765
2025-09-09,-0.011764705882352943,-0.06762811156064406,-0.11596864849736695,0.04834053693672288,2025,8765
2025-09-10,0.036350540216086434,-0.07425246620475488,-0.043084684635718115,-0.031167781569036768,2025,8765
2025-09-11,-0.10631707847190439,-0.08178823224619249,-0.0821850042540663,0.0003967720078738163,2025,8765
2025-09-12,0.034717887154861946,-0.0776916644770346,-0.09840996924941689,0.02071830477238229,2025,8765
2025-09-15,0.037118847539015606,-0.06633256164603693,-0.06932792184398609,0.0029953601979491595,2025,8765
2025-09-16,-0.07447779111644658,-0.07843439757850698,-0.08184165510764427,0.0034072575291372864,2025,8765
2025-09-17,0.0875390156062425,-0.07426011861796918,-0.09961844216497115,0.025358323547001974,2025,8765
2025-09-18,0.0063867079660177425,-0.07344948470065428,-0.061272415806259875,-0.012177068894394405,2025,8765
2025-09-19,-0.13373349339735893,-0.09981971640291777,0.007696689226845121,-0.10751640562976289,2025,8765
2025-09-22,-0.1657142857142857,-0.0444559365802684,-0.006085844814442465,-0.03837009176582593,2025,8765
2025-09-23,-0.15361344537815122,-0.02867565288504923,0.07600335987059147,-0.1046790127556407,2025,8765
2025-09-24,-0.2287154861944778,-0.07237386721917957,0.0316833655664822,-0.10405723278566177,2025,8765
2025-09-25,-0.19231692677070825,-0.06863040133697253,0.09989660726862412,-0.16852700860559666,2025,8765
2025-09-26,-0.2548379351740696,-0.09362448466637202,0.05177088239570867,-0.1453953670620807,2025,8765
2025-09-30,-0.4324233476239833,-0.1141809218535487,0.13289720848108005,-0.24707813033462875,2025,8765
2025-10-01,-0.447875150060024,-0.10664712137283958,0.10838120279155139,-0.21502832416439097,2025,8765
2025-10-02,-0.16763505402160866,-0.056209657601914945,0.020723797263481204,-0.07693345486539616,2025,8765
2025-10-03,-0.04129751015620496,0.002363234387928392,-0.0009399061411154541,0.0033031405290438465,2025,8765
2025-10-07,-0.03491247878052028,-0.026279736848186186,0.052756766053957814,-0.079036502902144,2025,8765
2025-10-08,0.09848975968648416,-0.01566397763700974,0.00014092284596718408,-0.015804900482976923,2025,8765
2025-10-09,-0.06621848739495799,-0.05205107241570915,0.019821123206670965,-0.07187219562238012,2025,8765
2025-10-13,0.061177939463959434,-0.009844605712435872,0.029408296021187885,-0.03925290173362376,2025,8765
2025-10-14,0.049603841536614644,-0.02479910458768242,0.13573039225185873,-0.16052949683954115,2025,8765
2025-10-15,-0.10501800720288115,0.00629811960732356,0.11790109383124432,-0.11160297422392076,2025,8765
2025-10-16,-0.049315726290516206,0.012164504615636973,0.09348647924070033,-0.08132197462506335,2025,8765
2025-10-17,0.047587034813925566,-0.005114869642642872,0.031704867496843946,-0.036819737139486816,2025,8765
2025-10-20,0.039519807923169274,0.009113565003851298,0.03829089679662715,-0.029177331792775853,2025,8765
2025-10-21,-0.1681192826242716,-0.022713546852779952,0.04007395278717517,-0.06278749963995511,2025,8765
2025-10-22,0.010900360144057623,0.015953682499335688,0.01822235544807811,-0.002268672948742421,2025,8765
2025-10-23,0.100984393757503,0.008277841312826417,0.019020424003846337,-0.01074258269101992,2025,8765
2025-10-27,0.052292917166866744,0.008395207218520972,0.03287324516937488,-0.024478037950853904,2025,8765
2025-10-28,-0.13167182889338838,0.00022954877669214557,0.05945310869133162,-0.05922355991463948,2025,8765
2025-10-29,-0.12379648974732138,-0.00016718381587339516,0.015032615708459596,-0.01519979952433299,2025,8765
2025-10-30,-0.33262905162064826,0.00010650444436982598,0.09322832841576166,-0.09312182397139183,2025,8765
2025-10-31,-0.038368268156753205,0.02523473795157729,0.04075701853476911,-0.01552228058319182,2025,8765
2025-11-03,0.08696278511404561,0.02562917740274865,0.011817828093895966,0.013811349308852684,2025,8765
2025-11-04,-0.06842737094837935,0.012652480844487357,0.02893963160316774,-0.016287150758680383,2025,8765
2025-11-05,0.07356719251082093,0.01741024558699279,0.019053227479865507,-0.0016429818928727184,2025,8765
2025-11-06,0.12182472989195677,0.00977278333558711,0.00796163407189141,0.0018111492636957004,2025,8765
2025-11-07,0.17829531812725088,0.058674377197828566,0.02011431118832139,0.03856006600950718,2025,8765
2025-11-10,0.1006002400960384,-0.00023605673449879073,-0.006997373708232324,0.006761316973733533,2025,8765
2025-11-11,0.25214885954381755,0.044626163075327706,0.011100130109920236,0.03352603296540747,2025,8765
2025-11-12,-0.03241374343655622,-0.01597710820492415,0.012536677049387934,-0.028513785254312085,2025,8765
2025-11-13,0.08542617046818726,0.0026529435760748177,-0.010922358606245441,0.013575302182320259,2025,8765
2025-11-14,0.11049219687875149,0.020816503813175936,0.014327185688188093,0.006489318124987844,2025,8765
2025-11-17,-0.06228091236494597,0.016292426188677267,0.05089532978743638,-0.034602903598759116,2025,8765
2025-11-18,0.21484309353355927,0.06251841207649572,-0.039055013330764055,0.10157342540725978,2025,8765
2025-11-19,0.01771908763505402,0.0641434308051219,0.005321119720080969,0.058822311085040935,2025,8765
2025-11-20,0.23184230120250876,0.02841692387942716,-0.039041812250577,0.06745873613000417,2025,8765
2025-11-21,0.07169267707082833,0.024096574602593457,0.013428778820680953,0.010667795781912504,2025,8765
2025-11-24,-0.012533013205282113,-0.006003023360200854,-0.0014073599410852732,-0.004595663419115581,2025,8765
2025-11-25,0.22238229015509905,0.013690013631352216,-0.031192728994076546,0.04488274262542876,2025,8765
2025-11-26,-0.09301320528211285,0.013960291382904699,-6.924287747858137e-05,0.01402953426038328,2025,8765
2025-11-27,0.0683313325330132,-0.00017601515674218194,-0.013048801377563424,0.012872786220821242,2025,8765
2025-11-28,-0.018729739599516036,-0.04465271759819674,-0.018038385788293875,-0.02661433180990286,2025,8765
2025-12-01,-0.050756302521008406,-0.03258622006426305,-0.0024487111120163997,-0.030137508952246653,2025,8765
2025-12-02,0.09887154861944776,0.013213417392104543,-0.015399215545517686,0.02861263293762223,2025,8765
2025-12-03,-0.022473528782678977,-0.05163678311255545,-0.04560624853432843,-0.006030534578227019,2025,8765
2025-12-04,0.09752701080432173,-0.08415211511043488,-0.051097988470753565,-0.03305412663968132,2025,8765
2025-12-05,0.05334933973589436,-0.12204820773932527,-0.10841163600776009,-0.013636571731565184,2025,8765
2025-12-08,-0.03010804321728691,-0.03685999620604911,-0.014739419246298601,-0.022120576959750504,2025,8765
2025-12-09,0.014549819927971188,-0.05471742660605465,-0.03247059990495853,-0.022246826701096123,2025,8765
2025-12-10,0.10818727490996398,-0.060659575570134606,-0.07722394746589731,0.0165643718957627,2025,8765
2025-12-11,-0.08331332533013207,-0.07577370062442616,-0.028128603577121093,-0.047645097047305074,2025,8765
2025-12-12,-0.16725090036014406,-0.0824806641029197,-0.0616061524246362,-0.020874511678283497,2025,8765
2025-12-15,-0.2939255702280912,-0.11047732754492381,-0.017768789514546378,-0.09270853803037743,2025,8765
2025-12-16,-0.33686282993695094,-0.12289005212237256,-0.0029556411207198874,-0.11993441100165267,2025,8765
2025-12-17,-0.41892962628224656,-0.13938845418047635,0.04740735570271622,-0.18679580988319255,2025,8765
2025-12-18,-0.24620038903588704,-0.14992706601900224,-0.018092137156332157,-0.1318349288626701,2025,8765
2025-12-19,-0.2558943577430972,-0.14578640699030998,-0.06153123145187123,-0.08425517553843875,2025,8765
2025-12-22,-0.18622295858809632,-0.146998130692725,-0.004022047790720173,-0.1429760829020048,2025,8765
2025-12-23,-0.28576916620880893,-0.14091825577314213,-0.033681329218142333,-0.10723692655499979,2025,8765
2025-12-24,-0.21939975990396157,-0.13714429698175898,0.04191424636428561,-0.1790585433460446,2025,8765
2025-12-26,-0.16024009603841535,-0.1271108626759143,0.007778818465708015,-0.1348896811416223,2025,8765
2025-12-29,-0.15193642108631683,-0.14145786587675152,-0.024048778525166813,-0.1174090873515847,2025,8765
2025-12-30,-0.13186391033597536,-0.11645990852253563,0.00359871205570379,-0.12005862057823942,2025,8765
2025-12-31,0.03289315726290516,-0.13471591357563883,-0.06317773996072448,-0.07153817361491435,2025,8765
2026-01-02,0.05594237695078031,0.02583682027166806,-0.04300032413564188,0.06883714440730994,2026,8765
2026-01-05,0.23102040816326527,0.059466279007316124,-0.034689763979417164,0.09415604298673329,2026,8765
2026-01-06,0.2543577430972389,0.11679402584576745,-0.04673611463008913,0.16353014047585657,2026,8765
2026-01-07,0.2684753901560624,0.054892483499446566,-0.08018868044555934,0.1350811639450059,2026,8765
2026-01-08,0.25493397358943576,-0.009983363910571641,-0.05442976214449565,0.04444639823392401,2026,8765
2026-01-09,0.32638655462184873,0.018249607407760403,-0.07843409393405602,0.09668370134181642,2026,8765
2026-01-12,0.2657863145258103,-0.01649913991803058,-0.08019714440099857,0.06369800448296799,2026,8765
2026-01-13,0.3848739495798319,0.027750840248652466,-0.08577085294341327,0.11352169319206573,2026,8765
2026-01-14,0.4556542617046819,0.08392530995910968,-0.11713396728623585,0.20105927724534553,2026,8765
2026-01-15,0.4796638655462185,0.0715178195635143,-0.09481818413134953,0.16633600369486384,2026,8765
2026-01-16,0.609954620935018,0.013882902964894306,-0.1319656611955887,0.145848564160483,2026,8765
2026-01-19,0.5658103241296518,0.044075229091954674,-0.1383778694463152,0.18245309853826985,2026,8765
2026-01-20,0.3953421368547419,0.08074983964337637,-0.09726462033960337,0.17801445998297974,2026,8765
2026-01-21,0.44236356227786056,0.009244152870808264,-0.10646559921438481,0.11570975208519307,2026,8765
2026-01-22,0.22070157753246275,-0.028641658174061346,-0.0634288878858156,0.034787229711754256,2026,8765
2026-01-23,0.18646306039133004,-0.044990236284110065,-0.08680864035486266,0.041818404070752595,2026,8765
2026-01-26,0.1404561824729892,-0.007604681403241309,-0.06736189569582096,0.05975721429257965,2026,8765
2026-01-27,-0.07179216297175299,-0.05398558044176786,0.020548004362259165,-0.07453358480402703,2026,8765
2026-01-28,-0.05642392375993119,-0.02813164630771616,-0.02000226231395171,-0.00812938399376445,2026,8765
2026-01-29,0.01474189675870348,-0.02156219390731129,-0.029959889040218957,0.008397695132907668,2026,8765
2026-01-30,0.40312124849939973,0.02937852387484935,-0.08366353572154714,0.11304205959639649,2026,8765
2026-02-02,0.08600240096038414,-0.008628728282092102,-0.027381084795103684,0.018752356513011582,2026,8765
2026-02-03,0.06055222088835534,-0.025573736078290655,-0.039189824914743175,0.01361608883645252,2026,8765
2026-02-04,0.1987515006002401,0.08196640160925907,-0.007290673767131684,0.08925707537639076,2026,8765
2026-02-05,0.3511644657863145,0.1188495215036954,-0.055111997681840455,0.17396151918553587,2026,8765
2026-02-06,0.014357743097238897,0.03168879729955161,0.013550428547426673,0.018138368752124937,2026,8765
2026-02-09,0.0943119883102169,0.07535328157862738,0.002414461092221154,0.07293882048640622,2026,8765
2026-02-10,0.05546218487394958,0.017391001862947654,0.011063421285965325,0.006327580576982329,2026,8765
2026-02-11,-0.07183845952753792,0.010440276722234132,0.016126365644774654,-0.005686088922540522,2026,8765
2026-02-23,0.06333733493397359,0.029807120475371783,0.016792583166344743,0.01301453730902704,2026,8765
2026-02-24,-0.1341208672863726,0.044856361045779815,0.01991548600125358,0.024940875044526235,2026,8765
2026-02-25,-0.31256452744969543,0.004991987630378958,0.05088785384666348,-0.04589586621628452,2026,8765
2026-02-26,-0.3113085234093637,0.021788684534699156,0.05860738178542544,-0.036818697250726284,2026,8765
2026-03-02,-0.2546458583433373,0.01303425769299239,0.05005813065425735,-0.037023872961264956,2026,8765
2026-03-03,-0.13421368547418966,0.022239285805541055,0.02648305616114014,-0.004243770355599086,2026,8765
2026-03-04,-0.12614645858343337,0.030404259051359628,0.04750000207881483,-0.0170957430274552,2026,8765
2026-03-05,-0.23741266303753175,0.016279164028977257,0.05620068305017558,-0.03992151902119832,2026,8765
2026-03-06,0.10194477791116446,0.022752410367928466,-0.04103983546576714,0.06379224583369561,2026,8765
2026-03-09,0.09013205282112843,0.03179948826321736,-0.025737485833779307,0.057536974096996665,2026,8765
2026-03-10,-0.3146698679471789,-0.04237530071674581,0.06041781853288477,-0.10279311924963058,2026,8765
2026-03-11,0.05920910467744269,0.01929736748128319,-0.024306393697031137,0.043603761178314326,2026,8765
2026-03-12,0.30516206482593033,0.03008992416188585,-0.0681176191512688,0.09820754331315465,2026,8765
2026-03-13,0.07472147530705528,-0.01412298298229242,-0.08348292577297735,0.06935994279068493,2026,8765
2026-03-16,0.18876350540216086,0.05882045449339725,-0.07524996643904694,0.1340704209324442,2026,8765
2026-03-17,0.04950780312124849,-0.017760433591768487,-0.04790911359413084,0.03014868000236235,2026,8765
2026-03-18,0.16225690276110444,-0.014692310805121178,-0.07257226200556412,0.05787995120044294,2026,8765
2026-03-19,0.2434093637454982,0.016072635997283945,-0.07418008277350845,0.09025271877079238,2026,8765
2026-03-20,0.31803121248499394,-0.03300506856875154,-0.11779097549180335,0.08478590692305182,2026,8765
2026-03-23,0.31266807565825,0.029377221267889754,-0.1284016070128478,0.15777882828073755,2026,8765
2026-03-24,0.47630252100840337,0.12449629305895345,-0.12881509975696576,0.2533113928159192,2026,8765
2026-03-25,0.03759903961584634,-0.09775932238046064,-0.09834692192128582,0.0005875995408251705,2026,8765
2026-03-26,0.443937575030012,0.021631944318012908,-0.21462181382113066,0.23625375813914357,2026,8765
2026-03-27,0.5004201782997812,0.005938918937524207,-0.20277453326674916,0.20871345220427337,2026,8765
2026-03-30,0.5110806983633597,0.1480452353620286,-0.24360693267956007,0.39165216804158864,2026,8765
2026-03-31,0.6573349339735894,0.12193696349803303,-0.225934621478874,0.347871584976907,2026,8765
2026-04-01,-0.022905162064825933,0.016053616390964354,0.004997485991735806,0.011056130399228549,2026,8765
2026-04-02,0.6037454981992797,0.09452990651977353,-0.25306432278584123,0.3475942293056148,2026,8765
2026-04-07,0.33647058823529413,-0.056732714317541136,-0.24706416298382372,0.1903314486662826,2026,8765
2026-04-08,0.4665178036831758,-0.03196492147887492,-0.22292947664878776,0.19096455516991284,2026,8765
2026-04-09,0.6017286914765906,0.16636090945140072,-0.18545556060725846,0.3518164700586592,2026,8765
2026-04-10,0.5875150060024009,0.20677277356195808,-0.17295386452314637,0.37972663808510443,2026,8765
2026-04-13,0.5749477780235371,0.1465761030237877,-0.15045266495491236,0.29702876797870004,2026,8765
2026-04-14,0.46228091236494595,0.11592122782258654,-0.13942231639162783,0.25534354421421435,2026,8765
2026-04-15,0.22247833087639252,-0.04111160492236303,-0.12463699241277593,0.0835253874904129,2026,8765
2026-04-16,0.3258661673488452,0.0465723482767182,-0.1284712685542935,0.17504361683101172,2026,8765
2026-04-17,0.28921968787515,0.007674436027231235,-0.12001720041283974,0.12769163644007098,2026,8765
2026-04-20,0.11366692291246777,0.06616049178354064,-0.08160911585784678,0.1477696076413874,2026,8765
2026-04-21,0.2701145286379685,0.035514769469096874,-0.09260096626426703,0.1281157357333639,2026,8765
2026-04-22,0.2903721488595438,0.13184009409527261,-0.10199515947073638,0.23383525356600898,2026,8765
2026-04-23,0.47447779111644656,0.22652606716028273,-0.10174521164959778,0.3282712788098805,2026,8765
2026-04-24,0.30872289859795543,0.17128995306272005,-0.0506332820267064,0.22192323508942646,2026,8765
2026-04-27,0.44337198985144227,0.18211634251930492,-0.08552612230757316,0.2676424648268781,2026,8765
2026-04-28,0.42382770306821504,0.07191679172377174,-0.13796398085737707,0.20988077258114882,2026,8765
2026-04-29,0.45066026410564225,0.2524529138240104,-0.1106259551255723,0.36307886894958274,2026,8765
2026-04-30,0.32686674669867943,0.167754650339589,-0.1085205420082008,0.2762751923477898,2026,8765
2026-05-04,0.4239819443997372,0.07283979826193207,-0.08629359757519144,0.1591333958371235,2026,8765
2026-05-05,0.4154241399550338,0.08371848566629783,-0.0872350819281887,0.17095356759448654,2026,8765
2026-05-06,0.41417561057821833,0.1271752709268001,-0.04670065771112838,0.17387592863792847,2026,8765
2026-05-07,0.4459543817527011,0.06631028222560402,-0.028645348953492855,0.09495563117909687,2026,8765
2026-05-08,0.01714285714285714,-0.0040744382148939825,0.01649241223160335,-0.02056685044649733,2026,8765
2026-05-11,0.18751500600240098,0.09969917908979789,-0.028470080526579233,0.12816925961637712,2026,8765
2026-05-12,0.1695558223289316,0.008510846542482986,-0.041854754813156626,0.05036560135563961,2026,8765
2026-05-13,-0.12528211284513804,-0.027861694763522314,0.022591578330006544,-0.05045327309352886,2026,8765
2026-05-14,-0.10799519807923168,-0.018383891345164015,0.029363530586714592,-0.04774742193187861,2026,8765
2026-05-15,0.1624489795918367,0.04470142638390873,-0.02002508344148901,0.06472650982539774,2026,8765
2026-05-18,0.2063915100597313,0.04251273514538283,-0.04796027249902597,0.0904730076444088,2026,8765
2026-05-19,0.26190933568424135,0.09713887708242656,-0.05153204031480341,0.14867091739722998,2026,8765
2026-05-20,0.21407476776321127,0.14640555758123272,-0.06276710869664415,0.20917266627787687,2026,8765
2026-05-21,0.17839135654261706,0.14189120053434234,-0.026245624165020763,0.1681368246993631,2026,8765
2026-05-22,0.22348675844997426,0.22793661905679924,0.009723375866385853,0.21821324319041338,2026,8765
2026-05-25,-0.06060169513619844,0.0379175601558991,0.01948407304912423,0.018433487106774872,2026,8765
2026-05-26,-0.06996398559423768,0.06651757799969102,0.05653176096801895,0.009985817031672069,2026,8765
2026-05-27,-0.11188744030692739,0.090496868004312,0.07567957845743034,0.014817289546881662,2026,8765
2026-05-28,-0.24484993997599036,0.04378971473602737,0.09971086202384911,-0.05592114728782174,2026,8765
2026-05-29,0.07601623090380516,0.070410769342545,0.05490903108064945,0.015501738261895555,2026,8765
2026-06-01,-0.034333733493397356,0.052849915061914575,0.024103411054083767,0.028746504007830808,2026,8765
2026-06-02,0.006866746698679471,0.05630910138971684,0.038877715565325655,0.017431385824391188,2026,8765
2026-06-03,0.011668667466986795,0.14565066486942602,0.03552405509237372,0.1101266097770523,2026,8765
2026-06-04,0.11346938775510206,0.04145651787601545,-0.0164550520960272,0.05791156997204265,2026,8765
2026-06-05,0.22180072028811523,0.09746283401833461,-0.04040661872388964,0.13786945274222426,2026,8765
2026-06-08,-0.09906362545018006,-0.017400012120314834,0.02932628410494458,-0.04672629622525941,2026,8765
2026-06-09,-0.15117172510707588,-0.0007181797390179767,0.02645736296464496,-0.027175542703662937,2026,8765
2026-06-10,0.1925090036014406,-0.00023505492360891277,-0.05800036496805531,0.0577653100444464,2026,8765
2026-06-11,-0.11510204081632652,0.019124032671402835,0.12307999671040692,-0.10395596403900409,2026,8765
2026-06-12,-0.09358943577430971,-0.0058245494781636094,0.13324453774078354,-0.13906908721894715,2026,8765
2026-06-15,0.003889555822328931,-0.014388198420267917,0.0479328006187142,-0.06232099903898212,2026,8765
2026-06-16,0.0014886311800492483,0.09426593498861216,0.03233270152376411,0.06193323346484805,2026,8765
2026-06-17,-0.33262905162064826,-0.020057003873769852,0.048222525473544296,-0.06827952934731416,2026,8765
2026-06-18,-0.23591836734693877,-1.0984827682358755e-06,0.08903861432907381,-0.08903971281184205,2026,8765
2026-06-22,-0.18809123649459786,0.014846322524243916,0.12348096661589256,-0.10863464409164864,2026,8765
2026-06-23,-0.25637454981992797,0.02477584843058591,0.10579454169329483,-0.08101869326270891,2026,8765
2026-06-24,-0.3833373349339736,0.005976917579741581,0.110451358569889,-0.10447444099014741,2026,8765
2026-06-25,-0.32974789915966385,0.026717851310398156,0.07475663550652226,-0.048038784196124104,2026,8765
2026-06-26,-0.2776950780312125,-0.0025604219849204466,0.0673055047703976,-0.06986592675531804,2026,8765
2026-06-29,-0.27241296518607444,-0.02215891089266392,0.08392845608192734,-0.10608736697459126,2026,8765
2026-06-30,0.05772047349739344,0.08719170857363587,0.03684794378455777,0.0503437647890781,2026,8765
2026-07-01,-0.3021921295499974,0.03551261376068702,0.187950582375722,-0.15243796861503497,2026,8765
2026-07-02,-0.2581992797118847,-0.0010523193643930616,0.10187726037626801,-0.10292957974066108,2026,8765
2026-07-03,-0.5154861944777911,-0.08637074414479393,0.13074872761737338,-0.2171194717621673,2026,8765
2026-07-06,-0.43999999999999995,-0.05326100768294399,0.11288794075194955,-0.16614894843489353,2026,8765
2026-07-07,-0.18578631452581032,-0.027281145580594378,0.11209700723627174,-0.1393781528168661,2026,8765
2026-07-08,0.007250900360144057,0.00017638461084015233,0.03092797991835309,-0.03075159530751294,2026,8765
2026-07-09,-0.016278511404561824,0.04258603244929797,0.07065478319105895,-0.028068750741760976,2026,8765
2026-07-10,-0.2010564225690276,0.009935270650311611,0.08126703453263168,-0.07133176388232007,2026,8765
2026-07-13,-0.09358943577430971,0.04264629524383203,0.018419436269910293,0.02422685897392174,2026,8765
2026-07-14,-0.11255972535598188,0.036626585523236055,0.06401404711585741,-0.027387461592621357,2026,8765
2026-07-15,-0.1316206482593037,0.049456374925196736,0.02312481326763639,0.026331561657560346,2026,8765
2026-07-16,-0.14021945308850986,0.042120954944670455,0.011030227985478647,0.03109072695919181,2026,8765
2026-07-17,0.4699639855942377,0.07186058085359705,-0.06634999398240349,0.13821057483600052,2026,8765
2026-07-20,0.36153661464585835,0.11240001752694469,-0.04398630090746619,0.15638631843441086,2026,8765
2026-07-21,-0.22805416826738378,0.01590016578598328,0.07838825274210237,-0.06248808695611909,2026,8765
2026-07-22,-0.08869147659063625,0.08465521239809631,0.05801065340204324,0.026644558996053072,2026,8765
2026-07-23,-0.010516206482593037,0.02580520770382435,0.029863979632467997,-0.004058771928643647,2026,8765
2026-07-24,-0.0803361344537815,0.006884013664648481,-0.009483548039466095,0.016367561704114575,2026,8765
2026-07-27,-0.011909049440393987,0.05102989003424603,0.035657673576826664,0.015372216457419367,2026,8765
2026-07-28,0.47092436974789914,0.11771571944830542,-0.04131057488886173,0.15902629433716714,2026,8765
2026-07-30,0.44009603841536615,0.2184907138528099,-0.03769150466706432,0.2561822185198742,2026,8765
