date,ic,top_alpha,bottom_alpha,spread,year,seed
2018-01-02,0.28887755102040813,0.01180348531091318,0.005690237085398879,0.006113248225514301,2018,7
2018-01-03,0.14061224489795918,-0.009557381995072254,-0.0013073471128093688,-0.008250034882262886,2018,7
2018-01-04,0.33244897959183667,0.00790472420748435,-0.016789893390019447,0.0246946175975038,2018,7
2018-01-05,0.34867346938775506,0.012947482035579803,-0.03156418675554526,0.04451166879112506,2018,7
2018-01-08,0.1573469387755102,0.004365124552317289,-0.015610209561809585,0.019975334114126872,2018,7
2018-01-09,0.1557142857142857,-0.01573835333409436,-0.010655619636904238,-0.005082733697190122,2018,7
2018-01-10,-0.12684967919916143,-0.01778774263363693,-0.007619368182513149,-0.010168374451123782,2018,7
2018-01-11,-0.11908163265306121,-0.021867575485467708,-0.021587602262571576,-0.00027997322289613144,2018,7
2018-01-12,0.2524489795918367,-0.02293646223573926,-0.041139221339957316,0.018202759104218057,2018,7
2018-01-15,0.2573469387755102,-0.009075558903596915,-0.041258012107893136,0.03218245320429622,2018,7
2018-01-16,0.0773469387755102,-0.01683292848904229,-0.04152774849492708,0.024694820005884792,2018,7
2018-01-17,0.08591836734693876,-0.017918013643290303,-0.0364406718727632,0.0185226582294729,2018,7
2018-01-18,0.011428571428571427,-0.016109448311973657,-0.006873247908346807,-0.00923620040362685,2018,7
2018-01-19,-0.02877551020408163,-0.004081451328550891,-0.009643039313143439,0.005561587984592548,2018,7
2018-01-22,0.18948979591836734,0.025409796968651248,-0.0019395978723835386,0.027349394841034786,2018,7
2018-01-23,0.29383402647383805,0.012770217459035357,0.01319256976868308,-0.00042235230964772323,2018,7
2018-01-24,0.4423469387755102,0.038452897483563876,-0.005814087413114326,0.0442669848966782,2018,7
2018-01-25,0.43663265306122445,0.025083939733572196,-0.019167549781162887,0.04425148951473508,2018,7
2018-01-26,0.47924691972022243,0.00949317053305105,-0.026348473951634494,0.03584164448468555,2018,7
2018-01-29,0.13316326530612244,0.00805382045139549,0.007065598549495437,0.000988221901900053,2018,7
2018-01-30,0.07877551020408162,0.006628716154398047,-0.003725119477303301,0.010353835631701348,2018,7
2018-01-31,0.22448979591836732,0.0012994156029546196,-0.022097547773547492,0.02339696337650211,2018,7
2018-02-01,0.22285714285714284,0.014088822248422265,-0.009843644228565231,0.023932466476987498,2018,7
2018-02-02,0.0883673469387755,0.0035410249447970716,-0.00646144037242322,0.01000246531722029,2018,7
2018-02-05,0.3689404308489799,0.023738679487186266,-0.023624090434292734,0.047362769921479,2018,7
2018-02-06,0.12547720236995763,0.001837539697268964,0.004282760277144337,-0.002445220579875373,2018,7
2018-02-07,0.040480192076830734,0.009971641845306833,0.004158186835516675,0.005813455009790158,2018,7
2018-02-08,0.3210084033613445,0.03675188927303967,-0.00556415042353261,0.04231603969657228,2018,7
2018-02-09,0.41464585834333734,0.0008430576828381331,-0.021546136360681513,0.022389194043519647,2018,7
2018-02-12,0.0480672268907563,-0.0007279428962226553,0.008727337381818256,-0.009455280278040911,2018,7
2018-02-21,0.055366146458583426,0.008749116534594936,0.009575513734467567,-0.0008263971998726319,2018,7
2018-02-22,0.04739495798319327,0.025865233447728342,0.0062216404470865514,0.01964359300064179,2018,7
2018-02-23,0.12480192076830732,0.026637216455427493,0.0001803863147256446,0.026456830140701847,2018,7
2018-02-26,0.22391356542617047,0.014019239146294039,-0.013350184435401724,0.027369423581695765,2018,7
2018-02-27,-0.07399759903961585,0.0009257954225178056,-0.002744758707434536,0.0036705541299523413,2018,7
2018-03-01,0.18098439375750297,-0.003154971752211988,-0.013506718088158643,0.010351746335946654,2018,7
2018-03-02,-0.0912845138055222,-0.0006137098773654869,0.0023608023979343916,-0.0029745122752998787,2018,7
2018-03-05,-0.05056422569027611,-0.01245621972325266,0.009210443900036691,-0.021666663623289353,2018,7
2018-03-06,-0.01714285714285714,0.006313235540038609,0.0021689720217042295,0.004144263518334379,2018,7
2018-03-07,-0.02127250900360144,-0.0007109751948116361,-0.0026206516526861233,0.0019096764578744874,2018,7
2018-03-08,-0.18617046818727492,0.003140297144184656,0.016322730230359028,-0.013182433086174372,2018,7
2018-03-09,0.013685474189675868,-0.0013979858472564777,0.0115712662720453,-0.012969252119301777,2018,7
2018-03-12,0.061225959824606185,0.02149850800762171,0.013611064153944908,0.0078874438536768,2018,7
2018-03-13,-0.0823529411764706,0.006238267288800026,0.020525042420014607,-0.01428677513121458,2018,7
2018-03-14,0.0656422569027611,0.026725484789125297,0.013899731385451442,0.012825753403673855,2018,7
2018-03-15,0.1298919567827131,0.009071131409016242,0.012506734451665457,-0.0034356030426492146,2018,7
2018-03-16,0.04509003601440576,-0.004647762381899567,0.010157269080845698,-0.014805031462745265,2018,7
2018-03-19,0.1332533013205282,0.0010595827621998177,-0.0064629116748062265,0.007522494437006044,2018,7
2018-03-20,0.1568787515006002,-0.0056992625310994804,-0.018869632660977,0.01317037012987752,2018,7
2018-03-21,0.14660264105642254,-0.0006025394135291684,-0.01159114616724669,0.010988606753717522,2018,7
2018-03-22,-0.11068427370948379,-0.003110248080619815,0.010350307414133442,-0.013460555494753258,2018,7
2018-03-23,0.1144297719087635,-0.0027879677712275065,-0.002329143925974908,-0.0004588238452525985,2018,7
2018-03-26,0.09454981992797118,-0.006929867693938219,-0.0011397872074808246,-0.005790080486457394,2018,7
2018-03-27,0.04441776710684273,0.0034909715299150878,0.010753962271144779,-0.007262990741229691,2018,7
2018-03-28,0.02357743097238895,-0.018562290457013197,-0.005886286862228618,-0.01267600359478458,2018,7
2018-03-29,0.10271308523409363,0.01394539131114223,0.010824966419376358,0.0031204248917658713,2018,7
2018-03-30,0.40974789915966386,0.014316135557054088,-0.011320501741040056,0.025636637298094143,2018,7
2018-04-02,0.043841536614645855,0.022330022703982544,0.02506042625141668,-0.0027304035474341355,2018,7
2018-04-03,0.11279711884753903,0.023865658428064075,0.00654348719846346,0.017322171229600614,2018,7
2018-04-09,0.026170468187274906,0.022975415084033335,0.02777387189383037,-0.0047984568097970345,2018,7
2018-04-10,0.013301320528211284,0.01298599993358518,0.04252262998425248,-0.029536630050667298,2018,7
2018-04-11,0.17854398791235962,0.014671899530773214,0.015225190393503008,-0.0005532908627297935,2018,7
2018-04-12,0.17445378151260504,0.018371010186202085,0.05148919095539657,-0.03311818076919448,2018,7
2018-04-13,0.26021608643457383,0.03325206325971092,0.03926112817648344,-0.0060090649167725205,2018,7
2018-04-16,0.0981032412965186,0.027724652094993064,0.03019294707607244,-0.002468294981079377,2018,7
2018-04-17,0.13605148216238885,0.014214478345132887,0.009899583176600436,0.004314895168532451,2018,7
2018-04-18,0.27654261704681876,0.014313400481682947,-0.011203597470362902,0.02551699795204585,2018,7
2018-04-19,0.4067707082833133,0.01753291067639472,-0.02630630983995207,0.04383922051634679,2018,7
2018-04-20,0.0507575212036147,-0.010803606472435324,-0.014369276900184535,0.003565670427749211,2018,7
2018-04-23,0.2908523409363745,0.017743708481509034,-0.034040179484567744,0.051783887966076775,2018,7
2018-04-24,0.09157262905162064,0.01897747616032248,0.010794035482676979,0.008183440677645502,2018,7
2018-04-25,-0.04816326530612245,0.017702652780437013,0.010048812216636106,0.007653840563800907,2018,7
2018-04-26,0.11298919567827131,0.01657253936492754,-0.008606283442425455,0.025178822807352993,2018,7
2018-04-27,0.11740696278511403,0.021851181730221304,0.014749815306688719,0.007101366423532585,2018,7
2018-04-30,-0.008691476590636255,0.00973308326349257,0.028544472939865673,-0.0188113896763731,2018,7
2018-05-02,-0.26704122555657644,-0.015009244320345283,0.025499035544665115,-0.0405082798650104,2018,7
2018-05-03,0.14352941176470588,-0.004683924530672168,-0.017376939452888006,0.012693014922215837,2018,7
2018-05-04,-0.13805522208883553,-0.014291343196235328,0.01053431769827381,-0.02482566089450914,2018,7
2018-05-07,0.11615846338535413,-0.004383567527682675,0.0006177780716172144,-0.005001345599299889,2018,7
2018-05-08,0.044466853958890454,0.006964995553898267,0.034451631897208825,-0.027486636343310555,2018,7
2018-05-09,0.0575750300120048,0.029955699421794036,0.006845201697962933,0.023110497723831103,2018,7
2018-05-10,0.2533973589435774,0.048107192277982214,0.003625251640407323,0.04448194063757489,2018,7
2018-05-11,0.15251266541407785,0.04421875186885656,0.005037230407616155,0.039181521461240404,2018,7
2018-05-14,0.2678991596638655,0.03012139721235043,0.0005087946779977371,0.029612602534352692,2018,7
2018-05-15,0.006290516206482593,0.011832124983925062,0.003983781094593808,0.007848343889331255,2018,7
2018-05-16,0.18088835534213688,0.024010998891920078,-0.003985774220474558,0.027996773112394638,2018,7
2018-05-17,0.16504201680672267,0.011124528223823616,-0.0016521101116299009,0.012776638335453517,2018,7
2018-05-18,0.30382482181198694,0.012522946309610617,-0.020943784993781557,0.03346673130339217,2018,7
2018-05-21,0.23995198079231692,0.011376490894444036,-0.018625023725844313,0.03000151462028835,2018,7
2018-05-22,0.12460984393757503,0.01599873092882268,-0.005456670872286229,0.02145540180110891,2018,7
2018-05-23,0.23207683073229293,0.03466556092321328,-0.0034934011411174803,0.03815896206433076,2018,7
2018-05-24,0.18060024009603842,0.020484162547832217,-0.004579446951908583,0.0250636094997408,2018,7
2018-05-25,-0.013589435774309724,0.017298393754550345,0.015072221869748482,0.0022261718848018627,2018,7
2018-05-28,-0.055366146458583426,0.0016681049180322315,-0.0033250770825611563,0.004993182000593388,2018,7
2018-05-29,-0.11951980792316927,0.008926002351462969,0.031059386664363076,-0.022133384312900108,2018,7
2018-05-30,0.09330132052821127,0.016273416027468478,0.012492355816949607,0.0037810602105188707,2018,7
2018-05-31,0.02665066026410564,-0.004489871541640755,-0.003367012994607643,-0.001122858547033112,2018,7
2018-06-01,-0.10977454443847039,0.007156483226932497,0.018677609544192265,-0.011521126317259768,2018,7
2018-06-04,0.22237695078031214,0.03169603608621757,0.008955322171745972,0.0227407139144716,2018,7
2018-06-05,0.2,0.01820852419780975,0.0014598113594650464,0.016748712838344705,2018,7
2018-06-06,0.2668427370948379,0.014421240964888827,-0.023216795377119636,0.03763803634200846,2018,7
2018-06-07,0.09176470588235294,0.03261339724879053,-0.010030001654488242,0.04264339890327877,2018,7
2018-06-08,0.16154049321566685,0.015899761844037918,-0.0204814267086036,0.03638118855264152,2018,7
2018-06-11,0.16931979164044034,-0.0014046601648046385,-0.04062901779887742,0.03922435763407278,2018,7
2018-06-12,0.1306634013198066,-0.00830692690030077,-0.025369795145660446,0.017062868245359675,2018,7
2018-06-13,0.29997599039615847,-0.002114627967678162,-0.023748086923056588,0.021633458955378427,2018,7
2018-06-14,0.13344537815126048,-0.014041632615294775,-0.028278218049006976,0.014236585433712201,2018,7
2018-06-15,0.16216086434573826,-0.015412974778159328,-0.058024459385640825,0.0426114846074815,2018,7
2018-06-19,0.03899253284516096,-0.010444378664028786,-0.011526073595040454,0.0010816949310116682,2018,7
2018-06-20,-0.07524790513345717,-0.015548897729509315,0.0030871182779046214,-0.018636016007413936,2018,7
2018-06-21,0.05987995198079231,0.013422323329785124,-0.011181004885245783,0.024603328215030907,2018,7
2018-06-22,0.04067324546779721,0.004870987975871888,-0.0014199284153415981,0.006290916391213486,2018,7
2018-06-25,-0.12034191317710334,0.028257437813487475,0.014515146210419393,0.013742291603068082,2018,7
2018-06-26,-0.14285714285714285,-0.02764964252226455,0.0019066887327339522,-0.029556331254998503,2018,7
2018-06-27,-0.026842737094837935,-0.029773858658650808,0.008142766832401371,-0.03791662549105218,2018,7
2018-06-28,0.10521261017702914,-0.015373883800744715,-0.0059783451954759205,-0.009395538605268795,2018,7
2018-06-29,-0.15515378524964912,-0.019195867530327572,0.009978000097195927,-0.029173867627523498,2018,7
2018-07-02,0.06093637454981993,-0.022358950628921202,-0.007820701486820524,-0.014538249142100678,2018,7
2018-07-03,-0.11932773109243697,0.00010199415145359936,0.012144024480380189,-0.01204203032892659,2018,7
2018-07-04,-0.019543817527010805,-0.0027719693332972084,-0.00031192572452258814,-0.0024600436087746204,2018,7
2018-07-05,-0.21152460984393756,-0.00826618985631008,0.018351586122268948,-0.026617775978579027,2018,7
2018-07-06,-0.3105956926631787,-0.004444919656741176,0.0201381622326653,-0.02458308188940648,2018,7
2018-07-09,0.07774309723889555,-0.0017759742930411383,4.07568540592318e-05,-0.0018167311471003701,2018,7
2018-07-10,-0.15774309723889554,-0.021648360289112722,-0.0004060074031350558,-0.021242352885977665,2018,7
2018-07-11,-0.3402160864345738,-0.011651141082796645,0.02134873616040047,-0.03299987724319711,2018,7
2018-07-12,-0.11222358283145464,-0.006709899996039071,-0.006255704682822927,-0.0004541953132161441,2018,7
2018-07-13,0.1714765906362545,-0.02558955860169009,-0.05779662103504507,0.032207062433354985,2018,7
2018-07-16,-0.16187274909963983,-0.028987782584915446,-0.007956859033753904,-0.02103092355116154,2018,7
2018-07-17,0.10847539015606242,-0.011504194863127638,-0.02539301419875325,0.01388881933562561,2018,7
2018-07-18,0.402641056422569,0.015842464067082764,-0.03414547763639303,0.04998794170347579,2018,7
2018-07-19,0.1884318951778468,0.01965382312802496,-0.008046210936757437,0.027700034064782397,2018,7
2018-07-20,0.3963985594237695,0.040503303759411746,-0.023491518440679416,0.06399482220009116,2018,7
2018-07-23,0.06281063172594893,0.0034857301230879047,-0.002958570454970755,0.00644430057805866,2018,7
2018-07-24,0.12441776710684273,-5.626482565589397e-05,-0.014474562905851196,0.014418298080195301,2018,7
2018-07-25,0.20115246098439374,0.001211515328058388,-0.03583413262390186,0.03704564795196025,2018,7
2018-07-26,0.19481392557022806,0.0023394172064832076,-0.03918417805331074,0.04152359525979395,2018,7
2018-07-27,0.19918845596271878,-0.007263330264283441,-0.01686289553159075,0.009599565267307309,2018,7
2018-07-30,-0.05584767943217019,-0.016615617650981594,0.0031861972774183235,-0.019801814928399917,2018,7
2018-07-31,-0.020024009603841535,-0.023021608416249683,-0.002557557758415019,-0.020464050657834663,2018,7
2018-08-01,-0.2016326530612245,-0.03494381792170144,0.015594036172424663,-0.0505378540941261,2018,7
2018-08-02,-0.3000792336815405,-0.01842713746137422,0.01221036430541943,-0.03063750176679365,2018,7
2018-08-03,-0.272797118847539,-0.029320596027812583,0.020497765264738742,-0.04981836129255132,2018,7
2018-08-06,-0.06890756302521008,-0.005443564482332464,0.017215985863380502,-0.022659550345712966,2018,7
2018-08-07,0.12076830732292916,0.02104290076062095,-0.013182891203717507,0.03422579196433846,2018,7
2018-08-08,0.2023049219687875,0.008199815748651307,-0.0055922939381287005,0.013792109686780008,2018,7
2018-08-09,0.19452581032412963,0.012012150840978708,0.0032947508626291365,0.008717399978349572,2018,7
2018-08-10,0.030876350540216087,0.0012786815528680884,0.007908869236574157,-0.006630187683706068,2018,7
2018-08-13,0.06521164975828643,0.005604742828877296,0.0021908036523741736,0.0034139391765031224,2018,7
2018-08-14,0.3742136854741897,0.016851969688501733,-0.007407476022920434,0.02425944571142217,2018,7
2018-08-15,0.3760384153661464,0.019130712297031803,-0.0004133855246979623,0.019544097821729764,2018,7
2018-08-16,0.09166866746698678,-0.010882139015354808,-0.002762407571148795,-0.008119731444206014,2018,7
2018-08-17,-0.03241296518607443,0.0044702112321893025,0.009051112174724162,-0.00458090094253486,2018,7
2018-08-20,0.11769507803121249,-0.0045836713089344675,-0.006737290625962589,0.0021536193170281215,2018,7
2018-08-21,0.07783913565426169,0.006720463631608542,0.001031744711951188,0.005688718919657354,2018,7
2018-08-22,0.12902761104441776,0.00947565384927378,-0.023313276003745675,0.032788929853019455,2018,7
2018-08-23,0.2857211458481622,0.015605752052776412,-0.021952057340809218,0.037557809393585634,2018,7
2018-08-24,0.05186198949848995,-0.0003108142296159411,-0.004083226002580908,0.003772411772964967,2018,7
2018-08-27,0.1865546218487395,-0.004906489041318818,-0.028847121257470142,0.023940632216151322,2018,7
2018-08-28,-0.07380552220888356,-0.017578832593417658,0.010507521204289683,-0.02808635379770734,2018,7
2018-08-29,0.04691476590636255,-0.012016169738521588,-0.02085864029802742,0.008842470559505832,2018,7
2018-08-30,-0.2138295318127251,-0.024888014422684825,0.001743777629853216,-0.02663179205253804,2018,7
2018-08-31,0.17008811741078833,-0.03004112859198732,-0.038077721511147945,0.008036592919160625,2018,7
2018-09-03,-0.01282112845138055,-0.024712403840945796,-0.016329540492900575,-0.008382863348045222,2018,7
2018-09-04,0.12355342136854741,-0.01622790711530776,-0.035945429732386944,0.019717522617079184,2018,7
2018-09-05,0.2569507803121248,-0.009696412622772621,-0.025588732041148986,0.015892319418376363,2018,7
2018-09-06,0.13152460984393755,-0.0022604804874436944,-0.010902218316008416,0.00864173782856472,2018,7
2018-09-07,0.06228091236494597,-0.008881193368703511,-0.00019164386941469269,-0.008689549499288818,2018,7
2018-09-10,-0.03692677070828331,-0.0031285597470784186,-0.0021608682686432125,-0.0009676914784352061,2018,7
2018-09-11,0.09637454981992796,0.006801736289851456,0.015788710746201105,-0.008986974456349649,2018,7
2018-09-12,-0.10357743097238895,0.016756860769493908,0.02000260843835274,-0.003245747668858833,2018,7
2018-09-13,0.09723889555822329,0.0008419690839457927,0.002613611989456743,-0.0017716429055109504,2018,7
2018-09-14,0.043937575030012,0.010726532912746245,-0.0020680922954004256,0.01279462520814667,2018,7
2018-09-17,-0.0011044417767106843,-0.0003574656177263491,0.0021028816806602513,-0.0024603472983866005,2018,7
2018-09-18,-0.0658343337334934,-0.007196825959443831,-0.0059286605316021925,-0.0012681654278416388,2018,7
2018-09-19,-0.07644841414962592,-0.00012591923081917145,-0.0012497427281385365,0.001123823497319365,2018,7
2018-09-20,-0.2799039615846338,-0.022017922101946984,0.007888245107052693,-0.029906167208999676,2018,7
2018-09-21,0.020504201680672268,-0.01480397305879697,-0.004564945410118537,-0.010239027648678433,2018,7
2018-09-25,-0.19183673469387755,-0.011910653370079327,0.004255286969730587,-0.016165940339809913,2018,7
2018-09-26,-0.01013205282112845,-0.01878633746702173,-0.009870024770629371,-0.00891631269639236,2018,7
2018-09-27,0.21536614645858343,-0.0185042679401879,-0.005101701308292095,-0.013402566631895806,2018,7
2018-09-28,0.2870108043217287,-0.024963598634960747,-0.01518171915413571,-0.009781879480825038,2018,7
2018-10-01,0.23505402160864344,-0.021062461709474956,-0.01269116169693706,-0.008371300012537896,2018,7
2018-10-02,0.10396158463385353,-0.06271040755364561,-0.06989338719071239,0.00718297963706678,2018,7
2018-10-03,0.14881152460984393,-0.020700155058848237,-0.03958274653662754,0.018882591477779306,2018,7
2018-10-04,0.10434573829531814,-0.0012594100676382558,0.0028859794939371406,-0.004145389561575397,2018,7
2018-10-05,0.22074429771908766,0.016300925872904937,-0.005751664850693117,0.022052590723598053,2018,7
2018-10-08,0.5747418967587034,0.03565083463531034,-0.037494342221949584,0.07314517685725992,2018,7
2018-10-09,0.45046818727490995,0.08049897148294852,-0.025220780479861794,0.1057197519628103,2018,7
2018-10-11,0.3200480192076831,0.02365055246136578,-0.0072092324610134925,0.03085978492237927,2018,7
2018-10-12,-0.12921968787515006,0.01100349330766931,0.014103125079107316,-0.0030996317714380058,2018,7
2018-10-15,-0.04067226890756302,0.02402985198264602,0.010857507727824811,0.01317234425482121,2018,7
2018-10-16,-0.0021608643457382954,0.01725627328759651,0.017407756452698497,-0.00015148316510198503,2018,7
2018-10-17,-0.28220888355342133,-0.020486712404111828,0.03513510537509179,-0.05562181777920362,2018,7
2018-10-18,-0.1493877551020408,-0.003010526025410709,0.020115468420729386,-0.023125994446140094,2018,7
2018-10-19,-0.251002425100562,-0.0289879898981781,0.028964134167116552,-0.05795212406529465,2018,7
2018-10-22,-0.14180072028811525,-0.04319955420281997,-0.01039222742506537,-0.0328073267777546,2018,7
2018-10-23,-0.2181084780575383,-0.019154593953210352,0.012644075570194434,-0.031798669523404786,2018,7
2018-10-24,0.16984393757503002,0.010992727121101253,-0.010468534505376725,0.021461261626477976,2018,7
2018-10-25,0.1926050420168067,0.028325735876534065,-0.015839626464875033,0.044165362341409095,2018,7
2018-10-26,0.2306362545018007,0.04890852026932015,-0.010219275866897503,0.05912779613621766,2018,7
2018-10-29,0.4168547418967587,0.04852973376467877,-0.012646340920503828,0.0611760746851826,2018,7
2018-10-30,0.060456182472989194,0.025215576834549648,-0.011468441983274624,0.03668401881782427,2018,7
2018-10-31,-0.18684273709483792,0.007605259787450802,0.025885690336670784,-0.018280430549219982,2018,7
2018-11-01,-0.02357743097238895,-0.019933799462613498,-0.020142323261136453,0.00020852379852295475,2018,7
2018-11-02,0.13378472476184536,-0.0008857158303852475,-0.025672717992503147,0.024787002162117898,2018,7
2018-11-05,-0.1483313325330132,-0.013145777944545889,0.013987781520432762,-0.02713355946497865,2018,7
2018-11-06,0.09532041588379865,0.03935079250822654,0.019816159373447183,0.019534633134779357,2018,7
2018-11-07,-0.16384547052671083,0.02280786910174467,0.01677414734836772,0.00603372175337695,2018,7
2018-11-08,0.11025474804493789,0.06287593269250868,0.01279882136137559,0.050077111331133094,2018,7
2018-11-09,0.31015606242496996,0.06132495375028211,0.019590584878930905,0.04173436887135121,2018,7
2018-11-12,0.31841536614645854,0.06078915013848822,0.03235619748488262,0.028432952653605598,2018,7
2018-11-13,0.030204081632653063,0.03142243435516171,0.038676963674737906,-0.0072545293195761945,2018,7
2018-11-14,0.18549819927971187,0.04399780058192152,0.0067225275654136055,0.03727527301650792,2018,7
2018-11-15,0.11394957983193275,0.02813110774837413,0.012795088415104771,0.015336019333269358,2018,7
2018-11-16,0.34175270108043215,0.02351115530654062,-0.008977579154905135,0.032488734461445755,2018,7
2018-11-19,0.08398559423769507,0.005468135296283783,-0.011628443266916078,0.017096578563199863,2018,7
2018-11-20,-0.0857142857142857,0.011459542362834118,0.017245397487715898,-0.00578585512488178,2018,7
2018-11-21,-0.11788715486194477,-0.0016643254151064602,0.02204970156073751,-0.02371402697584397,2018,7
2018-11-22,-0.016278511404561824,0.024580239714701656,0.027186693593800892,-0.002606453879099236,2018,7
2018-11-23,-0.022328931572629048,0.04298481804317261,0.02457330173152439,0.018411516311648224,2018,7
2018-11-26,-0.001680672268907563,0.06256823011720221,0.051476483267568415,0.011091746849633793,2018,7
2018-11-27,-0.1022328931572629,0.008181563513508305,0.017420779635767547,-0.009239216122259242,2018,7
2018-11-28,-0.00312124849939976,0.027000795166608405,0.01933545343578873,0.007665341730819675,2018,7
2018-11-29,0.37709483793517407,0.030622528576640197,-0.015560004589104814,0.04618253316574501,2018,7
2018-11-30,0.10665066026410563,0.008746582912174828,0.008602452392686344,0.00014413051948848447,2018,7
2018-12-03,0.3827611044417767,0.02732845307423424,-0.024221331305406844,0.051549784379641084,2018,7
2018-12-04,0.2805762304921969,0.026963546671391427,0.0014026215804957664,0.02556092509089566,2018,7
2018-12-05,0.2327490996398559,0.004683705061476218,-0.008764935925025686,0.013448640986501904,2018,7
2018-12-06,0.25724507198463953,-0.0031714723209326223,-0.006072158152531681,0.0029006858315990588,2018,7
2018-12-07,0.16778716884502,0.018832411328657372,-0.002900891382333348,0.02173330271099072,2018,7
2018-12-10,0.13008715699204562,-0.0011072403952175126,-0.005668270056284885,0.004561029661067372,2018,7
2018-12-11,0.009843937575030014,-0.0032724857611649448,0.0020993107604047045,-0.005371796521569649,2018,7
2018-12-12,0.11352013256891688,0.003340452167333585,0.0005801798130485314,0.002760272354285054,2018,7
2018-12-13,0.3005114169273612,0.0008635301626692016,-0.01916170298264187,0.020025233145311072,2018,7
2018-12-14,0.01834377776705848,-0.0005389703518359657,-0.00256416735206757,0.002025197000231604,2018,7
2018-12-17,0.2798626618492587,0.010315041362089017,-0.006983723356310589,0.017298764718399605,2018,7
2018-12-18,0.31899159663865545,0.018707593832606395,-0.02456014212530322,0.043267735957909614,2018,7
2018-12-19,0.18136854741896757,0.00654206605872627,-0.00950029648853531,0.01604236254726158,2018,7
2018-12-20,0.04691476590636255,0.005315253106480256,-0.0020217796101636874,0.007337032716643943,2018,7
2018-12-21,0.18012004801920767,-0.006473861494699962,-0.012380069937919657,0.005906208443219696,2018,7
2018-12-24,0.11106842737094838,0.008315109938308418,0.0018978204577521196,0.006417289480556298,2018,7
2018-12-25,0.157358943577431,0.009043423849870013,-0.012015386737404354,0.021058810587274365,2018,7
2018-12-26,0.08245293901170561,0.0035821977207048604,0.00481705938462087,-0.0012348616639160097,2018,7
2018-12-27,-0.15294117647058825,-0.0003775037702542505,0.02206829607772448,-0.02244579984797873,2018,7
2018-12-28,-0.0932555403759884,0.02061848880280893,0.03631482550906695,-0.01569633670625802,2018,7
2019-01-02,0.11654261704681872,0.03182235873114444,0.005059716617911425,0.026762642113233013,2019,7
2019-01-03,0.48600240096038416,0.04258981403147908,-0.021775992520113696,0.06436580655159277,2019,7
2019-01-04,0.505078153282516,0.04611070416589813,-0.03502137974161836,0.0811320839075165,2019,7
2019-01-07,0.022713085234093634,0.0027894795703469755,0.008695750975226058,-0.005906271404879083,2019,7
2019-01-08,0.1829051620648259,0.01656786337978696,-0.017557918096907987,0.03412578147669495,2019,7
2019-01-09,-0.1709044635417831,-0.003899860812095257,0.011357701444982094,-0.015257562257077351,2019,7
2019-01-10,-0.12441776710684273,-0.003046862618984747,0.01610856269714315,-0.019155425316127895,2019,7
2019-01-11,-0.11764988358453737,0.014973798479359358,0.021576865047731587,-0.006603066568372229,2019,7
2019-01-14,-0.11202881152460985,0.0014266753456489757,0.006710422498181367,-0.005283747152532391,2019,7
2019-01-15,0.04969987995198079,-0.0037345373993905584,-0.008517343039259417,0.004782805639868859,2019,7
2019-01-16,0.18578631452581032,0.004433928101730844,-0.011879262675828972,0.016313190777559817,2019,7
2019-01-17,-0.044897959183673466,-0.010591378329802425,0.003746278915996237,-0.014337657245798663,2019,7
2019-01-18,0.16763505402160866,-0.0033520915454872346,-0.017863638938652025,0.01451154739316479,2019,7
2019-01-21,-0.017911164465786316,0.0065663647271033574,0.001873643836781924,0.004692720890321434,2019,7
2019-01-22,-0.04240096038415366,0.011578306319789133,0.009815787088415084,0.001762519231374049,2019,7
2019-01-23,0.19116446578631452,0.008880251740654122,0.0034709471121643354,0.0054093046284897865,2019,7
2019-01-24,-0.07371125359276118,-0.0016542267677723376,0.007460665480163065,-0.009114892247935403,2019,7
2019-01-25,-0.13747899159663865,-0.005207081468233854,0.022845831504814552,-0.028052912973048405,2019,7
2019-01-28,-0.17647058823529413,0.009879209749718376,0.018856121754990685,-0.008976912005272309,2019,7
2019-01-29,-0.02069627851140456,0.010172680406972435,0.020001155885992918,-0.009828475479020483,2019,7
2019-01-30,-0.11241296518607442,0.017239012903176178,0.03692412414522188,-0.0196851112420457,2019,7
2019-02-11,0.015990396158463382,0.004231651374436918,0.019952095727801357,-0.01572044435336444,2019,7
2019-02-12,-0.055654261704681865,0.003586846906261221,0.012920754609448892,-0.00933390770318767,2019,7
2019-02-13,-0.03423769507803121,0.003366714352697997,-0.0006353372474757646,0.004002051600173762,2019,7
2019-02-14,-0.14909963985594235,-0.018205586285982133,-0.01721151560362342,-0.0009940706823587143,2019,7
2019-02-15,0.3608643457382953,0.0007894936411100506,-0.009536298120687592,0.010325791761797643,2019,7
2019-02-18,0.19471788715486196,0.015766778205976308,-0.006701674293118931,0.022468452499095237,2019,7
2019-02-19,-0.022185406618798476,0.011779570200870759,-0.006485228498356643,0.018264798699227404,2019,7
2019-02-20,-0.1406482593037215,-0.0026684273762433764,0.022664062859276655,-0.025332490235520033,2019,7
2019-02-21,-0.1156782713085234,0.005781426667118483,0.031137541941376735,-0.025356115274258254,2019,7
2019-02-22,-0.04009603841536614,0.0055987570902639614,0.0059895086995014665,-0.000390751609237505,2019,7
2019-02-25,0.0528704170720717,0.015717508031777294,0.014628070409539718,0.001089437622237576,2019,7
2019-02-26,0.3158223289315726,0.018733121943311302,-0.002210625094369889,0.02094374703768119,2019,7
2019-02-27,0.2288115246098439,0.01654423244756602,-0.002195561911012145,0.018739794358578168,2019,7
2019-03-04,0.3789195678271309,-0.0007196530505998444,-0.02389494534471225,0.023175292294112405,2019,7
2019-03-05,0.05978391356542617,0.005341764452873388,-0.010564548815476004,0.015906313268349393,2019,7
2019-03-06,0.02069627851140456,0.0020256668417548696,0.0037070430931352982,-0.0016813762513804287,2019,7
2019-03-07,0.17829531812725088,0.006292224850987372,0.0030701689628481964,0.003222055888139175,2019,7
2019-03-08,0.1156782713085234,0.002870152377544499,-0.00556713787555293,0.008437290253097428,2019,7
2019-03-11,-0.11049219687875149,0.0026072726977383167,0.026529955520221436,-0.02392268282248312,2019,7
2019-03-12,-0.09858816749903956,-0.0012019725305275285,0.020070536845782406,-0.021272509376309933,2019,7
2019-03-13,-0.040384153661464584,0.011104214306561166,0.021127054077641226,-0.01002283977108006,2019,7
2019-03-14,-0.2673229291716686,-0.0002079993317649076,0.022319221979681603,-0.02252722131144651,2019,7
2019-03-15,0.30660264105642254,0.008050466163832115,-0.0027474738388475585,0.010797940002679675,2019,7
2019-03-18,-0.2167106842737095,0.00997850453193988,0.019697905629368583,-0.009719401097428703,2019,7
2019-03-19,0.04076830732292917,0.019393724552034954,0.0029521132458765974,0.016441611306158357,2019,7
2019-03-20,0.1076110444177671,0.024671722217642845,0.006381934874684125,0.01828978734295872,2019,7
2019-03-21,0.0955605176870324,0.00999782172626119,0.001274065649127798,0.008723756077133393,2019,7
2019-03-22,-0.3785354141656663,-0.0108497823655069,0.009024665456916403,-0.019874447822423303,2019,7
2019-03-25,-0.26271308523409365,-0.012091828550433859,0.02244589177381796,-0.03453772032425182,2019,7
2019-03-26,-0.22036543500793554,-0.004580373400639904,0.017860566557410595,-0.0224409399580505,2019,7
2019-03-27,-0.12240096038415366,-0.005885664206517394,0.012624568451159135,-0.01851023265767653,2019,7
2019-03-28,0.02857142857142857,-0.012751796039274765,-0.012839383123006799,8.758708373203354e-05,2019,7
2019-03-29,-0.04297822277884121,0.01588770823964588,0.00011121802088700505,0.015776490218758876,2019,7
2019-04-01,-0.3099639855942377,-0.016471088572583746,0.019452087891632653,-0.0359231764642164,2019,7
2019-04-02,-0.19327731092436973,-0.010957439501447841,0.008350724165154621,-0.019308163666602464,2019,7
2019-04-03,-0.3663385354141656,-0.015620856183745525,0.014122301368108913,-0.029743157551854436,2019,7
2019-04-08,-0.20144057623049216,-0.01002536755441189,0.0014672326471073971,-0.011492600201519288,2019,7
2019-04-09,0.08427370948379351,0.010018079724284501,-0.014402897348156373,0.024420977072440876,2019,7
2019-04-10,-0.06482748687311243,-0.012754335676236118,0.0007842342033375748,-0.013538569879573692,2019,7
2019-04-11,-0.07505402160864347,-0.026118957641169283,-0.004966989022358914,-0.021151968618810368,2019,7
2019-04-12,0.3544297719087635,0.0017019484089853653,-0.02053203943348858,0.022233987842473945,2019,7
2019-04-15,0.061992797118847545,-0.006140746070216063,-0.011054201554539145,0.004913455484323082,2019,7
2019-04-16,0.1350812744993076,0.0007543535137513935,-0.01981182965636229,0.020566183170113685,2019,7
2019-04-17,0.20825930372148857,0.006580843931122638,-0.01272647589130459,0.019307319822427227,2019,7
2019-04-18,-0.050372148859543824,0.003137307486804253,0.009840536950213374,-0.006703229463409121,2019,7
2019-04-19,0.016950780312124852,-0.001392045810889009,0.005646366294995509,-0.007038412105884517,2019,7
2019-04-22,0.1316206482593037,0.02496746910326708,-0.0009723400598641296,0.02593980916313121,2019,7
2019-04-23,0.24206482593037212,0.029364794959313423,0.016624997094280336,0.012739797865033087,2019,7
2019-04-24,-0.057382953181272504,0.022692202109798665,0.027355104120056185,-0.0046629020102575205,2019,7
2019-04-25,0.25301320528211285,0.018403283394519854,-0.0034221983883740204,0.021825481782893875,2019,7
2019-04-26,0.06924536005261343,0.018793228349311176,-0.013844891193540631,0.032638119542851805,2019,7
2019-04-29,0.003889555822328931,-0.00044400304295210135,0.0370858786567108,-0.0375298816996629,2019,7
2019-04-30,-0.2556062424969988,-0.002122756832168271,0.03457431527730602,-0.03669707210947429,2019,7
2019-05-02,0.09656662665066026,0.003294606581732229,-0.0030797137891237615,0.006374320370855991,2019,7
2019-05-03,-0.06722850490544993,0.008980197118553968,0.022474411880414002,-0.013494214761860034,2019,7
2019-05-06,-0.025402160864345734,-0.02203659427379042,-0.023132632595972823,0.0010960383221824029,2019,7
2019-05-07,0.2866266506602641,0.016505661032905385,-0.010107242585939601,0.026612903618844986,2019,7
2019-05-08,0.11385354141656662,0.008926650750510346,-0.006580006985764042,0.015506657736274389,2019,7
2019-05-09,-0.041440576230492195,-0.006113170552096337,-0.012351519747951012,0.006238349195854675,2019,7
2019-05-10,-0.123937575030012,-0.014720560393397308,0.015967630168028844,-0.030688190561426153,2019,7
2019-05-13,-0.11913565426170468,-0.006594839586053091,0.005583707790900061,-0.012178547376953152,2019,7
2019-05-14,0.1733013205282113,0.01190283515767765,-0.011978241018456426,0.023881076176134074,2019,7
2019-05-15,0.5212484993997599,0.02532324242051014,-0.038909110276775884,0.06423235269728603,2019,7
2019-05-16,0.1251860744297719,0.01320023917086054,0.008522708971002347,0.004677530199858193,2019,7
2019-05-17,-0.11289315726290516,-0.0013521011903269264,0.023833843470058003,-0.02518594466038493,2019,7
2019-05-20,-0.060264105642256906,-0.015748475651097438,0.01393297179900651,-0.029681447450103947,2019,7
2019-05-21,-0.14060361597368384,-0.03459067752096332,0.0013718297274695535,-0.035962507248432876,2019,7
2019-05-22,0.3815126050420168,0.020456440169206412,-0.010810730626881393,0.031267170796087804,2019,7
2019-05-23,-0.13824729891956783,-0.02431416642743791,0.0012428694266075734,-0.025557035854045482,2019,7
2019-05-24,0.0426890756302521,0.003099705039405842,-0.00823134000586353,0.011331045045269373,2019,7
2019-05-27,0.29795918367346935,0.015376382176273694,-0.023997986747954437,0.03937436892422813,2019,7
2019-05-28,-0.16984393757503002,-0.011601795045736251,0.01085283178863109,-0.02245462683436734,2019,7
2019-05-29,0.07332533013205282,7.617569648237233e-05,0.0008197162348780429,-0.0007435405383956705,2019,7
2019-05-30,-0.09963985594237695,0.0019908151212719273,0.011373142928198387,-0.009382327806926459,2019,7
2019-05-31,0.13478991596638654,0.016416800502743346,-0.005226328402083457,0.0216431289048268,2019,7
2019-06-03,-0.08801920768307324,0.015587256415180339,0.0021448980335289857,0.013442358381651353,2019,7
2019-06-04,-0.06813925570228091,0.0037151441361539805,0.005799783439889383,-0.0020846393037354024,2019,7
2019-06-05,-0.4101320528211284,-0.009956210538672627,0.01007821740858401,-0.020034427947256638,2019,7
2019-06-06,0.004850056425321745,-0.00204421078219037,-0.0006692468698346387,-0.0013749639123557312,2019,7
2019-06-10,-0.03183673469387755,-0.008004851030244375,0.0015345655517223556,-0.00953941658196673,2019,7
2019-06-11,0.06881152460984392,-0.001321352221975758,-0.007721923112518281,0.006400570890542523,2019,7
2019-06-12,0.15414535767606735,0.01999406008013286,0.007102378003847521,0.012891682076285339,2019,7
2019-06-13,0.051908763505402154,0.01631425552865562,0.008198048648180656,0.008116206880474963,2019,7
2019-06-14,-0.14468187274909963,0.003001960351721533,0.008727085938658851,-0.0057251255869373175,2019,7
2019-06-17,0.05892098251356219,0.0050840015126569545,-0.008972007855160558,0.014056009367817512,2019,7
2019-06-18,0.0724609843937575,0.002463808218820851,0.006766444315788656,-0.004302636096967805,2019,7
2019-06-19,0.21709483793517406,0.0006033210793742639,-0.009008716860874533,0.009612037940248798,2019,7
2019-06-20,0.3104441776710684,0.004241004200780341,-0.012143720063907315,0.016384724264687657,2019,7
2019-06-21,-0.12144057623049219,-0.00774594545402848,0.010182796539058047,-0.017928741993086528,2019,7
2019-06-24,-0.08926770708283314,0.0018077965633034431,5.585151612708117e-06,0.001802211411690735,2019,7
2019-06-25,0.052100840336134456,0.018338446767155802,-0.004099321198076688,0.02243776796523249,2019,7
2019-06-26,-0.2086964873707753,-0.006921324176950794,0.015467873790966435,-0.02238919796791723,2019,7
2019-06-27,-0.14982352521785983,-0.0025552203369159088,0.003501551269760106,-0.006056771606676015,2019,7
2019-06-28,0.18981992797118846,0.006208097433555393,-0.004417325979658793,0.010625423413214187,2019,7
2019-07-01,0.46842737094837933,0.017652075812821633,-0.027264187389691164,0.044916263202512796,2019,7
2019-07-02,0.2687635054021609,0.01018351588046541,-0.006189966509928124,0.01637348239039353,2019,7
2019-07-03,-0.24129651860744294,0.005375831956457211,0.008174715393433996,-0.002798883436976785,2019,7
2019-07-04,-0.2985354141656662,-0.023828511879930868,0.01937078678802705,-0.04319929866795792,2019,7
2019-07-05,-0.3530852340936374,-0.02441761638611939,0.00025581226696987926,-0.024673428653089267,2019,7
2019-07-08,-0.09627851140456183,0.00042343878020072444,-0.006904076935609005,0.007327515715809729,2019,7
2019-07-09,-0.2226650660264106,-0.009857767064543254,0.010755405252670613,-0.020613172317213865,2019,7
2019-07-10,0.004849939975990396,-0.0015790213364571982,-0.004168764983011097,0.002589743646553899,2019,7
2019-07-11,0.17325746121347382,-0.013850473879962666,-0.02242200208507632,0.008571528205113655,2019,7
2019-07-12,0.01474189675870348,-0.01373789198067905,-0.0024045772035074186,-0.011333314777171631,2019,7
2019-07-15,-0.03587034813925571,-0.004822237799022189,0.0002841326232010166,-0.005106370422223205,2019,7
2019-07-16,-0.13968787515006,-0.005913315545490083,0.005040268437193474,-0.010953583982683557,2019,7
2019-07-17,0.03481392557022809,-0.011555689174191563,-0.009460068551813283,-0.0020956206223782803,2019,7
2019-07-18,0.038367346938775505,0.02267779772913888,0.01862140532026855,0.004056392408870332,2019,7
2019-07-19,-0.02809123649459784,-0.0014390157095542145,0.020274851871979527,-0.021713867581533743,2019,7
2019-07-22,0.016182472989195677,0.0018148290571112446,-0.0002754502661711511,0.0020902793232823957,2019,7
2019-07-23,0.2064345738295318,-0.004357410897482939,-0.01824477390729452,0.013887363009811582,2019,7
2019-07-24,0.16677070828331333,0.003911578955568063,-0.017264501797943477,0.021176080753511538,2019,7
2019-07-25,0.018103241296518604,-0.00016579198108199745,0.003529059370156151,-0.0036948513512381487,2019,7
2019-07-26,-0.05267707082833133,-0.004556080350807479,0.012781470247480876,-0.017337550598288357,2019,7
2019-07-29,0.10559423769507804,-0.003113358432246838,-0.014454462244445344,0.011341103812198506,2019,7
2019-07-30,0.2548379351740696,0.018719378114872808,-0.010177506307058637,0.028896884421931446,2019,7
2019-07-31,0.10021608643457382,-0.001807265713681283,0.006468530855236676,-0.00827579656891796,2019,7
2019-08-01,0.12902761104441776,0.008286826556299198,0.012485684130720575,-0.004198857574421377,2019,7
2019-08-02,0.1051140456182473,0.03058790419459657,0.0006088104608348522,0.02997909373376172,2019,7
2019-08-05,0.45056422569027604,0.056467191295703725,-0.008413184698754305,0.06488037599445803,2019,7
2019-08-06,-0.019639855942376952,0.010288566091020935,0.01566289736298615,-0.0053743312719652155,2019,7
2019-08-07,-0.05152460984393757,0.03176840402239438,0.03143740375237092,0.0003310002700234599,2019,7
2019-08-08,-0.11375750300120048,0.014181631626098378,0.011997584565483322,0.002184047060615056,2019,7
2019-08-12,-0.05392557022809123,0.0004246578434530579,0.013634334708336592,-0.013209676864883535,2019,7
2019-08-13,0.1022328931572629,0.0007360509384744419,-0.013800135785220258,0.014536186723694701,2019,7
2019-08-14,-0.32148859543817526,-0.013947094656391846,0.0060895398332282856,-0.02003663448962013,2019,7
2019-08-15,-0.06746698679471788,0.00044402940170895633,-0.0015072546821412014,0.0019512840838501577,2019,7
2019-08-16,0.14554621848739496,-0.0037955662104817043,-0.00562346256547136,0.0018278963549896556,2019,7
2019-08-19,0.2701625489986152,-0.0004039527401990872,-0.008713159623198585,0.008309206882999498,2019,7
2019-08-20,0.4448979591836734,0.009012990023262436,-0.016026875600120383,0.02503986562338282,2019,7
2019-08-21,0.05157386733460945,-3.287196871792908e-05,-0.0034955159745578613,0.0034626440058399322,2019,7
2019-08-22,0.4234813925570228,0.011512784515134355,-0.00926623272320407,0.020779017238338426,2019,7
2019-08-23,-0.057193622808934995,0.009301949257573583,0.0017378560239084794,0.007564093233665103,2019,7
2019-08-26,0.2682833133253301,0.027753907882604355,-0.004171929186472312,0.03192583706907667,2019,7
2019-08-27,-0.08667466986794717,0.003973468346871889,0.011278250455574146,-0.007304782108702257,2019,7
2019-08-28,-0.15659063625450179,-0.003221580682693348,0.0012561616421626677,-0.004477742324856015,2019,7
2019-08-29,-0.21565426170468185,-0.003909582039432857,0.014851122377873805,-0.01876070441730666,2019,7
2019-08-30,0.22247298919567823,0.0006937692732107426,0.0018684455387800614,-0.0011746762655693189,2019,7
2019-09-02,0.3190876350540216,0.002912970900009748,-0.029603022095284294,0.03251599299529404,2019,7
2019-09-03,0.26905162064825927,0.00505627006013043,-0.030601534546715724,0.03565780460684616,2019,7
2019-09-04,-0.01781512605042017,0.0065532507192956335,-0.00811229080378203,0.014665541523077663,2019,7
2019-09-05,-0.011813008719100487,0.007918994512193956,0.016012965987421614,-0.008093971475227658,2019,7
2019-09-06,0.0168547418967587,-0.0007757572807621016,0.0007323162988516097,-0.0015080735796137112,2019,7
2019-09-10,0.07937575030012005,0.02033994534056126,0.002687518599267924,0.017652426741293338,2019,7
2019-09-11,0.17042016806722687,-0.0021785597157977232,-0.005075000102313432,0.0028964403865157085,2019,7
2019-09-12,-0.03010804321728691,0.0008246434823170112,0.022688619492002748,-0.021863976009685735,2019,7
2019-09-16,0.07274909963985594,0.0075529566764252045,0.015320845729851562,-0.007767889053426358,2019,7
2019-09-17,-0.17032412965186072,-0.0016883111441242326,0.002987629853281126,-0.004675940997405359,2019,7
2019-09-18,0.07169267707082833,-0.00014426385275039254,-0.005000820871677025,0.004856557018926633,2019,7
2019-09-19,0.12480192076830732,-0.00100513843184723,-0.016826021021486236,0.015820882589639006,2019,7
2019-09-20,0.15524609843937573,-0.01477613262720372,-0.0193135250156506,0.00453739238844688,2019,7
2019-09-23,0.26991596638655463,-0.02193481674932627,-0.028771884862748166,0.006837068113421895,2019,7
2019-09-24,0.11068693129075864,-0.011205149475198883,-0.001372508557789609,-0.009832640917409274,2019,7
2019-09-25,0.17743097238895558,-0.006529282391731239,-0.031463405850014094,0.024934123458282855,2019,7
2019-09-26,-0.1883358544565533,-0.002292939491862089,0.02229033354418425,-0.02458327303604634,2019,7
2019-09-27,0.27567827130852335,0.02921015068138554,-0.004567669632541194,0.03377782031392673,2019,7
2019-10-01,0.04172869147659064,0.014110226960214156,0.005346832838867532,0.008763394121346624,2019,7
2019-10-02,-0.2918677520109462,-0.02208692814143178,-0.006297120370532627,-0.015789807770899153,2019,7
2019-10-03,-0.1761824729891957,-0.029029232674835294,-0.0020309253202841606,-0.026998307354551134,2019,7
2019-10-04,0.03548704651794821,-0.00630654421222474,-0.01568482894967873,0.009378284737453989,2019,7
2019-10-07,-0.11894928928159815,-0.017378095027343877,-0.013695723372393175,-0.0036823716549507016,2019,7
2019-10-08,-0.37536614645858346,-0.016379083256924786,0.022141098288904048,-0.038520181545828834,2019,7
2019-10-09,-0.07668667466986795,-0.00654970065295668,0.007967580105311789,-0.01451728075826847,2019,7
2019-10-14,-0.13085548276239362,0.0016539480670389683,0.008450752179702392,-0.006796804112663424,2019,7
2019-10-15,-0.14842737094837935,-0.0015054782551530033,0.008615970253639083,-0.010121448508792086,2019,7
2019-10-16,-0.07370948379351741,0.020920833823548257,0.018263285544882067,0.00265754827866619,2019,7
2019-10-17,-0.28576230492196875,0.0015193437090425422,0.01692213782949038,-0.015402794120447837,2019,7
2019-10-18,-0.2026459219292848,-0.004323382834639544,0.011969276439744814,-0.016292659274384357,2019,7
2019-10-21,-0.01157262905162065,-0.0034476802674110797,0.006563282241092316,-0.010010962508503396,2019,7
2019-10-22,-0.1140456182472989,-0.009305600390873437,0.001726025352953109,-0.011031625743826545,2019,7
2019-10-23,0.1345018007202881,-0.008004106137154132,-0.02561211234032551,0.017608006203171378,2019,7
2019-10-24,-0.008787515006002401,-0.015547674537581213,-0.0110898019479301,-0.0044578725896511125,2019,7
2019-10-25,-0.2329411764705882,-0.024926124050037246,-0.0062031717779981845,-0.018722952272039062,2019,7
2019-10-28,0.0041776710684273705,-0.03201005065950306,-0.038472033287114835,0.006461982627611773,2019,7
2019-10-29,-0.1899685467185428,-0.028768377444707526,-0.013921715824417369,-0.014846661620290157,2019,7
2019-10-30,0.1524609843937575,-0.019020424444717778,-0.021042750687508882,0.0020223262427911046,2019,7
2019-10-31,0.13267707082833133,-0.010754524619431893,-0.014735924350503892,0.003981399731072,2019,7
2019-11-01,0.10156306276787615,-0.012952325353957373,-0.013921088255523373,0.0009687629015660004,2019,7
2019-11-04,0.37671068427370946,0.019635776099259483,-0.00011992288367809189,0.019755698982937574,2019,7
2019-11-05,0.42757329119866155,0.01794543345927745,-0.012023906647014259,0.02996934010629171,2019,7
2019-11-06,0.18588235294117647,0.01384650715570992,0.0011025018058572812,0.01274400534985264,2019,7
2019-11-07,0.25618247298919566,0.02222588508062977,-0.00829112217834117,0.03051700725897094,2019,7
2019-11-08,0.1059783913565426,0.007056691050045527,-0.0037079615327371253,0.010764652582782652,2019,7
2019-11-11,0.364609843937575,0.014633977427342338,-0.02181507314448,0.036449050571822336,2019,7
2019-11-12,-0.020792316926770707,-0.012158866499453214,-0.007192243808056586,-0.004966622691396628,2019,7
2019-11-13,0.09522208883553422,-0.00597739923916899,-0.021158876173707142,0.015181476934538153,2019,7
2019-11-14,0.146218487394958,-0.005901548146715618,-0.014056798938745929,0.00815525079203031,2019,7
2019-11-15,-0.03587120940312221,-0.005591688952820239,-0.01325590377149306,0.00766421481867282,2019,7
2019-11-18,-0.20364945978391355,0.002103052694393037,0.012246621096718414,-0.010143568402325377,2019,7
2019-11-19,0.010708283313325332,0.007940731243317645,0.010313896305975045,-0.0023731650626574,2019,7
2019-11-20,0.045570228091236495,-0.0019141208643672191,-0.000516678933517456,-0.0013974419308497633,2019,7
2019-11-21,0.06448979591836734,0.019742497727662622,-0.007456018704270584,0.027198516431933207,2019,7
2019-11-22,0.04460984393757503,0.008410780328279877,-0.003644697063621105,0.012055477391900982,2019,7
2019-11-25,-0.24436974789915963,-0.010826448293722002,-0.00166016983464774,-0.009166278459074263,2019,7
2019-11-26,-0.16859543817527012,0.0011878725981779414,0.01087651091604026,-0.00968863831786232,2019,7
2019-11-27,0.02799519807923169,0.004676258494710417,0.011153119689948532,-0.006476861195238115,2019,7
2019-11-28,0.2715486194477791,0.010679039832308123,-0.010256819994079703,0.020935859826387827,2019,7
2019-11-29,0.2466805926423545,-0.0016941802597673305,-0.014377043804784096,0.012682863545016765,2019,7
2019-12-02,0.20662665066026412,0.007388603654246673,0.00833170706937364,-0.0009431034151269665,2019,7
2019-12-03,0.03202881152460984,0.0025768378313050233,-0.004636430391904911,0.007213268223209934,2019,7
2019-12-04,0.14756302521008402,0.0049949394128910194,-0.006916559216694129,0.011911498629585147,2019,7
2019-12-05,-0.035390156062424974,-0.0250985119437536,-0.017287575412988275,-0.007810936530765325,2019,7
2019-12-06,-0.1472749099639856,-0.030732213519140638,-0.021488870882255328,-0.00924334263688531,2019,7
2019-12-09,-0.4316070014929886,-0.034742790935531974,-0.003771573889277691,-0.030971217046254284,2019,7
2019-12-10,-0.23111644657863145,-0.035321027792156526,-0.013321044068330633,-0.021999983723825892,2019,7
2019-12-11,-0.15313325330132052,-0.026880384453677842,-0.020551131592854564,-0.006329252860823278,2019,7
2019-12-12,0.06448979591836734,0.005459537823453231,-0.004335013929365905,0.009794551752819135,2019,7
2019-12-13,0.09800720288115244,0.008232464261324712,-0.002342804551203781,0.010575268812528493,2019,7
2019-12-16,0.2257917357610183,0.003658594790280978,-0.013336313733506588,0.016994908523787565,2019,7
2019-12-17,0.24427957461001698,0.014612749948219405,-0.0026458768645484464,0.017258626812767852,2019,7
2019-12-18,0.005426170468187274,0.0068612754136954,0.010893339517814904,-0.004032064104119504,2019,7
2019-12-19,-0.32725090036014404,-0.004148480619697215,0.01155954050606225,-0.015708021125759464,2019,7
2019-12-20,0.18771158976814556,0.005204517773069494,-0.0039563492538055465,0.00916086702687504,2019,7
2019-12-23,0.2363985594237695,0.005332136557398304,-0.0059266682382068114,0.011258804795605116,2019,7
2019-12-24,0.08993997599039616,0.020617385759791596,0.013784021629874998,0.006833364129916598,2019,7
2019-12-25,0.2839648478737047,0.02857433170123421,0.005369069018382832,0.023205262682851377,2019,7
2019-12-26,0.2842256902761104,0.012875414108090188,0.00750206857739637,0.005373345530693818,2019,7
2019-12-27,0.1807923169267707,9.257574737192575e-05,-0.006031356007865407,0.006123931755237333,2019,7
2019-12-30,0.38852340936374546,0.007657724085610706,-0.017956086903120515,0.025613810988731223,2019,7
2019-12-31,0.28543302368428175,-0.004098486833247516,-0.026630833484278714,0.022532346651031196,2019,7
2020-01-02,0.23242970742464672,0.0005276502806737194,-0.004096019926782402,0.004623670207456122,2020,7
2020-01-03,0.2672333069991635,0.03170092219795897,-0.022014745360540988,0.053715667558499956,2020,7
2020-01-06,0.3441867181990262,0.013188880444631679,-0.009140653606574279,0.022329534051205958,2020,7
2020-01-07,0.3837879374382942,0.02869259921457653,-0.017917049238123706,0.046609648452700235,2020,7
2020-01-08,0.22780859090818179,0.031009183012403962,0.004569406830722422,0.02643977618168154,2020,7
2020-01-09,0.22016806722689078,0.016897207561394255,0.007938567173412991,0.008958640387981264,2020,7
2020-01-10,0.03923169267707083,0.010529266735168519,0.002291715920167836,0.008237550815000683,2020,7
2020-01-13,-0.07971379867360491,-0.00020870369402863352,0.010475716314275418,-0.010684420008304052,2020,7
2020-01-14,0.218924824188533,-0.007061390933826739,-0.01949242493429616,0.01243103400046942,2020,7
2020-01-15,0.12460984393757503,-0.01889694949138494,-0.037632717033436035,0.018735767542051095,2020,7
2020-01-16,0.4269010061496071,-0.027803853357251718,-0.07653755249449637,0.04873369913724465,2020,7
2020-01-17,0.04110641572161911,-0.008811190046099916,-0.014781626875182174,0.0059704368290822585,2020,7
2020-01-20,-0.25037816041215427,-0.016871441841575453,0.0028801392645183997,-0.019751581106093853,2020,7
2020-01-30,0.18239446849726543,0.04308983788180354,0.002081354484024145,0.04100848339777939,2020,7
2020-01-31,0.05661600520251819,0.012451312479677557,-0.001893551176793562,0.01434486365647112,2020,7
2020-02-03,-0.4593108449481317,-0.006142866367782607,0.05280425727992581,-0.05894712364770842,2020,7
2020-02-04,-0.05291843743271844,-0.009975808104683292,0.0049149530455704915,-0.014890761150253784,2020,7
2020-02-05,0.3423371510506804,0.015181698552096733,-0.003979132459885082,0.019160831011981815,2020,7
2020-02-06,-0.1512677681344628,-0.00565992360632811,-0.0020568425890719055,-0.0036030810172562044,2020,7
2020-02-07,0.36912364945978393,0.021398812797404475,-0.0013579513357720896,0.022756764133176566,2020,7
2020-02-10,0.41503997706985984,0.02076388069684665,0.005331924899107454,0.015431955797739195,2020,7
2020-02-11,0.4545127135214883,0.03675940849625875,0.001528758450701473,0.035230650045557275,2020,7
2020-02-12,0.5041177460695809,0.03827784360906331,-0.01143912585534621,0.049716969464409524,2020,7
2020-02-13,0.2403361344537815,0.019539480879650593,-0.003310538501704696,0.02285001938135529,2020,7
2020-02-14,0.09762304921968785,0.012806812700763814,0.002612761954056364,0.010194050746707449,2020,7
2020-02-17,-0.03241296518607443,-0.009887665195694496,-0.013805563253161401,0.003917898057466906,2020,7
2020-02-18,-0.0468187274909964,-0.00408408969978954,-0.015013088136377296,0.010928998436587756,2020,7
2020-02-19,-0.025210084033613446,-0.010804779069287885,-0.009746672017776691,-0.0010581070515111937,2020,7
2020-02-20,-0.2791490591002007,-0.03499335231189785,-0.013875238412832525,-0.02111811389906533,2020,7
2020-02-21,-0.02569150982601194,-0.008020072061129601,-0.010088369126257168,0.0020682970651275667,2020,7
2020-02-24,-0.09916442577703674,-0.0142057123118569,-0.011590406985933822,-0.0026153053259230785,2020,7
2020-02-25,-0.11529688591284663,-0.011047805564690715,-0.0157700650730783,0.004722259508387585,2020,7
2020-02-26,-0.0479723402861032,-0.012980887530348184,-0.0028667013674483766,-0.010114186162899807,2020,7
2020-02-27,0.28543302368428175,0.04070282841015723,0.007754214960335825,0.032948613449821404,2020,7
2020-03-02,-0.3267383791704397,-0.014222921293712654,0.01235781108730497,-0.026580732381017623,2020,7
2020-03-03,0.19102958147266447,0.026052354428623626,-0.0002154138205934797,0.026267768249217106,2020,7
2020-03-04,-0.1020408163265306,-0.0011135964276310696,0.0009442070191127861,-0.002057803446743856,2020,7
2020-03-05,0.18405762304921966,-0.006961319651977693,-0.019201554631366524,0.012240234979388831,2020,7
2020-03-06,-0.32340936374549817,-0.04817556995672181,-0.009924409417245516,-0.03825116053947629,2020,7
2020-03-09,-0.5662696894735193,-0.0575761301793969,0.03394917729363336,-0.09152530747303025,2020,7
2020-03-10,-0.44514874319537207,-0.07593441062716719,0.034791819906943536,-0.11072623053411072,2020,7
2020-03-11,-0.5295078031212485,-0.08216385978040365,0.04269756556774368,-0.12486142534814733,2020,7
2020-03-12,-0.2003841536614646,-0.023725840185973623,0.03130887867528548,-0.0550347188612591,2020,7
2020-03-13,-0.3363588355331351,-0.050592358856780484,0.029762454925674288,-0.08035481378245476,2020,7
2020-03-16,-0.03880045140257396,0.018497375111958914,0.003863811812407325,0.014633563299551589,2020,7
2020-03-17,0.3932379255107878,0.016291530804677868,-0.02880023764047899,0.04509176844515686,2020,7
2020-03-18,0.7092127063918501,0.06718937749065339,-0.05775122598033283,0.12494060347098622,2020,7
2020-03-19,0.5931474947086555,0.05911013649799559,-0.05559010792331763,0.11470024442131321,2020,7
2020-03-20,0.7718388356208663,0.10527030548547489,-0.028813794662158675,0.13408410014763356,2020,7
2020-03-23,0.4013350640420345,0.05353556614899666,-0.003749831156496297,0.05728539730549296,2020,7
2020-03-24,0.2451380552220888,0.026476821941106,0.019081500535978624,0.007395321405127376,2020,7
2020-03-25,0.042881152460984395,0.010606813477199805,0.01575387237477268,-0.005147058897572875,2020,7
2020-03-26,-0.11275722170104763,-0.004215587438698165,0.012804838360506077,-0.017020425799204243,2020,7
2020-03-27,0.08610050663962267,0.01027050280776549,-0.0037522340459791082,0.014022736853744599,2020,7
2020-03-30,-0.017191289111536483,0.010620409255431252,0.016205920033048615,-0.005585510777617363,2020,7
2020-03-31,0.4556542617046819,0.04422517054093276,-0.010821997732706734,0.055047168273639493,2020,7
2020-04-01,0.1733973589435774,0.023810445284012417,-0.0003038406377314562,0.024114285921743875,2020,7
2020-04-06,0.5733150857615478,0.04353255257657971,-0.030976807442329602,0.07450936001890932,2020,7
2020-04-07,0.4474909963985594,0.033809366453602066,-0.015417817695614722,0.049227184149216785,2020,7
2020-04-08,0.27069727269014826,0.028851233530961373,0.0091652951124357,0.019685938418525672,2020,7
2020-04-09,0.07827318785420243,-0.005765675224632583,-0.021896498017555867,0.016130822792923286,2020,7
2020-04-10,-0.013590088375254914,-0.012575513263506855,-0.0243852034212775,0.011809690157770645,2020,7
2020-04-13,0.02641119835571247,-0.038268371324797955,-0.03787636927215301,-0.00039200205264494636,2020,7
2020-04-14,0.12605042016806722,0.00582057785811505,-0.015348378850518263,0.021168956708633314,2020,7
2020-04-15,0.491056207973665,-0.018310002770891474,-0.04725486064514822,0.028944857874256748,2020,7
2020-04-16,-0.17633076429486585,-0.0004856843071156636,0.012126705553034755,-0.012612389860150418,2020,7
2020-04-17,0.18953636347272204,0.01559330895338389,0.006391455712641214,0.009201853240742675,2020,7
2020-04-20,0.23511897676675006,0.021445780592188067,0.015711751310952548,0.005734029281235519,2020,7
2020-04-21,0.26593675726170124,0.03812477910831524,0.0276121490315435,0.010512630076771744,2020,7
2020-04-22,0.1985594237695078,0.04317431272962744,-0.0008849644039657489,0.04405927713359319,2020,7
2020-04-23,0.1076110444177671,0.032836159038417564,0.006970676480300297,0.025865482558117266,2020,7
2020-04-24,0.07476949682074877,0.04290047365852656,0.04199218008051421,0.0009082935780123508,2020,7
2020-04-27,0.0968547418967587,0.03358572998582891,0.0269048211289891,0.006680908856839814,2020,7
2020-04-28,0.05215011166237045,0.019051987036858953,0.006559327113077063,0.012492659923781891,2020,7
2020-04-29,0.12048019207683074,0.01447272983068133,0.000807055833518,0.013665673997163329,2020,7
2020-04-30,-0.14550169275965236,0.0007947579591467191,0.019549100690029197,-0.018754342730882476,2020,7
2020-05-04,0.1786794717887155,0.010572131262337626,-0.00041483648904158124,0.010986967751379207,2020,7
2020-05-05,-0.1411352287451385,-0.0037966339486588674,0.007592138135682713,-0.01138877208434158,2020,7
2020-05-06,0.12701080432172868,0.018364663276088423,0.004644372669982433,0.01372029060610599,2020,7
2020-05-07,0.12129943099369038,0.004482251561621298,-0.004776186387033176,0.009258437948654474,2020,7
2020-05-08,0.0466277701879942,-0.013404084863877997,-0.011257557899607107,-0.00214652696427089,2020,7
2020-05-11,0.08139646571044905,0.014124236785961808,-0.002034435411859703,0.01615867219782151,2020,7
2020-05-12,0.2016855147163498,0.029246261561389198,-0.0039808838420004825,0.03322714540338968,2020,7
2020-05-13,0.20096038415366146,0.011479271887248631,-0.010134424540302334,0.021613696427550965,2020,7
2020-05-14,-0.045427261171825446,0.006768608822103639,0.0031501637035792783,0.003618445118524361,2020,7
2020-05-15,0.035006002400960384,0.0176363075709985,-0.0005494708471417975,0.018185778418140296,2020,7
2020-05-18,0.05162064825930372,0.002401654034191536,0.012147506515567164,-0.009745852481375628,2020,7
2020-05-19,0.2670348139255702,0.0035762424515871417,0.002849721510051151,0.0007265209415359907,2020,7
2020-05-20,0.14180072028811525,0.006004821667980808,-0.0010235373785615009,0.00702835904654231,2020,7
2020-05-21,0.13805522208883553,-0.006841233559731219,-0.0012056425972129304,-0.005635590962518288,2020,7
2020-05-22,0.3668187274909964,0.012013964722122628,0.004761653849547365,0.007252310872575263,2020,7
2020-05-25,0.12009892197752163,0.036293777066601716,0.0017878699646363349,0.03450590710196538,2020,7
2020-05-26,0.02780378881446822,0.010998495274682852,0.011677019450788705,-0.0006785241761058537,2020,7
2020-05-27,0.4202261760197088,0.03572351331551107,-0.01913275916669068,0.05485627248220175,2020,7
2020-05-28,0.06708444382350968,0.013578180761791004,-0.009514532643208718,0.023092713404999722,2020,7
2020-05-29,0.13997599039615843,-0.0036645471757490223,-0.009132819111923863,0.005468271936174841,2020,7
2020-06-01,-0.31025955013865136,-0.0252900948756292,-0.013813848003810714,-0.011476246871818486,2020,7
2020-06-02,0.07357072557325595,-0.010783760596243908,-0.007894795033398882,-0.002888965562845026,2020,7
2020-06-03,-0.21018511855082453,-0.02460443139964711,-0.012344786046936718,-0.012259645352710392,2020,7
2020-06-04,0.06382365682803205,-0.019485243258391804,-0.025660200445125337,0.006174957186733533,2020,7
2020-06-05,0.36432172869147655,0.003336937850714372,-0.026238191963083957,0.02957512981379833,2020,7
2020-06-08,0.2844450860740661,0.018503492064031523,-0.00951133558537659,0.028014827649408113,2020,7
2020-06-09,0.25930994749244973,0.01775196015652437,0.005641095798407969,0.012110864358116402,2020,7
2020-06-10,-0.15313325330132052,0.005888845551939847,0.012530998281339167,-0.00664215272939932,2020,7
2020-06-11,-0.03995294005809596,0.02206706310228085,0.008416368923362028,0.01365069417891882,2020,7
2020-06-12,-0.21998655422983307,0.008275346171027587,0.01782146790032656,-0.009546121729298973,2020,7
2020-06-15,-0.009028044574374288,-0.015415844969018799,0.03420774361915373,-0.04962358858817253,2020,7
2020-06-16,0.014933973589435772,-0.003493077868319483,-0.008431031148532631,0.004937953280213148,2020,7
2020-06-17,-0.009747899159663865,-0.013622314686170811,0.004775164076839244,-0.018397478763010056,2020,7
2020-06-18,-0.1253781512605042,-0.01534948667482392,0.00017188482580871023,-0.01552137150063263,2020,7
2020-06-19,-0.07126221519977692,-0.013383632980034189,-0.002314182437953749,-0.01106945054208044,2020,7
2020-06-22,-0.05815126050420167,-0.003718432626670887,-0.013188927655457917,0.00947049502878703,2020,7
2020-06-23,0.1884753901560624,0.004324256447299368,-0.017663005736528313,0.021987262183827683,2020,7
2020-06-24,-0.12499699876349012,-0.001193836455812769,0.02211888745281062,-0.02331272390862339,2020,7
2020-06-29,-0.21507803121248498,-0.012333846353258737,0.006513413887405339,-0.018847260240664077,2020,7
2020-06-30,0.05728691476590636,-0.021172301683532256,-0.01473522887328621,-0.006437072810246046,2020,7
2020-07-01,-0.11625729312578165,-0.019994975136126848,-0.015201974977643196,-0.004793000158483652,2020,7
2020-07-02,0.06746698679471788,-0.013889816765403162,-0.02265990431448652,0.00877008754908336,2020,7
2020-07-03,-0.22781406096187037,-0.020528614771023357,-0.013727224074452326,-0.006801390696571031,2020,7
2020-07-06,-0.1200566670581853,-0.018332218421325798,-0.013272237378883755,-0.005059981042442043,2020,7
2020-07-07,0.05018007202881152,-0.02174128833378608,-0.03707376585511157,0.015332477521325494,2020,7
2020-07-08,-0.04417873179500995,-0.02485250647890639,-0.022938033978484616,-0.0019144725004217739,2020,7
2020-07-09,0.030204081632653063,-0.012482056080225613,0.0014216176990045292,-0.013903673779230142,2020,7
2020-07-10,0.17580254032775158,-0.019148454707695294,-0.033167557722436035,0.014019103014740741,2020,7
2020-07-13,-0.015894357743097238,-0.012406033334425793,-0.009381400154389019,-0.003024633180036774,2020,7
2020-07-14,0.20326530612244897,0.004377032137968029,-0.011448703053531118,0.015825735191499147,2020,7
2020-07-15,0.16677070828331333,-0.0020398735775022494,-0.006664924627710922,0.004625051050208673,2020,7
2020-07-16,0.1472749099639856,-0.013310385575777794,-0.017275816094904195,0.0039654305191264005,2020,7
2020-07-17,0.07025210084033613,-0.042528206502370935,-0.04611505670898928,0.003586850206618343,2020,7
2020-07-20,-0.16763505402160866,-0.09711285015136689,-0.059486511012921815,-0.03762633913844508,2020,7
2020-07-21,-0.08417767106842736,-0.077705431712938,-0.07411602676309016,-0.0035894049498478436,2020,7
2020-07-22,-0.20096038415366146,-0.08077594476074426,-0.05959833320968384,-0.02117761155106042,2020,7
2020-07-23,-0.2785661121117965,-0.07045409474572426,-0.04079288213566727,-0.029661212610056983,2020,7
2020-07-24,-0.03231692677070828,-0.011265102277513284,0.004721014197360473,-0.015986116474873757,2020,7
2020-07-27,-0.0545991500553547,0.05168369169753197,0.044604883672455006,0.00707880802507696,2020,7
2020-07-28,-0.10727748568483939,0.012467644767240538,0.016485624320315806,-0.0040179795530752675,2020,7
2020-07-29,0.09070828331332531,0.006174524894734079,-0.008727605604330035,0.014902130499064114,2020,7
2020-07-30,0.053686763203066444,0.006712168682104114,0.0065412380035206105,0.00017093067858350332,2020,7
2020-07-31,0.05018007202881152,0.01061680756418939,-0.007510860663450314,0.018127668227639705,2020,7
2020-08-03,0.06103387838201919,-0.0005792736827541223,0.02290931994904023,-0.02348859363179435,2020,7
2020-08-04,0.28514490152040123,0.038960389235783974,-0.005401240972390054,0.044361630208174026,2020,7
2020-08-05,0.19573568981462552,0.014517829474267219,-0.00976581231009398,0.0242836417843612,2020,7
2020-08-06,-0.17546639780322432,0.024676800108880913,0.028277789413996966,-0.003600989305116053,2020,7
2020-08-07,-0.31160412023676043,-0.00203034308011909,0.07391773665757595,-0.07594807973769505,2020,7
2020-08-10,-0.14698679471788717,-0.007593754031175159,0.01274660647966005,-0.02034036051083521,2020,7
2020-08-11,-0.18301877815773526,0.0282861368623727,0.038327651183090186,-0.010041514320717485,2020,7
2020-08-12,-0.08398761077116566,-0.007550291685263244,0.02838702373781269,-0.03593731542307593,2020,7
2020-08-13,-0.41858343337334936,-0.03343822327800046,0.023176234662988526,-0.05661445794098899,2020,7
2020-08-14,-0.42012004801920766,-0.04515718550762167,0.005419192345680978,-0.05057637785330265,2020,7
2020-08-17,-0.12091526810851638,-0.006850386487682114,0.005933848455483648,-0.012784234943165763,2020,7
2020-08-18,-0.5079951980792317,-0.025676457689020292,0.02454129041352602,-0.05021774810254631,2020,7
2020-08-19,-0.16322120583830307,-0.020817604154935755,-0.00024944846411304453,-0.02056815569082271,2020,7
2020-08-20,-0.05623049219687875,-0.009784659473861035,0.006225999704754337,-0.016010659178615372,2020,7
2020-08-21,0.08888355342136854,0.0016612551915043295,-0.006800497120344151,0.00846175231184848,2020,7
2020-08-24,0.03419049678048596,-0.013934177473648234,-0.007075085021759397,-0.006859092451888837,2020,7
2020-08-25,0.1370053785674992,0.0016314017804418767,0.010716909653067253,-0.009085507872625376,2020,7
2020-08-26,0.18886861335645785,0.01885425916767882,0.0046690928012171114,0.014185166366461709,2020,7
2020-08-27,0.32539377678702225,0.010723592690513928,0.0009882258867088933,0.009735366803805035,2020,7
2020-08-28,0.14310067472731486,0.012140436672068922,0.004152271157246634,0.007988165514822287,2020,7
2020-08-31,0.05969074152099597,0.011410087328171125,0.011061676243490425,0.0003484110846806998,2020,7
2020-09-01,-0.08725509038105363,0.0031678462412087494,-0.009908691559505179,0.013076537800713928,2020,7
2020-09-02,0.04125246126833551,-0.001257222128742541,0.0036888207162104393,-0.00494604284495298,2020,7
2020-09-03,-0.21849264094271226,-0.01649831722548629,-0.0002469535304471915,-0.0162513636950391,2020,7
2020-09-04,0.08989411513071591,-0.02817518403015664,-0.0336875678459969,0.005512383815840259,2020,7
2020-09-07,0.32917957223347094,-0.0047966405681395315,-0.035587401799093456,0.030790761230953922,2020,7
2020-09-08,0.14304921968787515,-0.01746484609738993,-0.039338809718058296,0.021873963620668367,2020,7
2020-09-09,0.45866448977132984,-0.010052868397522719,-0.045581929336636205,0.03552906093911348,2020,7
2020-09-10,0.4195004924044904,0.020801642421280055,-0.004150953531898327,0.02495259595317838,2020,7
2020-09-11,0.29402866824005,-0.006716978158947629,-0.012854401991265196,0.006137423832317568,2020,7
2020-09-14,-0.0033134048846257466,-0.003612677457824376,-0.006307249102954482,0.002694571645130106,2020,7
2020-09-15,0.25243697478991595,0.014867576218734834,0.006341741266581847,0.008525834952152988,2020,7
2020-09-16,0.033374150649491216,0.0062929842092313,0.008463244842659179,-0.002170260633427878,2020,7
2020-09-17,0.07049388942942894,0.006510655779102837,0.004790710902216322,0.001719944876886515,2020,7
2020-09-18,0.1479471788715486,0.00013248507845001756,-0.005222184532301455,0.005354669610751472,2020,7
2020-09-21,0.265984777622348,0.006925006822992952,-0.0023740185055661665,0.009299025328559118,2020,7
2020-09-22,-0.10530612244897959,-0.006451440741481895,0.0004479206514319767,-0.006899361392913872,2020,7
2020-09-23,0.39198079231692673,0.02742731049243924,0.003612706709947189,0.02381460378249205,2020,7
2020-09-24,0.25206492537707786,0.014484909622385845,-0.007374717348195758,0.0218596269705816,2020,7
2020-09-25,0.3922783261233003,0.024051719922577076,0.010651789124033783,0.013399930798543293,2020,7
2020-09-28,0.06357895749629694,0.010410432212471088,-0.0005002174759627831,0.010910649688433872,2020,7
2020-09-29,-0.02885954381752701,0.00984976001669401,-0.001729044819397152,0.011578804836091161,2020,7
2020-09-30,-0.019639855942376952,0.003946383424708921,-0.0336257938915354,0.03757217731624432,2020,7
2020-10-05,-0.41800720288115245,-0.03604332415916909,-0.005897644011358183,-0.030145680147810907,2020,7
2020-10-06,-0.012677679615078789,-0.019068079682416916,-0.019699993933305217,0.0006319142508883005,2020,7
2020-10-07,-0.26521008403361346,-0.016394080000183185,0.009097469174075801,-0.025491549174258984,2020,7
2020-10-08,0.21378664559933078,0.008996478165432864,-0.003945529856940977,0.01294200802237384,2020,7
2020-10-12,0.4440442749004968,0.02439228343780987,-0.006815194813346604,0.031207478251156474,2020,7
2020-10-13,-0.21652380615619554,0.014365187283757585,0.03415687494328044,-0.019791687659522852,2020,7
2020-10-14,0.10444679228331957,0.018898050993199012,0.0022724141772997196,0.016625636815899292,2020,7
2020-10-15,-0.05061346012167444,0.0008771060236950845,0.0007943503341511949,8.275568954388966e-05,2020,7
2020-10-16,0.07054021608643457,0.013168641472507736,0.011783006592709843,0.0013856348797978927,2020,7
2020-10-19,0.09867947178871549,0.020948507151623073,0.012095454292204943,0.00885305285941813,2020,7
2020-10-20,-0.06598631335829495,0.004969829772405188,0.019152939687569127,-0.01418310991516394,2020,7
2020-10-21,-0.14909963985594235,0.009578433640063565,0.013979893326175575,-0.004401459686112009,2020,7
2020-10-22,0.2580072028811525,0.03493925646846461,0.00784444580200767,0.02709481066645694,2020,7
2020-10-23,0.013445700981089985,-0.00961907699466098,0.009194179410536662,-0.01881325640519764,2020,7
2020-10-26,-0.22915316100629077,-0.02613057530476657,0.00995458252364687,-0.03608515782841344,2020,7
2020-10-27,0.016278902259248232,-0.01462940972181589,-0.017846857450355726,0.003217447728539836,2020,7
2020-10-28,0.40317894799011256,0.015369650092612753,-0.011280800997780106,0.02665045109039286,2020,7
2020-10-29,0.0863426816208775,0.0030665166558699218,-0.0005126249743266365,0.0035791416301965582,2020,7
2020-10-30,0.25406962785114046,0.004541190999110145,-0.014345112917802405,0.01888630391691255,2020,7
2020-11-02,0.4615126050420168,0.020133408799015307,-0.0009916669767929375,0.021125075775808244,2020,7
2020-11-03,-0.07092436974789915,0.018707559602245117,0.02714769414402953,-0.008440134541784414,2020,7
2020-11-04,-0.12364945978391356,0.0009822806228949488,0.03097547813141697,-0.02999319750852202,2020,7
2020-11-05,-0.04729891956782713,0.006335147208602909,0.010332526875680615,-0.003997379667077705,2020,7
2020-11-06,0.22704571674277466,0.01882587447905424,0.007833276915592557,0.010992597563461683,2020,7
2020-11-09,-0.11428845833926489,-0.030418976047063395,-0.008614494763119174,-0.021804481283944223,2020,7
2020-11-10,0.22732838730171426,0.0014227505749957014,-0.022621150975007498,0.0240439015500032,2020,7
2020-11-11,0.049989195433266694,-0.006680366751248579,-0.01883378957482128,0.012153422823572702,2020,7
2020-11-12,0.16158463385354138,-0.011096914698945115,-0.02257259393789488,0.011475679238949767,2020,7
2020-11-13,0.19395889380796677,0.013035014086195052,-0.008052203706321936,0.021087217792516988,2020,7
2020-11-16,0.03174145838750172,0.03116832073034137,0.027736766476455576,0.003431554253885794,2020,7
2020-11-17,0.06367499821759043,-0.00458815654223621,0.001585835544691072,-0.006173992086927283,2020,7
2020-11-18,-0.020120048019207682,-0.0017744582988181157,0.015566353524475407,-0.01734081182329352,2020,7
2020-11-19,0.08634060844285642,0.04567357654589358,-0.0011313140375560748,0.04680489058344966,2020,7
2020-11-20,-0.08331332533013207,5.803738566740879e-05,0.03091286353917213,-0.03085482615350472,2020,7
2020-11-23,-0.17013205282112842,0.004732559116580093,0.04138256352912177,-0.03665000441254168,2020,7
2020-11-24,-0.22804321728691473,0.003030974723134572,0.015149840101555878,-0.012118865378421306,2020,7
2020-11-25,-0.006962952293778744,-0.004751790517467558,-0.008020263890108802,0.0032684733726412443,2020,7
2020-11-26,-0.38627578104245663,-0.01897789217138839,0.01834047804911352,-0.03731837022050191,2020,7
2020-11-27,-0.23477718017671917,-0.031790109492351545,-0.012342557664638732,-0.019447551827712815,2020,7
2020-11-30,-0.19890510971839526,-0.02947713042791681,0.0016187900320463688,-0.031095920459963178,2020,7
2020-12-01,-0.2471548619447779,-0.01880275602450453,-0.023978217918368905,0.005175461893864374,2020,7
2020-12-02,-0.192124849939976,0.0012965771677936444,-0.0004752082399114843,0.0017717854077051287,2020,7
2020-12-03,-0.18454224596546004,-0.003947296642916742,0.012647748839003669,-0.01659504548192041,2020,7
2020-12-04,0.16557420350999383,0.021698935171812185,0.00201034793611522,0.019688587235696966,2020,7
2020-12-07,0.09503001200480192,0.03128049034031799,0.014879961852424583,0.016400528487893407,2020,7
2020-12-08,0.15418967587034815,0.020510527551892577,0.01976075035669176,0.0007497771952008174,2020,7
2020-12-09,0.2318478681121227,0.01750528784412324,0.005512282113219269,0.011993005730903972,2020,7
2020-12-10,-0.15515751074363474,0.008005778184424207,0.031004312306617866,-0.02299853412219366,2020,7
2020-12-11,0.16307714475636284,0.024912302488427317,0.010380013190253468,0.014532289298173849,2020,7
2020-12-14,-0.03202881152460984,0.00220243991661957,0.02851013262201533,-0.02630769270539576,2020,7
2020-12-15,0.013733823144970486,-0.0018870247406732044,0.0014372327822072873,-0.0033242575228804917,2020,7
2020-12-16,0.455078031212485,0.016070190067375766,-0.006306708147538398,0.022376898214914162,2020,7
2020-12-17,0.22348675844997426,-5.2765392536158194e-05,-0.0004184849808624658,0.0003657195883263076,2020,7
2020-12-18,0.19769507803121247,0.009080683525638466,0.04622979914036677,-0.037149115614728306,2020,7
2020-12-21,0.11131386874148723,0.015690441917690943,0.006596356501121681,0.009094085416569263,2020,7
2020-12-22,0.341656662665066,0.011023738510914038,0.03607141225723319,-0.025047673746319152,2020,7
2020-12-23,0.0843237532956929,0.018444763416337783,0.04021342212339394,-0.021768658707056156,2020,7
2020-12-24,-0.23050326572870525,-0.009297379319247512,0.026014317199294302,-0.03531169651854181,2020,7
2020-12-25,-0.17508223491805033,-0.009959870530235327,0.06938780202592873,-0.07934767255616405,2020,7
2020-12-28,-0.3753271388149977,-0.05023294535426518,-0.009760622343721192,-0.04047232301054399,2020,7
2020-12-29,-0.1853105717358081,-0.04905231372218825,-0.03367458628224248,-0.015377727439945768,2020,7
2020-12-30,-0.042785114045618244,-0.07733682056477208,-0.07412768139307944,-0.003209139171692632,2020,7
2020-12-31,-0.22540757287584426,-0.051369620305203,-0.018139709313019982,-0.03322991099218302,2020,7
2021-01-04,-0.014261704681872748,-0.05099081471477849,-0.04690811176861329,-0.004082702946165195,2021,7
2021-01-05,-0.03654261704681872,-0.07458398446568644,-0.03195295688528658,-0.04263102758039986,2021,7
2021-01-06,-0.11068427370948379,-0.038407968897236425,-0.034019848435227575,-0.00438812046200885,2021,7
2021-01-07,-0.04509003601440576,-0.013615179532378141,-0.017185227212355547,0.0035700476799774058,2021,7
2021-01-08,0.03490996398559423,-0.05985815399551878,-0.0271536982249041,-0.032704455770614684,2021,7
2021-01-11,0.08249897959111643,-0.0036781330779198764,-0.03389120243721279,0.030213069359292914,2021,7
2021-01-12,-0.10424969987995197,-0.07032920984031868,-0.04455005570115931,-0.02577915413915937,2021,7
2021-01-13,0.042881152460984395,-0.07844237955645063,-0.06966398192480763,-0.008778397631642995,2021,7
2021-01-14,0.3461787799024204,-0.04096579152610704,-0.06607147123240223,0.025105679706295188,2021,7
2021-01-15,0.21565426170468185,-0.0291646394468977,-0.04763973847228202,0.01847509902538432,2021,7
2021-01-18,0.046530612244897955,-0.02289890442111874,-0.01586406842826913,-0.007034835992849608,2021,7
2021-01-19,0.28364945978391354,0.028057187581564624,-0.0016612996052171702,0.029718487186781793,2021,7
2021-01-20,0.13056422569027612,0.019926166033568015,0.017180237466394167,0.0027459285671738477,2021,7
2021-01-21,0.18031212484993997,0.05815929288242237,0.021248809845349447,0.03691048303707292,2021,7
2021-01-22,0.059495798319327726,0.03425596927268978,0.013377158855591232,0.020878810417098548,2021,7
2021-01-25,-0.014357743097238897,-0.017493750177351684,-0.015282237845830627,-0.0022115123315210577,2021,7
2021-01-26,0.0052340936374549825,-0.009806644840647449,-0.019845167577562196,0.010038522736914747,2021,7
2021-01-27,0.0683313325330132,-0.008872478484836655,-0.02177700483777171,0.012904526352935054,2021,7
2021-01-28,0.30785114045618245,0.000628351849226949,-0.03061773620673187,0.03124608805595882,2021,7
2021-01-29,0.4776470588235293,0.005267623160402623,-0.05964912629516435,0.06491674945556697,2021,7
2021-02-01,0.18732292917166865,0.01629025068871659,-0.01640321989477391,0.0326934705834905,2021,7
2021-02-02,-0.31755102040816324,-0.009019758203054385,0.024835453036405795,-0.033855211239460184,2021,7
2021-02-03,-0.04240096038415366,0.0002676156241027572,0.03862790178286528,-0.038360286158762524,2021,7
2021-02-04,-0.28816326530612246,0.008666268611927597,0.06701798872291163,-0.05835172011098404,2021,7
2021-02-05,-0.03476757591407971,0.047001679958751076,0.05667853479179593,-0.009676854833044854,2021,7
2021-02-17,-0.3224489795918367,0.026283049500969623,0.08231376438811795,-0.05603071488714833,2021,7
2021-02-18,-0.28797118847539016,-0.0016295415802972668,0.05595082502746253,-0.057580366607759795,2021,7
2021-02-19,-0.47092436974789914,-0.0003348527748620711,0.044599550670163926,-0.044934403445026,2021,7
2021-02-22,-0.07025210084033613,0.006356944485002747,0.02497164553824218,-0.018614701053239435,2021,7
2021-02-23,-0.3132292917166867,-0.011573552975335976,0.018216828504578265,-0.02979038147991424,2021,7
2021-02-24,-0.5346938775510204,-0.01868665057020923,0.04063624468122558,-0.059322895251434804,2021,7
2021-02-25,-0.028187274909963984,-0.007236029926185761,0.0029628074253449043,-0.010198837351530664,2021,7
2021-02-26,0.17427844291115754,0.026976135416110582,0.003778072748606853,0.023198062667503728,2021,7
2021-03-02,-0.2004801920768307,-0.015980521886730947,0.024313265154597686,-0.04029378704132863,2021,7
2021-03-03,-0.2661704681872749,-0.019774086695782234,0.012898202106004808,-0.03267228880178704,2021,7
2021-03-04,0.166578631452581,0.0001741675756679939,-0.0019266855518543346,0.0021008531275223284,2021,7
2021-03-05,-0.2737575030012005,0.010439190734417726,0.01358366761045977,-0.0031444768760420447,2021,7
2021-03-08,0.19942376950780313,0.007071682499270271,-0.004112535715994925,0.011184218215265197,2021,7
2021-03-09,0.4697719087635054,0.020402739962101114,-0.010175829420724768,0.030578569382825882,2021,7
2021-03-10,0.21316238091092304,0.006064895840726369,-0.008850100042639874,0.014914995883366243,2021,7
2021-03-11,0.1915051982592388,0.020656531289365777,-0.004065461639830304,0.02472199292919608,2021,7
2021-03-12,0.22295318127250902,0.059483155216424034,0.010870639872074307,0.048612515344349724,2021,7
2021-03-15,0.14545367239900558,0.0174092301828895,0.00022680731611000038,0.017182422866779498,2021,7
2021-03-16,-0.027130852340936373,0.031932959693255616,0.020318850961378754,0.011614108731876863,2021,7
2021-03-17,-0.1891041802269013,0.014766242324291001,0.027668240387120856,-0.012901998062829855,2021,7
2021-03-18,0.0848499399759904,0.02109954620277118,0.012709540429041887,0.008390005773729291,2021,7
2021-03-19,0.5073229291716687,0.01991610577384866,-0.015085279558938491,0.03500138533278715,2021,7
2021-03-22,0.07361344537815126,0.019029682044468255,0.011125304691794268,0.007904377352673986,2021,7
2021-03-23,0.1974597229794358,0.022864071909924833,0.0023624994372013265,0.020501572472723505,2021,7
2021-03-24,0.1345018007202881,-0.004700655267453202,-0.009830458659590391,0.0051298033921371895,2021,7
2021-03-25,0.3528931572629051,0.0576972682571968,-0.018024264977667116,0.07572153323486391,2021,7
2021-03-26,0.009555822328931571,-0.020299933628772027,0.00368691118169443,-0.023986844810466458,2021,7
2021-03-29,0.1732052821128451,0.027990541638613177,0.0006464061908235452,0.02734413544778963,2021,7
2021-03-30,0.08072028811524609,0.05536152876799753,0.010580373738652749,0.04478115502934478,2021,7
2021-03-31,-0.12811832220552888,-0.01678814266710671,-2.5006006165861906e-05,-0.01676313666094085,2021,7
2021-04-01,-0.07015606242496998,0.011563175219969014,0.01339039054927844,-0.001827215329309427,2021,7
2021-04-07,0.17690700862262684,0.04867978541475524,0.0034269267019156335,0.04525285871283961,2021,7
2021-04-08,-0.0035054863272127464,0.03017509734773254,0.003552414111805224,0.026622683235927314,2021,7
2021-04-09,0.12480192076830732,0.04433627664765839,-0.002363625371990108,0.0466999020196485,2021,7
2021-04-12,-0.32849939975990394,0.000798344906719839,0.017493286109374385,-0.016694941202654547,2021,7
2021-04-13,0.1735936037380011,0.040478726861113125,0.006953089840628601,0.03352563702048452,2021,7
2021-04-14,0.030876350540216087,0.013276716002572641,0.01340094952642309,-0.00012423352385044877,2021,7
2021-04-15,0.17944777911164464,0.11310958381342129,0.013831864023956208,0.09927771978946508,2021,7
2021-04-16,0.2560864345738295,0.04631944594787252,0.007769796963825737,0.03854964898404678,2021,7
2021-04-19,0.1721488595438175,0.04513922794781787,0.0025688690577903017,0.04257035889002757,2021,7
2021-04-20,0.27250900360144054,0.06489187243920527,0.013149151935722914,0.05174272050348236,2021,7
2021-04-21,0.13354141656662666,0.014994760880805647,0.007482050422541053,0.0075127104582645935,2021,7
2021-04-22,0.2644417767106843,0.03681417138194425,-0.006034120064316939,0.042848291446261184,2021,7
2021-04-23,0.055078031212484994,0.08542821190339926,0.021839202539401793,0.06358900936399747,2021,7
2021-04-26,0.07764705882352942,0.0112978604446354,-0.016713828445866153,0.028011688890501554,2021,7
2021-04-27,-0.24523409363745496,0.011693378116360776,0.011451175814866887,0.00024220230149388927,2021,7
2021-04-28,0.1061704681872749,0.032011267060798335,-0.0010187926396021617,0.033030059700400495,2021,7
2021-04-29,-0.05094837935174069,-0.003997159137936235,1.3597573166956866e-05,-0.004010756711103192,2021,7
2021-05-03,-0.34501800720288117,-0.02758599705698488,0.017126813159650256,-0.04471281021663513,2021,7
2021-05-04,-0.059641287923263446,-0.001487686154497092,0.021458862473095107,-0.022946548627592198,2021,7
2021-05-05,-0.4933013205282113,-0.0487220186942194,0.008239217170334689,-0.056961235864554094,2021,7
2021-05-06,-0.25493397358943576,-0.0206593087520353,0.011930351481843926,-0.03258966023387923,2021,7
2021-05-07,-0.15879951980792315,-0.03379414273854455,-0.03634288741792885,0.0025487446793842974,2021,7
2021-05-10,0.05546218487394958,0.006011480369872535,-0.005900365882451919,0.011911846252324453,2021,7
2021-05-11,0.20614645858343336,-0.004153122381180219,-0.037031260319675165,0.03287813793849494,2021,7
2021-05-12,0.028284671565459874,-0.011986168321536827,-0.01918663630841515,0.007200467986878324,2021,7
2021-05-13,0.13776710684273707,0.018588500102822304,-0.016597484776889382,0.03518598487971168,2021,7
2021-05-14,0.569267707082833,0.1246294577749332,-0.017334964019036413,0.14196442179396962,2021,7
2021-05-17,0.5536134453781512,0.13459201857621456,-0.00740943290425935,0.1420014514804739,2021,7
2021-05-18,-0.12667771138612635,0.0173508022603016,0.02810523993317219,-0.010754437672870588,2021,7
2021-05-19,0.12576230492196877,0.02802945195993616,0.018117199570631883,0.009912252389304276,2021,7
2021-05-20,0.20825930372148857,0.0468632500598404,-0.008548094125636351,0.055411344185476746,2021,7
2021-05-21,0.04816326530612245,0.02523261641118746,0.006823046712518965,0.018409569698668492,2021,7
2021-05-24,0.06372148859543818,0.011637185183679321,0.011696254959725216,-5.906977604589435e-05,2021,7
2021-05-25,0.28989195678271307,0.07548527901862967,-0.008937683509821714,0.08442296252845138,2021,7
2021-05-26,0.1572666811181061,0.001167182244857423,-0.001435881715450793,0.002603063960308216,2021,7
2021-05-27,-0.29181272509003603,-0.014907388858088223,0.022991305978912614,-0.03789869483700084,2021,7
2021-05-28,-0.28029484509507946,-0.008646565983972931,0.0034591756047644417,-0.012105741588737373,2021,7
2021-05-31,0.12009603841536615,0.010432701242547993,0.004656305094727265,0.005776396147820728,2021,7
2021-06-01,0.13546218487394956,0.012831830862366733,0.005616570678838773,0.00721526018352796,2021,7
2021-06-02,0.24029965452217522,0.018923057853911907,0.007208405953873643,0.011714651900038264,2021,7
2021-06-03,-0.03327810992819771,0.002431924735497504,-0.004955835057116287,0.007387759792613791,2021,7
2021-06-04,0.15092436974789916,0.01604204116883574,-0.008163055552947019,0.02420509672178276,2021,7
2021-06-07,0.14141656662665067,0.011074430158232118,-0.021550401668106522,0.03262483182633864,2021,7
2021-06-08,-0.015894357743097238,-0.027585715526808875,-0.017350430322609967,-0.010235285204198908,2021,7
2021-06-09,0.3030492196878751,0.02064961283896264,-0.025341160217963576,0.04599077305692621,2021,7
2021-06-10,0.41867947178871545,0.10350200676477024,-0.017955210661464126,0.12145721742623436,2021,7
2021-06-11,0.268859543817527,0.051994024616659286,0.003298590027008064,0.04869543458965122,2021,7
2021-06-15,0.31284513805522207,0.08925681970149221,0.00822323493208752,0.0810335847694047,2021,7
2021-06-16,0.5005042016806722,0.06022951550959048,0.0015713850365939642,0.05865813047299651,2021,7
2021-06-17,0.2053781512605042,0.09051399322550963,0.03667428247770541,0.05383971074780421,2021,7
2021-06-18,0.08974789915966387,0.014966297585137811,0.034381620888323694,-0.019415323303185884,2021,7
2021-06-21,0.3305320783711102,0.016673031914481096,0.009826746106800167,0.00684628580768093,2021,7
2021-06-22,0.10991596638655461,0.005083156660306909,0.019679071566981853,-0.014595914906674945,2021,7
2021-06-23,0.1276411833972705,0.13901168758458887,-0.0053558045971940915,0.14436749218178296,2021,7
2021-06-24,0.17349339735894356,0.02151979801243744,0.0014594136688389158,0.020060384343598525,2021,7
2021-06-25,0.18569027611044414,0.0383725459671604,-0.005194440093089581,0.04356698606024998,2021,7
2021-06-28,0.12672268907563025,0.005307717813836344,-0.005627140656634588,0.010934858470470932,2021,7
2021-06-29,0.2068187274909964,0.0001606859099301361,0.003701613033942597,-0.0035409271240124606,2021,7
2021-06-30,0.23399759903961587,0.0031355604127537573,0.011835805901077334,-0.008700245488323577,2021,7
2021-07-01,0.09656662665066026,0.03469081068337472,0.0102715217616963,0.02441928892167842,2021,7
2021-07-02,-0.10665066026410563,-0.006657713006142141,0.010894617503806502,-0.017552330509948644,2021,7
2021-07-05,0.013493397358943579,-0.012320992525783924,-0.0037434665695653124,-0.008577525956218612,2021,7
2021-07-06,-0.3574069627851141,-0.06351407819333493,0.005917310441148171,-0.0694313886344831,2021,7
2021-07-07,-0.42962785114045615,-0.0769665119789203,0.004319390736062423,-0.08128590271498272,2021,7
2021-07-08,-0.19548619447779111,-0.03554115003473006,-0.0013603061484191326,-0.03418084388631093,2021,7
2021-07-09,-0.2507082833133253,-0.016537380871328645,0.001497758136046179,-0.018035139007374825,2021,7
2021-07-12,-0.20240096038415364,-0.01265865045434238,0.011548446214951935,-0.024207096669294315,2021,7
2021-07-13,0.1956782713085234,0.027964205418038613,0.005832856354005367,0.022131349064033246,2021,7
2021-07-14,0.022328931572629048,0.009988652127131726,0.016068334206392466,-0.00607968207926074,2021,7
2021-07-15,0.12019496269881513,0.004625291261151909,-0.00362282091272913,0.00824811217388104,2021,7
2021-07-16,0.023001200480192076,-0.0019366253645345388,-0.011160393858449113,0.009223768493914574,2021,7
2021-07-19,-0.025210689339543724,0.013448711139420177,0.008624658215870506,0.004824052923549671,2021,7
2021-07-20,-0.3454021608643457,-0.06185024119760638,0.01297260314038784,-0.07482284433799422,2021,7
2021-07-21,-0.05402160864345738,-0.0212951668430028,-0.008909407721450135,-0.012385759121552665,2021,7
2021-07-22,-0.19308523409363745,-0.01922359404791236,0.01584949274525853,-0.03507308679317089,2021,7
2021-07-23,-0.20470588235294118,-0.024601895620148428,-0.0004661137080806732,-0.024135781912067753,2021,7
2021-07-26,-0.1228811524609844,-0.014633199236559157,0.002698725768474719,-0.017331925005033878,2021,7
2021-07-27,0.13843937575030013,0.02009793420768937,-0.012422226545219895,0.03252016075290927,2021,7
2021-07-28,0.19615846338535411,0.01567525574168499,-0.013429969349671144,0.029105225091356136,2021,7
2021-07-29,-0.057096208808985686,-0.02296413410647049,-0.01490909661741402,-0.00805503748905647,2021,7
2021-07-30,0.16639454494790912,0.0328002169507083,0.0008965269211991145,0.031903690029509185,2021,7
2021-08-02,-0.030492196878751498,0.0027062732068493635,-0.00621544071924055,0.008921713926089914,2021,7
2021-08-03,-0.00936374549819928,0.006750314890342712,-0.013994774554874379,0.02074508944521709,2021,7
2021-08-04,0.2,0.014412957496164303,-0.01928612865956856,0.03369908615573286,2021,7
2021-08-05,0.19011260780048303,0.02184756426439357,-0.010005345005965116,0.031852909270358686,2021,7
2021-08-06,-0.026315789504027184,-0.025637599901568886,-0.03581104457265351,0.010173444671084622,2021,7
2021-08-09,-0.36345738295318125,-0.03456135114083765,0.00023298110870649812,-0.034794332249544146,2021,7
2021-08-10,-0.5040576230492196,-0.03545217780813161,0.006129880860201142,-0.041582058668332755,2021,7
2021-08-11,-0.00475390156062425,0.015866470626163698,0.006113326472225999,0.009753144153937698,2021,7
2021-08-12,0.1732052821128451,0.020308241373925208,-0.011399142380113924,0.03170738375403913,2021,7
2021-08-13,0.1613964321337266,0.024332710385987954,0.020003192268879044,0.00432951811710891,2021,7
2021-08-16,0.4192557022809123,0.05898906558670447,-0.00460196535454187,0.06359103094124634,2021,7
2021-08-17,0.41998607421647505,0.058869249477790916,-4.0090937808323623e-05,0.05890934041559924,2021,7
2021-08-18,0.027515006002400956,-0.0061896940112637685,0.009130344355296383,-0.015320038366560151,2021,7
2021-08-19,0.24619447779111645,0.02011246146132121,-0.017648494120289248,0.03776095558161045,2021,7
2021-08-20,0.058343337334933965,-0.022647443128721568,-0.004382065307249938,-0.01826537782147163,2021,7
2021-08-23,0.16513805522208885,-0.006231122239259224,-0.023691526720373935,0.01746040448111471,2021,7
2021-08-24,0.03788715486194477,-0.019955771518882115,-0.030739863312524717,0.010784091793642602,2021,7
2021-08-25,-0.013589435774309724,-0.013322690265555225,-0.015156827538071294,0.0018341372725160683,2021,7
2021-08-26,0.1543817527010804,0.0033145824087093324,-0.007884784996206318,0.01119936740491565,2021,7
2021-08-27,-0.0034093637454981987,-0.03703693747335769,-0.01319707180429891,-0.023839865669058782,2021,7
2021-08-30,0.025018007202881155,-0.06565968568410455,-0.027287453186033806,-0.038372232498070744,2021,7
2021-08-31,0.04979591836734694,-0.03231045909805722,-0.02761281398898774,-0.004697645109069483,2021,7
2021-09-01,0.42501800720288113,0.0024875548813370397,-0.012371265755915396,0.014858820637252435,2021,7
2021-09-02,-0.03481392557022809,-0.020681834605186643,-0.0195644581057693,-0.001117376499417344,2021,7
2021-09-03,0.34377776187008285,0.03070572973581843,-0.01275938449541979,0.04346511423123822,2021,7
2021-09-06,0.24475390156062424,0.051007326323651334,0.01270522005574386,0.038302106267907476,2021,7
2021-09-07,-0.19030012004801922,0.00041905708384789577,0.009782044472875817,-0.00936298738902792,2021,7
2021-09-08,-0.09608643457382952,0.0008803370889064021,0.012853128498217847,-0.011972791409311446,2021,7
2021-09-09,-0.14055222088835534,0.010310756284218136,0.01830338949230701,-0.007992633208088875,2021,7
2021-09-10,0.006002400960384154,0.0020010865448200966,0.010575738733051,-0.008574652188230903,2021,7
2021-09-13,-0.14429771908763506,0.017325695099972827,0.018900864777908,-0.001575169677935171,2021,7
2021-09-14,0.10693877551020407,0.033603480897202075,0.02871807073739,0.004885410159812073,2021,7
2021-09-15,-0.026554621848739496,0.011684511073777725,0.014822146965712425,-0.0031376358919346994,2021,7
2021-09-16,-0.31572629051620643,-0.019804638807157625,0.008866152859745503,-0.028670791666903127,2021,7
2021-09-17,0.11433373349339734,0.00016881463103732842,-0.013309700757788645,0.013478515388825973,2021,7
2021-09-22,-0.24764099985528948,-0.0033411264591657218,0.007994391509489862,-0.011335517968655583,2021,7
2021-09-23,-0.40062424969988,-0.025643786035101312,-0.00039807062729061424,-0.025245715407810697,2021,7
2021-09-24,-0.07303721488595438,-0.01791280307940023,-0.018501925736835567,0.0005891226574353363,2021,7
2021-09-27,-0.5251860744297718,-0.041199496469992436,0.030239919875063925,-0.07143941634505636,2021,7
2021-09-28,-0.604609843937575,-0.05600357069743974,0.015695430284673927,-0.07169900098211367,2021,7
2021-09-29,-0.5930852340936374,-0.05699397737644949,0.01877759202903385,-0.07577156940548334,2021,7
2021-09-30,-0.35855942376950783,-0.02393409082167689,0.009680166526586199,-0.033614257348263094,2021,7
2021-10-01,-0.3381032412965186,-0.02906141224125578,0.013914100864671519,-0.0429755131059273,2021,7
2021-10-04,0.04739495798319327,0.0012644621019385683,-0.001845545826119277,0.0031100079280578456,2021,7
2021-10-05,-0.4218487394957983,-0.038132632630043795,0.013878860756435019,-0.05201149338647881,2021,7
2021-10-06,-0.1725330132052821,-0.011881072998661524,-0.001374200963499339,-0.010506872035162186,2021,7
2021-10-07,-0.15255702280912364,-0.0455066224330273,-0.019046423671157296,-0.026460198761870002,2021,7
2021-10-08,-0.21891956782713082,-0.03477386052736098,-0.022726897107251197,-0.012046963420109781,2021,7
2021-10-12,0.2401440576230492,-0.005364694513632595,-0.033742902847308534,0.02837820833367594,2021,7
2021-10-13,0.2994957983193277,0.021710379516570844,-0.014265127415219948,0.03597550693179079,2021,7
2021-10-14,0.23572629051620647,0.013695813616014718,-0.01224167576979388,0.025937489385808598,2021,7
2021-10-15,-0.14304921968787515,-0.009218737155329892,0.009581351620039669,-0.01880008877536956,2021,7
2021-10-18,0.3649547409152996,0.02055516694617343,0.015491670359854959,0.005063496586318472,2021,7
2021-10-19,-0.22496998799519805,0.009095727276346444,0.02098172343879364,-0.011885996162447197,2021,7
2021-10-20,-0.09426170468187275,-0.0012164391753299974,0.02079776426577997,-0.022014203441109968,2021,7
2021-10-21,0.31899159663865545,0.04026017367779948,0.001973120402016393,0.038287053275783085,2021,7
2021-10-22,0.3307082833133253,0.05510712107213458,0.016450919202555824,0.03865620186957876,2021,7
2021-10-25,0.07414343683858193,0.03150113799216279,0.017321428355306832,0.014179709636855956,2021,7
2021-10-26,0.17738721222909432,0.03605297874481389,0.0037983413320362923,0.0322546374127776,2021,7
2021-10-27,0.21210084033613444,0.08626953042185857,0.0032321462898386557,0.08303738413201991,2021,7
2021-10-28,0.043937575030012,0.03753829800727302,0.016515127709669918,0.021023170297603103,2021,7
2021-10-29,-0.21046818727490996,0.001035606545284673,0.05718310699145562,-0.05614750044617095,2021,7
2021-11-01,0.02415366146458583,0.01288888271922627,0.032501765639925496,-0.019612882920699227,2021,7
2021-11-02,0.025402160864345734,0.010347729328749023,0.012002015014997569,-0.001654285686248546,2021,7
2021-11-03,0.14737094837935172,-0.004477459405637563,0.000956838935250448,-0.005434298340888011,2021,7
2021-11-04,0.15755102040816327,0.02014365601435488,0.0024574047975928657,0.017686251216762015,2021,7
2021-11-05,-0.026123076191831976,0.02181429120104731,0.012682682478489849,0.009131608722557461,2021,7
2021-11-08,0.04201680672268907,0.02998351291451058,0.013486454504634959,0.01649705840987562,2021,7
2021-11-09,-0.07995390047683867,0.0034455819963169374,0.015030222647822855,-0.011584640651505919,2021,7
2021-11-10,-0.18060024009603842,-0.002246605554834824,0.02780203441854905,-0.030048639973383872,2021,7
2021-11-11,-0.0114765906362545,-0.004967325491631447,-0.0011380772089888303,-0.003829248282642617,2021,7
2021-11-12,0.20096038415366146,-0.0007885548320915147,-0.015521864484619063,0.01473330965252755,2021,7
2021-11-15,-0.17608643457382953,0.012355433359471635,0.006790317370614996,0.00556511598885664,2021,7
2021-11-16,0.1669627851140456,-0.008361613108239806,-0.009344641565194434,0.0009830284569546273,2021,7
2021-11-17,0.037791116446578635,0.01311326725949139,0.004756794304142387,0.008356472955349003,2021,7
2021-11-18,0.07563025210084032,0.022322496321667405,0.007784189789883966,0.01453830653178344,2021,7
2021-11-19,0.16744297719087634,0.0028026726350000365,0.00016560929811999526,0.002637063336880041,2021,7
2021-11-22,0.19577430972388954,0.020223403123061444,0.002066468036590341,0.018156935086471104,2021,7
2021-11-23,0.09762304921968785,-0.0005425305779212964,0.003477654396486074,-0.00402018497440737,2021,7
2021-11-24,0.21123649459783914,-0.0019529772062719108,-0.016313838560216443,0.014360861353944532,2021,7
2021-11-25,0.06477791116446578,-0.007896907272575294,-0.011579137827790086,0.0036822305552147924,2021,7
2021-11-26,0.45315726290516206,0.04667172804621328,-0.012029398898572163,0.058701126944785444,2021,7
2021-11-29,0.2691476590636255,0.017177179192225146,-0.015389353413252715,0.03256653260547786,2021,7
2021-11-30,-0.37374246691365487,-0.005459787750673106,0.047595504230300366,-0.053055291980973474,2021,7
2021-12-01,0.31847867881516106,0.04929893098429543,-0.0013984649740826026,0.05069739595837803,2021,7
2021-12-02,0.19106842737094837,0.04245479537808483,0.012553725359476676,0.029901070018608155,2021,7
2021-12-03,0.07207683073229292,0.020058367362306616,0.01291168906773501,0.007146678294571605,2021,7
2021-12-06,-0.196062424969988,0.0005547908132755408,0.008476020942703433,-0.007921230129427893,2021,7
2021-12-07,-0.40999783920195104,-0.009529403534002135,0.00847770471842848,-0.018007108252430615,2021,7
2021-12-08,0.29907080610795866,-0.0012757939840456812,-0.007980564471403318,0.006704770487357637,2021,7
2021-12-09,0.013685474189675868,0.0032645803374025894,-0.002969094574736908,0.006233674912139497,2021,7
2021-12-10,-0.11337334933973588,-0.00415762076645867,0.003689062423733991,-0.00784668319019266,2021,7
2021-12-13,0.07140456182472989,-0.00358662221232523,-0.009975756331947461,0.006389134119622232,2021,7
2021-12-14,0.3202400960384153,0.02632086312214992,0.013406516273112633,0.012914346849037285,2021,7
2021-12-15,-0.1670588235294118,0.010544954111105943,0.0005243904983378567,0.010020563612768086,2021,7
2021-12-16,0.23707082833133256,0.029189388850206853,0.000774749327240376,0.028414639522966478,2021,7
2021-12-17,0.2556062424969988,0.020169555229565893,0.001431865590378456,0.018737689639187437,2021,7
2021-12-20,0.4226170468187274,0.015804424371324045,-0.016703978555060995,0.032508402926385044,2021,7
2021-12-21,-0.10693877551020407,0.0008964029427729004,-0.0031560541551493015,0.004052457097922202,2021,7
2021-12-22,-0.28226367988159623,-0.01617297878021362,-0.002002933258426798,-0.014170045521786823,2021,7
2021-12-23,-0.21383466595997755,-0.008808922792927299,-0.0039844934748997085,-0.00482442931802759,2021,7
2021-12-24,0.011860744297719087,-0.027306661497947714,-0.022798739992689852,-0.004507921505257861,2021,7
2021-12-27,-0.15664241642969834,-0.041622813024853655,-0.04316052417565021,0.001537711150796553,2021,7
2021-12-28,-0.02991668468292522,-0.013252203950903397,-0.022598957183253842,0.009346753232350445,2021,7
2021-12-29,-0.13238895558223288,-0.020898586257260286,-0.015949901155563162,-0.004948685101697124,2021,7
2021-12-30,-0.17095248390242984,-0.03348847600985222,-0.01551517265257436,-0.01797330335727786,2021,7
2022-01-03,-0.33935174069627844,-0.035140524766627566,-0.0040039872950111575,-0.031136537471616408,2022,7
2022-01-04,0.06362545018007203,-0.0018540704952948795,-0.016802177837277332,0.014948107341982453,2022,7
2022-01-05,-0.26737736808110374,-0.03575014657741171,-0.0064564376441596846,-0.029293708933252026,2022,7
2022-01-06,-0.45277310924369746,-0.058021625896680105,-0.0053924943434334625,-0.052629131553246646,2022,7
2022-01-07,-0.4582472989195678,-0.07555772940143585,-0.019605225250396652,-0.055952504151039195,2022,7
2022-01-10,-0.18348139255702278,-0.06032603120696802,-0.026557850726667543,-0.033768180480300475,2022,7
2022-01-11,-0.10818727490996398,-0.019551549977512028,-0.004359940175618615,-0.015191609801893413,2022,7
2022-01-12,-0.24645232613704274,-0.03179338780487897,0.00032342830498243157,-0.0321168161098614,2022,7
2022-01-13,0.09253301320528211,0.0034837764817673865,0.004899549484802157,-0.0014157730030347707,2022,7
2022-01-14,0.207875150060024,0.03908885269048493,-0.006653724451056264,0.045742577141541195,2022,7
2022-01-17,0.0168547418967587,3.88020177235382e-05,0.007929843951689386,-0.007891041933965847,2022,7
2022-01-18,-0.08801920768307324,-0.016605351845124017,-0.00024225037813285777,-0.01636310146699116,2022,7
2022-01-19,-0.07082833133253301,-0.017881582743716883,-0.005150042632749685,-0.012731540110967198,2022,7
2022-01-20,0.30516206482593033,0.003794160747712805,-0.028987688054497862,0.03278184880221067,2022,7
2022-01-21,0.40072028811524607,0.04622485480922513,-0.026506305319562218,0.07273116012878734,2022,7
2022-01-24,0.45201565476785727,0.053954040579284636,0.0018560321017986325,0.052098008477486,2022,7
2022-01-25,0.3404081632653061,0.0244312816570726,-0.009269306117621844,0.033700587774694445,2022,7
2022-01-26,0.1433373349339736,0.03336590638726707,0.020654540038853763,0.01271136634841331,2022,7
2022-02-07,-0.20432663455192104,0.000248801496019313,0.0467391976888807,-0.04649039619286138,2022,7
2022-02-08,-0.0010084033613445378,0.0012379206396124554,0.026613187091557067,-0.02537526645194461,2022,7
2022-02-09,-0.10108043217286913,0.007331879531059593,0.01898675119723129,-0.011654871666171697,2022,7
2022-02-10,0.08331332533013207,0.023708937324379297,0.007934719216374541,0.015774218108004757,2022,7
2022-02-11,-0.033373349339735896,0.0026479024557463315,0.04447667990786717,-0.04182877745212084,2022,7
2022-02-14,-0.07861121791622719,0.019589149386283467,0.02130554234579988,-0.0017163929595164114,2022,7
2022-02-15,-0.04979591836734694,0.009186638975308603,0.011749807377805243,-0.0025631684024966395,2022,7
2022-02-16,0.3583673469387755,0.011782934078092755,-0.010869313913559641,0.022652247991652396,2022,7
2022-02-17,0.2883211682156555,0.027060493029923784,0.001881611379158632,0.02517888165076515,2022,7
2022-02-18,-0.06055222088835534,0.0033419196338967173,0.010513401788615174,-0.007171482154718457,2022,7
2022-02-21,0.1453576316777121,0.01891094497267256,0.01619252245652497,0.002718422516147588,2022,7
2022-02-22,0.1466986794717887,0.01508806770947082,0.018918528555578094,-0.0038304608461072736,2022,7
2022-02-23,0.07130852340936374,0.03846114564661918,0.016787051400635754,0.021674094245983423,2022,7
2022-02-24,-0.13359264331925835,-0.00210170666602415,0.013511726700523497,-0.015613433366547646,2022,7
2022-02-25,-0.08725090036014405,0.0008841375298477949,0.006081052756510263,-0.005196915226662468,2022,7
2022-03-01,0.24024009603841537,0.009998643726361,-0.0018775037075794531,0.011876147433940453,2022,7
2022-03-02,0.11519807923169266,0.015578732884215274,0.0006112272827854537,0.01496750560142982,2022,7
2022-03-03,-0.0022569027611044415,-0.005317928103967351,-0.0007548799777942095,-0.0045630481261731415,2022,7
2022-03-04,-0.2966146458583433,-0.00013925267598902114,0.02001305066437591,-0.02015230334036493,2022,7
2022-03-07,0.14828687367716387,0.04602220569109624,0.027358061727886962,0.018664143963209277,2022,7
2022-03-08,-0.12345738295318126,0.018816356432406568,0.00862685621435474,0.010189500218051829,2022,7
2022-03-09,-0.43270108043217287,-0.01119250820251858,0.03134853096726912,-0.0425410391697877,2022,7
2022-03-10,-0.41781512605042015,0.007810602055768112,0.02573379622439228,-0.017923194168624167,2022,7
2022-03-11,-0.30842737094837935,-0.03262171213890201,0.0048933772489704545,-0.037515089387872465,2022,7
2022-03-14,-0.25195678271308525,-0.013854176895777715,-0.006191018505702717,-0.007663158390074998,2022,7
2022-03-15,-0.05536747582570269,-0.00767989320770196,-0.0072333655740298266,-0.0004465276336721334,2022,7
2022-03-16,-0.13517406962785114,-0.001749301734580999,-0.00031763659795943646,-0.0014316651366215625,2022,7
2022-03-17,-0.12638958922224586,-0.01365560246177484,-0.011548831228529732,-0.0021067712332451076,2022,7
2022-03-18,-0.00888376671964874,-0.02976831373410941,-0.012564244105225742,-0.01720406962888367,2022,7
2022-03-21,-0.17210497255795182,-0.02689814944365655,-0.0007685756282322598,-0.02612957381542429,2022,7
2022-03-22,-0.3134213685474189,-0.021949706651411383,0.007226366782190341,-0.029176073433601724,2022,7
2022-03-23,-0.1404561824729892,-0.016385703058573,0.0023187805645195404,-0.01870448362309254,2022,7
2022-03-24,-0.13267707082833133,0.01147455481478552,0.015466233652015526,-0.003991678837230006,2022,7
2022-03-25,0.38199279711884754,0.06483552015477127,0.016061170070652366,0.04877435008411891,2022,7
2022-03-28,-0.0914765906362545,0.02725148123161387,0.0164580595089881,0.010793421722625773,2022,7
2022-03-29,-0.05373607382300441,0.01839514980468874,0.016584466687110434,0.0018106831175783052,2022,7
2022-03-30,0.023001200480192076,0.025141034117582683,0.023004017698626134,0.0021370164189565485,2022,7
2022-03-31,-0.1908763505402161,0.008821978919847418,0.025515902699233005,-0.016693923779385587,2022,7
2022-04-01,-0.29603841536614645,-0.016076264846448106,0.010519945217778538,-0.026596210064226643,2022,7
2022-04-06,-0.021032917963276478,-0.009691375139017189,-0.011707586912161495,0.002016211773144306,2022,7
2022-04-07,-0.10031212484993997,0.012550847626078488,0.0008037556894297304,0.011747091936648758,2022,7
2022-04-08,-0.20019207683073229,-0.025545044811555773,0.0020890514652073143,-0.02763409627676309,2022,7
2022-04-11,-0.010516206482593037,0.0026115854637763112,0.0030644768213081374,-0.00045289135753182616,2022,7
2022-04-12,-0.01844026125829642,-0.00011194911214886804,0.00907778604319418,-0.009189735155343048,2022,7
2022-04-13,0.01157262905162065,0.02165642155058839,0.010263792031908702,0.011392629518679687,2022,7
2022-04-14,-0.1599519807923169,-0.01288174177209862,-0.006286175040265074,-0.006595566731833546,2022,7
2022-04-15,-0.42549819927971183,-0.005151503955107062,0.017675561508557914,-0.022827065463664975,2022,7
2022-04-18,0.18914765906362543,0.01859315003547558,0.0031551417878707523,0.015438008247604829,2022,7
2022-04-19,0.25441187070648125,0.0286122270327684,-0.0029924671794503642,0.031604694212218766,2022,7
2022-04-20,0.07822328931572628,0.013549504115130895,0.014221091513624518,-0.000671587398493623,2022,7
2022-04-21,0.3357983193277311,0.029549454299873622,0.015417407797014848,0.014132046502858774,2022,7
2022-04-22,0.2962376048298005,0.04047044396584513,0.01187037245020971,0.028600071515635418,2022,7
2022-04-25,0.34981992797118844,0.03310207443290962,0.010166266324045835,0.022935808108863785,2022,7
2022-04-26,0.43039615846338536,0.0473356647029627,-0.011649520203445295,0.058985184906408,2022,7
2022-04-27,0.2028811524609844,0.01982468493931965,0.001087147505918784,0.018737537433400866,2022,7
2022-04-28,0.0848499399759904,0.025603466184007308,0.009233158016322096,0.016370308167685213,2022,7
2022-04-29,0.1316206482593037,0.007000906985140809,-0.003087733387604963,0.010088640372745771,2022,7
2022-05-03,0.14919926052945207,0.010717738474942961,-0.006560792105572954,0.017278530580515913,2022,7
2022-05-04,0.3358943577430972,0.00854048651920034,-0.0328110277399695,0.041351514259169844,2022,7
2022-05-05,-0.3000720288115246,-0.010302611755583346,0.02992088270122617,-0.04022349445680952,2022,7
2022-05-06,0.18060024009603842,0.029759237572526454,0.0008758854796222182,0.028883352092904237,2022,7
2022-05-09,0.1226890756302521,-0.010477184873984646,-0.02652474899126368,0.016047564117279034,2022,7
2022-05-10,0.04326530612244897,-0.01040084138456504,-0.021190425317034002,0.010789583932468962,2022,7
2022-05-11,-0.03529411764705882,-0.020358221872552717,-0.008476366501267096,-0.01188185537128562,2022,7
2022-05-12,-0.2028380033718718,-0.018059644586379507,-0.0035855553132784325,-0.014474089273101075,2022,7
2022-05-13,0.042593037214885957,-0.021711923920347164,-0.013237772874159382,-0.008474151046187782,2022,7
2022-05-16,0.27058823529411763,0.011778379903980151,-0.019818305333719276,0.03159668523769943,2022,7
2022-05-17,0.26665066026410567,0.036495455431186485,-0.006861787724316615,0.0433572431555031,2022,7
2022-05-18,-0.07932963578843091,0.0208939110855058,0.012877654455456567,0.008016256630049234,2022,7
2022-05-19,0.10559423769507804,0.01103036974681314,-0.007632785712487078,0.018663155459300217,2022,7
2022-05-20,-0.16369747899159662,-0.022762524512608285,0.005462661054962093,-0.02822518556757038,2022,7
2022-05-23,-0.054981992797118844,-0.010662912453682472,-0.004875514290768224,-0.005787398162914248,2022,7
2022-05-24,0.2573349339735894,0.004357318947498134,-0.019528813400489387,0.02388613234798752,2022,7
2022-05-25,0.17306537977088682,-0.007158978104166514,-0.008423721997575429,0.001264743893408915,2022,7
2022-05-26,0.06746698679471788,0.0036261866605268645,-0.015024304752386197,0.018650491412913063,2022,7
2022-05-27,-0.05248499399759904,0.003762516437552388,0.007564255361263017,-0.0038017389237106286,2022,7
2022-05-30,-0.1036734693877551,0.0014636477730209819,0.009108368264124311,-0.00764472049110333,2022,7
2022-05-31,0.15226890756302522,0.007999460068684716,-0.004631864285346487,0.012631324354031203,2022,7
2022-06-01,-0.24129651860744294,-0.003063040472825651,0.012133753222716103,-0.015196793695541755,2022,7
2022-06-02,0.04581142405699946,0.008076041694168057,0.009763273450386311,-0.0016872317562182538,2022,7
2022-06-06,0.01310924369747899,0.009513379015851786,0.0064743310464384415,0.0030390479694133443,2022,7
2022-06-07,-0.11202881152460985,0.01967769124110528,0.01801485488633566,0.0016628363547696173,2022,7
2022-06-08,0.0033133253301320525,0.010614631158250998,0.014269794450841821,-0.0036551632925908226,2022,7
2022-06-09,-0.28749789919209195,-0.02419152337728263,0.020502772851180406,-0.044694296228463035,2022,7
2022-06-10,-0.3145813825968589,-0.03193707690191031,0.010931029763433098,-0.04286810666534341,2022,7
2022-06-13,-0.16292917166866747,-0.019898465384896858,0.011098096852789063,-0.03099656223768592,2022,7
2022-06-14,-0.3690276110444177,-0.036961843598620016,0.014600243020097225,-0.05156208661871724,2022,7
2022-06-15,-0.36134453781512604,-0.05950944336535764,0.022379415041394957,-0.0818888584067526,2022,7
2022-06-16,-0.48926770708283307,-0.03760534017509731,0.03571454725083898,-0.07331988742593629,2022,7
2022-06-17,-0.1883358544565533,-0.00737537839407354,0.017194092098867984,-0.024569470492941524,2022,7
2022-06-20,-0.02799519807923169,0.007826542010074256,0.022840656995898122,-0.015014114985823866,2022,7
2022-06-21,0.1568787515006002,0.018158733953917282,-0.01065580180869553,0.028814535762612812,2022,7
2022-06-22,-0.1644657863145258,0.005746080747545223,0.01785841304025294,-0.012112332292707716,2022,7
2022-06-23,0.0426890756302521,0.004696728091909163,-0.006364553819061147,0.01106128191097031,2022,7
2022-06-24,-0.41512605042016804,-0.02793549471728991,0.04062029555428605,-0.06855579027157596,2022,7
2022-06-27,-0.037310924369747894,0.019146585618426602,0.030844142120324814,-0.011697556501898212,2022,7
2022-06-28,-0.2523409363745498,0.00937175043761398,0.046450089734462977,-0.037078339296849,2022,7
2022-06-29,-0.24456182472989194,0.0035506026335042516,0.022295941939281826,-0.018745339305777573,2022,7
2022-06-30,0.2010564225690276,0.03221732241071311,0.01198488031914099,0.02023244209157212,2022,7
2022-07-01,0.7132944370468237,0.06492141523930073,-0.05603259997660874,0.12095401521590947,2022,7
2022-07-04,0.4772629051620648,0.04012480355147765,-0.04464197611134753,0.08476677966282517,2022,7
2022-07-05,0.31102040816326526,-0.008724693462421041,-0.048652117104519735,0.0399274236420987,2022,7
2022-07-06,0.1992316926770708,-0.0057010523570313444,-0.039628601018573587,0.03392754866154224,2022,7
2022-07-07,-0.03414247641983922,-0.02119869415984329,-0.004950180401219917,-0.01624851375862337,2022,7
2022-07-08,-0.11346938775510206,-0.030066090360167684,-0.003724413040823904,-0.02634167731934378,2022,7
2022-07-11,0.2647362482455325,-0.003869497313295478,-0.021229831340447515,0.017360334027152036,2022,7
2022-07-12,0.5529411764705883,0.033575049284457405,-0.024194795043536853,0.05776984432799426,2022,7
2022-07-13,0.24465786314525811,0.02409232068777154,-0.015289815654976557,0.0393821363427481,2022,7
2022-07-14,-0.035006002400960384,0.022312695352298982,0.008564019054458449,0.013748676297840533,2022,7
2022-07-15,0.2523409363745498,0.02548389439455866,0.014327942312265474,0.011155952082293186,2022,7
2022-07-18,-0.1512124849939976,-0.014892502496190197,0.00099814184284317,-0.015890644339033366,2022,7
2022-07-19,-0.1309483793517407,0.0021563717106779954,0.0008301207472648953,0.0013262509634131001,2022,7
2022-07-20,0.10766164857001341,-0.0010284491265392104,-0.007316314862718121,0.0062878657361789105,2022,7
2022-07-21,-0.04969987995198079,0.0042998775607900885,-0.0037943977051098756,0.008094275265899963,2022,7
2022-07-22,0.16101226924855258,0.014447032375987101,-0.0042313724161704425,0.018678404792157544,2022,7
2022-07-25,-0.29795918367346935,-0.007839258035629371,0.01820476562351686,-0.02604402365914623,2022,7
2022-07-26,0.062953181272509,0.006990537336369218,0.010063360444269342,-0.0030728231079001243,2022,7
2022-07-27,-0.32254501800720287,-0.008172919395667156,0.01892380311807501,-0.027096722513742167,2022,7
2022-07-28,0.1491956782713085,0.0012134312159750027,-0.005021515479540972,0.0062349466955159746,2022,7
2022-07-29,0.17388172590188156,-0.005393515805759919,-0.00941244410761063,0.004018928301850711,2022,7
2022-08-01,-0.031837499108795214,-0.00046568299330932426,-0.005723700325586323,0.005258017332276999,2022,7
2022-08-02,0.0790876350540216,-0.003862715079569068,-0.01190208997509946,0.008039374895530393,2022,7
2022-08-03,0.3387755102040816,0.028854770186419087,-0.011631405632754888,0.04048617581917398,2022,7
2022-08-04,-0.015654637570840485,0.008781479350205035,-0.005821801992442255,0.01460328134264729,2022,7
2022-08-05,0.2604624361479717,0.03601010467992698,0.00376698636634355,0.032243118313583424,2022,7
2022-08-08,0.07380552220888356,0.0007548030804567452,0.004666820627696866,-0.003912017547240121,2022,7
2022-08-09,0.1824249699879952,3.3046125226232624e-05,-0.0068566819737023495,0.006889728098928582,2022,7
2022-08-10,0.030204806846805723,-0.002109161170938212,-0.0006700268938430231,-0.0014391342770951887,2022,7
2022-08-11,-0.07889555822328932,0.011621344360760188,-0.001241667621786202,0.01286301198254639,2022,7
2022-08-12,0.11107376117301984,0.01008724982812984,-0.0028391819135949125,0.012926431741724753,2022,7
2022-08-15,0.07236494597839135,0.014175971432145851,0.002716504356119631,0.011459467076026221,2022,7
2022-08-16,0.11865546218487394,0.011275440267238646,0.0022593220588819963,0.00901611820835665,2022,7
2022-08-17,0.1156782713085234,0.01769455861238258,0.0065802811175176504,0.01111427749486493,2022,7
2022-08-18,-0.17373766481994132,-0.0025111049917545536,0.006407299705834657,-0.00891840469758921,2022,7
2022-08-19,0.2788475390156062,0.007915702177781836,-0.006397781958865889,0.014313484136647726,2022,7
2022-08-22,-0.06794717887154862,-0.007888878834772673,0.003553204552680389,-0.011442083387453061,2022,7
2022-08-23,-0.023289874913673726,-0.0016864591167498166,0.016497297259900245,-0.01818375637665006,2022,7
2022-08-24,0.003649547409152996,-0.013825301440671988,0.0009663107903059465,-0.014791612230977936,2022,7
2022-08-25,-0.1756062424969988,-0.005918605831173385,0.001460215687348132,-0.007378821518521516,2022,7
2022-08-26,-0.026266506602641054,0.001986820452373317,-0.002929188988790199,0.004916009441163516,2022,7
2022-08-29,-0.35203726390132384,-0.024169929319920735,0.012701057136411276,-0.03687098645633201,2022,7
2022-08-30,0.05219687875150059,0.003327757646924001,-0.0025913678173240195,0.005919125464248021,2022,7
2022-08-31,0.0728451380552221,-0.0034573987751288946,0.006273973875598471,-0.009731372650727366,2022,7
2022-09-01,0.29834333733493396,0.029557716937983113,0.004801745576032912,0.0247559713619502,2022,7
2022-09-02,0.5271068427370948,0.031353400739414616,0.0025890605650511047,0.028764340174363513,2022,7
2022-09-05,0.24408163265306118,0.017320970062054464,0.0039054465549926308,0.013415523507061832,2022,7
2022-09-06,0.38957983193277307,0.040361013824508386,-0.014275437363144062,0.05463645118765245,2022,7
2022-09-07,-0.05560757762893644,0.008357628665805717,0.016394767439670322,-0.008037138773864605,2022,7
2022-09-08,0.018487394957983194,0.013796951704540794,0.008289241582955076,0.005507710121585718,2022,7
2022-09-12,-0.021080432172869146,0.008455499574069537,0.003489786457986521,0.004965713116083016,2022,7
2022-09-13,-0.1793517406962785,-0.0015262322337614375,0.01683954662666175,-0.018365778860423187,2022,7
2022-09-14,0.11760186322389063,-0.0002699197602929138,-0.009916857850951744,0.00964693809065883,2022,7
2022-09-15,0.24773109243697478,0.0024562965869669774,-0.005023495468612571,0.007479792055579549,2022,7
2022-09-16,0.057767106842737094,0.002178381262741902,-0.009244885848516071,0.011423267111257972,2022,7
2022-09-19,-0.2969987995198079,-0.01835133323381124,0.011215147747084297,-0.029566480980895538,2022,7
2022-09-20,-0.28297719087635054,-0.013847531276739133,0.017430038774463485,-0.031277570051202616,2022,7
2022-09-21,-0.22410564225690274,-0.0012821298617720412,0.026228440451315827,-0.02751057031308787,2022,7
2022-09-22,-0.2571010109026992,-0.022033875698254535,0.021924189749721202,-0.04395806544797574,2022,7
2022-09-23,-0.32087204984158324,-0.018539014654370623,0.014328167468808207,-0.03286718212317883,2022,7
2022-09-26,-0.03183673469387755,0.015470686059515815,0.026128492511439318,-0.010657806451923503,2022,7
2022-09-27,0.09358943577430971,0.002458241076293588,0.005033474844308439,-0.0025752337680148506,2022,7
2022-09-28,0.5504573940936947,0.028580356292243536,-0.02476592689623347,0.053346283188477006,2022,7
2022-09-29,0.6972869147659063,0.05906939947485641,-0.05346665227708471,0.11253605175194112,2022,7
2022-09-30,0.36230492196878744,0.031951895647965745,-0.00432153076060191,0.036273426408567656,2022,7
2022-10-03,-0.1258613652551316,0.00324551947783881,0.02812041065423092,-0.024874891176392112,2022,7
2022-10-04,0.017430972388955582,0.0283253798003106,0.018530766299082922,0.009794613501227678,2022,7
2022-10-05,0.008691476590636255,0.0035850809004263073,-0.002373945283116974,0.005959026183543281,2022,7
2022-10-06,-0.07236494597839135,0.008288429918113172,0.023932581179187597,-0.015644151261074424,2022,7
2022-10-07,-0.16821128451380551,-0.009899083219352312,0.024398765337271845,-0.034297848556624155,2022,7
2022-10-11,0.33387755102040817,0.014458860352531622,-0.02986109026889605,0.04431995062142767,2022,7
2022-10-12,0.28950780312124846,-0.00221146072980829,-0.01149970391251467,0.00928824318270638,2022,7
2022-10-13,-0.15956782713085235,-0.01259591978790452,0.011187680956461532,-0.02378360074436605,2022,7
2022-10-14,-0.30785114045618245,-0.018815460772875436,0.020251590446406464,-0.039067051219281904,2022,7
2022-10-17,-0.38228091236494594,-0.0019328775121132292,0.03913042138430702,-0.04106329889642025,2022,7
2022-10-18,-0.36672268907563016,0.006214815454693545,0.04379347630679166,-0.037578660852098114,2022,7
2022-10-19,-0.2327490996398559,-0.015396880164794225,0.018145753388895503,-0.03354263355368973,2022,7
2022-10-20,0.029051620648259304,0.03844532849291442,0.014615852784210326,0.02382947570870409,2022,7
2022-10-21,0.0575750300120048,0.04267849841753311,0.026476497265754663,0.016202001151778445,2022,7
2022-10-24,0.020600240096038412,0.015876379023330688,0.0030519131124773337,0.012824465910853355,2022,7
2022-10-25,0.3282112845138055,0.025918816924587307,-0.012557014233923447,0.038475831158510755,2022,7
2022-10-26,0.4563265306122449,0.027553322347442222,-0.01575580123846281,0.04330912358590503,2022,7
2022-10-27,4.801920768307323e-05,0.011342325774833106,0.023179187678040315,-0.01183686190320721,2022,7
2022-10-28,0.31563025210084034,0.02629158490206669,0.0218388650136056,0.004452719888461087,2022,7
2022-10-31,0.08475390156062423,0.019447465474855687,0.025445526247510054,-0.005998060772654367,2022,7
2022-11-01,0.21767106842737097,0.018467057391088816,0.0018104064631129235,0.016656650927975893,2022,7
2022-11-02,0.04240096038415366,0.025070079985813454,0.0335952860264908,-0.008525206040677344,2022,7
2022-11-03,0.40442747736692813,0.016249619531472703,-0.05888464915987246,0.07513426869134517,2022,7
2022-11-04,0.19903961584633853,-0.019116214446017965,-0.05707339642661009,0.03795718198059213,2022,7
2022-11-07,-0.07447779111644658,-0.006539714669685781,-0.0424831417668351,0.035943427097149316,2022,7
2022-11-08,0.10885954381752701,-0.06340863037994816,-0.05617447768748933,-0.007234152692458834,2022,7
2022-11-09,-0.3196638655462184,-0.08945153675645898,-0.044091103164491385,-0.04536043359196759,2022,7
2022-11-10,-0.043745498199279705,-0.06345820172894354,-0.043840644470977484,-0.019617557257966052,2022,7
2022-11-11,-0.2069677543874923,-0.052733849630702045,-0.031146557265375064,-0.02158729236532698,2022,7
2022-11-14,0.16801920768307324,-0.023479827463951608,-0.04631018698887559,0.02283035952492398,2022,7
2022-11-15,-0.1574549819927971,-0.010848432282408815,0.006527007187131761,-0.017375439469540576,2022,7
2022-11-16,-0.06890756302521008,-0.006486476959330989,-0.005653794800589929,-0.0008326821587410606,2022,7
2022-11-17,-0.14468187274909963,0.001905824002423151,0.008794426196546624,-0.006888602194123473,2022,7
2022-11-18,0.08038608372265942,0.014775378657115678,0.008006706245382722,0.006768672411732957,2022,7
2022-11-21,-0.04883553421368547,0.009405649629174662,0.016919040194341872,-0.00751339056516721,2022,7
2022-11-22,-0.23716686674669865,0.01995825118584559,0.03165763871313938,-0.011699387527293794,2022,7
2022-11-23,-0.19097238895558222,0.0007378791499162319,0.014084989266112324,-0.013347110116196092,2022,7
2022-11-24,-0.14929171668667465,-0.015566894287454091,0.010968057392362684,-0.026534951679816773,2022,7
2022-11-25,0.409171668667467,0.021808680244544475,-0.011677478922092376,0.03348615916663685,2022,7
2022-11-28,0.2698199279711884,0.009814423386640325,-0.003053681625547844,0.012868105012188168,2022,7
2022-11-29,0.16139255702280914,0.021721262787498807,-0.0030212405714273418,0.024742503358926148,2022,7
2022-11-30,-0.05661464585834333,0.008536393665378695,0.018447140564505738,-0.009910746899127043,2022,7
2022-12-01,-0.12134745135433712,0.009592159610375794,0.02868450262384318,-0.019092343013467385,2022,7
2022-12-02,-0.059737328644556935,0.010063126066109929,0.015037757009606323,-0.004974630943496395,2022,7
2022-12-05,-0.1992316926770708,0.003611737886522204,0.02024136443310065,-0.016629626546578447,2022,7
2022-12-06,0.040578179070990816,0.0035711123686925196,0.00840613225645106,-0.004835019887758541,2022,7
2022-12-07,0.04691476590636255,0.013070742807664093,0.0032733362909091344,0.00979740651675496,2022,7
2022-12-08,-0.22055222088835533,-0.01167788156588564,0.005989990623554609,-0.01766787218944025,2022,7
2022-12-09,0.07707452947803582,0.015986528646761266,0.013970858825535393,0.002015669821225873,2022,7
2022-12-12,-0.0474921366796357,-0.0035868021722865405,0.009391065726327873,-0.012977867898614414,2022,7
2022-12-13,-0.20278511404561822,-0.014309378216460954,0.034545236325483654,-0.048854614541944605,2022,7
2022-12-14,0.335126050420168,0.015156183960451108,-0.007726796247901957,0.022882980208353065,2022,7
2022-12-15,0.006578631452581032,0.005064125012182929,0.040013394353259735,-0.034949269341076804,2022,7
2022-12-16,-0.20130135183117578,0.0023825630989918745,0.029417349482030508,-0.027034786383038634,2022,7
2022-12-19,-0.04998799519807923,0.003973910448502227,0.010069361481258043,-0.006095451032755815,2022,7
2022-12-20,-0.18895558223289313,-0.001139406716416369,0.009042610129889005,-0.010182016846305375,2022,7
2022-12-21,-0.14823529411764705,0.00870295922611274,0.009596499221952059,-0.0008935399958393195,2022,7
2022-12-22,0.05402160864345738,0.005162660549144183,-0.007232677205107685,0.012395337754251869,2022,7
2022-12-23,-0.19195120868445759,-0.008138702538528764,-0.0009510881164807916,-0.007187614422047973,2022,7
2022-12-26,-0.14477791116446578,-0.005552166561068194,0.0011778274853990855,-0.00672999404646728,2022,7
2022-12-27,-0.1470828331332533,-0.012250872581397343,-0.0027280532048443496,-0.009522819376552994,2022,7
2022-12-28,-0.100984393757503,0.008581470978470274,-0.00010104891703145435,0.008682519895501728,2022,7
2022-12-29,-0.1354654373844816,-0.021185914168946163,-0.006672717403708284,-0.014513196765237879,2022,7
2022-12-30,0.060840336134453776,-0.005219568563135412,-0.04037683079347828,0.035157262230342864,2022,7
2023-01-03,-0.17503421455740356,-0.03470789295304488,-0.02294507738827014,-0.011762815564774744,2023,7
2023-01-04,-0.19236956475088032,-0.01841138485766177,-0.013592442565242401,-0.00481894229241937,2023,7
2023-01-05,-0.0739015606242497,-0.03441257410480307,-0.05277000770226812,0.01835743359746505,2023,7
2023-01-06,0.07572810873992468,-0.03154484848185004,-0.04310855347570437,0.011563704993854333,2023,7
2023-01-09,-0.2385114045618247,-0.026012145444049607,-0.023529065508406267,-0.0024830799356433397,2023,7
2023-01-10,-0.23189588962581617,-0.04565016660622442,-0.03673085185840291,-0.008919314747821504,2023,7
2023-01-11,0.07620648259303721,-0.04274266427786588,-0.05140353919750483,0.008660874919638947,2023,7
2023-01-12,-0.030300120048019206,-0.011624933704743878,-0.016250604464982686,0.004625670760238808,2023,7
2023-01-13,0.0525822949081912,0.006557787176700203,-0.021277205942112354,0.027834993118812556,2023,7
2023-01-16,0.08446984258683177,-0.01289431739611806,-0.016685626782325613,0.0037913093862075517,2023,7
2023-01-17,-0.14631452581032411,-0.012001314255538142,-0.0034789831408544745,-0.008522331114683666,2023,7
2023-01-30,-0.037406962785114045,0.018999193178254836,0.012831752909515094,0.006167440268739742,2023,7
2023-01-31,0.005330132052821128,0.01895273276500159,0.00391182516406664,0.01504090760093495,2023,7
2023-02-01,-0.0024489795918367346,0.004143862086882633,-0.002782668249505282,0.006926530336387915,2023,7
2023-02-02,0.09493397358943578,0.001369178516818892,-0.016619511053837167,0.01798868957065606,2023,7
2023-02-03,-0.12307322929171667,-0.0075432688545366,-0.0021439263687078715,-0.0053993424858287285,2023,7
2023-02-06,0.09867947178871549,-0.016229419736561744,-0.019183023675996523,0.002953603939434779,2023,7
2023-02-07,-0.01027635717840449,0.004014512899354228,-0.001989122509783325,0.006003635409137553,2023,7
2023-02-08,-0.057478991596638655,0.013672137668317985,0.014198995252154123,-0.0005268575838361378,2023,7
2023-02-09,-0.0036975677697997466,0.021122738135733676,0.015701364719314027,0.005421373416419649,2023,7
2023-02-10,0.09282112845138055,0.02885491815326604,0.029753708711985138,-0.0008987905587190988,2023,7
2023-02-13,0.38967587034813916,0.045493774643115124,0.02054104984763059,0.024952724795484535,2023,7
2023-02-14,0.290571202273484,0.035084887469435534,0.015087110910079072,0.019997776559356462,2023,7
2023-02-15,0.17445378151260504,0.0231530685749028,0.005901157622793263,0.01725191095210954,2023,7
2023-02-16,0.09436000867086365,0.014259751851087632,0.01593456111592425,-0.0016748092648366172,2023,7
2023-02-17,0.011380552220888355,0.01692750047886158,0.02322090466615768,-0.006293404187296101,2023,7
2023-02-20,0.003217286914765906,0.00819250246775668,0.012180764485822638,-0.003988262018065958,2023,7
2023-02-21,-0.12951402243131627,-0.010649777858205423,0.009984141329888518,-0.02063391918809394,2023,7
2023-02-22,-0.15971571951109037,-0.005168382989383424,0.007942885390026855,-0.01311126837941028,2023,7
2023-02-23,-0.3272185943073745,-0.0059790250862631015,0.02521578065293011,-0.031194805739193213,2023,7
2023-02-24,-0.053061224489795916,-0.009327005308822555,-0.004400119492157406,-0.004926885816665149,2023,7
2023-03-01,-0.08926770708283314,0.0018724265457167543,0.013690127897101357,-0.011817701351384602,2023,7
2023-03-02,-0.041585632320085456,0.007807593234849664,0.009348808031850741,-0.001541214797001077,2023,7
2023-03-03,-0.10472989195678271,-0.001550498987963178,-0.0012384153475881398,-0.00031208364037503826,2023,7
2023-03-06,0.02809123649459784,-0.005757387188568752,-0.009822505926338187,0.004065118737769435,2023,7
2023-03-07,-0.022425508422032225,-0.0008834707133153263,0.007872899042194747,-0.008756369755510073,2023,7
2023-03-08,0.15082833133253298,-0.007812865896594856,-0.016949218164366276,0.00913635226777142,2023,7
2023-03-09,0.09800720288115244,-0.004846288438929291,-0.0038636732653868798,-0.0009826151735424114,2023,7
2023-03-10,0.22315597413360277,-0.004333893639673692,-0.009578595763103593,0.005244702123429901,2023,7
2023-03-13,0.34655462184873953,0.024253195934609794,-0.007962669833637647,0.03221586576824744,2023,7
2023-03-14,0.34949218478704613,0.023472570217026433,-0.009612644305129037,0.03308521452215547,2023,7
2023-03-15,-0.01503001200480192,-0.011610344947233365,0.015077117185203747,-0.026687462132437112,2023,7
2023-03-16,-0.4398079231692677,-0.021874520193300162,0.03863593693232,-0.060510457125620164,2023,7
2023-03-17,-0.016758703481392558,0.00644148963906237,0.018947491606115287,-0.012506001967052916,2023,7
2023-03-20,-0.18933973589435774,-0.0049758275530607295,0.010378290108385979,-0.015354117661446709,2023,7
2023-03-21,0.03654261704681872,0.008265011160259994,0.002909630973172217,0.0053553801870877766,2023,7
2023-03-22,-0.18156062424969985,-0.00334469159998656,0.009253492673508935,-0.012598184273495495,2023,7
2023-03-23,-0.0453781512605042,0.00907554966153611,0.00796100901197987,0.0011145406495562393,2023,7
2023-03-24,-0.09637917798281487,0.00560068333946373,0.007439350393615185,-0.0018386670541514546,2023,7
2023-03-27,-0.008595438175270108,-0.006580069109397624,-0.007441612096380845,0.0008615429869832216,2023,7
2023-03-28,-0.15543817527010806,0.0004487556035397744,0.007552301277025319,-0.007103545673485545,2023,7
2023-03-29,0.03145258103241296,0.008391334397364803,0.009355591543082142,-0.0009642571457173389,2023,7
2023-03-30,0.005570495588443711,0.019548679398977566,0.023437176261676552,-0.003888496862698987,2023,7
2023-03-31,-0.2565247665749382,0.017893978650365773,0.025582046539659408,-0.007688067889293635,2023,7
2023-04-06,-0.21066026410564226,0.02333276370149572,0.03259989228140311,-0.009267128579907389,2023,7
2023-04-07,-0.1402641056422569,0.013710610843501203,0.03669403966101452,-0.022983428817513314,2023,7
2023-04-10,-0.21507803121248498,0.0043725069958264196,0.020267959833598727,-0.015895452837772307,2023,7
2023-04-11,0.0524862541868977,0.012328175003367293,0.004371525055747794,0.0079566499476195,2023,7
2023-04-12,0.11769507803121249,0.0044711965701079385,-0.007992089342632236,0.012463285912740174,2023,7
2023-04-13,0.17435774309723887,0.0009935899272799254,-0.01586567474942575,0.016859264676705676,2023,7
2023-04-14,0.5775270108043217,0.02300958580402619,-0.0266781088211674,0.04968769462519359,2023,7
2023-04-17,0.536422569027611,0.02019143836447399,-0.023263614863894343,0.04345505322836833,2023,7
2023-04-18,0.28274388348806373,-0.00792162375801655,-0.02121753527928737,0.01329591152127082,2023,7
2023-04-19,0.14372148859543818,-0.008330525783743548,-0.009081511386411167,0.0007509856026676198,2023,7
2023-04-20,-0.11443251942120514,0.0058989966586802,0.01774725638893193,-0.01184825973025173,2023,7
2023-04-21,0.07303721488595438,0.01673236619187731,0.013296614092548254,0.0034357520993290574,2023,7
2023-04-24,-0.04182472989195678,0.007692893645271226,0.014000369071498575,-0.0063074754262273484,2023,7
2023-04-25,0.18213685474189675,0.011451452965592235,0.0043900562818634855,0.00706139668372875,2023,7
2023-04-26,-0.12720288115246098,-0.002781385865876218,0.01898662832455896,-0.02176801419043518,2023,7
2023-04-27,-0.0021608643457382954,-0.0022957585759934783,-0.009033094550135378,0.0067373359741419,2023,7
2023-04-28,0.14890756302521005,0.0027567918078962306,-0.017334173960738684,0.020090965768634915,2023,7
2023-05-02,0.0035054863272127464,-0.007566277940907107,0.021159591260932732,-0.028725869201839838,2023,7
2023-05-03,0.08120048019207683,0.0020225328604651315,0.0025375994666702595,-0.000515066606205128,2023,7
2023-05-04,0.11635054021608643,-0.0040925422093479715,-0.0002543170753473656,-0.003838225134000606,2023,7
2023-05-05,0.12297719087635053,-0.00011658567843579881,-0.008048865722503518,0.007932280044067718,2023,7
2023-05-08,0.09397358943577432,-0.0009351967238186321,0.00483581930102499,-0.005771016024843622,2023,7
2023-05-09,-0.11390429545409089,-0.003052744653245698,0.007555072645570893,-0.010607817298816592,2023,7
2023-05-10,0.07687875150060022,-0.012402454580036016,-0.013389069185083891,0.0009866146050478749,2023,7
2023-05-11,-0.15553421368547415,0.008046266845792238,-0.004249375331165128,0.012295642176957366,2023,7
2023-05-12,-0.21114045618247296,-0.015135313651154813,0.0015066454768863035,-0.016641959128041117,2023,7
2023-05-15,-0.11462184873949578,-0.010899968025977525,-0.006680932646438364,-0.004219035379539161,2023,7
2023-05-16,-0.04244999881172695,-0.01024287101514888,0.00254724693194146,-0.01279011794709034,2023,7
2023-05-17,-0.0868208120493239,-0.009708952124448523,-0.007674454217479143,-0.0020344979069693795,2023,7
2023-05-18,-0.022232893157262904,0.01647966512358995,-0.023853677555566378,0.04033334267915632,2023,7
2023-05-19,-0.16129651860744296,-0.014939871734984867,-0.016095892022765023,0.0011560202877801563,2023,7
2023-05-22,-0.10751500600240095,0.005645694051467631,-0.011927451473954109,0.01757314552542174,2023,7
2023-05-23,-0.4858103241296518,-0.053740702256070604,-0.010718190517731508,-0.0430225117383391,2023,7
2023-05-24,-0.3409925809525714,-0.02662237381196849,0.010138433414817117,-0.03676080722678561,2023,7
2023-05-25,-0.2546458583433373,-0.001912776246888337,0.0396626909214726,-0.041575467168360934,2023,7
2023-05-26,-0.0251140456182473,0.008412682482441836,0.006311938091248259,0.0021007443911935765,2023,7
2023-05-29,0.1640816326530612,0.006510936889171903,-0.005527458329944312,0.012038395219116215,2023,7
2023-05-30,0.1532292917166867,0.013350456208757832,0.009381902289028455,0.003968553919729377,2023,7
2023-05-31,0.15294117647058825,0.006774786047057457,0.00014040063129410195,0.006634385415763356,2023,7
2023-06-01,-0.015606242496998797,0.007428518944106044,0.002780183576547535,0.004648335367558509,2023,7
2023-06-02,0.2053781512605042,0.020436220861046926,0.0011533536189165417,0.019282867242130384,2023,7
2023-06-05,0.25387755102040815,-0.016304310980019287,-0.024014972270316015,0.007710661290296728,2023,7
2023-06-06,0.1472749099639856,-0.004138619071256932,-0.012151970080125385,0.008013351008868453,2023,7
2023-06-07,0.02463385354141657,0.010603975377314456,-0.009067946020468398,0.019671921397782854,2023,7
2023-06-08,0.21604360254972804,0.014203052707257113,-0.0267714636078753,0.040974516315132416,2023,7
2023-06-09,0.08888355342136854,0.028130311053310465,0.009794008156668721,0.018336302896641746,2023,7
2023-06-12,0.14785114045618247,0.025040127820922676,0.01080632183913256,0.014233805981790117,2023,7
2023-06-13,0.14554621848739496,0.03657386931309174,0.013558092128734744,0.023015777184356996,2023,7
2023-06-14,0.6272899711284946,0.022480023795630112,-0.01544230581513183,0.037922329610761946,2023,7
2023-06-15,0.3310924369747899,0.013832239387334166,-0.016841601951553133,0.0306738413388873,2023,7
2023-06-16,0.5834473818580119,0.00934683348037051,-0.02586833657699733,0.03521517005736784,2023,7
2023-06-19,0.14147137934099283,0.008508777607156005,-0.004358239317933388,0.012867016925089392,2023,7
2023-06-20,0.04538142014799404,0.008837551893027918,-0.00013082927750491803,0.008968381170532835,2023,7
2023-06-21,0.3861224489795918,0.050429641881191464,-0.0007069753859164196,0.05113661726710789,2023,7
2023-06-26,0.2888355342136854,0.0362743839096464,-0.016158514478223363,0.05243289838786976,2023,7
2023-06-27,0.07159663865546219,0.04839629999532483,0.031932148907830006,0.016464151087494827,2023,7
2023-06-28,-0.0005282112845138055,0.001758956775441889,-0.0030658127263058165,0.0048247695017477055,2023,7
2023-06-29,0.10242496998799519,0.044494271881194605,0.010375512707921798,0.03411875917327281,2023,7
2023-06-30,-0.10444177671068428,-0.002064382805683851,0.019243414322531127,-0.021307797128214977,2023,7
2023-07-03,0.12,0.02071032345065249,-0.013062823360027963,0.03377314681068046,2023,7
2023-07-04,-0.05651860744297719,-0.009532369048667421,0.015659587144865983,-0.025191956193533406,2023,7
2023-07-05,0.22118178113893028,-0.0068550590705955036,-0.04010069272255005,0.03324563365195454,2023,7
2023-07-06,0.468198516305812,0.012707032989613998,-0.05952553406395442,0.07223256705356842,2023,7
2023-07-07,0.3752791184543508,0.025871190013112545,-0.0015083444181429816,0.027379534431255525,2023,7
2023-07-10,0.18521008403361344,-0.00563229235264745,-0.02491484467683074,0.01928255232418329,2023,7
2023-07-11,0.04240197845108021,0.021490225440263765,0.001704710704405399,0.019785514735858364,2023,7
2023-07-12,-0.06703642346286293,0.005932181513292644,0.009726057985706893,-0.003793876472414248,2023,7
2023-07-13,0.13546218487394956,0.022478944011315248,0.0030688025916355333,0.019410141419679713,2023,7
2023-07-14,0.12336134453781511,0.044182628611153185,0.015180701754051108,0.029001926857102078,2023,7
2023-07-17,0.04172869147659064,0.04477761090754655,0.017521889528620393,0.027255721378926154,2023,7
2023-07-18,-0.06372148859543818,0.016628089120239296,0.02391338709910279,-0.007285297978863493,2023,7
2023-07-19,0.005426300753082744,0.006863282659084968,0.02034273406169057,-0.013479451402605602,2023,7
2023-07-20,0.3813205282112845,0.0038637348819276275,0.0023006911541311958,0.0015630437277964317,2023,7
2023-07-21,0.2306362545018007,0.010414552085904338,-0.0001267865827676795,0.010541338668672018,2023,7
2023-07-24,0.263679800311304,0.010468874109597737,-0.004415255421877884,0.01488412953147562,2023,7
2023-07-25,0.33176470588235296,0.01795386070653122,0.0017996755966392497,0.016154185109891972,2023,7
2023-07-26,0.07937575030012005,-0.010922814850442353,0.00020913573925418483,-0.011131950589696538,2023,7
2023-07-27,0.017623049219687877,0.01334646066106272,0.01684519404932162,-0.003498733388258901,2023,7
2023-07-28,0.09512605042016806,-0.017695090667223957,-0.014633773853213749,-0.003061316814010208,2023,7
2023-07-31,0.18569027611044414,0.009237097750165024,-0.002776370951446494,0.012013468701611518,2023,7
2023-08-01,0.17291716686674669,0.006063935332072534,-0.015483040007907267,0.0215469753399798,2023,7
2023-08-02,0.49523397934993224,0.024885502084894838,-0.020100783905703367,0.0449862859905982,2023,7
2023-08-04,0.008595438175270108,-0.0003571773738369144,-0.0039763608166622725,0.003619183442825358,2023,7
2023-08-07,0.05642256902761104,-0.003741580507546016,-0.009803131970393352,0.006061551462847336,2023,7
2023-08-08,-0.2114285714285714,-0.010414217722318809,-0.00784732005460076,-0.0025668976677180495,2023,7
2023-08-09,0.1832893157262905,0.010673984657161439,-0.019226926231270904,0.029900910888432344,2023,7
2023-08-10,0.15025210084033613,0.0703445544289614,-0.008686233195258408,0.0790307876242198,2023,7
2023-08-11,-0.0018727490996398558,0.012020082980191605,-0.009528065488802273,0.021548148468993878,2023,7
2023-08-14,0.004465786314525811,0.017570976831774675,-0.0030899997497826235,0.0206609765815573,2023,7
2023-08-15,0.23207683073229293,0.017369572591382398,0.0010224364301868127,0.016347136161195586,2023,7
2023-08-16,-0.0018727490996398558,-0.008125733545991897,0.02126227231775556,-0.029388005863747457,2023,7
2023-08-17,-0.08955582232893158,-0.016454414795208185,-0.007451603444762378,-0.009002811350445807,2023,7
2023-08-18,-0.11577430972388955,-0.016799704141871475,0.0068894396618398804,-0.023689143803711357,2023,7
2023-08-21,-0.23755102040816325,-0.03461247820494473,0.0011366677042644268,-0.035749145909209155,2023,7
2023-08-22,-0.09070828331332531,-0.0283376118097431,-0.001577013836450336,-0.026760597973292766,2023,7
2023-08-23,-0.37767106842737097,-0.04478252761981061,0.01887151930276144,-0.06365404692257205,2023,7
2023-08-24,-0.00849939975990396,0.00791264561913877,0.014046310793986282,-0.006133665174847513,2023,7
2023-08-25,-0.2021657183228173,-0.018287975024171833,0.003550841234467117,-0.02183881625863895,2023,7
2023-08-28,-0.16744297719087634,-0.012115722402041618,-0.000406497470933298,-0.01170922493110832,2023,7
2023-08-29,-0.08283512211564367,-0.0002603023347637401,0.009735456431726708,-0.009995758766490448,2023,7
2023-08-30,-0.005330132052821128,0.022536875491382058,0.016048474923506105,0.006488400567875953,2023,7
2023-08-31,-0.015510204081632653,0.01245599389774461,0.012054862144484878,0.0004011317532597314,2023,7
2023-09-01,0.13354141656662666,0.017031889830095837,0.023666908167662492,-0.006635018337566655,2023,7
2023-09-04,-0.14967587034813923,0.0005247270406797844,0.012357879896166279,-0.011833152855486494,2023,7
2023-09-05,-0.16523409363745495,-0.025251399428538,0.0028941259427348485,-0.02814552537127285,2023,7
2023-09-06,0.10453781512605041,0.008041925409055194,-0.02201467872438897,0.030056604133444163,2023,7
2023-09-07,-0.1367106842737095,0.0014535447738497909,0.012593730129582537,-0.011140185355732746,2023,7
2023-09-08,0.06660264105642257,-0.013229152953248235,-0.013984414248309717,0.0007552612950614823,2023,7
2023-09-11,-0.1350812744993076,-0.009661278000349072,0.007945077020034153,-0.017606355020383227,2023,7
2023-09-12,-0.06496998799519808,-0.006342897648026391,0.01502092205381107,-0.021363819701837462,2023,7
2023-09-13,-0.08768517854096541,0.007654004667389991,0.016073655256045004,-0.008419650588655013,2023,7
2023-09-14,0.048643457382953184,-0.0029557861966803766,0.00237494366727925,-0.005330729863959627,2023,7
2023-09-15,0.15659439606905157,0.016447485146188323,0.01326474256134853,0.0031827425848397935,2023,7
2023-09-18,0.2083123244856013,0.016658179766792746,0.006845613264045381,0.009812566502747366,2023,7
2023-09-19,0.1320048019207683,0.03512146160072131,0.003346308895858885,0.031775152704862426,2023,7
2023-09-20,0.27424427965358894,0.01833516972524891,-0.006025243741430497,0.024360413466679408,2023,7
2023-09-21,0.11913565426170468,0.00023353282546410004,-0.008708028539573986,0.008941561365038085,2023,7
2023-09-22,-0.17464585834333732,-0.014844623125224433,0.03230481265215164,-0.04714943577737607,2023,7
2023-09-25,-0.052774376350778196,-0.010801589905882269,-0.007313818388321491,-0.003487771517560778,2023,7
2023-09-26,0.12547418967587035,0.02146359328720897,0.010718738958706064,0.010744854328502907,2023,7
2023-09-27,0.11116446578631452,0.008244129981488834,-0.000893268689615545,0.009137398671104378,2023,7
2023-09-28,-0.1477586497100496,-0.006834384441352925,0.007823894735415494,-0.014658279176768419,2023,7
2023-10-02,0.08388955582232892,-0.010858202451794164,-0.03345262167159635,0.022594419219802188,2023,7
2023-10-03,-0.03903961584633854,-0.012441412370612914,-0.011574364425063122,-0.0008670479455497922,2023,7
2023-10-04,0.33830344075635344,-0.004644522024127596,-0.04928498613955036,0.044640464115422766,2023,7
2023-10-05,0.4307803121248499,0.0019701863978994873,-0.0702426628838359,0.0722128492817354,2023,7
2023-10-06,0.1503517491849741,-0.00686323568475572,-0.05239962840379261,0.04553639271903689,2023,7
2023-10-11,-0.31006002400960386,-0.053919827914735007,0.0012335063967028326,-0.05515333431143784,2023,7
2023-10-12,0.12460984393757503,-0.02151309188275229,-0.02073220216970667,-0.000780889713045619,2023,7
2023-10-13,-0.1173109243697479,-0.03590684085561021,-0.02614610526541584,-0.009760735590194369,2023,7
2023-10-16,0.06516206482593037,-0.01652657377097645,-0.012146363001441807,-0.004380210769534642,2023,7
2023-10-17,0.1533253301320528,0.023252225500908386,-0.0008217112318891328,0.024073936732797518,2023,7
2023-10-18,0.0954141656662665,0.011540107963078361,0.0033703458566406884,0.008169762106437672,2023,7
2023-10-19,-0.18050420168067227,0.01070798474514284,0.016989063705338404,-0.006281078960195564,2023,7
2023-10-20,-0.10453781512605041,0.019143100537532064,0.0264061803183823,-0.007263079780850237,2023,7
2023-10-23,0.062184873949579826,0.030124858268189003,0.019989034786260428,0.010135823481928576,2023,7
2023-10-24,0.05594237695078031,0.015389863838445672,0.001728693254300906,0.013661170584144766,2023,7
2023-10-25,0.13968787515006,0.019597117210207994,0.00401454671143312,0.015582570498774874,2023,7
2023-10-26,0.10348139255702281,0.011875958716816603,-0.0006089142256152757,0.012484872942431878,2023,7
2023-10-27,0.17503001200480192,0.002677773361817115,-0.008827789448978574,0.011505562810795688,2023,7
2023-10-30,0.20806722689075627,-0.0033029447449489436,-0.019973045069108807,0.016670100324159862,2023,7
2023-10-31,0.433469387755102,0.02278978989687297,-0.01800974589897414,0.04079953579584711,2023,7
2023-11-01,0.3232172869147659,0.018524887491093645,-0.01696619889908938,0.03549108639018303,2023,7
2023-11-02,0.08139255702280913,0.007522929491033814,0.0013292368779639018,0.0061936926130699115,2023,7
2023-11-03,0.4010084033613445,-0.0009024965799719232,-0.022379406673237078,0.021476910093265154,2023,7
2023-11-06,0.15241662469278436,-0.00611049328284069,0.0010166405989553318,-0.0071271338817960215,2023,7
2023-11-07,-0.19635054021608642,-0.02360907044036865,-0.009637462849175705,-0.013971607591192946,2023,7
2023-11-08,-0.1832893157262905,-0.019958575323472606,-0.0007477013766794882,-0.019210873946793116,2023,7
2023-11-09,-0.18598732253484904,-0.013480055136866575,7.602408139508742e-05,-0.013556079218261663,2023,7
2023-11-10,-0.16337703576295337,0.00654847642655979,0.016386385852498752,-0.009837909425938962,2023,7
2023-11-13,0.011284513805522207,0.005664263505683098,-0.007335538740933167,0.012999802246616265,2023,7
2023-11-14,0.15558596849546985,0.026084656778033,0.010435256999209752,0.01564939977882325,2023,7
2023-11-15,0.0846578631452581,0.005604156637047575,-0.00043967576717803827,0.006043832404225614,2023,7
2023-11-16,0.13978391356542613,-0.001771557545456348,-0.008548118174200536,0.006776560628744188,2023,7
2023-11-17,-0.11558500807672713,0.005275971706274929,0.005542889286001806,-0.00026691757972687694,2023,7
2023-11-20,-0.007683257703479992,-0.006880377061534437,-0.013695197255513835,0.006814820193979398,2023,7
2023-11-21,-0.04922086966291869,0.002537926074341079,-0.008026928678122835,0.010564854752463914,2023,7
2023-11-22,-0.27750300120048016,-0.002093721618786759,0.009366539860015687,-0.011460261478802447,2023,7
2023-11-23,-0.2708763505402161,-0.004760999512876274,0.013276632029882352,-0.018037631542758625,2023,7
2023-11-24,-0.16513805522208885,-0.0025837114782860326,0.007378750658487055,-0.009962462136773088,2023,7
2023-11-27,-0.27145258103241293,-0.006347922877266199,0.03182791585430813,-0.038175838731574326,2023,7
2023-11-28,0.037118847539015606,0.012540154826309735,0.015549509012683515,-0.00300935418637378,2023,7
2023-11-29,0.3556953519276083,0.007252253899342897,-0.00801464482080153,0.015266898720144428,2023,7
2023-11-30,0.03932773109243697,0.003383499641158849,0.00662944471773812,-0.0032459450765792708,2023,7
2023-12-01,-0.1733973589435774,0.0033471469381410658,0.013767803106306098,-0.010420656168165033,2023,7
2023-12-04,0.05795918367346939,0.01263755720970502,0.001707792046765333,0.010929765162939687,2023,7
2023-12-05,0.3250576261911679,0.002708964612386233,-0.004575677428332236,0.007284642040718469,2023,7
2023-12-06,0.04782827920416295,0.011521194933313194,-0.0017187034296815451,0.01323989836299474,2023,7
2023-12-07,0.3203918462351157,0.02092623291819915,-0.011512889160528872,0.032439122078728025,2023,7
2023-12-08,0.2719523622202013,0.01069183495940439,-0.01902945035340946,0.02972128531281385,2023,7
2023-12-11,0.1287394957983193,-0.008098505458573046,0.004271182312752075,-0.012369687771325123,2023,7
2023-12-12,0.09503001200480192,0.012897510094788478,0.008534973313909677,0.004362536780878801,2023,7
2023-12-13,-0.23447779111644657,-0.004050344839262842,0.010830874562571247,-0.01488121940183409,2023,7
2023-12-14,0.027034813925570226,-0.007469123941953704,-0.002119831937842087,-0.005349292004111617,2023,7
2023-12-15,0.016278511404561824,0.005109766047333997,0.0036305616649207175,0.0014792043824132795,2023,7
2023-12-18,-0.03135654261704682,0.007041979297944301,0.0121731306572604,-0.005131151359316099,2023,7
2023-12-19,-0.027034813925570226,0.018176807035287866,0.014489680116343884,0.0036871269189439823,2023,7
2023-12-20,0.0888376671964874,0.012292622961688671,0.009939864796769582,0.0023527581649190887,2023,7
2023-12-21,0.4585354141656662,0.007633326898034998,-0.04265016818490801,0.050283495082943004,2023,7
2023-12-22,0.0962854469806646,-0.0006905110877230891,-0.003978478762669768,0.003287967674946679,2023,7
2023-12-25,0.245047900380365,0.002523791200606429,-0.016149262143270903,0.01867305334387733,2023,7
2023-12-26,0.3093877551020408,0.013163375649585352,-0.020705064241174388,0.033868439890759744,2023,7
2023-12-27,0.3304281016102864,0.03026843350826176,-0.015102388238132581,0.04537082174639434,2023,7
2023-12-28,0.01157290691586674,0.0007377411745771334,0.012177118282602617,-0.011439377108025483,2023,7
2023-12-29,0.15274909963985592,-0.0021211697743837355,-0.008494581511129551,0.006373411736745816,2023,7
2024-01-02,-0.3510768566883889,-0.014599323612402371,0.0021769623899789425,-0.016776286002381312,2024,7
2024-01-03,0.026554621848739496,-0.0036615956945375006,-0.009498755598952602,0.005837159904415102,2024,7
2024-01-04,0.14703834430034834,-0.006367082557716108,-0.01258265966636225,0.0062155771086461415,2024,7
2024-01-05,0.207875150060024,0.01222479448821695,0.006580664333863451,0.005644130154353499,2024,7
2024-01-08,0.08581032412965187,0.0023992799249081044,-0.009862461482682494,0.012261741407590598,2024,7
2024-01-09,0.16187663574019406,-0.009582381136987995,-0.01956448928997947,0.009982108152991474,2024,7
2024-01-10,0.024345738295318126,-0.0010125828029359685,-0.0009998515385649998,-1.2731264370968677e-05,2024,7
2024-01-11,0.07764705882352942,-0.022492179085103335,-0.030798513124029224,0.008306334038925889,2024,7
2024-01-12,-0.0475881774009292,-0.03985986646708556,-0.01872281915500993,-0.02113704731207563,2024,7
2024-01-15,0.03923169267707083,-0.01177061901168971,-0.04717226639001827,0.035401647378328564,2024,7
2024-01-16,-0.12547418967587035,-0.022700206962239133,0.015280941426718143,-0.037981148388957275,2024,7
2024-01-17,0.02588235294117647,-0.024731280993139416,-0.01653040103846537,-0.008200879954674046,2024,7
2024-01-18,0.05056422569027611,-0.0027544622614326443,-0.01769571171600507,0.014941249454572427,2024,7
2024-01-19,-0.0640096038415366,-0.008404482822871562,-0.0105858335151077,0.0021813506922361385,2024,7
2024-01-22,0.1065546218487395,-0.004492647035105634,-0.014769615430491967,0.010276968395386332,2024,7
2024-01-23,0.13997599039615843,-0.0020073000860903133,-0.012473401800613682,0.010466101714523368,2024,7
2024-01-24,-0.08292917166866745,0.0024272444888199796,-0.0018699953985822915,0.004297239887402271,2024,7
2024-01-25,0.2516686674669868,0.046447063210958164,0.005346878292045276,0.04110018491891289,2024,7
2024-01-26,0.277125501292394,0.05860516215880768,-0.003417517324477026,0.0620226794832847,2024,7
2024-01-29,0.3277310924369748,0.0027658534325028516,-0.05802627336017881,0.06079212679268166,2024,7
2024-01-30,-0.211812725090036,-0.06107390584555585,-0.018827605553440964,-0.04224630029211489,2024,7
2024-01-31,0.14362545018007203,-0.0057820153837317536,-0.027845762654850947,0.022063747271119195,2024,7
2024-02-01,0.08081632653061224,-0.02083029899118193,-0.03032137147959313,0.0094910724884112,2024,7
2024-02-02,0.05430972388955582,-0.01924636178933963,-0.020929457123041596,0.0016830953337019679,2024,7
2024-02-05,0.27112295621155025,0.020529936223588986,0.0005804061537654337,0.019949530069823553,2024,7
2024-02-15,0.1367106842737095,0.017224163691623818,0.007129595382206033,0.010094568309417785,2024,7
2024-02-16,0.049411764705882356,-0.009690590282453837,7.926494572298992e-05,-0.009769855228176827,2024,7
2024-02-19,0.14002737164592285,-0.0073067441000436275,-0.023843853824586814,0.016537109724543187,2024,7
2024-02-20,-0.27669331804657327,-0.014151984767522063,0.010998168995993141,-0.025150153763515204,2024,7
2024-02-21,-0.31879951980792315,-0.018916758436118442,0.018880955654671572,-0.03779771409079001,2024,7
2024-02-22,4.801920768307323e-05,-0.005038471423931356,-0.005763304230130206,0.0007248328061988498,2024,7
2024-02-23,0.1289315726290516,-0.012750376338444369,-0.01452462766402084,0.0017742513255764713,2024,7
2024-02-26,-0.20687171366619878,0.004173011935952864,-0.0022855927475494363,0.0064586046835023,2024,7
2024-02-27,0.009459783913565426,0.001901576876385791,-0.02957414560089632,0.03147572247728211,2024,7
2024-02-29,0.03519807923169268,-0.06633452894333045,-0.09205709290775713,0.02572256396442668,2024,7
2024-03-01,-0.09925570228091235,-0.0630348911184468,-0.05941805282722377,-0.003616838291223036,2024,7
2024-03-04,-0.3535654261704682,-0.033305675663269155,-0.0049674397068681375,-0.028338235956401017,2024,7
2024-03-05,-0.22362545018007202,-0.05737044942237859,-0.01934571908549443,-0.03802473033688416,2024,7
2024-03-06,-0.3871788715486194,-0.05344275582552541,-0.0028904009743500715,-0.05055235485117534,2024,7
2024-03-07,-0.3503001200480192,-0.02877461572143637,0.027628060945272336,-0.0564026766667087,2024,7
2024-03-08,-0.2281392557022809,0.005744102669851614,0.01656276969943151,-0.010818667029579896,2024,7
2024-03-11,-0.1774352325897411,-0.028906352174769123,-0.007365967041895882,-0.021540385132873242,2024,7
2024-03-12,-0.42223289315726287,-0.04478783771722121,0.015299625801211303,-0.06008746351843251,2024,7
2024-03-13,0.05968787515006002,-0.00289170519504548,-0.011201562325987924,0.008309857130942445,2024,7
2024-03-14,0.3971668667466987,0.004392571535759615,-0.025429550649943,0.029822122185702616,2024,7
2024-03-15,0.2541656662665066,0.014950205518074888,-0.023865485570698397,0.03881569108877329,2024,7
2024-03-18,0.042977190876350546,-0.009527009993107549,0.0010570523029798328,-0.010584062296087382,2024,7
2024-03-19,-0.10184873949579833,-0.021653018742885277,-0.01111066500451543,-0.010542353738369847,2024,7
2024-03-20,-0.12854741896758703,-0.01893672916355148,-0.01176488191770223,-0.007171847245849251,2024,7
2024-03-21,-0.062953181272509,-0.01662609600768049,-0.0007659218672665502,-0.015860174140413942,2024,7
2024-03-22,0.1950060024009604,-0.003328631343683941,-0.013189386314301521,0.00986075497061758,2024,7
2024-03-25,-0.16139255702280914,-0.0060997681934166215,0.007465727811930089,-0.01356549600534671,2024,7
2024-03-26,-0.05018007202881152,-0.0035871458813701907,0.004639283662370064,-0.008226429543740255,2024,7
2024-03-27,0.2121110259841023,0.023032603383219986,0.005515248731291267,0.017517354651928718,2024,7
2024-03-28,0.2138295318127251,0.014504840939249187,-0.0038921880182190673,0.018397028957468253,2024,7
2024-03-29,0.10886215758618215,-0.010355491309437092,-0.01667952373960242,0.006324032430165327,2024,7
2024-04-01,0.139015606242497,-0.007974445920594353,-0.026558631110370424,0.018584185189776073,2024,7
2024-04-02,0.289569727571686,0.0048160825331295285,-0.02505096671300807,0.0298670492461376,2024,7
2024-04-03,0.06535414165666266,0.006572034363854462,-0.010132111174988967,0.01670414553884343,2024,7
2024-04-08,0.04211284513805522,-0.014488883694881504,-0.0035123981972382647,-0.01097648549764324,2024,7
2024-04-09,-0.10002400960384153,-0.022282582301906707,-0.006332756809207774,-0.01594982549269893,2024,7
2024-04-10,0.05157386733460945,0.010206587865905859,-0.018724616334573417,0.028931204200479274,2024,7
2024-04-11,-0.033949579831932766,0.03648687852182493,0.026675763521053653,0.009811115000771278,2024,7
2024-04-12,-0.14391356542617048,0.001174464560138544,0.025061842651939836,-0.023887378091801293,2024,7
2024-04-15,-0.21536614645858343,0.004424967194059259,0.026924931506683226,-0.022499964312623966,2024,7
2024-04-16,-0.1766626650660264,0.01347488547944955,0.03140186448754769,-0.017926979008098143,2024,7
2024-04-17,-0.17925570228091237,0.007750986374053126,0.020557959051063522,-0.012806972677010395,2024,7
2024-04-18,0.24129651860744294,0.005544268596546031,-0.02354039709098228,0.029084665687528308,2024,7
2024-04-19,0.2859543817527011,-0.0027528131954130063,-0.0058015163632545,0.0030487031678414936,2024,7
2024-04-22,-0.1007923169267707,-0.00021695397475780532,0.022807163781236883,-0.023024117755994687,2024,7
2024-04-23,0.06439375750300119,0.003729497972332885,0.004872708374431522,-0.0011432104020986373,2024,7
2024-04-24,-0.03884753901560624,0.0026018732299425305,0.0022126832799370224,0.00038918995000550814,2024,7
2024-04-25,-0.18463385354141656,-0.00041017111793347774,0.02147734874708478,-0.021887519865018256,2024,7
2024-04-26,0.07932963578843091,0.005195763598989611,0.0004345989267602546,0.004761164672229356,2024,7
2024-04-29,0.22458583433373347,-0.003371667334449169,-0.0014047941938184149,-0.001966873140630754,2024,7
2024-04-30,0.2467707082833133,0.02855370340925123,-0.007364580045665236,0.03591828345491647,2024,7
2024-05-02,0.14516206482593036,0.0014293681010861593,-0.018572907960989128,0.02000227606207529,2024,7
2024-05-03,0.16840740478815208,0.03612666381752265,-0.0223653526559363,0.058492016473458947,2024,7
2024-05-06,-0.03346938775510204,-0.010768799909670113,-0.0015738286477240183,-0.009194971261946095,2024,7
2024-05-07,0.05527010804321728,-0.01602597480802217,-0.018573363171754974,0.0025473883637328054,2024,7
2024-05-08,0.12619750777965888,0.028399138876783924,-0.021310805529817324,0.049709944406601245,2024,7
2024-05-09,-0.29728691476590635,-0.027292831715460108,0.010459815019021624,-0.03775264673448173,2024,7
2024-05-10,-0.0857142857142857,-0.0062280710665815085,0.00409265418446092,-0.01032072525104243,2024,7
2024-05-13,-0.09829531812725088,-0.0009960591695609366,0.00014066970930115552,-0.001136728878862092,2024,7
2024-05-14,0.09733727103096214,0.003702441546405544,-0.002300672576924445,0.006003114123329989,2024,7
2024-05-15,0.05421368547418968,-0.0010128321621150516,-0.008627466685997509,0.007614634523882458,2024,7
2024-05-16,0.10194477791116446,0.005054458005973461,-0.01749184800782947,0.022546306013802933,2024,7
2024-05-17,0.3106437130238255,-0.0005317701751686776,-0.03297517235640644,0.032443402181237764,2024,7
2024-05-20,0.45873850525840226,0.029598830285478227,-0.05387527120594733,0.08347410149142556,2024,7
2024-05-21,0.11135654261704682,0.01985524095086305,0.002038785157646028,0.01781645579321702,2024,7
2024-05-22,0.14593037214885954,0.026708318643404227,0.004852346318411749,0.02185597232499248,2024,7
2024-05-23,0.12797118847539016,0.03800724177801744,0.0001564167187987353,0.037850825059218704,2024,7
2024-05-24,0.0588235294117647,0.002363259646348448,0.012385254766963394,-0.010021995120614946,2024,7
2024-05-27,-0.07621014223155317,0.0037106845478752093,0.0002089354159357071,0.003501749131939502,2024,7
2024-05-28,0.23860744297719086,0.014917239439470754,0.0021982242399105844,0.012719015199560169,2024,7
2024-05-29,0.023673469387755098,-0.02457842540415005,-0.03500645347576833,0.010428028071618276,2024,7
2024-05-30,0.07486194477791117,-0.01858539574809731,-0.03137362374062597,0.012788227992528656,2024,7
2024-05-31,0.07495798319327732,-0.020551771234107275,-0.009557791723208142,-0.010993979510899133,2024,7
2024-06-03,-0.28797118847539016,-0.03958251075861282,-0.014403756879643414,-0.025178753878969406,2024,7
2024-06-04,0.16206482593037216,-0.037113402911825,-0.05029015733310229,0.01317675442127729,2024,7
2024-06-05,0.013493397358943579,-0.02817240088464984,-0.019348424191789348,-0.008823976692860492,2024,7
2024-06-06,0.07322929171668667,-0.015628757434268448,-0.016291686976438634,0.0006629295421701868,2024,7
2024-06-07,-0.004657863145258102,-0.056926578105960524,-0.035146450416356265,-0.02178012768960426,2024,7
2024-06-11,0.16052821128451378,-0.012091603853438038,-0.028982737236211253,0.016891133382773215,2024,7
2024-06-12,0.1277341593203549,-0.0044735703768068015,-0.014513181402572638,0.010039611025765838,2024,7
2024-06-13,0.08984393757503001,0.002754586578610474,-0.006178287107085856,0.00893287368569633,2024,7
2024-06-14,-0.09729158674299102,-0.02496582379380371,-0.006867684407779129,-0.01809813938602458,2024,7
2024-06-17,-0.1727250900360144,0.0011090686137967376,0.021831555376344382,-0.020722486762547645,2024,7
2024-06-18,0.1036734693877551,0.0019961066487999557,-0.011726302639441123,0.013722409288241078,2024,7
2024-06-19,-0.030684273709483793,0.006375792729224483,0.004042155495435229,0.002333637233789254,2024,7
2024-06-20,0.04485101684406445,-0.025956718941207213,-0.018613853199382347,-0.007342865741824866,2024,7
2024-06-21,0.1702280912364946,-0.0067343452386731005,-0.017535378848686445,0.010801033610013343,2024,7
2024-06-24,0.40821128451380545,-0.0062612373642498605,-0.0523350988778991,0.046073861513649235,2024,7
2024-06-25,0.11788715486194477,-0.00808395859757759,-0.031739253662241375,0.023655295064663785,2024,7
2024-06-26,-0.02396158463385354,-0.006143068926768402,-0.006189020616383378,4.595168961497604e-05,2024,7
2024-06-27,-0.02348139255702281,-0.023004954300182966,-0.016308755788460538,-0.006696198511722429,2024,7
2024-06-28,-0.27385354141656665,-0.062361190431180547,-0.005253270817070266,-0.057107919614110284,2024,7
2024-07-01,-0.2125810324129652,-0.05640781470053456,-0.028908021260909734,-0.027499793439624828,2024,7
2024-07-02,-0.0821608643457383,-0.043970499185762055,-0.022306653515916274,-0.02166384566984578,2024,7
2024-07-03,-0.10540216086434574,-0.06917190586785786,-0.03946499879033581,-0.02970690707752205,2024,7
2024-07-04,-0.27606905335816545,-0.0576263570348126,-0.008882764406888611,-0.04874359262792399,2024,7
2024-07-05,-0.26838579565468546,-0.018012428979249474,0.0013085082930779479,-0.01932093727232742,2024,7
2024-07-08,-0.30602641056422564,-0.026488956873679935,-0.004041149819893564,-0.02244780705378637,2024,7
2024-07-09,-0.04220888355342137,-0.01959838540573733,-0.02059154408081563,0.0009931586750782997,2024,7
2024-07-10,0.06093783766072569,0.04904688469332165,0.02943188034701002,0.01961500434631163,2024,7
2024-07-11,0.11366146458583432,0.0245648039398773,0.01087629470930156,0.01368850923057574,2024,7
2024-07-12,-0.46324129651860735,-0.0057674536296036475,0.03485020527183739,-0.040617658901441034,2024,7
2024-07-15,-0.629483793517407,-0.0032683855135591466,0.07307109871876416,-0.07633948423232331,2024,7
2024-07-16,-0.4928211284513805,-0.004310175913733294,0.07329614901972836,-0.07760632493346166,2024,7
2024-07-17,-0.22496998799519805,0.007123102398705261,0.03771796572336757,-0.03059486332466231,2024,7
2024-07-18,-0.23975990396158461,0.00891523599146662,0.03699113270369383,-0.02807589671222721,2024,7
2024-07-19,0.08600240096038414,0.0331694413144108,0.01128762871972866,0.021881812594682137,2024,7
2024-07-22,0.02280912364945978,-0.007858707093446427,-0.0070904579826630895,-0.0007682491107833377,2024,7
2024-07-23,0.10948642227458988,0.006219698669744866,0.013800490826752398,-0.007580792157007531,2024,7
2024-07-26,-0.16744699757521705,0.0004921343787048116,0.036510462112790895,-0.036018327734086086,2024,7
2024-07-29,0.02160916229103748,0.02329729557984277,0.024115302240434754,-0.0008180066605919835,2024,7
2024-07-30,0.1000744315878269,-0.0010702486237253006,0.0008539660632660761,-0.0019242146869913766,2024,7
2024-07-31,-0.10280912364945978,0.004720285032935201,0.016420121596860415,-0.011699836563925214,2024,7
2024-08-01,-0.02857142857142857,-0.005511435775486651,0.010537147157446048,-0.0160485829329327,2024,7
2024-08-02,0.30391356542617043,0.009668588870842132,-0.05126359310288969,0.060932181973731826,2024,7
2024-08-05,0.6368787515006001,0.012569317426053873,-0.039278870893047546,0.051848188319101415,2024,7
2024-08-06,0.7391596638655462,0.05019380774578941,-0.03628159492969304,0.08647540267548245,2024,7
2024-08-07,0.6469627851140455,0.04387735046184473,-0.015041657947501185,0.05891900840934591,2024,7
2024-08-08,0.28403361344537814,0.01632169354603733,-0.02016336613497035,0.03648505968100768,2024,7
2024-08-09,0.4257863145258103,0.026906615844297765,-0.024506556971483906,0.05141317281578167,2024,7
2024-08-12,0.29411764705882354,-0.00023427834747372645,-0.03069088113447669,0.030456602787002962,2024,7
2024-08-13,0.0658343337334934,-0.003932761356899928,-0.007237983552885285,0.0033052221959853573,2024,7
2024-08-14,0.14900360144057623,0.004998188784143776,-0.015069859982213963,0.02006804876635774,2024,7
2024-08-15,-0.24785093520652632,0.0031984546775129076,0.029014733149194238,-0.02581627847168133,2024,7
2024-08-16,-0.07505402160864347,0.01650316750058539,0.009082345694267024,0.007420821806318367,2024,7
2024-08-19,-0.17191701902265935,0.012650811929072359,0.012916805205124593,-0.000265993276052234,2024,7
2024-08-20,0.028428053502875972,0.010059944077788718,0.016971817743655117,-0.006911873665866399,2024,7
2024-08-21,-0.3798799519807923,0.004573323374729599,0.01819406801043476,-0.013620744635705163,2024,7
2024-08-22,0.207875150060024,0.005413065692880558,0.000995635734693212,0.004417429958187346,2024,7
2024-08-23,-0.1280672268907563,0.002166925958010035,0.01087739767401753,-0.008710471716007494,2024,7
2024-08-26,-0.0009123649459783913,-0.009667147048007418,-0.008690550442151335,-0.0009765966058560838,2024,7
2024-08-27,-0.2934453781512605,-0.0184166750601255,0.015770374377147844,-0.03418704943727334,2024,7
2024-08-28,-0.3016086434573829,-0.025764422756183857,0.015255402683651586,-0.04101982543983544,2024,7
2024-08-29,-0.16436974789915965,-0.02246362576129135,0.0012444029803071466,-0.023708028741598497,2024,7
2024-08-30,-0.2619447779111645,-0.024212057449065072,0.010846763462313124,-0.0350588209113782,2024,7
2024-09-02,-0.5107445558388325,-0.02475240095343815,0.02922126925725227,-0.05397367021069042,2024,7
2024-09-03,-0.25762304921968787,-0.025285084084647268,-0.00161122577133872,-0.023673858313308548,2024,7
2024-09-04,0.08408163265306122,-0.007954818382581075,-0.010581346161707061,0.002626527779125986,2024,7
2024-09-05,0.16811524609843936,-0.022311190333332297,-0.03182020057100867,0.009509010237676373,2024,7
2024-09-06,0.03174069627851141,-0.015339523573785629,-0.020190847625515162,0.004851324051729533,2024,7
2024-09-09,-0.09762304921968785,-0.02472833887959521,-0.017067619913589425,-0.007660718966005786,2024,7
2024-09-10,-0.12691476590636253,-0.01735821205922431,-0.01226819440922522,-0.0050900176499990915,2024,7
2024-09-11,0.09493397358943578,-0.01894346912253416,-0.029681769002006662,0.010738299879472502,2024,7
2024-09-12,0.06285714285714285,-0.0017215426016755297,-0.008793117403881523,0.007071574802205993,2024,7
2024-09-13,-0.24273709483793518,-0.01689719228373381,0.014191338867250413,-0.03108853115098422,2024,7
2024-09-16,-0.02766039188744463,-0.010168252529116106,-0.0076340018583758605,-0.0025342506707402455,2024,7
2024-09-18,0.013493397358943579,0.0037276017743458787,0.007687934557103015,-0.0039603327827571365,2024,7
2024-09-19,-0.0060984393757503004,0.007425679993450429,-0.007591971326257263,0.01501765131970769,2024,7
2024-09-20,-0.08273709483793518,0.0027883738087736477,0.007419034829493165,-0.004630661020719518,2024,7
2024-09-23,0.043937575030012,0.012663560646925942,0.01825100794270427,-0.005587447295778326,2024,7
2024-09-24,0.0878772599835524,0.0005715281388764759,-0.0025851448430265988,0.0031566729819030746,2024,7
2024-09-25,-0.0846578631452581,-0.0029229010681132263,0.0007728186649045843,-0.0036957197330178106,2024,7
2024-09-26,-0.14881152460984393,-0.03031591044371592,-0.018065148353522943,-0.012250762090192976,2024,7
2024-09-27,0.16355734836283034,-0.02717599584399364,-0.06035898165417612,0.03318298581018248,2024,7
2024-09-30,0.43228966626870924,-0.015824596511156485,-0.06611806810930956,0.050293471598153075,2024,7
2024-10-01,0.21728691476590636,-0.038474572048235865,-0.0650986531099629,0.02662408106172704,2024,7
2024-10-04,0.3735023651104211,-0.02498310389892928,-0.0659804207171614,0.04099731681823211,2024,7
2024-10-07,-0.09368547418967586,-0.021595378279303322,-0.009161101946705441,-0.01243427633259788,2024,7
2024-10-08,-0.2168067226890756,-0.02862672966773424,-0.023174319438787404,-0.005452410228946835,2024,7
2024-10-09,-0.22660264105642255,-0.031041288029074465,-0.0033721066959384594,-0.027669181333136006,2024,7
2024-10-11,-0.15515006002400963,-0.012424968803369973,0.0026909109004623287,-0.015115879703832302,2024,7
2024-10-14,-0.06112991910331269,-0.008869094163622481,-0.012921755761536768,0.004052661597914287,2024,7
2024-10-15,0.023193834192380223,-0.0016349973926507832,-0.004329415931596814,0.0026944185389460307,2024,7
2024-10-16,-0.01819927971188475,0.008259718428193275,0.008587965703883349,-0.00032824727569007346,2024,7
2024-10-17,-0.24869147659063626,0.011679420776087412,0.018444228684894193,-0.006764807908806781,2024,7
2024-10-18,0.2599279711884754,0.023639135735246265,-0.010605429050566374,0.03424456478581264,2024,7
2024-10-21,-0.03490996398559423,0.007558441118818626,0.014879093349031026,-0.0073206522302124,2024,7
2024-10-22,0.008403361344537815,0.008902687945775867,0.006113819927401021,0.002788868018374846,2024,7
2024-10-23,0.0014885954381752698,0.0184553453003664,0.010226976024674417,0.008228369275691982,2024,7
2024-10-24,-0.12134453781512604,0.019736110044715083,0.010065768158610332,0.009670341886104751,2024,7
2024-10-25,-0.1228811524609844,0.005955666187599518,0.00978309219656508,-0.0038274260089655628,2024,7
2024-10-28,0.19740696278511405,0.018713424577539207,-0.005841744409190918,0.024555168986730123,2024,7
2024-10-29,0.5547659063625451,0.021441648373795474,-0.028390184317141708,0.04983183269093718,2024,7
2024-10-30,0.5838655462184873,0.015081505515553983,-0.03821011274937811,0.053291618264932096,2024,7
2024-11-01,0.3785354141656663,0.0002956788717487502,-0.030537622218516802,0.030833301090265552,2024,7
2024-11-04,0.06141656662665066,0.0017242214259744816,-0.013266202333584087,0.014990423759558568,2024,7
2024-11-05,0.16638655462184873,0.003951590524318693,-0.02015151790341597,0.024103108427734665,2024,7
2024-11-06,-0.08014405762304923,-0.011609522117043969,0.0011740691768106991,-0.012783591293854668,2024,7
2024-11-07,0.22391356542617047,0.013101238432640872,-0.00912853394947295,0.02222977238211382,2024,7
2024-11-08,-0.05459783913565427,0.01266301224628399,0.015700445673389775,-0.0030374334271057856,2024,7
2024-11-11,-0.03759903961584634,0.014156934449781144,0.008867459156722735,0.005289475293058409,2024,7
2024-11-12,-0.21872749099639854,0.004944197769466241,0.02269883606101445,-0.01775463829154821,2024,7
2024-11-13,-0.09051620648259305,0.007729681937311906,0.013179830073218901,-0.005450148135906996,2024,7
2024-11-14,-0.01944777911164466,0.014993729538098976,0.005324836921920961,0.009668892616178015,2024,7
2024-11-15,0.19116446578631452,0.004058415387287873,-0.0026085352124371906,0.0066669505997250635,2024,7
2024-11-18,0.14823529411764705,0.015456364241331155,0.007709274549188061,0.007747089692143094,2024,7
2024-11-19,-0.08907563025210084,0.005917686365670927,0.011425010678029557,-0.00550732431235863,2024,7
2024-11-20,-0.18146458583433375,0.0014537701206218888,0.007220696963460971,-0.005766926842839082,2024,7
2024-11-21,-0.015462556128253485,0.009429061764351886,-0.007016850643948058,0.016445912408299942,2024,7
2024-11-22,-0.33330932324909146,-0.0137163760988526,0.01962837448955227,-0.03334475058840487,2024,7
2024-11-25,0.13757503001200477,-0.0032957615388585883,-0.03074210134351656,0.027446339804657972,2024,7
2024-11-26,-0.12619750777965888,-0.020242187303479996,-0.008900621448592095,-0.011341565854887901,2024,7
2024-11-27,0.25043219391149957,-0.00456469132999191,-0.027382974217472454,0.022818282887480543,2024,7
2024-11-28,0.24533013205282111,-0.0015632411350844256,-0.03195716291320168,0.030393921778117252,2024,7
2024-11-29,0.22861944777911164,0.008874933820263687,-0.01826837636432832,0.027143310184592005,2024,7
2024-12-02,-0.060168067226890755,0.01869846350903561,0.014190782163098204,0.004507681345937407,2024,7
2024-12-03,-0.1470828331332533,-0.0010241390744879953,0.007907517974871148,-0.008931657049359144,2024,7
2024-12-04,-0.18069627851140455,-0.010336130215293893,0.0028462897763011584,-0.013182419991595052,2024,7
2024-12-05,-0.31614080729791944,-0.026376028678843498,0.010458265602375361,-0.03683429428121886,2024,7
2024-12-06,-0.35838455669444313,-0.038219381902185656,0.011144844979806001,-0.04936422688199166,2024,7
2024-12-09,-0.3231212484993997,-0.07213204925075278,-0.02675596110027122,-0.04537608815048157,2024,7
2024-12-10,-0.3454021608643457,-0.0413219027132695,-0.014093670983228102,-0.027228231730041397,2024,7
2024-12-11,-0.25743097238895557,-0.01534096014070575,0.0006330275167090504,-0.0159739876574148,2024,7
2024-12-12,-0.09902036123595628,-0.01689186319974012,-0.003541948696367003,-0.013349914503373117,2024,7
2024-12-13,-0.026842737094837935,0.00836716851626369,0.0034565273116256455,0.004910641204638044,2024,7
2024-12-16,0.4447058823529411,0.02905638102608188,-0.0068980240985456074,0.035954405124627484,2024,7
2024-12-17,0.10559423769507804,0.003862186240347909,-0.002052028904269687,0.005914215144617596,2024,7
2024-12-18,0.0501812768758537,0.003542846120481613,-0.0006451517283475372,0.00418799784882915,2024,7
2024-12-19,0.1936614645858343,-0.006013434373276438,-0.01344444966095878,0.0074310152876823415,2024,7
2024-12-20,0.283937575030012,0.003986532359636474,-0.006997958697705031,0.010984491057341506,2024,7
2024-12-23,-0.3101154890567112,-0.015482358774898031,-0.0034347284639579144,-0.012047630310940118,2024,7
2024-12-24,-0.07130852340936374,-0.02014892832438402,-0.0047823578979162675,-0.015366570426467753,2024,7
2024-12-25,-0.06112845138055222,-0.006553872492675516,0.0025311669994548926,-0.009085039492130409,2024,7
2024-12-26,-0.08244897959183674,-0.024291093500973547,-0.005688794198662717,-0.018602299302310832,2024,7
2024-12-27,-0.00043217286914765904,-0.03132787539580371,-0.02911518985695748,-0.002212685538846227,2024,7
2024-12-30,0.03673469387755102,-0.01723825211265445,-0.016723463772690163,-0.000514788339964288,2024,7
2024-12-31,0.22737094837935176,0.004170227952340377,-0.019921161155004596,0.02409138910734497,2024,7
2025-01-02,0.4713085234093637,-0.007155324563084176,-0.04931250296308447,0.04215717840000029,2025,7
2025-01-03,0.523937575030012,-0.006922432215832375,-0.05947788172316735,0.05255544950733498,2025,7
2025-01-06,0.1419001657111461,0.00017935327846576587,-0.010735233321531234,0.010914586599997,2025,7
2025-01-07,0.4421714808352736,0.013949974331157577,-0.03706307922342381,0.05101305355458139,2025,7
2025-01-08,0.026266506602641054,-0.00811128440019665,-0.023864700072833634,0.015753415672636984,2025,7
2025-01-09,-0.47466986794717886,-0.022627189000022363,0.03659604692750754,-0.059223235927529906,2025,7
2025-01-10,-0.2146510120909723,0.0033523107099849513,0.04076820629444404,-0.03741589558445909,2025,7
2025-01-13,-0.09858343337334932,-0.00035761878311195704,0.030924904983605582,-0.031282523766717536,2025,7
2025-01-14,-0.21728691476590636,-0.017454044421595982,-0.0036532772800575096,-0.013800767141538472,2025,7
2025-01-15,-0.06919567827130851,0.009720937290446097,0.020105488093063395,-0.010384550802617298,2025,7
2025-01-16,0.3203361344537815,0.027379900223689614,-0.0035140226868483728,0.030893922910537986,2025,7
2025-01-17,0.5116446578631452,0.024494486456805586,-0.02626518179926355,0.05075966825606913,2025,7
2025-01-20,0.4364090375576635,0.02147974170632372,-0.051386233666093684,0.0728659753724174,2025,7
2025-01-21,0.1709003601440576,0.026676896974232624,-0.010846209726785128,0.03752310670101775,2025,7
2025-01-22,-0.054405762304921966,-0.01322178254461176,0.002134195340213452,-0.015355977884825211,2025,7
2025-02-03,0.0060984393757503004,-0.006596926449539331,-0.01899901261362604,0.012402086164086711,2025,7
2025-02-04,-0.23145813831733478,-0.008763790788461035,0.019714551203392282,-0.02847834199185332,2025,7
2025-02-05,-0.21747899159663864,0.009763321549937221,0.0072818648534695215,0.0024814566964676994,2025,7
2025-02-06,-0.3473229291716686,0.010569283415558229,0.026657148603668156,-0.016087865188109927,2025,7
2025-02-07,-0.12048308486269563,0.05426227455434114,0.05306127947165553,0.0012009950826856117,2025,7
2025-02-10,-0.43588081359054925,0.006118028394199726,0.037610375929745865,-0.03149234753554614,2025,7
2025-02-11,-0.30310451640228564,0.011275305958334281,0.022608363475925763,-0.011333057517591482,2025,7
2025-02-12,-0.5681152460984393,0.0036457395867149135,0.10344279627604838,-0.09979705668933347,2025,7
2025-02-13,-0.3912124849939976,-0.0013225267325942757,0.034778566520777446,-0.03610109325337172,2025,7
2025-02-14,-0.2844177671068427,-0.0030279241939929367,0.02859910711420206,-0.031627031308195,2025,7
2025-02-17,0.05968787515006002,0.025403129243132518,0.017588389465446587,0.00781473977768593,2025,7
2025-02-18,0.15793517406962787,0.022238277128394435,-0.005344907505510399,0.027583184633904835,2025,7
2025-02-19,0.16168067226890756,0.028754074465451418,0.02090763518532951,0.007846439280121908,2025,7
2025-02-20,0.390558970869075,0.037899900983924394,0.007966744154373618,0.029933156829550778,2025,7
2025-02-21,0.38967587034813916,0.0529237505486558,0.008253227447407762,0.04467052310124804,2025,7
2025-02-24,0.3784393757503001,0.036354027711293736,0.004474770876378198,0.03187925683491554,2025,7
2025-02-25,0.17128451380552218,0.02121755333983504,0.0030631208313555147,0.018154432508479524,2025,7
2025-02-26,0.3915966386554621,0.03998898190646784,0.0137531022691319,0.026235879637335938,2025,7
2025-02-27,-0.15726290516206481,0.014948620515157784,0.03653780945182202,-0.021589188936664238,2025,7
2025-03-03,-0.06448979591836734,0.012838692088072057,0.03225269900368176,-0.019414006915609704,2025,7
2025-03-04,0.16283313325330132,0.027875942228720786,0.005957793752813056,0.02191814847590773,2025,7
2025-03-05,0.2708763505402161,0.020367468571979196,0.002703359232287872,0.017664109339691324,2025,7
2025-03-06,0.1598559423769508,0.01777559928628857,0.019435440537384708,-0.0016598412510961391,2025,7
2025-03-07,0.06991764510166792,0.010625277549395762,0.01432318960864729,-0.0036979120592515284,2025,7
2025-03-10,-0.19462184873949578,0.0046180596868549365,0.016989102572841308,-0.012371042885986372,2025,7
2025-03-11,-0.11462184873949578,0.0008931414265109239,0.02116207981050904,-0.020268938383998115,2025,7
2025-03-12,0.1594717887154862,0.01066215591204216,-0.0002433577487890637,0.010905513660831223,2025,7
2025-03-13,-0.19990396158463383,-0.010334659584844086,0.007180190250902263,-0.01751484983574635,2025,7
2025-03-14,0.11250900360144059,0.001174181722958012,-0.00984028250769382,0.011014464230651833,2025,7
2025-03-17,0.3776321161260416,0.002819803920009045,-0.018579368202835223,0.021399172122844267,2025,7
2025-03-18,0.22823529411764704,-0.01641964606037418,-0.026724864553772022,0.010305218493397841,2025,7
2025-03-19,0.3541106419757234,0.005420687209140462,-0.012080531995394328,0.01750121920453479,2025,7
2025-03-20,0.5677310924369748,0.030413997807968763,-0.009541254140040478,0.03995525194800924,2025,7
2025-03-21,0.5103001200480192,0.04142731261242468,-0.020046525815531714,0.061473838427956395,2025,7
2025-03-24,0.6353573917171487,0.04217985081512428,-0.016815039144801668,0.058994889959925946,2025,7
2025-03-25,0.6538932509267941,0.03557451364951273,-0.02843313854260795,0.06400765219212068,2025,7
2025-03-26,0.5810804321728692,0.03131983561629396,-0.010663600003505868,0.04198343561979982,2025,7
2025-03-27,0.5818487394957984,0.06246661341642205,-0.028286120435414962,0.090752733851837,2025,7
2025-03-28,0.4680432172869148,0.06127463122097905,-0.05005751631342231,0.11133214753440136,2025,7
2025-03-31,-0.004465786314525811,0.020760388529141395,0.007080137501895467,0.013680251027245929,2025,7
2025-04-01,0.4899399759903961,0.07886785552315205,-0.049002262234407,0.12787011775755905,2025,7
2025-04-02,0.41493397358943573,0.005903404563269233,-0.05431246971208799,0.06021587427535722,2025,7
2025-04-07,-0.29998319296024695,-0.04981525028945403,0.0029008045259755755,-0.052716054815429604,2025,7
2025-04-08,0.09166866746698678,0.032123880326110944,0.033688604367305384,-0.0015647240411944402,2025,7
2025-04-09,0.21267707082833132,0.039571370266564675,0.006109494504324098,0.03346187576224058,2025,7
2025-04-10,0.285968114044675,0.02565036112292064,-0.011248724580320169,0.03689908570324081,2025,7
2025-04-11,0.23155417903862827,0.04321871338224757,0.022602594672074185,0.020616118710173388,2025,7
2025-04-14,0.12379648974732138,0.01726729838952191,0.014194462615481906,0.003072835774040005,2025,7
2025-04-15,0.24611025767908634,0.039506842663695106,0.011576658539279583,0.027930184124415523,2025,7
2025-04-16,0.20470588235294118,0.014250798508467267,-0.009274121684909131,0.023524920193376396,2025,7
2025-04-17,0.05945063395252856,-0.0059048401450325525,-0.024524905571013823,0.01862006542598127,2025,7
2025-04-18,-0.25916588641050947,-0.03077313565168611,-0.004446620084341424,-0.026326515567344687,2025,7
2025-04-21,0.03750300120048019,-0.04175450451602051,-0.04862345737254731,0.0068689528565267985,2025,7
2025-04-22,0.0341441161113479,-0.025068105328633617,-0.030345190519749553,0.005277085191115936,2025,7
2025-04-23,-0.19452581032412963,-0.03448034732558719,-0.019485620025816042,-0.014994727299771148,2025,7
2025-04-24,-0.1867992029158573,-0.04307088724828256,-0.00801681934613101,-0.035054067902151556,2025,7
2025-04-25,0.11534490627349339,-0.00642014751800436,-0.018315966385941563,0.011895818867937204,2025,7
2025-04-28,-0.09128889753130598,0.0005342174933945399,0.02050280253033516,-0.01996858503694062,2025,7
2025-04-29,0.222280912364946,0.016567385949674596,-0.012747604518947709,0.029314990468622307,2025,7
2025-04-30,0.2840884535861727,0.018604146545828294,-0.009296199413469907,0.027900345959298203,2025,7
2025-05-02,0.009555822328931571,0.013238703031944165,0.02026042258140387,-0.007021719549459704,2025,7
2025-05-05,0.35903961584633853,0.009786909387462895,-0.04658119039138825,0.05636809977885114,2025,7
2025-05-06,-0.19414631809481006,-0.04031928381626665,-0.004164715315384704,-0.036154568500881945,2025,7
2025-05-07,-0.043602487467248964,-0.02216307766233836,-0.007901261250668557,-0.014261816411669804,2025,7
2025-05-08,0.03390237461660547,0.020270743725858253,0.018403933116404758,0.0018668106094534946,2025,7
2025-05-09,0.07764705882352942,0.020772033858454886,-0.00580524214470598,0.026577276003160864,2025,7
2025-05-12,0.0979615357193699,0.010131992070562378,0.002961863367633344,0.007170128702929034,2025,7
2025-05-13,-0.02088885688133623,0.014204838511741558,0.03254118401004165,-0.018336345498300093,2025,7
2025-05-14,0.22141656662665066,0.00588275639603626,-0.008765416675183024,0.014648173071219284,2025,7
2025-05-15,0.006626809769251493,-0.0034143011547723813,-0.005349980709972735,0.0019356795552003536,2025,7
2025-05-16,-0.06434728326664495,0.009944643939698994,0.016021727756951286,-0.006077083817252292,2025,7
2025-05-19,-0.04566626650660264,-0.005301527475396551,0.00795574058996099,-0.013257268065357541,2025,7
2025-05-20,0.2504201680672269,0.009234095694951695,-0.014610251007714726,0.02384434670266642,2025,7
2025-05-21,-0.10444679228331957,-0.0016900390503502116,0.006198195253829875,-0.007888234304180087,2025,7
2025-05-22,-0.10376950780312125,-0.005415195979768972,-0.009185475253955588,0.0037702792741866158,2025,7
2025-05-23,-0.1036734693877551,-0.01379763657934796,0.007285099146643492,-0.021082735725991453,2025,7
2025-05-26,-0.014549819927971188,0.013282807027789213,-0.005193724962710611,0.018476531990499825,2025,7
2025-05-27,0.05997599039615846,-0.0015742430965517752,-0.009741126971808955,0.00816688387525718,2025,7
2025-05-28,0.20326530612244897,-0.01171979922082772,-0.015978284032095967,0.004258484811268247,2025,7
2025-05-29,0.0959446805722064,-0.008940725569565855,-0.015379431397011778,0.006438705827445924,2025,7
2025-06-02,0.04845138055222088,-0.018900028276941382,-0.009775497392982734,-0.009124530883958648,2025,7
2025-06-03,-0.17464585834333732,-0.02863047024511075,-0.02236042444114341,-0.006270045803967339,2025,7
2025-06-04,0.07495798319327732,-0.0025934583312124835,-0.00930184921945979,0.006708390888247306,2025,7
2025-06-05,-0.12729891956782713,-0.011683644217307798,-0.022995456905828316,0.011311812688520518,2025,7
2025-06-06,0.3302280912364946,0.010459105545269642,-0.027144709973657144,0.03760381551892679,2025,7
2025-06-09,-0.04009603841536614,-0.007555080152284543,0.001173550768639353,-0.008728630920923896,2025,7
2025-06-10,0.2887464285689075,0.008634886205137138,-0.016468257108442675,0.025103143313579813,2025,7
2025-06-11,0.2967106842737095,0.014274213097520994,-0.023878675568574825,0.03815288866609582,2025,7
2025-06-12,0.046242496998799516,0.00010251776698364524,-0.010785689389881125,0.01088820715686477,2025,7
2025-06-13,-0.05503133330117544,-0.009518639657075134,-0.004636943553360329,-0.0048816961037148054,2025,7
2025-06-16,0.0658343337334934,-0.008058781910598967,-0.01902377631622485,0.010964994405625884,2025,7
2025-06-17,0.17848739495798316,-0.00575697630392088,-0.021482043943480977,0.015725067639560095,2025,7
2025-06-18,0.3709483793517407,0.007824638486706715,-0.02324007617692434,0.031064714663631057,2025,7
2025-06-19,0.14560122951863214,-0.006350313150886555,-0.011754090869933865,0.00540377771904731,2025,7
2025-06-20,-0.23607376131714897,-0.021345289224101005,-0.0009299040384628254,-0.02041538518563818,2025,7
2025-06-23,-0.016470588235294115,-0.006161110659285041,-0.012334262293142972,0.006173151633857931,2025,7
2025-06-24,-0.17128451380552218,-0.020091185026566295,0.0019710644789238895,-0.022062249505490183,2025,7
2025-06-25,-0.18867199698108056,-0.02122631561332673,0.0007692456410787751,-0.021995561254405504,2025,7
2025-06-26,-0.17114867480356363,-0.0064265667618099934,0.00036272950027227413,-0.0067892962620822676,2025,7
2025-06-27,-0.07870537110002317,-0.005477199613138905,0.0028675596128002858,-0.008344759225939191,2025,7
2025-06-30,0.4634333733493397,0.022014452052754107,-0.013650440017505604,0.03566489207025971,2025,7
2025-07-01,0.251386587985736,-0.0024964583764320535,-0.00011010707899947736,-0.002386351297432576,2025,7
2025-07-02,0.10665066026410563,-0.0012726646327610002,-0.007686175087004321,0.006413510454243321,2025,7
2025-07-03,0.5228582410946131,0.01041586043103091,-0.04366733429326597,0.05408319472429688,2025,7
2025-07-04,0.14420168067226888,-0.015039287188687623,-0.029247158501771342,0.014207871313083719,2025,7
2025-07-07,0.13363745498199278,-0.019400004957743532,-0.02517415893780035,0.005774153980056818,2025,7
2025-07-08,0.10415866320115869,-0.02632325226782657,-0.023377515288888005,-0.002945736978938563,2025,7
2025-07-09,0.11750300120048018,-0.006205984964005662,-0.011153557817067283,0.004947572853061621,2025,7
2025-07-10,0.08893370791778091,-0.007958262800376181,-0.034463875818146916,0.026505613017770734,2025,7
2025-07-11,0.16182861537954735,-0.009851342633139692,-0.029506197915686226,0.019654855282546534,2025,7
2025-07-14,0.13340376504048818,-0.009126628443644525,-0.0007713531438322873,-0.008355275299812238,2025,7
2025-07-15,0.03476674110824697,-0.005889531442640516,0.018187234978252198,-0.024076766420892716,2025,7
2025-07-16,0.1971188475390156,-0.009559623945363627,0.017812155167957366,-0.027371779113320994,2025,7
2025-07-17,-0.3103481392557023,-0.0034832096555655555,0.02888876982152889,-0.03237197947709445,2025,7
2025-07-18,-0.09839135654261706,-0.009643669487016804,0.018076557645918458,-0.02772022713293526,2025,7
2025-07-21,-0.42012004801920766,-0.014321941549317974,0.035118441358906516,-0.04944038290822449,2025,7
2025-07-22,0.07419145719922868,0.011957422163508313,0.034356372942105175,-0.02239895077859686,2025,7
2025-07-23,-0.04826046244998369,0.008458172843070988,0.011502104380463719,-0.0030439315373927307,2025,7
2025-07-24,0.07697478991596637,0.02666833157214219,0.01725554386214594,0.009412787709996252,2025,7
2025-07-25,0.040480192076830734,0.013803468753247394,0.021313823931309716,-0.007510355178062322,2025,7
2025-07-28,-0.06746698679471788,0.01799415195010513,0.016688456765052186,0.0013056951850529443,2025,7
2025-07-29,-0.05623049219687875,-0.012192254554315518,0.004410360020603399,-0.016602614574918916,2025,7
2025-07-30,0.15409363745498197,-0.0024165512505274433,-0.04475931787934181,0.042342766628814366,2025,7
2025-07-31,-0.3236572307590947,-0.01854852125175759,0.021857804256210055,-0.04040632550796765,2025,7
2025-08-04,-0.05853541416566627,-0.024118927688600033,-0.014055272727245794,-0.01006365496135424,2025,7
2025-08-05,0.12355342136854741,-0.002178086702268045,0.003537744714785185,-0.00571583141705323,2025,7
2025-08-06,0.1059783913565426,0.003133401889542542,-0.021768917411929333,0.024902319301471874,2025,7
2025-08-07,0.1722970540005388,0.029539367728765042,0.0025563586700269036,0.026983009058738138,2025,7
2025-08-08,0.15736272183939962,0.03839852387595414,0.01472975697710327,0.02366876689885087,2025,7
2025-08-11,0.02357743097238895,0.00952578985519611,0.014931943521335523,-0.005406153666139413,2025,7
2025-08-12,-0.05805522208883554,-0.017274680625174964,-0.0062550853496886275,-0.011019595275486337,2025,7
2025-08-13,-0.02674669867947179,-0.006955674640973475,0.0157165529337019,-0.022672227574675373,2025,7
2025-08-14,0.2052390214042093,0.015226666770224185,0.006500692455813828,0.008725974314410356,2025,7
2025-08-15,-0.1934260126851088,-0.006433329578938318,0.016838621325096594,-0.023271950904034912,2025,7
2025-08-18,-0.018967587034813924,-0.015635377464225674,0.005249437347423336,-0.02088481481164901,2025,7
2025-08-19,-0.1896278511404562,-0.011976510526252515,0.0015316605983942578,-0.013508171124646773,2025,7
2025-08-20,-0.19039615846338534,-0.038302122011770356,-0.005442044339647745,-0.03286007767212261,2025,7
2025-08-21,-0.24331332533013206,-0.024042343224791707,0.0020572547908083716,-0.02609959801560008,2025,7
2025-08-22,-0.1667266921655158,-0.01769613358644906,0.008044732535643395,-0.025740866122092455,2025,7
2025-08-25,0.17013205282112842,0.004727058718902477,0.007082363649242562,-0.0023553049303400853,2025,7
2025-08-26,0.4133973589435774,0.028305138553371134,0.007716746878718861,0.020588391674652273,2025,7
2025-08-27,0.21056422569027608,-0.002259124119091305,-0.014677644804721368,0.012418520685630062,2025,7
2025-08-28,0.3159183673469388,0.008829521506620197,-0.004843816432217596,0.013673337938837793,2025,7
2025-08-29,0.1483313325330132,-0.014811815034565213,0.012080903113608387,-0.0268927181481736,2025,7
2025-09-01,0.049219687875150055,-0.005971385906117188,0.0013816902227177796,-0.007353076128834968,2025,7
2025-09-02,0.16312124849939974,-0.010465579750293575,-0.03850517882240556,0.02803959907211199,2025,7
2025-09-03,-0.14641056422569024,-0.04052503012898623,-0.006586180387314222,-0.03393884974167201,2025,7
2025-09-04,0.08264105642256904,-0.021524329812720712,-0.00908409925450362,-0.012440230558217092,2025,7
2025-09-05,-0.27213138378513196,-0.03689372083988117,-0.000617274153042624,-0.03627644668683855,2025,7
2025-09-08,-0.1996158463385354,-0.03684312505217824,-0.01944285572737865,-0.01740026932479959,2025,7
2025-09-09,-0.14208883553421367,-0.037265951341724037,-0.022624180260105355,-0.014641771081618682,2025,7
2025-09-10,0.03644657863145258,-0.02202918070689409,-0.027718001730520248,0.005688821023626157,2025,7
2025-09-11,-0.040337102943269955,-0.0004320558681872533,-0.014335536750605782,0.013903480882418528,2025,7
2025-09-12,0.000960407212934999,0.018381838509293136,0.006458895594121994,0.011922942915171143,2025,7
2025-09-15,-0.14410564225690276,-0.022478872604796474,-0.013004015036333805,-0.009474857568462669,2025,7
2025-09-16,0.08115440949300741,-0.01916458739100777,-0.039559258916500695,0.020394671525492923,2025,7
2025-09-17,-0.003793608491093246,-0.013603374329745477,-0.014035068615792633,0.0004316942860471563,2025,7
2025-09-18,0.029339735894357743,-0.028032215000137438,-0.03781333451092944,0.009781119510792004,2025,7
2025-09-19,0.24317510631514175,-0.0080231324919677,-0.02931719589793823,0.02129406340597053,2025,7
2025-09-22,-0.07399759903961585,-0.014461561831129111,0.006603215562899134,-0.021064777394028247,2025,7
2025-09-23,-0.01906362545018007,0.020910057895078514,0.0059264840489599456,0.014983573846118568,2025,7
2025-09-24,-0.03788715486194477,0.013691455824718913,0.0025603019303682474,0.011131153894350666,2025,7
2025-09-25,0.09464585834333733,-0.03501618281129123,-0.0462997424382746,0.011283559626983374,2025,7
2025-09-26,-0.22435112494161577,-0.057610255876781,-0.0206701036084029,-0.0369401522683781,2025,7
2025-09-30,-0.03932773109243697,0.0006718782388212996,-0.027523925497340195,0.028195803736161495,2025,7
2025-10-01,0.362016806722689,0.008715233883636365,-0.03452452031062765,0.04323975419426401,2025,7
2025-10-02,-0.07332533013205282,-0.0014433647162965357,-0.02129042130780647,0.019847056591509937,2025,7
2025-10-03,0.1640816326530612,0.015382627405817317,-0.0002550472398661019,0.015637674645683417,2025,7
2025-10-07,0.06756626976672672,-0.01808773197146384,-0.036738646975403556,0.018650915003939717,2025,7
2025-10-08,0.10151747994801727,-0.02125407166749519,-0.02369532115761418,0.00244124949011899,2025,7
2025-10-09,0.10290763286598514,0.022930457459553764,-0.012206568649696815,0.03513702610925058,2025,7
2025-10-13,-0.06185170963720257,0.0018972291458738022,-0.005200363300160582,0.007097592446034384,2025,7
2025-10-14,0.2331332533013205,0.010897229649039808,-0.01794966845806275,0.02884689810710256,2025,7
2025-10-15,0.07774309723889555,0.002439911167492059,-0.0014947383720133045,0.003934649539505364,2025,7
2025-10-16,-0.0054264310473632685,0.003527042340011366,0.0011132140099391896,0.0024138283300721764,2025,7
2025-10-17,0.09186074429771908,-0.0007382020856201099,-0.016787754162477585,0.016049552076857477,2025,7
2025-10-20,0.10271308523409363,0.019361995884446183,0.0023083280654726535,0.01705366781897353,2025,7
2025-10-21,0.04288527129227436,0.004170193157846569,-0.027765424323877595,0.03193561748172417,2025,7
2025-10-22,0.05968930828391019,-0.01076961093428791,-0.02525064745664205,0.014481036522354142,2025,7
2025-10-23,-0.020888355342136854,-0.020171393440594498,-0.009466647850590326,-0.010704745590004172,2025,7
2025-10-27,-0.029484501437104467,-0.010017563866751155,0.006519636865456246,-0.0165372007322074,2025,7
2025-10-28,0.203179024437115,0.00517642276792909,0.00605399346800648,-0.0008775707000773895,2025,7
2025-10-29,0.19548619447779111,0.01985574284023809,0.009195035042099254,0.010660707798138836,2025,7
2025-10-30,0.2505222214940945,0.02848569852031726,0.003822514385216258,0.024663184135101,2025,7
2025-10-31,0.15217286914765904,0.0259122204334019,-0.0037199601793262206,0.029632180612728123,2025,7
2025-11-03,0.19577430972388954,0.02325467986317532,-0.015867129129539304,0.03912180899271463,2025,7
2025-11-04,0.2367827130852341,0.051118892172348086,-0.011465798359587508,0.06258469053193559,2025,7
2025-11-05,0.10338535414165667,0.023797689663191724,0.0023505531121925994,0.021447136550999123,2025,7
2025-11-06,-0.3224489795918367,-0.0022383501223601334,0.0660186080058485,-0.06825695812820863,2025,7
2025-11-07,-0.1402641056422569,0.003016836753504326,0.0680683384770796,-0.06505150172357528,2025,7
2025-11-10,-0.18645858343337332,0.015997524004083108,0.037199694241067296,-0.02120217023698419,2025,7
2025-11-11,-0.17224489795918366,0.010876630589980906,0.05666762218672837,-0.04579099159674746,2025,7
2025-11-12,0.023193277310924368,0.005835250715641238,0.007640047437559971,-0.0018047967219187331,2025,7
2025-11-13,0.006434728326664493,-0.005181335256541941,0.00514689579265073,-0.010328231049192671,2025,7
2025-11-14,-0.16801920768307324,0.005876896672462062,0.033163988624825266,-0.027287091952363205,2025,7
2025-11-17,0.05392557022809123,0.010306993398249175,0.0058387412851643615,0.004468252113084814,2025,7
2025-11-18,-0.012148859543817525,-0.00597251198829637,-0.013128655375679931,0.007156143387383561,2025,7
2025-11-19,-0.28537815126050414,-0.02721027017875708,0.006203145585401604,-0.03341341576415868,2025,7
2025-11-20,-0.47601440576230486,-0.007499830113597316,0.04713068548215771,-0.054630515595755026,2025,7
2025-11-21,0.09397358943577432,0.007052424983007155,-0.014070688834316447,0.021123113817323604,2025,7
2025-11-24,-0.09762304921968785,-0.006166638152958348,-0.0015659046678997534,-0.004600733485058594,2025,7
2025-11-25,-0.3420092205249664,-0.01425472597450298,0.02732642968336657,-0.04158115565786955,2025,7
2025-11-26,-0.05671068427370948,-0.0033454202614776273,-0.0033071740672298124,-3.824619424781491e-05,2025,7
2025-11-27,-0.02770708283313325,-0.0037286488622055858,-0.012188551649930369,0.008459902787724783,2025,7
2025-11-28,-0.049270073049510754,-0.005176163134754752,0.0023270306409415185,-0.00750319377569627,2025,7
2025-12-01,0.13786314525810325,-0.010989288923933327,-0.012138365972508391,0.0011490770485750642,2025,7
2025-12-02,-0.011668667466986795,-0.02286247318666944,-0.014507191395603991,-0.00835528179106545,2025,7
2025-12-03,-0.09531812725090036,-0.005101814188248899,-0.009098663119132388,0.003996848930883489,2025,7
2025-12-04,-0.08595850951132968,-0.020686979973837137,-0.018776590023235007,-0.0019103899506021302,2025,7
2025-12-05,-0.08677487524411884,0.003439042961922567,0.007723091755234612,-0.004284048793312045,2025,7
2025-12-08,-0.13138370672950786,0.006145006489408722,0.018418595095928924,-0.012273588606520202,2025,7
2025-12-09,0.03212484993997599,0.015462451951323364,0.020954239959102804,-0.0054917880077794395,2025,7
2025-12-10,0.21700400976266304,0.03783007698976996,0.014518707197433178,0.023311369792336778,2025,7
2025-12-11,-0.13392557022809123,-0.012409336664411297,0.01735016676493987,-0.029759503429351165,2025,7
2025-12-12,-0.10991596638655461,-0.009759522344897086,0.006044454324881288,-0.015803976669778376,2025,7
2025-12-15,0.24629051620648257,-0.0033430074155389455,-0.03309051577367804,0.029747508358139094,2025,7
2025-12-16,-0.05815126050420167,-0.016243581140603425,-0.014960657502900866,-0.0012829236377025592,2025,7
2025-12-17,-0.08638655462184873,-0.03097572680589612,-0.009799033602053342,-0.02117669320384278,2025,7
2025-12-18,-0.12470588235294117,-0.017851459379354017,0.0033757249576211734,-0.02122718433697519,2025,7
2025-12-19,-0.184921968787515,-0.01798276817324158,-0.00688804910603279,-0.01109471906720879,2025,7
2025-12-22,-0.17349756301670755,-0.02296954191353461,-0.005592397628159907,-0.0173771442853747,2025,7
2025-12-23,-0.31607001377690813,-0.02918662875809642,-0.009785388442358234,-0.019401240315738186,2025,7
2025-12-24,-0.4996398559423769,-0.073393176433101,-0.014801679656200962,-0.058591496776900044,2025,7
2025-12-26,-0.14304921968787515,-0.05632680213639809,-0.04057667776456817,-0.01575012437182992,2025,7
2025-12-29,-0.10867007614359513,-0.044537056720922306,-0.03711295264141641,-0.007424104079505896,2025,7
2025-12-30,-0.1887200173417273,-0.05146689811272108,-0.03901129083564002,-0.01245560727708106,2025,7
2025-12-31,0.019639855942376952,-0.03513471750067944,-0.05334798531744476,0.01821326781676532,2025,7
2026-01-02,0.17316973656472648,-0.01793531331291869,-0.030229535051329814,0.012294221738411125,2026,7
2026-01-05,0.186083365562236,0.02109511557504351,-0.005017145964175651,0.02611226153921916,2026,7
2026-01-06,-0.14300463400602137,-0.007004925074601665,-0.0043281626784344215,-0.002676762396167243,2026,7
2026-01-07,0.07020745293891663,-0.008199096873214195,-0.04053197299657314,0.032332876123358945,2026,7
2026-01-08,0.20278511404561822,0.0062813627105123395,-0.01837949716327545,0.02466085987378779,2026,7
2026-01-09,-0.0401459854477495,0.020799662730591174,0.007137779024886904,0.01366188370570427,2026,7
2026-01-12,-0.23582232893157262,-0.04639652706371582,0.0161886306732437,-0.06258515773695952,2026,7
2026-01-13,0.0914765906362545,-0.004343048709130615,0.0024043957047394926,-0.0067474444138701075,2026,7
2026-01-14,0.15654637570840485,0.024191093652393924,-0.0417998722647307,0.06599096591712462,2026,7
2026-01-15,0.02780445642852507,0.008033544674491322,-0.02298391066190426,0.031017455336395584,2026,7
2026-01-16,-0.26031212484994,-0.022306371993325625,0.016015177861805497,-0.03832154985513112,2026,7
2026-01-19,-0.1515042378404961,0.011440799909973553,0.015867552820139165,-0.004426752910165612,2026,7
2026-01-20,0.12845138055222088,0.007707905278545346,-0.014029214165376636,0.02173711944392198,2026,7
2026-01-21,0.3268745949224269,0.010847130309110654,-0.0440168575449998,0.05486398785411045,2026,7
2026-01-22,0.17302982359021785,0.0022565599473892916,-0.009802846024550838,0.01205940597194013,2026,7
2026-01-23,-0.22771255018688827,-0.01700684226658592,0.027317690639562596,-0.04432453290614852,2026,7
2026-01-26,0.08321928500081766,0.0003043899433651465,-0.027175423997192104,0.02747981394055725,2026,7
2026-01-27,0.035006002400960384,-0.031116604963866656,-0.015648636618329603,-0.015467968345537052,2026,7
2026-01-28,0.062184873949579826,-0.010628148977977536,0.02239624366808146,-0.033024392646059,2026,7
2026-01-29,-0.5290883336058909,-0.040816569692834134,0.034862476341627494,-0.07567904603446163,2026,7
2026-01-30,0.01863189993093898,-0.01626938598472739,-0.015430762880094206,-0.0008386231046331842,2026,7
2026-02-02,0.06996398559423768,-0.002290015791153133,0.00012142028298017804,-0.002411436074133311,2026,7
2026-02-03,-0.028475390156062427,-0.019047633515399575,-0.02994976677863459,0.010902133263235015,2026,7
2026-02-04,0.3478031212484994,-0.01549323832749847,-0.05722294679514387,0.0417297084676454,2026,7
2026-02-05,0.5054021608643458,0.04181810675912947,-0.07789721712100045,0.11971532388012993,2026,7
2026-02-06,0.39476590636254505,0.00025005337795988016,-0.06691348581140666,0.06716353918936654,2026,7
2026-02-09,0.19880906669100826,0.024109484108626456,-0.046479028233832854,0.0705885123424593,2026,7
2026-02-10,0.1210564225690276,0.057585389337609115,0.02331601506190777,0.03426937427570134,2026,7
2026-02-11,0.05426431047363269,0.030985193097513176,0.017632907492184925,0.013352285605328251,2026,7
2026-02-23,-0.12316926770708284,0.00239662637181699,0.016846925476482366,-0.014450299104665377,2026,7
2026-02-24,0.09604072129349991,-0.017187046534474948,0.0023086048179395413,-0.01949565135241449,2026,7
2026-02-25,0.04518607442977191,0.008593132870799325,-0.0009067805094299275,0.009499913380229253,2026,7
2026-02-26,0.029819927971188476,0.0013801561520543014,0.012361827897117284,-0.010981671745062982,2026,7
2026-03-02,-0.3331172418065044,-0.027483534933302422,0.02094619394339343,-0.04842972887669585,2026,7
2026-03-03,0.18933973589435774,0.01638169525207268,-0.02959166212080887,0.04597335737288155,2026,7
2026-03-04,-0.10021608643457382,-0.0007813298494850574,0.003826343154576195,-0.004607673004061253,2026,7
2026-03-05,-0.16106028960919933,0.009488424824413089,0.013923132795027738,-0.004434707970614649,2026,7
2026-03-06,0.25489207431294875,0.03449581869196592,-0.005720577155305673,0.040216395847271595,2026,7
2026-03-09,0.33748709462535864,0.07011230040501724,-0.0023513696115685543,0.0724636700165858,2026,7
2026-03-10,-0.21056422569027608,0.0028701672164070935,0.007644615719930669,-0.004774448503523576,2026,7
2026-03-11,-0.07140799086220515,0.024555498688136047,0.018090038722464785,0.0064654599656712615,2026,7
2026-03-12,0.47025210084033614,0.07428879669962409,-0.014843500338476211,0.0891322970381003,2026,7
2026-03-13,-0.04172869147659064,0.018907910725320255,0.015413453605814231,0.0034944571195060243,2026,7
2026-03-16,-0.010996398559423769,0.020403787166469088,-0.012569174766962354,0.03297296193343144,2026,7
2026-03-17,-0.20115729074923552,-0.006806013920273901,0.010938031256461755,-0.017744045176735657,2026,7
2026-03-18,-0.22228624943380554,0.0064935007509835715,0.005835171728951505,0.0006583290220320663,2026,7
2026-03-19,-0.10939038155329638,-0.008186111022149601,0.025259686017610118,-0.03344579703975972,2026,7
2026-03-20,-0.1720089318366583,-0.0033057760999541273,0.0018662168186419858,-0.005171992918596113,2026,7
2026-03-23,-0.026603279798299472,0.03303292910966332,0.03397303297168801,-0.0009401038620246854,2026,7
2026-03-24,0.04288218205754771,0.014471365310688222,0.009325858649182861,0.00514550666150536,2026,7
2026-03-25,-0.26238325057384176,-0.015339727245819001,0.01353557143088303,-0.028875298676702032,2026,7
2026-03-26,-0.07505582369087019,0.004972156973038089,-0.010837712796752242,0.01580986976979033,2026,7
2026-03-27,0.2182097582231743,-0.011089215507033368,-0.05022380366814759,0.039134588161114224,2026,7
2026-03-30,0.3842109055346464,-0.02236520521666744,-0.05425654226542914,0.0318913370487617,2026,7
2026-03-31,0.38219405038748283,0.04510533978233391,-0.05351353854505393,0.09861887832738783,2026,7
2026-04-01,0.34146458583433376,0.0255580790592145,-0.043536640408983175,0.06909471946819767,2026,7
2026-04-02,0.41186074429771913,0.02847850046765419,-0.0706077380987541,0.0990862385664083,2026,7
2026-04-07,0.34565055593530614,-0.0039806550278216665,-0.05940230755856707,0.0554216525307454,2026,7
2026-04-08,0.26761104441776706,0.03236031236935594,-0.040041989148170455,0.07240230151752639,2026,7
2026-04-09,-0.00902782780158899,0.002000563365440389,-0.0036999802345394684,0.005700543599979857,2026,7
2026-04-10,-0.2594059882137432,0.020464895015172478,0.04644558097157343,-0.025980685956400955,2026,7
2026-04-13,-0.04009603841536614,0.02289042196378348,0.01102639183250791,0.011864030131275571,2026,7
2026-04-14,0.2434093637454982,0.03508499201125352,-0.008219859004098374,0.04330485101535189,2026,7
2026-04-15,0.18449865561035117,0.049474591320181636,0.012267857904669666,0.03720673341551197,2026,7
2026-04-16,0.06338992020672184,-0.0015630773858970382,-0.016090645930146308,0.01452756854424927,2026,7
2026-04-17,0.05902127482441791,-0.023480941597430284,-0.05855408342566881,0.03507314182823853,2026,7
2026-04-20,0.15731470147875282,-0.02898224188574201,-0.0737442735688218,0.04476203168307978,2026,7
2026-04-21,0.1829051620648259,-0.0062618349066722034,-0.02892589933885268,0.022664064432180477,2026,7
2026-04-22,0.2927321185025877,-0.017157008884491086,-0.032998941753125066,0.01584193286863398,2026,7
2026-04-23,0.43429614168920655,0.025390126576202144,-0.04854560492827784,0.07393573150447999,2026,7
2026-04-24,0.052778178219719515,0.029662162299940377,0.012989938926210443,0.016672223373729936,2026,7
2026-04-27,0.30048504196613735,0.05211283088838187,-0.023862556117492238,0.07597538700587411,2026,7
2026-04-28,0.1570745996755191,0.023008880958175704,-0.016432741846625964,0.039441622804801665,2026,7
2026-04-29,0.06372454867124831,0.006631498843998729,-0.009240222335593684,0.015871721179592412,2026,7
2026-04-30,0.16782713085234094,0.03623592339033286,-0.030281208910462744,0.0665171323007956,2026,7
2026-05-04,0.11270649263859817,0.03797681919824962,0.03216068003124983,0.005816139166999787,2026,7
2026-05-05,0.1330644193521441,0.03591665885271857,0.009893757976402429,0.026022900876316146,2026,7
2026-05-06,0.16869147659063624,0.07367210132871588,0.030545642377089975,0.0431264589516259,2026,7
2026-05-07,0.15909145482268258,0.021234700675259444,-0.0017155285603508875,0.022950229235610332,2026,7
2026-05-08,-0.04389060963112945,0.003139512541526268,-0.011513924965305688,0.014653437506831957,2026,7
2026-05-11,-0.07102211339654317,0.008655775809247378,-0.02005542545244038,0.028711201261687757,2026,7
2026-05-12,-0.16797522154233133,-0.024053625853536008,0.022659949006755352,-0.04671357486029136,2026,7
2026-05-13,-0.3830103965184776,-0.0058182466491910724,0.03703137203985474,-0.04284961868904581,2026,7
2026-05-14,-0.013685474189675868,0.020135673867780934,0.03607470179711597,-0.015939027929335037,2026,7
2026-05-15,0.5885714285714285,0.045911482667101954,-0.0662653062966244,0.11217678896372635,2026,7
2026-05-18,0.5424729891956783,0.05039166253554841,-0.07141770611538677,0.12180936865093517,2026,7
2026-05-19,0.6782875941353431,0.08050852032327968,-0.09940460195107845,0.17991312227435813,2026,7
2026-05-20,0.4158563232008545,-0.001930853455251813,-0.10470400797765182,0.1027731545224,2026,7
2026-05-21,0.47708228302546074,0.032411099944651175,-0.08480223671224844,0.11721333665689962,2026,7
2026-05-22,0.02069627851140456,-0.002725156872613732,0.0001227503897418547,-0.0028479072623555867,2026,7
2026-05-25,0.2690645412245699,0.048418796376696605,0.0018078984561749722,0.04661089792052163,2026,7
2026-05-26,0.10165910348916965,0.02202136057183469,-0.022594014242784,0.04461537481461869,2026,7
2026-05-27,0.15107205459467535,0.02504165989578778,0.014711875725265378,0.010329784170522403,2026,7
2026-05-28,-0.5025210084033613,-0.05112218697940839,0.09719955270934408,-0.14832173968875245,2026,7
2026-05-29,-0.3707171841929096,-0.053991207862646017,0.05297930869114459,-0.10697051655379061,2026,7
2026-06-01,-0.24379351740696276,-0.021000546661759757,0.03916938604234096,-0.06016993270410072,2026,7
2026-06-02,-0.05546218487394958,0.028274445312428988,0.033382886616332506,-0.005108441303903519,2026,7
2026-06-03,-0.2613268026396132,0.0052941411131435245,0.05355251845676416,-0.04825837734362064,2026,7
2026-06-04,-0.2599342121808575,0.021066797885997614,0.038389297883010653,-0.01732249999701304,2026,7
2026-06-05,0.19490996398559424,0.06844637315897677,0.00714456757074422,0.06130180558823255,2026,7
2026-06-08,0.025306122448979586,0.04539698613619262,0.03176243442111883,0.013634551715073787,2026,7
2026-06-09,-0.12605042016806722,0.007548087179163221,0.007933919333248085,-0.0003858321540848638,2026,7
2026-06-10,0.3348939951504341,0.0624618359308828,-0.05918480678532392,0.12164664271620672,2026,7
2026-06-11,0.14271993869702335,-0.008161966437140311,-0.06839965741053719,0.06023769097339688,2026,7
2026-06-12,0.23582232893157262,0.04896757027238524,-0.05573534802281588,0.10470291829520112,2026,7
2026-06-15,0.08187274909963986,0.021502340665211783,-0.03182598623397376,0.05332832689918554,2026,7
2026-06-16,0.06204230595560094,0.08826208053599068,-0.022658520160598418,0.1109206006965891,2026,7
2026-06-17,-0.253307402411606,0.023574865692184165,0.039145056082753406,-0.015570190390569241,2026,7
2026-06-18,-0.13734812530336468,0.018193983373076948,0.009810220640142687,0.008383762732934261,2026,7
2026-06-22,-0.05560891285705014,0.00296506387176817,-0.003876536928841312,0.006841600800609481,2026,7
2026-06-23,0.23174626048121524,0.027508486735412018,-0.02892881712532336,0.05643730386073538,2026,7
2026-06-24,0.15399759903961585,-0.01966963328188115,-0.010488670914190123,-0.009180962367691026,2026,7
2026-06-25,-0.15764705882352942,-0.04652375553945899,-0.01143145144204899,-0.03509230409741,2026,7
2026-06-26,0.11270108043217285,0.034570916220632575,-0.03572331988677132,0.0702942361074039,2026,7
2026-06-29,-0.16653860948898955,-0.001954545115204409,0.004248998599939246,-0.006203543715143655,2026,7
2026-06-30,-0.1894013979509931,-0.008059282677987811,0.02440007140277246,-0.03245935408076027,2026,7
2026-07-01,-0.12408759138395299,-0.007279267712218751,0.03043296466015456,-0.03771223237237331,2026,7
2026-07-02,0.03683073229291716,0.014979658661871032,0.01366923100396814,0.0013104276579028913,2026,7
2026-07-03,-0.35423769507803116,-0.02126933921261335,0.011161318010240584,-0.03243065722285393,2026,7
2026-07-06,-0.3213925570228091,0.004540640401163398,0.04990578041835161,-0.04536514001718821,2026,7
2026-07-07,0.03241296518607443,0.031113051973176143,0.007293397403673995,0.02381965456950215,2026,7
2026-07-08,0.08105836877171392,0.024531681162106765,0.00437808465098124,0.020153596511125527,2026,7
2026-07-09,-0.1359423769507803,0.03750758141304363,0.03181768157108141,0.00568989984196222,2026,7
2026-07-10,-0.241974597298973,0.0030124261723432633,0.04674474478791716,-0.0437323186155739,2026,7
2026-07-13,-0.3683553421368547,-0.024658004601115648,0.05543327250410657,-0.08009127710522221,2026,7
2026-07-14,-0.3564551370808248,-0.006431340847626044,0.043103066200684756,-0.0495344070483108,2026,7
2026-07-15,-0.4071548619447779,-0.014458002044725493,0.05665732614211183,-0.07111532818683733,2026,7
2026-07-16,-0.02424969987995198,0.017016597873963656,0.031072007811666823,-0.014055409937703166,2026,7
2026-07-17,-0.11212484993997598,0.0017275282197740216,0.018359886064222765,-0.016632357844448744,2026,7
2026-07-20,-0.32206482593037217,-0.025316194092020138,0.030596390049912225,-0.05591258414193236,2026,7
2026-07-21,-0.5733150857615478,-0.04356635283952822,0.09937992982786073,-0.14294628266738896,2026,7
2026-07-22,0.15937575030012002,0.008539965867246525,0.058217342508350346,-0.04967737664110382,2026,7
2026-07-23,0.2461043483145935,0.02528686544774118,-0.005301359924299776,0.030588225372040957,2026,7
2026-07-24,-0.03711973877993772,-0.05324037247440305,-0.018064806638955277,-0.03517556583544777,2026,7
2026-07-27,0.20883553421368548,0.01781649360252119,-0.02311887792441778,0.04093537152693897,2026,7
2026-07-28,0.6269058082433205,0.057484563236084155,-0.07412973748257395,0.1316143007186581,2026,7
2026-07-29,0.6479231692677071,0.1586055812697285,-0.10966255394815556,0.26826813521788406,2026,7
2026-07-30,0.5682249275329921,0.1337423743536998,-0.04486429135396562,0.17860666570766542,2026,7
2026-07-31,0.3553026484253029,0.06990860750646392,-0.008192224432433693,0.07810083193889762,2026,7
2026-08-03,0.0986338207684244,0.009243307451433869,-0.013392321040083265,0.022635628491517134,2026,7
2026-08-04,-0.11241296518607442,-0.017534649039419613,0.00639980138988222,-0.023934450429301833,2026,7
2026-08-05,0.23885327385693428,0.03475421513673873,-0.007615407883046909,0.04236962301978564,2026,7
2026-08-06,0.4602641056422569,0.05604082151158647,-0.024277326895231065,0.08031814840681753,2026,7
2026-08-07,0.3858343337334934,0.04890816953254971,-0.036964649085418654,0.08587281861796836,2026,7
2026-08-10,0.251386587985736,0.010371035626406688,-0.02149026322824269,0.031861298854649375,2026,7
2026-08-11,0.003985977062999745,0.01478291107767773,0.015294711466814792,-0.0005118003891370626,2026,7
2026-08-12,0.08629051620648259,0.018030253445532253,0.0033629850685111375,0.014667268377021116,2026,7
2026-08-13,0.16470983701835235,0.029116313407870176,-0.011532863430441697,0.04064917683831187,2026,7
2026-08-14,-0.0678592870052255,-0.007886022247946345,0.06335432010987738,-0.07124034235782373,2026,7
2026-08-17,-0.4245480084779163,-0.005071046349830266,0.07817524342254854,-0.08324628977237881,2026,7
2026-08-18,-0.3409210984365686,0.0020714073318127578,0.045428433098262264,-0.04335702576644951,2026,7
2026-08-20,0.5921052631578948,0.02320949721313461,-0.03768032839641243,0.06088982560954704,2026,7
