date,gross_ret,net_ret,0050_ret,equal_weight_ret,buy_turnover,sell_turnover,turnover,transaction_cost,stocks,year,seed,top_k
2018-01-02,0.0364488343774092,0.03497189478842144,0.013863965563603031,0.015995608302274398,1.0,0.0,0.5,0.001425,"2883.TW,2886.TW,4904.TW",2018,7,3
2018-01-02,0.029117408784801894,0.02765091647728357,0.013863965563603031,0.015995608302274398,0.9999999999999999,0.0,0.49999999999999994,0.0014249999999999998,"2883.TW,2886.TW,4904.TW,5880.TW,2880.TW,2884.TW,2002.TW,3231.TW,2892.TW,2887.TW,2618.TW,2379.TW,1101.TW,1303.TW,2885.TW",2018,7,15
2018-01-02,0.035018389428413156,0.033543488223477524,0.013863965563603031,0.015995608302274398,1.0,0.0,0.5,0.001425,"2883.TW,2886.TW,4904.TW,5880.TW,2880.TW",2018,7,5
2018-01-02,0.03270129175928635,0.031229692418529353,0.013863965563603031,0.015995608302274398,1.0000000000000002,0.0,0.5000000000000001,0.0014250000000000003,"2883.TW,2886.TW,4904.TW,5880.TW,2880.TW,2884.TW,2002.TW,3231.TW,2892.TW,2887.TW,2618.TW,2379.TW,1101.TW,1303.TW,2885.TW,1102.TW,3045.TW,2891.TW,2881.TW,2454.TW",2018,7,20
2018-01-02,0.026672156699276486,0.025209148875980025,0.013863965563603031,0.015995608302274398,0.9999999999999999,0.0,0.49999999999999994,0.0014249999999999998,"2883.TW,2886.TW,4904.TW,5880.TW,2880.TW,2884.TW,2002.TW,3231.TW,2892.TW,2887.TW",2018,7,10
2018-01-09,0.003372181143470959,-0.00017351556628519837,0.006539668161630541,0.004547027648275283,0.6040649851154825,0.6040649851154825,0.6040649851154825,0.0035337801629255726,"1590.TW,3008.TW,1216.TW,2892.TW,2412.TW,2357.TW,2886.TW,2327.TW,2345.TW,2881.TW,2002.TW,3017.TW,2880.TW,2912.TW,4904.TW,3711.TW,9910.TW,2885.TW,3034.TW,2618.TW",2018,7,20
2018-01-09,-0.004876150972607518,-0.00953827698134635,0.006539668161630541,0.004547027648275283,0.8008496808285154,0.8008496808285156,0.8008496808285155,0.004684970632846816,"1590.TW,3008.TW,1216.TW,2892.TW,2412.TW,2357.TW,2886.TW,2327.TW,2345.TW,2881.TW",2018,7,10
2018-01-09,-0.004376487208934545,-0.00827018246927469,0.006539668161630541,0.004547027648275283,0.6685146793345541,0.668514679334554,0.668514679334554,0.0039108108741071415,"1590.TW,3008.TW,1216.TW,2892.TW,2412.TW,2357.TW,2886.TW,2327.TW,2345.TW,2881.TW,2002.TW,3017.TW,2880.TW,2912.TW,4904.TW",2018,7,15
2018-01-09,0.008500690039640026,0.0026009610029080754,0.006539668161630541,0.004547027648275283,1.0,0.9999999999999999,1.0,0.005849999999999999,"1590.TW,3008.TW,1216.TW,2892.TW,2412.TW",2018,7,5
2018-01-09,0.014017642543048528,0.008085639334171724,0.006539668161630541,0.004547027648275283,1.0,1.0,1.0,0.00585,"1590.TW,3008.TW,1216.TW",2018,7,3
2018-01-16,0.013110268852655357,0.011042987319128006,0.03957472980937049,0.007712087258277363,0.34880848569706063,0.3488084856970606,0.3488084856970606,0.0020405296413278044,"2345.TW,2884.TW,2412.TW,4904.TW,2327.TW,2892.TW,2880.TW,5880.TW,2002.TW,1216.TW,2618.TW,2885.TW,1590.TW,5876.TW,3008.TW",2018,7,15
2018-01-16,0.008384524808348127,0.005940804840692815,0.03957472980937049,0.007712087258277363,0.414256564558341,0.414256564558341,0.414256564558341,0.002423400902666295,"2345.TW,2884.TW,2412.TW,4904.TW,2327.TW,2892.TW,2880.TW,5880.TW,2002.TW,1216.TW,2618.TW,2885.TW,1590.TW,5876.TW,3008.TW,3045.TW,2887.TW,2615.TW,2454.TW,1303.TW",2018,7,20
2018-01-16,0.04291938624606209,0.03802268800016284,0.03957472980937049,0.007712087258277363,0.8025955277419414,0.8025955277419414,0.8025955277419414,0.004695183837290357,"2345.TW,2884.TW,2412.TW,4904.TW,2327.TW",2018,7,5
2018-01-16,0.034087868459492146,0.02803845442900399,0.03957472980937049,0.007712087258277363,1.0,1.0,1.0,0.00585,"2345.TW,2884.TW,2412.TW",2018,7,3
2018-01-16,0.020906861131887503,0.017804508414861697,0.03957472980937049,0.007712087258277363,0.5194564988789553,0.5194564988789553,0.5194564988789553,0.0030388205184418886,"2345.TW,2884.TW,2412.TW,4904.TW,2327.TW,2892.TW,2880.TW,5880.TW,2002.TW,1216.TW",2018,7,10
2018-01-23,-0.004428587031077291,-0.010252679796945552,-0.01617277867250766,-0.013470273157685802,1.0,1.0,1.0,0.00585,"3008.TW,2603.TW,2891.TW,2615.TW,2886.TW",2018,7,5
2018-01-23,-0.006660805902359768,-0.008746802273603804,-0.01617277867250766,-0.013470273157685802,0.35897161654328974,0.3589716165432899,0.3589716165432898,0.0020999839567782458,"3008.TW,2603.TW,2891.TW,2615.TW,2886.TW,2892.TW,5880.TW,2880.TW,1301.TW,1303.TW,1101.TW,2618.TW,4904.TW,2884.TW,2887.TW,2881.TW,5876.TW,2885.TW,3045.TW,2883.TW",2018,7,20
2018-01-23,0.0012995603246624223,-0.004558042103236959,-0.01617277867250766,-0.013470273157685802,1.0,1.0,1.0,0.00585,"3008.TW,2603.TW,2891.TW",2018,7,3
2018-01-23,-0.003062312076842477,-0.007180602016453874,-0.01617277867250766,-0.013470273157685802,0.7061436183889369,0.706143618388937,0.7061436183889369,0.004130940167575281,"3008.TW,2603.TW,2891.TW,2615.TW,2886.TW,2892.TW,5880.TW,2880.TW,1301.TW,1303.TW",2018,7,10
2018-01-23,-0.004626937254531997,-0.007775464411182376,-0.01617277867250766,-0.013470273157685802,0.5407116090554898,0.5407116090554898,0.5407116090554898,0.0031631629129746154,"3008.TW,2603.TW,2891.TW,2615.TW,2886.TW,2892.TW,5880.TW,2880.TW,1301.TW,1303.TW,1101.TW,2618.TW,4904.TW,2884.TW,2887.TW",2018,7,15
2018-01-30,-0.028587545908640453,-0.034270308765074864,-0.03613751857873937,-0.034971424779102984,1.0,0.9999999999999999,1.0,0.005849999999999999,"2327.TW,9910.TW,2395.TW,1590.TW,2330.TW",2018,7,5
2018-01-30,-0.0317658793696246,-0.0357333438588312,-0.03613751857873937,-0.034971424779102984,0.7004494507407729,0.7004494507407726,0.7004494507407728,0.00409762928683352,"2327.TW,9910.TW,2395.TW,1590.TW,2330.TW,2454.TW,3034.TW,2207.TW,2308.TW,2887.TW,2883.TW,1102.TW,2892.TW,2345.TW,2912.TW,2880.TW,2886.TW,4904.TW,3017.TW,2357.TW",2018,7,20
2018-01-30,-0.0367357954322723,-0.04237089102899361,-0.03613751857873937,-0.034971424779102984,1.0,1.0,1.0,0.00585,"2327.TW,9910.TW,2395.TW",2018,7,3
2018-01-30,-0.029713089712693826,-0.03463585771082889,-0.03613751857873937,-0.034971424779102984,0.8672680154479658,0.867268015447966,0.867268015447966,0.005073517890370601,"2327.TW,9910.TW,2395.TW,1590.TW,2330.TW,2454.TW,3034.TW,2207.TW,2308.TW,2887.TW,2883.TW,1102.TW,2892.TW,2345.TW,2912.TW",2018,7,15
2018-01-30,-0.031040669411736343,-0.03670908149567764,-0.03613751857873937,-0.034971424779102984,0.9999999999999999,0.9999999999999999,0.9999999999999999,0.005849999999999999,"2327.TW,9910.TW,2395.TW,1590.TW,2330.TW,2454.TW,3034.TW,2207.TW,2308.TW,2887.TW",2018,7,10
2018-02-06,0.008734072436829334,0.0051934158425761545,0.001843798177777467,0.005253834693744314,0.6000000000000001,0.6,0.6000000000000001,0.00351,"2327.TW,3008.TW,2345.TW,3037.TW,1590.TW",2018,7,5
2018-02-06,0.0030866257825066692,-0.0004550434738083142,0.001843798177777467,0.005253834693744314,0.6035506132042551,0.6035506132042552,0.6035506132042552,0.003530771087244893,"2327.TW,3008.TW,2345.TW,3037.TW,1590.TW,2330.TW,2207.TW,3017.TW,2408.TW,2379.TW",2018,7,10
2018-02-06,0.013861915523412406,0.010552424736754107,0.001843798177777467,0.005253834693744314,0.5579901090418427,0.5579901090418429,0.5579901090418428,0.0032642421378947803,"2327.TW,3008.TW,2345.TW,3037.TW,1590.TW,2330.TW,2207.TW,3017.TW,2408.TW,2379.TW,1326.TW,5871.TW,9910.TW,1102.TW,2881.TW,3231.TW,3711.TW,2603.TW,2883.TW,1101.TW",2018,7,20
2018-02-06,0.01301595934500502,0.009808903182751072,0.001843798177777467,0.005253834693744314,0.5411708705407324,0.5411708705407328,0.5411708705407325,0.0031658495926632866,"2327.TW,3008.TW,2345.TW,3037.TW,1590.TW,2330.TW,2207.TW,3017.TW,2408.TW,2379.TW,1326.TW,5871.TW,9910.TW,1102.TW,2881.TW",2018,7,15
2018-02-06,-0.022109897295978374,-0.02592366869652407,0.001843798177777467,0.005253834693744314,0.6666666666666666,0.6666666666666666,0.6666666666666666,0.0039,"2327.TW,3008.TW,2345.TW",2018,7,3
2018-02-21,0.0007735065069220503,-0.0028525492528909124,-0.007975610027672886,0.004377143004465862,0.6193595128077483,0.6193595128077481,0.6193595128077483,0.0036232531499253273,"2327.TW,3017.TW,2330.TW,2303.TW,2317.TW,2207.TW,6669.TW,2892.TW,2412.TW,4904.TW",2018,7,10
2018-02-21,0.020157890198969342,0.01521971390518595,-0.007975610027672886,0.004377143004465862,0.8274529932101182,0.8274529932101181,0.8274529932101182,0.004840600010279191,"2327.TW,3017.TW,2330.TW,2303.TW,2317.TW",2018,7,5
2018-02-21,0.009061941589075482,0.004642197022928007,-0.007975610027672886,0.004377143004465862,0.7487269715666611,0.7487269715666611,0.7487269715666611,0.004380052783664968,"2327.TW,3017.TW,2330.TW,2303.TW,2317.TW,2207.TW,6669.TW,2892.TW,2412.TW,4904.TW,2603.TW,2609.TW,2357.TW,3711.TW,2880.TW",2018,7,15
2018-02-21,0.038255381597930994,0.033983372238867826,-0.007975610027672886,0.004377143004465862,0.7033510473814053,0.7033510473814053,0.7033510473814053,0.0041146036271812216,"2327.TW,3017.TW,2330.TW",2018,7,3
2018-02-21,0.009286321062498899,0.005070761217020436,-0.007975610027672886,0.004377143004465862,0.7139782889715747,0.7139782889715744,0.7139782889715746,0.004176772990483711,"2327.TW,3017.TW,2330.TW,2303.TW,2317.TW,2207.TW,6669.TW,2892.TW,2412.TW,4904.TW,2603.TW,2609.TW,2357.TW,3711.TW,2880.TW,5880.TW,2912.TW,2382.TW,2885.TW,2308.TW",2018,7,20
2018-03-01,0.03500221958600055,0.028947456601422283,0.02535598996917665,0.012736104620989196,1.0,1.0,1.0,0.00585,"6669.TW,1326.TW,1301.TW",2018,7,3
2018-03-01,0.022201018216964668,0.017376015379620302,0.02535598996917665,0.012736104620989196,0.806873398777415,0.806873398777415,0.806873398777415,0.004720209382847878,"6669.TW,1326.TW,1301.TW,2883.TW,2884.TW,1303.TW,2891.TW,2412.TW,2408.TW,1101.TW",2018,7,10
2018-03-01,0.016602521216792898,0.012399306720400682,0.02535598996917665,0.012736104620989196,0.7067641379164444,0.7067641379164445,0.7067641379164444,0.004134570206811201,"6669.TW,1326.TW,1301.TW,2883.TW,2884.TW,1303.TW,2891.TW,2412.TW,2408.TW,1101.TW,2881.TW,2892.TW,5876.TW,2330.TW,2886.TW,2880.TW,2379.TW,2454.TW,2882.TW,4904.TW",2018,7,20
2018-03-01,0.01815785137466363,0.013744776620390864,0.02535598996917665,0.012736104620989196,0.7409182690568493,0.7409182690568491,0.7409182690568492,0.004334371873982568,"6669.TW,1326.TW,1301.TW,2883.TW,2884.TW,1303.TW,2891.TW,2412.TW,2408.TW,1101.TW,2881.TW,2892.TW,5876.TW,2330.TW,2886.TW",2018,7,15
2018-03-01,0.02203761332275234,0.01605869328481435,0.02535598996917665,0.012736104620989196,1.0,1.0,1.0,0.00585,"6669.TW,1326.TW,1301.TW,2883.TW,2884.TW",2018,7,5
2018-03-08,0.02296913879828233,0.016984769336312544,0.013268757344246485,0.017530983015966655,1.0,1.0000000000000002,1.0,0.005850000000000001,"1590.TW,3231.TW,9910.TW,2891.TW,5871.TW",2018,7,5
2018-03-08,0.014317301336679524,0.008383545123859859,0.013268757344246485,0.017530983015966655,1.0,1.0,1.0,0.00585,"1590.TW,3231.TW,9910.TW",2018,7,3
2018-03-08,0.016409054488431142,0.012224646736680889,0.013268757344246485,0.017530983015966655,0.7037357382924868,0.7037357382924869,0.7037357382924869,0.004116854069011048,"1590.TW,3231.TW,9910.TW,2891.TW,5871.TW,2912.TW,2412.TW,3008.TW,2884.TW,3017.TW",2018,7,10
2018-03-08,0.018563052254564998,0.014973129355350556,0.013268757344246485,0.017530983015966655,0.6024781997495723,0.6024781997495724,0.6024781997495723,0.0035244974685349983,"1590.TW,3231.TW,9910.TW,2891.TW,5871.TW,2912.TW,2412.TW,3008.TW,2884.TW,3017.TW,1301.TW,5876.TW,1303.TW,1216.TW,2379.TW",2018,7,15
2018-03-08,0.016069092342076558,0.013367513873059567,0.013268757344246485,0.017530983015966655,0.45450480561077383,0.4545048056107738,0.4545048056107738,0.0026588531128230266,"1590.TW,3231.TW,9910.TW,2891.TW,5871.TW,2912.TW,2412.TW,3008.TW,2884.TW,3017.TW,1301.TW,5876.TW,1303.TW,1216.TW,2379.TW,1326.TW,2880.TW,2892.TW,2883.TW,2207.TW",2018,7,20
2018-03-15,-0.00855158508584893,-0.014351558313096757,-0.02559525394992357,-0.018540627276318902,1.0,1.0000000000000002,1.0,0.005850000000000001,"3711.TW,5876.TW,2880.TW",2018,7,3
2018-03-15,-0.016524122540907328,-0.0194604842031868,-0.02559525394992357,-0.018540627276318902,0.5103756746825721,0.5103756746825722,0.5103756746825721,0.002985697696893047,"3711.TW,5876.TW,2880.TW,2891.TW,3231.TW,9910.TW,2412.TW,5880.TW,1101.TW,2884.TW",2018,7,10
2018-03-15,-0.02375815878120431,-0.027218167677044214,-0.02559525394992357,-0.018540627276318902,0.6058483534888957,0.6058483534888953,0.6058483534888954,0.0035442128679100383,"3711.TW,5876.TW,2880.TW,2891.TW,3231.TW",2018,7,5
2018-03-15,-0.016321519124715706,-0.018675860890980056,-0.02559525394992357,-0.018540627276318902,0.4091291939401774,0.40912919394017744,0.40912919394017744,0.002393405784550038,"3711.TW,5876.TW,2880.TW,2891.TW,3231.TW,9910.TW,2412.TW,5880.TW,1101.TW,2884.TW,2892.TW,2615.TW,3017.TW,1216.TW,1303.TW",2018,7,15
2018-03-15,-0.017357527129529357,-0.01969510279425646,-0.02559525394992357,-0.018540627276318902,0.40664391652721027,0.4066439165272101,0.4066439165272102,0.0023788669116841794,"3711.TW,5876.TW,2880.TW,2891.TW,3231.TW,9910.TW,2412.TW,5880.TW,1101.TW,2884.TW,2892.TW,2615.TW,3017.TW,1216.TW,1303.TW,2395.TW,2886.TW,2887.TW,2603.TW,2912.TW",2018,7,20
2018-03-22,-0.005204105758373423,-0.01102366173968694,0.009774233889929818,0.012670941545665702,1.0,1.0,1.0,0.00585,"3037.TW,3008.TW,2345.TW,2887.TW,1216.TW",2018,7,5
2018-03-22,0.0066639858093100034,0.0013638999240239702,0.009774233889929818,0.012670941545665702,0.8999999999999999,0.8999999999999999,0.8999999999999999,0.005265,"3037.TW,3008.TW,2345.TW,2887.TW,1216.TW,2408.TW,2880.TW,2330.TW,6669.TW,2886.TW",2018,7,10
2018-03-22,0.006128414429578878,0.0025934827933054017,0.009774233889929818,0.012670941545665702,0.6005812076274393,0.6005812076274394,0.6005812076274393,0.0035134000646205206,"3037.TW,3008.TW,2345.TW,2887.TW,1216.TW,2408.TW,2880.TW,2330.TW,6669.TW,2886.TW,2317.TW,2892.TW,1101.TW,2884.TW,5876.TW",2018,7,15
2018-03-22,-0.018439302702248174,-0.024181432781440027,0.009774233889929818,0.012670941545665702,1.0,1.0,1.0,0.00585,"3037.TW,3008.TW,2345.TW",2018,7,3
2018-03-22,0.006447904798170457,0.0037967876914795085,0.009774233889929818,0.012670941545665702,0.4502790549214466,0.4502790549214465,0.45027905492144654,0.0026341324712904624,"3037.TW,3008.TW,2345.TW,2887.TW,1216.TW,2408.TW,2880.TW,2330.TW,6669.TW,2886.TW,2317.TW,2892.TW,1101.TW,2884.TW,5876.TW,5880.TW,2412.TW,1102.TW,2912.TW,2382.TW",2018,7,20
2018-03-29,0.005988182139022081,0.0031983870176246487,0.003024803331935999,0.008975097086399757,0.47404936102304773,0.4740493610230477,0.47404936102304773,0.002773188761984829,"1303.TW,2880.TW,2412.TW,2892.TW,5871.TW,2886.TW,1301.TW,1326.TW,5880.TW,2887.TW,3045.TW,3008.TW,2330.TW,2884.TW,2345.TW",2018,7,15
2018-03-29,0.01989248033960052,0.013926109329613912,0.003024803331935999,0.008975097086399757,1.0,1.0000000000000002,1.0,0.005850000000000001,"1303.TW,2880.TW,2412.TW,2892.TW,5871.TW",2018,7,5
2018-03-29,0.020836896831651165,0.014865000985186061,0.003024803331935999,0.008975097086399757,1.0,1.0,1.0,0.00585,"1303.TW,2880.TW,2412.TW",2018,7,3
2018-03-29,0.007019272746641348,0.004924511691642541,0.003024803331935999,0.008975097086399757,0.35558287960435314,0.35558287960435286,0.355582879604353,0.0020801598456854646,"1303.TW,2880.TW,2412.TW,2892.TW,5871.TW,2886.TW,1301.TW,1326.TW,5880.TW,2887.TW,3045.TW,3008.TW,2330.TW,2884.TW,2345.TW,3711.TW,5876.TW,3037.TW,2912.TW,2885.TW",2018,7,20
2018-03-29,0.01697019464307823,0.012805309350761629,0.003024803331935999,0.008975097086399757,0.7000659484073276,0.7000659484073274,0.7000659484073275,0.004095385798182865,"1303.TW,2880.TW,2412.TW,2892.TW,5871.TW,2886.TW,1301.TW,1326.TW,5880.TW,2887.TW",2018,7,10
2018-04-10,-0.0032696169108147656,-0.005052109928164961,-0.01568144435103569,-0.00014763032906390806,0.30569918029501975,0.30569918029501975,0.30569918029501975,0.0017883402047258654,"2345.TW,5880.TW,2303.TW,2892.TW,5876.TW,3045.TW,2880.TW,2884.TW,2912.TW,2886.TW,2618.TW,2357.TW,3034.TW,2412.TW,3711.TW,1303.TW,2002.TW,9910.TW,2885.TW,2887.TW",2018,7,20
2018-04-10,-0.00269544441745051,-0.006212266191783722,-0.01568144435103569,-0.00014763032906390806,0.6027909046494551,0.602790904649455,0.6027909046494551,0.003526326792199312,"2345.TW,5880.TW,2303.TW,2892.TW,5876.TW,3045.TW,2880.TW,2884.TW,2912.TW,2886.TW",2018,7,10
2018-04-10,-0.010524710775011308,-0.016313141216977467,-0.01568144435103569,-0.00014763032906390806,1.0,1.0,1.0,0.00585,"2345.TW,5880.TW,2303.TW",2018,7,3
2018-04-10,-0.004405300697466453,-0.00908458367977849,-0.01568144435103569,-0.00014763032906390806,0.8034167251334385,0.8034167251334385,0.8034167251334385,0.0046999878420306155,"2345.TW,5880.TW,2303.TW,2892.TW,5876.TW",2018,7,5
2018-04-10,-0.00398504212722876,-0.006744580007124079,-0.01568144435103569,-0.00014763032906390806,0.4736032056312228,0.47360320563122305,0.47360320563122293,0.0027705787529426545,"2345.TW,5880.TW,2303.TW,2892.TW,5876.TW,3045.TW,2880.TW,2884.TW,2912.TW,2886.TW,2618.TW,2357.TW,3034.TW,2412.TW,3711.TW",2018,7,15
2018-04-17,-0.02969544499013943,-0.03423647030758559,-0.028799450788166925,-0.01947422139501385,0.8,0.7999999999999999,0.8,0.00468,"4904.TW,2379.TW,2880.TW,2408.TW,2303.TW",2018,7,5
2018-04-17,-0.03220212980566154,-0.03786374734629838,-0.028799450788166925,-0.01947422139501385,1.0,1.0,1.0,0.00585,"4904.TW,2379.TW,2880.TW",2018,7,3
2018-04-17,-0.013231360321814522,-0.015846085213856775,-0.028799450788166925,-0.01947422139501385,0.4529547272124447,0.45295472721244456,0.4529547272124446,0.002649785154192801,"4904.TW,2379.TW,2880.TW,2408.TW,2303.TW,2412.TW,1101.TW,5871.TW,2912.TW,1301.TW,2885.TW,2884.TW,1303.TW,1216.TW,5876.TW,2892.TW,1102.TW,2345.TW,3045.TW,2327.TW",2018,7,20
2018-04-17,-0.012146921778260378,-0.015616754580604741,-0.028799450788166925,-0.01947422139501385,0.6004271540402303,0.6004271540402301,0.6004271540402302,0.0035124988511353464,"4904.TW,2379.TW,2880.TW,2408.TW,2303.TW,2412.TW,1101.TW,5871.TW,2912.TW,1301.TW,2885.TW,2884.TW,1303.TW,1216.TW,5876.TW",2018,7,15
2018-04-17,-0.014584972443034038,-0.018621936315035836,-0.028799450788166925,-0.01947422139501385,0.700293049183674,0.7002930491836737,0.7002930491836739,0.004096714337724492,"4904.TW,2379.TW,2880.TW,2408.TW,2303.TW,2412.TW,1101.TW,5871.TW,2912.TW,1301.TW",2018,7,10
2018-04-24,0.008419658206337003,0.006014510822091923,-0.0025234752983662734,0.015677874280040503,0.4077035802043516,0.4077035802043517,0.40770358020435166,0.0023850659441954575,"1590.TW,2345.TW,2408.TW,2454.TW,2303.TW,2379.TW,2892.TW,3037.TW,5876.TW,4904.TW,2880.TW,3711.TW,2884.TW,1216.TW,2885.TW",2018,7,15
2018-04-24,0.017931353033032504,0.01575334985343524,-0.0025234752983662734,0.015677874280040503,0.36574984621434864,0.3657498462143486,0.3657498462143486,0.002139636600353939,"1590.TW,2345.TW,2408.TW,2454.TW,2303.TW,2379.TW,2892.TW,3037.TW,5876.TW,4904.TW,2880.TW,3711.TW,2884.TW,1216.TW,2885.TW,9910.TW,2886.TW,3008.TW,2912.TW,1301.TW",2018,7,20
2018-04-24,0.0177814570619145,0.014193744337619218,-0.0025234752983662734,0.015677874280040503,0.6025696598419973,0.6025696598419972,0.6025696598419972,0.003525032510075684,"1590.TW,2345.TW,2408.TW,2454.TW,2303.TW",2018,7,5
2018-04-24,0.019278345744575504,0.01331556742196982,-0.0025234752983662734,0.015677874280040503,1.0,1.0,1.0,0.00585,"1590.TW,2345.TW,2408.TW",2018,7,3
2018-04-24,0.01645400086195621,0.012823980791216494,-0.0025234752983662734,0.015677874280040503,0.6104715519662732,0.610471551966273,0.6104715519662731,0.0035712585790026972,"1590.TW,2345.TW,2408.TW,2454.TW,2303.TW,2379.TW,2892.TW,3037.TW,5876.TW,4904.TW",2018,7,10
2018-05-02,0.005863613736717676,0.0022799169932146146,0.02087285805706296,0.01426832586054528,0.6090266369775229,0.6090266369775229,0.6090266369775229,0.003562805826318509,"3711.TW,1590.TW,2880.TW,2886.TW,2892.TW,2357.TW,4904.TW,2408.TW,2881.TW,2887.TW",2018,7,10
2018-05-02,0.009686622425491363,0.004888611295480461,0.02087285805706296,0.01426832586054528,0.8123043571347986,0.8123043571347985,0.8123043571347985,0.004751980489238572,"3711.TW,1590.TW,2880.TW,2886.TW,2892.TW",2018,7,5
2018-05-02,0.02003249763617287,0.01592925878324536,0.02087285805706296,0.01426832586054528,0.6876333377154058,0.6876333377154056,0.6876333377154057,0.004022655025635123,"3711.TW,1590.TW,2880.TW",2018,7,3
2018-05-02,0.0025045698686757545,-0.0005355622536288296,0.02087285805706296,0.01426832586054528,0.5183823797786172,0.5183823797786173,0.5183823797786173,0.0030325369217049114,"3711.TW,1590.TW,2880.TW,2886.TW,2892.TW,2357.TW,4904.TW,2408.TW,2881.TW,2887.TW,2345.TW,2454.TW,2882.TW,2379.TW,5880.TW,2883.TW,2891.TW,2002.TW,3045.TW,2618.TW",2018,7,20
2018-05-02,0.004314530661107112,0.0018444264376209496,0.02087285805706296,0.01426832586054528,0.42042609691688393,0.42042609691688404,0.420426096916884,0.0024594926669637713,"3711.TW,1590.TW,2880.TW,2886.TW,2892.TW,2357.TW,4904.TW,2408.TW,2881.TW,2887.TW,2345.TW,2454.TW,2882.TW,2379.TW,5880.TW",2018,7,15
2018-05-09,0.03451309657553725,0.03176213440692277,0.015489389682795007,0.02436871217746737,0.45456161445374255,0.45456161445374277,0.45456161445374266,0.0026591854445543947,"2345.TW,6669.TW,5876.TW,2887.TW,2884.TW,2886.TW,3711.TW,2885.TW,2882.TW,2891.TW,1303.TW,5880.TW,2880.TW,3045.TW,1301.TW,2892.TW,1216.TW,3037.TW,2618.TW,1326.TW",2018,7,20
2018-05-09,0.03714621541236829,0.033896039125703936,0.015489389682795007,0.02436871217746737,0.5356869472904275,0.5356869472904275,0.5356869472904275,0.003133768641649001,"2345.TW,6669.TW,5876.TW,2887.TW,2884.TW,2886.TW,3711.TW,2885.TW,2882.TW,2891.TW,1303.TW,5880.TW,2880.TW,3045.TW,1301.TW",2018,7,15
2018-05-09,0.04544508910458905,0.04115779733518288,0.015489389682795007,0.02436871217746737,0.7010127988265369,0.7010127988265371,0.701012798826537,0.004100924873135242,"2345.TW,6669.TW,5876.TW,2887.TW,2884.TW,2886.TW,3711.TW,2885.TW,2882.TW,2891.TW",2018,7,10
2018-05-09,0.07197896994548098,0.06570789297129975,0.015489389682795007,0.02436871217746737,1.0,0.9999999999999999,1.0,0.005849999999999999,"2345.TW,6669.TW,5876.TW,2887.TW,2884.TW",2018,7,5
2018-05-09,0.10699127697839146,0.10051537800806787,0.015489389682795007,0.02436871217746737,1.0,1.0,1.0,0.00585,"2345.TW,6669.TW,5876.TW",2018,7,3
2018-05-16,0.007133057017596361,0.004682646913535482,-0.007321475246944598,0.0013700848727927982,0.41590683489434954,0.4159068348943499,0.4159068348943497,0.0024330549841319465,"2345.TW,5876.TW,2885.TW,2327.TW,2609.TW,2886.TW,2887.TW,2308.TW,5880.TW,2884.TW,2880.TW,2892.TW,3008.TW,3711.TW,2379.TW,3231.TW,2891.TW,2881.TW,2002.TW,2618.TW",2018,7,20
2018-05-16,0.03241914183397448,0.0285701674935952,-0.007321475246944598,0.0013700848727927982,0.6372841271811699,0.6372841271811699,0.6372841271811699,0.0037281121440098436,"2345.TW,5876.TW,2885.TW,2327.TW,2609.TW",2018,7,5
2018-05-16,0.0645387563425726,0.06195685251087246,-0.007321475246944598,0.0013700848727927982,0.41459371931016653,0.41459371931016664,0.4145937193101666,0.0024253732579644746,"2345.TW,5876.TW,2885.TW",2018,7,3
2018-05-16,0.007853172134264624,0.005386588289743033,-0.007321475246944598,0.0013700848727927982,0.4183528669438214,0.4183528669438214,0.4183528669438214,0.0024473642716213552,"2345.TW,5876.TW,2885.TW,2327.TW,2609.TW,2886.TW,2887.TW,2308.TW,5880.TW,2884.TW,2880.TW,2892.TW,3008.TW,3711.TW,2379.TW",2018,7,15
2018-05-16,0.01668952364497548,0.014156201528880308,-0.007321475246944598,0.0013700848727927982,0.4259378163151499,0.42593781631515,0.42593781631514993,0.0024917362254436273,"2345.TW,5876.TW,2885.TW,2327.TW,2609.TW,2886.TW,2887.TW,2308.TW,5880.TW,2884.TW",2018,7,10
2018-05-23,0.028937161577458785,0.024061907690089868,-0.006760837550922938,-0.002096217354176895,0.8099393860028536,0.8099393860028535,0.8099393860028536,0.004738145408116693,"2327.TW,1101.TW,2884.TW,2891.TW,1303.TW",2018,7,5
2018-05-23,0.06373075232200608,0.057507927420922256,-0.006760837550922938,-0.002096217354176895,1.0,1.0,1.0,0.00585,"2327.TW,1101.TW,2884.TW",2018,7,3
2018-05-23,0.027904723372290344,0.02484776700711855,-0.006760837550922938,-0.002096217354176895,0.5083706998687336,0.5083706998687337,0.5083706998687336,0.0029739685942320924,"2327.TW,1101.TW,2884.TW,2891.TW,1303.TW,6669.TW,2885.TW,5880.TW,2887.TW,1102.TW",2018,7,10
2018-05-23,0.01684693504687572,0.01404543948293524,-0.006760837550922938,-0.002096217354176895,0.47095399915427516,0.47095399915427505,0.4709539991542751,0.002755080895052509,"2327.TW,1101.TW,2884.TW,2891.TW,1303.TW,6669.TW,2885.TW,5880.TW,2887.TW,1102.TW,2892.TW,2886.TW,3017.TW,5876.TW,2883.TW",2018,7,15
2018-05-23,0.00860186193411466,0.005924452958838922,-0.006760837550922938,-0.002096217354176895,0.4537734513326412,0.4537734513326412,0.4537734513326412,0.002654574690295951,"2327.TW,1101.TW,2884.TW,2891.TW,1303.TW,6669.TW,2885.TW,5880.TW,2887.TW,1102.TW,2892.TW,2886.TW,3017.TW,5876.TW,2883.TW,2882.TW,2880.TW,9910.TW,3034.TW,2881.TW",2018,7,20
2018-05-30,0.047169136424131564,0.0410431969760503,0.03341585976131989,0.035736132282388394,1.0,1.0,1.0,0.00585,"2408.TW,1102.TW,2345.TW,2883.TW,1216.TW",2018,7,5
2018-05-30,0.048547102429135916,0.04519624431526337,0.03341585976131989,0.035736132282388394,0.5462761352872394,0.5462761352872396,0.5462761352872395,0.0031957153914303517,"2408.TW,1102.TW,2345.TW,2883.TW,1216.TW,2881.TW,1590.TW,2912.TW,1301.TW,5880.TW,1303.TW,2884.TW,5871.TW,2327.TW,2891.TW",2018,7,15
2018-05-30,0.041423456465364945,0.038309204007121345,0.03341585976131989,0.035736132282388394,0.5111761639879632,0.511176163987963,0.5111761639879631,0.002990380559329584,"2408.TW,1102.TW,2345.TW,2883.TW,1216.TW,2881.TW,1590.TW,2912.TW,1301.TW,5880.TW,1303.TW,2884.TW,5871.TW,2327.TW,2891.TW,3711.TW,2603.TW,2887.TW,2395.TW,2882.TW",2018,7,20
2018-05-30,0.05551196773300211,0.049337222721763885,0.03341585976131989,0.035736132282388394,1.0,1.0,1.0,0.00585,"2408.TW,1102.TW,2345.TW",2018,7,3
2018-05-30,0.04968927578878836,0.044730894936422905,0.03341585976131989,0.035736132282388394,0.8074641610994086,0.8074641610994086,0.8074641610994086,0.00472366534243154,"2408.TW,1102.TW,2345.TW,2883.TW,1216.TW,2881.TW,1590.TW,2912.TW,1301.TW,5880.TW",2018,7,10
2018-06-06,0.003653498052771359,9.403893909798455e-05,-0.011976150711731526,-0.010137436747860622,0.6062396539506401,0.6062396539506402,0.6062396539506401,0.003546501975611245,"2303.TW,2887.TW,5880.TW,5876.TW,2883.TW,2912.TW,3045.TW,2892.TW,2002.TW,1303.TW,2886.TW,2880.TW,2308.TW,2609.TW,1326.TW,2379.TW,6669.TW,2882.TW,2345.TW,1301.TW",2018,7,20
2018-06-06,0.031103221643857554,0.025071267797240893,-0.011976150711731526,-0.010137436747860622,1.0,1.0,1.0,0.00585,"2303.TW,2887.TW,5880.TW",2018,7,3
2018-06-06,0.003155129039986558,-0.0011824055559955804,-0.011976150711731526,-0.010137436747860622,0.7391268646611682,0.7391268646611682,0.7391268646611682,0.004323892158267834,"2303.TW,2887.TW,5880.TW,5876.TW,2883.TW,2912.TW,3045.TW,2892.TW,2002.TW,1303.TW,2886.TW,2880.TW,2308.TW,2609.TW,1326.TW",2018,7,15
2018-06-06,0.002445090253157301,-0.0016967560600146259,-0.011976150711731526,-0.010137436747860622,0.7062809960021971,0.7062809960021973,0.7062809960021972,0.004131743826612854,"2303.TW,2887.TW,5880.TW,5876.TW,2883.TW,2912.TW,3045.TW,2892.TW,2002.TW,1303.TW",2018,7,10
2018-06-06,0.014914523777870815,0.0101416098419298,-0.011976150711731526,-0.010137436747860622,0.8038930421997093,0.8038930421997093,0.8038930421997093,0.004702774296868299,"2303.TW,2887.TW,5880.TW,5876.TW,2883.TW",2018,7,5
2018-06-13,-0.014725164305396693,-0.01764099934108465,-0.02060619192797153,-0.020154172562855913,0.5058825429987306,0.5058825429987307,0.5058825429987306,0.0029594128765425744,"1590.TW,2408.TW,1216.TW,1102.TW,2884.TW,2002.TW,5880.TW,2885.TW,9910.TW,3045.TW,2883.TW,2912.TW,2892.TW,2886.TW,6669.TW,5876.TW,2880.TW,2382.TW,5871.TW,2357.TW",2018,7,20
2018-06-13,-0.022720819895649693,-0.02674040482746398,-0.02060619192797153,-0.020154172562855913,0.7030831612308689,0.7030831612308687,0.7030831612308688,0.004113036493200582,"1590.TW,2408.TW,1216.TW,1102.TW,2884.TW,2002.TW,5880.TW,2885.TW,9910.TW,3045.TW",2018,7,10
2018-06-13,-0.044056451689345466,-0.04964872144696286,-0.02060619192797153,-0.020154172562855913,1.0,1.0000000000000002,1.0,0.005850000000000001,"1590.TW,2408.TW,1216.TW",2018,7,3
2018-06-13,-0.013114833603367944,-0.0162336869764218,-0.02060619192797153,-0.020154172562855913,0.5402222536931787,0.5402222536931787,0.5402222536931787,0.0031603001841050953,"1590.TW,2408.TW,1216.TW,1102.TW,2884.TW,2002.TW,5880.TW,2885.TW,9910.TW,3045.TW,2883.TW,2912.TW,2892.TW,2886.TW,6669.TW",2018,7,15
2018-06-13,-0.032900364696156405,-0.03855789756268391,-0.02060619192797153,-0.020154172562855913,1.0,0.9999999999999999,1.0,0.005849999999999999,"1590.TW,2408.TW,1216.TW,1102.TW,2884.TW",2018,7,5
2018-06-21,0.007234276896425331,0.0036059134025239192,-0.006188046433359795,-0.014438278494320524,0.6157783646836297,0.6157783646836296,0.6157783646836297,0.003602303433399233,"2327.TW,2303.TW,1590.TW,2881.TW,2345.TW,1102.TW,3045.TW,2884.TW,2357.TW,2882.TW",2018,7,10
2018-06-21,0.028494218322492257,0.02422451046901264,-0.006188046433359795,-0.014438278494320524,0.7096438437241345,0.7096438437241346,0.7096438437241346,0.004151416485786187,"2327.TW,2303.TW,1590.TW",2018,7,3
2018-06-21,-0.010258596908826323,-0.013494482707121724,-0.006188046433359795,-0.014438278494320524,0.5588761567172018,0.5588761567172017,0.5588761567172018,0.0032694255167956304,"2327.TW,2303.TW,1590.TW,2881.TW,2345.TW,1102.TW,3045.TW,2884.TW,2357.TW,2882.TW,6669.TW,1101.TW,5876.TW,2891.TW,2330.TW,5880.TW,2618.TW,3034.TW,1303.TW,2886.TW",2018,7,20
2018-06-21,-0.007625686212577704,-0.011563952353347617,-0.006188046433359795,-0.014438278494320524,0.6783810080107415,0.6783810080107414,0.6783810080107415,0.003968528896862838,"2327.TW,2303.TW,1590.TW,2881.TW,2345.TW,1102.TW,3045.TW,2884.TW,2357.TW,2882.TW,6669.TW,1101.TW,5876.TW,2891.TW,2330.TW",2018,7,15
2018-06-21,0.02029862399420566,0.01535771933491148,-0.006188046433359795,-0.014438278494320524,0.8277959679612606,0.8277959679612606,0.8277959679612606,0.004842606412573375,"2327.TW,2303.TW,1590.TW,2881.TW,2345.TW",2018,7,5
2018-06-28,-0.016662398230032197,-0.02022898523337846,0.00996269882086942,-0.0014356478862268718,0.6200037412660938,0.6200037412660937,0.6200037412660937,0.003627021886406648,"6669.TW,1590.TW,2303.TW,1216.TW,1102.TW",2018,7,5
2018-06-28,-0.005411184979875296,-0.008391165473322859,0.00996269882086942,-0.0014356478862268718,0.5121698205886243,0.5121698205886239,0.512169820588624,0.00299619345044345,"6669.TW,1590.TW,2303.TW,1216.TW,1102.TW,4904.TW,2882.TW,1326.TW,3045.TW,3034.TW",2018,7,10
2018-06-28,-0.04934051138265964,-0.05140777711574607,0.00996269882086942,-0.0014356478862268718,0.3717195925814765,0.3717195925814767,0.3717195925814766,0.0021745596166016386,"6669.TW,1590.TW,2303.TW",2018,7,3
2018-06-28,-0.001931031102631221,-0.004625759202074642,0.00996269882086942,-0.0014356478862268718,0.46152850785955507,0.46152850785955524,0.4615285078595551,0.002699941770978398,"6669.TW,1590.TW,2303.TW,1216.TW,1102.TW,4904.TW,2882.TW,1326.TW,3045.TW,3034.TW,3008.TW,1101.TW,2891.TW,9910.TW,2408.TW,1301.TW,2881.TW,2412.TW,5871.TW,2886.TW",2018,7,20
2018-06-28,-0.0021810351717819125,-0.004983059746964891,0.00996269882086942,-0.0014356478862268718,0.4800255123861984,0.4800255123861986,0.4800255123861985,0.0028081492474592617,"6669.TW,1590.TW,2303.TW,1216.TW,1102.TW,4904.TW,2882.TW,1326.TW,3045.TW,3034.TW,3008.TW,1101.TW,2891.TW,9910.TW,2408.TW",2018,7,15
2018-07-05,0.015161561156802375,0.01150205841520302,0.023427751013112452,0.026956144294257935,0.6162132690408094,0.6162132690408093,0.6162132690408093,0.0036048476238887345,"1590.TW,2327.TW,2454.TW,4904.TW,2308.TW,2883.TW,2412.TW,3045.TW,1326.TW,2891.TW",2018,7,10
2018-07-05,0.02379844131294674,0.020906554850049552,0.023427751013112452,0.026956144294257935,0.48284852404470097,0.4828485240447011,0.482848524044701,0.002824663865661501,"1590.TW,2327.TW,2454.TW,4904.TW,2308.TW,2883.TW,2412.TW,3045.TW,1326.TW,2891.TW,2408.TW,1102.TW,2882.TW,2615.TW,1303.TW",2018,7,15
2018-07-05,0.020925030802555217,0.01786598570721787,0.023427751013112452,0.026956144294257935,0.512195974957719,0.5121959749577191,0.512195974957719,0.0029963464535026564,"1590.TW,2327.TW,2454.TW,4904.TW,2308.TW,2883.TW,2412.TW,3045.TW,1326.TW,2891.TW,2408.TW,1102.TW,2882.TW,2615.TW,1303.TW,3231.TW,5876.TW,1301.TW,2357.TW,2395.TW",2018,7,20
2018-07-05,0.03316694236643676,0.028888949276366205,0.023427751013112452,0.026956144294257935,0.7078051378827093,0.7078051378827093,0.7078051378827093,0.004140660056613849,"1590.TW,2327.TW,2454.TW",2018,7,3
2018-07-05,0.025086327998211977,0.02010596787109553,0.023427751013112452,0.026956144294257935,0.8305091856365205,0.8305091856365207,0.8305091856365205,0.004858478735973646,"1590.TW,2327.TW,2454.TW,4904.TW,2308.TW",2018,7,5
2018-07-12,-0.011224583902588616,-0.014366853193643503,0.012048420922980085,0.006575263403873013,0.5432376665198573,0.5432376665198575,0.5432376665198574,0.0031779403491411663,"1590.TW,2412.TW,2883.TW,1216.TW,2002.TW,2615.TW,4904.TW,5880.TW,5876.TW,3045.TW,6669.TW,2886.TW,2880.TW,2891.TW,2892.TW",2018,7,15
2018-07-12,0.005338520926941015,0.0023517933764749532,0.012048420922980085,0.006575263403873013,0.507840600355838,0.507840600355838,0.507840600355838,0.002970867512081652,"1590.TW,2412.TW,2883.TW,1216.TW,2002.TW,2615.TW,4904.TW,5880.TW,5876.TW,3045.TW",2018,7,10
2018-07-12,-0.0011192571105040716,-0.004374293968343879,0.012048420922980085,0.006575263403873013,0.5570400279077463,0.5570400279077463,0.5570400279077463,0.0032586841632603163,"1590.TW,2412.TW,2883.TW,1216.TW,2002.TW,2615.TW,4904.TW,5880.TW,5876.TW,3045.TW,6669.TW,2886.TW,2880.TW,2891.TW,2892.TW,2603.TW,2317.TW,2609.TW,2382.TW,2308.TW",2018,7,20
2018-07-12,-0.027001378165185146,-0.030875346286594052,0.012048420922980085,0.006575263403873013,0.6805937418920981,0.6805937418920981,0.6805937418920981,0.003981473390068774,"1590.TW,2412.TW,2883.TW",2018,7,3
2018-07-12,-0.006089499232748709,-0.010780802944887369,0.012048420922980085,0.006575263403873013,0.8068455438051918,0.8068455438051917,0.8068455438051918,0.0047200464312603715,"1590.TW,2412.TW,2883.TW,1216.TW,2002.TW",2018,7,5
2018-07-19,0.09107862151333344,0.08671522454522318,0.021542462357802883,0.015474682076452964,0.6836169354817558,0.683616935481756,0.6836169354817558,0.003999159072568272,"1590.TW,6669.TW,2408.TW",2018,7,3
2018-07-19,0.02796611115003874,0.02544950069187668,0.021542462357802883,0.015474682076452964,0.4184863851462708,0.41848638514627085,0.4184863851462708,0.0024481453531056845,"1590.TW,6669.TW,2408.TW,2884.TW,5876.TW,2345.TW,2002.TW,2412.TW,2883.TW,5880.TW,2330.TW,2327.TW,3045.TW,2880.TW,2454.TW",2018,7,15
2018-07-19,0.041196285485827856,0.03870110529991022,0.021542462357802883,0.015474682076452964,0.4096504505951811,0.4096504505951811,0.4096504505951811,0.0023964551359818096,"1590.TW,6669.TW,2408.TW,2884.TW,5876.TW,2345.TW,2002.TW,2412.TW,2883.TW,5880.TW",2018,7,10
2018-07-19,0.06347741153696741,0.0584122170217114,0.021542462357802883,0.015474682076452964,0.8141641814768098,0.8141641814768098,0.8141641814768098,0.004762860461639337,"1590.TW,6669.TW,2408.TW,2884.TW,5876.TW",2018,7,5
2018-07-19,0.020915694469065233,0.018139105974081415,0.021542462357802883,0.015474682076452964,0.46490666617664783,0.46490666617664794,0.4649066661766479,0.0027197039971333906,"1590.TW,6669.TW,2408.TW,2884.TW,5876.TW,2345.TW,2002.TW,2412.TW,2883.TW,5880.TW,2330.TW,2327.TW,3045.TW,2880.TW,2454.TW,2886.TW,2881.TW,2892.TW,2912.TW,2887.TW",2018,7,20
2018-07-26,0.006847144657754503,0.0024700469589071794,0.003525443584061483,-0.0016630396404412108,0.743133486381525,0.7431334863815252,0.7431334863815251,0.004347330895331922,"2912.TW,2408.TW,2454.TW,2880.TW,2892.TW,5880.TW,2887.TW,2615.TW,2886.TW,3231.TW,2382.TW,3037.TW,2357.TW,1303.TW,2881.TW",2018,7,15
2018-07-26,0.005864860790544691,0.001123578956909288,0.003525443584061483,-0.0016630396404412108,0.8057499160276633,0.8057499160276634,0.8057499160276633,0.004713637008761831,"2912.TW,2408.TW,2454.TW,2880.TW,2892.TW,5880.TW,2887.TW,2615.TW,2886.TW,3231.TW",2018,7,10
2018-07-26,-0.0020738023232611917,-0.00611268424770206,0.003525443584061483,-0.0016630396404412108,0.6918419099312421,0.6918419099312423,0.6918419099312422,0.004047275173097767,"2912.TW,2408.TW,2454.TW",2018,7,3
2018-07-26,0.0035371650479687714,-0.0012198947888270029,0.003525443584061483,-0.0016630396404412108,0.8103064340777222,0.8103064340777222,0.8103064340777222,0.004740292639354675,"2912.TW,2408.TW,2454.TW,2880.TW,2892.TW",2018,7,5
2018-07-26,0.004984221707417026,0.002262700626590952,0.003525443584061483,-0.0016630396404412108,0.4629100325409072,0.4629100325409073,0.46291003254090723,0.0027080236903643078,"2912.TW,2408.TW,2454.TW,2880.TW,2892.TW,5880.TW,2887.TW,2615.TW,2886.TW,3231.TW,2382.TW,3037.TW,2357.TW,1303.TW,2881.TW,2883.TW,2882.TW,2303.TW,2317.TW,2412.TW",2018,7,20
2018-08-02,-0.010081609479752908,-0.013565810450276161,0.0035126836336154543,0.005991834685753479,0.6016555659483541,0.601655565948354,0.601655565948354,0.003519685060797871,"1590.TW,2327.TW,6669.TW,3008.TW,2912.TW,2887.TW,2345.TW,1326.TW,3037.TW,2886.TW,1216.TW,5880.TW,2892.TW,2883.TW,2002.TW",2018,7,15
2018-08-02,-0.014914453827758767,-0.018960170640614837,0.0035126836336154543,0.005991834685753479,0.7020461585822544,0.7020461585822544,0.7020461585822544,0.004106970027706188,"1590.TW,2327.TW,6669.TW,3008.TW,2912.TW,2887.TW,2345.TW,1326.TW,3037.TW,2886.TW",2018,7,10
2018-08-02,-0.041269444987625956,-0.04576564009375905,0.0035126836336154543,0.005991834685753479,0.8016646136962138,0.8016646136962138,0.8016646136962138,0.004689737990122851,"1590.TW,2327.TW,6669.TW,3008.TW,2912.TW",2018,7,5
2018-08-02,-0.005799907431274804,-0.009010697103548737,0.0035126836336154543,0.005991834685753479,0.5520548021810899,0.5520548021810898,0.5520548021810898,0.003229520592759376,"1590.TW,2327.TW,6669.TW,3008.TW,2912.TW,2887.TW,2345.TW,1326.TW,3037.TW,2886.TW,1216.TW,5880.TW,2892.TW,2883.TW,2002.TW,2880.TW,2207.TW,1303.TW,3017.TW,2603.TW",2018,7,20
2018-08-02,-0.07009211608903354,-0.07553207720991273,0.0035126836336154543,0.005991834685753479,1.0,1.0,1.0,0.00585,"1590.TW,2327.TW,6669.TW",2018,7,3
2018-08-09,-0.0062642336234945166,-0.007896847848991029,-0.020419977284131585,-0.01766915129986978,0.280838593344932,0.280838593344932,0.280838593344932,0.0016429057710678522,"6669.TW,1590.TW,2327.TW,2892.TW,2454.TW,2886.TW,1216.TW,2880.TW,2002.TW,2887.TW,2912.TW,1326.TW,1301.TW,5880.TW,2382.TW",2018,7,15
2018-08-09,-0.008407826443152874,-0.011405709968623223,-0.020419977284131585,-0.01766915129986978,0.5168039199668534,0.5168039199668535,0.5168039199668535,0.0030233029318060926,"6669.TW,1590.TW,2327.TW,2892.TW,2454.TW,2886.TW,1216.TW,2880.TW,2002.TW,2887.TW",2018,7,10
2018-08-09,-0.030754825097373418,-0.033139970663882745,-0.020419977284131585,-0.01766915129986978,0.4206543415573598,0.42065434155735976,0.4206543415573598,0.0024608278981105547,"6669.TW,1590.TW,2327.TW,2892.TW,2454.TW",2018,7,5
2018-08-09,-0.02107875481944358,-0.021193415427665285,-0.020419977284131585,-0.01766915129986978,0.02002214587335055,0.02002214587335055,0.02002214587335055,0.00011712955335910071,"6669.TW,1590.TW,2327.TW",2018,7,3
2018-08-09,-0.013659127454730585,-0.016033200970885342,-0.020419977284131585,-0.01766915129986978,0.41144450561882095,0.41144450561882107,0.411444505618821,0.002406950357870103,"6669.TW,1590.TW,2327.TW,2892.TW,2454.TW,2886.TW,1216.TW,2880.TW,2002.TW,2887.TW,2912.TW,1326.TW,1301.TW,5880.TW,2382.TW,5876.TW,2357.TW,2317.TW,2308.TW,2615.TW",2018,7,20
2018-08-16,-0.004582331921851312,-0.008076247936805614,0.01250745774860218,0.014592642572358941,0.6000000000000001,0.5999999999999999,0.6,0.0035099999999999997,"1590.TW,6669.TW,3034.TW,5880.TW,5871.TW",2018,7,5
2018-08-16,-0.032977400005629876,-0.03486309407561894,0.01250745774860218,0.014592642572358941,0.3333333333333333,0.3333333333333333,0.3333333333333333,0.00195,"1590.TW,6669.TW,3034.TW",2018,7,3
2018-08-16,0.0016253187332473725,-0.0019343352624684451,0.01250745774860218,0.014592642572358941,0.6075004806039399,0.6075004806039399,0.6075004806039399,0.0035538778115330487,"1590.TW,6669.TW,3034.TW,5880.TW,5871.TW,2454.TW,3008.TW,2330.TW,2892.TW,2408.TW",2018,7,10
2018-08-16,0.0153832775418658,0.012686712351786644,0.01250745774860218,0.014592642572358941,0.45396780185249996,0.4539678018524998,0.45396780185249985,0.002655711640837124,"1590.TW,6669.TW,3034.TW,5880.TW,5871.TW,2454.TW,3008.TW,2330.TW,2892.TW,2408.TW,2880.TW,9910.TW,5876.TW,1326.TW,2345.TW,2887.TW,2615.TW,2886.TW,2891.TW,3231.TW",2018,7,20
2018-08-16,0.014309653457083156,0.011112840953814151,0.01250745774860218,0.014592642572358941,0.5387542886040645,0.5387542886040646,0.5387542886040646,0.0031517125883337776,"1590.TW,6669.TW,3034.TW,5880.TW,5871.TW,2454.TW,3008.TW,2330.TW,2892.TW,2408.TW,2880.TW,9910.TW,5876.TW,1326.TW,2345.TW",2018,7,15
2018-08-23,0.03913521066809138,0.03663348450025916,0.02352945861531497,0.014711353020700724,0.4115398019279887,0.41153980192798884,0.4115398019279888,0.0024075078412787347,"2454.TW,2327.TW,1590.TW,6669.TW,3045.TW,2891.TW,2892.TW,2408.TW,2330.TW,5876.TW",2018,7,10
2018-08-23,0.029273096866904658,0.026808666369469547,0.02352945861531497,0.014711353020700724,0.40928901356118075,0.409289013561181,0.40928901356118086,0.0023943407293329087,"2454.TW,2327.TW,1590.TW,6669.TW,3045.TW,2891.TW,2892.TW,2408.TW,2330.TW,5876.TW,2412.TW,2308.TW,3008.TW,2884.TW,1303.TW,2880.TW,2002.TW,2382.TW,2886.TW,2615.TW",2018,7,20
2018-08-23,0.05438794043956618,0.050275827471851775,0.02352945861531497,0.014711353020700724,0.6666666666666666,0.6666666666666667,0.6666666666666667,0.0039000000000000003,"2454.TW,2327.TW,1590.TW",2018,7,3
2018-08-23,0.06717648671686591,0.06329923846518226,0.02352945861531497,0.014711353020700724,0.6210570483606708,0.6210570483606707,0.6210570483606708,0.0036331837329099236,"2454.TW,2327.TW,1590.TW,6669.TW,3045.TW",2018,7,5
2018-08-23,0.04002722761947978,0.03711530768193727,0.02352945861531497,0.014711353020700724,0.47860678900391695,0.4786067890039166,0.4786067890039168,0.002799849715672913,"2454.TW,2327.TW,1590.TW,6669.TW,3045.TW,2891.TW,2892.TW,2408.TW,2330.TW,5876.TW,2412.TW,2308.TW,3008.TW,2884.TW,1303.TW",2018,7,15
2018-08-30,-0.05003979280065605,-0.055597060012772204,-0.009195204517827182,-0.021156114864801748,1.0,1.0000000000000002,1.0,0.005850000000000001,"1102.TW,2408.TW,2002.TW,1301.TW,5880.TW",2018,7,5
2018-08-30,-0.025698970026199443,-0.029202428601738717,-0.009195204517827182,-0.021156114864801748,0.6146784098140586,0.6146784098140591,0.6146784098140589,0.0035958686974122455,"1102.TW,2408.TW,2002.TW,1301.TW,5880.TW,3045.TW,1326.TW,1101.TW,5876.TW,9910.TW,2892.TW,2880.TW,2884.TW,2887.TW,2412.TW",2018,7,15
2018-08-30,-0.03408321894051201,-0.038092461239466746,-0.009195204517827182,-0.021156114864801748,0.709523405496842,0.7095234054968422,0.7095234054968421,0.004150711922156527,"1102.TW,2408.TW,2002.TW,1301.TW,5880.TW,3045.TW,1326.TW,1101.TW,5876.TW,9910.TW",2018,7,10
2018-08-30,-0.07563217467429555,-0.08103972645245094,-0.009195204517827182,-0.021156114864801748,1.0,1.0,1.0,0.00585,"1102.TW,2408.TW,2002.TW",2018,7,3
2018-08-30,-0.024095987416877948,-0.027309264901921648,-0.009195204517827182,-0.021156114864801748,0.5628403977125819,0.5628403977125818,0.5628403977125818,0.0032926163266186036,"1102.TW,2408.TW,2002.TW,1301.TW,5880.TW,3045.TW,1326.TW,1101.TW,5876.TW,9910.TW,2892.TW,2880.TW,2884.TW,2887.TW,2412.TW,2891.TW,2207.TW,2882.TW,1216.TW,2912.TW",2018,7,20
2018-09-06,-0.007481061109145527,-0.011045933279925757,-0.005220580621701831,-0.009649118950143747,0.613973027994838,0.6139730279948381,0.6139730279948381,0.003591742213769803,"2327.TW,1590.TW,2884.TW,9910.TW,1102.TW,2885.TW,2618.TW,2408.TW,1326.TW,3008.TW",2018,7,10
2018-09-06,-0.012671582745525312,-0.017304477549626607,-0.005220580621701831,-0.009649118950143747,0.8021118565220031,0.8021118565220029,0.802111856522003,0.004692354360653718,"2327.TW,1590.TW,2884.TW,9910.TW,1102.TW",2018,7,5
2018-09-06,-0.0026490700486322253,-0.005821382121355079,-0.005220580621701831,-0.009649118950143747,0.5437159095176833,0.5437159095176834,0.5437159095176833,0.003180738070678448,"2327.TW,1590.TW,2884.TW,9910.TW,1102.TW,2885.TW,2618.TW,2408.TW,1326.TW,3008.TW,2880.TW,3711.TW,5871.TW,5880.TW,2395.TW",2018,7,15
2018-09-06,-0.034561097071860315,-0.0402089146539899,-0.005220580621701831,-0.009649118950143747,1.0,1.0,1.0,0.00585,"2327.TW,1590.TW,2884.TW",2018,7,3
2018-09-06,0.001251379805894665,-0.001143030465844963,-0.005220580621701831,-0.009649118950143747,0.4087893504140877,0.4087893504140879,0.4087893504140878,0.002391417699922414,"2327.TW,1590.TW,2884.TW,9910.TW,1102.TW,2885.TW,2618.TW,2408.TW,1326.TW,3008.TW,2880.TW,3711.TW,5871.TW,5880.TW,2395.TW,2887.TW,3045.TW,2207.TW,2892.TW,2412.TW",2018,7,20
2018-09-13,0.009476664188058165,0.006257672165348893,0.005830727641576772,0.013348935117319778,0.5450894172571558,0.5450894172571559,0.5450894172571559,0.003188773090954362,"6669.TW,1590.TW,2379.TW,2327.TW,3008.TW,2408.TW,2330.TW,3034.TW,3045.TW,2345.TW,2308.TW,2880.TW,5880.TW,2412.TW,2884.TW",2018,7,15
2018-09-13,0.014673314279252048,0.011926527398942621,0.005830727641576772,0.013348935117319778,0.46274619845484727,0.46274619845484743,0.4627461984548473,0.0027070652609608573,"6669.TW,1590.TW,2379.TW,2327.TW,3008.TW,2408.TW,2330.TW,3034.TW,3045.TW,2345.TW,2308.TW,2880.TW,5880.TW,2412.TW,2884.TW,2886.TW,2892.TW,4904.TW,1102.TW,1216.TW",2018,7,20
2018-09-13,0.028320771609213785,0.024592100352522905,0.005830727641576772,0.013348935117319778,0.6198257582612143,0.6198257582612143,0.6198257582612143,0.003625980685828104,"6669.TW,1590.TW,2379.TW,2327.TW,3008.TW",2018,7,5
2018-09-13,0.11365612205300657,0.10931286317699973,0.005830727641576772,0.013348935117319778,0.6666666666666666,0.6666666666666665,0.6666666666666665,0.0038999999999999994,"6669.TW,1590.TW,2379.TW",2018,7,3
2018-09-13,0.006672696725522566,0.0030435230707333005,0.005830727641576772,0.013348935117319778,0.616259452490545,0.6162594524905451,0.6162594524905451,0.003605117797069689,"6669.TW,1590.TW,2379.TW,2327.TW,3008.TW,2408.TW,2330.TW,3034.TW,3045.TW,2345.TW",2018,7,10
2018-09-20,-0.02047934391281962,-0.024299474471559557,0.0075364095497256756,0.011930331072081423,0.6666666666666666,0.6666666666666666,0.6666666666666666,0.0039,"6669.TW,2327.TW,3008.TW",2018,7,3
2018-09-20,0.0016632455842306665,-0.0005056696502588887,0.0075364095497256756,0.011930331072081423,0.3701391087002932,0.3701391087002932,0.3701391087002932,0.002165313785896715,"6669.TW,2327.TW,3008.TW,2408.TW,2345.TW,3045.TW,2884.TW,2887.TW,9910.TW,4904.TW,5880.TW,2892.TW,1326.TW,1301.TW,2881.TW,2880.TW,2412.TW,2885.TW,2618.TW,2886.TW",2018,7,20
2018-09-20,-0.020249680948866658,-0.02282767627772564,0.0075364095497256756,0.011930331072081423,0.44979108822838537,0.44979108822838537,0.44979108822838537,0.0026312778661360544,"6669.TW,2327.TW,3008.TW,2408.TW,2345.TW",2018,7,5
2018-09-20,-0.002200612613292407,-0.005059070253576103,0.0075364095497256756,0.011930331072081423,0.4897028839986303,0.48970288399863027,0.48970288399863027,0.0028647618713919876,"6669.TW,2327.TW,3008.TW,2408.TW,2345.TW,3045.TW,2884.TW,2887.TW,9910.TW,4904.TW,5880.TW,2892.TW,1326.TW,1301.TW,2881.TW",2018,7,15
2018-09-20,-0.01448151255222131,-0.01696813195289093,0.0075364095497256756,0.011930331072081423,0.43130915434617023,0.4313091543461701,0.4313091543461702,0.0025231585529250956,"6669.TW,2327.TW,3008.TW,2408.TW,2345.TW,3045.TW,2884.TW,2887.TW,9910.TW,4904.TW",2018,7,10
2018-09-28,-0.13355278870880333,-0.13536043584629376,-0.0454546798130675,-0.05298252510122595,0.3566282015284668,0.35662820152846686,0.35662820152846686,0.002086274978941531,"2345.TW,6669.TW,2327.TW",2018,7,3
2018-09-28,-0.04830236125085849,-0.04974753951066513,-0.0454546798130675,-0.05298252510122595,0.2595772109879948,0.25957721098799474,0.2595772109879948,0.0015185266842797692,"2345.TW,6669.TW,2327.TW,9910.TW,2408.TW,3008.TW,2892.TW,2887.TW,2002.TW,5871.TW,3045.TW,2880.TW,2618.TW,2330.TW,5876.TW,5880.TW,2412.TW,2886.TW,2884.TW,2395.TW",2018,7,20
2018-09-28,-0.10835240906365459,-0.10948413729057571,-0.0454546798130675,-0.05298252510122595,0.21696667891465946,0.2169666789146594,0.21696667891465943,0.0012692550716507575,"2345.TW,6669.TW,2327.TW,9910.TW,2408.TW",2018,7,5
2018-09-28,-0.07041827844802827,-0.07212047416007783,-0.0454546798130675,-0.05298252510122595,0.31301564913043173,0.31301564913043173,0.31301564913043173,0.0018311415474130258,"2345.TW,6669.TW,2327.TW,9910.TW,2408.TW,3008.TW,2892.TW,2887.TW,2002.TW,5871.TW",2018,7,10
2018-09-28,-0.05527126386335044,-0.05754397973427916,-0.0454546798130675,-0.05298252510122595,0.4112275033187992,0.41122750331879926,0.4112275033187992,0.0024056808944149756,"2345.TW,6669.TW,2327.TW,9910.TW,2408.TW,3008.TW,2892.TW,2887.TW,2002.TW,5871.TW,3045.TW,2880.TW,2618.TW,2330.TW,5876.TW",2018,7,15
2018-10-05,-0.031318014913039594,-0.035430745580261824,-0.04761894078594453,-0.04275615851367456,0.725760253735634,0.7257602537356339,0.725760253735634,0.004245697484353459,"1590.TW,2308.TW,6669.TW,2327.TW,3037.TW,2379.TW,2912.TW,2885.TW,2395.TW,3008.TW",2018,7,10
2018-10-05,-0.019383154427012217,-0.023341942309996755,-0.04761894078594453,-0.04275615851367456,0.6900920379741672,0.6900920379741675,0.6900920379741673,0.00403703842214888,"1590.TW,2308.TW,6669.TW,2327.TW,3037.TW,2379.TW,2912.TW,2885.TW,2395.TW,3008.TW,2408.TW,2345.TW,1326.TW,2891.TW,2886.TW",2018,7,15
2018-10-05,-0.016865219218714714,-0.02052706677054561,-0.04761894078594453,-0.04275615851367456,0.6366948445963534,0.6366948445963534,0.6366948445963534,0.0037246648408886677,"1590.TW,2308.TW,6669.TW,2327.TW,3037.TW",2018,7,5
2018-10-05,0.006561810208314442,0.002362265434586508,-0.04761894078594453,-0.04275615851367456,0.7131910770023978,0.7131910770023979,0.7131910770023979,0.004172167800464028,"1590.TW,2308.TW,6669.TW",2018,7,3
2018-10-05,-0.03421764061158497,-0.037714346091308526,-0.04761894078594453,-0.04275615851367456,0.6189048977969474,0.6189048977969472,0.6189048977969474,0.0036205936521121417,"1590.TW,2308.TW,6669.TW,2327.TW,3037.TW,2379.TW,2912.TW,2885.TW,2395.TW,3008.TW,2408.TW,2345.TW,1326.TW,2891.TW,2886.TW,3017.TW,3711.TW,5876.TW,2603.TW,3034.TW",2018,7,20
2018-10-15,0.010696913294663523,0.008536471260804923,-0.011392295694622412,-0.00022003173657185736,0.36539770302676483,0.3653977030267648,0.3653977030267648,0.002137576562706574,"1590.TW,2345.TW,2327.TW,6669.TW,3008.TW,9910.TW,3037.TW,2454.TW,3034.TW,2207.TW,2891.TW,1216.TW,1326.TW,1301.TW,3711.TW,2603.TW,2885.TW,3231.TW,2886.TW,2609.TW",2018,7,20
2018-10-15,0.012893431323873996,0.010523260694576209,-0.011392295694622412,-0.00022003173657185736,0.4,0.39999999999999997,0.4,0.00234,"1590.TW,2345.TW,2327.TW,6669.TW,3008.TW",2018,7,5
2018-10-15,0.01263755628802361,0.009617478630252307,-0.011392295694622412,-0.00022003173657185736,0.5098098405163206,0.5098098405163206,0.5098098405163206,0.0029823875670204757,"1590.TW,2345.TW,2327.TW,6669.TW,3008.TW,9910.TW,3037.TW,2454.TW,3034.TW,2207.TW",2018,7,10
2018-10-15,0.030875413614024128,0.026810444681699686,-0.011392295694622412,-0.00022003173657185736,0.6740547645054287,0.6740547645054288,0.6740547645054287,0.003943220372356758,"1590.TW,2345.TW,2327.TW",2018,7,3
2018-10-15,0.003040060203358892,0.0002348865503329911,-0.011392295694622412,-0.00022003173657185736,0.4780635218775671,0.47806352187756707,0.47806352187756707,0.0027966716029837677,"1590.TW,2345.TW,2327.TW,6669.TW,3008.TW,9910.TW,3037.TW,2454.TW,3034.TW,2207.TW,2891.TW,1216.TW,1326.TW,1301.TW,3711.TW",2018,7,15
2018-10-22,-0.0937428398140569,-0.09493410991716422,-0.02944938403487951,-0.03642770485331809,0.22469992404726707,0.2246999240472671,0.22469992404726707,0.0013144945556765124,"6669.TW,3008.TW,2327.TW,2408.TW,2345.TW",2018,7,5
2018-10-22,-0.0726489382376995,-0.0754414083033631,-0.02944938403487951,-0.03642770485331809,0.5147406737883317,0.5147406737883317,0.5147406737883317,0.0030112329416617403,"6669.TW,3008.TW,2327.TW,2408.TW,2345.TW,2379.TW,3037.TW,2303.TW,5876.TW,3017.TW",2018,7,10
2018-10-22,-0.04666756333513494,-0.04955544190418515,-0.02944938403487951,-0.03642770485331809,0.5178198467419035,0.5178198467419035,0.5178198467419035,0.003029246103440136,"6669.TW,3008.TW,2327.TW,2408.TW,2345.TW,2379.TW,3037.TW,2303.TW,5876.TW,3017.TW,2207.TW,3711.TW,2615.TW,2603.TW,2330.TW,3045.TW,3231.TW,2357.TW,2454.TW,5871.TW",2018,7,20
2018-10-22,-0.06108990838175379,-0.06411389735403894,-0.02944938403487951,-0.03642770485331809,0.550554516836322,0.550554516836322,0.550554516836322,0.0032207439234924837,"6669.TW,3008.TW,2327.TW,2408.TW,2345.TW,2379.TW,3037.TW,2303.TW,5876.TW,3017.TW,2207.TW,3711.TW,2615.TW,2603.TW,2330.TW",2018,7,15
2018-10-22,-0.09199458891081065,-0.09568889442815876,-0.02944938403487951,-0.03642770485331809,0.6954861820516905,0.6954861820516905,0.6954861820516905,0.00406859416500239,"6669.TW,3008.TW,2327.TW",2018,7,3
2018-10-29,0.11699439248633547,0.11684929784442266,0.03496045079428556,0.04814362562911313,0.022204679860448412,0.022204679860448495,0.022204679860448454,0.00012989737718362357,"3008.TW,6669.TW,2345.TW,2327.TW,2408.TW",2018,7,5
2018-10-29,0.07544320830544327,0.07251590824243448,0.03496045079428556,0.04814362562911313,0.46529018854688414,0.46529018854688403,0.4652901885468841,0.0027219476029992718,"3008.TW,6669.TW,2345.TW,2327.TW,2408.TW,3034.TW,3037.TW,3231.TW,3045.TW,2317.TW,2609.TW,1590.TW,2412.TW,1102.TW,2395.TW,2454.TW,4904.TW,2308.TW,2207.TW,3017.TW",2018,7,20
2018-10-29,0.08443927839156808,0.08052906305307839,0.03496045079428556,0.04814362562911313,0.6163672708034859,0.6163672708034859,0.6163672708034859,0.0036057485342003925,"3008.TW,6669.TW,2345.TW,2327.TW,2408.TW,3034.TW,3037.TW,3231.TW,3045.TW,2317.TW,2609.TW,1590.TW,2412.TW,1102.TW,2395.TW",2018,7,15
2018-10-29,0.08349018455896434,0.0808288662250829,0.03496045079428556,0.04814362562911313,0.41987109565288605,0.41987109565288594,0.419871095652886,0.002456245909569383,"3008.TW,6669.TW,2345.TW,2327.TW,2408.TW,3034.TW,3037.TW,3231.TW,3045.TW,2317.TW",2018,7,10
2018-10-29,0.10472802852054075,0.10257380886492573,0.03496045079428556,0.04814362562911313,0.3333333333333333,0.3333333333333333,0.3333333333333333,0.00195,"3008.TW,6669.TW,2345.TW",2018,7,3
2018-11-05,-0.042463827206911366,-0.045867191680401764,-0.029318049262365475,-0.022447297858285947,0.6075715167743028,0.6075715167743028,0.6075715167743028,0.0035542933731296713,"2327.TW,6669.TW,9910.TW,3008.TW,2303.TW,2317.TW,1102.TW,2207.TW,1326.TW,3017.TW",2018,7,10
2018-11-05,-0.027219967118187006,-0.03101380924642605,-0.029318049262365475,-0.022447297858285947,0.6666666666666666,0.6666666666666666,0.6666666666666666,0.0039,"2327.TW,6669.TW,9910.TW",2018,7,3
2018-11-05,-0.032061212989876096,-0.035138958375435236,-0.029318049262365475,-0.022447297858285947,0.5435367704841286,0.5435367704841286,0.5435367704841286,0.0031796901073321525,"2327.TW,6669.TW,9910.TW,3008.TW,2303.TW,2317.TW,1102.TW,2207.TW,1326.TW,3017.TW,3231.TW,1101.TW,2603.TW,3711.TW,3037.TW",2018,7,15
2018-11-05,-0.05372036202528514,-0.05605312291844977,-0.029318049262365475,-0.022447297858285947,0.4214003237917716,0.4214003237917716,0.4214003237917716,0.0024651918941818642,"2327.TW,6669.TW,9910.TW,3008.TW,2303.TW",2018,7,5
2018-11-05,-0.030989475280961007,-0.03334870606992213,-0.029318049262365475,-0.022447297858285947,0.4161846585404798,0.41618465854048,0.4161846585404799,0.002434680252461808,"2327.TW,6669.TW,9910.TW,3008.TW,2303.TW,2317.TW,1102.TW,2207.TW,1326.TW,3017.TW,3231.TW,1101.TW,2603.TW,3711.TW,3037.TW,2412.TW,1301.TW,3034.TW,2883.TW,2308.TW",2018,7,20
2018-11-12,0.064071944787277,0.06145706735676715,0.0032827946487887782,0.03244513660437395,0.4200727189065298,0.4200727189065296,0.4200727189065297,0.0024574254056031987,"2327.TW,1102.TW,3008.TW,6669.TW,2303.TW,2885.TW,2207.TW,1101.TW,3034.TW,2892.TW",2018,7,10
2018-11-12,0.056768884519048296,0.0524241403915886,0.0032827946487887782,0.03244513660437395,0.7027944470349379,0.702794447034938,0.7027944470349379,0.0041113475151543875,"2327.TW,1102.TW,3008.TW",2018,7,3
2018-11-12,0.04951501251394613,0.046146052029411466,0.0032827946487887782,0.03244513660437395,0.5487207655444344,0.5487207655444344,0.5487207655444344,0.003210016478434941,"2327.TW,1102.TW,3008.TW,6669.TW,2303.TW,2885.TW,2207.TW,1101.TW,3034.TW,2892.TW,2880.TW,2886.TW,5880.TW,2891.TW,4904.TW",2018,7,15
2018-11-12,0.09064339154427468,0.08914836958319072,0.0032827946487887782,0.03244513660437395,0.23431977085114808,0.23431977085114802,0.23431977085114805,0.001370770659479216,"2327.TW,1102.TW,3008.TW,6669.TW,2303.TW",2018,7,5
2018-11-12,0.04907232848481987,0.045304933780114576,0.0032827946487887782,0.03244513660437395,0.6138748276313223,0.6138748276313222,0.6138748276313222,0.003591167741643235,"2327.TW,1102.TW,3008.TW,6669.TW,2303.TW,2885.TW,2207.TW,1101.TW,3034.TW,2892.TW,2880.TW,2886.TW,5880.TW,2891.TW,4904.TW,2882.TW,3045.TW,2881.TW,1216.TW,2345.TW",2018,7,20
2018-11-19,0.05405221457843049,0.05198773344583385,-0.00588995515780788,-0.008679760903893375,0.3348057646745483,0.3348057646745484,0.33480576467454837,0.0019586137233461084,"2327.TW,2303.TW,3008.TW",2018,7,3
2018-11-19,0.029405780827844084,0.026906846468807144,-0.00588995515780788,-0.008679760903893375,0.4149658710469907,0.41496587104699056,0.4149658710469906,0.002427550345624895,"2327.TW,2303.TW,3008.TW,2357.TW,9910.TW",2018,7,5
2018-11-19,-0.0067351807136550425,-0.008550183691452995,-0.00588995515780788,-0.008679760903893375,0.3123607252138473,0.3123607252138471,0.31236072521384717,0.001827310242501006,"2327.TW,2303.TW,3008.TW,2357.TW,9910.TW,2886.TW,2395.TW,2880.TW,1101.TW,2885.TW,2881.TW,3045.TW,4904.TW,2882.TW,2892.TW,2002.TW,5880.TW,2884.TW,1102.TW,2382.TW",2018,7,20
2018-11-19,-0.004026309808677233,-0.006407734556063582,-0.00588995515780788,-0.008679760903893375,0.4087268141803652,0.4087268141803654,0.40872681418036527,0.002391051862955137,"2327.TW,2303.TW,3008.TW,2357.TW,9910.TW,2886.TW,2395.TW,2880.TW,1101.TW,2885.TW,2881.TW,3045.TW,4904.TW,2882.TW,2892.TW",2018,7,15
2018-11-19,-0.0004218198615240985,-0.0033919121196841484,-0.00588995515780788,-0.008679760903893375,0.507922330044867,0.507922330044867,0.507922330044867,0.002971345630762472,"2327.TW,2303.TW,3008.TW,2357.TW,9910.TW,2886.TW,2395.TW,2880.TW,1101.TW,2885.TW",2018,7,10
2018-11-26,0.1081758728235652,0.10556611311253739,0.033574581103954504,0.05131889507249991,0.4025649556682358,0.4025649556682358,0.4025649556682358,0.0023550049906591796,"2327.TW,2303.TW,2357.TW,1102.TW,3034.TW",2018,7,5
2018-11-26,0.06199102086987325,0.05947938835248734,0.033574581103954504,0.05131889507249991,0.4042773276078907,0.4042773276078908,0.40427732760789076,0.002365022366506161,"2327.TW,2303.TW,2357.TW,1102.TW,3034.TW,3037.TW,2330.TW,2317.TW,5880.TW,6669.TW,2892.TW,2207.TW,2379.TW,2880.TW,2618.TW,2885.TW,4904.TW,3045.TW,9910.TW,2881.TW",2018,7,20
2018-11-26,0.10318290289172223,0.10100765735141692,0.033574581103954504,0.05131889507249991,0.3370582008857738,0.33705820088577393,0.3370582008857739,0.0019717904751817773,"2327.TW,2303.TW,2357.TW",2018,7,3
2018-11-26,0.08302219957427101,0.07879409650324654,0.033574581103954504,0.05131889507249991,0.6673479657182396,0.6673479657182397,0.6673479657182397,0.0039039855994517023,"2327.TW,2303.TW,2357.TW,1102.TW,3034.TW,3037.TW,2330.TW,2317.TW,5880.TW,6669.TW,2892.TW,2207.TW,2379.TW,2880.TW,2618.TW",2018,7,15
2018-11-26,0.09614281122115671,0.09165410640920602,0.033574581103954504,0.05131889507249991,0.7,0.6999999999999997,0.6999999999999998,0.004094999999999999,"2327.TW,2303.TW,2357.TW,1102.TW,3034.TW,3037.TW,2330.TW,2317.TW,5880.TW,6669.TW",2018,7,10
2018-12-03,-0.019575407287046,-0.023154868978379484,-0.05095510145134252,-0.03737927389748386,0.6240906214900275,0.6240906214900277,0.6240906214900276,0.003650930135716662,"2303.TW,2885.TW,5880.TW,2382.TW,2609.TW,2603.TW,2892.TW,2880.TW,2357.TW,2618.TW,4904.TW,2615.TW,2912.TW,2883.TW,2881.TW",2018,7,15
2018-12-03,-0.023626648377108282,-0.027747240491579284,-0.05095510145134252,-0.03737927389748386,0.7214194439571804,0.7214194439571804,0.7214194439571804,0.004220303747149505,"2303.TW,2885.TW,5880.TW,2382.TW,2609.TW,2603.TW,2892.TW,2880.TW,2357.TW,2618.TW",2018,7,10
2018-12-03,-0.036568759583732506,-0.040472370100926414,-0.05095510145134252,-0.03737927389748386,0.6926118036245779,0.692611803624578,0.6926118036245779,0.004051779051203781,"2303.TW,2885.TW,5880.TW",2018,7,3
2018-12-03,-0.02091119656440864,-0.023909968427556105,-0.05095510145134252,-0.03737927389748386,0.5235588162159301,0.5235588162159301,0.5235588162159301,0.003062819074863191,"2303.TW,2885.TW,5880.TW,2382.TW,2609.TW,2603.TW,2892.TW,2880.TW,2357.TW,2618.TW,4904.TW,2615.TW,2912.TW,2883.TW,2881.TW,2395.TW,2884.TW,2412.TW,9910.TW,2882.TW",2018,7,20
2018-12-03,-0.02994082081710108,-0.03457375423611886,-0.05095510145134252,-0.03737927389748386,0.8163980585889845,0.8163980585889844,0.8163980585889845,0.004775928642745559,"2303.TW,2885.TW,5880.TW,2382.TW,2609.TW",2018,7,5
2018-12-10,0.009726509385543251,0.006168743591814518,0.013422647731220927,0.008009690410035413,0.6023067506816068,0.6023067506816066,0.6023067506816067,0.003523494491487399,"2327.TW,2408.TW,2345.TW,3008.TW,2454.TW,2615.TW,2207.TW,9910.TW,2618.TW,2395.TW,2609.TW,6669.TW,5871.TW,3711.TW,3231.TW,2603.TW,2412.TW,3017.TW,5876.TW,2880.TW",2018,7,20
2018-12-10,0.00862557251786616,0.0039045886551145603,0.013422647731220927,0.008009690410035413,0.8001044297240948,0.8001044297240951,0.8001044297240949,0.0046806109138859565,"2327.TW,2408.TW,2345.TW,3008.TW,2454.TW,2615.TW,2207.TW,9910.TW,2618.TW,2395.TW,2609.TW,6669.TW,5871.TW,3711.TW,3231.TW",2018,7,15
2018-12-10,0.012315407336003415,0.006985566716379399,0.013422647731220927,0.008009690410035413,0.8999999999999999,0.8999999999999999,0.8999999999999999,0.005265,"2327.TW,2408.TW,2345.TW,3008.TW,2454.TW,2615.TW,2207.TW,9910.TW,2618.TW,2395.TW",2018,7,10
2018-12-10,0.01707553921581768,0.011125647311405196,0.013422647731220927,0.008009690410035413,1.0,1.0,1.0,0.00585,"2327.TW,2408.TW,2345.TW,3008.TW,2454.TW",2018,7,5
2018-12-10,0.0030776518912500883,-0.0027903523723137313,0.013422647731220927,0.008009690410035413,1.0,1.0,1.0,0.00585,"2327.TW,2408.TW,2345.TW",2018,7,3
2018-12-17,-0.012339895404287024,-0.016241301310089384,-0.017880767953997845,-0.021777241040534932,0.6752393757140113,0.6752393757140115,0.6752393757140114,0.003950150347926967,"2327.TW,2317.TW,3037.TW,3711.TW,6669.TW,3017.TW,5876.TW,2303.TW,2615.TW,2412.TW,5880.TW,2308.TW,2345.TW,2357.TW,2382.TW",2018,7,15
2018-12-17,-0.0075657265919088276,-0.012235001248700805,-0.017880767953997845,-0.021777241040534932,0.8042513538530698,0.8042513538530698,0.8042513538530698,0.004704870420040458,"2327.TW,2317.TW,3037.TW,3711.TW,6669.TW,3017.TW,5876.TW,2303.TW,2615.TW,2412.TW",2018,7,10
2018-12-17,-0.015761865214187366,-0.020422216929725456,-0.017880767953997845,-0.021777241040534932,0.8093989561466921,0.809398956146692,0.8093989561466921,0.0047349838934581485,"2327.TW,2317.TW,3037.TW,3711.TW,6669.TW",2018,7,5
2018-12-17,-0.013525353735539704,-0.016172519581644562,-0.017880767953997845,-0.021777241040534932,0.4587112136674526,0.45871121366745254,0.4587112136674526,0.0026834605999545976,"2327.TW,2317.TW,3037.TW,3711.TW,6669.TW,3017.TW,5876.TW,2303.TW,2615.TW,2412.TW,5880.TW,2308.TW,2345.TW,2357.TW,2382.TW,5871.TW,2379.TW,3045.TW,2408.TW,2880.TW",2018,7,20
2018-12-17,0.00459283805021482,0.0006089176826806764,-0.017880767953997845,-0.021777241040534932,0.6778985503819233,0.6778985503819233,0.6778985503819233,0.0039657065197342516,"2327.TW,2317.TW,3037.TW",2018,7,3
2018-12-24,0.008143565638772336,0.0045761638424068884,-0.004720362482877882,0.002890058126939068,0.604886341258937,0.6048863412589371,0.6048863412589371,0.003538585096364782,"2327.TW,2345.TW,5876.TW,2379.TW,2609.TW,2207.TW,1102.TW,2357.TW,1590.TW,2317.TW,5871.TW,1101.TW,2412.TW,2002.TW,4904.TW",2018,7,15
2018-12-24,0.004188325207519606,0.0017945825197875909,-0.004720362482877882,0.002890058126939068,0.40748012494881125,0.4074801249488112,0.40748012494881125,0.0023837587309505455,"2327.TW,2345.TW,5876.TW,2379.TW,2609.TW,2207.TW,1102.TW,2357.TW,1590.TW,2317.TW,5871.TW,1101.TW,2412.TW,2002.TW,4904.TW,3008.TW,5880.TW,3045.TW,2615.TW,2880.TW",2018,7,20
2018-12-24,0.01635860046741122,0.012394801925588395,-0.004720362482877882,0.002890058126939068,0.6666666666666666,0.6666666666666667,0.6666666666666667,0.0039000000000000003,"2327.TW,2345.TW,5876.TW",2018,7,3
2018-12-24,0.008230643715029596,0.003512124302443409,-0.004720362482877882,0.002890058126939068,0.8,0.8,0.8,0.00468,"2327.TW,2345.TW,5876.TW,2379.TW,2609.TW",2018,7,5
2018-12-24,0.003594747455430536,-0.0005149730353993798,-0.004720362482877882,0.002890058126939068,0.7,0.7000000000000002,0.7000000000000001,0.0040950000000000005,"2327.TW,2345.TW,5876.TW,2379.TW,2609.TW,2207.TW,1102.TW,2357.TW,1590.TW,2317.TW",2018,7,10
2019-01-02,0.042437185079461745,0.04095171209072368,0.013550365878841841,0.030616379393805862,0.9999999999999999,0.0,0.49999999999999994,0.0014249999999999998,"2379.TW,2207.TW,3008.TW,2618.TW,2382.TW,6669.TW,5876.TW,2912.TW,2454.TW,2412.TW,1326.TW,3034.TW,4904.TW,3711.TW,1301.TW",2019,7,15
2019-01-02,0.04238507456622693,0.040899675834970006,0.013550365878841841,0.030616379393805862,1.0,0.0,0.5,0.001425,"2379.TW,2207.TW,3008.TW,2618.TW,2382.TW",2019,7,5
2019-01-02,0.03637909365456814,0.03490225344611031,0.013550365878841841,0.030616379393805862,1.0000000000000002,0.0,0.5000000000000001,0.0014250000000000003,"2379.TW,2207.TW,3008.TW,2618.TW,2382.TW,6669.TW,5876.TW,2912.TW,2454.TW,2412.TW,1326.TW,3034.TW,4904.TW,3711.TW,1301.TW,2330.TW,3017.TW,2881.TW,2408.TW,1590.TW",2019,7,20
2019-01-02,0.04537272460998629,0.043883068477416964,0.013550365878841841,0.030616379393805862,0.9999999999999999,0.0,0.49999999999999994,0.0014249999999999998,"2379.TW,2207.TW,3008.TW,2618.TW,2382.TW,6669.TW,5876.TW,2912.TW,2454.TW,2412.TW",2019,7,10
2019-01-02,0.06618029986527799,0.06466099293797001,0.013550365878841841,0.030616379393805862,1.0,0.0,0.5,0.001425,"2379.TW,2207.TW,3008.TW",2019,7,3
2019-01-09,0.011056588322219082,0.005141907280534097,0.01069481307627096,0.015582848678267876,1.0,0.9999999999999999,1.0,0.005849999999999999,"3037.TW,2382.TW,2412.TW",2019,7,3
2019-01-09,0.011800466377908882,0.007610580508289111,0.01069481307627096,0.015582848678267876,0.707866650167288,0.7078666501672881,0.7078666501672881,0.004141019903478635,"3037.TW,2382.TW,2412.TW,5880.TW,4904.TW,2892.TW,5876.TW,2618.TW,3045.TW,2002.TW,9910.TW,2345.TW,1102.TW,2885.TW,2880.TW,2317.TW,3231.TW,1101.TW,2207.TW,2886.TW",2019,7,20
2019-01-09,0.006794952264175704,0.0031710075788418113,0.01069481307627096,0.015582848678267876,0.6152968115260685,0.6152968115260686,0.6152968115260686,0.0035994863474275015,"3037.TW,2382.TW,2412.TW,5880.TW,4904.TW,2892.TW,5876.TW,2618.TW,3045.TW,2002.TW",2019,7,10
2019-01-09,0.008570376504465061,0.0038174371916495087,0.01069481307627096,0.015582848678267876,0.8055642695126841,0.805564269512684,0.8055642695126841,0.004712550976649202,"3037.TW,2382.TW,2412.TW,5880.TW,4904.TW",2019,7,5
2019-01-09,0.014461140975536517,0.010431360824836533,0.01069481307627096,0.015582848678267876,0.6790317341771314,0.6790317341771314,0.6790317341771314,0.003972335644936219,"3037.TW,2382.TW,2412.TW,5880.TW,4904.TW,2892.TW,5876.TW,2618.TW,3045.TW,2002.TW,9910.TW,2345.TW,1102.TW,2885.TW,2880.TW",2019,7,15
2019-01-16,0.012929544499016865,0.007586643753027422,0.008495616397286021,0.005107502489548823,0.9016583352670617,0.9016583352670619,0.9016583352670617,0.005274701261312312,"1326.TW,1101.TW,2207.TW,1303.TW,2912.TW,1301.TW,2880.TW,2892.TW,2884.TW,2887.TW",2019,7,10
2019-01-16,0.00789141224391069,0.0046099609827001675,0.008495616397286021,0.005107502489548823,0.5565399533212823,0.5565399533212825,0.5565399533212824,0.0032557587269295024,"1326.TW,1101.TW,2207.TW,1303.TW,2912.TW,1301.TW,2880.TW,2892.TW,2884.TW,2887.TW,2002.TW,5880.TW,2891.TW,2615.TW,2357.TW,4904.TW,3231.TW,2603.TW,2618.TW,5871.TW",2019,7,20
2019-01-16,0.032517867139157976,0.026477637616393768,0.008495616397286021,0.005107502489548823,1.0,1.0,1.0,0.00585,"1326.TW,1101.TW,2207.TW",2019,7,3
2019-01-16,0.019666283671282293,0.013701235911805165,0.008495616397286021,0.005107502489548823,1.0,1.0,1.0,0.00585,"1326.TW,1101.TW,2207.TW,1303.TW,2912.TW",2019,7,5
2019-01-16,0.01150288001280617,0.007144968969426069,0.008495616397286021,0.005107502489548823,0.736470526597016,0.7364705265970161,0.736470526597016,0.004308352580592544,"1326.TW,1101.TW,2207.TW,1303.TW,2912.TW,1301.TW,2880.TW,2892.TW,2884.TW,2887.TW,2002.TW,5880.TW,2891.TW,2615.TW,2357.TW",2019,7,15
2019-01-23,0.050019182479563565,0.043876570262058046,0.018931744700523723,0.02350546850292049,1.0,1.0000000000000002,1.0,0.005850000000000001,"2357.TW,3037.TW,2308.TW",2019,7,3
2019-01-23,0.028015888825145673,0.02437221883272045,0.018931744700523723,0.02350546850292049,0.6058754325932889,0.6058754325932891,0.605875432593289,0.003544371280670741,"2357.TW,3037.TW,2308.TW,3017.TW,1303.TW,2615.TW,4904.TW,1301.TW,2885.TW,2002.TW,2603.TW,2454.TW,3231.TW,2883.TW,1326.TW",2019,7,15
2019-01-23,0.029156225503441085,0.02640538994885122,0.018931744700523723,0.02350546850292049,0.4569066272711544,0.4569066272711544,0.4569066272711544,0.002672903769536253,"2357.TW,3037.TW,2308.TW,3017.TW,1303.TW,2615.TW,4904.TW,1301.TW,2885.TW,2002.TW,2603.TW,2454.TW,3231.TW,2883.TW,1326.TW,1102.TW,2618.TW,2207.TW,2382.TW,3008.TW",2019,7,20
2019-01-23,0.03712685769545665,0.03223551437354555,0.018931744700523723,0.02350546850292049,0.8061955558960832,0.8061955558960829,0.806195555896083,0.004716244001992086,"2357.TW,3037.TW,2308.TW,3017.TW,1303.TW",2019,7,5
2019-01-23,0.027811996441177846,0.022973533128324508,0.018931744700523723,0.02350546850292049,0.8047072311382701,0.8047072311382701,0.8047072311382701,0.004707537302158881,"2357.TW,3037.TW,2308.TW,3017.TW,1303.TW,2615.TW,4904.TW,1301.TW,2885.TW,2002.TW",2019,7,10
2019-01-30,0.011032250286484456,0.00744415706791246,0.0019907666098819554,0.009989583678759623,0.6066564819847723,0.6066564819847723,0.6066564819847723,0.003548940419610918,"3017.TW,2330.TW,2886.TW,2454.TW,2615.TW,2303.TW,1216.TW,5880.TW,2002.TW,2880.TW,2883.TW,2603.TW,2609.TW,2884.TW,2382.TW",2019,7,15
2019-01-30,0.03947420496094943,0.034563634118023545,0.0019907666098819554,0.009989583678759623,0.8075369405968926,0.8075369405968925,0.8075369405968926,0.004724091102491821,"3017.TW,2330.TW,2886.TW,2454.TW,2615.TW",2019,7,5
2019-01-30,0.019229779513058137,0.015021131268035726,0.0019907666098819554,0.009989583678759623,0.7058536405547912,0.7058536405547913,0.7058536405547913,0.004129243797245529,"3017.TW,2330.TW,2886.TW,2454.TW,2615.TW,2303.TW,1216.TW,5880.TW,2002.TW,2880.TW",2019,7,10
2019-01-30,0.005773217443530418,0.002499229690415161,0.0019907666098819554,0.009989583678759623,0.5564435565266344,0.5564435565266346,0.5564435565266345,0.003255194805680812,"3017.TW,2330.TW,2886.TW,2454.TW,2615.TW,2303.TW,1216.TW,5880.TW,2002.TW,2880.TW,2883.TW,2603.TW,2609.TW,2884.TW,2382.TW,2892.TW,2412.TW,1303.TW,3045.TW,4904.TW",2019,7,20
2019-01-30,0.05468441176780188,0.048514507958960174,0.0019907666098819554,0.009989583678759623,1.0,1.0,1.0,0.00585,"3017.TW,2330.TW,2886.TW",2019,7,3
2019-02-15,0.022606735746270923,0.016624486342155187,0.024503168744120174,0.01784284979921763,1.0,1.0,1.0,0.00585,"2345.TW,2357.TW,2880.TW,5880.TW,2892.TW",2019,7,5
2019-02-15,0.02529266238523023,0.021048224472664634,0.024503168744120174,0.01784284979921763,0.7076466739077376,0.7076466739077378,0.7076466739077377,0.004139733042360266,"2345.TW,2357.TW,2880.TW,5880.TW,2892.TW,5871.TW,2886.TW,1101.TW,2603.TW,2885.TW",2019,7,10
2019-02-15,0.025552913772719888,0.02231498144538624,0.024503168744120174,0.01784284979921763,0.5397017531655265,0.5397017531655266,0.5397017531655266,0.0031572552560183305,"2345.TW,2357.TW,2880.TW,5880.TW,2892.TW,5871.TW,2886.TW,1101.TW,2603.TW,2885.TW,2454.TW,2884.TW,2887.TW,2317.TW,2002.TW",2019,7,15
2019-02-15,0.02190931031470892,0.018602563660858218,0.024503168744120174,0.01784284979921763,0.5531369883409866,0.5531369883409866,0.5531369883409866,0.0032358513817947712,"2345.TW,2357.TW,2880.TW,5880.TW,2892.TW,5871.TW,2886.TW,1101.TW,2603.TW,2885.TW,2454.TW,2884.TW,2887.TW,2317.TW,2002.TW,3231.TW,2327.TW,2379.TW,1301.TW,2615.TW",2019,7,20
2019-02-15,0.02905075353525769,0.023030806627076572,0.024503168744120174,0.01784284979921763,1.0,1.0,1.0,0.00585,"2345.TW,2357.TW,2880.TW",2019,7,3
2019-02-22,-0.002732054988694977,-0.005677119454643664,-0.006464050927713183,0.0010223369477201816,0.5048089891562536,0.5048089891562538,0.5048089891562537,0.002953132586564085,"6669.TW,2357.TW,2609.TW,2327.TW,2886.TW,2395.TW,2880.TW,2303.TW,5880.TW,2308.TW,2382.TW,2883.TW,2887.TW,2892.TW,9910.TW,2002.TW,2615.TW,4904.TW,1303.TW,2884.TW",2019,7,20
2019-02-22,-0.006503768322961091,-0.01116892373698919,-0.006464050927713183,0.0010223369477201816,0.8026829277352154,0.8026829277352155,0.8026829277352154,0.0046956951272510115,"6669.TW,2357.TW,2609.TW,2327.TW,2886.TW",2019,7,5
2019-02-22,-0.002620696228625787,-0.006149362133894165,-0.006464050927713183,0.0010223369477201816,0.6047756863978355,0.6047756863978357,0.6047756863978356,0.003537937765427339,"6669.TW,2357.TW,2609.TW,2327.TW,2886.TW,2395.TW,2880.TW,2303.TW,5880.TW,2308.TW,2382.TW,2883.TW,2887.TW,2892.TW,9910.TW",2019,7,15
2019-02-22,-0.000865293837449222,-0.0043982367329983285,-0.006464050927713183,0.0010223369477201816,0.6044448849210304,0.6044448849210303,0.6044448849210304,0.003536002576788028,"6669.TW,2357.TW,2609.TW,2327.TW,2886.TW,2395.TW,2880.TW,2303.TW,5880.TW,2308.TW",2019,7,10
2019-02-22,0.022921424242878574,0.018892949125021152,-0.006464050927713183,0.0010223369477201816,0.6731975779903567,0.6731975779903567,0.6731975779903567,0.003938205831243587,"6669.TW,2357.TW,2609.TW",2019,7,3
2019-03-05,0.0008072853426890786,-0.003992565899780809,0.0026026707295023765,0.00011450507481585825,0.8198255587180716,0.8198255587180715,0.8198255587180716,0.004795979518500719,"2345.TW,2327.TW,3034.TW,2912.TW,2330.TW",2019,7,5
2019-03-05,0.003484995595941298,-0.0003654067147839113,0.0026026707295023765,0.00011450507481585825,0.6559026114714546,0.6559026114714545,0.6559026114714546,0.003837030277108009,"2345.TW,2327.TW,3034.TW,2912.TW,2330.TW,3017.TW,2886.TW,2207.TW,1101.TW,1216.TW,2891.TW,1303.TW,2002.TW,2892.TW,3231.TW,3711.TW,2609.TW,9910.TW,2454.TW,2317.TW",2019,7,20
2019-03-05,0.004433354104177407,-0.0014425810173319675,0.0026026707295023765,0.00011450507481585825,1.0,1.0000000000000002,1.0,0.005850000000000001,"2345.TW,2327.TW,3034.TW",2019,7,3
2019-03-05,0.0050777923495832844,0.0003337973255921334,0.0026026707295023765,0.00011450507481585825,0.8068423424664845,0.8068423424664846,0.8068423424664846,0.004720027703428935,"2345.TW,2327.TW,3034.TW,2912.TW,2330.TW,3017.TW,2886.TW,2207.TW,1101.TW,1216.TW,2891.TW,1303.TW,2002.TW,2892.TW,3231.TW",2019,7,15
2019-03-05,0.007944435182375763,0.0031658070357132306,0.0026026707295023765,0.00011450507481585825,0.8104211737646366,0.8104211737646366,0.8104211737646366,0.004740963866523125,"2345.TW,2327.TW,3034.TW,2912.TW,2330.TW,3017.TW,2886.TW,2207.TW,1101.TW,1216.TW",2019,7,10
2019-03-12,0.016068458595107058,0.010124458112325652,0.016871895776870982,0.021667994346419382,1.0,1.0000000000000002,1.0,0.005850000000000001,"2308.TW,2887.TW,2880.TW,2609.TW,3045.TW",2019,7,5
2019-03-12,0.015669923246343455,0.009728254195352504,0.016871895776870982,0.021667994346419382,0.9999999999999999,1.0,1.0,0.00585,"2308.TW,2887.TW,2880.TW,2609.TW,3045.TW,2395.TW,5880.TW,4904.TW,2892.TW,2408.TW",2019,7,10
2019-03-12,0.03271991015404985,0.026678498679648666,0.016871895776870982,0.021667994346419382,1.0,1.0,1.0,0.00585,"2308.TW,2887.TW,2880.TW",2019,7,3
2019-03-12,0.017049354270692676,0.012278879467429116,0.016871895776870982,0.021667994346419382,0.8017956797390688,0.8017956797390691,0.801795679739069,0.004690504726473554,"2308.TW,2887.TW,2880.TW,2609.TW,3045.TW,2395.TW,5880.TW,4904.TW,2892.TW,2408.TW,2886.TW,2885.TW,5871.TW,2884.TW,2327.TW",2019,7,15
2019-03-12,0.022727292138425944,0.01881124535124279,0.016871895776870982,0.021667994346419382,0.6545339235165112,0.654533923516511,0.6545339235165111,0.0038290234525715896,"2308.TW,2887.TW,2880.TW,2609.TW,3045.TW,2395.TW,5880.TW,4904.TW,2892.TW,2408.TW,2886.TW,2885.TW,5871.TW,2884.TW,2327.TW,5876.TW,1216.TW,3711.TW,2883.TW,2345.TW",2019,7,20
2019-03-19,0.012427373106527095,0.010005929149430992,0.0012763047360380142,0.007750563069552447,0.40884122154658403,0.4088412215465842,0.4088412215465841,0.0023917211460475173,"1102.TW,2892.TW,2327.TW,2885.TW,1303.TW,2883.TW,1101.TW,3711.TW,2412.TW,5880.TW,2615.TW,2408.TW,2880.TW,3045.TW,1326.TW,2887.TW,2886.TW,2891.TW,2207.TW,2345.TW",2019,7,20
2019-03-19,0.011476873469540384,0.0055597337597435015,0.0012763047360380142,0.007750563069552447,1.0,0.9999999999999999,1.0,0.005849999999999999,"1102.TW,2892.TW,2327.TW,2885.TW,1303.TW",2019,7,5
2019-03-19,0.01565977214127895,0.012442766231139935,0.0012763047360380142,0.007750563069552447,0.5414367638439928,0.5414367638439929,0.5414367638439928,0.003167405068487358,"1102.TW,2892.TW,2327.TW,2885.TW,1303.TW,2883.TW,1101.TW,3711.TW,2412.TW,5880.TW,2615.TW,2408.TW,2880.TW,3045.TW,1326.TW",2019,7,15
2019-03-19,0.01063896277004739,0.004726724837842644,0.0012763047360380142,0.007750563069552447,1.0,0.9999999999999999,1.0,0.005849999999999999,"1102.TW,2892.TW,2327.TW",2019,7,3
2019-03-19,0.020670029288072968,0.015882444497985926,0.0012763047360380142,0.007750563069552447,0.8018169819083291,0.8018169819083291,0.8018169819083291,0.004690629344163725,"1102.TW,2892.TW,2327.TW,2885.TW,1303.TW,2883.TW,1101.TW,3711.TW,2412.TW,5880.TW",2019,7,10
2019-03-26,0.014431630375687645,0.011728541101133416,0.02485677777716422,0.02086902087254979,0.4554930355313794,0.4554930355313793,0.4554930355313793,0.002664634257858569,"3037.TW,2882.TW,2881.TW,2880.TW,2408.TW,2892.TW,2883.TW,2884.TW,5880.TW,1326.TW,4904.TW,3045.TW,1303.TW,2603.TW,2891.TW,2618.TW,2887.TW,3017.TW,2885.TW,2357.TW",2019,7,20
2019-03-26,0.020276404376524313,0.01606371883826485,0.02485677777716422,0.02086902087254979,0.705805978593908,0.705805978593908,0.705805978593908,0.0041289649747743625,"3037.TW,2882.TW,2881.TW,2880.TW,2408.TW,2892.TW,2883.TW,2884.TW,5880.TW,1326.TW",2019,7,10
2019-03-26,0.03581115178583629,0.02975165654788925,0.02485677777716422,0.02086902087254979,1.0,1.0000000000000002,1.0,0.005850000000000001,"3037.TW,2882.TW,2881.TW,2880.TW,2408.TW",2019,7,5
2019-03-26,0.014670842104882396,0.01186778402136035,0.02485677777716422,0.02086902087254979,0.47222725643573293,0.4722272564357332,0.47222725643573304,0.0027625294501490393,"3037.TW,2882.TW,2881.TW,2880.TW,2408.TW,2892.TW,2883.TW,2884.TW,5880.TW,1326.TW,4904.TW,3045.TW,1303.TW,2603.TW,2891.TW",2019,7,15
2019-03-26,0.05445995164978834,0.04829136093263697,0.02485677777716422,0.02086902087254979,1.0,0.9999999999999999,1.0,0.005849999999999999,"3037.TW,2882.TW,2881.TW",2019,7,3
2019-04-02,-0.0016290264133045915,-0.0068955812779906145,0.00932841308814325,0.011013703628135283,0.9017347385420961,0.9017347385420957,0.901734738542096,0.005275148220471261,"6669.TW,2412.TW,2615.TW,5880.TW,2382.TW,2395.TW,2002.TW,2886.TW,1216.TW,2308.TW",2019,7,10
2019-04-02,-0.010927043986002062,-0.016713120778684032,0.00932841308814325,0.011013703628135283,1.0,1.0,1.0,0.00585,"6669.TW,2412.TW,2615.TW,5880.TW,2382.TW",2019,7,5
2019-04-02,-0.021952590200854195,-0.027674167548179196,0.00932841308814325,0.011013703628135283,1.0,1.0,1.0,0.00585,"6669.TW,2412.TW,2615.TW",2019,7,3
2019-04-02,0.005117952662376957,1.1664835276592456e-05,0.00932841308814325,0.011013703628135283,0.868425155199122,0.8684251551991222,0.8684251551991221,0.0050802871579148645,"6669.TW,2412.TW,2615.TW,5880.TW,2382.TW,2395.TW,2002.TW,2886.TW,1216.TW,2308.TW,3017.TW,1101.TW,2892.TW,2345.TW,1301.TW",2019,7,15
2019-04-02,0.006793760271964844,0.0023645701303001143,0.00932841308814325,0.011013703628135283,0.7520174933723565,0.7520174933723559,0.7520174933723562,0.004399302336228283,"6669.TW,2412.TW,2615.TW,5880.TW,2382.TW,2395.TW,2002.TW,2886.TW,1216.TW,2308.TW,3017.TW,1101.TW,2892.TW,2345.TW,1301.TW,1303.TW,5876.TW,2330.TW,2303.TW,2880.TW",2019,7,20
2019-04-11,-0.004966556329675575,-0.009686540160542934,0.025877759190972904,0.010128905231754049,0.8108620348550073,0.8108620348550072,0.8108620348550073,0.004743542903901792,"1303.TW,1590.TW,6669.TW,3037.TW,2884.TW",2019,7,5
2019-04-11,0.003462358733193442,-0.00010857700033073403,0.025877759190972904,0.010128905231754049,0.6083101766523705,0.6083101766523704,0.6083101766523704,0.0035586145334163674,"1303.TW,1590.TW,6669.TW,3037.TW,2884.TW,2880.TW,2454.TW,2408.TW,1216.TW,2412.TW,2382.TW,2887.TW,5880.TW,2892.TW,3008.TW",2019,7,15
2019-04-11,-0.00024119845019637777,-0.004392246145948242,0.025877759190972904,0.010128905231754049,0.7097519937735713,0.7097519937735711,0.7097519937735712,0.004152049163575392,"1303.TW,1590.TW,6669.TW,3037.TW,2884.TW,2880.TW,2454.TW,2408.TW,1216.TW,2412.TW",2019,7,10
2019-04-11,-0.013246915430992916,-0.01717924125369963,0.025877759190972904,0.010128905231754049,0.6812164652310535,0.6812164652310535,0.6812164652310535,0.003985116321601663,"1303.TW,1590.TW,6669.TW",2019,7,3
2019-04-11,0.0057239271443935875,0.0024394964930163354,0.025877759190972904,0.010128905231754049,0.5582457788209401,0.5582457788209402,0.5582457788209401,0.0032657378061024997,"1303.TW,1590.TW,6669.TW,3037.TW,2884.TW,2880.TW,2454.TW,2408.TW,1216.TW,2412.TW,2382.TW,2887.TW,5880.TW,2892.TW,3008.TW,3045.TW,2330.TW,2881.TW,2883.TW,2882.TW",2019,7,20
2019-04-18,-0.015769082383474926,-0.019617480875632864,-0.0054052958978864085,0.0009812374238763089,0.6683857256673663,0.6683857256673662,0.6683857256673662,0.0039100564951540925,"3008.TW,1301.TW,6669.TW",2019,7,3
2019-04-18,0.0009890039186971405,-0.003316846973488996,-0.0054052958978864085,0.0009812374238763089,0.7353156574864397,0.7353156574864396,0.7353156574864397,0.004301596596295672,"3008.TW,1301.TW,6669.TW,3045.TW,4904.TW,2881.TW,2892.TW,1102.TW,2891.TW,2615.TW,2880.TW,2886.TW,2883.TW,5876.TW,1101.TW",2019,7,15
2019-04-18,-0.0022679884110821556,-0.007531611320403586,-0.0054052958978864085,0.0009812374238763089,0.9018098942732222,0.9018098942732223,0.9018098942732222,0.00527558788149835,"3008.TW,1301.TW,6669.TW,3045.TW,4904.TW,2881.TW,2892.TW,1102.TW,2891.TW,2615.TW",2019,7,10
2019-04-18,-0.007229902961718215,-0.011891673422626092,-0.0054052958978864085,0.0009812374238763089,0.8026871899634836,0.8026871899634835,0.8026871899634835,0.004695720061286379,"3008.TW,1301.TW,6669.TW,3045.TW,4904.TW",2019,7,5
2019-04-18,-0.004081018761578959,-0.007028952588332027,-0.0054052958978864085,0.0009812374238763089,0.5059852475538347,0.5059852475538343,0.5059852475538344,0.0029600136981899317,"3008.TW,1301.TW,6669.TW,3045.TW,4904.TW,2881.TW,2892.TW,1102.TW,2891.TW,2615.TW,2880.TW,2886.TW,2883.TW,5876.TW,1101.TW,3017.TW,2887.TW,1216.TW,2618.TW,2884.TW",2019,7,20
2019-04-25,0.014341173401366569,0.011959973054340045,-0.0024155062594409804,0.00677869620457491,0.40128785564186265,0.4012878556418626,0.40128785564186265,0.0023475339555048963,"4904.TW,2887.TW,2330.TW,2382.TW,3045.TW,2884.TW,2454.TW,2880.TW,5876.TW,5880.TW,2885.TW,2881.TW,2002.TW,1216.TW,2892.TW,2412.TW,2345.TW,2886.TW,2615.TW,2883.TW",2019,7,20
2019-04-25,0.015987777135078873,0.011232954338086687,-0.0024155062594409804,0.00677869620457491,0.7999999999999999,0.8,0.8,0.00468,"4904.TW,2887.TW,2330.TW,2382.TW,3045.TW,2884.TW,2454.TW,2880.TW,5876.TW,5880.TW",2019,7,10
2019-04-25,0.0013497355246962382,-0.0021650020469954345,-0.0024155062594409804,0.00677869620457491,0.6000000000000001,0.6000000000000001,0.6000000000000001,0.003510000000000001,"4904.TW,2887.TW,2330.TW,2382.TW,3045.TW",2019,7,5
2019-04-25,0.0028386631021733253,-0.0030279430769744042,-0.0024155062594409804,0.00677869620457491,1.0,1.0,1.0,0.00585,"4904.TW,2887.TW,2330.TW",2019,7,3
2019-04-25,0.01426517403357727,0.010701062569142383,-0.0024155062594409804,0.00677869620457491,0.6006810039207137,0.6006810039207136,0.6006810039207136,0.0035139838729361748,"4904.TW,2887.TW,2330.TW,2382.TW,3045.TW,2884.TW,2454.TW,2880.TW,5876.TW,5880.TW,2885.TW,2881.TW,2002.TW,1216.TW,2892.TW",2019,7,15
2019-05-03,-0.01992343958624176,-0.02195158669033337,-0.01815972430486812,-0.015008992919854088,0.3537395206338466,0.3537395206338465,0.35373952063384656,0.0020693761957080023,"5880.TW,2308.TW,1301.TW,4904.TW,3045.TW,2892.TW,2412.TW,2382.TW,2615.TW,2880.TW,2887.TW,2881.TW,2885.TW,3008.TW,2886.TW,1326.TW,1590.TW,2882.TW,2327.TW,2884.TW",2019,7,20
2019-05-03,-0.01461090904913585,-0.01694157162754384,-0.01815972430486812,-0.015008992919854088,0.4043112139312163,0.40431121393121633,0.4043112139312163,0.0023652206014976155,"5880.TW,2308.TW,1301.TW,4904.TW,3045.TW,2892.TW,2412.TW,2382.TW,2615.TW,2880.TW,2887.TW,2881.TW,2885.TW,3008.TW,2886.TW",2019,7,15
2019-05-03,-0.009179527186314151,-0.012112135326628137,-0.01815972430486812,-0.015008992919854088,0.5059448715085882,0.5059448715085882,0.5059448715085882,0.0029597774983252416,"5880.TW,2308.TW,1301.TW,4904.TW,3045.TW,2892.TW,2412.TW,2382.TW,2615.TW,2880.TW",2019,7,10
2019-05-03,-0.013949852265402197,-0.017410888283950654,-0.01815972430486812,-0.015008992919854088,0.6000000000000001,0.6,0.6000000000000001,0.00351,"5880.TW,2308.TW,1301.TW,4904.TW,3045.TW",2019,7,5
2019-05-03,-0.024572439383471603,-0.030278690613078307,-0.01815972430486812,-0.015008992919854088,1.0,0.9999999999999999,1.0,0.005849999999999999,"5880.TW,2308.TW,1301.TW",2019,7,3
2019-05-10,-0.025081125069734443,-0.030784400488076513,-0.03205913691520357,-0.02862786283428411,1.0,1.0,1.0,0.00585,"2345.TW,3231.TW,2207.TW",2019,7,3
2019-05-10,-0.03872154141743844,-0.042867048594003365,-0.03205913691520357,-0.02862786283428411,0.7371783889140819,0.7371783889140822,0.737178388914082,0.00431249357514738,"2345.TW,3231.TW,2207.TW,2454.TW,2886.TW,2317.TW,1590.TW,2603.TW,2408.TW,3008.TW,5880.TW,2884.TW,5871.TW,2330.TW,4904.TW",2019,7,15
2019-05-10,-0.015647759256238295,-0.02140621986458935,-0.03205913691520357,-0.02862786283428411,1.0,1.0,1.0,0.00585,"2345.TW,3231.TW,2207.TW,2454.TW,2886.TW",2019,7,5
2019-05-10,-0.046779697308600876,-0.05235603607934558,-0.03205913691520357,-0.02862786283428411,0.9999999999999999,0.9999999999999999,0.9999999999999999,0.005849999999999999,"2345.TW,3231.TW,2207.TW,2454.TW,2886.TW,2317.TW,1590.TW,2603.TW,2408.TW,3008.TW",2019,7,10
2019-05-10,-0.03358918262891413,-0.037292643129094194,-0.03205913691520357,-0.02862786283428411,0.6550735562885038,0.6550735562885035,0.6550735562885037,0.003832180304287746,"2345.TW,3231.TW,2207.TW,2454.TW,2886.TW,2317.TW,1590.TW,2603.TW,2408.TW,3008.TW,5880.TW,2884.TW,5871.TW,2330.TW,4904.TW,2891.TW,2379.TW,2912.TW,2880.TW,1101.TW",2019,7,20
2019-05-17,-0.07655347737895915,-0.08195563953629226,-0.012738972547207461,-0.00138547344748283,1.0,0.9999999999999999,1.0,0.005849999999999999,"2379.TW,3037.TW,3017.TW",2019,7,3
2019-05-17,-0.039221383808123456,-0.04484193871284592,-0.012738972547207461,-0.00138547344748283,1.0,1.0000000000000002,1.0,0.005850000000000001,"2379.TW,3037.TW,3017.TW,3034.TW,5876.TW",2019,7,5
2019-05-17,-0.0077737057060536085,-0.011025666899351028,-0.012738972547207461,-0.00138547344748283,0.5602459897201476,0.5602459897201475,0.5602459897201475,0.003277439039862863,"2379.TW,3037.TW,3017.TW,3034.TW,5876.TW,2345.TW,2615.TW,2884.TW,3008.TW,3045.TW,2886.TW,2880.TW,2395.TW,4904.TW,6669.TW,1101.TW,9910.TW,3711.TW,2412.TW,1590.TW",2019,7,20
2019-05-17,-0.01409107373753439,-0.0187508747069991,-0.012738972547207461,-0.00138547344748283,0.8079318008481213,0.8079318008481214,0.8079318008481213,0.00472640103496151,"2379.TW,3037.TW,3017.TW,3034.TW,5876.TW,2345.TW,2615.TW,2884.TW,3008.TW,3045.TW",2019,7,10
2019-05-17,0.0032696086100134263,-0.0006804777916061822,-0.012738972547207461,-0.00138547344748283,0.6730279068821825,0.6730279068821825,0.6730279068821825,0.0039372132552607676,"2379.TW,3037.TW,3017.TW,3034.TW,5876.TW,2345.TW,2615.TW,2884.TW,3008.TW,3045.TW,2886.TW,2880.TW,2395.TW,4904.TW,6669.TW",2019,7,15
2019-05-24,0.012131966932775207,0.007395189327529916,0.009032261893369364,0.008362594503738045,0.7999999999999999,0.7999999999999998,0.7999999999999998,0.004679999999999999,"1102.TW,9910.TW,3045.TW,2412.TW,2886.TW,1216.TW,1101.TW,2880.TW,2884.TW,1303.TW",2019,7,10
2019-05-24,0.0059659313227287125,8.103062449071885e-05,0.009032261893369364,0.008362594503738045,1.0,1.0,1.0,0.00585,"1102.TW,9910.TW,3045.TW,2412.TW,2886.TW",2019,7,5
2019-05-24,0.01381568684874644,0.010569792863949878,0.009032261893369364,0.008362594503738045,0.5472924514903112,0.5472924514903114,0.5472924514903112,0.003201660841218321,"1102.TW,9910.TW,3045.TW,2412.TW,2886.TW,1216.TW,1101.TW,2880.TW,2884.TW,1303.TW,3017.TW,2892.TW,4904.TW,3037.TW,1301.TW",2019,7,15
2019-05-24,0.007215454775709322,0.0013232443652713144,0.009032261893369364,0.008362594503738045,1.0,1.0,1.0,0.00585,"1102.TW,9910.TW,3045.TW",2019,7,3
2019-05-24,0.009948481746933798,0.007499259969226069,0.009032261893369364,0.008362594503738045,0.4145462832198556,0.4145462832198557,0.41454628321985565,0.0024250957568361558,"1102.TW,9910.TW,3045.TW,2412.TW,2886.TW,1216.TW,1101.TW,2880.TW,2884.TW,1303.TW,3017.TW,2892.TW,4904.TW,3037.TW,1301.TW,2887.TW,3008.TW,5880.TW,2618.TW,2379.TW",2019,7,20
2019-05-31,0.02920451904639558,0.024972205112313572,0.012787718543652238,0.017044120129964882,0.702943345055248,0.702943345055248,0.702943345055248,0.0041122185685732015,"2412.TW,3045.TW,6669.TW,2892.TW,2912.TW,1101.TW,2887.TW,2891.TW,4904.TW,5880.TW",2019,7,10
2019-05-31,0.037745628654054245,0.03409387618445603,0.012787718543652238,0.017044120129964882,0.6015262065655937,0.6015262065655934,0.6015262065655935,0.003518928308408722,"2412.TW,3045.TW,6669.TW,2892.TW,2912.TW",2019,7,5
2019-05-31,0.02269471489596736,0.01988495212853536,0.012787718543652238,0.017044120129964882,0.46964291569162786,0.46964291569162797,0.4696429156916279,0.0027474110567960236,"2412.TW,3045.TW,6669.TW,2892.TW,2912.TW,1101.TW,2887.TW,2891.TW,4904.TW,5880.TW,1301.TW,2880.TW,2886.TW,2885.TW,2615.TW",2019,7,15
2019-05-31,0.01794468424436728,0.01614490611352548,0.012787718543652238,0.017044120129964882,0.30223094250828586,0.30223094250828597,0.3022309425082859,0.0017680510136734728,"2412.TW,3045.TW,6669.TW,2892.TW,2912.TW,1101.TW,2887.TW,2891.TW,4904.TW,5880.TW,1301.TW,2880.TW,2886.TW,2885.TW,2615.TW,1303.TW,2618.TW,1216.TW,2884.TW,2207.TW",2019,7,20
2019-05-31,0.05138812550746914,0.047281686403770395,0.012787718543652238,0.017044120129964882,0.6676463099703039,0.6676463099703042,0.667646309970304,0.0039057309133262792,"2412.TW,3045.TW,6669.TW",2019,7,3
2019-06-10,-0.0028768442570085376,-0.004074810630482539,-0.005050462771551634,-0.0022995732700848183,0.20537139818966216,0.2053713981896621,0.20537139818966213,0.0012014226794095234,"1303.TW,2887.TW,2884.TW,2892.TW,5880.TW,4904.TW,3045.TW,2412.TW,1102.TW,2880.TW,2885.TW,2327.TW,2891.TW,2618.TW,1301.TW,2912.TW,1101.TW,1216.TW,2395.TW,1326.TW",2019,7,20
2019-06-10,-0.01305531380179601,-0.015405837109913945,-0.005050462771551634,-0.0022995732700848183,0.40711385522151133,0.40711385522151133,0.40711385522151133,0.0023816160530458416,"1303.TW,2887.TW,2884.TW,2892.TW,5880.TW,4904.TW,3045.TW,2412.TW,1102.TW,2880.TW",2019,7,10
2019-06-10,-0.005453884874765684,-0.007413776299280528,-0.005050462771551634,-0.0022995732700848183,0.33686137830677865,0.33686137830677865,0.33686137830677865,0.001970639063094655,"1303.TW,2887.TW,2884.TW,2892.TW,5880.TW,4904.TW,3045.TW,2412.TW,1102.TW,2880.TW,2885.TW,2327.TW,2891.TW,2618.TW,1301.TW",2019,7,15
2019-06-10,-0.016535927633061626,-0.022289192456408258,-0.005050462771551634,-0.0022995732700848183,1.0,1.0,1.0,0.00585,"1303.TW,2887.TW,2884.TW",2019,7,3
2019-06-10,-0.01722691801087464,-0.021848288538637517,-0.005050462771551634,-0.0022995732700848183,0.8038253005411546,0.8038253005411546,0.8038253005411546,0.004702378008165755,"1303.TW,2887.TW,2884.TW,2892.TW,5880.TW",2019,7,5
2019-06-17,0.034906199821930856,0.029454665263834334,0.029822198309273906,0.02450471069875875,0.9004547942679371,0.9004547942679371,0.9004547942679371,0.0052676605464674325,"1590.TW,5876.TW,2454.TW,3008.TW,2886.TW,2345.TW,1216.TW,3034.TW,2412.TW,2330.TW",2019,7,10
2019-06-17,0.028880859276036813,0.024843181436023487,0.029822198309273906,0.02450471069875875,0.6708272721283682,0.6708272721283683,0.6708272721283683,0.003924339541950954,"1590.TW,5876.TW,2454.TW,3008.TW,2886.TW,2345.TW,1216.TW,3034.TW,2412.TW,2330.TW,2327.TW,3045.TW,2884.TW,2303.TW,4904.TW",2019,7,15
2019-06-17,0.04282823454451337,0.036727689372427985,0.029822198309273906,0.02450471069875875,1.0,1.0,1.0,0.00585,"1590.TW,5876.TW,2454.TW",2019,7,3
2019-06-17,0.03206648869996593,0.026028899741071143,0.029822198309273906,0.02450471069875875,1.0,0.9999999999999998,0.9999999999999999,0.005849999999999999,"1590.TW,5876.TW,2454.TW,3008.TW,2886.TW",2019,7,5
2019-06-17,0.025242975230927323,0.022205999782269892,0.029822198309273906,0.02450471069875875,0.5063590923094744,0.5063590923094743,0.5063590923094743,0.0029622006900104246,"1590.TW,5876.TW,2454.TW,3008.TW,2886.TW,2345.TW,1216.TW,3034.TW,2412.TW,2330.TW,2327.TW,3045.TW,2884.TW,2303.TW,4904.TW,2382.TW,1301.TW,1303.TW,2618.TW,2880.TW",2019,7,20
2019-06-24,0.030564517347493502,0.026917383487780278,0.01848439718232653,0.020333603606262053,0.604951630806867,0.604951630806867,0.604951630806867,0.003538967040220172,"1590.TW,2308.TW,1326.TW,2886.TW,2382.TW",2019,7,5
2019-06-24,0.04930126295674013,0.045208988031208985,0.01848439718232653,0.020333603606262053,0.6666666666666666,0.6666666666666667,0.6666666666666667,0.0039000000000000003,"1590.TW,2308.TW,1326.TW",2019,7,3
2019-06-24,0.01981059863342032,0.0158127031186579,0.01848439718232653,0.020333603606262053,0.6701253581892486,0.6701253581892487,0.6701253581892486,0.003920233345407104,"1590.TW,2308.TW,1326.TW,2886.TW,2382.TW,2891.TW,2327.TW,3231.TW,4904.TW,2615.TW,3037.TW,1303.TW,2618.TW,3045.TW,2887.TW",2019,7,15
2019-06-24,0.01905170950731513,0.01604367413048946,0.01848439718232653,0.020333603606262053,0.504580951792198,0.5045809517921982,0.5045809517921981,0.002951798567984359,"1590.TW,2308.TW,1326.TW,2886.TW,2382.TW,2891.TW,2327.TW,3231.TW,4904.TW,2615.TW,3037.TW,1303.TW,2618.TW,3045.TW,2887.TW,1101.TW,1216.TW,2408.TW,2330.TW,5880.TW",2019,7,20
2019-06-24,0.02029219374562997,0.01550085163201076,0.01848439718232653,0.020333603606262053,0.8027434150290874,0.8027434150290875,0.8027434150290875,0.004696048977920162,"1590.TW,2308.TW,1326.TW,2886.TW,2382.TW,2891.TW,2327.TW,3231.TW,4904.TW,2615.TW",2019,7,10
2019-07-01,-0.003004411143982349,-0.008836835338789983,-0.010889250179416665,-0.004655597984158944,1.0,0.9999999999999998,0.9999999999999999,0.005849999999999999,"1301.TW,5876.TW,1303.TW",2019,7,3
2019-07-01,0.006136223798966864,0.0021771294384618223,-0.010889250179416665,-0.004655597984158944,0.6726407923150246,0.6726407923150247,0.6726407923150246,0.003934948635042895,"1301.TW,5876.TW,1303.TW,3045.TW,2207.TW,2884.TW,2454.TW,1216.TW,2615.TW,5880.TW,2412.TW,3231.TW,2880.TW,2881.TW,2887.TW",2019,7,15
2019-07-01,-0.006438780650577215,-0.012251113783771417,-0.010889250179416665,-0.004655597984158944,1.0,1.0,1.0,0.00585,"1301.TW,5876.TW,1303.TW,3045.TW,2207.TW",2019,7,5
2019-07-01,0.004766922930609736,0.0014767740780234906,-0.010889250179416665,-0.004655597984158944,0.5597503206408203,0.5597503206408204,0.5597503206408203,0.0032745393757487996,"1301.TW,5876.TW,1303.TW,3045.TW,2207.TW,2884.TW,2454.TW,1216.TW,2615.TW,5880.TW,2412.TW,3231.TW,2880.TW,2881.TW,2887.TW,2609.TW,2886.TW,2892.TW,9910.TW,1326.TW",2019,7,20
2019-07-01,0.0067628256334049675,0.0014568491857542831,-0.010889250179416665,-0.004655597984158944,0.9009118114738575,0.9009118114738575,0.9009118114738575,0.005270334097122066,"1301.TW,5876.TW,1303.TW,3045.TW,2207.TW,2884.TW,2454.TW,1216.TW,2615.TW,5880.TW",2019,7,10
2019-07-08,0.029078303958662916,0.023058195880504728,0.01773673750112792,0.011036691432901395,1.0,1.0,1.0,0.00585,"2603.TW,2303.TW,2207.TW",2019,7,3
2019-07-08,0.011695670254850979,0.0069438165018871345,0.01773673750112792,0.011036691432901395,0.8028923288855402,0.8028923288855403,0.8028923288855403,0.00469692012398041,"2603.TW,2303.TW,2207.TW,2330.TW,2379.TW,3034.TW,2882.TW,9910.TW,2327.TW,2885.TW,3045.TW,1102.TW,2408.TW,1101.TW,2881.TW",2019,7,15
2019-07-08,0.01816017628132864,0.012784264559460468,0.01773673750112792,0.011036691432901395,0.902568466242454,0.9025684662424539,0.902568466242454,0.005280025527518356,"2603.TW,2303.TW,2207.TW,2330.TW,2379.TW,3034.TW,2882.TW,9910.TW,2327.TW,2885.TW",2019,7,10
2019-07-08,0.010868607088539988,0.006711032262978867,0.01773673750112792,0.011036691432901395,0.7030553193504354,0.7030553193504352,0.7030553193504353,0.004112873618200046,"2603.TW,2303.TW,2207.TW,2330.TW,2379.TW,3034.TW,2882.TW,9910.TW,2327.TW,2885.TW,3045.TW,1102.TW,2408.TW,1101.TW,2881.TW,2891.TW,1216.TW,5871.TW,2308.TW,2892.TW",2019,7,20
2019-07-08,0.026917802031992767,0.02209652115384597,0.01773673750112792,0.011036691432901395,0.8025477558478535,0.8025477558478533,0.8025477558478534,0.004694904371709942,"2603.TW,2303.TW,2207.TW,2330.TW,2379.TW",2019,7,5
2019-07-15,0.02293950276947195,0.016955306678270388,0.013385570053038087,0.0078039950263698275,1.0,1.0,1.0,0.00585,"1102.TW,9910.TW,2891.TW",2019,7,3
2019-07-15,0.004718607303022132,0.0014026913635500904,0.013385570053038087,0.0078039950263698275,0.5641611824410366,0.5641611824410364,0.5641611824410365,0.0033003429172800635,"1102.TW,9910.TW,2891.TW,1101.TW,2886.TW,2887.TW,2207.TW,2892.TW,2881.TW,2880.TW,2882.TW,2395.TW,4904.TW,3231.TW,2454.TW,2412.TW,5876.TW,3045.TW,5880.TW,2002.TW",2019,7,20
2019-07-15,0.019334841388085035,0.013371732565964578,0.013385570053038087,0.0078039950263698275,1.0,1.0,1.0,0.00585,"1102.TW,9910.TW,2891.TW,1101.TW,2886.TW",2019,7,5
2019-07-15,0.008563332254015898,0.0037956597724781993,0.013385570053038087,0.0078039950263698275,0.8080670027527455,0.8080670027527455,0.8080670027527455,0.004727191966103561,"1102.TW,9910.TW,2891.TW,1101.TW,2886.TW,2887.TW,2207.TW,2892.TW,2881.TW,2880.TW",2019,7,10
2019-07-15,0.005476135404839983,0.0018613309595461036,0.013385570053038087,0.0078039950263698275,0.6145499311578022,0.6145499311578024,0.6145499311578023,0.0035951170972731436,"1102.TW,9910.TW,2891.TW,1101.TW,2886.TW,2887.TW,2207.TW,2892.TW,2881.TW,2880.TW,2882.TW,2395.TW,4904.TW,3231.TW,2454.TW",2019,7,15
2019-07-22,-0.007087358494497974,-0.01020221005974209,1.1462414084562056e-07,0.002721062032960335,0.536253882525614,0.536253882525614,0.536253882525614,0.003137085212774842,"3231.TW,2207.TW,2303.TW,5880.TW,2886.TW,2880.TW,2327.TW,2002.TW,2887.TW,2892.TW,5876.TW,1102.TW,5871.TW,2308.TW,2609.TW",2019,7,15
2019-07-22,-0.01154599527024976,-0.017328451197918815,1.1462414084562056e-07,0.002721062032960335,1.0,1.0,1.0,0.00585,"3231.TW,2207.TW,2303.TW",2019,7,3
2019-07-22,-0.005827562894985851,-0.010495176373399806,1.1462414084562056e-07,0.002721062032960335,0.8025596125015626,0.8025596125015624,0.8025596125015625,0.00469497373313414,"3231.TW,2207.TW,2303.TW,5880.TW,2886.TW",2019,7,5
2019-07-22,0.0018149436812520897,-0.0011458700144518774,1.1462414084562056e-07,0.002721062032960335,0.505205080497042,0.5052050804970422,0.505205080497042,0.0029554497209076966,"3231.TW,2207.TW,2303.TW,5880.TW,2886.TW,2880.TW,2327.TW,2002.TW,2887.TW,2892.TW",2019,7,10
2019-07-22,-0.003684883117125289,-0.00575126042001195,1.1462414084562056e-07,0.002721062032960335,0.35453330316560555,0.35453330316560555,0.35453330316560555,0.0020740198235187925,"3231.TW,2207.TW,2303.TW,5880.TW,2886.TW,2880.TW,2327.TW,2002.TW,2887.TW,2892.TW,5876.TW,1102.TW,5871.TW,2308.TW,2609.TW,1216.TW,2454.TW,2883.TW,2881.TW,2395.TW",2019,7,20
2019-07-29,-0.08282337238519373,-0.0881888556567404,-0.059210548072917146,-0.06220977532637832,1.0,1.0,1.0,0.00585,"2382.TW,3008.TW,2395.TW",2019,7,3
2019-07-29,-0.06470378646745945,-0.06745696020380954,-0.059210548072917146,-0.06220977532637832,0.5031860305968042,0.5031860305968042,0.5031860305968042,0.0029436382789913046,"2382.TW,3008.TW,2395.TW,2892.TW,5880.TW,2884.TW,2886.TW,3034.TW,2330.TW,2880.TW,3231.TW,2912.TW,2408.TW,2002.TW,1216.TW,2609.TW,3711.TW,1590.TW,2379.TW,2887.TW",2019,7,20
2019-07-29,-0.05888547741021451,-0.06328989337593471,-0.059210548072917146,-0.06220977532637832,0.8,0.8,0.8,0.00468,"2382.TW,3008.TW,2395.TW,2892.TW,5880.TW",2019,7,5
2019-07-29,-0.05824102080458426,-0.06155167957824481,-0.059210548072917146,-0.06220977532637832,0.6009229422772365,0.6009229422772365,0.6009229422772365,0.0035153992123218335,"2382.TW,3008.TW,2395.TW,2892.TW,5880.TW,2884.TW,2886.TW,3034.TW,2330.TW,2880.TW,3231.TW,2912.TW,2408.TW,2002.TW,1216.TW",2019,7,15
2019-07-29,-0.062323906505163985,-0.06561514959333081,-0.059210548072917146,-0.06220977532637832,0.6,0.5999999999999999,0.5999999999999999,0.0035099999999999992,"2382.TW,3008.TW,2395.TW,2892.TW,5880.TW,2884.TW,2886.TW,3034.TW,2330.TW,2880.TW",2019,7,10
2019-08-05,0.08253198710229866,0.07744994001592542,0.02606479580659493,0.037918617929286975,0.80249452951136,0.8024945295113602,0.8024945295113601,0.004694592997641457,"2603.TW,3037.TW,3711.TW,5871.TW,2454.TW,2408.TW,2884.TW,6669.TW,3017.TW,2330.TW",2019,7,10
2019-08-05,0.06224727342849363,0.05904263722638459,0.02606479580659493,0.037918617929286975,0.5157001330034001,0.5157001330034,0.5157001330034001,0.0030168457780698904,"2603.TW,3037.TW,3711.TW,5871.TW,2454.TW,2408.TW,2884.TW,6669.TW,3017.TW,2330.TW,2317.TW,3008.TW,2615.TW,2892.TW,3034.TW,2357.TW,2880.TW,1590.TW,2395.TW,2303.TW",2019,7,20
2019-08-05,0.06881563675489144,0.06497485408655646,0.02606479580659493,0.037918617929286975,0.6142724931145211,0.6142724931145211,0.6142724931145211,0.003593494084719949,"2603.TW,3037.TW,3711.TW,5871.TW,2454.TW,2408.TW,2884.TW,6669.TW,3017.TW,2330.TW,2317.TW,3008.TW,2615.TW,2892.TW,3034.TW",2019,7,15
2019-08-05,0.06202057852154144,0.05580775813719052,0.02606479580659493,0.037918617929286975,1.0,0.9999999999999999,1.0,0.005849999999999999,"2603.TW,3037.TW,3711.TW,5871.TW,2454.TW",2019,7,5
2019-08-05,0.07645507380138937,0.07015781161965129,0.02606479580659493,0.037918617929286975,1.0,1.0,1.0,0.00585,"2603.TW,3037.TW,3711.TW",2019,7,3
2019-08-13,0.006085751093044951,0.002480662551866075,0.0030978676036637065,0.004118404804215883,0.6125267660475955,0.6125267660475956,0.6125267660475955,0.0035832815813784343,"2408.TW,3711.TW,2880.TW,5880.TW,2345.TW,3034.TW,2892.TW,5871.TW,2330.TW,9910.TW,2609.TW,2887.TW,2885.TW,5876.TW,2886.TW",2019,7,15
2019-08-13,0.005669346006468512,0.0016625233022531383,0.0030978676036637065,0.004118404804215883,0.6810657605358796,0.6810657605358799,0.6810657605358797,0.003984234699134897,"2408.TW,3711.TW,2880.TW",2019,7,3
2019-08-13,0.0039092419859414924,-0.0008245170081866426,0.0030978676036637065,0.004118404804215883,0.8060385718185916,0.8060385718185916,0.8060385718185916,0.004715325645138761,"2408.TW,3711.TW,2880.TW,5880.TW,2345.TW",2019,7,5
2019-08-13,0.007812977337015204,0.004779779685466723,0.0030978676036637065,0.004118404804215883,0.5144757377713685,0.5144757377713685,0.5144757377713685,0.003009683065962506,"2408.TW,3711.TW,2880.TW,5880.TW,2345.TW,3034.TW,2892.TW,5871.TW,2330.TW,9910.TW,2609.TW,2887.TW,2885.TW,5876.TW,2886.TW,2891.TW,2884.TW,2454.TW,2603.TW,1326.TW",2019,7,20
2019-08-13,0.003833918542138149,0.00021732226885373684,0.0030978676036637065,0.004118404804215883,0.6158604264683863,0.615860426468386,0.6158604264683862,0.0036027834948400587,"2408.TW,3711.TW,2880.TW,5880.TW,2345.TW,3034.TW,2892.TW,5871.TW,2330.TW,9910.TW",2019,7,10
2019-08-20,-0.002668047121636515,-0.006603024990753048,-0.010500502043819693,-0.010544986934415029,0.674445241277274,0.6744452412772742,0.6744452412772741,0.003945504661472054,"2615.TW,2327.TW,2408.TW,9910.TW,2881.TW,3045.TW,5880.TW,2412.TW,2884.TW,2887.TW,2880.TW,2882.TW,3231.TW,4904.TW,2912.TW",2019,7,15
2019-08-20,0.0025494140227468433,-0.002178090343536998,-0.010500502043819693,-0.010544986934415029,0.806065410033374,0.8060654100333742,0.8060654100333741,0.004715482648695238,"2615.TW,2327.TW,2408.TW,9910.TW,2881.TW",2019,7,5
2019-08-20,-0.006774944191099143,-0.01071054593334897,-0.010500502043819693,-0.010544986934415029,0.6773413846519596,0.6773413846519597,0.6773413846519596,0.003962447100213964,"2615.TW,2327.TW,2408.TW",2019,7,3
2019-08-20,-0.0014875120205572576,-0.005637256698551973,-0.010500502043819693,-0.010544986934415029,0.7104148151916665,0.7104148151916667,0.7104148151916666,0.00415592666887125,"2615.TW,2327.TW,2408.TW,9910.TW,2881.TW,3045.TW,5880.TW,2412.TW,2884.TW,2887.TW",2019,7,10
2019-08-20,-0.000771896221511642,-0.004318927214126744,-0.010500502043819693,-0.010544986934415029,0.6067984696536481,0.6067984696536479,0.606798469653648,0.0035497710474738406,"2615.TW,2327.TW,2408.TW,9910.TW,2881.TW,3045.TW,5880.TW,2412.TW,2884.TW,2887.TW,2880.TW,2882.TW,3231.TW,4904.TW,2912.TW,2883.TW,2002.TW,3017.TW,2345.TW,2892.TW",2019,7,20
2019-08-27,0.029849228960725373,0.02382461097130495,0.01685423993797408,0.02177090010192398,1.0,0.9999999999999999,1.0,0.005849999999999999,"2885.TW,3711.TW,3037.TW,2395.TW,3034.TW",2019,7,5
2019-08-27,0.015820100633074485,0.00987755304437088,0.01685423993797408,0.02177090010192398,1.0,1.0,1.0,0.00585,"2885.TW,3711.TW,3037.TW",2019,7,3
2019-08-27,0.026723623004153905,0.023890295965217856,0.01685423993797408,0.02177090010192398,0.4717232539639112,0.47172325396391107,0.4717232539639111,0.00275958103568888,"2885.TW,3711.TW,3037.TW,2395.TW,3034.TW,3231.TW,2330.TW,5880.TW,2412.TW,2881.TW,2880.TW,2327.TW,2303.TW,3045.TW,4904.TW",2019,7,15
2019-08-27,0.021712472720978867,0.0186969017105012,0.01685423993797408,0.02177090010192398,0.5045276805131232,0.5045276805131231,0.5045276805131231,0.0029514869310017706,"2885.TW,3711.TW,3037.TW,2395.TW,3034.TW,3231.TW,2330.TW,5880.TW,2412.TW,2881.TW,2880.TW,2327.TW,2303.TW,3045.TW,4904.TW,2891.TW,3017.TW,2884.TW,1102.TW,2308.TW",2019,7,20
2019-08-27,0.020827708284845967,0.016643766147654393,0.01685423993797408,0.02177090010192398,0.7006116490871467,0.7006116490871468,0.7006116490871468,0.004098578147159809,"2885.TW,3711.TW,3037.TW,2395.TW,3034.TW,3231.TW,2330.TW,5880.TW,2412.TW,2881.TW",2019,7,10
2019-09-03,0.028681446916553548,0.023867217744983904,0.03253517237328318,0.03283380116259105,0.8,0.7999999999999999,0.8,0.00468,"3017.TW,2412.TW,3034.TW,2207.TW,2345.TW",2019,7,5
2019-09-03,0.03999262599071567,0.036712100856570284,0.03253517237328318,0.03283380116259105,0.5392091378245384,0.5392091378245387,0.5392091378245385,0.0031543734562735513,"3017.TW,2412.TW,3034.TW,2207.TW,2345.TW,3037.TW,3045.TW,2379.TW,2330.TW,2881.TW,2454.TW,3711.TW,2912.TW,1326.TW,2408.TW",2019,7,15
2019-09-03,0.021868540550180244,0.015890609587961624,0.03253517237328318,0.03283380116259105,1.0,0.9999999999999999,1.0,0.005849999999999999,"3017.TW,2412.TW,3034.TW",2019,7,3
2019-09-03,0.03759144243341362,0.03453528764052738,0.03253517237328318,0.03283380116259105,0.5034926092782519,0.5034926092782517,0.5034926092782518,0.0029454317642777727,"3017.TW,2412.TW,3034.TW,2207.TW,2345.TW,3037.TW,3045.TW,2379.TW,2330.TW,2881.TW",2019,7,10
2019-09-03,0.04176434626124819,0.0383649110302966,0.03253517237328318,0.03283380116259105,0.5578037312991293,0.5578037312991292,0.5578037312991293,0.003263151828099906,"3017.TW,2412.TW,3034.TW,2207.TW,2345.TW,3037.TW,3045.TW,2379.TW,2330.TW,2881.TW,2454.TW,3711.TW,2912.TW,1326.TW,2408.TW,2618.TW,1303.TW,4904.TW,5876.TW,2883.TW",2019,7,20
2019-09-11,0.0090154490225863,0.004274962017116968,0.006539957252906126,0.004133152128278421,0.8030993577348216,0.8030993577348217,0.8030993577348216,0.004698131242748707,"2615.TW,2412.TW,4904.TW,3231.TW,2308.TW,3045.TW,2317.TW,1102.TW,5880.TW,2892.TW,2609.TW,3008.TW,2603.TW,2330.TW,1301.TW",2019,7,15
2019-09-11,0.005084869128365088,0.0006509677393060631,0.006539957252906126,0.004133152128278421,0.7540973749161328,0.7540973749161326,0.7540973749161327,0.004411469643259376,"2615.TW,2412.TW,4904.TW,3231.TW,2308.TW,3045.TW,2317.TW,1102.TW,5880.TW,2892.TW,2609.TW,3008.TW,2603.TW,2330.TW,1301.TW,2883.TW,5871.TW,2382.TW,2882.TW,1101.TW",2019,7,20
2019-09-11,0.008844844387458028,0.004894620666804128,0.006539957252906126,0.004133152128278421,0.6693317825998197,0.66933178259982,0.6693317825998198,0.003915590928208946,"2615.TW,2412.TW,4904.TW",2019,7,3
2019-09-11,0.004361397537108402,-0.0003636730860084869,0.006539957252906126,0.004133152128278421,0.8041969573906751,0.8041969573906751,0.8041969573906751,0.00470455220073545,"2615.TW,2412.TW,4904.TW,3231.TW,2308.TW,3045.TW,2317.TW,1102.TW,5880.TW,2892.TW",2019,7,10
2019-09-11,0.00894132438865194,0.004202285163027897,0.006539957252906126,0.004133152128278421,0.8029130691135355,0.8029130691135354,0.8029130691135355,0.0046970414543141825,"2615.TW,2412.TW,4904.TW,3231.TW,2308.TW",2019,7,5
2019-09-19,0.004960602600985667,-0.0009184169242301143,0.0029531201610204505,-0.0052835537747104745,1.0,1.0,1.0,0.00585,"6669.TW,2395.TW,2345.TW",2019,7,3
2019-09-19,0.001947981729173221,-0.00276020513477937,0.0029531201610204505,-0.0052835537747104745,0.8032535441144867,0.8032535441144868,0.8032535441144868,0.0046990332330697476,"6669.TW,2395.TW,2345.TW,2317.TW,2885.TW,1590.TW,1102.TW,2303.TW,2882.TW,2883.TW",2019,7,10
2019-09-19,-0.0020323403445027624,-0.006331351735846313,0.0029531201610204505,-0.0052835537747104745,0.7363702971734662,0.7363702971734666,0.7363702971734665,0.004307766238464779,"6669.TW,2395.TW,2345.TW,2317.TW,2885.TW,1590.TW,1102.TW,2303.TW,2882.TW,2883.TW,2881.TW,2884.TW,5880.TW,2892.TW,2880.TW",2019,7,15
2019-09-19,-0.0020572099878990056,-0.005583986642134553,0.0029531201610204505,-0.0052835537747104745,0.6041105864751127,0.6041105864751126,0.6041105864751126,0.003534046930879409,"6669.TW,2395.TW,2345.TW,2317.TW,2885.TW,1590.TW,1102.TW,2303.TW,2882.TW,2883.TW,2881.TW,2884.TW,5880.TW,2892.TW,2880.TW,5871.TW,5876.TW,2891.TW,9910.TW,2382.TW",2019,7,20
2019-09-19,0.00010511044112337855,-0.005745504454957251,0.0029531201610204505,-0.0052835537747104745,1.0,1.0,1.0,0.00585,"6669.TW,2395.TW,2345.TW,2317.TW,2885.TW",2019,7,5
2019-09-26,0.0035965479214081354,-0.0011133607822896296,0.005889487413270222,0.00041067440434778836,0.802227349815231,0.802227349815231,0.802227349815231,0.004693029996419101,"5876.TW,3711.TW,2308.TW,2454.TW,2885.TW,3034.TW,2357.TW,2303.TW,5880.TW,2892.TW",2019,7,10
2019-09-26,-0.0005546274224896314,-0.003694844316687984,0.005889487413270222,0.00041067440434778836,0.5370870959151246,0.5370870959151247,0.5370870959151246,0.0031419595111034796,"5876.TW,3711.TW,2308.TW,2454.TW,2885.TW,3034.TW,2357.TW,2303.TW,5880.TW,2892.TW,2884.TW,2880.TW,2881.TW,2891.TW,2912.TW",2019,7,15
2019-09-26,0.005066159250983594,0.00034066640794394587,0.005889487413270222,0.00041067440434778836,0.8037048575665187,0.8037048575665185,0.8037048575665187,0.004701673416764134,"5876.TW,3711.TW,2308.TW,2454.TW,2885.TW",2019,7,5
2019-09-26,0.006284312912747521,0.00039754968220795384,0.005889487413270222,0.00041067440434778836,1.0,1.0,1.0,0.00585,"5876.TW,3711.TW,2308.TW",2019,7,3
2019-09-26,-0.0015862057847862976,-0.004255770612479615,0.005889487413270222,0.00041067440434778836,0.45706086056279954,0.4570608605627994,0.4570608605627995,0.0026738060342923766,"5876.TW,3711.TW,2308.TW,2454.TW,2885.TW,3034.TW,2357.TW,2303.TW,5880.TW,2892.TW,2884.TW,2880.TW,2881.TW,2891.TW,2912.TW,4904.TW,2883.TW,2882.TW,2886.TW,2412.TW",2019,7,20
2019-10-04,0.015860673992733387,0.01287062727895627,0.030444909947539456,0.015143042622121537,0.5031389731460507,0.5031389731460507,0.5031389731460507,0.002943362992904397,"2327.TW,2884.TW,1101.TW,5880.TW,1102.TW,4904.TW,2615.TW,2881.TW,2887.TW,2412.TW,2382.TW,2880.TW,2603.TW,2618.TW,2886.TW,2002.TW,2308.TW,2885.TW,2883.TW,3045.TW",2019,7,20
2019-10-04,0.018375372795613406,0.01399760428780139,0.030444909947539456,0.015143042622121537,0.7348336547137452,0.7348336547137453,0.7348336547137453,0.00429877688007541,"2327.TW,2884.TW,1101.TW,5880.TW,1102.TW,4904.TW,2615.TW,2881.TW,2887.TW,2412.TW,2382.TW,2880.TW,2603.TW,2618.TW,2886.TW",2019,7,15
2019-10-04,0.058247932848232445,0.05205718244107027,0.030444909947539456,0.015143042622121537,1.0,1.0,1.0,0.00585,"2327.TW,2884.TW,1101.TW",2019,7,3
2019-10-04,0.024138365735314714,0.018742674130032277,0.030444909947539456,0.015143042622121537,0.9006013993872879,0.900601399387288,0.9006013993872879,0.0052685181864156345,"2327.TW,2884.TW,1101.TW,5880.TW,1102.TW,4904.TW,2615.TW,2881.TW,2887.TW,2412.TW",2019,7,10
2019-10-04,0.03971824340684136,0.033635891682911145,0.030444909947539456,0.015143042622121537,1.0,1.0,1.0,0.00585,"2327.TW,2884.TW,1101.TW,5880.TW,1102.TW",2019,7,5
2019-10-15,0.006448916310632613,0.0017248583426172637,0.007954394565785616,0.01374468272205339,0.8023569438020207,0.8023569438020206,0.8023569438020206,0.004693788121241821,"2408.TW,2454.TW,3034.TW,2618.TW,3045.TW,2327.TW,2412.TW,2379.TW,2880.TW,2882.TW",2019,7,10
2019-10-15,0.007690982768749799,0.0017959905195523707,0.007954394565785616,0.01374468272205339,1.0,0.9999999999999999,1.0,0.005849999999999999,"2408.TW,2454.TW,3034.TW,2618.TW,3045.TW",2019,7,5
2019-10-15,0.014053849553539903,0.01105580217415536,0.007954394565785616,0.01374468272205339,0.505384138864356,0.505384138864356,0.505384138864356,0.002956497212356482,"2408.TW,2454.TW,3034.TW,2618.TW,3045.TW,2327.TW,2412.TW,2379.TW,2880.TW,2882.TW,3231.TW,2884.TW,4904.TW,2395.TW,6669.TW,3017.TW,2883.TW,5880.TW,2609.TW,2382.TW",2019,7,20
2019-10-15,0.010037375211257199,0.006469495641364231,0.007954394565785616,0.01374468272205339,0.6038330447364604,0.6038330447364605,0.6038330447364604,0.0035324233117082935,"2408.TW,2454.TW,3034.TW,2618.TW,3045.TW,2327.TW,2412.TW,2379.TW,2880.TW,2882.TW,3231.TW,2884.TW,4904.TW,2395.TW,6669.TW",2019,7,15
2019-10-15,0.009524802364406632,0.003619082270574836,0.007954394565785616,0.01374468272205339,1.0,1.0,1.0,0.00585,"2408.TW,2454.TW,3034.TW",2019,7,3
2019-10-22,-0.003619700914239532,-0.008296754339155887,0.008455348415917774,0.004080473394220234,0.8024007627259182,0.8024007627259182,0.8024007627259182,0.004694044461946621,"9910.TW,3045.TW,2880.TW,2886.TW,2881.TW",2019,7,5
2019-10-22,0.0025155047980263637,-0.00044192663227560214,0.008455348415917774,0.004080473394220234,0.5042753272344568,0.5042753272344567,0.5042753272344567,0.0029500106643215716,"9910.TW,3045.TW,2880.TW,2886.TW,2881.TW,2892.TW,2882.TW,2891.TW,2887.TW,2618.TW,2002.TW,2412.TW,2883.TW,5880.TW,2379.TW,2884.TW,3711.TW,2885.TW,5876.TW,2327.TW",2019,7,20
2019-10-22,-0.0008502519749556624,-0.004364576918650442,0.008455348415917774,0.004080473394220234,0.6012505210574629,0.6012505210574627,0.6012505210574628,0.003517315548186157,"9910.TW,3045.TW,2880.TW,2886.TW,2881.TW,2892.TW,2882.TW,2891.TW,2887.TW,2618.TW",2019,7,10
2019-10-22,-0.011587949570031248,-0.017370160065046658,0.008455348415917774,0.004080473394220234,1.0,1.0,1.0,0.00585,"9910.TW,3045.TW,2880.TW",2019,7,3
2019-10-22,-0.0003083671863696177,-0.003835909102310797,0.008455348415917774,0.004080473394220234,0.6031846204538788,0.6031846204538789,0.6031846204538789,0.003528630029655191,"9910.TW,3045.TW,2880.TW,2886.TW,2881.TW,2892.TW,2882.TW,2891.TW,2887.TW,2618.TW,2002.TW,2412.TW,2883.TW,5880.TW,2379.TW",2019,7,15
2019-10-29,0.01035969237433707,0.0061918466240091785,0.0391280698190446,0.02470746847716801,0.7051471573841688,0.7051471573841688,0.7051471573841688,0.004125110870697388,"2379.TW,3037.TW,2887.TW,9910.TW,2603.TW,2345.TW,2881.TW,1101.TW,3008.TW,1102.TW",2019,7,10
2019-10-29,0.024460489978079047,0.02174211080633759,0.0391280698190446,0.02470746847716801,0.45358528205188003,0.45358528205188015,0.4535852820518801,0.0026534739000034988,"2379.TW,3037.TW,2887.TW,9910.TW,2603.TW,2345.TW,2881.TW,1101.TW,3008.TW,1102.TW,3045.TW,2891.TW,2880.TW,3034.TW,2885.TW,2412.TW,3017.TW,2382.TW,2883.TW,2618.TW",2019,7,20
2019-10-29,0.022975665773746753,0.01975967793179323,0.0391280698190446,0.02470746847716801,0.537394514686966,0.5373945146869662,0.5373945146869661,0.003143757910918752,"2379.TW,3037.TW,2887.TW,9910.TW,2603.TW,2345.TW,2881.TW,1101.TW,3008.TW,1102.TW,3045.TW,2891.TW,2880.TW,3034.TW,2885.TW",2019,7,15
2019-10-29,0.011985156960929078,0.007192851593315952,0.0391280698190446,0.02470746847716801,0.8094955673039892,0.809495567303989,0.8094955673039891,0.004735549068728336,"2379.TW,3037.TW,2887.TW,9910.TW,2603.TW",2019,7,5
2019-10-29,0.013426322057426738,0.007497778073390693,0.0391280698190446,0.02470746847716801,1.0,1.0,1.0,0.00585,"2379.TW,3037.TW,2887.TW",2019,7,3
2019-11-05,0.002883554975437341,-0.0012571349501874218,-0.015061878483840108,-0.010688228183121633,0.7057751023885018,0.7057751023885018,0.7057751023885018,0.004128784348972736,"6669.TW,2345.TW,2892.TW,2887.TW,2881.TW,5880.TW,2618.TW,1301.TW,2412.TW,4904.TW",2019,7,10
2019-11-05,0.016468505586614092,0.010522164828932423,-0.015061878483840108,-0.010688228183121633,1.0,1.0,1.0,0.00585,"6669.TW,2345.TW,2892.TW",2019,7,3
2019-11-05,0.00103122560914876,-0.002522263219682963,-0.015061878483840108,-0.010688228183121633,0.6068082316461542,0.6068082316461539,0.606808231646154,0.003549828155130001,"6669.TW,2345.TW,2892.TW,2887.TW,2881.TW,5880.TW,2618.TW,1301.TW,2412.TW,4904.TW,2891.TW,2002.TW,2886.TW,2880.TW,1101.TW",2019,7,15
2019-11-05,-0.002964142747457022,-0.006222488415500105,-0.015061878483840108,-0.010688228183121633,0.5586380483970612,0.5586380483970611,0.5586380483970612,0.0032680325831228076,"6669.TW,2345.TW,2892.TW,2887.TW,2881.TW,5880.TW,2618.TW,1301.TW,2412.TW,4904.TW,2891.TW,2002.TW,2886.TW,2880.TW,1101.TW,1303.TW,2884.TW,1102.TW,2609.TW,2912.TW",2019,7,20
2019-11-05,0.010045690331592616,0.005318676500840835,-0.015061878483840108,-0.010688228183121633,0.8,0.7999999999999998,0.7999999999999999,0.004679999999999999,"6669.TW,2345.TW,2892.TW,2887.TW,2881.TW",2019,7,5
2019-11-12,0.010233411890897747,0.005486660451043512,0.02239227839035096,0.012189364606254343,0.8031911170116871,0.8031911170116872,0.8031911170116872,0.00469866803451837,"2327.TW,3008.TW,2884.TW,2880.TW,2892.TW,2303.TW,2395.TW,3045.TW,1303.TW,1301.TW",2019,7,10
2019-11-12,0.012107112691988959,0.008823200021687683,0.02239227839035096,0.012189364606254343,0.5546375340855065,0.5546375340855068,0.5546375340855066,0.003244629574400214,"2327.TW,3008.TW,2884.TW,2880.TW,2892.TW,2303.TW,2395.TW,3045.TW,1303.TW,1301.TW,2887.TW,2885.TW,2379.TW,3711.TW,5880.TW,2330.TW,2412.TW,2308.TW,5871.TW,2002.TW",2019,7,20
2019-11-12,0.011175178100187488,0.006431111694850111,0.02239227839035096,0.012189364606254343,0.8019891506865295,0.8019891506865295,0.8019891506865295,0.004691636531516198,"2327.TW,3008.TW,2884.TW,2880.TW,2892.TW",2019,7,5
2019-11-12,0.012037113136171897,0.008064252424630602,0.02239227839035096,0.012189364606254343,0.6710440559317462,0.6710440559317462,0.6710440559317462,0.003925607727200716,"2327.TW,3008.TW,2884.TW,2880.TW,2892.TW,2303.TW,2395.TW,3045.TW,1303.TW,1301.TW,2887.TW,2885.TW,2379.TW,3711.TW,5880.TW",2019,7,15
2019-11-12,0.02017583378851939,0.014207805160856513,0.02239227839035096,0.012189364606254343,1.0,1.0,1.0,0.00585,"2327.TW,3008.TW,2884.TW",2019,7,3
2019-11-19,-7.199626105711701e-05,-0.0047659370167514314,-0.008012727504374761,-0.0023101980375536593,0.8024408078993123,0.8024408078993124,0.8024408078993124,0.004694278726210977,"2618.TW,2886.TW,3045.TW,3008.TW,2885.TW,2881.TW,2412.TW,2891.TW,1326.TW,2887.TW",2019,7,10
2019-11-19,-0.00014045267889541222,-0.004061740214752141,-0.008012727504374761,-0.0023101980375536593,0.6703997211216756,0.6703997211216758,0.6703997211216757,0.003921838368561803,"2618.TW,2886.TW,3045.TW,3008.TW,2885.TW,2881.TW,2412.TW,2891.TW,1326.TW,2887.TW,2883.TW,4904.TW,2882.TW,2609.TW,1301.TW",2019,7,15
2019-11-19,-0.006519508434801239,-0.01233136931045764,-0.008012727504374761,-0.0023101980375536593,1.0,1.0000000000000002,1.0,0.005850000000000001,"2618.TW,2886.TW,3045.TW",2019,7,3
2019-11-19,-0.007818102190425292,-0.012469257490030361,-0.008012727504374761,-0.0023101980375536593,0.8013341946058641,0.8013341946058643,0.8013341946058642,0.0046878050384443065,"2618.TW,2886.TW,3045.TW,3008.TW,2885.TW",2019,7,5
2019-11-19,-0.000590682578326335,-0.003832607061190263,-0.008012727504374761,-0.0023101980375536593,0.5545026603370012,0.5545026603370012,0.5545026603370012,0.0032438405629714572,"2618.TW,2886.TW,3045.TW,3008.TW,2885.TW,2881.TW,2412.TW,2891.TW,1326.TW,2887.TW,2883.TW,4904.TW,2882.TW,2609.TW,1301.TW,1101.TW,2912.TW,1303.TW,3711.TW,2892.TW",2019,7,20
2019-11-26,-0.009667786070684012,-0.01286711711914501,-0.010770241077134424,-0.004471594200038744,0.5522330674756398,0.5522330674756396,0.5522330674756397,0.0032305634447324923,"2357.TW,2330.TW,3037.TW,2885.TW,2886.TW,5871.TW,2887.TW,3045.TW,2884.TW,2382.TW,2883.TW,1101.TW,2395.TW,2882.TW,3231.TW,2880.TW,2891.TW,2308.TW,3711.TW,2317.TW",2019,7,20
2019-11-26,-0.0138634893957863,-0.01732710068175869,-0.010770241077134424,-0.004471594200038744,0.6003938591946592,0.600393859194659,0.6003938591946592,0.0035123040762887556,"2357.TW,2330.TW,3037.TW,2885.TW,2886.TW",2019,7,5
2019-11-26,-0.019816337666728707,-0.025550412091378427,-0.010770241077134424,-0.004471594200038744,1.0,1.0,1.0,0.00585,"2357.TW,2330.TW,3037.TW",2019,7,3
2019-11-26,-0.010596833982198076,-0.014075577376843618,-0.010770241077134424,-0.004471594200038744,0.6010259628853772,0.6010259628853774,0.6010259628853774,0.0035160018828794574,"2357.TW,2330.TW,3037.TW,2885.TW,2886.TW,5871.TW,2887.TW,3045.TW,2884.TW,2382.TW,2883.TW,1101.TW,2395.TW,2882.TW,3231.TW",2019,7,15
2019-11-26,-0.009582368478956483,-0.013064354898431718,-0.010770241077134424,-0.004471594200038744,0.6009700704159929,0.600970070415993,0.600970070415993,0.0035156749119335594,"2357.TW,2330.TW,3037.TW,2885.TW,2886.TW,5871.TW,2887.TW,3045.TW,2884.TW,2382.TW",2019,7,10
2019-12-03,0.018385883365637755,0.014811348915024336,0.012520514883283207,0.0066565714338651105,0.6000000000000001,0.5999999999999999,0.6,0.0035099999999999997,"3034.TW,2454.TW,2330.TW,2886.TW,2892.TW",2019,7,5
2019-12-03,0.03064307279474724,0.02662356481084771,0.012520514883283207,0.0066565714338651105,0.6666666666666666,0.6666666666666667,0.6666666666666667,0.0039000000000000003,"3034.TW,2454.TW,2330.TW",2019,7,3
2019-12-03,0.008124816167338574,0.004979466740896443,0.012520514883283207,0.0066565714338651105,0.5333333333333333,0.5333333333333334,0.5333333333333334,0.0031200000000000004,"3034.TW,2454.TW,2330.TW,2886.TW,2892.TW,2891.TW,3008.TW,1301.TW,3231.TW,2412.TW,5880.TW,2887.TW,5871.TW,2885.TW,2884.TW",2019,7,15
2019-12-03,0.015097352714588229,0.010346525589436828,0.012520514883283207,0.0066565714338651105,0.8000288826572342,0.8000288826572342,0.8000288826572342,0.00468016896354482,"3034.TW,2454.TW,2330.TW,2886.TW,2892.TW,2891.TW,3008.TW,1301.TW,3231.TW,2412.TW",2019,7,10
2019-12-03,0.005989154185533711,0.0033331745223497133,0.012520514883283207,0.0066565714338651105,0.45131064857837594,0.4513106485783761,0.451310648578376,0.0026401672941835,"3034.TW,2454.TW,2330.TW,2886.TW,2892.TW,2891.TW,3008.TW,1301.TW,3231.TW,2412.TW,5880.TW,2887.TW,5871.TW,2885.TW,2884.TW,2912.TW,2880.TW,2379.TW,3045.TW,2883.TW",2019,7,20
2019-12-10,0.021176869199644788,0.017556651890817232,0.053763476673574395,0.024432529965383108,0.6060072297726153,0.6060072297726155,0.6060072297726153,0.0035451422941698003,"2317.TW,2395.TW,4904.TW,2615.TW,2207.TW,2892.TW,1301.TW,2327.TW,2885.TW,1590.TW,1102.TW,2412.TW,5871.TW,2330.TW,2002.TW",2019,7,15
2019-12-10,0.018442448881417873,0.013652396477671802,0.053763476673574395,0.024432529965383108,0.803984925812969,0.803984925812969,0.803984925812969,0.004703311816005869,"2317.TW,2395.TW,4904.TW,2615.TW,2207.TW,2892.TW,1301.TW,2327.TW,2885.TW,1590.TW",2019,7,10
2019-12-10,0.019645358847317454,0.01633226321954573,0.053763476673574395,0.024432529965383108,0.5554295207038199,0.5554295207038197,0.5554295207038198,0.0032492626961173453,"2317.TW,2395.TW,4904.TW,2615.TW,2207.TW,2892.TW,1301.TW,2327.TW,2885.TW,1590.TW,1102.TW,2412.TW,5871.TW,2330.TW,2002.TW,2887.TW,5880.TW,1216.TW,2308.TW,3045.TW",2019,7,20
2019-12-10,0.00910213510902665,0.003198887618638846,0.053763476673574395,0.024432529965383108,1.0,1.0,1.0,0.00585,"2317.TW,2395.TW,4904.TW",2019,7,3
2019-12-10,0.01768025490122367,0.011726825410051323,0.053763476673574395,0.024432529965383108,1.0,1.0,1.0,0.00585,"2317.TW,2395.TW,4904.TW,2615.TW,2207.TW",2019,7,5
2019-12-17,0.0058994582873852725,0.0015455443482392806,-0.008163473621204398,-0.001271059466867588,0.7398938202865075,0.7398938202865079,0.7398938202865077,0.00432837884867607,"4904.TW,2887.TW,2317.TW,5880.TW,2382.TW,1101.TW,2884.TW,2412.TW,2886.TW,2891.TW,2880.TW,2615.TW,1303.TW,3045.TW,2618.TW",2019,7,15
2019-12-17,0.0016390382716513123,-0.00033177559417418845,-0.008163473621204398,-0.001271059466867588,0.3363399850077642,0.3363399850077643,0.33633998500776424,0.001967588912295421,"4904.TW,2887.TW,2317.TW",2019,7,3
2019-12-17,0.006449276327015009,0.001724797002271794,-0.008163473621204398,-0.001271059466867588,0.8024282220383707,0.8024282220383709,0.8024282220383708,0.004694205098924469,"4904.TW,2887.TW,2317.TW,5880.TW,2382.TW,1101.TW,2884.TW,2412.TW,2886.TW,2891.TW",2019,7,10
2019-12-17,0.003204433785809714,-6.89063776561083e-05,-0.008163473621204398,-0.001271059466867588,0.557758028417603,0.5577580284176028,0.5577580284176029,0.003262884466242977,"4904.TW,2887.TW,2317.TW,5880.TW,2382.TW,1101.TW,2884.TW,2412.TW,2886.TW,2891.TW,2880.TW,2615.TW,1303.TW,3045.TW,2618.TW,2885.TW,2881.TW,2357.TW,2882.TW,1590.TW",2019,7,20
2019-12-17,0.00822750531298262,0.004661728340996429,-0.008163473621204398,-0.001271059466867588,0.6045605003968021,0.6045605003968023,0.6045605003968022,0.0035366789273212932,"4904.TW,2887.TW,2317.TW,5880.TW,2382.TW",2019,7,5
2019-12-24,0.019074434787857353,0.01311284934434842,-0.0015429509719342427,0.006974869768302607,0.9999999999999999,1.0,1.0,0.00585,"3034.TW,2379.TW,3231.TW,2454.TW,1102.TW,1590.TW,2345.TW,2303.TW,2308.TW,2330.TW",2019,7,10
2019-12-24,0.002856691128942357,-0.003010020514162104,-0.0015429509719342427,0.006974869768302607,1.0,0.9999999999999999,1.0,0.005849999999999999,"3034.TW,2379.TW,3231.TW,2454.TW,1102.TW",2019,7,5
2019-12-24,0.009830953715444122,0.00656838322737574,-0.0015429509719342427,0.006974869768302607,0.5522749672931038,0.552274967293104,0.5522749672931039,0.0032308085586646583,"3034.TW,2379.TW,3231.TW,2454.TW,1102.TW,1590.TW,2345.TW,2303.TW,2308.TW,2330.TW,2885.TW,2317.TW,3711.TW,2891.TW,1101.TW,2357.TW,2884.TW,2887.TW,2892.TW,2881.TW",2019,7,20
2019-12-24,0.0012152026070098017,-0.004641906328241241,-0.0015429509719342427,0.006974869768302607,1.0,0.9999999999999999,1.0,0.005849999999999999,"3034.TW,2379.TW,3231.TW",2019,7,3
2019-12-24,0.012956735288391372,0.008210131172086577,-0.0015429509719342427,0.006974869768302607,0.8010068848552517,0.8010068848552518,0.8010068848552518,0.004685890276403223,"3034.TW,2379.TW,3231.TW,2454.TW,1102.TW,1590.TW,2345.TW,2303.TW,2308.TW,2330.TW,2885.TW,2317.TW,3711.TW,2891.TW,1101.TW",2019,7,15
2019-12-31,-0.011976557569499856,-0.014042346046274745,-0.007728073077277853,-0.016542686500520196,0.3574067377160998,0.3574067377160998,0.3574067377160998,0.0020908294156391843,"2454.TW,3034.TW,2330.TW,2207.TW,2885.TW,2303.TW,2002.TW,2395.TW,2357.TW,2892.TW,2379.TW,2382.TW,2886.TW,5871.TW,2884.TW,3711.TW,2891.TW,2912.TW,2887.TW,3231.TW",2019,7,20
2019-12-31,0.0033680355388852794,-0.0005450997997165086,-0.007728073077277853,-0.016542686500520196,0.6666666666666666,0.6666666666666666,0.6666666666666666,0.0039,"2454.TW,3034.TW,2330.TW",2019,7,3
2019-12-31,-0.01182655991052537,-0.015332131728693854,-0.007728073077277853,-0.016542686500520196,0.6064148473637423,0.6064148473637421,0.6064148473637422,0.0035475268570778914,"2454.TW,3034.TW,2330.TW,2207.TW,2885.TW,2303.TW,2002.TW,2395.TW,2357.TW,2892.TW",2019,7,10
2019-12-31,-0.008051470750830968,-0.01153390966342449,-0.007728073077277853,-0.016542686500520196,0.6001205561119367,0.6001205561119365,0.6001205561119366,0.003510705253254829,"2454.TW,3034.TW,2330.TW,2207.TW,2885.TW",2019,7,5
2019-12-31,-0.009928572773505139,-0.013431232727273534,-0.007728073077277853,-0.016542686500520196,0.6047495915721476,0.6047495915721476,0.6047495915721476,0.0035377851106970634,"2454.TW,3034.TW,2330.TW,2207.TW,2885.TW,2303.TW,2002.TW,2395.TW,2357.TW,2892.TW,2379.TW,2382.TW,2886.TW,5871.TW,2884.TW",2019,7,15
2020-01-02,-0.009095211040379973,-0.010507250364647502,-0.008138374695277228,-0.011704131231323214,0.9999999999999999,0.0,0.49999999999999994,0.0014249999999999998,"2207.TW,3711.TW,2395.TW,2454.TW,5871.TW,2912.TW,3231.TW,2412.TW,2382.TW,1303.TW,2317.TW,1301.TW,2891.TW,2885.TW,1216.TW",2020,7,15
2020-01-02,-0.012748920580870472,-0.014155753369042734,-0.008138374695277228,-0.011704131231323214,1.0,0.0,0.5,0.001425,"2207.TW,3711.TW,2395.TW,2454.TW,5871.TW",2020,7,5
2020-01-02,-0.007596487730882562,-0.009010662735866037,-0.008138374695277228,-0.011704131231323214,1.0000000000000002,0.0,0.5000000000000001,0.0014250000000000003,"2207.TW,3711.TW,2395.TW,2454.TW,5871.TW,2912.TW,3231.TW,2412.TW,2382.TW,1303.TW,2317.TW,1301.TW,2891.TW,2885.TW,1216.TW,2883.TW,2357.TW,1326.TW,2892.TW,2615.TW",2020,7,20
2020-01-02,-0.00761072441460351,-0.009024879132312758,-0.008138374695277228,-0.011704131231323214,0.9999999999999999,0.0,0.49999999999999994,0.0014249999999999998,"2207.TW,3711.TW,2395.TW,2454.TW,5871.TW,2912.TW,3231.TW,2412.TW,2382.TW,1303.TW",2020,7,10
2020-01-02,-0.0171282965894259,-0.018528888766786045,-0.008138374695277228,-0.011704131231323214,1.0,0.0,0.5,0.001425,"2207.TW,3711.TW,2395.TW",2020,7,3
2020-01-09,0.032549629252507796,0.026509213921380725,0.0020512507512020495,0.013285628443619574,1.0,1.0,1.0,0.00585,"2327.TW,3017.TW,3037.TW,2317.TW,4904.TW",2020,7,5
2020-01-09,0.018948458312596308,0.012987609831467628,0.0020512507512020495,0.013285628443619574,0.9999999999999999,0.9999999999999999,0.9999999999999999,0.005849999999999999,"2327.TW,3017.TW,3037.TW,2317.TW,4904.TW,1301.TW,3045.TW,1101.TW,2408.TW,2887.TW",2020,7,10
2020-01-09,0.01749054712679015,0.012717436792316406,0.0020512507512020495,0.013285628443619574,0.8018907878753797,0.8018907878753796,0.8018907878753796,0.004691061109070971,"2327.TW,3017.TW,3037.TW,2317.TW,4904.TW,1301.TW,3045.TW,1101.TW,2408.TW,2887.TW,9910.TW,2881.TW,2882.TW,2891.TW,5876.TW",2020,7,15
2020-01-09,0.01818025034286614,0.013999188636222293,0.0020512507512020495,0.013285628443619574,0.7019497801145061,0.7019497801145061,0.7019497801145061,0.004106406213669861,"2327.TW,3017.TW,3037.TW,2317.TW,4904.TW,1301.TW,3045.TW,1101.TW,2408.TW,2887.TW,9910.TW,2881.TW,2882.TW,2891.TW,5876.TW,2609.TW,5871.TW,2382.TW,2880.TW,1326.TW",2020,7,20
2020-01-09,0.04664164035156282,0.04051878675550613,0.0020512507512020495,0.013285628443619574,1.0,1.0,1.0,0.00585,"2327.TW,3017.TW,3037.TW",2020,7,3
2020-01-16,-0.003236874768490272,-0.007908462553323559,0.024566978588761446,-0.019055876335137528,0.801155253727848,0.8011552537278481,0.8011552537278481,0.004686758234307912,"2330.TW,2207.TW,2408.TW,3711.TW,3037.TW,2603.TW,9910.TW,2454.TW,1102.TW,2615.TW",2020,7,10
2020-01-16,-0.0031248745141989,-0.0069582876533167415,0.024566978588761446,-0.019055876335137528,0.6573383972900192,0.6573383972900192,0.6573383972900192,0.003845429624146612,"2330.TW,2207.TW,2408.TW,3711.TW,3037.TW,2603.TW,9910.TW,2454.TW,1102.TW,2615.TW,4904.TW,1301.TW,1590.TW,2303.TW,3045.TW,2357.TW,2891.TW,2912.TW,2412.TW,2618.TW",2020,7,20
2020-01-16,-0.004338041127813648,-0.007887579956879942,0.024566978588761446,-0.019055876335137528,0.6094023868167657,0.609402386816766,0.6094023868167658,0.003565003962878081,"2330.TW,2207.TW,2408.TW,3711.TW,3037.TW,2603.TW,9910.TW,2454.TW,1102.TW,2615.TW,4904.TW,1301.TW,1590.TW,2303.TW,3045.TW",2020,7,15
2020-01-16,0.0070623176858543475,0.0023492660390846964,0.024566978588761446,-0.019055876335137528,0.8,0.8,0.8,0.00468,"2330.TW,2207.TW,2408.TW,3711.TW,3037.TW",2020,7,5
2020-01-16,-0.018596256741816565,-0.024337468639876958,0.024566978588761446,-0.019055876335137528,1.0,1.0000000000000002,1.0,0.005850000000000001,"2330.TW,2207.TW,2408.TW",2020,7,3
2020-02-03,-0.06390453070399583,-0.0677709998101732,-0.057761664336213214,-0.019283035931363685,0.7060550036011878,0.7060550036011879,0.7060550036011879,0.0041304217710669494,"3037.TW,3034.TW,2317.TW,3017.TW,2618.TW,2207.TW,6669.TW,2609.TW,3008.TW,2603.TW",2020,7,10
2020-02-03,-0.05505305942292714,-0.058765886754643226,-0.057761664336213214,-0.019283035931363685,0.6716475936387328,0.6716475936387327,0.6716475936387327,0.0039291384227865865,"3037.TW,3034.TW,2317.TW,3017.TW,2618.TW,2207.TW,6669.TW,2609.TW,3008.TW,2603.TW,1102.TW,2379.TW,5871.TW,1101.TW,2454.TW",2020,7,15
2020-02-03,-0.050330432733622525,-0.05368889700553181,-0.057761664336213214,-0.019283035931363685,0.6045223270544328,0.6045223270544325,0.6045223270544327,0.003536455613268431,"3037.TW,3034.TW,2317.TW,3017.TW,2618.TW,2207.TW,6669.TW,2609.TW,3008.TW,2603.TW,1102.TW,2379.TW,5871.TW,1101.TW,2454.TW,3711.TW,1301.TW,2382.TW,2308.TW,1303.TW",2020,7,20
2020-02-03,-0.1115609536989418,-0.11571884843563074,-0.057761664336213214,-0.019283035931363685,0.8,0.7999999999999998,0.7999999999999999,0.004679999999999999,"3037.TW,3034.TW,2317.TW,3017.TW,2618.TW",2020,7,5
2020-02-03,-0.09375754053778385,-0.09905905892563782,-0.057761664336213214,-0.019283035931363685,1.0,1.0,1.0,0.00585,"3037.TW,3034.TW,2317.TW",2020,7,3
2020-02-10,0.02972234302096526,0.024903242455627028,0.000547230357264672,0.011233617312591601,0.8,0.8,0.8,0.00468,"2207.TW,3034.TW,2379.TW,5871.TW,1590.TW",2020,7,5
2020-02-10,0.021311111054111324,0.019396290766259705,0.000547230357264672,0.011233617312591601,0.32048971540830484,0.3204897154083048,0.32048971540830484,0.001874864835138583,"2207.TW,3034.TW,2379.TW,5871.TW,1590.TW,3008.TW,2317.TW,2603.TW,2609.TW,3017.TW",2020,7,10
2020-02-10,0.019842851166100836,0.018487030810760974,0.000547230357264672,0.011233617312591601,0.22725478051930748,0.22725478051930753,0.2272547805193075,0.001329440466037949,"2207.TW,3034.TW,2379.TW,5871.TW,1590.TW,3008.TW,2317.TW,2603.TW,2609.TW,3017.TW,2618.TW,2454.TW,3711.TW,3231.TW,6669.TW",2020,7,15
2020-02-10,0.015976895336628456,0.014040818030817359,0.000547230357264672,0.011233617312591601,0.3257489290630564,0.3257489290630563,0.32574892906305636,0.0019056312350188797,"2207.TW,3034.TW,2379.TW,5871.TW,1590.TW,3008.TW,2317.TW,2603.TW,2609.TW,3017.TW,2618.TW,2454.TW,3711.TW,3231.TW,6669.TW,2395.TW,2615.TW,9910.TW,2357.TW,2308.TW",2020,7,20
2020-02-10,0.02424615214778806,0.020251592154411746,0.000547230357264672,0.011233617312591601,0.6666666666666666,0.6666666666666666,0.6666666666666666,0.0039,"2207.TW,3034.TW,2379.TW",2020,7,3
2020-02-17,-0.04344500499823681,-0.04793080711469011,-0.020787728706913255,-0.02443622699936548,0.8016306271955693,0.8016306271955692,0.8016306271955693,0.00468953916909408,"3231.TW,9910.TW,3017.TW,3034.TW,2303.TW",2020,7,5
2020-02-17,-0.030675393902607755,-0.03409676384052318,-0.020787728706913255,-0.02443622699936548,0.6033578002228587,0.6033578002228586,0.6033578002228586,0.003529643131303723,"3231.TW,9910.TW,3017.TW,3034.TW,2303.TW,2454.TW,2618.TW,2603.TW,2317.TW,3037.TW",2020,7,10
2020-02-17,-0.028092674704715485,-0.03077873202257264,-0.020787728706913255,-0.02443622699936548,0.47242683033601796,0.4724268303360181,0.47242683033601807,0.002763696957465706,"3231.TW,9910.TW,3017.TW,3034.TW,2303.TW,2454.TW,2618.TW,2603.TW,2317.TW,3037.TW,2382.TW,2308.TW,3711.TW,2330.TW,2357.TW",2020,7,15
2020-02-17,-0.028063157078993605,-0.030376092649107345,-0.020787728706913255,-0.02443622699936548,0.4067893964597616,0.4067893964597617,0.40678939645976164,0.002379717969289606,"3231.TW,9910.TW,3017.TW,3034.TW,2303.TW,2454.TW,2618.TW,2603.TW,2317.TW,3037.TW,2382.TW,2308.TW,3711.TW,2330.TW,2357.TW,2379.TW,2885.TW,2002.TW,2882.TW,2881.TW",2020,7,20
2020-02-17,-0.033719805934202096,-0.039372545069487064,-0.020787728706913255,-0.02443622699936548,1.0,1.0,1.0,0.00585,"3231.TW,9910.TW,3017.TW",2020,7,3
2020-02-24,-0.0180365192718164,-0.023781005634076258,-0.007821052321966837,-0.016866450301461722,1.0,0.9999999999999999,1.0,0.005849999999999999,"1590.TW,2207.TW,2345.TW,3008.TW,5871.TW",2020,7,5
2020-02-24,-0.018877778301164896,-0.022363010996317656,-0.007821052321966837,-0.016866450301461722,0.6072294149490499,0.6072294149490498,0.6072294149490498,0.0035522920774519414,"1590.TW,2207.TW,2345.TW,3008.TW,5871.TW,2454.TW,2379.TW,6669.TW,2618.TW,3017.TW,2408.TW,2603.TW,2609.TW,2395.TW,2912.TW,5876.TW,3711.TW,2886.TW,3034.TW,2308.TW",2020,7,20
2020-02-24,-0.031880356588273595,-0.03754385650223224,-0.007821052321966837,-0.016866450301461722,1.0,1.0,1.0,0.00585,"1590.TW,2207.TW,2345.TW",2020,7,3
2020-02-24,-0.022026764633823737,-0.02606038847972747,-0.007821052321966837,-0.016866450301461722,0.7050380570680621,0.7050380570680621,0.7050380570680621,0.004124472633848164,"1590.TW,2207.TW,2345.TW,3008.TW,5871.TW,2454.TW,2379.TW,6669.TW,2618.TW,3017.TW",2020,7,10
2020-02-24,-0.021547784745411563,-0.025766546790247036,-0.007821052321966837,-0.016866450301461722,0.7370374289688119,0.737037428968812,0.737037428968812,0.00431166895946755,"1590.TW,2207.TW,2345.TW,3008.TW,5871.TW,2454.TW,2379.TW,6669.TW,2618.TW,3017.TW,2408.TW,2603.TW,2609.TW,2395.TW,2912.TW",2020,7,15
2020-03-03,-0.006103886801521052,-0.008100865447438266,-0.026464082340088235,-0.019302913893989644,0.3434603139742729,0.3434603139742729,0.3434603139742729,0.0020092428367494966,"6669.TW,2327.TW,1590.TW,2207.TW,1102.TW,3017.TW,2345.TW,2408.TW,2618.TW,2379.TW,2609.TW,2603.TW,2303.TW,1326.TW,2308.TW",2020,7,15
2020-03-03,-0.011720240383077618,-0.013793041783886295,-0.026464082340088235,-0.019302913893989644,0.3585270489771153,0.3585270489771152,0.35852704897711524,0.002097383236516124,"6669.TW,2327.TW,1590.TW,2207.TW,1102.TW,3017.TW,2345.TW,2408.TW,2618.TW,2379.TW,2609.TW,2603.TW,2303.TW,1326.TW,2308.TW,3034.TW,2884.TW,2357.TW,5871.TW,2382.TW",2020,7,20
2020-03-03,-0.005813867720308341,-0.009691193636199191,-0.026464082340088235,-0.019302913893989644,0.6666666666666666,0.6666666666666667,0.6666666666666667,0.0039000000000000003,"6669.TW,2327.TW,1590.TW",2020,7,3
2020-03-03,-0.00041172791146461003,-0.0022283998541486882,-0.026464082340088235,-0.019302913893989644,0.31067012398593863,0.3106701239859387,0.31067012398593863,0.0018174202253177412,"6669.TW,2327.TW,1590.TW,2207.TW,1102.TW,3017.TW,2345.TW,2408.TW,2618.TW,2379.TW",2020,7,10
2020-03-03,-0.023395383772558034,-0.0268339286610616,-0.026464082340088235,-0.019302913893989644,0.6018663451508577,0.6018663451508576,0.6018663451508577,0.003520918119132517,"6669.TW,2327.TW,1590.TW,2207.TW,1102.TW",2020,7,5
2020-03-10,-0.254808076098886,-0.25916744885370757,-0.13302484062360942,-0.14910718012254456,1.0,1.0,1.0,0.00585,"3037.TW,2395.TW,2207.TW",2020,7,3
2020-03-10,-0.20820227779138445,-0.21103152106927303,-0.13302484062360942,-0.14910718012254456,0.6108016176209565,0.6108016176209565,0.6108016176209565,0.0035731894630825958,"3037.TW,2395.TW,2207.TW,5871.TW,1102.TW",2020,7,5
2020-03-10,-0.2089592512507766,-0.21182308915334347,-0.13302484062360942,-0.14910718012254456,0.6188618492584366,0.6188618492584367,0.6188618492584366,0.0036203418181618542,"3037.TW,2395.TW,2207.TW,5871.TW,1102.TW,2327.TW,3034.TW,2408.TW,3711.TW,2884.TW",2020,7,10
2020-03-10,-0.19143096011111002,-0.19402184948739298,-0.13302484062360942,-0.14910718012254456,0.5477418142670297,0.5477418142670296,0.5477418142670296,0.0032042896134621235,"3037.TW,2395.TW,2207.TW,5871.TW,1102.TW,2327.TW,3034.TW,2408.TW,3711.TW,2884.TW,5876.TW,3231.TW,2308.TW,2303.TW,2379.TW",2020,7,15
2020-03-10,-0.18450647438899,-0.18671583688330473,-0.13302484062360942,-0.14910718012254456,0.4631168618585773,0.4631168618585773,0.4631168618585773,0.0027092336418726775,"3037.TW,2395.TW,2207.TW,5871.TW,1102.TW,2327.TW,3034.TW,2408.TW,3711.TW,2884.TW,5876.TW,3231.TW,2308.TW,2303.TW,2379.TW,2881.TW,2609.TW,3008.TW,2886.TW,2891.TW",2020,7,20
2020-03-17,0.04097447514373092,0.03889677442450368,0.024682944339053048,0.01288627208292056,0.34118273270647154,0.3411827327064715,0.3411827327064715,0.0019959189863328584,"1590.TW,2327.TW,2207.TW,3017.TW,2408.TW,3037.TW,2395.TW,2615.TW,5871.TW,2884.TW",2020,7,10
2020-03-17,0.06716931044007804,0.06292777492064183,0.024682944339053048,0.01288627208292056,0.6794130974795689,0.679413097479569,0.6794130974795689,0.003974566620255479,"1590.TW,2327.TW,2207.TW",2020,7,3
2020-03-17,0.036078746158082604,0.033455807843971064,0.024682944339053048,0.01288627208292056,0.43275236119104493,0.432752361191045,0.432752361191045,0.0025316013129676133,"1590.TW,2327.TW,2207.TW,3017.TW,2408.TW,3037.TW,2395.TW,2615.TW,5871.TW,2884.TW,9910.TW,2454.TW,2379.TW,2618.TW,3008.TW,2609.TW,5876.TW,3231.TW,1301.TW,2603.TW",2020,7,20
2020-03-17,0.03837751907348219,0.03340267978458589,0.024682944339053048,0.01288627208292056,0.8189698475007061,0.8189698475007059,0.818969847500706,0.00479097360787913,"1590.TW,2327.TW,2207.TW,3017.TW,2408.TW",2020,7,5
2020-03-17,0.03463545963466409,0.03161016293653107,0.024682944339053048,0.01288627208292056,0.499832796090504,0.49983279609050424,0.49983279609050413,0.0029240218571294496,"1590.TW,2327.TW,2207.TW,3017.TW,2408.TW,3037.TW,2395.TW,2615.TW,5871.TW,2884.TW,9910.TW,2454.TW,2379.TW,2618.TW,3008.TW",2020,7,15
2020-03-24,0.022570763860906274,0.016588724892319995,-0.0039060580801997258,0.020409119347099082,0.9999999999999999,1.0,1.0,0.00585,"2912.TW,2002.TW,2881.TW,2345.TW,9910.TW,2886.TW,2891.TW,2603.TW,2609.TW,2308.TW",2020,7,10
2020-03-24,0.019302527074415744,0.013339607291030564,-0.0039060580801997258,0.020409119347099082,1.0,1.0,1.0,0.00585,"2912.TW,2002.TW,2881.TW",2020,7,3
2020-03-24,0.022432775750831847,0.01719795856017048,-0.0039060580801997258,0.020409119347099082,0.8752072181518981,0.8752072181518983,0.8752072181518982,0.005119962226188605,"2912.TW,2002.TW,2881.TW,2345.TW,9910.TW,2886.TW,2891.TW,2603.TW,2609.TW,2308.TW,2883.TW,2615.TW,2317.TW,2892.TW,2880.TW",2020,7,15
2020-03-24,0.02712297303344426,0.022537487942916767,-0.0039060580801997258,0.020409119347099082,0.7631448480832161,0.763144848083216,0.7631448480832161,0.004464397361286814,"2912.TW,2002.TW,2881.TW,2345.TW,9910.TW,2886.TW,2891.TW,2603.TW,2609.TW,2308.TW,2883.TW,2615.TW,2317.TW,2892.TW,2880.TW,2887.TW,4904.TW,2408.TW,2357.TW,3711.TW",2020,7,20
2020-03-24,0.0420606200195131,0.035964565392398784,-0.0039060580801997258,0.020409119347099082,1.0,1.0,1.0,0.00585,"2912.TW,2002.TW,2881.TW,2345.TW,9910.TW",2020,7,5
2020-03-31,0.07079358309312157,0.06656705046769518,0.03267968600694271,0.046771124364075475,0.6747184713113722,0.6747184713113723,0.6747184713113723,0.003947103057171528,"2883.TW,2454.TW,2327.TW,9910.TW,2618.TW,1326.TW,5871.TW,5876.TW,1303.TW,2303.TW,2885.TW,2881.TW,2887.TW,2603.TW,2609.TW",2020,7,15
2020-03-31,0.12012109877522562,0.11356839034739052,0.03267968600694271,0.046771124364075475,1.0,0.9999999999999999,1.0,0.005849999999999999,"2883.TW,2454.TW,2327.TW",2020,7,3
2020-03-31,0.1085476489003881,0.10335591402308553,0.03267968600694271,0.046771124364075475,0.8005754631138009,0.800575463113801,0.8005754631138009,0.004683366459215736,"2883.TW,2454.TW,2327.TW,9910.TW,2618.TW",2020,7,5
2020-03-31,0.07690485654787547,0.07123495247815081,0.03267968600694271,0.046771124364075475,0.8999999999999999,0.9,0.8999999999999999,0.005265,"2883.TW,2454.TW,2327.TW,9910.TW,2618.TW,1326.TW,5871.TW,5876.TW,1303.TW,2303.TW",2020,7,10
2020-03-31,0.06266836110102428,0.05950267250233887,0.03267968600694271,0.046771124364075475,0.5092306969993524,0.5092306969993526,0.5092306969993525,0.0029789995774462128,"2883.TW,2454.TW,2327.TW,9910.TW,2618.TW,1326.TW,5871.TW,5876.TW,1303.TW,2303.TW,2885.TW,2881.TW,2887.TW,2603.TW,2609.TW,3034.TW,2880.TW,3711.TW,2892.TW,2886.TW",2020,7,20
2020-04-09,0.01129258314839809,0.0053765215369798725,0.0506327619276965,0.04330544691910428,1.0,1.0,1.0,0.00585,"3008.TW,6669.TW,1590.TW",2020,7,3
2020-04-09,0.04486708670306393,0.03933886201585701,0.0506327619276965,0.04330544691910428,0.9044171120449566,0.9044171120449565,0.9044171120449565,0.005290840105462996,"3008.TW,6669.TW,1590.TW,2357.TW,5876.TW,4904.TW,2880.TW,2207.TW,3017.TW,2885.TW",2020,7,10
2020-04-09,0.024243826815830885,0.01825200042895836,0.0506327619276965,0.04330544691910428,1.0,1.0,1.0,0.00585,"3008.TW,6669.TW,1590.TW,2357.TW,5876.TW",2020,7,5
2020-04-09,0.04475546165585926,0.040421183623499335,0.0506327619276965,0.04330544691910428,0.7091632970068772,0.7091632970068771,0.7091632970068771,0.004148605287490231,"3008.TW,6669.TW,1590.TW,2357.TW,5876.TW,4904.TW,2880.TW,2207.TW,3017.TW,2885.TW,2891.TW,2002.TW,2382.TW,2330.TW,3231.TW,9910.TW,2887.TW,2412.TW,1101.TW,5871.TW",2020,7,20
2020-04-09,0.04686312947144259,0.04152257360017919,0.0506327619276965,0.04330544691910428,0.872048606784186,0.8720486067841862,0.8720486067841862,0.005101484349687489,"3008.TW,6669.TW,1590.TW,2357.TW,5876.TW,4904.TW,2880.TW,2207.TW,3017.TW,2885.TW,2891.TW,2002.TW,2382.TW,2330.TW,3231.TW",2020,7,15
2020-04-16,-0.03047713656967784,-0.0336543306381587,-0.026505792168460718,-0.026046250092141898,0.5601828669151734,0.5601828669151735,0.5601828669151734,0.003277069771453765,"3008.TW,6669.TW,3034.TW,1326.TW,2880.TW,2886.TW,2207.TW,2357.TW,2609.TW,1216.TW,2002.TW,2618.TW,5871.TW,2912.TW,1301.TW,2887.TW,2379.TW,1303.TW,2885.TW,2454.TW",2020,7,20
2020-04-16,-0.026991476475576384,-0.02992650781198647,-0.026505792168460718,-0.026046250092141898,0.5156324392137894,0.5156324392137893,0.5156324392137894,0.003016449769400668,"3008.TW,6669.TW,3034.TW,1326.TW,2880.TW,2886.TW,2207.TW,2357.TW,2609.TW,1216.TW",2020,7,10
2020-04-16,-0.031582770059209106,-0.03506512059482092,-0.026505792168460718,-0.026046250092141898,0.6146871177286735,0.6146871177286737,0.6146871177286736,0.003595919638712741,"3008.TW,6669.TW,3034.TW,1326.TW,2880.TW",2020,7,5
2020-04-16,-0.02673503655095817,-0.02872894913573487,-0.026505792168460718,-0.026046250092141898,0.3502024329259904,0.3502024329259904,0.3502024329259904,0.002048684232617044,"3008.TW,6669.TW,3034.TW",2020,7,3
2020-04-16,-0.027625175505186138,-0.031114266020033754,-0.026505792168460718,-0.026046250092141898,0.6133701881305138,0.6133701881305137,0.6133701881305138,0.0035882156005635052,"3008.TW,6669.TW,3034.TW,1326.TW,2880.TW,2886.TW,2207.TW,2357.TW,2609.TW,1216.TW,2002.TW,2618.TW,5871.TW,2912.TW,1301.TW",2020,7,15
2020-04-23,0.05263818818777038,0.0470819235011366,0.019802029149352807,0.04757680570161757,0.9022937282535688,0.9022937282535689,0.9022937282535688,0.005278418310283378,"2308.TW,2207.TW,1102.TW,2887.TW,2395.TW,1303.TW,2408.TW,2891.TW,2892.TW,5880.TW",2020,7,10
2020-04-23,0.047900523475948996,0.043371065052928426,0.019802029149352807,0.04757680570161757,0.7388739481962198,0.7388739481962197,0.7388739481962197,0.0043224125969478855,"2308.TW,2207.TW,1102.TW,2887.TW,2395.TW,1303.TW,2408.TW,2891.TW,2892.TW,5880.TW,3034.TW,5876.TW,2618.TW,4904.TW,1326.TW",2020,7,15
2020-04-23,0.0522660777264179,0.04611032117171843,0.019802029149352807,0.04757680570161757,1.0,1.0,1.0,0.00585,"2308.TW,2207.TW,1102.TW,2887.TW,2395.TW",2020,7,5
2020-04-23,0.061947083444505426,0.05573469300635514,0.019802029149352807,0.04757680570161757,1.0,1.0,1.0,0.00585,"2308.TW,2207.TW,1102.TW",2020,7,3
2020-04-23,0.04814329660367096,0.044715743708426015,0.019802029149352807,0.04757680570161757,0.558994633384769,0.5589946333847688,0.5589946333847688,0.003270118605300898,"2308.TW,2207.TW,1102.TW,2887.TW,2395.TW,1303.TW,2408.TW,2891.TW,2892.TW,5880.TW,3034.TW,5876.TW,2618.TW,4904.TW,1326.TW,1301.TW,2885.TW,2454.TW,2884.TW,2317.TW",2020,7,20
2020-04-30,0.03367945251768338,0.028823056765808763,0.03155311231244973,0.03647881243918293,0.8031049838096227,0.8031049838096229,0.8031049838096228,0.004698164155286294,"2345.TW,2412.TW,2303.TW,3017.TW,2327.TW,2609.TW,9910.TW,4904.TW,2615.TW,3037.TW,2618.TW,2883.TW,2408.TW,1590.TW,1101.TW",2020,7,15
2020-04-30,0.04223014424367669,0.03613309789985131,0.03155311231244973,0.03647881243918293,1.0,1.0,1.0,0.00585,"2345.TW,2412.TW,2303.TW,3017.TW,2327.TW",2020,7,5
2020-04-30,0.027146355519644873,0.0211375493398549,0.03155311231244973,0.03647881243918293,1.0,0.9999999999999999,1.0,0.005849999999999999,"2345.TW,2412.TW,2303.TW",2020,7,3
2020-04-30,0.03281243035112417,0.028568856638798712,0.03155311231244973,0.03647881243918293,0.7023513606778523,0.7023513606778521,0.7023513606778522,0.004108755459965435,"2345.TW,2412.TW,2303.TW,3017.TW,2327.TW,2609.TW,9910.TW,4904.TW,2615.TW,3037.TW,2618.TW,2883.TW,2408.TW,1590.TW,1101.TW,3045.TW,5871.TW,2454.TW,2207.TW,1303.TW",2020,7,20
2020-04-30,0.03234787027159645,0.026308635230507527,0.03155311231244973,0.03647881243918293,0.9999999999999999,1.0,1.0,0.00585,"2345.TW,2412.TW,2303.TW,3017.TW,2327.TW,2609.TW,9910.TW,4904.TW,2615.TW,3037.TW",2020,7,10
2020-05-08,-0.029608017809109394,-0.03192553249498331,-0.022941063079014334,-0.026667698404504846,0.408243641569703,0.4082436415697031,0.40824364156970305,0.002388225303182763,"2603.TW,2408.TW,2885.TW,9910.TW,2609.TW,2618.TW,3231.TW,2345.TW,3017.TW,2330.TW,2881.TW,2207.TW,2327.TW,2887.TW,1590.TW,2412.TW,5871.TW,2884.TW,3045.TW,2892.TW",2020,7,20
2020-05-08,-0.03634514794289233,-0.03978814496291394,-0.022941063079014334,-0.026667698404504846,0.61074408320846,0.6107440832084601,0.6107440832084601,0.0035728528867694912,"2603.TW,2408.TW,2885.TW,9910.TW,2609.TW,2618.TW,3231.TW,2345.TW,3017.TW,2330.TW",2020,7,10
2020-05-08,-0.04319822508324151,-0.048795515466504624,-0.022941063079014334,-0.026667698404504846,1.0,0.9999999999999998,0.9999999999999999,0.005849999999999999,"2603.TW,2408.TW,2885.TW,9910.TW,2609.TW",2020,7,5
2020-05-08,-0.04177319477652697,-0.047378821587084285,-0.022941063079014334,-0.026667698404504846,1.0,0.9999999999999998,0.9999999999999999,0.005849999999999999,"2603.TW,2408.TW,2885.TW",2020,7,3
2020-05-08,-0.03534549504593278,-0.038028581371224,-0.022941063079014334,-0.026667698404504846,0.4754523331794959,0.47545233317949587,0.47545233317949587,0.002781396149100051,"2603.TW,2408.TW,2885.TW,9910.TW,2609.TW,2618.TW,3231.TW,2345.TW,3017.TW,2330.TW,2881.TW,2207.TW,2327.TW,2887.TW,1590.TW",2020,7,15
2020-05-15,0.015426700461750315,0.011499143624716268,0.0012041569401726182,0.011508497328832468,0.6611774506171257,0.661177450617126,0.6611774506171259,0.0038678880861101866,"3017.TW,2207.TW,2618.TW,2395.TW,3008.TW,9910.TW,2308.TW,2408.TW,3711.TW,2317.TW,2327.TW,1303.TW,2615.TW,1326.TW,1216.TW,2303.TW,5876.TW,2609.TW,1301.TW,2379.TW",2020,7,20
2020-05-15,0.017869336335522217,0.014219150383936174,0.0012041569401726182,0.011508497328832468,0.6130093404462782,0.6130093404462784,0.6130093404462783,0.0035861046416107286,"3017.TW,2207.TW,2618.TW,2395.TW,3008.TW,9910.TW,2308.TW,2408.TW,3711.TW,2317.TW,2327.TW,1303.TW,2615.TW,1326.TW,1216.TW",2020,7,15
2020-05-15,0.014531433858827046,0.008596424970752858,0.0012041569401726182,0.011508497328832468,1.0,1.0,1.0,0.00585,"3017.TW,2207.TW,2618.TW",2020,7,3
2020-05-15,0.00894593504750769,0.003043601327479717,0.0012041569401726182,0.011508497328832468,1.0,1.0,1.0,0.00585,"3017.TW,2207.TW,2618.TW,2395.TW,3008.TW",2020,7,5
2020-05-15,0.018840464511171117,0.015174848421705356,0.0012041569401726182,0.011508497328832468,0.6150138934999615,0.6150138934999615,0.6150138934999615,0.003597831276974775,"3017.TW,2207.TW,2618.TW,2395.TW,3008.TW,9910.TW,2308.TW,2408.TW,3711.TW,2317.TW",2020,7,10
2020-05-22,0.029679199793644803,0.02718421942274163,0.01563424605617869,0.019116729022021398,0.4141992682575545,0.4141992682575548,0.41419926825755465,0.0024230657193066952,"2327.TW,2207.TW,2379.TW,3017.TW,2395.TW,1303.TW,3037.TW,3008.TW,1590.TW,2308.TW,3711.TW,2408.TW,2357.TW,3034.TW,5871.TW",2020,7,15
2020-05-22,0.023396301227043777,0.02153354751796499,0.01563424605617869,0.019116729022021398,0.31113991429084004,0.31113991429084,0.31113991429084,0.001820168498601414,"2327.TW,2207.TW,2379.TW,3017.TW,2395.TW,1303.TW,3037.TW,3008.TW,1590.TW,2308.TW,3711.TW,2408.TW,2357.TW,3034.TW,5871.TW,1326.TW,2618.TW,2881.TW,5876.TW,1301.TW",2020,7,20
2020-05-22,0.05552492035726915,0.05303749659842172,0.01563424605617869,0.019116729022021398,0.4028333527114632,0.40283335271146303,0.40283335271146314,0.002356575113362059,"2327.TW,2207.TW,2379.TW,3017.TW,2395.TW",2020,7,5
2020-05-22,0.027648210778301315,0.02459325641232457,0.01563424605617869,0.019116729022021398,0.5081645801134562,0.508164580113456,0.5081645801134561,0.002972762793663718,"2327.TW,2207.TW,2379.TW,3017.TW,2395.TW,1303.TW,3037.TW,3008.TW,1590.TW,2308.TW",2020,7,10
2020-05-22,0.045243704745094426,0.04116725429658863,0.01563424605617869,0.019116729022021398,0.6666666666666666,0.6666666666666667,0.6666666666666667,0.0039000000000000003,"2327.TW,2207.TW,2379.TW",2020,7,3
2020-05-29,0.05177451756577149,0.048008879568253615,0.05269397989852864,0.03999622183283069,0.6120121682395533,0.6120121682395532,0.6120121682395532,0.0035802711842013862,"1590.TW,6669.TW,2618.TW,2609.TW,3037.TW,9910.TW,2327.TW,2408.TW,1301.TW,2885.TW,2912.TW,2884.TW,3008.TW,4904.TW,2308.TW",2020,7,15
2020-05-29,0.046948519885076596,0.04320929398379936,0.05269397989852864,0.03999622183283069,0.6105208638323399,0.6105208638323397,0.6105208638323398,0.003571547053419188,"1590.TW,6669.TW,2618.TW,2609.TW,3037.TW,9910.TW,2327.TW,2408.TW,1301.TW,2885.TW,2912.TW,2884.TW,3008.TW,4904.TW,2308.TW,1101.TW,2412.TW,2330.TW,3045.TW,2002.TW",2020,7,20
2020-05-29,0.049029432722779626,0.04465575454124604,0.05269397989852864,0.03999622183283069,0.7126942988130734,0.7126942988130736,0.7126942988130736,0.0041692616480564805,"1590.TW,6669.TW,2618.TW,2609.TW,3037.TW,9910.TW,2327.TW,2408.TW,1301.TW,2885.TW",2020,7,10
2020-05-29,0.04140023631191428,0.03530804492948958,0.05269397989852864,0.03999622183283069,1.0,1.0,1.0,0.00585,"1590.TW,6669.TW,2618.TW,2609.TW,3037.TW",2020,7,5
2020-05-29,0.018243656737805262,0.012286931345889096,0.05269397989852864,0.03999622183283069,1.0,1.0,1.0,0.00585,"1590.TW,6669.TW,2618.TW",2020,7,3
2020-06-05,-0.006469459232169534,-0.010432189580173445,-0.008998967233475041,-0.014700282694435414,0.6818006848124476,0.6818006848124476,0.6818006848124476,0.003988534006152819,"1590.TW,6669.TW,2345.TW,2912.TW,2327.TW,2395.TW,3045.TW,9910.TW,3017.TW,1216.TW,2412.TW,2892.TW,2887.TW,2454.TW,2881.TW",2020,7,15
2020-06-05,0.012634130386798219,0.00891973303370941,-0.008998967233475041,-0.014700282694435414,0.6270178926659129,0.6270178926659128,0.6270178926659129,0.0036680546720955897,"1590.TW,6669.TW,2345.TW,2912.TW,2327.TW",2020,7,5
2020-06-05,-0.003959577602895259,-0.00782936305695614,-0.008998967233475041,-0.014700282694435414,0.6641314671014892,0.664131467101489,0.6641314671014891,0.003885169082543711,"1590.TW,6669.TW,2345.TW,2912.TW,2327.TW,2395.TW,3045.TW,9910.TW,3017.TW,1216.TW,2412.TW,2892.TW,2887.TW,2454.TW,2881.TW,3034.TW,2379.TW,2886.TW,5871.TW,3231.TW",2020,7,20
2020-06-05,0.031081558106570463,0.028884609341737866,-0.008998967233475041,-0.014700282694435414,0.3642260832372133,0.3642260832372133,0.3642260832372133,0.002130722586937698,"1590.TW,6669.TW,2345.TW",2020,7,3
2020-06-05,-0.0056620293827606685,-0.00924975265171546,-0.008998967233475041,-0.014700282694435414,0.6167782454294323,0.6167782454294322,0.6167782454294322,0.0036081527357621785,"1590.TW,6669.TW,2345.TW,2912.TW,2327.TW,2395.TW,3045.TW,9910.TW,3017.TW,1216.TW",2020,7,10
2020-06-12,0.007870405600375552,0.001974363727613282,0.008513222129581832,0.016226635127608954,1.0,1.0,1.0,0.00585,"2618.TW,3008.TW,3017.TW,2303.TW,2887.TW",2020,7,5
2020-06-12,0.013432107925969562,0.009048124550055103,0.008513222129581832,0.016226635127608954,0.7394662768395643,0.7394662768395643,0.7394662768395643,0.004325877719511452,"2618.TW,3008.TW,3017.TW,2303.TW,2887.TW,5876.TW,2327.TW,1590.TW,2609.TW,2408.TW,2382.TW,2615.TW,2603.TW,2891.TW,1326.TW",2020,7,15
2020-06-12,0.01678856830060942,0.012578117935860389,0.008513222129581832,0.016226635127608954,0.7078512952680349,0.7078512952680349,0.7078512952680349,0.0041409300773180046,"2618.TW,3008.TW,3017.TW,2303.TW,2887.TW,5876.TW,2327.TW,1590.TW,2609.TW,2408.TW",2020,7,10
2020-06-12,0.011854684460879006,0.005935334556782967,0.008513222129581832,0.016226635127608954,1.0,1.0,1.0,0.00585,"2618.TW,3008.TW,3017.TW",2020,7,3
2020-06-12,0.012151399826453453,0.007677759995566191,0.008513222129581832,0.016226635127608954,0.755543842104804,0.7555438421048034,0.7555438421048037,0.004419931476313101,"2618.TW,3008.TW,3017.TW,2303.TW,2887.TW,5876.TW,2327.TW,1590.TW,2609.TW,2408.TW,2382.TW,2615.TW,2603.TW,2891.TW,1326.TW,1301.TW,2892.TW,2882.TW,3711.TW,2884.TW",2020,7,20
2020-06-19,0.004568346257491317,0.0017719930499915382,0.012380312111929692,0.011810626064662742,0.47583531481947433,0.47583531481947433,0.47583531481947433,0.0027836365916939247,"9910.TW,2603.TW,2887.TW,1216.TW,2615.TW,1303.TW,3008.TW,1590.TW,2618.TW,2408.TW,2891.TW,1102.TW,3045.TW,2002.TW,2883.TW",2020,7,15
2020-06-19,0.005445516892588358,0.0024551838495394662,0.012380312111929692,0.011810626064662742,0.5083995432458862,0.5083995432458862,0.5083995432458862,0.002974137327988434,"9910.TW,2603.TW,2887.TW,1216.TW,2615.TW,1303.TW,3008.TW,1590.TW,2618.TW,2408.TW,2891.TW,1102.TW,3045.TW,2002.TW,2883.TW,1326.TW,2886.TW,4904.TW,2892.TW,1101.TW",2020,7,20
2020-06-19,-0.011896249516840518,-0.01652525777955438,0.012380312111929692,0.011810626064662742,0.8008101004827094,0.8008101004827093,0.8008101004827093,0.004684739087823849,"9910.TW,2603.TW,2887.TW,1216.TW,2615.TW",2020,7,5
2020-06-19,-0.02131155725600416,-0.02703688464605658,0.012380312111929692,0.011810626064662742,1.0,1.0,1.0,0.00585,"9910.TW,2603.TW,2887.TW",2020,7,3
2020-06-19,-0.0010033208681044957,-0.003984556613566337,0.012380312111929692,0.011810626064662742,0.5101247667660205,0.5101247667660204,0.5101247667660205,0.002984229885581219,"9910.TW,2603.TW,2887.TW,1216.TW,2615.TW,1303.TW,3008.TW,1590.TW,2618.TW,2408.TW",2020,7,10
2020-06-30,0.022830943438308195,0.01874909297834204,0.05058372940673439,0.040864119573499814,0.6821774603663489,0.6821774603663489,0.6821774603663489,0.003990738143143141,"2327.TW,9910.TW,2357.TW",2020,7,3
2020-06-30,0.029411427723202134,0.02635645640802875,0.05058372940673439,0.040864119573499814,0.5072969900752541,0.5072969900752541,0.5072969900752541,0.0029676873919402364,"2327.TW,9910.TW,2357.TW,2618.TW,1216.TW,2609.TW,1590.TW,2886.TW,2882.TW,2603.TW",2020,7,10
2020-06-30,0.03335400376096749,0.029688044159804416,0.05058372940673439,0.040864119573499814,0.6064327990231948,0.6064327990231947,0.6064327990231948,0.0035476318742856893,"2327.TW,9910.TW,2357.TW,2618.TW,1216.TW,2609.TW,1590.TW,2886.TW,2882.TW,2603.TW,2615.TW,2884.TW,2892.TW,3711.TW,2912.TW",2020,7,15
2020-06-30,0.0331842700714864,0.029821941379616357,0.05058372940673439,0.040864119573499814,0.5562967400825114,0.5562967400825114,0.5562967400825114,0.003254335929482692,"2327.TW,9910.TW,2357.TW,2618.TW,1216.TW,2609.TW,1590.TW,2886.TW,2882.TW,2603.TW,2615.TW,2884.TW,2892.TW,3711.TW,2912.TW,2885.TW,5880.TW,1101.TW,6669.TW,2881.TW",2020,7,20
2020-06-30,0.027028139124377005,0.023356438909523547,0.05058372940673439,0.040864119573499814,0.6111235305619047,0.6111235305619046,0.6111235305619047,0.0035750726537871424,"2327.TW,9910.TW,2357.TW,2618.TW,1216.TW",2020,7,5
2020-07-07,0.004373048598311299,-0.00034012486347823057,0.029629492461824114,0.0026209348412452194,0.8021627804065118,0.8021627804065119,0.8021627804065119,0.004692652265378095,"3017.TW,3231.TW,2002.TW,3711.TW,9910.TW,2412.TW,1301.TW,6669.TW,2609.TW,2883.TW,1326.TW,3034.TW,2207.TW,3037.TW,2880.TW",2020,7,15
2020-07-07,0.04760115469025379,0.04147268793531578,0.029629492461824114,0.0026209348412452194,1.0,0.9999999999999999,1.0,0.005849999999999999,"3017.TW,3231.TW,2002.TW",2020,7,3
2020-07-07,0.0384028825362742,0.033535902388836414,0.029629492461824114,0.0026209348412452194,0.8011942497052476,0.8011942497052474,0.8011942497052476,0.004686986360775698,"3017.TW,3231.TW,2002.TW,3711.TW,9910.TW",2020,7,5
2020-07-07,0.0023812099819127794,-0.0014573504584888264,0.029629492461824114,0.0026209348412452194,0.6546054248745033,0.6546054248745035,0.6546054248745035,0.003829441735515845,"3017.TW,3231.TW,2002.TW,3711.TW,9910.TW,2412.TW,1301.TW,6669.TW,2609.TW,2883.TW,1326.TW,3034.TW,2207.TW,3037.TW,2880.TW,2912.TW,2884.TW,5871.TW,2379.TW,5880.TW",2020,7,20
2020-07-07,0.007888204128038036,0.0031566023377855856,0.029629492461824114,0.0026209348412452194,0.8024906091110768,0.8024906091110768,0.8024906091110768,0.0046945700632998,"3017.TW,3231.TW,2002.TW,3711.TW,9910.TW,2412.TW,1301.TW,6669.TW,2609.TW,2883.TW",2020,7,10
2020-07-14,0.015966757643425703,0.01272988865379232,0.02020546295992176,0.005439263908096141,0.5446151994995385,0.5446151994995385,0.5446151994995385,0.0031859989170723007,"2327.TW,3037.TW,6669.TW,3008.TW,9910.TW,3711.TW,5871.TW,2603.TW,2357.TW,2454.TW,2609.TW,2618.TW,2207.TW,1301.TW,2912.TW",2020,7,15
2020-07-14,0.021755522343194576,0.016963157350046387,0.02020546295992176,0.005439263908096141,0.8017648774314918,0.8017648774314919,0.8017648774314918,0.004690324532974228,"2327.TW,3037.TW,6669.TW,3008.TW,9910.TW",2020,7,5
2020-07-14,0.024582495097889786,0.020361807485148598,0.02020546295992176,0.005439263908096141,0.7041746911146479,0.704174691114648,0.704174691114648,0.004119421943020691,"2327.TW,3037.TW,6669.TW,3008.TW,9910.TW,3711.TW,5871.TW,2603.TW,2357.TW,2454.TW",2020,7,10
2020-07-14,0.034496208550666964,0.02844440573064566,0.02020546295992176,0.005439263908096141,1.0,1.0,1.0,0.00585,"2327.TW,3037.TW,6669.TW",2020,7,3
2020-07-14,0.01088683997215034,0.00844454524780458,0.02020546295992176,0.005439263908096141,0.41299012031598353,0.4129901203159838,0.4129901203159837,0.002415992203848505,"2327.TW,3037.TW,6669.TW,3008.TW,9910.TW,3711.TW,5871.TW,2603.TW,2357.TW,2454.TW,2609.TW,2618.TW,2207.TW,1301.TW,2912.TW,1216.TW,2412.TW,1303.TW,3034.TW,2002.TW",2020,7,20
2020-07-21,-0.031631828703116385,-0.037296782505203185,0.04312536485139118,-0.014331659616325154,1.0,1.0,1.0,0.00585,"2317.TW,4904.TW,3045.TW,2002.TW,2207.TW",2020,7,5
2020-07-21,-0.030215402635137674,-0.03402363002952202,0.04312536485139118,-0.014331659616325154,0.6712614775940522,0.6712614775940523,0.6712614775940522,0.003926879643925206,"2317.TW,4904.TW,3045.TW,2002.TW,2207.TW,1216.TW,2883.TW,9910.TW,2615.TW,2912.TW,2881.TW,1301.TW,2882.TW,2891.TW,6669.TW",2020,7,15
2020-07-21,-0.026563424318728414,-0.03225802828646385,0.04312536485139118,-0.014331659616325154,1.0,1.0,1.0,0.00585,"2317.TW,4904.TW,3045.TW",2020,7,3
2020-07-21,-0.028554113511211378,-0.03170945126620961,0.04312536485139118,-0.014331659616325154,0.5552280190952228,0.5552280190952226,0.5552280190952227,0.0032480839117070524,"2317.TW,4904.TW,3045.TW,2002.TW,2207.TW,1216.TW,2883.TW,9910.TW,2615.TW,2912.TW,2881.TW,1301.TW,2882.TW,2891.TW,6669.TW,2618.TW,2885.TW,2345.TW,2412.TW,1590.TW",2020,7,20
2020-07-21,-0.03458006686154683,-0.03967498719971896,0.04312536485139118,-0.014331659616325154,0.9021219923463053,0.9021219923463056,0.9021219923463055,0.005277413655225887,"2317.TW,4904.TW,3045.TW,2002.TW,2207.TW,1216.TW,2883.TW,9910.TW,2615.TW,2912.TW",2020,7,10
2020-07-28,0.02281000227997216,0.019462173000486693,0.012645869099293439,0.02630556008577901,0.5595159492360037,0.5595159492360038,0.5595159492360038,0.003273168303030622,"2345.TW,2207.TW,3017.TW,2327.TW,2618.TW,6669.TW,3711.TW,9910.TW,1102.TW,2615.TW,2317.TW,1303.TW,3231.TW,5876.TW,4904.TW,5871.TW,1326.TW,2609.TW,3034.TW,1301.TW",2020,7,20
2020-07-28,0.019737560463663237,0.01611769991670231,0.012645869099293439,0.02630556008577901,0.6068027742311474,0.6068027742311473,0.6068027742311473,0.003549796229252212,"2345.TW,2207.TW,3017.TW,2327.TW,2618.TW,6669.TW,3711.TW,9910.TW,1102.TW,2615.TW,2317.TW,1303.TW,3231.TW,5876.TW,4904.TW",2020,7,15
2020-07-28,0.02511351386653398,0.020862934702280178,0.012645869099293439,0.02630556008577901,0.7087944106713576,0.7087944106713574,0.7087944106713575,0.004146447302427441,"2345.TW,2207.TW,3017.TW,2327.TW,2618.TW,6669.TW,3711.TW,9910.TW,1102.TW,2615.TW",2020,7,10
2020-07-28,0.021198119157469126,0.015224110160397819,0.012645869099293439,0.02630556008577901,1.0,1.0,1.0,0.00585,"2345.TW,2207.TW,3017.TW",2020,7,3
2020-07-28,0.023707615635332902,0.018871187400165024,0.012645869099293439,0.02630556008577901,0.8075937471133946,0.8075937471133945,0.8075937471133945,0.0047244234206133585,"2345.TW,2207.TW,3017.TW,2327.TW,2618.TW",2020,7,5
2020-08-04,0.037999853818289124,0.03369792971347629,-0.0009605354174948566,0.015630441791377153,0.7084506217831198,0.7084506217831198,0.7084506217831198,0.004144436137431251,"3711.TW,3017.TW,2408.TW,2618.TW,3008.TW,5876.TW,1303.TW,2609.TW,1216.TW,2881.TW",2020,7,10
2020-08-04,-0.015733623257849917,-0.019638489268109627,-0.0009605354174948566,0.015630441791377153,0.6781685111520808,0.678168511152081,0.6781685111520809,0.003967285790239673,"3711.TW,3017.TW,2408.TW",2020,7,3
2020-08-04,0.032560837108534475,0.02847782429957868,-0.0009605354174948566,0.015630441791377153,0.6759416805582814,0.6759416805582817,0.6759416805582816,0.003954258831265948,"3711.TW,3017.TW,2408.TW,2618.TW,3008.TW,5876.TW,1303.TW,2609.TW,1216.TW,2881.TW,3045.TW,2880.TW,1326.TW,2891.TW,1301.TW",2020,7,15
2020-08-04,0.005015593353654334,0.0014397038274671647,-0.0009605354174948566,0.015630441791377153,0.6082126196966466,0.6082126196966469,0.6082126196966468,0.003558043825225384,"3711.TW,3017.TW,2408.TW,2618.TW,3008.TW",2020,7,5
2020-08-04,0.030512119265940763,0.02712953270731977,-0.0009605354174948566,0.015630441791377153,0.561099587031048,0.5610995870310478,0.5610995870310479,0.0032824325841316303,"3711.TW,3017.TW,2408.TW,2618.TW,3008.TW,5876.TW,1303.TW,2609.TW,1216.TW,2881.TW,3045.TW,2880.TW,1326.TW,2891.TW,1301.TW,6669.TW,2357.TW,2883.TW,2912.TW,5880.TW",2020,7,20
2020-08-11,0.014561738994855146,0.010928158634391005,0.009615208747784543,0.025082883255379516,0.6122100056305488,0.6122100056305487,0.6122100056305488,0.0035814285329387103,"2345.TW,3017.TW,3231.TW,2454.TW,2207.TW,6669.TW,2382.TW,2308.TW,2880.TW,3008.TW,2327.TW,3034.TW,2408.TW,2882.TW,2303.TW,3045.TW,2330.TW,2881.TW,2395.TW,3711.TW",2020,7,20
2020-08-11,0.016581203397048192,0.012168826129350885,0.009615208747784543,0.025082883255379516,0.7419500988925116,0.7419500988925117,0.7419500988925116,0.0043404080785211935,"2345.TW,3017.TW,3231.TW,2454.TW,2207.TW,6669.TW,2382.TW,2308.TW,2880.TW,3008.TW,2327.TW,3034.TW,2408.TW,2882.TW,2303.TW",2020,7,15
2020-08-11,0.054394683959898535,0.04946011683896612,0.009615208747784543,0.025082883255379516,0.8,0.7999999999999998,0.7999999999999999,0.004679999999999999,"2345.TW,3017.TW,3231.TW,2454.TW,2207.TW",2020,7,5
2020-08-11,0.03790134561015724,0.033030176384327925,0.009615208747784543,0.025082883255379516,0.8022713369277789,0.8022713369277791,0.802271336927779,0.0046932873210275075,"2345.TW,3017.TW,3231.TW,2454.TW,2207.TW,6669.TW,2382.TW,2308.TW,2880.TW,3008.TW",2020,7,10
2020-08-11,0.12744402237900765,0.12304699069172953,0.009615208747784543,0.025082883255379516,0.6666666666666666,0.6666666666666667,0.6666666666666667,0.0039000000000000003,"2345.TW,3017.TW,3231.TW",2020,7,3
2020-08-18,-0.03445820191933179,-0.03684543992361233,-0.009523701167479803,-0.010256374496783642,0.42263822585182304,0.42263822585182315,0.4226382258518231,0.002472433621233165,"3034.TW,2454.TW,3008.TW,2379.TW,3711.TW,3231.TW,2207.TW,2327.TW,5876.TW,6669.TW,2317.TW,2303.TW,2886.TW,2308.TW,2891.TW,2408.TW,1216.TW,2330.TW,2883.TW,3037.TW",2020,7,20
2020-08-18,-0.03503996714736324,-0.03971754263212701,-0.009523701167479803,-0.010256374496783642,0.8286203839834902,0.8286203839834901,0.8286203839834902,0.004847429246303418,"3034.TW,2454.TW,3008.TW,2379.TW,3711.TW",2020,7,5
2020-08-18,-0.03677853397206804,-0.03918372511209034,-0.009523701167479803,-0.010256374496783642,0.426842423180863,0.4268424231808632,0.4268424231808631,0.0024970281756080495,"3034.TW,2454.TW,3008.TW,2379.TW,3711.TW,3231.TW,2207.TW,2327.TW,5876.TW,6669.TW,2317.TW,2303.TW,2886.TW,2308.TW,2891.TW",2020,7,15
2020-08-18,-0.03658800718919715,-0.0422239673471404,-0.009523701167479803,-0.010256374496783642,1.0,0.9999999999999999,1.0,0.005849999999999999,"3034.TW,2454.TW,3008.TW",2020,7,3
2020-08-18,-0.035200158856500095,-0.03820197049626861,-0.009523701167479803,-0.010256374496783642,0.5318514503734462,0.531851450373446,0.5318514503734462,0.0031113309846846596,"3034.TW,2454.TW,3008.TW,2379.TW,3711.TW,3231.TW,2207.TW,2327.TW,5876.TW,6669.TW",2020,7,10
2020-08-25,-0.002921096637114063,-0.00642385805834178,-0.0033654800218725356,-0.00494022951861663,0.6005168037232025,0.6005168037232025,0.6005168037232025,0.0035130233017807346,"2303.TW,3034.TW,2207.TW,2327.TW,3008.TW",2020,7,5
2020-08-25,-0.003695790428184265,-0.00610322974580102,-0.0033654800218725356,-0.00494022951861663,0.41305465191034946,0.41305465191034973,0.4130546519103496,0.0024163697136755456,"2303.TW,3034.TW,2207.TW,2327.TW,3008.TW,2454.TW,2308.TW,3711.TW,1303.TW,3037.TW,6669.TW,2345.TW,4904.TW,1326.TW,5880.TW",2020,7,15
2020-08-25,-0.011839179362674385,-0.015693006563159972,-0.0033654800218725356,-0.00494022951861663,0.6666666666666666,0.6666666666666667,0.6666666666666667,0.0039000000000000003,"2303.TW,3034.TW,2207.TW",2020,7,3
2020-08-25,-0.0017340782414306593,-0.004150066035311983,-0.0033654800218725356,-0.00494022951861663,0.4137067663773528,0.4137067663773527,0.41370676637735276,0.0024201845833075135,"2303.TW,3034.TW,2207.TW,2327.TW,3008.TW,2454.TW,2308.TW,3711.TW,1303.TW,3037.TW",2020,7,10
2020-08-25,-0.00586594281754943,-0.008849542067109195,-0.0033654800218725356,-0.00494022951861663,0.5130263489636353,0.5130263489636353,0.5130263489636353,0.003001204141437267,"2303.TW,3034.TW,2207.TW,2327.TW,3008.TW,2454.TW,2308.TW,3711.TW,1303.TW,3037.TW,6669.TW,2345.TW,4904.TW,1326.TW,5880.TW,2885.TW,2382.TW,1301.TW,2880.TW,2002.TW",2020,7,20
2020-09-01,-0.01799394655366351,-0.020894740401298906,-0.018330740250406263,-0.016277998754684938,0.5049482072302528,0.504948207230253,0.5049482072302529,0.00295394701229698,"5871.TW,2408.TW,2308.TW,3034.TW,3231.TW,2395.TW,1101.TW,2327.TW,1303.TW,1326.TW,1102.TW,2454.TW,2887.TW,2885.TW,2382.TW,2207.TW,3017.TW,2379.TW,2881.TW,1301.TW",2020,7,20
2020-09-01,-0.004510014355522306,-0.01033363077154259,-0.018330740250406263,-0.016277998754684938,1.0,1.0,1.0,0.00585,"5871.TW,2408.TW,2308.TW",2020,7,3
2020-09-01,-0.01742707232013263,-0.02090613268241548,-0.018330740250406263,-0.016277998754684938,0.6052590665652612,0.6052590665652613,0.6052590665652613,0.0035407655394067783,"5871.TW,2408.TW,2308.TW,3034.TW,3231.TW,2395.TW,1101.TW,2327.TW,1303.TW,1326.TW,1102.TW,2454.TW,2887.TW,2885.TW,2382.TW",2020,7,15
2020-09-01,-0.027263497875834444,-0.03185200574750169,-0.018330740250406263,-0.016277998754684938,0.8063440800569315,0.8063440800569315,0.8063440800569315,0.004717112868333049,"5871.TW,2408.TW,2308.TW,3034.TW,3231.TW",2020,7,5
2020-09-01,-0.015162894009197517,-0.018653271825827544,-0.018330740250406263,-0.016277998754684938,0.6058319462082609,0.6058319462082608,0.6058319462082609,0.0035441168853183255,"5871.TW,2408.TW,2308.TW,3034.TW,3231.TW,2395.TW,1101.TW,2327.TW,1303.TW,1326.TW",2020,7,10
2020-09-08,0.029709448800264642,0.02483385399239313,0.04717429489765457,0.017712094293803177,0.8093885230087049,0.8093885230087049,0.8093885230087049,0.004734922859600923,"2345.TW,2379.TW,6669.TW,2615.TW,3037.TW,2382.TW,3008.TW,3231.TW,1590.TW,3034.TW",2020,7,10
2020-09-08,0.007178684459530996,0.0012866891554426108,0.04717429489765457,0.017712094293803177,1.0,1.0,1.0,0.00585,"2345.TW,2379.TW,6669.TW",2020,7,3
2020-09-08,0.020251272865966043,0.014282802919700188,0.04717429489765457,0.017712094293803177,1.0,1.0,1.0,0.00585,"2345.TW,2379.TW,6669.TW,2615.TW,3037.TW",2020,7,5
2020-09-08,0.01996241160392453,0.016906262905865166,0.04717429489765457,0.017712094293803177,0.5121939543275111,0.5121939543275111,0.5121939543275111,0.0029963346328159405,"2345.TW,2379.TW,6669.TW,2615.TW,3037.TW,2382.TW,3008.TW,3231.TW,1590.TW,3034.TW,3017.TW,2308.TW,2395.TW,2609.TW,5876.TW,2887.TW,2884.TW,1101.TW,3711.TW,2881.TW",2020,7,20
2020-09-08,0.0199792656910468,0.015922820886257627,0.04717429489765457,0.017712094293803177,0.679826925570116,0.679826925570116,0.679826925570116,0.003976987514585179,"2345.TW,2379.TW,6669.TW,2615.TW,3037.TW,2382.TW,3008.TW,3231.TW,1590.TW,3034.TW,3017.TW,2308.TW,2395.TW,2609.TW,5876.TW",2020,7,15
2020-09-15,-0.01347192510068584,-0.016991213953774897,-0.0286251333259816,-0.017120716967423972,0.6098030592755943,0.6098030592755942,0.6098030592755943,0.0035673478967622263,"2379.TW,9910.TW,2615.TW,6669.TW,3231.TW,2603.TW,2395.TW,2609.TW,2345.TW,2618.TW,2408.TW,1326.TW,4904.TW,1216.TW,1101.TW,5871.TW,3045.TW,1102.TW,2885.TW,2912.TW",2020,7,20
2020-09-15,-0.013757557107246764,-0.016713481235187677,-0.0286251333259816,-0.017120716967423972,0.5123346489067386,0.5123346489067386,0.5123346489067386,0.0029971576961044214,"2379.TW,9910.TW,2615.TW,6669.TW,3231.TW,2603.TW,2395.TW,2609.TW,2345.TW,2618.TW",2020,7,10
2020-09-15,-0.013370399836800863,-0.01652111329674777,-0.0286251333259816,-0.017120716967423972,0.5458821601720819,0.5458821601720818,0.5458821601720818,0.003193410637006679,"2379.TW,9910.TW,2615.TW,6669.TW,3231.TW,2603.TW,2395.TW,2609.TW,2345.TW,2618.TW,2408.TW,1326.TW,4904.TW,1216.TW,1101.TW",2020,7,15
2020-09-15,0.0025703953908096776,0.00015814672308445132,-0.0286251333259816,-0.017120716967423972,0.4112930139438269,0.41129301394382684,0.4112930139438269,0.0024060641315713873,"2379.TW,9910.TW,2615.TW,6669.TW,3231.TW",2020,7,5
2020-09-15,0.014260904461124121,0.010285882883855901,-0.0286251333259816,-0.017120716967423972,0.6699369609145159,0.669936960914516,0.669936960914516,0.003919131221349919,"2379.TW,9910.TW,2615.TW",2020,7,3
2020-09-22,-0.013467610399780172,-0.019238824878941463,-0.007246353916538939,-0.00225598163900838,1.0,1.0,1.0,0.00585,"1590.TW,5871.TW,2207.TW,2603.TW,2408.TW",2020,7,5
2020-09-22,-0.000623294443280564,-0.003864995491616674,-0.007246353916538939,-0.00225598163900838,0.5544825372238579,0.554482537223858,0.554482537223858,0.0032437228427595693,"1590.TW,5871.TW,2207.TW,2603.TW,2408.TW,6669.TW,3037.TW,2454.TW,2379.TW,1326.TW,2330.TW,2308.TW,2618.TW,2327.TW,5876.TW,2615.TW,2884.TW,3711.TW,2303.TW,2345.TW",2020,7,20
2020-09-22,-0.013697794658020835,-0.01776906138584744,-0.007246353916538939,-0.00225598163900838,0.7056083081112143,0.7056083081112142,0.7056083081112143,0.0041278086024506035,"1590.TW,5871.TW,2207.TW,2603.TW,2408.TW,6669.TW,3037.TW,2454.TW,2379.TW,1326.TW",2020,7,10
2020-09-22,-0.009706019933209721,-0.013213973034172488,-0.007246353916538939,-0.00225598163900838,0.6055273633878291,0.6055273633878293,0.6055273633878292,0.0035423350758188015,"1590.TW,5871.TW,2207.TW,2603.TW,2408.TW,6669.TW,3037.TW,2454.TW,2379.TW,1326.TW,2330.TW,2308.TW,2618.TW,2327.TW,5876.TW",2020,7,15
2020-09-22,-0.0283111561831579,-0.03399553591948645,-0.007246353916538939,-0.00225598163900838,1.0,1.0,1.0,0.00585,"1590.TW,5871.TW,2207.TW",2020,7,3
2020-09-29,0.10852087834157609,0.10411798198772781,0.03844299442804866,0.02888207995546482,0.6789514478831149,0.6789514478831149,0.6789514478831149,0.003971865970116222,"1590.TW,6669.TW,3037.TW",2020,7,3
2020-09-29,0.03606136256432003,0.03319013904309043,0.03844299442804866,0.02888207995546482,0.47372429593519105,0.47372429593519105,0.47372429593519105,0.002771287131220868,"1590.TW,6669.TW,3037.TW,3711.TW,2603.TW,2357.TW,2618.TW,3231.TW,5876.TW,2379.TW,1216.TW,3008.TW,1301.TW,2330.TW,2395.TW",2020,7,15
2020-09-29,0.04829275444474267,0.045170568289721214,0.03844299442804866,0.02888207995546482,0.5091202174044452,0.5091202174044452,0.5091202174044452,0.002978353271816005,"1590.TW,6669.TW,3037.TW,3711.TW,2603.TW,2357.TW,2618.TW,3231.TW,5876.TW,2379.TW",2020,7,10
2020-09-29,0.09487903940324607,0.09097023930297898,0.03844299442804866,0.02888207995546482,0.6102692016780444,0.6102692016780442,0.6102692016780443,0.0035700748298165587,"1590.TW,6669.TW,3037.TW,3711.TW,2603.TW",2020,7,5
2020-09-29,0.03029750843092357,0.026924582206699688,0.03844299442804866,0.02888207995546482,0.5596136849981366,0.5596136849981367,0.5596136849981366,0.0032737400572390996,"1590.TW,6669.TW,3037.TW,3711.TW,2603.TW,2357.TW,2618.TW,3231.TW,5876.TW,2379.TW,1216.TW,3008.TW,1301.TW,2330.TW,2395.TW,2885.TW,2609.TW,2382.TW,4904.TW,1102.TW",2020,7,20
2020-10-08,-0.006473114728670352,-0.011541535169074302,-0.009840790639664143,-0.01050545470261182,0.87204148103418,0.8720414810341802,0.8720414810341801,0.005101442664049954,"9910.TW,2345.TW,3017.TW,2884.TW,1102.TW,2881.TW,2609.TW,2882.TW,4904.TW,2618.TW,1101.TW,3045.TW,2002.TW,5876.TW,2880.TW",2020,7,15
2020-10-08,-0.0008443124742312793,-0.006131794199841334,-0.009840790639664143,-0.01050545470261182,0.9046068008250324,0.9046068008250325,0.9046068008250325,0.005291949784826441,"9910.TW,2345.TW,3017.TW,2884.TW,1102.TW,2881.TW,2609.TW,2882.TW,4904.TW,2618.TW",2020,7,10
2020-10-08,-0.0025979891125327507,-0.008432790876224394,-0.009840790639664143,-0.01050545470261182,1.0,1.0,1.0,0.00585,"9910.TW,2345.TW,3017.TW,2884.TW,1102.TW",2020,7,5
2020-10-08,-0.007573703236612184,-0.01197066724305429,-0.009840790639664143,-0.01050545470261182,0.7573537514375196,0.7573537514375194,0.7573537514375195,0.004430519445909489,"9910.TW,2345.TW,3017.TW,2884.TW,1102.TW,2881.TW,2609.TW,2882.TW,4904.TW,2618.TW,1101.TW,3045.TW,2002.TW,5876.TW,2880.TW,2412.TW,2886.TW,5880.TW,2891.TW,2615.TW",2020,7,20
2020-10-08,0.0041842232495231295,-0.0016902544564866284,-0.009840790639664143,-0.01050545470261182,1.0,1.0,1.0,0.00585,"9910.TW,2345.TW,3017.TW",2020,7,3
2020-10-16,0.021766961653918986,0.01658660315833349,0.004259317699892851,0.012884845083936907,0.8666666666666666,0.8666666666666668,0.8666666666666667,0.005070000000000001,"6669.TW,2379.TW,3017.TW,3037.TW,3008.TW,2303.TW,2330.TW,2207.TW,2408.TW,2345.TW,2615.TW,3231.TW,2454.TW,1590.TW,2357.TW",2020,7,15
2020-10-16,0.017427959172400587,0.012666396323473883,0.004259317699892851,0.012884845083936907,0.7999999999999999,0.8,0.8,0.00468,"6669.TW,2379.TW,3017.TW,3037.TW,3008.TW,2303.TW,2330.TW,2207.TW,2408.TW,2345.TW",2020,7,10
2020-10-16,0.026107479481787623,0.021305296477812874,0.004259317699892851,0.012884845083936907,0.8,0.8,0.8,0.00468,"6669.TW,2379.TW,3017.TW,3037.TW,3008.TW",2020,7,5
2020-10-16,0.01584317304444142,0.010791892866477859,0.004259317699892851,0.012884845083936907,0.8500000000000002,0.85,0.8500000000000001,0.0049725,"6669.TW,2379.TW,3017.TW,3037.TW,3008.TW,2303.TW,2330.TW,2207.TW,2408.TW,2345.TW,2615.TW,3231.TW,2454.TW,1590.TW,2357.TW,3034.TW,1303.TW,2382.TW,1326.TW,1301.TW",2020,7,20
2020-10-16,0.02270223775691379,0.01871369902966169,0.004259317699892851,0.012884845083936907,0.6666666666666666,0.6666666666666667,0.6666666666666667,0.0039000000000000003,"6669.TW,2379.TW,3017.TW",2020,7,3
2020-10-23,-0.03742298624357272,-0.040317134987920444,-0.02780390924891174,-0.01832744497187191,0.5139602068352029,0.5139602068352027,0.5139602068352028,0.0030066672099859364,"2345.TW,1303.TW,3037.TW,2454.TW,2379.TW,2308.TW,2207.TW,2382.TW,2327.TW,2330.TW",2020,7,10
2020-10-23,-0.050654462713625996,-0.05406350981514452,-0.02780390924891174,-0.01832744497187191,0.613836660508679,0.613836660508679,0.613836660508679,0.0035909444639757723,"2345.TW,1303.TW,3037.TW,2454.TW,2379.TW",2020,7,5
2020-10-23,-0.02582803846019281,-0.02930406037248756,-0.02780390924891174,-0.01832744497187191,0.6099454750681312,0.6099454750681312,0.6099454750681312,0.003568181029148568,"2345.TW,1303.TW,3037.TW,2454.TW,2379.TW,2308.TW,2207.TW,2382.TW,2327.TW,2330.TW,2885.TW,2395.TW,1102.TW,2002.TW,1101.TW,2892.TW,5880.TW,2884.TW,2881.TW,5876.TW",2020,7,20
2020-10-23,-0.07440073237647955,-0.07981548809207717,-0.02780390924891174,-0.01832744497187191,1.0,1.0,1.0,0.00585,"2345.TW,1303.TW,3037.TW",2020,7,3
2020-10-23,-0.028158776478576956,-0.03164037747842541,-0.02780390924891174,-0.01832744497187191,0.6123896122692578,0.6123896122692576,0.6123896122692577,0.0035824792317751576,"2345.TW,1303.TW,3037.TW,2454.TW,2379.TW,2308.TW,2207.TW,2382.TW,2327.TW,2330.TW,2885.TW,2395.TW,1102.TW,2002.TW,1101.TW",2020,7,15
2020-10-30,0.03199988586908945,0.025962686536755264,0.04459538738202662,0.04201832344832563,1.0,0.9999999999999998,0.9999999999999999,0.005849999999999999,"2303.TW,2308.TW,3017.TW",2020,7,3
2020-10-30,0.047405333008012016,0.04242783828304075,0.04459538738202662,0.04201832344832563,0.8123443449507886,0.8123443449507887,0.8123443449507886,0.004752214417962114,"2303.TW,2308.TW,3017.TW,6669.TW,3037.TW,3034.TW,9910.TW,2207.TW,5871.TW,2357.TW,2408.TW,3008.TW,3711.TW,2912.TW,5876.TW",2020,7,15
2020-10-30,0.048504651430796714,0.044450434344718515,0.04459538738202662,0.04201832344832563,0.6609685143285341,0.660968514328534,0.660968514328534,0.0038666658088219244,"2303.TW,2308.TW,3017.TW,6669.TW,3037.TW,3034.TW,9910.TW,2207.TW,5871.TW,2357.TW,2408.TW,3008.TW,3711.TW,2912.TW,5876.TW,2454.TW,2330.TW,5880.TW,2603.TW,2317.TW",2020,7,20
2020-10-30,0.04913657838113677,0.04473765594875423,0.04459538738202662,0.04201832344832563,0.7167346635691101,0.7167346635691102,0.7167346635691101,0.004192897781879295,"2303.TW,2308.TW,3017.TW,6669.TW,3037.TW,3034.TW,9910.TW,2207.TW,5871.TW,2357.TW",2020,7,10
2020-10-30,0.03206352578906327,0.027052147771315038,0.04459538738202662,0.04201832344832563,0.8300320606183327,0.8300320606183326,0.8300320606183327,0.004855687554617245,"2303.TW,2308.TW,3017.TW,6669.TW,3037.TW",2020,7,5
2020-11-06,0.06809413156098443,0.06389975528127612,0.024593721814098357,0.030280163898315733,0.67127735005236,0.6712773500523599,0.6712773500523599,0.003926972497806306,"3017.TW,2912.TW,3037.TW",2020,7,3
2020-11-06,0.04021767667991364,0.0365099001981215,0.024593721814098357,0.030280163898315733,0.6093031870295024,0.6093031870295025,0.6093031870295025,0.0035644236441225896,"3017.TW,2912.TW,3037.TW,3008.TW,2303.TW,2395.TW,1101.TW,4904.TW,1102.TW,2002.TW,1590.TW,2412.TW,2357.TW,2618.TW,2882.TW",2020,7,15
2020-11-06,0.041986513799269154,0.037675494332162884,0.024593721814098357,0.030280163898315733,0.7072321905075504,0.7072321905075502,0.7072321905075503,0.004137308314469169,"3017.TW,2912.TW,3037.TW,3008.TW,2303.TW,2395.TW,1101.TW,4904.TW,1102.TW,2002.TW,1590.TW,2412.TW,2357.TW,2618.TW,2882.TW,3231.TW,1301.TW,2327.TW,1216.TW,2883.TW",2020,7,20
2020-11-06,0.043419596293152604,0.03909625998100874,0.024593721814098357,0.030280163898315733,0.7082786741356776,0.7082786741356777,0.7082786741356777,0.0041434302436937145,"3017.TW,2912.TW,3037.TW,3008.TW,2303.TW,2395.TW,1101.TW,4904.TW,1102.TW,2002.TW",2020,7,10
2020-11-06,0.05427055583693612,0.05176097214744191,0.024593721814098357,0.030280163898315733,0.4069056680903255,0.40690566809032536,0.40690566809032547,0.0023803981583284035,"3017.TW,2912.TW,3037.TW,3008.TW,2303.TW",2020,7,5
2020-11-13,0.043109546599282816,0.0388072974553908,0.03849641824394068,0.028497233596393837,0.7050335283400508,0.7050335283400504,0.7050335283400506,0.0041244461407892955,"6669.TW,2609.TW,2454.TW,2382.TW,2615.TW,3045.TW,3711.TW,2883.TW,2395.TW,2885.TW,4904.TW,2412.TW,2603.TW,9910.TW,1590.TW,2317.TW,5871.TW,2618.TW,2887.TW,2308.TW",2020,7,20
2020-11-13,0.07585213932997834,0.06955840431489779,0.03849641824394068,0.028497233596393837,1.0,0.9999999999999999,1.0,0.005849999999999999,"6669.TW,2609.TW,2454.TW,2382.TW,2615.TW",2020,7,5
2020-11-13,0.042901975747746755,0.03680099918962232,0.03849641824394068,0.028497233596393837,1.0,0.9999999999999999,1.0,0.005849999999999999,"6669.TW,2609.TW,2454.TW",2020,7,3
2020-11-13,0.051531432330135726,0.04599412858666385,0.03849641824394068,0.028497233596393837,0.9001610597214571,0.9001610597214571,0.9001610597214571,0.0052659421993705244,"6669.TW,2609.TW,2454.TW,2382.TW,2615.TW,3045.TW,3711.TW,2883.TW,2395.TW,2885.TW",2020,7,10
2020-11-13,0.04682465362331175,0.04230737948010099,0.03849641824394068,0.028497233596393837,0.7376437033187281,0.7376437033187281,0.7376437033187281,0.00431521566441456,"6669.TW,2609.TW,2454.TW,2382.TW,2615.TW,3045.TW,3711.TW,2883.TW,2395.TW,2885.TW,4904.TW,2412.TW,2603.TW,9910.TW,1590.TW",2020,7,15
2020-11-20,0.005516422947158987,0.0018930169716122602,0.0013084628591841785,0.014101460781307204,0.6159875887757001,0.6159875887757003,0.6159875887757003,0.0036035273943378463,"2884.TW,6669.TW,3008.TW,2357.TW,4904.TW,5871.TW,5880.TW,2883.TW,2412.TW,2881.TW,2609.TW,2880.TW,3045.TW,3017.TW,3231.TW",2020,7,15
2020-11-20,-0.00501455628625654,-0.008966714251128605,0.0013084628591841785,0.014101460781307204,0.6789873785250602,0.6789873785250602,0.6789873785250602,0.003972076164371602,"2884.TW,6669.TW,3008.TW",2020,7,3
2020-11-20,0.004232575468762151,0.0009147014528778641,0.0013084628591841785,0.014101460781307204,0.5647675302391671,0.5647675302391671,0.5647675302391671,0.003303890051899128,"2884.TW,6669.TW,3008.TW,2357.TW,4904.TW,5871.TW,5880.TW,2883.TW,2412.TW,2881.TW,2609.TW,2880.TW,3045.TW,3017.TW,3231.TW,2891.TW,2317.TW,2892.TW,2887.TW,1101.TW",2020,7,20
2020-11-20,-0.0004218866882768073,-0.005177634299461831,0.0013084628591841785,0.014101460781307204,0.813291426430768,0.8132914264307678,0.8132914264307679,0.0047577548446199915,"2884.TW,6669.TW,3008.TW,2357.TW,4904.TW",2020,7,5
2020-11-20,0.001366500244851587,-0.0033774520697579247,0.0013084628591841785,0.014101460781307204,0.8098253929935394,0.8098253929935392,0.8098253929935393,0.0047374785490122044,"2884.TW,6669.TW,3008.TW,2357.TW,4904.TW,5871.TW,5880.TW,2883.TW,2412.TW,2881.TW",2020,7,10
2020-11-27,0.0004397775751828316,-0.004269982813339346,0.03222988706753438,0.013076447527328472,0.8047333422232975,0.8047333422232974,0.8047333422232974,0.00470769005200629,"5871.TW,2207.TW,2454.TW,1216.TW,3017.TW,3008.TW,2618.TW,2379.TW,2886.TW,5876.TW",2020,7,10
2020-11-27,0.0020188058034481243,-0.0019271886433939178,0.03222988706753438,0.013076447527328472,0.673169965838387,0.673169965838387,0.673169965838387,0.0039380443001545634,"5871.TW,2207.TW,2454.TW,1216.TW,3017.TW,3008.TW,2618.TW,2379.TW,2886.TW,5876.TW,5880.TW,2880.TW,2892.TW,9910.TW,1301.TW",2020,7,15
2020-11-27,-0.018548291776534366,-0.02428978426964168,0.03222988706753438,0.013076447527328472,1.0,1.0,1.0,0.00585,"5871.TW,2207.TW,2454.TW,1216.TW,3017.TW",2020,7,5
2020-11-27,0.0005073712343287742,-0.0024572953491429628,0.03222988706753438,0.013076447527328472,0.5065236170464924,0.5065236170464921,0.5065236170464922,0.002963163159721979,"5871.TW,2207.TW,2454.TW,1216.TW,3017.TW,3008.TW,2618.TW,2379.TW,2886.TW,5876.TW,5880.TW,2880.TW,2892.TW,9910.TW,1301.TW,3045.TW,2884.TW,6669.TW,2412.TW,1326.TW",2020,7,20
2020-11-27,-0.013817761123229891,-0.019586927220659023,0.03222988706753438,0.013076447527328472,1.0,1.0,1.0,0.00585,"5871.TW,2207.TW,2454.TW",2020,7,3
2020-12-04,0.02296487553134605,0.018737776844256482,0.001265940359533868,0.004654656652179112,0.7063595138364254,0.7063595138364255,0.7063595138364254,0.004132203155943089,"3037.TW,3017.TW,2615.TW,2609.TW,2603.TW,6669.TW,2618.TW,2887.TW,2454.TW,3045.TW",2020,7,10
2020-12-04,0.012694245212567016,0.01029080090332557,0.001265940359533868,0.004654656652179112,0.40569518688306866,0.4056951868830686,0.4056951868830686,0.0023733168432659513,"3037.TW,3017.TW,2615.TW,2609.TW,2603.TW,6669.TW,2618.TW,2887.TW,2454.TW,3045.TW,4904.TW,2892.TW,2886.TW,2884.TW,1590.TW,2880.TW,5871.TW,2345.TW,2412.TW,5880.TW",2020,7,20
2020-12-04,0.044807292400182976,0.03987305866211299,0.001265940359533868,0.004654656652179112,0.8072864391162802,0.8072864391162802,0.8072864391162802,0.004722625668830239,"3037.TW,3017.TW,2615.TW,2609.TW,2603.TW",2020,7,5
2020-12-04,0.01662223703161348,0.012629388450380086,0.001265940359533868,0.004654656652179112,0.6713784079789507,0.6713784079789504,0.6713784079789505,0.003927563686676861,"3037.TW,3017.TW,2615.TW,2609.TW,2603.TW,6669.TW,2618.TW,2887.TW,2454.TW,3045.TW,4904.TW,2892.TW,2886.TW,2884.TW,1590.TW",2020,7,15
2020-12-04,0.0007583165264575618,-0.005096119625222273,0.001265940359533868,0.004654656652179112,1.0,1.0,1.0,0.00585,"3037.TW,3017.TW,2615.TW",2020,7,3
2020-12-11,0.04052297275325397,0.037234090218330795,-0.0033714720599301584,0.012841498065246879,0.5403072853204823,0.5403072853204824,0.5403072853204824,0.0031607976191248225,"3008.TW,3017.TW,2454.TW,3037.TW,2618.TW,2615.TW,2357.TW,2303.TW,5871.TW,2408.TW,1102.TW,2609.TW,3711.TW,1101.TW,2603.TW",2020,7,15
2020-12-11,0.007588975441333368,0.003921553269316647,-0.0033714720599301584,0.012841498065246879,0.6221880035157301,0.6221880035157301,0.6221880035157301,0.0036397998205670214,"3008.TW,3017.TW,2454.TW,3037.TW,2618.TW",2020,7,5
2020-12-11,0.021540830428497162,0.018475875342199855,-0.0033714720599301584,0.012841498065246879,0.5128761678139157,0.5128761678139157,0.5128761678139157,0.0030003255817114068,"3008.TW,3017.TW,2454.TW,3037.TW,2618.TW,2615.TW,2357.TW,2303.TW,5871.TW,2408.TW",2020,7,10
2020-12-11,-0.018469655377874927,-0.022363360795144338,-0.0033714720599301584,0.012841498065246879,0.67811522411459,0.67811522411459,0.67811522411459,0.003966974061070352,"3008.TW,3017.TW,2454.TW",2020,7,3
2020-12-11,0.030131347246496923,0.026765664965813007,-0.0033714720599301584,0.012841498065246879,0.5585018900048646,0.5585018900048646,0.5585018900048646,0.003267236056528458,"3008.TW,3017.TW,2454.TW,3037.TW,2618.TW,2615.TW,2357.TW,2303.TW,5871.TW,2408.TW,1102.TW,2609.TW,3711.TW,1101.TW,2603.TW,2207.TW,1326.TW,1216.TW,3034.TW,2880.TW",2020,7,20
2020-12-18,0.011666166094788051,0.008310549058851313,0.006765402022796296,0.015639399152256324,0.566995090828258,0.5669950908282577,0.5669950908282579,0.003316921281345308,"9910.TW,2207.TW,1303.TW,2327.TW,3231.TW,2881.TW,3008.TW,1301.TW,3017.TW,1326.TW,1102.TW,2883.TW,2885.TW,4904.TW,2882.TW,2408.TW,2880.TW,2891.TW,2303.TW,2454.TW",2020,7,20
2020-12-18,0.020862112124043607,0.014890068768117937,0.006765402022796296,0.015639399152256324,1.0,1.0,1.0,0.00585,"9910.TW,2207.TW,1303.TW,2327.TW,3231.TW",2020,7,5
2020-12-18,0.011767695179109005,0.006965406214007208,0.006765402022796296,0.015639399152256324,0.8113563029439,0.8113563029439,0.8113563029439,0.004746434372221816,"9910.TW,2207.TW,1303.TW,2327.TW,3231.TW,2881.TW,3008.TW,1301.TW,3017.TW,1326.TW,1102.TW,2883.TW,2885.TW,4904.TW,2882.TW",2020,7,15
2020-12-18,0.008875701361393854,0.0029737785084296142,0.006765402022796296,0.015639399152256324,1.0,1.0,1.0,0.00585,"9910.TW,2207.TW,1303.TW",2020,7,3
2020-12-18,0.015846085548434762,0.01104122200423685,0.006765402022796296,0.015639399152256324,0.808532126346666,0.8085321263466658,0.8085321263466659,0.004729912939127995,"9910.TW,2207.TW,1303.TW,2327.TW,3231.TW,2881.TW,3008.TW,1301.TW,3017.TW,1326.TW",2020,7,10
2020-12-25,0.028503806296497607,0.02407631656396081,0.04325926456261464,0.03778218859594235,0.7358610119693669,0.735861011969367,0.7358610119693669,0.004304786920020797,"2395.TW,2618.TW,3037.TW,5871.TW,9910.TW,1590.TW,3017.TW,2207.TW,2002.TW,2408.TW,6669.TW,3008.TW,2357.TW,2886.TW,2345.TW",2020,7,15
2020-12-25,0.049762556607147346,0.04362144565099557,0.04325926456261464,0.03778218859594235,1.0,1.0000000000000002,1.0,0.005850000000000001,"2395.TW,2618.TW,3037.TW",2020,7,3
2020-12-25,0.03971224979763481,0.03482153711991609,0.04325926456261464,0.03778218859594235,0.8040871513355907,0.8040871513355907,0.8040871513355907,0.004703909835313206,"2395.TW,2618.TW,3037.TW,5871.TW,9910.TW",2020,7,5
2020-12-25,0.03329939403237932,0.02904772664009636,0.04325926456261464,0.03778218859594235,0.7033593119428987,0.7033593119428988,0.7033593119428987,0.0041146519748659575,"2395.TW,2618.TW,3037.TW,5871.TW,9910.TW,1590.TW,3017.TW,2207.TW,2002.TW,2408.TW",2020,7,10
2020-12-25,0.02610915333921647,0.021878409062064064,0.04325926456261464,0.03778218859594235,0.7048023571245631,0.7048023571245629,0.704802357124563,0.004123093789178692,"2395.TW,2618.TW,3037.TW,5871.TW,9910.TW,1590.TW,3017.TW,2207.TW,2002.TW,2408.TW,6669.TW,3008.TW,2357.TW,2886.TW,2345.TW,2881.TW,5876.TW,2887.TW,2412.TW,2912.TW",2020,7,20
2021-01-04,0.008336694532927543,0.006899814743217991,0.06521722879637837,0.02663752174903351,0.9999999999999999,0.0,0.49999999999999994,0.0014249999999999998,"2303.TW,2345.TW,2618.TW,2379.TW,2609.TW,3034.TW,6669.TW,1303.TW,2603.TW,3017.TW,1301.TW,2395.TW,9910.TW,2615.TW,3037.TW",2021,7,15
2021-01-04,0.003939491600383475,0.002508877824852762,0.06521722879637837,0.02663752174903351,1.0,0.0,0.5,0.001425,"2303.TW,2345.TW,2618.TW,2379.TW,2609.TW",2021,7,5
2021-01-04,0.021652784797319236,0.020196929578983003,0.06521722879637837,0.02663752174903351,1.0000000000000002,0.0,0.5000000000000001,0.0014250000000000003,"2303.TW,2345.TW,2618.TW,2379.TW,2609.TW,3034.TW,6669.TW,1303.TW,2603.TW,3017.TW,1301.TW,2395.TW,9910.TW,2615.TW,3037.TW,2308.TW,1102.TW,3045.TW,2317.TW,2885.TW",2021,7,20
2021-01-04,0.014226414081599881,0.01278114144153375,0.06521722879637837,0.02663752174903351,0.9999999999999999,0.0,0.49999999999999994,0.0014249999999999998,"2303.TW,2345.TW,2618.TW,2379.TW,2609.TW,3034.TW,6669.TW,1303.TW,2603.TW,3017.TW",2021,7,10
2021-01-04,0.022700063140925316,0.021242715550949587,0.06521722879637837,0.02663752174903351,1.0,0.0,0.5,0.001425,"2303.TW,2345.TW,2618.TW",2021,7,3
2021-01-11,0.026334887013910735,0.02131874589053795,0.021919918005930406,-0.010125146243281575,0.8354583206112123,0.8354583206112123,0.8354583206112123,0.004887431175575592,"6669.TW,2408.TW,3008.TW,3017.TW,2609.TW",2021,7,5
2021-01-11,0.002317385569801478,-0.0009219955843486893,0.021919918005930406,-0.010125146243281575,0.5524601051552345,0.5524601051552346,0.5524601051552345,0.003231891615158122,"6669.TW,2408.TW,3008.TW,3017.TW,2609.TW,2618.TW,2317.TW,2308.TW,1590.TW,2882.TW,2603.TW,9910.TW,2207.TW,3034.TW,2454.TW",2021,7,15
2021-01-11,-0.005607762369875031,-0.008355981797397827,0.021919918005930406,-0.010125146243281575,0.47243037600679555,0.4724303760067957,0.4724303760067956,0.002763717699639755,"6669.TW,2408.TW,3008.TW,3017.TW,2609.TW,2618.TW,2317.TW,2308.TW,1590.TW,2882.TW,2603.TW,9910.TW,2207.TW,3034.TW,2454.TW,2357.TW,2330.TW,2615.TW,2885.TW,2883.TW",2021,7,20
2021-01-11,0.005328759304778052,-0.000552413937154772,0.021919918005930406,-0.010125146243281575,1.0,1.0,1.0,0.00585,"6669.TW,2408.TW,3008.TW",2021,7,3
2021-01-11,0.01824178492801053,0.014533070966325612,0.021919918005930406,-0.010125146243281575,0.6226106686669234,0.6226106686669235,0.6226106686669235,0.003642272411701502,"6669.TW,2408.TW,3008.TW,3017.TW,2609.TW,2618.TW,2317.TW,2308.TW,1590.TW,2882.TW",2021,7,10
2021-01-18,0.0015397775345038613,-0.0026996159298935396,0.0244386819556226,0.002404965969859707,0.7235685089519741,0.723568508951974,0.7235685089519741,0.004232875777369048,"2603.TW,3037.TW,2308.TW,3008.TW,2408.TW,1301.TW,2002.TW,1326.TW,2382.TW,1101.TW",2021,7,10
2021-01-18,0.002458517051794491,-0.000283398000003654,0.0244386819556226,0.002404965969859707,0.46755393832779946,0.46755393832779946,0.46755393832779946,0.002735190539217627,"2603.TW,3037.TW,2308.TW,3008.TW,2408.TW,1301.TW,2002.TW,1326.TW,2382.TW,1101.TW,2454.TW,2882.TW,1590.TW,3034.TW,2609.TW,3231.TW,3017.TW,5880.TW,2317.TW,1102.TW",2021,7,20
2021-01-18,0.004130048714587507,0.0016283463195454484,0.0244386819556226,0.002404965969859707,0.4258825194976934,0.42588251949769357,0.4258825194976935,0.002491412739061507,"2603.TW,3037.TW,2308.TW,3008.TW,2408.TW,1301.TW,2002.TW,1326.TW,2382.TW,1101.TW,2454.TW,2882.TW,1590.TW,3034.TW,2609.TW",2021,7,15
2021-01-18,0.009833682788288091,0.006102836037096937,0.0244386819556226,0.002404965969859707,0.6315412055174083,0.6315412055174083,0.6315412055174083,0.003694516052276839,"2603.TW,3037.TW,2308.TW,3008.TW,2408.TW",2021,7,5
2021-01-18,0.000719383376331189,-0.0051348250164202636,0.0244386819556226,0.002404965969859707,1.0,1.0,1.0,0.00585,"2603.TW,3037.TW,2308.TW",2021,7,3
2021-01-25,-0.039994610996056196,-0.045049039369161936,-0.022500860818704504,-0.032713424203836355,0.8999999999999999,0.9000000000000001,0.9,0.005265000000000001,"3037.TW,3711.TW,2330.TW,2207.TW,5876.TW,1590.TW,6669.TW,3017.TW,2618.TW,2395.TW",2021,7,10
2021-01-25,-0.03736062109018873,-0.041490344025711834,-0.022500860818704504,-0.032713424203836355,0.7333333333333333,0.7333333333333332,0.7333333333333332,0.004289999999999999,"3037.TW,3711.TW,2330.TW,2207.TW,5876.TW,1590.TW,6669.TW,3017.TW,2618.TW,2395.TW,2454.TW,3034.TW,9910.TW,2317.TW,2379.TW",2021,7,15
2021-01-25,-0.03719688679684597,-0.040606936941730676,-0.022500860818704504,-0.032713424203836355,0.6054348461149499,0.6054348461149498,0.6054348461149499,0.0035417938497724565,"3037.TW,3711.TW,2330.TW,2207.TW,5876.TW,1590.TW,6669.TW,3017.TW,2618.TW,2395.TW,2454.TW,3034.TW,9910.TW,2317.TW,2379.TW,2884.TW,1102.TW,2327.TW,1101.TW,2303.TW",2021,7,20
2021-01-25,-0.046086662943790116,-0.05055607741410084,-0.022500860818704504,-0.032713424203836355,0.8009139236013751,0.8009139236013751,0.8009139236013751,0.004685346453068045,"3037.TW,3711.TW,2330.TW,2207.TW,5876.TW",2021,7,5
2021-01-25,-0.052093331467090824,-0.05579016747436916,-0.022500860818704504,-0.032713424203836355,0.6666666666666666,0.6666666666666667,0.6666666666666667,0.0039000000000000003,"3037.TW,3711.TW,2330.TW",2021,7,3
2021-02-01,0.1206403788936338,0.11408463267710611,0.060754530887575875,0.053672993656204974,1.0,1.0,1.0,0.00585,"1590.TW,2327.TW,2615.TW,2609.TW,2603.TW",2021,7,5
2021-02-01,0.07704478157629248,0.07252303642378011,0.060754530887575875,0.053672993656204974,0.7176562224154963,0.7176562224154963,0.7176562224154963,0.004198288901130653,"1590.TW,2327.TW,2615.TW,2609.TW,2603.TW,3037.TW,3017.TW,2317.TW,3231.TW,2303.TW",2021,7,10
2021-02-01,0.06758634685108421,0.06416310264443648,0.060754530887575875,0.053672993656204974,0.5481242351780804,0.5481242351780804,0.5481242351780804,0.0032065267757917706,"1590.TW,2327.TW,2615.TW,2609.TW,2603.TW,3037.TW,3017.TW,2317.TW,3231.TW,2303.TW,5871.TW,3008.TW,2395.TW,2207.TW,9910.TW",2021,7,15
2021-02-01,0.06014494121835636,0.05694392976814511,0.060754530887575875,0.053672993656204974,0.5161383346806455,0.5161383346806453,0.5161383346806454,0.003019409257881775,"1590.TW,2327.TW,2615.TW,2609.TW,2603.TW,3037.TW,3017.TW,2317.TW,3231.TW,2303.TW,5871.TW,3008.TW,2395.TW,2207.TW,9910.TW,2357.TW,1303.TW,2345.TW,6669.TW,1326.TW",2021,7,20
2021-02-01,0.059476541389026055,0.0532786036219004,0.060754530887575875,0.053672993656204974,1.0,1.0,1.0,0.00585,"1590.TW,2327.TW,2615.TW",2021,7,3
2021-02-17,0.011075900342988488,0.006258730208490659,-0.01921023263374877,0.023582221587584596,0.814427369853846,0.814427369853846,0.814427369853846,0.004764400113644999,"2345.TW,9910.TW,1590.TW,3045.TW,2412.TW",2021,7,5
2021-02-17,0.007072816867220856,0.0017502062941314733,-0.01921023263374877,0.023582221587584596,0.9034579684537734,0.9034579684537736,0.9034579684537735,0.005285229115454575,"2345.TW,9910.TW,1590.TW,3045.TW,2412.TW,4904.TW,1102.TW,6669.TW,2912.TW,2892.TW",2021,7,10
2021-02-17,0.0072111409869988555,0.0032982717922085403,-0.01921023263374877,0.023582221587584596,0.6640777705939056,0.6640777705939056,0.6640777705939056,0.003884854957974348,"2345.TW,9910.TW,1590.TW,3045.TW,2412.TW,4904.TW,1102.TW,6669.TW,2912.TW,2892.TW,2207.TW,2454.TW,3034.TW,2317.TW,2886.TW,2891.TW,2379.TW,1216.TW,5880.TW,2357.TW",2021,7,20
2021-02-17,0.007985303447838578,0.004017657972511968,-0.01921023263374877,0.023582221587584596,0.6728570282348612,0.6728570282348609,0.672857028234861,0.003936213615173937,"2345.TW,9910.TW,1590.TW",2021,7,3
2021-02-17,0.004025994456475269,-0.00035732226075368967,-0.01921023263374877,0.023582221587584596,0.7462803882220738,0.7462803882220737,0.7462803882220737,0.004365740271099131,"2345.TW,9910.TW,1590.TW,3045.TW,2412.TW,4904.TW,1102.TW,6669.TW,2912.TW,2892.TW,2207.TW,2454.TW,3034.TW,2317.TW,2886.TW",2021,7,15
2021-02-24,-0.06498001477336514,-0.0686048805733438,-0.0565829651776284,-0.03791864958283428,0.662697257035991,0.662697257035991,0.662697257035991,0.0038767789536605477,"2327.TW,2308.TW,3711.TW,1590.TW,2303.TW,2603.TW,6669.TW,2345.TW,2454.TW,2330.TW,3017.TW,2395.TW,2379.TW,2382.TW,3034.TW,2317.TW,2408.TW,3008.TW,2618.TW,2615.TW",2021,7,20
2021-02-24,-0.0993384843504086,-0.10361000465239523,-0.0565829651776284,-0.03791864958283428,0.810709015438932,0.810709015438932,0.810709015438932,0.004742647740317752,"2327.TW,2308.TW,3711.TW,1590.TW,2303.TW",2021,7,5
2021-02-24,-0.08465118733804433,-0.09000597789211684,-0.0565829651776284,-0.03791864958283428,1.0,0.9999999999999999,1.0,0.005849999999999999,"2327.TW,2308.TW,3711.TW",2021,7,3
2021-02-24,-0.07526961574783764,-0.07912104779846751,-0.0565829651776284,-0.03791864958283428,0.7119528722218244,0.7119528722218244,0.7119528722218244,0.004164924302497672,"2327.TW,2308.TW,3711.TW,1590.TW,2303.TW,2603.TW,6669.TW,2345.TW,2454.TW,2330.TW",2021,7,10
2021-02-24,-0.0698155475390078,-0.0735069137113622,-0.0565829651776284,-0.03791864958283428,0.6783630524414558,0.6783630524414558,0.6783630524414558,0.003968423856782516,"2327.TW,2308.TW,3711.TW,1590.TW,2303.TW,2603.TW,6669.TW,2345.TW,2454.TW,2330.TW,3017.TW,2395.TW,2379.TW,2382.TW,3034.TW",2021,7,15
2021-03-04,0.04759816843428727,0.045963286809150405,0.03998440115631108,0.04227954129609888,0.26676921828291533,0.26676921828291544,0.2667692182829154,0.0015605999269550554,"3711.TW,1303.TW,1590.TW,3034.TW,2615.TW,2395.TW,2454.TW,2379.TW,2207.TW,2303.TW,2308.TW,2408.TW,2345.TW,2327.TW,2330.TW,5871.TW,2609.TW,3008.TW,2618.TW,5876.TW",2021,7,20
2021-03-04,0.06005683870497595,0.05592261703402657,0.03998440115631108,0.04227954129609888,0.6666666666666666,0.6666666666666667,0.6666666666666667,0.0039000000000000003,"3711.TW,1303.TW,1590.TW",2021,7,3
2021-03-04,0.04015856873197908,0.03644507252512286,0.03998440115631108,0.04227954129609888,0.6102777936632318,0.6102777936632318,0.6102777936632318,0.003570125092929906,"3711.TW,1303.TW,1590.TW,3034.TW,2615.TW,2395.TW,2454.TW,2379.TW,2207.TW,2303.TW",2021,7,10
2021-03-04,0.06149127891611977,0.057765444527124066,0.03998440115631108,0.04227954129609888,0.6000000000000001,0.5999999999999999,0.6,0.0035099999999999997,"3711.TW,1303.TW,1590.TW,3034.TW,2615.TW",2021,7,5
2021-03-04,0.03838761081862494,0.03667587637868053,0.03998440115631108,0.04227954129609888,0.2817870463011317,0.28178704630113194,0.2817870463011318,0.0016484542208616215,"3711.TW,1303.TW,1590.TW,3034.TW,2615.TW,2395.TW,2454.TW,2379.TW,2207.TW,2303.TW,2308.TW,2408.TW,2345.TW,2327.TW,2330.TW",2021,7,15
2021-03-11,0.03892282251576864,0.032845124004051485,-0.013308693333497601,0.004884229266329181,1.0,1.0,1.0,0.00585,"2395.TW,2609.TW,2603.TW,2883.TW,2345.TW",2021,7,5
2021-03-11,0.047744493491494636,0.04161518820456922,-0.013308693333497601,0.004884229266329181,1.0,1.0,1.0,0.00585,"2395.TW,2609.TW,2603.TW",2021,7,3
2021-03-11,0.005356923169429312,0.0010195521036833188,-0.013308693333497601,0.004884229266329181,0.7374803259644097,0.73748032596441,0.7374803259644098,0.004314259906891799,"2395.TW,2609.TW,2603.TW,2883.TW,2345.TW,1301.TW,2891.TW,1326.TW,2882.TW,1303.TW,2881.TW,2615.TW,5876.TW,2002.TW,2886.TW",2021,7,15
2021-03-11,0.006348608004560429,0.0030832792187820424,-0.013308693333497601,0.004884229266329181,0.5546545763337444,0.5546545763337443,0.5546545763337443,0.003244729271552404,"2395.TW,2609.TW,2603.TW,2883.TW,2345.TW,1301.TW,2891.TW,1326.TW,2882.TW,1303.TW,2881.TW,2615.TW,5876.TW,2002.TW,2886.TW,3008.TW,2884.TW,3034.TW,1590.TW,5880.TW",2021,7,20
2021-03-11,0.007347837955868174,0.002605136191654145,-0.013308693333497601,0.004884229266329181,0.8048046759480262,0.8048046759480262,0.8048046759480262,0.004708107354295953,"2395.TW,2609.TW,2603.TW,2883.TW,2345.TW,1301.TW,2891.TW,1326.TW,2882.TW,1303.TW",2021,7,10
2021-03-18,0.018102339529584368,0.014476541010286725,-0.002997206673186814,0.009884103846851757,0.6087743781923942,0.6087743781923943,0.6087743781923942,0.003561330112425507,"2327.TW,2345.TW,2303.TW,2618.TW,6669.TW,5871.TW,2883.TW,5876.TW,2882.TW,1301.TW",2021,7,10
2021-03-18,0.029602014433716163,0.023578842649278897,-0.002997206673186814,0.009884103846851757,1.0,1.0,1.0,0.00585,"2327.TW,2345.TW,2303.TW",2021,7,3
2021-03-18,0.011649989409107693,0.008445189579430634,-0.002997206673186814,0.009884103846851757,0.5415203246668592,0.5415203246668593,0.5415203246668592,0.003167893899301127,"2327.TW,2345.TW,2303.TW,2618.TW,6669.TW,5871.TW,2883.TW,5876.TW,2882.TW,1301.TW,2207.TW,2609.TW,3231.TW,9910.TW,1303.TW",2021,7,15
2021-03-18,0.01610146336019437,0.012784179214589075,-0.002997206673186814,0.009884103846851757,0.5580713534568398,0.55807135345684,0.5580713534568399,0.003264717417722514,"2327.TW,2345.TW,2303.TW,2618.TW,6669.TW,5871.TW,2883.TW,5876.TW,2882.TW,1301.TW,2207.TW,2609.TW,3231.TW,9910.TW,1303.TW,2881.TW,2330.TW,1102.TW,2886.TW,2454.TW",2021,7,20
2021-03-18,0.011749651162089168,0.007012679155763202,-0.002997206673186814,0.009884103846851757,0.8003351457251413,0.8003351457251412,0.8003351457251413,0.004681960602492076,"2327.TW,2345.TW,2303.TW,2618.TW,6669.TW",2021,7,5
2021-03-25,0.09264641244186868,0.08687883321046597,0.034949144184671876,0.03738142941146509,0.9023147548012642,0.9023147548012643,0.9023147548012642,0.005278541315587396,"3231.TW,2615.TW,9910.TW,2603.TW,3037.TW,3711.TW,2327.TW,2609.TW,2317.TW,2330.TW",2021,7,10
2021-03-25,0.07738323155234755,0.07312545576671714,0.034949144184671876,0.03738142941146509,0.6755487734590611,0.675548773459061,0.6755487734590611,0.003951960324735507,"3231.TW,2615.TW,9910.TW,2603.TW,3037.TW,3711.TW,2327.TW,2609.TW,2317.TW,2330.TW,2408.TW,2618.TW,2308.TW,2357.TW,2382.TW",2021,7,15
2021-03-25,0.06596993601382306,0.0597340118881422,0.034949144184671876,0.03738142941146509,1.0,1.0,1.0,0.00585,"3231.TW,2615.TW,9910.TW",2021,7,3
2021-03-25,0.0559963917021983,0.05253640812846627,0.034949144184671876,0.03738142941146509,0.5600873148729137,0.5600873148729137,0.5600873148729137,0.0032765107920065453,"3231.TW,2615.TW,9910.TW,2603.TW,3037.TW,3711.TW,2327.TW,2609.TW,2317.TW,2330.TW,2408.TW,2618.TW,2308.TW,2357.TW,2382.TW,2207.TW,1102.TW,3008.TW,2883.TW,1101.TW",2021,7,20
2021-03-25,0.08995146838907075,0.08357525229899476,0.034949144184671876,0.03738142941146509,1.0,1.0,1.0,0.00585,"3231.TW,2615.TW,9910.TW,2603.TW,3037.TW",2021,7,5
2021-04-01,-0.005147560467507839,-0.010967447238772965,-0.0025416238002026192,0.018027635170119044,1.0,1.0,1.0,0.00585,"2317.TW,3017.TW,3008.TW,2345.TW,1102.TW",2021,7,5
2021-04-01,0.003278037485105023,-0.0025911390341827323,-0.0025416238002026192,0.018027635170119044,1.0,1.0,1.0,0.00585,"2317.TW,3017.TW,3008.TW",2021,7,3
2021-04-01,0.0012644855501249583,-0.0023275814015041307,-0.0025416238002026192,0.018027635170119044,0.6132530890703065,0.6132530890703064,0.6132530890703065,0.003587530571061293,"2317.TW,3017.TW,3008.TW,2345.TW,1102.TW,2379.TW,3034.TW,2615.TW,2327.TW,5871.TW,2454.TW,2357.TW,2609.TW,2382.TW,2395.TW",2021,7,15
2021-04-01,0.009021551419766394,0.004796445576827457,-0.0025416238002026192,0.018027635170119044,0.7157828433060298,0.7157828433060301,0.71578284330603,0.004187329633340276,"2317.TW,3017.TW,3008.TW,2345.TW,1102.TW,2379.TW,3034.TW,2615.TW,2327.TW,5871.TW",2021,7,10
2021-04-01,0.014652119189353387,0.012146752406109185,-0.0025416238002026192,0.018027635170119044,0.4220834097678139,0.42208340976781406,0.422083409767814,0.0024691879471417117,"2317.TW,3017.TW,3008.TW,2345.TW,1102.TW,2379.TW,3034.TW,2615.TW,2327.TW,5871.TW,2454.TW,2357.TW,2609.TW,2382.TW,2395.TW,2603.TW,2882.TW,2207.TW,1101.TW,2883.TW",2021,7,20
2021-04-13,0.014021373297866716,0.008089348264074037,0.011649025580052985,0.04347351284081563,1.0,1.0,1.0,0.00585,"1590.TW,2345.TW,2327.TW",2021,7,3
2021-04-13,0.0521277524411661,0.04895300516432677,0.011649025580052985,0.04347351284081563,0.5158041320890858,0.5158041320890859,0.5158041320890858,0.0030174541727211526,"1590.TW,2345.TW,2327.TW,3037.TW,2454.TW,2382.TW,2609.TW,3034.TW,3008.TW,2379.TW",2021,7,10
2021-04-13,0.061502464529534284,0.059234715264104176,0.011649025580052985,0.04347351284081563,0.36518939902215675,0.36518939902215686,0.3651893990221568,0.0021363579842796176,"1590.TW,2345.TW,2327.TW,3037.TW,2454.TW,2382.TW,2609.TW,3034.TW,3008.TW,2379.TW,2357.TW,6669.TW,2615.TW,1301.TW,2303.TW,2408.TW,2603.TW,3017.TW,1102.TW,2885.TW",2021,7,20
2021-04-13,0.029025920501977498,0.02416425761051344,0.011649025580052985,0.04347351284081563,0.8076118095402034,0.8076118095402034,0.8076118095402034,0.0047245290858101896,"1590.TW,2345.TW,2327.TW,3037.TW,2454.TW",2021,7,5
2021-04-13,0.05867165881119134,0.05652724632685291,0.011649025580052985,0.04347351284081563,0.34625110966949757,0.3462511096694976,0.34625110966949757,0.002025568991566561,"1590.TW,2345.TW,2327.TW,3037.TW,2454.TW,2382.TW,2609.TW,3034.TW,3008.TW,2379.TW,2357.TW,6669.TW,2615.TW,1301.TW,2303.TW",2021,7,15
2021-04-20,0.06914344140591994,0.06491254366287014,0.016552613506686686,0.02960149241624486,0.6764577655513467,0.6764577655513471,0.6764577655513468,0.00395727792847538,"1301.TW,2002.TW,2603.TW,2615.TW,1102.TW,2609.TW,2882.TW,2303.TW,1101.TW,2618.TW,1303.TW,1590.TW,2885.TW,2883.TW,2308.TW",2021,7,15
2021-04-20,0.08144448594589196,0.07575068072738689,0.016552613506686686,0.02960149241624486,0.8999999999999999,0.8999999999999999,0.8999999999999999,0.005265,"1301.TW,2002.TW,2603.TW,2615.TW,1102.TW,2609.TW,2882.TW,2303.TW,1101.TW,2618.TW",2021,7,10
2021-04-20,0.05899036639681074,0.05552357226060867,0.016552613506686686,0.02960149241624486,0.5596031853180361,0.5596031853180358,0.5596031853180359,0.0032736786341105097,"1301.TW,2002.TW,2603.TW,2615.TW,1102.TW,2609.TW,2882.TW,2303.TW,1101.TW,2618.TW,1303.TW,1590.TW,2885.TW,2883.TW,2308.TW,2881.TW,1326.TW,3034.TW,2330.TW,2887.TW",2021,7,20
2021-04-20,0.045141030077666414,0.039026955051712164,0.016552613506686686,0.02960149241624486,1.0,1.0,1.0,0.00585,"1301.TW,2002.TW,2603.TW",2021,7,3
2021-04-20,0.055091051651645635,0.04891876899948344,0.016552613506686686,0.02960149241624486,1.0,1.0,1.0,0.00585,"1301.TW,2002.TW,2603.TW,2615.TW,1102.TW",2021,7,5
2021-04-27,-0.03432905755964117,-0.03691355508664329,-0.0350441572236031,-0.026008967011156826,0.45749999264109287,0.45749999264109276,0.4574999926410928,0.0026763749569503927,"2880.TW,3008.TW,2408.TW,2002.TW,2603.TW,2615.TW,3034.TW,2303.TW,2609.TW,2327.TW,2317.TW,2357.TW,1590.TW,2618.TW,2883.TW,2382.TW,2454.TW,1101.TW,2885.TW,3231.TW",2021,7,20
2021-04-27,-0.0320759391942039,-0.034748400282252234,-0.0350441572236031,-0.026008967011156826,0.47196983081671307,0.47196983081671307,0.47196983081671307,0.0027610235102777715,"2880.TW,3008.TW,2408.TW,2002.TW,2603.TW,2615.TW,3034.TW,2303.TW,2609.TW,2327.TW,2317.TW,2357.TW,1590.TW,2618.TW,2883.TW",2021,7,15
2021-04-27,-0.023350779107242328,-0.026247066705390898,-0.0350441572236031,-0.026008967011156826,0.5069290862351026,0.5069290862351025,0.5069290862351026,0.00296553515447535,"2880.TW,3008.TW,2408.TW,2002.TW,2603.TW,2615.TW,3034.TW,2303.TW,2609.TW,2327.TW",2021,7,10
2021-04-27,-0.018162055212675936,-0.02166119965190061,-0.0350441572236031,-0.026008967011156826,0.6092088330472821,0.609208833047282,0.609208833047282,0.0035638716733266003,"2880.TW,3008.TW,2408.TW,2002.TW,2603.TW",2021,7,5
2021-04-27,-0.06428689455425751,-0.06976081622111507,-0.0350441572236031,-0.026008967011156826,1.0,1.0000000000000002,1.0,0.005850000000000001,"2880.TW,3008.TW,2408.TW",2021,7,3
2021-05-05,-0.1179131537844951,-0.12082899251666313,-0.07373447962128954,-0.0762808390446204,0.5650622423962539,0.565062242396254,0.5650622423962539,0.0033056141180180863,"2454.TW,3037.TW,2345.TW,1590.TW,2618.TW,3034.TW,2303.TW,3711.TW,2308.TW,2408.TW,2379.TW,2327.TW,2395.TW,2615.TW,1216.TW",2021,7,15
2021-05-05,-0.11919644103170497,-0.12434914185166956,-0.07373447962128954,-0.0762808390446204,1.0,1.0,1.0,0.00585,"2454.TW,3037.TW,2345.TW",2021,7,3
2021-05-05,-0.1298402818558359,-0.13493071620697938,-0.07373447962128954,-0.0762808390446204,1.0,1.0,1.0,0.00585,"2454.TW,3037.TW,2345.TW,1590.TW,2618.TW",2021,7,5
2021-05-05,-0.10649544568958459,-0.10872419616051066,-0.07373447962128954,-0.0762808390446204,0.4263917678372912,0.42639176783729127,0.42639176783729127,0.002494391841848154,"2454.TW,3037.TW,2345.TW,1590.TW,2618.TW,3034.TW,2303.TW,3711.TW,2308.TW,2408.TW,2379.TW,2327.TW,2395.TW,2615.TW,1216.TW,2317.TW,3231.TW,2603.TW,2883.TW,2330.TW",2021,7,20
2021-05-05,-0.12245649831550894,-0.12622063251934323,-0.07373447962128954,-0.0762808390446204,0.7332305954178466,0.7332305954178467,0.7332305954178466,0.004289398983194403,"2454.TW,3037.TW,2345.TW,1590.TW,2618.TW,3034.TW,2303.TW,3711.TW,2308.TW,2408.TW",2021,7,10
2021-05-12,0.031004365929784707,0.025871451187313488,0.04039605062391605,0.03571660067282763,0.8510355072144548,0.8510355072144548,0.8510355072144548,0.00497855771720456,"2887.TW,2882.TW,2883.TW,2891.TW,2885.TW,1101.TW,3037.TW,2002.TW,6669.TW,1216.TW,1102.TW,5876.TW,9910.TW,2357.TW,2207.TW,5871.TW,1303.TW,1326.TW,1301.TW,2886.TW",2021,7,20
2021-05-12,0.028409882302379216,0.02299356048001666,0.04039605062391605,0.03571660067282763,0.9002898495187899,0.9002898495187901,0.90028984951879,0.0052666956196849215,"2887.TW,2882.TW,2883.TW,2891.TW,2885.TW,1101.TW,3037.TW,2002.TW,6669.TW,1216.TW",2021,7,10
2021-05-12,0.025633539450625676,0.019633583244839548,0.04039605062391605,0.03571660067282763,1.0,1.0,1.0,0.00585,"2887.TW,2882.TW,2883.TW,2891.TW,2885.TW",2021,7,5
2021-05-12,0.031805235877436444,0.02576917524755351,0.04039605062391605,0.03571660067282763,1.0,1.0,1.0,0.00585,"2887.TW,2882.TW,2883.TW",2021,7,3
2021-05-12,0.03192049874630474,0.026685428444608084,0.04039605062391605,0.03571660067282763,0.8672022828725783,0.8672022828725785,0.8672022828725784,0.005073133354804584,"2887.TW,2882.TW,2883.TW,2891.TW,2885.TW,1101.TW,3037.TW,2002.TW,6669.TW,1216.TW,1102.TW,5876.TW,9910.TW,2357.TW,2207.TW",2021,7,15
2021-05-19,0.028879551068442325,0.02488816126245963,0.01636844373563706,0.03991354546548505,0.6631377356222137,0.6631377356222135,0.6631377356222136,0.003879355753389949,"3034.TW,1590.TW,2379.TW,2408.TW,2207.TW,2317.TW,2454.TW,2327.TW,6669.TW,2395.TW,5880.TW,2883.TW,2891.TW,1326.TW,2382.TW,3231.TW,2880.TW,2330.TW,2885.TW,5876.TW",2021,7,20
2021-05-19,0.030769635002339063,0.026254521762482552,0.01636844373563706,0.03991354546548505,0.7487747046735136,0.7487747046735136,0.7487747046735136,0.004380332022340054,"3034.TW,1590.TW,2379.TW,2408.TW,2207.TW,2317.TW,2454.TW,2327.TW,6669.TW,2395.TW,5880.TW,2883.TW,2891.TW,1326.TW,2382.TW",2021,7,15
2021-05-19,0.05012157167363969,0.04397836047934889,0.01636844373563706,0.03991354546548505,1.0,1.0,1.0,0.00585,"3034.TW,1590.TW,2379.TW",2021,7,3
2021-05-19,0.047336822675608355,0.041209902262955955,0.01636844373563706,0.03991354546548505,1.0,1.0,1.0,0.00585,"3034.TW,1590.TW,2379.TW,2408.TW,2207.TW",2021,7,5
2021-05-19,0.04439789569557323,0.038843711857687646,0.01636844373563706,0.03991354546548505,0.909072240181958,0.909072240181958,0.909072240181958,0.0053180726050644535,"3034.TW,1590.TW,2379.TW,2408.TW,2207.TW,2317.TW,2454.TW,2327.TW,6669.TW,2395.TW",2021,7,10
2021-05-26,0.04385643315977647,0.040144684510348805,0.033333396954350114,0.048983759997087636,0.6078297057570194,0.6078297057570196,0.6078297057570194,0.0035558037786785645,"1590.TW,2408.TW,3711.TW,2002.TW,3034.TW,2912.TW,2382.TW,1326.TW,2454.TW,2345.TW,1216.TW,3037.TW,2881.TW,1303.TW,3008.TW",2021,7,15
2021-05-26,0.051524982656054256,0.047789250245272585,0.033333396954350114,0.048983759997087636,0.6072958297887786,0.6072958297887787,0.6072958297887787,0.0035526806042643555,"1590.TW,2408.TW,3711.TW,2002.TW,3034.TW,2912.TW,2382.TW,1326.TW,2454.TW,2345.TW,1216.TW,3037.TW,2881.TW,1303.TW,3008.TW,2207.TW,2609.TW,2615.TW,9910.TW,2395.TW",2021,7,20
2021-05-26,0.045631754216621426,0.04315091202734056,0.033333396954350114,0.048983759997087636,0.40556877332878216,0.40556877332878216,0.40556877332878216,0.0023725773239733757,"1590.TW,2408.TW,3711.TW,2002.TW,3034.TW",2021,7,5
2021-05-26,0.034500579199207536,0.030834578132788337,0.033333396954350114,0.048983759997087636,0.6057675187051417,0.6057675187051419,0.6057675187051418,0.0035437399844250794,"1590.TW,2408.TW,3711.TW,2002.TW,3034.TW,2912.TW,2382.TW,1326.TW,2454.TW,2345.TW",2021,7,10
2021-05-26,0.017729468580232537,0.013760323652769468,0.033333396954350114,0.048983759997087636,0.6666666666666666,0.6666666666666666,0.6666666666666666,0.0039,"1590.TW,2408.TW,3711.TW",2021,7,3
2021-06-02,0.007816998548238177,0.004596989454274114,-0.01413553455150729,-0.008656683963749747,0.5461595763358146,0.5461595763358146,0.5461595763358146,0.0031950335215645154,"2345.TW,3034.TW,2379.TW,2317.TW,2327.TW,5871.TW,2357.TW,2454.TW,3711.TW,1590.TW,2382.TW,3037.TW,2615.TW,3017.TW,2395.TW",2021,7,15
2021-06-02,0.00812276008238274,0.0053649994569986426,-0.01413553455150729,-0.008656683963749747,0.46761375834499286,0.46761375834499286,0.46761375834499286,0.0027355404863182086,"2345.TW,3034.TW,2379.TW,2317.TW,2327.TW,5871.TW,2357.TW,2454.TW,3711.TW,1590.TW,2382.TW,3037.TW,2615.TW,3017.TW,2395.TW,2609.TW,2603.TW,9910.TW,2303.TW,2618.TW",2021,7,20
2021-06-02,0.004787523302404617,0.001767390994738438,-0.01413553455150729,-0.008656683963749747,0.5138020934392172,0.5138020934392173,0.5138020934392173,0.0030057422466194215,"2345.TW,3034.TW,2379.TW,2317.TW,2327.TW,5871.TW,2357.TW,2454.TW,3711.TW,1590.TW",2021,7,10
2021-06-02,0.0046614731156370045,-4.750975818568204e-05,-0.01413553455150729,-0.008656683963749747,0.8012194743660779,0.8012194743660781,0.801219474366078,0.004687133925041557,"2345.TW,3034.TW,2379.TW,2317.TW,2327.TW",2021,7,5
2021-06-02,0.009468546414404977,0.003563155417880548,-0.01413553455150729,-0.008656683963749747,1.0,1.0,1.0,0.00585,"2345.TW,3034.TW,2379.TW",2021,7,3
2021-06-09,0.04160558916095106,0.036721802470607745,0.020955976321988423,0.01868679699002929,0.8014889132412237,0.801488913241224,0.8014889132412238,0.00468871014246116,"3017.TW,2002.TW,2303.TW,1590.TW,2408.TW,3008.TW,2618.TW,2382.TW,2615.TW,3711.TW",2021,7,10
2021-06-09,0.02058285312474688,0.01461244343396717,0.020955976321988423,0.01868679699002929,1.0,1.0,1.0,0.00585,"3017.TW,2002.TW,2303.TW,1590.TW,2408.TW",2021,7,5
2021-06-09,0.01704822649245515,0.011098494367474343,0.020955976321988423,0.01868679699002929,1.0,1.0,1.0,0.00585,"3017.TW,2002.TW,2303.TW",2021,7,3
2021-06-09,0.033352170337399095,0.03008311186078827,0.020955976321988423,0.01868679699002929,0.540777317594282,0.5407773175942823,0.5407773175942822,0.003163547307926551,"3017.TW,2002.TW,2303.TW,1590.TW,2408.TW,3008.TW,2618.TW,2382.TW,2615.TW,3711.TW,9910.TW,3231.TW,1326.TW,2327.TW,2379.TW",2021,7,15
2021-06-09,0.04603164265382902,0.04384023269040016,0.020955976321988423,0.01868679699002929,0.3581153556675639,0.35811535566756425,0.3581153556675641,0.0020949748306552506,"3017.TW,2002.TW,2303.TW,1590.TW,2408.TW,3008.TW,2618.TW,2382.TW,2615.TW,3711.TW,9910.TW,3231.TW,1326.TW,2327.TW,2379.TW,3037.TW,1301.TW,2603.TW,2609.TW,2207.TW",2021,7,20
2021-06-17,0.02429790849908912,0.018305765734369484,-0.010082940274116825,0.022714481226704455,1.0,1.0,1.0,0.00585,"6669.TW,3008.TW,5871.TW",2021,7,3
2021-06-17,0.048859209965774225,0.04659826753715368,-0.010082940274116825,0.022714481226704455,0.3684821390345659,0.3684821390345658,0.36848213903456584,0.00215562051335221,"6669.TW,3008.TW,5871.TW,2615.TW,2002.TW,2603.TW,2207.TW,9910.TW,2618.TW,2609.TW,2912.TW,1216.TW,2327.TW,3037.TW,1326.TW,2379.TW,3034.TW,2891.TW,3017.TW,2345.TW",2021,7,20
2021-06-17,0.0774468842033502,0.0723687443798664,-0.010082940274116825,0.022714481226704455,0.8056620722665437,0.8056620722665437,0.8056620722665437,0.004713123122759281,"6669.TW,3008.TW,5871.TW,2615.TW,2002.TW",2021,7,5
2021-06-17,0.05110344678512094,0.047723672548491525,-0.010082940274116825,0.022714481226704455,0.5496501676554191,0.5496501676554192,0.5496501676554191,0.0032154534807842024,"6669.TW,3008.TW,5871.TW,2615.TW,2002.TW,2603.TW,2207.TW,9910.TW,2618.TW,2609.TW,2912.TW,1216.TW,2327.TW,3037.TW,1326.TW",2021,7,15
2021-06-17,0.08043105295139281,0.07655148891418917,-0.010082940274116825,0.022714481226704455,0.6138044050856557,0.6138044050856556,0.6138044050856557,0.0035907557697510855,"6669.TW,3008.TW,5871.TW,2615.TW,2002.TW,2603.TW,2207.TW,9910.TW,2618.TW,2609.TW",2021,7,10
2021-06-24,0.05050632649708117,0.04796704210685476,0.006184144508913025,0.01883346359534701,0.41319666220228446,0.41319666220228446,0.41319666220228446,0.0024172004738833644,"2308.TW,9910.TW,3037.TW,2454.TW,2618.TW,3017.TW,2330.TW,2357.TW,2615.TW,2327.TW,2603.TW,3008.TW,2609.TW,1102.TW,2207.TW,2382.TW,2395.TW,2345.TW,1326.TW,2883.TW",2021,7,20
2021-06-24,1.6532774334256095e-05,-0.005833563942395648,0.006184144508913025,0.01883346359534701,1.0,1.0,1.0,0.00585,"2308.TW,9910.TW,3037.TW",2021,7,3
2021-06-24,0.06507519012320949,0.062491179345452785,0.006184144508913025,0.01883346359534701,0.4147230619556931,0.4147230619556932,0.41472306195569314,0.002426129912440805,"2308.TW,9910.TW,3037.TW,2454.TW,2618.TW,3017.TW,2330.TW,2357.TW,2615.TW,2327.TW,2603.TW,3008.TW,2609.TW,1102.TW,2207.TW",2021,7,15
2021-06-24,0.00017543821397043597,-0.005675588099581241,0.006184144508913025,0.01883346359534701,1.0,1.0,1.0,0.00585,"2308.TW,9910.TW,3037.TW,2454.TW,2618.TW",2021,7,5
2021-06-24,0.02770394252135047,0.02344906764575372,0.006184144508913025,0.01883346359534701,0.7077223395476572,0.7077223395476572,0.7077223395476572,0.004140175686353794,"2308.TW,9910.TW,3037.TW,2454.TW,2618.TW,3017.TW,2330.TW,2357.TW,2615.TW,2327.TW",2021,7,10
2021-07-01,0.045504238825691885,0.04052799110625993,-0.0028923764323300905,0.005738769534702806,0.813617586817009,0.813617586817009,0.813617586817009,0.004759662882879503,"3037.TW,2345.TW,2379.TW,2395.TW,2408.TW",2021,7,5
2021-07-01,0.06501815226400283,0.06072348498050206,-0.0028923764323300905,0.005738769534702806,0.6893132835455795,0.6893132835455796,0.6893132835455795,0.0040324827087416405,"3037.TW,2345.TW,2379.TW",2021,7,3
2021-07-01,0.01414684807611819,0.010451341527931701,-0.0028923764323300905,0.005738769534702806,0.6228984710211479,0.622898471021148,0.622898471021148,0.0036439560554737157,"3037.TW,2345.TW,2379.TW,2395.TW,2408.TW,2303.TW,3017.TW,3711.TW,2327.TW,2357.TW,1590.TW,2615.TW,6669.TW,5871.TW,2308.TW",2021,7,15
2021-07-01,0.007389077251434125,0.004883854784196284,-0.0028923764323300905,0.005738769534702806,0.4251020449429802,0.42510204494298043,0.4251020449429803,0.002486846962916435,"3037.TW,2345.TW,2379.TW,2395.TW,2408.TW,2303.TW,3017.TW,3711.TW,2327.TW,2357.TW,1590.TW,2615.TW,6669.TW,5871.TW,2308.TW,2603.TW,2618.TW,1101.TW,2609.TW,2207.TW",2021,7,20
2021-07-01,0.03179843425104463,0.028054524954878257,-0.0028923764323300905,0.005738769534702806,0.6202611613146324,0.6202611613146327,0.6202611613146325,0.003628527793690601,"3037.TW,2345.TW,2379.TW,2395.TW,2408.TW,2303.TW,3017.TW,3711.TW,2327.TW,2357.TW",2021,7,10
2021-07-08,-0.021762981811285043,-0.025821404816767313,0.01377816822344502,0.0052027824925974415,0.7091814247524575,0.7091814247524575,0.7091814247524575,0.0041487113348018766,"1590.TW,2207.TW,3711.TW,1301.TW,2408.TW,2327.TW,2603.TW,2609.TW,2885.TW,2618.TW",2021,7,10
2021-07-08,-0.00943816925987624,-0.010722246713727457,0.01377816822344502,0.0052027824925974415,0.22159184076145522,0.2215918407614551,0.22159184076145516,0.0012963122684545125,"1590.TW,2207.TW,3711.TW,1301.TW,2408.TW,2327.TW,2603.TW,2609.TW,2885.TW,2618.TW,2615.TW,2345.TW,6669.TW,3017.TW,2330.TW,2303.TW,3231.TW,3037.TW,1101.TW,2379.TW",2021,7,20
2021-07-08,0.014766788441020598,0.00994585495340905,0.01377816822344502,0.0052027824925974415,0.8120990988772212,0.8120990988772213,0.8120990988772212,0.004750779728431745,"1590.TW,2207.TW,3711.TW,1301.TW,2408.TW",2021,7,5
2021-07-08,-0.014071070579978029,-0.016874094961863095,0.01377816822344502,0.0052027824925974415,0.4859878361321116,0.48598783613211155,0.4859878361321116,0.002843028841372853,"1590.TW,2207.TW,3711.TW,1301.TW,2408.TW,2327.TW,2603.TW,2609.TW,2885.TW,2618.TW,2615.TW,2345.TW,6669.TW,3017.TW,2330.TW",2021,7,15
2021-07-08,0.019208717691767352,0.013246346693270405,0.01377816822344502,0.0052027824925974415,1.0,1.0,1.0,0.00585,"1590.TW,2207.TW,3711.TW",2021,7,3
2021-07-15,-0.01914454300794737,-0.024882547431350877,-0.009992457575275338,-0.005480817354148888,1.0,0.9999999999999999,1.0,0.005849999999999999,"6669.TW,3017.TW,2395.TW,3231.TW,2308.TW",2021,7,5
2021-07-15,0.000809030644487813,-0.0038825678049378975,-0.009992457575275338,-0.005480817354148888,0.8013343368924589,0.8013343368924591,0.801334336892459,0.004687805870820886,"6669.TW,3017.TW,2395.TW,3231.TW,2308.TW,2382.TW,1102.TW,2887.TW,1326.TW,2345.TW,4904.TW,2912.TW,3037.TW,2882.TW,9910.TW",2021,7,15
2021-07-15,-0.006490040553548959,-0.012302073816310766,-0.009992457575275338,-0.005480817354148888,1.0,1.0,1.0,0.00585,"6669.TW,3017.TW,2395.TW",2021,7,3
2021-07-15,0.004338248686655815,0.00020913537490274692,-0.009992457575275338,-0.005480817354148888,0.7027824901276027,0.7027824901276026,0.7027824901276027,0.0041112775672464755,"6669.TW,3017.TW,2395.TW,3231.TW,2308.TW,2382.TW,1102.TW,2887.TW,1326.TW,2345.TW,4904.TW,2912.TW,3037.TW,2882.TW,9910.TW,2881.TW,2317.TW,2886.TW,1216.TW,1101.TW",2021,7,20
2021-07-15,-0.00536716631412343,-0.011185768391185902,-0.009992457575275338,-0.005480817354148888,0.9999999999999999,0.9999999999999999,0.9999999999999999,0.005849999999999999,"6669.TW,3017.TW,2395.TW,3231.TW,2308.TW,2382.TW,1102.TW,2887.TW,1326.TW,2345.TW",2021,7,10
2021-07-22,-0.03643044916285829,-0.04206733103525562,-0.010503390859152306,-0.009329383797257389,1.0,0.9999999999999999,1.0,0.005849999999999999,"2603.TW,1590.TW,9910.TW,2609.TW,2615.TW",2021,7,5
2021-07-22,-0.04697363368573019,-0.0525488379286686,-0.010503390859152306,-0.009329383797257389,1.0,1.0,1.0,0.00585,"2603.TW,1590.TW,9910.TW",2021,7,3
2021-07-22,-0.01682317139044083,-0.020049949751339557,-0.010503390859152306,-0.009329383797257389,0.5610242517392675,0.5610242517392673,0.5610242517392674,0.0032819918726747143,"2603.TW,1590.TW,9910.TW,2609.TW,2615.TW,3711.TW,2308.TW,6669.TW,4904.TW,2357.TW,2618.TW,2002.TW,3231.TW,2345.TW,3017.TW,2379.TW,5880.TW,2382.TW,2395.TW,2408.TW",2021,7,20
2021-07-22,-0.0186243515147722,-0.021762069713497034,-0.010503390859152306,-0.009329383797257389,0.5465410580341947,0.5465410580341946,0.5465410580341947,0.0031972651895000384,"2603.TW,1590.TW,9910.TW,2609.TW,2615.TW,3711.TW,2308.TW,6669.TW,4904.TW,2357.TW,2618.TW,2002.TW,3231.TW,2345.TW,3017.TW",2021,7,15
2021-07-22,-0.029726984907064668,-0.03429236499941357,-0.010503390859152306,-0.009329383797257389,0.8043167657488945,0.8043167657488945,0.8043167657488945,0.004705253079631033,"2603.TW,1590.TW,9910.TW,2609.TW,2615.TW,3711.TW,2308.TW,6669.TW,4904.TW,2357.TW",2021,7,10
2021-07-29,-0.006126669852175715,-0.00972205238255952,0.016837464254294776,0.007221158921810185,0.6183839385726242,0.6183839385726242,0.6183839385726242,0.0036175460406498517,"1590.TW,2357.TW,2382.TW,2308.TW,5876.TW,2881.TW,3008.TW,2609.TW,2408.TW,2912.TW",2021,7,10
2021-07-29,-0.005971204086311221,-0.010769513257663732,0.016837464254294776,0.007221158921810185,0.8251509346073345,0.8251509346073345,0.8251509346073345,0.004827132967452907,"1590.TW,2357.TW,2382.TW,2308.TW,5876.TW",2021,7,5
2021-07-29,-0.0002668302964188409,-0.002692452069648743,0.016837464254294776,0.007221158921810185,0.41474686758174456,0.41474686758174467,0.4147468675817446,0.0024262691753532063,"1590.TW,2357.TW,2382.TW,2308.TW,5876.TW,2881.TW,3008.TW,2609.TW,2408.TW,2912.TW,2207.TW,2379.TW,4904.TW,3231.TW,2412.TW,3017.TW,2395.TW,2330.TW,5880.TW,1102.TW",2021,7,20
2021-07-29,-0.011955205647332582,-0.01603223605270132,0.016837464254294776,0.007221158921810185,0.7053610103564418,0.7053610103564419,0.7053610103564418,0.004126361910585186,"1590.TW,2357.TW,2382.TW",2021,7,3
2021-07-29,0.00021397601353533686,-0.0033818608358449076,0.016837464254294776,0.007221158921810185,0.6145414685724203,0.6145414685724203,0.6145414685724203,0.0035950675911486586,"1590.TW,2357.TW,2382.TW,2308.TW,5876.TW,2881.TW,3008.TW,2609.TW,2408.TW,2912.TW,2207.TW,2379.TW,4904.TW,3231.TW,2412.TW",2021,7,15
2021-08-05,0.002414482263100985,-0.0011606823657348553,-0.016558680422723793,-0.015272703109674626,0.6096672220982873,0.6096672220982875,0.6096672220982874,0.0035665532492749814,"2615.TW,1102.TW,2603.TW,1101.TW,2609.TW,2207.TW,2002.TW,6669.TW,2618.TW,3045.TW,2357.TW,3231.TW,3008.TW,5871.TW,2382.TW",2021,7,15
2021-08-05,0.004332343260604276,-0.0015430009474703965,-0.016558680422723793,-0.015272703109674626,1.0,1.0,1.0,0.00585,"2615.TW,1102.TW,2603.TW",2021,7,3
2021-08-05,0.007096114825731493,0.0012046025540011218,-0.016558680422723793,-0.015272703109674626,1.0,1.0,1.0,0.00585,"2615.TW,1102.TW,2603.TW,1101.TW,2609.TW",2021,7,5
2021-08-05,0.0052888838416697784,-3.9784785734520156e-05,-0.016558680422723793,-0.015272703109674626,0.9060913143405359,0.9060913143405358,0.9060913143405358,0.005300634188892135,"2615.TW,1102.TW,2603.TW,1101.TW,2609.TW,2207.TW,2002.TW,6669.TW,2618.TW,3045.TW",2021,7,10
2021-08-05,-0.002732637947073646,-0.005130176166357692,-0.016558680422723793,-0.015272703109674626,0.41095859408888896,0.4109585940888889,0.4109585940888889,0.0024041077754200003,"2615.TW,1102.TW,2603.TW,1101.TW,2609.TW,2207.TW,2002.TW,6669.TW,2618.TW,3045.TW,2357.TW,3231.TW,3008.TW,5871.TW,2382.TW,2412.TW,2912.TW,2395.TW,3017.TW,5880.TW",2021,7,20
2021-08-12,0.008575054010760974,0.003807857026985273,-0.03221079442778907,-0.02875843374176466,0.8079770207199746,0.8079770207199745,0.8079770207199746,0.004726665571211851,"2886.TW,1101.TW,2395.TW,6669.TW,2408.TW",2021,7,5
2021-08-12,0.0005229738775431869,-0.005330085519640426,-0.03221079442778907,-0.02875843374176466,1.0,1.0,1.0,0.00585,"2886.TW,1101.TW,2395.TW",2021,7,3
2021-08-12,-0.011902553053863865,-0.01657403856011075,-0.03221079442778907,-0.02875843374176466,0.8081637428073363,0.8081637428073362,0.8081637428073363,0.004727757895422917,"2886.TW,1101.TW,2395.TW,6669.TW,2408.TW,1216.TW,3017.TW,2357.TW,2379.TW,2885.TW",2021,7,10
2021-08-12,-0.029089091524708708,-0.032554390870581096,-0.03221079442778907,-0.02875843374176466,0.6101063005590481,0.6101063005590479,0.610106300559048,0.0035691218582704306,"2886.TW,1101.TW,2395.TW,6669.TW,2408.TW,1216.TW,3017.TW,2357.TW,2379.TW,2885.TW,3008.TW,2454.TW,9910.TW,2207.TW,2308.TW,2327.TW,3711.TW,2891.TW,2603.TW,1590.TW",2021,7,20
2021-08-12,-0.01575848239845153,-0.019657152373591003,-0.03221079442778907,-0.02875843374176466,0.6771095306095869,0.6771095306095869,0.6771095306095869,0.0039610907540660835,"2886.TW,1101.TW,2395.TW,6669.TW,2408.TW,1216.TW,3017.TW,2357.TW,2379.TW,2885.TW,3008.TW,2454.TW,9910.TW,2207.TW,2308.TW",2021,7,15
2021-08-19,0.09691329793358872,0.09049635514067722,0.034039182062861384,0.02185262630453872,1.0,0.9999999999999999,1.0,0.005849999999999999,"2615.TW,2609.TW,2603.TW",2021,7,3
2021-08-19,0.03905016340645367,0.03417184041382537,0.034039182062861384,0.02185262630453872,0.8025612194962457,0.8025612194962459,0.8025612194962458,0.004694983134053038,"2615.TW,2609.TW,2603.TW,5871.TW,2303.TW,3034.TW,2327.TW,2379.TW,3037.TW,2002.TW,2408.TW,2618.TW,2883.TW,3711.TW,2454.TW",2021,7,15
2021-08-19,0.09136601606613401,0.08498152487214705,0.034039182062861384,0.02185262630453872,1.0,1.0,1.0,0.00585,"2615.TW,2609.TW,2603.TW,5871.TW,2303.TW",2021,7,5
2021-08-19,0.03340767282247112,0.030000801023353674,0.034039182062861384,0.02185262630453872,0.563544536225289,0.5635445362252889,0.5635445362252889,0.0032967355369179405,"2615.TW,2609.TW,2603.TW,5871.TW,2303.TW,3034.TW,2327.TW,2379.TW,3037.TW,2002.TW,2408.TW,2618.TW,2883.TW,3711.TW,2454.TW,2207.TW,1303.TW,2317.TW,2885.TW,9910.TW",2021,7,20
2021-08-19,0.0541516435241826,0.04857552931888409,0.034039182062861384,0.02185262630453872,0.9042170747360804,0.9042170747360805,0.9042170747360805,0.005289669887206071,"2615.TW,2609.TW,2603.TW,5871.TW,2303.TW,3034.TW,2327.TW,2379.TW,3037.TW,2002.TW",2021,7,10
2021-08-26,0.03228461804629357,0.028563482035477872,0.028895376403865525,0.022973618693647037,0.6161979115646276,0.6161979115646277,0.6161979115646277,0.003604757782653072,"2454.TW,2912.TW,2207.TW,2408.TW,2345.TW,3034.TW,1590.TW,3008.TW,2327.TW,2379.TW,1216.TW,6669.TW,3037.TW,2412.TW,1102.TW",2021,7,15
2021-08-26,0.03008856769241945,0.026687717588155913,0.028895376403865525,0.022973618693647037,0.5643610815592529,0.5643610815592529,0.5643610815592529,0.0033015123271216296,"2454.TW,2912.TW,2207.TW,2408.TW,2345.TW,3034.TW,1590.TW,3008.TW,2327.TW,2379.TW,1216.TW,6669.TW,3037.TW,2412.TW,1102.TW,1326.TW,9910.TW,3231.TW,1303.TW,2892.TW",2021,7,20
2021-08-26,0.03220995881257486,0.027889280483216705,0.028895376403865525,0.022973618693647037,0.7155302909958257,0.7155302909958257,0.7155302909958257,0.00418585220232558,"2454.TW,2912.TW,2207.TW,2408.TW,2345.TW,3034.TW,1590.TW,3008.TW,2327.TW,2379.TW",2021,7,10
2021-08-26,0.02518314274963749,0.019185821364551936,0.028895376403865525,0.022973618693647037,1.0,1.0,1.0,0.00585,"2454.TW,2912.TW,2207.TW,2408.TW,2345.TW",2021,7,5
2021-08-26,0.033432136623398015,0.02738655862415107,0.028895376403865525,0.022973618693647037,1.0,0.9999999999999999,1.0,0.005849999999999999,"2454.TW,2912.TW,2207.TW",2021,7,3
2021-09-02,-0.01777726712625701,-0.021260481634247097,0.0003556509538558128,-0.009194702419677412,0.6061978240668989,0.6061978240668989,0.6061978240668989,0.003546257270791359,"2883.TW,2615.TW,2002.TW,2408.TW,2603.TW,2609.TW,2327.TW,3008.TW,3034.TW,2207.TW,2345.TW,2881.TW,2618.TW,2887.TW,2308.TW",2021,7,15
2021-09-02,-0.0028345172780580193,-0.008667935351981404,0.0003556509538558128,-0.009194702419677412,1.0,1.0,1.0,0.00585,"2883.TW,2615.TW,2002.TW",2021,7,3
2021-09-02,-0.011591318789299643,-0.016217071417365725,0.0003556509538558128,-0.009194702419677412,0.8,0.7999999999999999,0.8,0.00468,"2883.TW,2615.TW,2002.TW,2408.TW,2603.TW",2021,7,5
2021-09-02,-0.02032618365133083,-0.02322405214950296,0.0003556509538558128,-0.009194702419677412,0.5056398652011879,0.5056398652011878,0.5056398652011878,0.0029579932114269488,"2883.TW,2615.TW,2002.TW,2408.TW,2603.TW,2609.TW,2327.TW,3008.TW,3034.TW,2207.TW",2021,7,10
2021-09-02,-0.009390829142182193,-0.013187469703150434,0.0003556509538558128,-0.009194702419677412,0.6551507956748585,0.6551507956748581,0.6551507956748583,0.0038326321546979206,"2883.TW,2615.TW,2002.TW,2408.TW,2603.TW,2609.TW,2327.TW,3008.TW,3034.TW,2207.TW,2345.TW,2881.TW,2618.TW,2887.TW,2308.TW,1301.TW,5876.TW,9910.TW,2357.TW,5871.TW",2021,7,20
2021-09-09,0.0060462278726971085,0.0019016879075042237,-0.004264528411521029,0.0076435983255521275,0.7042105526468095,0.7042105526468094,0.7042105526468094,0.004119631732983835,"6669.TW,2618.TW,2207.TW,2609.TW,1216.TW,3037.TW,2615.TW,2379.TW,2345.TW,2454.TW",2021,7,10
2021-09-09,0.0026874765491242463,-0.0005068948830120323,-0.004264528411521029,0.0076435983255521275,0.5445828450307063,0.5445828450307064,0.5445828450307064,0.0031858096434296324,"6669.TW,2618.TW,2207.TW,2609.TW,1216.TW,3037.TW,2615.TW,2379.TW,2345.TW,2454.TW,1301.TW,3034.TW,2603.TW,2395.TW,2317.TW",2021,7,15
2021-09-09,0.001295205243522369,-0.0017001786534748264,-0.004264528411521029,0.0076435983255521275,0.5113691074348121,0.5113691074348122,0.5113691074348121,0.002991509278493651,"6669.TW,2618.TW,2207.TW,2609.TW,1216.TW,3037.TW,2615.TW,2379.TW,2345.TW,2454.TW,1301.TW,3034.TW,2603.TW,2395.TW,2317.TW,3008.TW,1102.TW,2308.TW,1326.TW,1303.TW",2021,7,20
2021-09-09,0.01928877489976675,0.013325935566603109,-0.004264528411521029,0.0076435983255521275,1.0,1.0,1.0,0.00585,"6669.TW,2618.TW,2207.TW,2609.TW,1216.TW",2021,7,5
2021-09-09,0.026767747792170466,0.02076115646758625,-0.004264528411521029,0.0076435983255521275,1.0,1.0,1.0,0.00585,"6669.TW,2618.TW,2207.TW",2021,7,3
2021-09-16,-0.018720120458793843,-0.021384818246526827,-0.006067040592626638,-0.006968274962109346,0.46419365650495403,0.4641936565049541,0.46419365650495403,0.0027155328905539814,"9910.TW,3711.TW,2609.TW,5871.TW,2615.TW,2002.TW,3008.TW,3034.TW,2603.TW,2327.TW,2345.TW,2379.TW,2891.TW,2308.TW,2883.TW,2881.TW,2395.TW,2618.TW,5876.TW,2317.TW",2021,7,20
2021-09-16,-0.020764590797624934,-0.02649311794145881,-0.006067040592626638,-0.006968274962109346,1.0,1.0,1.0,0.00585,"9910.TW,3711.TW,2609.TW",2021,7,3
2021-09-16,-0.025871679399784266,-0.030472536894076585,-0.006067040592626638,-0.006968274962109346,0.8073591024035667,0.8073591024035668,0.8073591024035667,0.004723050749060866,"9910.TW,3711.TW,2609.TW,5871.TW,2615.TW,2002.TW,3008.TW,3034.TW,2603.TW,2327.TW",2021,7,10
2021-09-16,-0.021256686960304697,-0.024741656283829183,-0.006067040592626638,-0.006968274962109346,0.6086593327870518,0.6086593327870518,0.6086593327870518,0.003560657096804253,"9910.TW,3711.TW,2609.TW,5871.TW,2615.TW,2002.TW,3008.TW,3034.TW,2603.TW,2327.TW,2345.TW,2379.TW,2891.TW,2308.TW,2883.TW",2021,7,15
2021-09-16,-0.02624821005563951,-0.03084547958181927,-0.006067040592626638,-0.006968274962109346,0.8070414316857163,0.8070414316857162,0.8070414316857162,0.004721192375361441,"9910.TW,3711.TW,2609.TW,5871.TW,2615.TW",2021,7,5
2021-09-27,-0.09882441209733077,-0.10065256668829126,-0.05206443968792196,-0.05602123371441062,0.34677488214162494,0.3467748821416251,0.346774882141625,0.002028633060528507,"1590.TW,3037.TW,2615.TW,5871.TW,3008.TW,9910.TW,3711.TW,6669.TW,2308.TW,2002.TW,2609.TW,2345.TW,2327.TW,1303.TW,2395.TW",2021,7,15
2021-09-27,-0.09408010389260327,-0.09625736397079954,-0.05206443968792196,-0.05602123371441062,0.410832361169352,0.4108323611693522,0.41083236116935207,0.00240336931284071,"1590.TW,3037.TW,2615.TW,5871.TW,3008.TW,9910.TW,3711.TW,6669.TW,2308.TW,2002.TW,2609.TW,2345.TW,2327.TW,1303.TW,2395.TW,3017.TW,2303.TW,2379.TW,1301.TW,2408.TW",2021,7,20
2021-09-27,-0.11855292719450938,-0.12170261963406792,-0.05206443968792196,-0.05602123371441062,0.6108239287849981,0.6108239287849981,0.6108239287849981,0.0035733199833922393,"1590.TW,3037.TW,2615.TW,5871.TW,3008.TW",2021,7,5
2021-09-27,-0.1606027440763416,-0.16551321802349495,-0.05206443968792196,-0.05602123371441062,1.0,1.0,1.0,0.00585,"1590.TW,3037.TW,2615.TW",2021,7,3
2021-09-27,-0.0932639361579144,-0.0954809391737722,-0.05206443968792196,-0.05602123371441062,0.41795500324515455,0.4179550032451546,0.41795500324515455,0.0024450367689841544,"1590.TW,3037.TW,2615.TW,5871.TW,3008.TW,9910.TW,3711.TW,6669.TW,2308.TW,2002.TW",2021,7,10
2021-10-04,-0.004778342259959791,-0.00840270667661247,0.010605767430574176,0.01208327896994353,0.6225241061764892,0.622524106176489,0.6225241061764891,0.003641766021132461,"2615.TW,2603.TW,2609.TW,3711.TW,3037.TW",2021,7,5
2021-10-04,0.011856581131530314,0.009700634362345584,0.010605767430574176,0.01208327896994353,0.36421951107954753,0.36421951107954753,0.36421951107954753,0.002130684139815353,"2615.TW,2603.TW,2609.TW,3711.TW,3037.TW,2303.TW,1590.TW,2345.TW,2379.TW,2327.TW,2002.TW,2308.TW,3017.TW,2618.TW,6669.TW",2021,7,15
2021-10-04,-0.008248006662167814,-0.012247668778260334,0.010605767430574176,0.01208327896994353,0.6893890109831793,0.6893890109831793,0.6893890109831793,0.0040329257142515985,"2615.TW,2603.TW,2609.TW",2021,7,3
2021-10-04,0.011870229532512745,0.008167396141711691,0.010605767430574176,0.01208327896994353,0.6255376967449382,0.6255376967449383,0.6255376967449382,0.003659395525957889,"2615.TW,2603.TW,2609.TW,3711.TW,3037.TW,2303.TW,1590.TW,2345.TW,2379.TW,2327.TW",2021,7,10
2021-10-04,0.01225314761248308,0.010890734704584348,0.010605767430574176,0.01208327896994353,0.2300719893206426,0.2300719893206427,0.23007198932064266,0.0013459211375257598,"2615.TW,2603.TW,2609.TW,3711.TW,3037.TW,2303.TW,1590.TW,2345.TW,2379.TW,2327.TW,2002.TW,2308.TW,3017.TW,2618.TW,6669.TW,1303.TW,5871.TW,3034.TW,1301.TW,2881.TW",2021,7,20
2021-10-12,0.0006420780020704644,-0.005211678154241728,0.027361498987505284,0.013221782804496887,1.0,0.9999999999999999,1.0,0.005849999999999999,"1326.TW,1303.TW,2618.TW",2021,7,3
2021-10-12,0.02703969682387209,0.024603391546727194,0.027361498987505284,0.013221782804496887,0.4054979002520535,0.4054979002520535,0.4054979002520535,0.002372162716474513,"1326.TW,1303.TW,2618.TW,2615.TW,1590.TW,2609.TW,3037.TW,2603.TW,3017.TW,9910.TW,2317.TW,2379.TW,2454.TW,2303.TW,3034.TW",2021,7,15
2021-10-12,0.021996804473872693,0.018971337317335246,0.027361498987505284,0.013221782804496887,0.5060425538009858,0.5060425538009858,0.5060425538009858,0.0029603489397357673,"1326.TW,1303.TW,2618.TW,2615.TW,1590.TW,2609.TW,3037.TW,2603.TW,3017.TW,9910.TW",2021,7,10
2021-10-12,0.01433826049994389,0.009591157440804077,0.027361498987505284,0.013221782804496887,0.8,0.7999999999999999,0.8,0.00468,"1326.TW,1303.TW,2618.TW,2615.TW,1590.TW",2021,7,5
2021-10-12,0.026405419549072176,0.024839522149378013,0.027361498987505284,0.013221782804496887,0.26078853840822336,0.2607885384082232,0.26078853840822325,0.001525612949688106,"1326.TW,1303.TW,2618.TW,2615.TW,1590.TW,2609.TW,3037.TW,2603.TW,3017.TW,9910.TW,2317.TW,2379.TW,2454.TW,2303.TW,3034.TW,5871.TW,3711.TW,2308.TW,6669.TW,2408.TW",2021,7,20
2021-10-19,0.000989801917474197,-0.0028811569423964345,-0.0007299136215621616,0.010557809740665619,0.6610480625687797,0.6610480625687797,0.6610480625687797,0.0038671311660273613,"2615.TW,2609.TW,1101.TW,2603.TW,2345.TW,2002.TW,6669.TW,3008.TW,1326.TW,3045.TW,2881.TW,1102.TW,4904.TW,1301.TW,2317.TW,2327.TW,1216.TW,2618.TW,2885.TW,2887.TW",2021,7,20
2021-10-19,0.00836581365478428,0.004747193935222382,-0.0007299136215621616,0.010557809740665619,0.6134355856307835,0.6134355856307836,0.6134355856307836,0.003588598175940084,"2615.TW,2609.TW,1101.TW,2603.TW,2345.TW,2002.TW,6669.TW,3008.TW,1326.TW,3045.TW",2021,7,10
2021-10-19,-0.0026358123157211207,-0.007323566688878347,-0.0007299136215621616,0.010557809740665619,0.8034432595114378,0.8034432595114379,0.8034432595114378,0.004700143068141912,"2615.TW,2609.TW,1101.TW,2603.TW,2345.TW",2021,7,5
2021-10-19,0.003963614661923137,-1.6795445610728876e-05,-0.0007299136215621616,0.010557809740665619,0.677725740511951,0.6777257405119513,0.6777257405119512,0.003964695581994915,"2615.TW,2609.TW,1101.TW,2603.TW,2345.TW,2002.TW,6669.TW,3008.TW,1326.TW,3045.TW,2881.TW,1102.TW,4904.TW,1301.TW,2317.TW",2021,7,15
2021-10-19,-0.012878747849359273,-0.01865340717444053,-0.0007299136215621616,0.010557809740665619,1.0,1.0,1.0,0.00585,"2615.TW,2609.TW,1101.TW",2021,7,3
2021-10-26,0.026676433536964243,0.023629090122978313,-0.004015878920496596,0.010412560637758797,0.5073783590274626,0.5073783590274628,0.5073783590274628,0.0029681634003106572,"2615.TW,2912.TW,2603.TW,2609.TW,2308.TW,1301.TW,1102.TW,1216.TW,1101.TW,2412.TW,2618.TW,3017.TW,2207.TW,2327.TW,1326.TW,5880.TW,3711.TW,3037.TW,2886.TW,2303.TW",2021,7,20
2021-10-26,0.07206273716722653,0.06952194345411433,-0.004015878920496596,0.010412560637758797,0.4051290065269189,0.40512900652691886,0.40512900652691886,0.0023700046881824756,"2615.TW,2912.TW,2603.TW,2609.TW,2308.TW",2021,7,5
2021-10-26,0.032037099824317294,0.028376490155517242,-0.004015878920496596,0.010412560637758797,0.6063204923897043,0.6063204923897042,0.6063204923897043,0.00354697488047977,"2615.TW,2912.TW,2603.TW,2609.TW,2308.TW,1301.TW,1102.TW,1216.TW,1101.TW,2412.TW",2021,7,10
2021-10-26,0.02482610865522807,0.021581326326726824,-0.004015878920496596,0.010412560637758797,0.5412270835151822,0.5412270835151823,0.5412270835151822,0.0031661784385638167,"2615.TW,2912.TW,2603.TW,2609.TW,2308.TW,1301.TW,1102.TW,1216.TW,1101.TW,2412.TW,2618.TW,3017.TW,2207.TW,2327.TW,1326.TW",2021,7,15
2021-10-26,0.06083596807782691,0.05666657252805529,-0.004015878920496596,0.010412560637758797,0.6718448557947978,0.6718448557947978,0.6718448557947978,0.003930292406399567,"2615.TW,2912.TW,2603.TW",2021,7,3
2021-11-02,0.027902965134384405,0.024223175496540073,0.031158190506826555,0.03177986686781337,0.6119486868439448,0.6119486868439451,0.611948686843945,0.0035798998180370783,"3017.TW,3034.TW,6669.TW,2327.TW,2379.TW,3008.TW,2308.TW,9910.TW,5871.TW,2881.TW,1301.TW,2408.TW,1590.TW,2002.TW,3037.TW,1303.TW,2885.TW,1326.TW,2618.TW,1101.TW",2021,7,20
2021-11-02,0.06331175636911533,0.05709138259435598,0.031158190506826555,0.03177986686781337,1.0,1.0,1.0,0.00585,"3017.TW,3034.TW,6669.TW,2327.TW,2379.TW",2021,7,5
2021-11-02,0.022953160863434734,0.01849956744954051,0.031158190506826555,0.03177986686781337,0.7442159119255705,0.7442159119255704,0.7442159119255705,0.004353663084764587,"3017.TW,3034.TW,6669.TW,2327.TW,2379.TW,3008.TW,2308.TW,9910.TW,5871.TW,2881.TW,1301.TW,2408.TW,1590.TW,2002.TW,3037.TW",2021,7,15
2021-11-02,0.0824378518930365,0.07610559045946208,0.031158190506826555,0.03177986686781337,1.0,1.0,1.0,0.00585,"3017.TW,3034.TW,6669.TW",2021,7,3
2021-11-02,0.04150591983557558,0.03601787676524215,0.031158190506826555,0.03177986686781337,0.9007409393486159,0.9007409393486159,0.9007409393486159,0.005269334495189403,"3017.TW,3034.TW,6669.TW,2327.TW,2379.TW,3008.TW,2308.TW,9910.TW,5871.TW,2881.TW",2021,7,10
2021-11-09,-0.019788132571384502,-0.02552237199584184,0.0046216101393889986,0.01538814509441326,1.0,1.0,1.0,0.00585,"2885.TW,1590.TW,1301.TW,2615.TW,2609.TW",2021,7,5
2021-11-09,0.01553774742805313,0.011490210438276138,0.0046216101393889986,0.01538814509441326,0.6813007853931814,0.6813007853931815,0.6813007853931814,0.003985609594550112,"2885.TW,1590.TW,1301.TW,2615.TW,2609.TW,2603.TW,3037.TW,1216.TW,3711.TW,2618.TW,3034.TW,2881.TW,1303.TW,2454.TW,1326.TW",2021,7,15
2021-11-09,0.02376467293033975,0.017775649593697374,0.0046216101393889986,0.01538814509441326,1.0,1.0,1.0,0.00585,"2885.TW,1590.TW,1301.TW",2021,7,3
2021-11-09,0.008067192135705935,0.0021699990617118914,0.0046216101393889986,0.01538814509441326,0.9999999999999999,1.0,1.0,0.00585,"2885.TW,1590.TW,1301.TW,2615.TW,2609.TW,2603.TW,3037.TW,1216.TW,3711.TW,2618.TW",2021,7,10
2021-11-09,0.016852775396703053,0.013787246717988921,0.0046216101393889986,0.01538814509441326,0.5153371353655165,0.5153371353655166,0.5153371353655165,0.003014722241888272,"2885.TW,1590.TW,1301.TW,2615.TW,2609.TW,2603.TW,3037.TW,1216.TW,3711.TW,2618.TW,3034.TW,2881.TW,1303.TW,2454.TW,1326.TW,6669.TW,2207.TW,2395.TW,2357.TW,2345.TW",2021,7,20
2021-11-16,-0.004443529775433364,-0.009224925591165611,-0.0014155498785193288,-0.0001049809001364066,0.8209806701266511,0.8209806701266512,0.8209806701266511,0.00480273692024091,"2002.TW,2308.TW,2357.TW,2615.TW,3037.TW",2021,7,5
2021-11-16,-0.009777162986759139,-0.013345879107009129,-0.0014155498785193288,-0.0001049809001364066,0.6160602652555459,0.6160602652555462,0.616060265255546,0.003603952551744945,"2002.TW,2308.TW,2357.TW,2615.TW,3037.TW,6669.TW,2618.TW,3034.TW,2345.TW,1301.TW",2021,7,10
2021-11-16,0.005455912658538136,0.0030008243390498013,-0.0014155498785193288,-0.0001049809001364066,0.4173959412072744,0.41739594120727436,0.4173959412072744,0.002441766256062555,"2002.TW,2308.TW,2357.TW,2615.TW,3037.TW,6669.TW,2618.TW,3034.TW,2345.TW,1301.TW,5880.TW,2395.TW,2883.TW,2327.TW,2609.TW,2454.TW,2382.TW,2379.TW,2603.TW,3017.TW",2021,7,20
2021-11-16,0.0031309859399608615,-0.00273733032778789,-0.0014155498785193288,-0.0001049809001364066,1.0,1.0,1.0,0.00585,"2002.TW,2308.TW,2357.TW",2021,7,3
2021-11-16,0.0031601271248175456,-0.00045342262365666297,-0.0014155498785193288,-0.0001049809001364066,0.6157549477922414,0.6157549477922414,0.6157549477922414,0.003602166444584612,"2002.TW,2308.TW,2357.TW,2615.TW,3037.TW,6669.TW,2618.TW,3034.TW,2345.TW,1301.TW,5880.TW,2395.TW,2883.TW,2327.TW,2609.TW",2021,7,15
2021-11-23,-0.01387229345103369,-0.01964114053434518,-0.021261487403038792,-0.016085717933747096,1.0,1.0,1.0,0.00585,"2207.TW,6669.TW,2303.TW,3008.TW,1102.TW",2021,7,5
2021-11-23,-0.01093522757675635,-0.014837462576658744,-0.021261487403038792,-0.016085717933747096,0.6744236945147073,0.6744236945147076,0.6744236945147075,0.003945378612911039,"2207.TW,6669.TW,2303.TW,3008.TW,1102.TW,2618.TW,2454.TW,2615.TW,9910.TW,3034.TW,2912.TW,2603.TW,1590.TW,5871.TW,2609.TW",2021,7,15
2021-11-23,-0.002118080411634155,-0.007955689641226171,-0.021261487403038792,-0.016085717933747096,1.0,0.9999999999999999,1.0,0.005849999999999999,"2207.TW,6669.TW,2303.TW",2021,7,3
2021-11-23,-0.02180401798096009,-0.02528998677598604,-0.021261487403038792,-0.016085717933747096,0.6091745546571253,0.6091745546571254,0.6091745546571254,0.0035636711447441837,"2207.TW,6669.TW,2303.TW,3008.TW,1102.TW,2618.TW,2454.TW,2615.TW,9910.TW,3034.TW",2021,7,10
2021-11-23,-0.0029259903370739593,-0.0056061614208976485,-0.021261487403038792,-0.016085717933747096,0.4594933763970062,0.4594933763970064,0.45949337639700627,0.0026880362519224868,"2207.TW,6669.TW,2303.TW,3008.TW,1102.TW,2618.TW,2454.TW,2615.TW,9910.TW,3034.TW,2912.TW,2603.TW,1590.TW,5871.TW,2609.TW,2379.TW,2345.TW,3037.TW,2308.TW,2408.TW",2021,7,20
2021-11-30,0.032015774639022346,0.02715891866444209,0.03620565493332739,0.04931552804210151,0.8044758722965675,0.8044758722965676,0.8044758722965675,0.00470618385293492,"2454.TW,3231.TW,2912.TW,2382.TW,2327.TW,2207.TW,2892.TW,1216.TW,2885.TW,4904.TW",2021,7,10
2021-11-30,0.03441823958727608,0.028366892885690387,0.03620565493332739,0.04931552804210151,1.0,1.0,1.0,0.00585,"2454.TW,3231.TW,2912.TW",2021,7,3
2021-11-30,0.028886962182352056,0.024030374628996265,0.03620565493332739,0.04931552804210151,0.8068776620471922,0.8068776620471924,0.8068776620471922,0.004720234322976075,"2454.TW,3231.TW,2912.TW,2382.TW,2327.TW,2207.TW,2892.TW,1216.TW,2885.TW,4904.TW,3045.TW,2345.TW,2880.TW,2884.TW,2412.TW",2021,7,15
2021-11-30,0.027275915293173508,0.021266351188708343,0.03620565493332739,0.04931552804210151,1.0,1.0,1.0,0.00585,"2454.TW,3231.TW,2912.TW,2382.TW,2327.TW",2021,7,5
2021-11-30,0.03274476674802501,0.027866525188838143,0.03620565493332739,0.04931552804210151,0.8074477575332057,0.8074477575332053,0.8074477575332055,0.004723569381569252,"2454.TW,3231.TW,2912.TW,2382.TW,2327.TW,2207.TW,2892.TW,1216.TW,2885.TW,4904.TW,3045.TW,2345.TW,2880.TW,2884.TW,2412.TW,2886.TW,2357.TW,5876.TW,1326.TW,2891.TW",2021,7,20
2021-12-07,-0.044083554628929836,-0.04967566583435068,-0.02096436767887333,-0.017433762478368656,1.0,0.9999999999999999,1.0,0.005849999999999999,"3711.TW,2327.TW,2379.TW",2021,7,3
2021-12-07,-0.036334806575513905,-0.04085210018118268,-0.02096436767887333,-0.017433762478368656,0.8013020978747956,0.8013020978747954,0.8013020978747956,0.004687617272567553,"3711.TW,2327.TW,2379.TW,2454.TW,2395.TW,3037.TW,3017.TW,2303.TW,2207.TW,1301.TW,2408.TW,2603.TW,2609.TW,2883.TW,2891.TW",2021,7,15
2021-12-07,-0.030118140833887207,-0.03438330568247572,-0.02096436767887333,-0.017433762478368656,0.751728678514092,0.7517286785140915,0.7517286785140918,0.004397612769307436,"3711.TW,2327.TW,2379.TW,2454.TW,2395.TW,3037.TW,3017.TW,2303.TW,2207.TW,1301.TW,2408.TW,2603.TW,2609.TW,2883.TW,2891.TW,2317.TW,3034.TW,2912.TW,1590.TW,5880.TW",2021,7,20
2021-12-07,-0.029872893797847813,-0.03329846381182677,-0.02096436767887333,-0.017433762478368656,0.6035987655776947,0.6035987655776947,0.6035987655776947,0.003531052778629514,"3711.TW,2327.TW,2379.TW,2454.TW,2395.TW",2021,7,5
2021-12-07,-0.03049377121287547,-0.034477906646739664,-0.02096436767887333,-0.017433762478368656,0.7024697437638447,0.7024697437638446,0.7024697437638447,0.004109448001018492,"3711.TW,2327.TW,2379.TW,2454.TW,2395.TW,3037.TW,3017.TW,2303.TW,2207.TW,1301.TW",2021,7,10
2021-12-14,0.03952575478809721,0.035254265822523,0.013204891665947294,0.017586710810590222,0.7024059294164787,0.7024059294164788,0.7024059294164788,0.004109074687086401,"2609.TW,2603.TW,2615.TW,2618.TW,3034.TW,3017.TW,5871.TW,2408.TW,2379.TW,3037.TW",2021,7,10
2021-12-14,0.058552371324377774,0.052359839952130116,0.013204891665947294,0.017586710810590222,1.0,1.0,1.0,0.00585,"2609.TW,2603.TW,2615.TW",2021,7,3
2021-12-14,0.0206478916454419,0.01848759657645127,0.013204891665947294,0.017586710810590222,0.3618105826674178,0.36181058266741783,0.36181058266741783,0.002116591908604394,"2609.TW,2603.TW,2615.TW,2618.TW,3034.TW,3017.TW,5871.TW,2408.TW,2379.TW,3037.TW,2303.TW,3711.TW,6669.TW,2327.TW,2345.TW,2912.TW,5880.TW,9910.TW,1303.TW,2454.TW",2021,7,20
2021-12-14,0.022754044767856543,0.02028629135937532,0.013204891665947294,0.017586710810590222,0.41245321066386936,0.4124532106638692,0.4124532106638693,0.002412851282383635,"2609.TW,2603.TW,2615.TW,2618.TW,3034.TW,3017.TW,5871.TW,2408.TW,2379.TW,3037.TW,2303.TW,3711.TW,6669.TW,2327.TW,2345.TW",2021,7,15
2021-12-14,0.05162866095358706,0.04547663328700846,0.013204891665947294,0.017586710810590222,1.0,1.0,1.0,0.00585,"2609.TW,2603.TW,2615.TW,2618.TW,3034.TW",2021,7,5
2021-12-21,0.018347045351093626,0.015017684171356516,0.02465669022237149,0.019345823448601696,0.5588679927770832,0.5588679927770832,0.5588679927770832,0.0032693777577459367,"2345.TW,2618.TW,2002.TW,2615.TW,2207.TW,2603.TW,1590.TW,3037.TW,2395.TW,3034.TW,3231.TW,2330.TW,3008.TW,2609.TW,3017.TW,2412.TW,3045.TW,3711.TW,2886.TW,2887.TW",2021,7,20
2021-12-21,0.0055943452858802315,0.002028056959134661,0.02465669022237149,0.019345823448601696,0.6062304736036521,0.6062304736036521,0.6062304736036521,0.0035464482705813653,"2345.TW,2618.TW,2002.TW,2615.TW,2207.TW",2021,7,5
2021-12-21,0.019903144656878785,0.017050167341899236,0.02465669022237149,0.019345823448601696,0.47817131701763704,0.4781713170176368,0.47817131701763693,0.0027973022045531763,"2345.TW,2618.TW,2002.TW,2615.TW,2207.TW,2603.TW,1590.TW,3037.TW,2395.TW,3034.TW,3231.TW,2330.TW,3008.TW,2609.TW,3017.TW",2021,7,15
2021-12-21,0.007793101976127666,0.0018975123295672525,0.02465669022237149,0.019345823448601696,1.0,1.0,1.0,0.00585,"2345.TW,2618.TW,2002.TW",2021,7,3
2021-12-21,0.02555309316514439,0.022534500686475445,0.02465669022237149,0.019345823448601696,0.5031418828935146,0.5031418828935146,0.5031418828935146,0.0029433800149270607,"2345.TW,2618.TW,2002.TW,2615.TW,2207.TW,2603.TW,1590.TW,3037.TW,2395.TW,3034.TW",2021,7,10
2021-12-28,0.00014682599885249595,-0.003395177972337682,0.019594081102369598,-0.004451114923106753,0.6053818785069948,0.6053818785069951,0.6053818785069949,0.003541483989265921,"3008.TW,2615.TW,2327.TW,6669.TW,1590.TW,9910.TW,2382.TW,2345.TW,2882.TW,2912.TW,2618.TW,2603.TW,2454.TW,2884.TW,5880.TW",2021,7,15
2021-12-28,0.01060202798337908,0.0058400846240771465,0.019594081102369598,-0.004451114923106753,0.8054678194846003,0.8054678194846001,0.8054678194846002,0.004711986743984911,"3008.TW,2615.TW,2327.TW,6669.TW,1590.TW",2021,7,5
2021-12-28,0.04010115050077652,0.03401655877034693,0.019594081102369598,-0.004451114923106753,1.0,1.0,1.0,0.00585,"3008.TW,2615.TW,2327.TW",2021,7,3
2021-12-28,0.006341877151466201,0.0021844878688623837,0.019594081102369598,-0.004451114923106753,0.7061862879488993,0.7061862879488993,0.7061862879488993,0.004131189784501061,"3008.TW,2615.TW,2327.TW,6669.TW,1590.TW,9910.TW,2382.TW,2345.TW,2882.TW,2912.TW",2021,7,10
2021-12-28,-0.0005915507658644137,-0.003835344280816666,0.019594081102369598,-0.004451114923106753,0.5548228238069054,0.5548228238069053,0.5548228238069053,0.003245713519270396,"3008.TW,2615.TW,2327.TW,6669.TW,1590.TW,9910.TW,2382.TW,2345.TW,2882.TW,2912.TW,2618.TW,2603.TW,2454.TW,2884.TW,5880.TW,3034.TW,2412.TW,2880.TW,2330.TW,5876.TW",2021,7,20
2022-01-03,-0.03581750353160054,-0.037191463589068,-0.0006769787649729686,-0.0055832317078506714,0.9999999999999999,0.0,0.49999999999999994,0.0014249999999999998,"2615.TW,2609.TW,2454.TW,2603.TW,2618.TW,2379.TW,2303.TW,2408.TW,2883.TW,3037.TW",2022,7,10
2022-01-03,-0.016972046279522802,-0.0183728611135745,-0.0006769787649729686,-0.0055832317078506714,1.0000000000000002,0.0,0.5000000000000001,0.0014250000000000003,"2615.TW,2609.TW,2454.TW,2603.TW,2618.TW,2379.TW,2303.TW,2408.TW,2883.TW,3037.TW,9910.TW,1590.TW,1101.TW,2412.TW,2892.TW,6669.TW,2882.TW,2880.TW,2886.TW,3045.TW",2022,7,20
2022-01-03,-0.0342126184798729,-0.035588865498539124,-0.0006769787649729686,-0.0055832317078506714,1.0,0.0,0.5,0.001425,"2615.TW,2609.TW,2454.TW,2603.TW,2618.TW",2022,7,5
2022-01-03,-0.026028975777860106,-0.02741688448737667,-0.0006769787649729686,-0.0055832317078506714,0.9999999999999999,0.0,0.49999999999999994,0.0014249999999999998,"2615.TW,2609.TW,2454.TW,2603.TW,2618.TW,2379.TW,2303.TW,2408.TW,2883.TW,3037.TW,9910.TW,1590.TW,1101.TW,2412.TW,2892.TW",2022,7,15
2022-01-03,-0.03824120264811977,-0.03961170893434629,-0.0006769787649729686,-0.0055832317078506714,1.0,0.0,0.5,0.001425,"2615.TW,2609.TW,2454.TW",2022,7,3
2022-01-10,-0.016265222107521016,-0.017452140847520337,0.03116524102906193,0.004055655262922682,0.2062467413648328,0.2062467413648328,0.2062467413648328,0.001206543436984272,"3037.TW,2603.TW,2615.TW,2618.TW,2454.TW",2022,7,5
2022-01-10,-0.01584906466838209,-0.018507186535113518,0.03116524102906193,0.004055655262922682,0.4616972762676601,0.46169727626766033,0.4616972762676602,0.0027009290661658123,"3037.TW,2603.TW,2615.TW,2618.TW,2454.TW,9910.TW,3008.TW,2308.TW,2609.TW,2327.TW,2382.TW,2317.TW,2379.TW,5871.TW,2885.TW,1590.TW,3034.TW,3231.TW,2303.TW,1101.TW",2022,7,20
2022-01-10,-0.02753231836877479,-0.03132494232713656,0.03116524102906193,0.004055655262922682,0.6666666666666666,0.6666666666666667,0.6666666666666667,0.0039000000000000003,"3037.TW,2603.TW,2615.TW",2022,7,3
2022-01-10,-0.02250429462208411,-0.025230224175705085,0.03116524102906193,0.004055655262922682,0.4766986302887848,0.4766986302887849,0.47669863028878484,0.0027886869871893913,"3037.TW,2603.TW,2615.TW,2618.TW,2454.TW,9910.TW,3008.TW,2308.TW,2609.TW,2327.TW,2382.TW,2317.TW,2379.TW,5871.TW,2885.TW",2022,7,15
2022-01-10,-0.02916079017790609,-0.03149861214518257,0.03116524102906193,0.004055655262922682,0.4116311771000315,0.4116311771000315,0.4116311771000315,0.0024080423860351843,"3037.TW,2603.TW,2615.TW,2618.TW,2454.TW,9910.TW,3008.TW,2308.TW,2609.TW,2327.TW",2022,7,10
2022-01-17,-0.03565418924499819,-0.039138590679798524,-0.042861275050076975,-0.031408590984103556,0.6176458385012655,0.6176458385012655,0.6176458385012655,0.0036132281552324038,"3008.TW,1590.TW,2603.TW,5871.TW,2615.TW,6669.TW,2881.TW,2395.TW,2609.TW,2207.TW,5876.TW,2884.TW,2882.TW,2892.TW,2308.TW,2886.TW,1216.TW,9910.TW,2912.TW,5880.TW",2022,7,20
2022-01-17,-0.04282247303235344,-0.04633231014848027,-0.042861275050076975,-0.031408590984103556,0.6268138769446353,0.6268138769446352,0.6268138769446352,0.0036668611801261163,"3008.TW,1590.TW,2603.TW,5871.TW,2615.TW,6669.TW,2881.TW,2395.TW,2609.TW,2207.TW",2022,7,10
2022-01-17,-0.04853354264012913,-0.05201752630325218,-0.042861275050076975,-0.031408590984103556,0.6259314328111418,0.6259314328111417,0.6259314328111418,0.0036616988819451798,"3008.TW,1590.TW,2603.TW,5871.TW,2615.TW",2022,7,5
2022-01-17,-0.03767205090240899,-0.04116161198305224,-0.042861275050076975,-0.031408590984103556,0.6198574697853166,0.6198574697853166,0.6198574697853166,0.0036261661982441022,"3008.TW,1590.TW,2603.TW,5871.TW,2615.TW,6669.TW,2881.TW,2395.TW,2609.TW,2207.TW,5876.TW,2884.TW,2882.TW,2892.TW,2308.TW",2022,7,15
2022-01-17,-0.0367401467939374,-0.040592806522392055,-0.042861275050076975,-0.031408590984103556,0.6836933049419411,0.6836933049419412,0.6836933049419411,0.003999605833910356,"3008.TW,1590.TW,2603.TW",2022,7,3
2022-01-24,0.05804409858339872,0.05457973439184083,0.009470421081326785,0.04013445523400939,0.5597110818885387,0.5597110818885386,0.5597110818885387,0.0032743098290479505,"5880.TW,3017.TW,9910.TW,2887.TW,2603.TW,2880.TW,6669.TW,5871.TW,2882.TW,2883.TW,2327.TW,2357.TW,2892.TW,3037.TW,2881.TW,2891.TW,1102.TW,2345.TW,2412.TW,2615.TW",2022,7,20
2022-01-24,0.07732732539979797,0.07222833599691336,0.009470421081326785,0.04013445523400939,0.8090596976436406,0.8090596976436405,0.8090596976436406,0.004732999231215297,"5880.TW,3017.TW,9910.TW,2887.TW,2603.TW",2022,7,5
2022-01-24,0.06342446166061143,0.05902204598537253,0.009470421081326785,0.04013445523400939,0.707666331936624,0.707666331936624,0.707666331936624,0.00413984804182925,"5880.TW,3017.TW,9910.TW,2887.TW,2603.TW,2880.TW,6669.TW,5871.TW,2882.TW,2883.TW",2022,7,10
2022-01-24,0.05769178680081023,0.05393422393642555,0.009470421081326785,0.04013445523400939,0.6072831862476439,0.607283186247644,0.607283186247644,0.003552606639548717,"5880.TW,3017.TW,9910.TW,2887.TW,2603.TW,2880.TW,6669.TW,5871.TW,2882.TW,2883.TW,2327.TW,2357.TW,2892.TW,3037.TW,2881.TW",2022,7,15
2022-01-24,0.06589491339996822,0.05965942815657832,0.009470421081326785,0.04013445523400939,1.0,1.0,1.0,0.00585,"5880.TW,3017.TW,9910.TW",2022,7,3
2022-02-09,0.024887937176993297,0.018892342744507795,0.0034745102802855587,0.0069133787137425975,1.0,1.0,1.0,0.00585,"6669.TW,2412.TW,1301.TW",2022,7,3
2022-02-09,0.021549699422291013,0.015573633680670662,0.0034745102802855587,0.0069133787137425975,1.0,1.0,1.0,0.00585,"6669.TW,2412.TW,1301.TW,2379.TW,4904.TW",2022,7,5
2022-02-09,0.01080638981134515,0.005444247184201778,0.0034745102802855587,0.0069133787137425975,0.9068062751963185,0.9068062751963186,0.9068062751963186,0.005304816709898464,"6669.TW,2412.TW,1301.TW,2379.TW,4904.TW,2303.TW,3008.TW,3231.TW,1102.TW,2395.TW",2022,7,10
2022-02-09,0.0031139839489428113,-0.0007509211026249796,0.0034745102802855587,0.0069133787137425975,0.6586166086347345,0.6586166086347344,0.6586166086347345,0.0038529071605131965,"6669.TW,2412.TW,1301.TW,2379.TW,4904.TW,2303.TW,3008.TW,3231.TW,1102.TW,2395.TW,2886.TW,2345.TW,2308.TW,2912.TW,2884.TW,2883.TW,2382.TW,5880.TW,2891.TW,2885.TW",2022,7,20
2022-02-09,0.007959339547578949,0.002431111407130482,0.0034745102802855587,0.0069133787137425975,0.9375341109976454,0.9375341109976456,0.9375341109976455,0.0054845745493362266,"6669.TW,2412.TW,1301.TW,2379.TW,4904.TW,2303.TW,3008.TW,3231.TW,1102.TW,2395.TW,2886.TW,2345.TW,2308.TW,2912.TW,2884.TW",2022,7,15
2022-02-16,-0.00037584057848740176,-0.00428815296529117,-0.022853084863858175,-0.013451830022074243,0.6690227940855351,0.6690227940855351,0.6690227940855351,0.003913783345400381,"2891.TW,3017.TW,2886.TW,5880.TW,2892.TW,2880.TW,3231.TW,2609.TW,5871.TW,2887.TW,1102.TW,5876.TW,2412.TW,4904.TW,2618.TW",2022,7,15
2022-02-16,0.0018755612968658361,-0.0039854107367207625,-0.022853084863858175,-0.013451830022074243,1.0,1.0,1.0,0.00585,"2891.TW,3017.TW,2886.TW",2022,7,3
2022-02-16,-0.00048373058764479874,-0.003156697757545124,-0.022853084863858175,-0.013451830022074243,0.4571385968623179,0.45713859686231784,0.45713859686231784,0.0026742607916445593,"2891.TW,3017.TW,2886.TW,5880.TW,2892.TW,2880.TW,3231.TW,2609.TW,5871.TW,2887.TW,1102.TW,5876.TW,2412.TW,4904.TW,2618.TW,2303.TW,2603.TW,2883.TW,2885.TW,2382.TW",2022,7,20
2022-02-16,-0.005921156969332885,-0.011736518201062363,-0.022853084863858175,-0.013451830022074243,1.0,1.0,1.0,0.00585,"2891.TW,3017.TW,2886.TW,5880.TW,2892.TW",2022,7,5
2022-02-16,-0.01107015078576542,-0.016284927845272468,-0.022853084863858175,-0.013451830022074243,0.9013934433016737,0.9013934433016737,0.9013934433016737,0.005273151643314791,"2891.TW,3017.TW,2886.TW,5880.TW,2892.TW,2880.TW,3231.TW,2609.TW,5871.TW,2887.TW",2022,7,10
2022-02-23,-0.019779987959905355,-0.025514275030339872,-0.018426742218110692,0.0034016760824468585,1.0,0.9999999999999998,0.9999999999999999,0.005849999999999999,"2883.TW,2892.TW,2327.TW",2022,7,3
2022-02-23,0.003080910367393742,0.0004049665138681213,-0.018426742218110692,0.0034016760824468585,0.4560213388772654,0.4560213388772655,0.4560213388772655,0.002667724832432003,"2883.TW,2892.TW,2327.TW,2886.TW,3037.TW,2615.TW,1102.TW,2884.TW,2609.TW,2002.TW,2357.TW,3017.TW,2382.TW,2891.TW,6669.TW,2618.TW,3711.TW,2887.TW,2345.TW,3231.TW",2022,7,20
2022-02-23,0.020034403428508485,0.015853719662845656,-0.018426742218110692,0.0034016760824468585,0.7006104844573489,0.700610484457349,0.7006104844573489,0.004098571334075492,"2883.TW,2892.TW,2327.TW,2886.TW,3037.TW,2615.TW,1102.TW,2884.TW,2609.TW,2002.TW",2022,7,10
2022-02-23,-0.004520516699443354,-0.008033788857923607,-0.018426742218110692,0.0034016760824468585,0.6032865100733058,0.6032865100733058,0.6032865100733058,0.003529226083928839,"2883.TW,2892.TW,2327.TW,2886.TW,3037.TW",2022,7,5
2022-02-23,0.008891591504203013,0.0053245956039214,-0.018426742218110692,0.0034016760824468585,0.6043690859073478,0.604369085907348,0.6043690859073478,0.0035355591525579855,"2883.TW,2892.TW,2327.TW,2886.TW,3037.TW,2615.TW,1102.TW,2884.TW,2609.TW,2002.TW,2357.TW,3017.TW,2382.TW,2891.TW,6669.TW",2022,7,15
2022-03-03,-0.05171027632090193,-0.05614827222772012,-0.019133447092881672,-0.017342988166334245,0.8,0.8,0.8,0.00468,"3037.TW,2412.TW,2618.TW,9910.TW,2615.TW",2022,7,5
2022-03-03,-0.01878896563290197,-0.02143446778353697,-0.019133447092881672,-0.017342988166334245,0.4608820875560489,0.4608820875560489,0.4608820875560489,0.0026961602122028863,"3037.TW,2412.TW,2618.TW,9910.TW,2615.TW,6669.TW,3017.TW,1590.TW,1101.TW,2454.TW,1102.TW,3045.TW,2892.TW,2886.TW,2884.TW,2880.TW,2327.TW,2303.TW,2207.TW,2883.TW",2022,7,20
2022-03-03,-0.02962036412278794,-0.03529708499266959,-0.019133447092881672,-0.017342988166334245,1.0,1.0,1.0,0.00585,"3037.TW,2412.TW,2618.TW",2022,7,3
2022-03-03,-0.024451375196849024,-0.02901694276092781,-0.019133447092881672,-0.017342988166334245,0.7999999999999999,0.7999999999999999,0.7999999999999999,0.00468,"3037.TW,2412.TW,2618.TW,9910.TW,2615.TW,6669.TW,3017.TW,1590.TW,1101.TW,2454.TW",2022,7,10
2022-03-03,-0.015073552922826245,-0.0178111085083259,-0.019133447092881672,-0.017342988166334245,0.47511996569108483,0.4751199656910849,0.47511996569108483,0.0027794517992928464,"3037.TW,2412.TW,2618.TW,9910.TW,2615.TW,6669.TW,3017.TW,1590.TW,1101.TW,2454.TW,1102.TW,3045.TW,2892.TW,2886.TW,2884.TW",2022,7,15
2022-03-10,0.007404244215221783,0.004560474206719345,0.005520803724698986,0.012161251410193405,0.4825416749625108,0.482541674962511,0.4825416749625109,0.0028228687985306896,"2615.TW,2603.TW,2609.TW,2345.TW,9910.TW,1301.TW,3045.TW,1102.TW,2618.TW,2412.TW,4904.TW,2454.TW,2002.TW,1101.TW,2408.TW",2022,7,15
2022-03-10,-0.00973796196058948,-0.015530994883120042,0.005520803724698986,0.012161251410193405,1.0,0.9999999999999998,0.9999999999999999,0.005849999999999999,"2615.TW,2603.TW,2609.TW",2022,7,3
2022-03-10,-0.00961765108620705,-0.013174870367733682,0.005520803724698986,0.012161251410193405,0.6139766855929292,0.6139766855929292,0.6139766855929292,0.003591763610718636,"2615.TW,2603.TW,2609.TW,2345.TW,9910.TW",2022,7,5
2022-03-10,-0.006332777892606683,-0.008446209146664607,0.005520803724698986,0.012161251410193405,0.3635727251551776,0.3635727251551776,0.3635727251551776,0.002126900442157789,"2615.TW,2603.TW,2609.TW,2345.TW,9910.TW,1301.TW,3045.TW,1102.TW,2618.TW,2412.TW,4904.TW,2454.TW,2002.TW,1101.TW,2408.TW,2327.TW,3017.TW,2303.TW,1590.TW,3037.TW",2022,7,20
2022-03-10,0.013331405780467098,0.00967442692371323,0.005520803724698986,0.012161251410193405,0.6169004407956834,0.6169004407956833,0.6169004407956833,0.0036088675786547474,"2615.TW,2603.TW,2609.TW,2345.TW,9910.TW,1301.TW,3045.TW,1102.TW,2618.TW,2412.TW",2022,7,10
2022-03-17,0.005720147083977834,0.0016893535987507757,0.013176967835628384,0.002451504209656832,0.6851056224607057,0.6851056224607059,0.6851056224607058,0.00400786789139513,"2603.TW,3017.TW,3045.TW",2022,7,3
2022-03-17,-0.006668335319534947,-0.010252156220017627,0.013176967835628384,0.002451504209656832,0.6167315299915872,0.6167315299915871,0.6167315299915872,0.0036078794504507848,"2603.TW,3017.TW,3045.TW,2615.TW,4904.TW",2022,7,5
2022-03-17,0.0006618845776712016,-0.0013524880727853184,0.013176967835628384,0.002451504209656832,0.3441094444719208,0.3441094444719211,0.34410944447192093,0.0020130402501607383,"2603.TW,3017.TW,3045.TW,2615.TW,4904.TW,1101.TW,2412.TW,1303.TW,2382.TW,1102.TW,1301.TW,2379.TW,2002.TW,9910.TW,5880.TW",2022,7,15
2022-03-17,0.0005374366524266315,-0.0018657456459889588,0.013176967835628384,0.002451504209656832,0.4105797322946734,0.41057973229467337,0.41057973229467337,0.0024018914339238393,"2603.TW,3017.TW,3045.TW,2615.TW,4904.TW,1101.TW,2412.TW,1303.TW,2382.TW,1102.TW,1301.TW,2379.TW,2002.TW,9910.TW,5880.TW,1326.TW,2892.TW,2880.TW,2912.TW,2609.TW",2022,7,20
2022-03-17,-0.0004786346261464574,-0.0034842202154331536,0.013176967835628384,0.002451504209656832,0.5140213428212376,0.5140213428212375,0.5140213428212375,0.003007024855504239,"2603.TW,3017.TW,3045.TW,2615.TW,4904.TW,1101.TW,2412.TW,1303.TW,2382.TW,1102.TW",2022,7,10
2022-03-24,0.004143376496159035,-0.0005889116227077995,-0.013005603666780163,-0.0033215992210862,0.8056002348986631,0.8056002348986631,0.8056002348986631,0.004712761374157179,"2618.TW,2603.TW,2408.TW,6669.TW,2345.TW",2022,7,5
2022-03-24,-0.023398175171899127,-0.027283048244735486,-0.013005603666780163,-0.0033215992210862,0.6799914256441122,0.6799914256441124,0.6799914256441123,0.0039779498400180574,"2618.TW,2603.TW,2408.TW",2022,7,3
2022-03-24,-0.005993602795059895,-0.0102946620698261,-0.013005603666780163,-0.0033215992210862,0.7396570180229497,0.7396570180229498,0.7396570180229498,0.004326993555434256,"2618.TW,2603.TW,2408.TW,6669.TW,2345.TW,3017.TW,3034.TW,2615.TW,2885.TW,3711.TW,2327.TW,9910.TW,2395.TW,2454.TW,2609.TW",2022,7,15
2022-03-24,-0.0015310488519946427,-0.0056656945775660494,-0.013005603666780163,-0.0033215992210862,0.7078608165968462,0.7078608165968462,0.7078608165968462,0.004140985777091551,"2618.TW,2603.TW,2408.TW,6669.TW,2345.TW,3017.TW,3034.TW,2615.TW,2885.TW,3711.TW",2022,7,10
2022-03-24,-0.004860398130924382,-0.008394240256234475,-0.013005603666780163,-0.0033215992210862,0.607025964841023,0.6070259648410229,0.607025964841023,0.0035511018943199845,"2618.TW,2603.TW,2408.TW,6669.TW,2345.TW,3017.TW,3034.TW,2615.TW,2885.TW,3711.TW,2327.TW,9910.TW,2395.TW,2454.TW,2609.TW,1303.TW,1326.TW,2412.TW,2882.TW,2303.TW",2022,7,20
2022-03-31,-0.03919171582421088,-0.042976199618315,-0.03257697117923086,-0.015438702720219102,0.6733084189000467,0.6733084189000467,0.6733084189000467,0.003938854250565273,"3017.TW,2603.TW,2454.TW",2022,7,3
2022-03-31,-0.023754992259383444,-0.027784470909619663,-0.03257697117923086,-0.015438702720219102,0.7055603499220617,0.7055603499220618,0.7055603499220617,0.0041275280470440615,"3017.TW,2603.TW,2454.TW,2327.TW,2615.TW,1101.TW,4904.TW,1590.TW,2912.TW,2382.TW",2022,7,10
2022-03-31,-0.025261996691789464,-0.028441516020288993,-0.03257697117923086,-0.015438702720219102,0.5575935027429434,0.557593502742943,0.5575935027429432,0.003261921991046217,"3017.TW,2603.TW,2454.TW,2327.TW,2615.TW,1101.TW,4904.TW,1590.TW,2912.TW,2382.TW,2002.TW,2412.TW,3711.TW,5876.TW,3037.TW,1303.TW,3008.TW,1102.TW,3231.TW,2618.TW",2022,7,20
2022-03-31,-0.024813960103665184,-0.02829252064914123,-0.03257697117923086,-0.015438702720219102,0.6097562002965269,0.609756200296527,0.6097562002965269,0.0035670737717346827,"3017.TW,2603.TW,2454.TW,2327.TW,2615.TW,1101.TW,4904.TW,1590.TW,2912.TW,2382.TW,2002.TW,2412.TW,3711.TW,5876.TW,3037.TW",2022,7,15
2022-03-31,-0.044325676632746364,-0.04885056881182548,-0.03257697117923086,-0.015438702720219102,0.8093613312245482,0.8093613312245481,0.8093613312245482,0.0047347637876636066,"3017.TW,2603.TW,2454.TW,2327.TW,2615.TW",2022,7,5
2022-04-11,0.0020416485809760187,-0.001955391826068853,0.0007568215005506751,-0.006348150243156436,0.6818626465303185,0.6818626465303186,0.6818626465303186,0.0039888964822023636,"3037.TW,3017.TW,6669.TW,2345.TW,5871.TW,2887.TW,2308.TW,2618.TW,1590.TW,2327.TW,2303.TW,2615.TW,3045.TW,2609.TW,3008.TW",2022,7,15
2022-04-11,0.005649334468327716,0.0016653093832534882,0.0007568215005506751,-0.006348150243156436,0.6772041761779263,0.6772041761779263,0.6772041761779263,0.003961644430640869,"3037.TW,3017.TW,6669.TW",2022,7,3
2022-04-11,0.006513635403021212,0.0017720503000528964,0.0007568215005506751,-0.006348150243156436,0.8052820543302939,0.8052820543302937,0.8052820543302938,0.004710900017832219,"3037.TW,3017.TW,6669.TW,2345.TW,5871.TW",2022,7,5
2022-04-11,-0.0024957369888853726,-0.0063889377067357644,0.0007568215005506751,-0.006348150243156436,0.6671694757522229,0.6671694757522226,0.6671694757522227,0.003902941433150503,"3037.TW,3017.TW,6669.TW,2345.TW,5871.TW,2887.TW,2308.TW,2618.TW,1590.TW,2327.TW,2303.TW,2615.TW,3045.TW,2609.TW,3008.TW,2885.TW,2882.TW,2883.TW,3034.TW,2880.TW",2022,7,20
2022-04-11,0.0033684069643269868,-0.0008046860065665795,0.0007568215005506751,-0.006348150243156436,0.710954441900344,0.7109544419003438,0.710954441900344,0.004159083485117012,"3037.TW,3017.TW,6669.TW,2345.TW,5871.TW,2887.TW,2308.TW,2618.TW,1590.TW,2327.TW",2022,7,10
2022-04-18,-0.004873222762136397,-0.010694714408977957,-0.01890367085066269,-0.009781763370072074,1.0,0.9999999999999999,1.0,0.005849999999999999,"2884.TW,2886.TW,2880.TW,2892.TW,5880.TW",2022,7,5
2022-04-18,-0.007411571119363143,-0.010088331750897184,-0.01890367085066269,-0.009781763370072074,0.4609825246868253,0.4609825246868255,0.46098252468682543,0.002696747769417929,"2884.TW,2886.TW,2880.TW,2892.TW,5880.TW,2618.TW,3037.TW,2883.TW,2891.TW,2609.TW,2002.TW,2345.TW,2887.TW,2615.TW,1590.TW,2885.TW,3017.TW,2603.TW,5876.TW,2412.TW",2022,7,20
2022-04-18,-0.00031052081518710966,-0.004991030884812897,-0.01890367085066269,-0.009781763370072074,0.800335712286817,0.8003357122868172,0.8003357122868171,0.004681963916877881,"2884.TW,2886.TW,2880.TW,2892.TW,5880.TW,2618.TW,3037.TW,2883.TW,2891.TW,2609.TW",2022,7,10
2022-04-18,-0.0022213514750241132,-0.008058356568895197,-0.01890367085066269,-0.009781763370072074,1.0,1.0,1.0,0.00585,"2884.TW,2886.TW,2880.TW",2022,7,3
2022-04-18,-0.011003879733688483,-0.014130629678802076,-0.01890367085066269,-0.009781763370072074,0.5404340412993358,0.5404340412993359,0.5404340412993358,0.003161539141601115,"2884.TW,2886.TW,2880.TW,2892.TW,5880.TW,2618.TW,3037.TW,2883.TW,2891.TW,2609.TW,2002.TW,2345.TW,2887.TW,2615.TW,1590.TW",2022,7,15
2022-04-25,0.01629888500196546,0.012705702719242762,-0.011175233809129437,0.00891462211147049,0.6043686583662905,0.6043686583662905,0.6043686583662905,0.0035355566514427995,"3037.TW,2345.TW,2615.TW,2609.TW,2603.TW,1326.TW,2885.TW,3017.TW,3711.TW,1590.TW,2308.TW,1216.TW,2618.TW,3045.TW,2303.TW",2022,7,15
2022-04-25,0.02192684062378019,0.01713448903921244,-0.011175233809129437,0.00891462211147049,0.8016282247478498,0.8016282247478501,0.8016282247478499,0.004689525114774923,"3037.TW,2345.TW,2615.TW,2609.TW,2603.TW,1326.TW,2885.TW,3017.TW,3711.TW,1590.TW",2022,7,10
2022-04-25,0.041424171086189746,0.03533183968533549,-0.011175233809129437,0.00891462211147049,1.0,1.0,1.0,0.00585,"3037.TW,2345.TW,2615.TW,2609.TW,2603.TW",2022,7,5
2022-04-25,0.03775965122006049,0.03168875726042297,-0.011175233809129437,0.00891462211147049,1.0,1.0,1.0,0.00585,"3037.TW,2345.TW,2615.TW",2022,7,3
2022-04-25,0.018272287855410612,0.01527003329107246,-0.011175233809129437,0.00891462211147049,0.5039967350135129,0.503996735013513,0.503996735013513,0.002948380899829051,"3037.TW,2345.TW,2615.TW,2609.TW,2603.TW,1326.TW,2885.TW,3017.TW,3711.TW,1590.TW,2308.TW,1216.TW,2618.TW,3045.TW,2303.TW,3034.TW,6669.TW,5871.TW,2412.TW,2207.TW",2022,7,20
2022-05-03,-0.029525403645524567,-0.03260163629567103,-0.03468438687338349,-0.04153392324483583,0.5418500773158749,0.5418500773158748,0.5418500773158748,0.0031698229522978674,"2884.TW,4904.TW,2412.TW,2308.TW,2618.TW,1216.TW,3045.TW,2454.TW,2615.TW,3008.TW,3017.TW,2912.TW,2303.TW,5871.TW,2891.TW",2022,7,15
2022-05-03,-0.02776627483920768,-0.03345384213139835,-0.03468438687338349,-0.04153392324483583,1.0,1.0,1.0,0.00585,"2884.TW,4904.TW,2412.TW",2022,7,3
2022-05-03,-0.023966648398440524,-0.029130708919159143,-0.03468438687338349,-0.04153392324483583,0.9044213363288687,0.9044213363288688,0.9044213363288687,0.005290864817523883,"2884.TW,4904.TW,2412.TW,2308.TW,2618.TW,1216.TW,3045.TW,2454.TW,2615.TW,3008.TW",2022,7,10
2022-05-03,-0.03509596098975802,-0.04074064961796786,-0.03468438687338349,-0.04153392324483583,1.0,1.0,1.0,0.00585,"2884.TW,4904.TW,2412.TW,2308.TW,2618.TW",2022,7,5
2022-05-03,-0.03652094776983963,-0.039392897792040915,-0.03468438687338349,-0.04153392324483583,0.5095405308401605,0.5095405308401607,0.5095405308401606,0.00298081210541494,"2884.TW,4904.TW,2412.TW,2308.TW,2618.TW,1216.TW,3045.TW,2454.TW,2615.TW,3008.TW,3017.TW,2912.TW,2303.TW,5871.TW,2891.TW,2886.TW,2330.TW,2603.TW,2395.TW,2883.TW",2022,7,20
2022-05-10,0.008610281496058319,0.0027099113493063154,0.012111332298646138,-0.008245553476231382,1.0,1.0,1.0,0.00585,"2345.TW,5871.TW,6669.TW",2022,7,3
2022-05-10,0.0017104909140810958,-0.0035941088515371034,0.012111332298646138,-0.008245553476231382,0.9052208187183101,0.9052208187183103,0.9052208187183102,0.005295541789502115,"2345.TW,5871.TW,6669.TW,2395.TW,9910.TW,2603.TW,2881.TW,2884.TW,2327.TW,1590.TW",2022,7,10
2022-05-10,0.02677302934397687,0.02076640712231459,0.012111332298646138,-0.008245553476231382,1.0,1.0,1.0,0.00585,"2345.TW,5871.TW,6669.TW,2395.TW,9910.TW",2022,7,5
2022-05-10,-0.009284141406365399,-0.013599682103748623,0.012111332298646138,-0.008245553476231382,0.7446123508683425,0.7446123508683425,0.7446123508683425,0.004355982252579804,"2345.TW,5871.TW,6669.TW,2395.TW,9910.TW,2603.TW,2881.TW,2884.TW,2327.TW,1590.TW,2609.TW,2308.TW,2618.TW,3231.TW,2357.TW",2022,7,15
2022-05-10,-0.010096315422359878,-0.014218994076070302,0.012111332298646138,-0.008245553476231382,0.7119191541319927,0.7119191541319925,0.7119191541319926,0.004164727051672156,"2345.TW,5871.TW,6669.TW,2395.TW,9910.TW,2603.TW,2881.TW,2884.TW,2327.TW,1590.TW,2609.TW,2308.TW,2618.TW,3231.TW,2357.TW,2887.TW,2882.TW,5880.TW,2317.TW,3037.TW",2022,7,20
2022-05-17,0.018442096069631733,0.015113233446059526,-0.013163125779648066,0.001736497484468207,0.5587321538512606,0.5587321538512606,0.5587321538512606,0.003268583100029875,"2615.TW,2603.TW,2618.TW,2609.TW,2382.TW,4904.TW,3034.TW,2884.TW,5871.TW,2345.TW,2317.TW,2881.TW,2882.TW,2891.TW,3017.TW",2022,7,15
2022-05-17,0.061437199527023714,0.05522779190979055,-0.013163125779648066,0.001736497484468207,1.0,1.0,1.0,0.00585,"2615.TW,2603.TW,2618.TW",2022,7,3
2022-05-17,0.05344812897240427,0.047285457417915566,-0.013163125779648066,0.001736497484468207,1.0,1.0,1.0,0.00585,"2615.TW,2603.TW,2618.TW,2609.TW,2382.TW",2022,7,5
2022-05-17,0.010669517923201387,0.007874758831054818,-0.013163125779648066,0.001736497484468207,0.4726931885012445,0.4726931885012445,0.4726931885012445,0.0027652551527322803,"2615.TW,2603.TW,2618.TW,2609.TW,2382.TW,4904.TW,3034.TW,2884.TW,5871.TW,2345.TW,2317.TW,2881.TW,2882.TW,2891.TW,3017.TW,2308.TW,2886.TW,2912.TW,3037.TW,3045.TW",2022,7,20
2022-05-17,0.02333232965153842,0.019608674260820358,-0.013163125779648066,0.001736497484468207,0.6220093615418043,0.6220093615418041,0.6220093615418042,0.0036387547650195543,"2615.TW,2603.TW,2618.TW,2609.TW,2382.TW,4904.TW,3034.TW,2884.TW,5871.TW,2345.TW",2022,7,10
2022-05-24,0.04962813438851544,0.04522058985626631,0.0452708154410173,0.03809087658391983,0.7178031829415392,0.7178031829415394,0.7178031829415393,0.004199148620208005,"3037.TW,6669.TW,2395.TW,2345.TW,4904.TW,2303.TW,1590.TW,2379.TW,3034.TW,2308.TW",2022,7,10
2022-05-24,0.04616767317158943,0.043020426932573796,0.0452708154410173,0.03809087658391983,0.5142491245759641,0.5142491245759643,0.5142491245759642,0.003008357378769391,"3037.TW,6669.TW,2395.TW,2345.TW,4904.TW,2303.TW,1590.TW,2379.TW,3034.TW,2308.TW,2408.TW,3017.TW,2618.TW,5871.TW,9910.TW,2317.TW,3045.TW,2883.TW,2885.TW,2327.TW",2022,7,20
2022-05-24,0.026203736005884617,0.02020044415025013,0.0452708154410173,0.03809087658391983,1.0,1.0,1.0,0.00585,"3037.TW,6669.TW,2395.TW,2345.TW,4904.TW",2022,7,5
2022-05-24,0.05090413826915468,0.047140007885140944,0.0452708154410173,0.03809087658391983,0.6122738200880364,0.6122738200880363,0.6122738200880364,0.003581801847515013,"3037.TW,6669.TW,2395.TW,2345.TW,4904.TW,2303.TW,1590.TW,2379.TW,3034.TW,2308.TW,2408.TW,3017.TW,2618.TW,5871.TW,9910.TW",2022,7,15
2022-05-24,0.02012924616659887,0.014161490076524341,0.0452708154410173,0.03809087658391983,1.0,1.0000000000000002,1.0,0.005850000000000001,"3037.TW,6669.TW,2395.TW",2022,7,3
2022-05-31,-0.0005079569067322979,-0.005803464157011273,-0.008507416975417015,-0.002498140064777614,0.9056749584279735,0.9056749584279736,0.9056749584279735,0.0052981985068036455,"2603.TW,4904.TW,2609.TW,3045.TW,2615.TW,3017.TW,1102.TW,5876.TW,1326.TW,1301.TW",2022,7,10
2022-05-31,0.002897257737890402,-0.002969691219876114,-0.008507416975417015,-0.002498140064777614,1.0,0.9999999999999999,1.0,0.005849999999999999,"2603.TW,4904.TW,2609.TW",2022,7,3
2022-05-31,0.00017950481720243607,-0.004542548541423441,-0.008507416975417015,-0.002498140064777614,0.8070437400730774,0.8070437400730774,0.8070437400730774,0.004721205879427503,"2603.TW,4904.TW,2609.TW,3045.TW,2615.TW",2022,7,5
2022-05-31,-0.003964660129885203,-0.009049204776110709,-0.008507416975417015,-0.002498140064777614,0.8726125431373364,0.8726125431373365,0.8726125431373364,0.005104783377353418,"2603.TW,4904.TW,2609.TW,3045.TW,2615.TW,3017.TW,1102.TW,5876.TW,1326.TW,1301.TW,5880.TW,2880.TW,2412.TW,1101.TW,2317.TW",2022,7,15
2022-05-31,-0.005320993058155164,-0.009436648371131118,-0.008507416975417015,-0.002498140064777614,0.7072943309560263,0.7072943309560265,0.7072943309560265,0.004137671836092755,"2603.TW,4904.TW,2609.TW,3045.TW,2615.TW,3017.TW,1102.TW,5876.TW,1326.TW,1301.TW,5880.TW,2880.TW,2412.TW,1101.TW,2317.TW,3711.TW,2395.TW,2002.TW,2892.TW,2379.TW",2022,7,20
2022-06-08,-0.01200707783702036,-0.015502717062023552,-0.03198120018063766,-0.015862314932145558,0.6048071329893963,0.6048071329893959,0.604807132989396,0.0035381217279879668,"2618.TW,6669.TW,2327.TW,3017.TW,2357.TW,2395.TW,3037.TW,2345.TW,1326.TW,2887.TW,2308.TW,2884.TW,3008.TW,2882.TW,3711.TW,2892.TW,2912.TW,4904.TW,2317.TW,5876.TW",2022,7,20
2022-06-08,-0.021366569022386664,-0.025974161667618345,-0.03198120018063766,-0.015862314932145558,0.8048188928225966,0.8048188928225964,0.8048188928225966,0.004708190523012189,"2618.TW,6669.TW,2327.TW,3017.TW,2357.TW,2395.TW,3037.TW,2345.TW,1326.TW,2887.TW",2022,7,10
2022-06-08,-0.02825033169587719,-0.033935067255456364,-0.03198120018063766,-0.015862314932145558,1.0,1.0000000000000002,1.0,0.005850000000000001,"2618.TW,6669.TW,2327.TW,3017.TW,2357.TW",2022,7,5
2022-06-08,-0.04025166693031427,-0.045866194678771954,-0.03198120018063766,-0.015862314932145558,1.0,1.0,1.0,0.00585,"2618.TW,6669.TW,2327.TW",2022,7,3
2022-06-08,-0.01846661886864718,-0.02346017526941091,-0.03198120018063766,-0.015862314932145558,0.8696590469109072,0.8696590469109073,0.8696590469109073,0.005087505424428808,"2618.TW,6669.TW,2327.TW,3017.TW,2357.TW,2395.TW,3037.TW,2345.TW,1326.TW,2887.TW,2308.TW,2884.TW,3008.TW,2882.TW,3711.TW",2022,7,15
2022-06-15,-0.07047730679129026,-0.07324684546598581,-0.03464941447341496,-0.03979334075275198,0.5093209858530882,0.5093209858530882,0.5093209858530882,0.0029795277672405663,"3037.TW,6669.TW,3008.TW,2603.TW,3711.TW,1590.TW,2615.TW,1326.TW,2609.TW,3231.TW,2207.TW,2308.TW,2454.TW,2317.TW,1301.TW,2345.TW,3017.TW,2408.TW,2618.TW,3034.TW",2022,7,20
2022-06-15,-0.0941588578387726,-0.09794300853914761,-0.03464941447341496,-0.03979334075275198,0.7141024374782992,0.7141024374782992,0.7141024374782992,0.0041774992592480496,"3037.TW,6669.TW,3008.TW,2603.TW,3711.TW,1590.TW,2615.TW,1326.TW,2609.TW,3231.TW",2022,7,10
2022-06-15,-0.07006331857388123,-0.07338590393067268,-0.03464941447341496,-0.03979334075275198,0.6107548182551963,0.6107548182551964,0.6107548182551963,0.003572915686792899,"3037.TW,6669.TW,3008.TW,2603.TW,3711.TW,1590.TW,2615.TW,1326.TW,2609.TW,3231.TW,2207.TW,2308.TW,2454.TW,2317.TW,1301.TW",2022,7,15
2022-06-15,-0.08531495958481712,-0.08893132197938691,-0.03464941447341496,-0.03979334075275198,0.6758409491738984,0.6758409491738984,0.6758409491738984,0.003953669552667306,"3037.TW,6669.TW,3008.TW",2022,7,3
2022-06-15,-0.10305765603949579,-0.10729683320622763,-0.03464941447341496,-0.03979334075275198,0.8079066334710994,0.8079066334710993,0.8079066334710994,0.00472625380580593,"3037.TW,6669.TW,3008.TW,2603.TW,3711.TW",2022,7,5
2022-06-22,-0.011783222699136797,-0.014858998586655403,-0.01752930344668202,-0.013006496931225511,0.5320428351987113,0.5320428351987114,0.5320428351987114,0.0031124505859124615,"2609.TW,2454.TW,2379.TW,3037.TW,2603.TW,3034.TW,3017.TW,2345.TW,2615.TW,1590.TW",2022,7,10
2022-06-22,-0.03708350177154962,-0.042716563286186116,-0.01752930344668202,-0.013006496931225511,1.0,1.0,1.0,0.00585,"2609.TW,2454.TW,2379.TW",2022,7,3
2022-06-22,-0.01863414150159627,-0.021109391872855876,-0.01752930344668202,-0.013006496931225511,0.4311539044472832,0.4311539044472834,0.4311539044472833,0.002522250341016608,"2609.TW,2454.TW,2379.TW,3037.TW,2603.TW,3034.TW,3017.TW,2345.TW,2615.TW,1590.TW,2303.TW,2327.TW,3008.TW,6669.TW,9910.TW,3711.TW,5871.TW,4904.TW,2357.TW,5876.TW",2022,7,20
2022-06-22,-0.022041885784123336,-0.024890842733306995,-0.01752930344668202,-0.013006496931225511,0.497977552223807,0.4979775522238068,0.4979775522238069,0.0029131686805092703,"2609.TW,2454.TW,2379.TW,3037.TW,2603.TW,3034.TW,3017.TW,2345.TW,2615.TW,1590.TW,2303.TW,2327.TW,3008.TW,6669.TW,9910.TW",2022,7,15
2022-06-22,-0.01622206362725458,-0.019826231888602663,-0.01752930344668202,-0.013006496931225511,0.626256308373384,0.6262563083733839,0.6262563083733839,0.0036635994039842957,"2609.TW,2454.TW,2379.TW,3037.TW,2603.TW",2022,7,5
2022-06-29,-0.04610837628614246,-0.05168864228486858,-0.0700934551822735,-0.04882481357848481,1.0,1.0,1.0,0.00585,"9910.TW,3711.TW,2615.TW",2022,7,3
2022-06-29,-0.07156991724698626,-0.07349879213639643,-0.0700934551822735,-0.04882481357848481,0.3551395085564943,0.35513950855649434,0.35513950855649434,0.002077566125055492,"9910.TW,3711.TW,2615.TW,3045.TW,1590.TW,3037.TW,2885.TW,1301.TW,6669.TW,3034.TW,2454.TW,2327.TW,2382.TW,2303.TW,2379.TW",2022,7,15
2022-06-29,-0.06654285254876925,-0.06984707511500643,-0.0700934551822735,-0.04882481357848481,0.6050886983287788,0.6050886983287788,0.6050886983287788,0.003539768885223356,"9910.TW,3711.TW,2615.TW,3045.TW,1590.TW,3037.TW,2885.TW,1301.TW,6669.TW,3034.TW",2022,7,10
2022-06-29,-0.0713444034547049,-0.07310169733597216,-0.0700934551822735,-0.04882481357848481,0.32346988223989287,0.3234698822398926,0.3234698822398927,0.0018922988111033721,"9910.TW,3711.TW,2615.TW,3045.TW,1590.TW,3037.TW,2885.TW,1301.TW,6669.TW,3034.TW,2454.TW,2327.TW,2382.TW,2303.TW,2379.TW,1326.TW,2609.TW,3231.TW,5876.TW,2345.TW",2022,7,20
2022-06-29,-0.04000683307604713,-0.04562279310255224,-0.0700934551822735,-0.04882481357848481,1.0,1.0,1.0,0.00585,"9910.TW,3711.TW,2615.TW,3045.TW,1590.TW",2022,7,5
2022-07-06,0.03403862747147178,0.0307334329237976,0.02969394665609104,0.008550664687204288,0.5463920843571481,0.5463920843571484,0.5463920843571483,0.0031963936934893177,"1301.TW,2345.TW,3037.TW,1303.TW,3017.TW,2609.TW,2615.TW,4904.TW,2308.TW,2603.TW,2382.TW,3034.TW,5871.TW,6669.TW,2327.TW",2022,7,15
2022-07-06,0.024138717299769977,0.018147505803566277,0.02969394665609104,0.008550664687204288,1.0,1.0,1.0,0.00585,"1301.TW,2345.TW,3037.TW,1303.TW,3017.TW",2022,7,5
2022-07-06,0.01881523851678975,0.01634048641434971,0.02969394665609104,0.008550664687204288,0.41522204560023357,0.4152220456002335,0.41522204560023357,0.0024290489667613663,"1301.TW,2345.TW,3037.TW,1303.TW,3017.TW,2609.TW,2615.TW,4904.TW,2308.TW,2603.TW,2382.TW,3034.TW,5871.TW,6669.TW,2327.TW,2303.TW,2379.TW,1590.TW,2882.TW,1216.TW",2022,7,20
2022-07-06,0.007958427168322436,0.002061870369387764,0.02969394665609104,0.008550664687204288,1.0,1.0,1.0,0.00585,"1301.TW,2345.TW,3037.TW",2022,7,3
2022-07-06,0.0239928942990597,0.019746919928868234,0.02969394665609104,0.008550664687204288,0.7088013878699236,0.7088013878699237,0.7088013878699237,0.004146488119039054,"1301.TW,2345.TW,3037.TW,1303.TW,3017.TW,2609.TW,2615.TW,4904.TW,2308.TW,2603.TW",2022,7,10
2022-07-13,0.06426011882385771,0.06105558587823601,0.040167798136086175,0.034663395795617315,0.5147081994516031,0.5147081994516033,0.5147081994516032,0.0030110429667918794,"2615.TW,2603.TW,3037.TW,1590.TW,2609.TW,2379.TW,9910.TW,1216.TW,3034.TW,4904.TW",2022,7,10
2022-07-13,0.12657519103323406,0.12211418153751197,0.040167798136086175,0.034663395795617315,0.6768884419202308,0.6768884419202308,0.6768884419202308,0.00395979738523335,"2615.TW,2603.TW,3037.TW",2022,7,3
2022-07-13,0.052878693644588214,0.04950133549447977,0.040167798136086175,0.034663395795617315,0.5483311448798228,0.5483311448798229,0.5483311448798229,0.003207737197546964,"2615.TW,2603.TW,3037.TW,1590.TW,2609.TW,2379.TW,9910.TW,1216.TW,3034.TW,4904.TW,2303.TW,2412.TW,2454.TW,2912.TW,5871.TW",2022,7,15
2022-07-13,0.09002911707858358,0.08486914124235723,0.040167798136086175,0.034663395795617315,0.8091959541922125,0.8091959541922124,0.8091959541922125,0.004733796332024443,"2615.TW,2603.TW,3037.TW,1590.TW,2609.TW",2022,7,5
2022-07-13,0.05444649523046577,0.05186861341879112,0.040167798136086175,0.034663395795617315,0.417909831882849,0.41790983188284897,0.417909831882849,0.0024447725165146665,"2615.TW,2603.TW,3037.TW,1590.TW,2609.TW,2379.TW,9910.TW,1216.TW,3034.TW,4904.TW,2303.TW,2412.TW,2454.TW,2912.TW,5871.TW,3008.TW,6669.TW,2408.TW,2395.TW,1326.TW",2022,7,20
2022-07-20,0.020202050647806558,0.01652855081324911,0.021230499774345768,0.0248201749546301,0.6155140437810526,0.6155140437810525,0.6155140437810525,0.003600757156119157,"3008.TW,2603.TW,2327.TW,2609.TW,1216.TW,2345.TW,1590.TW,2207.TW,2881.TW,2317.TW",2022,7,10
2022-07-20,0.023714852570109368,0.020016319963784168,0.021230499774345768,0.0248201749546301,0.6175819314976003,0.6175819314976003,0.6175819314976003,0.003612854299260962,"3008.TW,2603.TW,2327.TW,2609.TW,1216.TW,2345.TW,1590.TW,2207.TW,2881.TW,2317.TW,9910.TW,4904.TW,3017.TW,1101.TW,1102.TW",2022,7,15
2022-07-20,0.03855944243957335,0.03479269841180832,0.021230499774345768,0.0248201749546301,0.6199817186019889,0.6199817186019889,0.6199817186019889,0.003626893053821635,"3008.TW,2603.TW,2327.TW,2609.TW,1216.TW",2022,7,5
2022-07-20,0.023789755253722237,0.02037480566417882,0.021230499774345768,0.0248201749546301,0.57018744678094,0.5701874467809398,0.5701874467809399,0.0033355965636684983,"3008.TW,2603.TW,2327.TW,2609.TW,1216.TW,2345.TW,1590.TW,2207.TW,2881.TW,2317.TW,9910.TW,4904.TW,3017.TW,1101.TW,1102.TW,3045.TW,2382.TW,2885.TW,2912.TW,2412.TW",2022,7,20
2022-07-20,0.047678747950452495,0.0434232984068319,0.021230499774345768,0.0248201749546301,0.6943228292421315,0.6943228292421315,0.6943228292421315,0.00406178855106647,"3008.TW,2603.TW,2327.TW",2022,7,3
2022-07-27,-0.017698128322222107,-0.02091575313269134,-0.01079418520395814,-0.012014746298765517,0.5599310669982913,0.5599310669982916,0.5599310669982915,0.003275596741940006,"2912.TW,2303.TW,2379.TW,6669.TW,1102.TW,2345.TW,2408.TW,2454.TW,2881.TW,1590.TW,2357.TW,3034.TW,2615.TW,2002.TW,2609.TW,9910.TW,3008.TW,2882.TW,2603.TW,1301.TW",2022,7,20
2022-07-27,-0.01820526008958971,-0.022092076825240725,-0.01079418520395814,-0.012014746298765517,0.6767332215142489,0.6767332215142491,0.676733221514249,0.003958889345858357,"2912.TW,2303.TW,2379.TW,6669.TW,1102.TW,2345.TW,2408.TW,2454.TW,2881.TW,1590.TW,2357.TW,3034.TW,2615.TW,2002.TW,2609.TW",2022,7,15
2022-07-27,-0.02049931362944562,-0.026229392644713356,-0.01079418520395814,-0.012014746298765517,1.0,1.0,1.0,0.00585,"2912.TW,2303.TW,2379.TW,6669.TW,1102.TW",2022,7,5
2022-07-27,-0.025962176004939032,-0.03166029727531017,-0.01079418520395814,-0.012014746298765517,1.0,0.9999999999999998,0.9999999999999999,0.005849999999999999,"2912.TW,2303.TW,2379.TW",2022,7,3
2022-07-27,-0.0189671045996253,-0.023052167328199702,-0.01079418520395814,-0.012014746298765517,0.7118021468982921,0.7118021468982918,0.711802146898292,0.004164042559355007,"2912.TW,2303.TW,2379.TW,6669.TW,1102.TW,2345.TW,2408.TW,2454.TW,2881.TW,1590.TW",2022,7,10
2022-08-03,0.05101343493236934,0.04726491062796301,0.029652045899698054,0.03705221571174414,0.609671926229797,0.6096719262297969,0.6096719262297969,0.0035665807684443123,"6669.TW,3037.TW,2618.TW,5871.TW,2379.TW",2022,7,5
2022-08-03,0.058506816086117144,0.05414039762360234,0.029652045899698054,0.03705221571174414,0.7051407766446115,0.7051407766446114,0.7051407766446114,0.004125073543370977,"6669.TW,3037.TW,2618.TW,5871.TW,2379.TW,2615.TW,3034.TW,2345.TW,2609.TW,2603.TW",2022,7,10
2022-08-03,0.05731737781333786,0.05113207115312979,0.029652045899698054,0.03705221571174414,1.0,1.0,1.0,0.00585,"6669.TW,3037.TW,2618.TW",2022,7,3
2022-08-03,0.05583133239485842,0.05287871909656072,0.029652045899698054,0.03705221571174414,0.4780311082324386,0.4780311082324388,0.47803110823243866,0.0027964819831597667,"6669.TW,3037.TW,2618.TW,5871.TW,2379.TW,2615.TW,3034.TW,2345.TW,2609.TW,2603.TW,2303.TW,1590.TW,3008.TW,2880.TW,3017.TW",2022,7,15
2022-08-03,0.05206735314522317,0.049235892472992315,0.029652045899698054,0.03705221571174414,0.46005644968884,0.46005644968883996,0.46005644968883996,0.002691330230679714,"6669.TW,3037.TW,2618.TW,5871.TW,2379.TW,2615.TW,3034.TW,2345.TW,2609.TW,2603.TW,2303.TW,1590.TW,3008.TW,2880.TW,3017.TW,2408.TW,2884.TW,2327.TW,2892.TW,2891.TW",2022,7,20
2022-08-10,0.011246366154040142,0.008177818329827335,0.013355527324978356,0.0036988199124633582,0.5187045483326872,0.5187045483326871,0.5187045483326871,0.00303442160774622,"2454.TW,3017.TW,2379.TW,3034.TW,3037.TW,2395.TW,2615.TW,2408.TW,2609.TW,2327.TW",2022,7,10
2022-08-10,0.05140470633176545,0.045253988799724754,0.013355527324978356,0.0036988199124633582,1.0,1.0,1.0,0.00585,"2454.TW,3017.TW,2379.TW",2022,7,3
2022-08-10,-0.00025851722911893193,-0.0026834247550304724,0.013355527324978356,0.0036988199124633582,0.4146212937414159,0.41462129374141576,0.4146212937414158,0.0024255345683872826,"2454.TW,3017.TW,2379.TW,3034.TW,3037.TW,2395.TW,2615.TW,2408.TW,2609.TW,2327.TW,2303.TW,2330.TW,2603.TW,2357.TW,2207.TW,3008.TW,3711.TW,1101.TW,2345.TW,1216.TW",2022,7,20
2022-08-10,-0.0008734307380531353,-0.0036942204525141076,0.013355527324978356,0.0036988199124633582,0.48260780046358465,0.4826078004635846,0.48260780046358465,0.00282325563271197,"2454.TW,3017.TW,2379.TW,3034.TW,3037.TW,2395.TW,2615.TW,2408.TW,2609.TW,2327.TW,2303.TW,2330.TW,2603.TW,2357.TW,2207.TW",2022,7,15
2022-08-10,0.04154950626776617,0.03780926744744151,0.013355527324978356,0.0036988199124633582,0.613851823130714,0.6138518231307137,0.6138518231307138,0.003591033165314676,"2454.TW,3017.TW,2379.TW,3034.TW,3037.TW",2022,7,5
2022-08-17,-0.014484198252172693,-0.018028587986865574,-0.02388796450651809,-0.016929572601623765,0.6147832293023072,0.6147832293023073,0.6147832293023072,0.003596481891418498,"2912.TW,3037.TW,2382.TW,2609.TW,9910.TW,3008.TW,2327.TW,2357.TW,4904.TW,2412.TW,2603.TW,5876.TW,2615.TW,6669.TW,1590.TW,2884.TW,3045.TW,5871.TW,2886.TW,2303.TW",2022,7,20
2022-08-17,0.00036144124207779845,-0.004356030831676683,-0.02388796450651809,-0.016929572601623765,0.8061141198043491,0.8061141198043489,0.806114119804349,0.004715767600855441,"2912.TW,3037.TW,2382.TW,2609.TW,9910.TW",2022,7,5
2022-08-17,0.0007197044355545432,-0.0051345058353935435,-0.02388796450651809,-0.016929572601623765,1.0,1.0,1.0,0.00585,"2912.TW,3037.TW,2382.TW",2022,7,3
2022-08-17,-0.012899475964451033,-0.016468162053016044,-0.02388796450651809,-0.016929572601623765,0.6180037343280217,0.6180037343280216,0.6180037343280216,0.0036153218458189265,"2912.TW,3037.TW,2382.TW,2609.TW,9910.TW,3008.TW,2327.TW,2357.TW,4904.TW,2412.TW,2603.TW,5876.TW,2615.TW,6669.TW,1590.TW",2022,7,15
2022-08-17,-0.006193405894135506,-0.010315486824269748,-0.02388796450651809,-0.016929572601623765,0.7090204703867182,0.7090204703867183,0.7090204703867182,0.0041477697517623025,"2912.TW,3037.TW,2382.TW,2609.TW,9910.TW,3008.TW,2327.TW,2357.TW,4904.TW,2412.TW",2022,7,10
2022-08-24,-0.03765581429884405,-0.04328552778519579,-0.02531648233485584,-0.021939248860532192,1.0,1.0,1.0,0.00585,"2887.TW,2379.TW,2603.TW",2022,7,3
2022-08-24,-0.03914178377552783,-0.04366690390613026,-0.02531648233485584,-0.021939248860532192,0.8050353273653793,0.8050353273653794,0.8050353273653794,0.004709456665087469,"2887.TW,2379.TW,2603.TW,2395.TW,3037.TW,2615.TW,5871.TW,3008.TW,2891.TW,3231.TW",2022,7,10
2022-08-24,-0.026949034393635583,-0.030809636708058807,-0.02531648233485584,-0.021939248860532192,0.6782090999193389,0.678209099919339,0.6782090999193389,0.003967523234528134,"2887.TW,2379.TW,2603.TW,2395.TW,3037.TW,2615.TW,5871.TW,3008.TW,2891.TW,3231.TW,2408.TW,2308.TW,1590.TW,1102.TW,5880.TW",2022,7,15
2022-08-24,-0.025027550588639126,-0.02850584776594678,-0.02531648233485584,-0.021939248860532192,0.6098436057641057,0.6098436057641055,0.6098436057641056,0.0035675850937200173,"2887.TW,2379.TW,2603.TW,2395.TW,3037.TW,2615.TW,5871.TW,3008.TW,2891.TW,3231.TW,2408.TW,2308.TW,1590.TW,1102.TW,5880.TW,2345.TW,2357.TW,3017.TW,1101.TW,2886.TW",2022,7,20
2022-08-24,-0.036921021311914416,-0.04143224845589888,-0.02531648233485584,-0.021939248860532192,0.8007130839810466,0.8007130839810466,0.8007130839810466,0.004684171541289122,"2887.TW,2379.TW,2603.TW,2395.TW,3037.TW",2022,7,5
2022-08-31,-0.01563060191079313,-0.020269083366438734,-0.021212048903786584,-0.014975582738463571,0.8054931557909073,0.8054931557909072,0.8054931557909073,0.004712134961376808,"5871.TW,2345.TW,1101.TW,2603.TW,9910.TW",2022,7,5
2022-08-31,-0.022842545161736942,-0.025967814146461543,-0.021212048903786584,-0.014975582738463571,0.5467225489992952,0.5467225489992953,0.5467225489992953,0.0031983269116458773,"5871.TW,2345.TW,1101.TW,2603.TW,9910.TW,1590.TW,2887.TW,2308.TW,1216.TW,2615.TW,2002.TW,2412.TW,2609.TW,3037.TW,2912.TW",2022,7,15
2022-08-31,-0.005566218512464749,-0.011383656134166809,-0.021212048903786584,-0.014975582738463571,1.0,1.0,1.0,0.00585,"5871.TW,2345.TW,1101.TW",2022,7,3
2022-08-31,-0.02466944767891548,-0.028165860772587203,-0.021212048903786584,-0.014975582738463571,0.6127947601839836,0.6127947601839835,0.6127947601839836,0.0035848493470763037,"5871.TW,2345.TW,1101.TW,2603.TW,9910.TW,1590.TW,2887.TW,2308.TW,1216.TW,2615.TW",2022,7,10
2022-08-31,-0.016874355276001434,-0.02009803578275282,-0.021212048903786584,-0.014975582738463571,0.5605148231437674,0.5605148231437673,0.5605148231437673,0.003279011715391039,"5871.TW,2345.TW,1101.TW,2603.TW,9910.TW,1590.TW,2887.TW,2308.TW,1216.TW,2615.TW,2002.TW,2412.TW,2609.TW,3037.TW,2912.TW,1303.TW,2881.TW,2892.TW,4904.TW,2382.TW",2022,7,20
2022-09-07,0.0048192629323496,0.0006492006672123019,-0.003538365733456117,0.006463636488112023,0.709412311974863,0.709412311974863,0.709412311974863,0.004150062025052949,"2357.TW,2207.TW,2002.TW,2379.TW,3037.TW,1101.TW,2615.TW,1216.TW,5880.TW,2892.TW",2022,7,10
2022-09-07,0.006309183228260528,0.0030940992908807807,-0.003538365733456117,0.006463636488112023,0.5461412923606742,0.5461412923606744,0.5461412923606743,0.0031949265603099454,"2357.TW,2207.TW,2002.TW,2379.TW,3037.TW,1101.TW,2615.TW,1216.TW,5880.TW,2892.TW,2330.TW,1102.TW,5871.TW,2609.TW,2885.TW",2022,7,15
2022-09-07,0.010004748689420473,0.004096220909587389,-0.003538365733456117,0.006463636488112023,1.0,1.0,1.0,0.00585,"2357.TW,2207.TW,2002.TW",2022,7,3
2022-09-07,0.00437730708679221,0.0007901315835849854,-0.003538365733456117,0.006463636488112023,0.6105199603615167,0.6105199603615165,0.6105199603615166,0.0035715417681148713,"2357.TW,2207.TW,2002.TW,2379.TW,3037.TW,1101.TW,2615.TW,1216.TW,5880.TW,2892.TW,2330.TW,1102.TW,5871.TW,2609.TW,2885.TW,2880.TW,2454.TW,2891.TW,3711.TW,2618.TW",2022,7,20
2022-09-07,0.0019680799173279924,-0.0038934333501883245,-0.003538365733456117,0.006463636488112023,1.0,0.9999999999999999,1.0,0.005849999999999999,"2357.TW,2207.TW,2002.TW,2379.TW,3037.TW",2022,7,5
2022-09-15,-0.012503685231821143,-0.01525495344455341,-0.02130491785161448,-0.023498941565355928,0.4762572290683572,0.4762572290683573,0.47625722906835727,0.0027861047900498903,"2912.TW,2382.TW,1101.TW,1216.TW,6669.TW,3037.TW,3231.TW,2880.TW,2002.TW,3008.TW,2892.TW,2207.TW,2885.TW,2345.TW,1102.TW",2022,7,15
2022-09-15,-0.011231965872254456,-0.017016258871901835,-0.02130491785161448,-0.023498941565355928,1.0,1.0,1.0,0.00585,"2912.TW,2382.TW,1101.TW,1216.TW,6669.TW",2022,7,5
2022-09-15,-0.01527902188990891,-0.01791219039281533,-0.02130491785161448,-0.023498941565355928,0.45709828876090725,0.45709828876090725,0.45709828876090725,0.0026740249892513073,"2912.TW,2382.TW,1101.TW,1216.TW,6669.TW,3037.TW,3231.TW,2880.TW,2002.TW,3008.TW,2892.TW,2207.TW,2885.TW,2345.TW,1102.TW,2884.TW,2408.TW,2886.TW,2618.TW,5880.TW",2022,7,20
2022-09-15,-0.0188486212646475,-0.02234792910654093,-0.02130491785161448,-0.023498941565355928,0.6096635989408362,0.6096635989408363,0.6096635989408363,0.0035665320538038926,"2912.TW,2382.TW,1101.TW,1216.TW,6669.TW,3037.TW,3231.TW,2880.TW,2002.TW,3008.TW",2022,7,10
2022-09-15,-0.019580224025212752,-0.025315679714665307,-0.02130491785161448,-0.023498941565355928,1.0,1.0,1.0,0.00585,"2912.TW,2382.TW,1101.TW",2022,7,3
2022-09-22,-0.10979449035514668,-0.11500219258656907,-0.06303850003332212,-0.055401265281616804,1.0,1.0,1.0,0.00585,"2603.TW,1102.TW,9910.TW,2615.TW,2618.TW",2022,7,5
2022-09-22,-0.06511168857829032,-0.06803184132272333,-0.06303850003332212,-0.055401265281616804,0.5339369454151,0.5339369454151,0.5339369454151,0.003123531130678335,"2603.TW,1102.TW,9910.TW,2615.TW,2618.TW,2609.TW,2892.TW,3017.TW,5871.TW,2880.TW,2382.TW,2207.TW,3034.TW,6669.TW,3231.TW",2022,7,15
2022-09-22,-0.07420781508626043,-0.07962369936800584,-0.06303850003332212,-0.055401265281616804,1.0,1.0,1.0,0.00585,"2603.TW,1102.TW,9910.TW",2022,7,3
2022-09-22,-0.08507237573157667,-0.08988946967334988,-0.06303850003332212,-0.055401265281616804,0.8999999999999999,0.8999999999999999,0.8999999999999999,0.005265,"2603.TW,1102.TW,9910.TW,2615.TW,2618.TW,2609.TW,2892.TW,3017.TW,5871.TW,2880.TW",2022,7,10
2022-09-22,-0.07135444842987942,-0.07381521265237967,-0.06303850003332212,-0.055401265281616804,0.4529644880400909,0.45296448804009076,0.4529644880400908,0.002649842255034531,"2603.TW,1102.TW,9910.TW,2615.TW,2618.TW,2609.TW,2892.TW,3017.TW,5871.TW,2880.TW,2382.TW,2207.TW,3034.TW,6669.TW,3231.TW,3037.TW,2345.TW,2327.TW,5880.TW,2303.TW",2022,7,20
2022-09-29,0.07473008332226432,0.0707942026984929,0.039690159568327,0.031815469919369704,0.6260177481473228,0.6260177481473229,0.6260177481473228,0.003662203826661839,"2327.TW,2615.TW,2609.TW,2603.TW,3037.TW,3017.TW,2379.TW,3008.TW,2618.TW,3034.TW,1101.TW,2454.TW,1216.TW,2345.TW,2912.TW",2022,7,15
2022-09-29,0.11286209186067545,0.10891708476653461,0.039690159568327,0.031815469919369704,0.6059692319154466,0.6059692319154464,0.6059692319154465,0.003544920006705362,"2327.TW,2615.TW,2609.TW,2603.TW,3037.TW",2022,7,5
2022-09-29,0.09875955904318341,0.0953951041326746,0.039690159568327,0.031815469919369704,0.5234270708176275,0.5234270708176276,0.5234270708176276,0.0030620483642831214,"2327.TW,2615.TW,2609.TW,2603.TW,3037.TW,3017.TW,2379.TW,3008.TW,2618.TW,3034.TW",2022,7,10
2022-09-29,0.11510502700166039,0.10858166259370083,0.039690159568327,0.031815469919369704,1.0,1.0,1.0,0.00585,"2327.TW,2615.TW,2609.TW",2022,7,3
2022-09-29,0.06930677088596317,0.06570429557375457,0.039690159568327,0.031815469919369704,0.5758943667460723,0.5758943667460722,0.5758943667460723,0.0033689820454645227,"2327.TW,2615.TW,2609.TW,2603.TW,3037.TW,3017.TW,2379.TW,3008.TW,2618.TW,3034.TW,1101.TW,2454.TW,1216.TW,2345.TW,2912.TW,2308.TW,3711.TW,2330.TW,2891.TW,2886.TW",2022,7,20
2022-10-06,-0.06275776625805356,-0.06528360398416766,-0.06936679526611855,-0.05260461443611832,0.4606782719823235,0.46067827198232336,0.4606782719823234,0.002694967891096592,"3017.TW,2603.TW,2609.TW,1216.TW,4904.TW,1326.TW,6669.TW,9910.TW,2615.TW,2618.TW,1301.TW,2912.TW,1303.TW,2382.TW,2379.TW,2327.TW,5876.TW,2892.TW,2345.TW,3037.TW",2022,7,20
2022-10-06,-0.033504620116824695,-0.036915629066098354,-0.06936679526611855,-0.05260461443611832,0.6032915055815176,0.6032915055815175,0.6032915055815176,0.0035292553076518773,"3017.TW,2603.TW,2609.TW,1216.TW,4904.TW",2022,7,5
2022-10-06,-0.061360623384242224,-0.06400828318381957,-0.06936679526611855,-0.05260461443611832,0.48217817194393653,0.48217817194393675,0.48217817194393664,0.0028207423058720293,"3017.TW,2603.TW,2609.TW,1216.TW,4904.TW,1326.TW,6669.TW,9910.TW,2615.TW,2618.TW,1301.TW,2912.TW,1303.TW,2382.TW,2379.TW",2022,7,15
2022-10-06,-0.06078950634035876,-0.0644721562128111,-0.06936679526611855,-0.05260461443611832,0.6702574161590755,0.6702574161590756,0.6702574161590755,0.003921005884530593,"3017.TW,2603.TW,2609.TW",2022,7,3
2022-10-06,-0.061078365348005384,-0.06386228813736616,-0.06936679526611855,-0.05260461443611832,0.506841274004674,0.5068412740046739,0.5068412740046739,0.0029650214529273427,"3017.TW,2603.TW,2609.TW,1216.TW,4904.TW,1326.TW,6669.TW,9910.TW,2615.TW,2618.TW",2022,7,10
2022-10-14,-0.03538113925699838,-0.039987863892195774,0.008003955495202497,0.012231135120616257,0.8163579716950413,0.8163579716950413,0.8163579716950413,0.004775694134415992,"6669.TW,2345.TW,2618.TW,1590.TW,3017.TW",2022,7,5
2022-10-14,0.0010302525206144022,-0.0018215999443235154,0.008003955495202497,0.012231135120616257,0.4869944206232801,0.48699442062328,0.48699442062328,0.0028489173606461885,"6669.TW,2345.TW,2618.TW,1590.TW,3017.TW,2615.TW,2603.TW,5871.TW,2308.TW,9910.TW,2379.TW,2883.TW,2327.TW,3711.TW,2609.TW",2022,7,15
2022-10-14,-0.05829840113568559,-0.06380735548904193,0.008003955495202497,0.012231135120616257,1.0,1.0,1.0,0.00585,"6669.TW,2345.TW,2618.TW",2022,7,3
2022-10-14,0.0012466278262262714,-0.0018023679416028227,0.008003955495202497,0.012231135120616257,0.520546929461432,0.5205469294614319,0.520546929461432,0.0030451995373493765,"6669.TW,2345.TW,2618.TW,1590.TW,3017.TW,2615.TW,2603.TW,5871.TW,2308.TW,9910.TW,2379.TW,2883.TW,2327.TW,3711.TW,2609.TW,2330.TW,2882.TW,2357.TW,2207.TW,2884.TW",2022,7,20
2022-10-14,-0.01081150527767294,-0.013266886229318708,0.008003955495202497,0.012231135120616257,0.4243106767182828,0.4243106767182829,0.4243106767182828,0.002482217458801955,"6669.TW,2345.TW,2618.TW,1590.TW,3017.TW,2615.TW,2603.TW,5871.TW,2308.TW,9910.TW",2022,7,10
2022-10-21,0.007431641117901697,0.005861802763821977,-0.01885854501773543,0.0027417106354023922,0.26636887868346554,0.2663688786834656,0.2663688786834656,0.0015582579402982737,"3008.TW,3037.TW,6669.TW,2603.TW,2615.TW,2345.TW,3017.TW,2408.TW,2609.TW,1590.TW,5871.TW,2330.TW,2618.TW,2454.TW,2882.TW,2395.TW,3711.TW,2379.TW,2308.TW,2327.TW",2022,7,20
2022-10-21,0.06989884961547022,0.06560957698851766,-0.01885854501773543,0.0027417106354023922,0.6853068365516716,0.6853068365516715,0.6853068365516715,0.004009044993827278,"3008.TW,3037.TW,6669.TW",2022,7,3
2022-10-21,0.023819953399797675,0.021290882392280164,-0.01885854501773543,0.0027417106354023922,0.422261579205656,0.4222615792056558,0.4222615792056559,0.0024702302383530867,"3008.TW,3037.TW,6669.TW,2603.TW,2615.TW,2345.TW,3017.TW,2408.TW,2609.TW,1590.TW",2022,7,10
2022-10-21,0.010882514215772706,0.008402097823063226,-0.01885854501773543,0.0027417106354023922,0.4194382593525165,0.41943825935251655,0.41943825935251655,0.0024537138172122217,"3008.TW,3037.TW,6669.TW,2603.TW,2615.TW,2345.TW,3017.TW,2408.TW,2609.TW,1590.TW,5871.TW,2330.TW,2618.TW,2454.TW,2882.TW",2022,7,15
2022-10-21,0.03307260253797482,0.028143121750378253,-0.01885854501773543,0.0027417106354023922,0.815669960085978,0.8156699600859778,0.8156699600859779,0.004771669266502971,"3008.TW,3037.TW,6669.TW,2603.TW,2615.TW",2022,7,5
2022-10-28,0.03011659079449173,0.02756929413313669,0.009610540833278725,0.020241168482252422,0.4227048963375517,0.4227048963375518,0.42270489633755176,0.002472823643574678,"2408.TW,2454.TW,2609.TW,5871.TW,2603.TW,2615.TW,2303.TW,3034.TW,1303.TW,2379.TW,2330.TW,3037.TW,2207.TW,2618.TW,1326.TW",2022,7,15
2022-10-28,0.03590212573534541,0.0321250299435214,0.009610540833278725,0.020241168482252422,0.6232803121757068,0.623280312175707,0.6232803121757069,0.003646189826227886,"2408.TW,2454.TW,2609.TW,5871.TW,2603.TW,2615.TW,2303.TW,3034.TW,1303.TW,2379.TW",2022,7,10
2022-10-28,0.029876774295041486,0.027639524774880853,0.009610540833278725,0.020241168482252422,0.3713413341842483,0.3713413341842485,0.3713413341842484,0.0021723468049778534,"2408.TW,2454.TW,2609.TW,5871.TW,2603.TW,2615.TW,2303.TW,3034.TW,1303.TW,2379.TW,2330.TW,3037.TW,2207.TW,2618.TW,1326.TW,2308.TW,2395.TW,3008.TW,9910.TW,2885.TW",2022,7,20
2022-10-28,0.03448272313586213,0.028430999205517393,0.009610540833278725,0.020241168482252422,1.0,1.0,1.0,0.00585,"2408.TW,2454.TW,2609.TW",2022,7,3
2022-10-28,0.04118277209254404,0.036229074114914495,0.009610540833278725,0.020241168482252422,0.8132923457618364,0.8132923457618364,0.8132923457618364,0.0047577602227067434,"2408.TW,2454.TW,2609.TW,5871.TW,2603.TW",2022,7,5
2022-11-04,0.0681837795098128,0.06193490439968041,0.10020043336479545,0.06732594053643752,1.0,1.0000000000000002,1.0,0.005850000000000001,"2395.TW,2207.TW,1303.TW",2022,7,3
2022-11-04,0.08108421891877748,0.07787300149627807,0.10020043336479545,0.06732594053643752,0.5077551272343024,0.5077551272343023,0.5077551272343024,0.0029703674943206684,"2395.TW,2207.TW,1303.TW,2615.TW,2603.TW,2330.TW,2885.TW,2408.TW,5871.TW,2357.TW",2022,7,10
2022-11-04,0.07139863711715315,0.06884226426568651,0.10020043336479545,0.06732594053643752,0.40786575330386,0.40786575330386016,0.4078657533038601,0.0023860146568275816,"2395.TW,2207.TW,1303.TW,2615.TW,2603.TW,2330.TW,2885.TW,2408.TW,5871.TW,2357.TW,2912.TW,3231.TW,2609.TW,2303.TW,1216.TW",2022,7,15
2022-11-04,0.06489469477552866,0.06203436921417782,0.10020043336479545,0.06732594053643752,0.45914825456513325,0.45914825456513336,0.4591482545651333,0.00268601728920603,"2395.TW,2207.TW,1303.TW,2615.TW,2603.TW,2330.TW,2885.TW,2408.TW,5871.TW,2357.TW,2912.TW,3231.TW,2609.TW,2303.TW,1216.TW,3711.TW,2345.TW,2881.TW,4904.TW,2317.TW",2022,7,20
2022-11-04,0.06822711420688546,0.06322781131239741,0.10020043336479545,0.06732594053643752,0.8,0.7999999999999998,0.7999999999999999,0.004679999999999999,"2395.TW,2207.TW,1303.TW,2615.TW,2603.TW",2022,7,5
2022-11-11,0.014740794540446965,0.008804560892385238,0.04143881105917435,0.001024379822480299,1.0,0.9999999999999999,1.0,0.005849999999999999,"6669.TW,2317.TW,2912.TW",2022,7,3
2022-11-11,-0.010863900922672708,-0.01413204972935822,0.04143881105917435,0.001024379822480299,0.5647937793331471,0.5647937793331472,0.5647937793331472,0.0033040436090989115,"6669.TW,2317.TW,2912.TW,2615.TW,4904.TW,1216.TW,2412.TW,2207.TW,2603.TW,1590.TW,2618.TW,5876.TW,3045.TW,3231.TW,3017.TW,3034.TW,2002.TW,2885.TW,1326.TW,2327.TW",2022,7,20
2022-11-11,-0.014025753380073346,-0.01755695620380504,0.04143881105917435,0.001024379822480299,0.6122111367334556,0.6122111367334556,0.6122111367334556,0.0035814351498907157,"6669.TW,2317.TW,2912.TW,2615.TW,4904.TW,1216.TW,2412.TW,2207.TW,2603.TW,1590.TW,2618.TW,5876.TW,3045.TW,3231.TW,3017.TW",2022,7,15
2022-11-11,-0.011295038571527694,-0.015385398815166762,0.04143881105917435,0.001024379822480299,0.7071946703335527,0.7071946703335527,0.7071946703335527,0.0041370888214512834,"6669.TW,2317.TW,2912.TW,2615.TW,4904.TW,1216.TW,2412.TW,2207.TW,2603.TW,1590.TW",2022,7,10
2022-11-11,-0.004401879650050743,-0.009061278853288557,0.04143881105917435,0.001024379822480299,0.8,0.7999999999999999,0.8,0.00468,"6669.TW,2317.TW,2912.TW,2615.TW,4904.TW",2022,7,5
2022-11-18,0.0326032392528824,0.02774648029799187,0.0021863373356094673,0.007366414371005745,0.8040021320917685,0.8040021320917686,0.8040021320917685,0.004703412472736847,"1590.TW,2609.TW,5871.TW,2615.TW,3037.TW",2022,7,5
2022-11-18,0.01696171599272515,0.012168839264574238,0.0021863373356094673,0.007366414371005745,0.8056302949472258,0.8056302949472259,0.8056302949472258,0.004712937225441272,"1590.TW,2609.TW,5871.TW,2615.TW,3037.TW,1101.TW,2886.TW,2327.TW,3017.TW,3034.TW",2022,7,10
2022-11-18,0.04479879517609634,0.03868672222431613,0.0021863373356094673,0.007366414371005745,1.0,1.0,1.0,0.00585,"1590.TW,2609.TW,5871.TW",2022,7,3
2022-11-18,0.011062927644064687,0.007074219350372557,0.0021863373356094673,0.007366414371005745,0.674369971355746,0.6743699713557461,0.6743699713557461,0.003945064332431115,"1590.TW,2609.TW,5871.TW,2615.TW,3037.TW,1101.TW,2886.TW,2327.TW,3017.TW,3034.TW,6669.TW,5880.TW,2395.TW,5876.TW,2454.TW",2022,7,15
2022-11-18,0.008383565782831838,0.005101347652437971,0.0021863373356094673,0.007366414371005745,0.5563983263024752,0.5563983263024753,0.5563983263024752,0.0032549302088694804,"1590.TW,2609.TW,5871.TW,2615.TW,3037.TW,1101.TW,2886.TW,2327.TW,3017.TW,3034.TW,6669.TW,5880.TW,2395.TW,5876.TW,2454.TW,2303.TW,2603.TW,3008.TW,2330.TW,2317.TW",2022,7,20
2022-11-25,0.04176080671733838,0.038044878117281966,0.02356021653819096,0.02858395954519328,0.6097383065280187,0.6097383065280186,0.6097383065280186,0.0035669690931889094,"2379.TW,3008.TW,2883.TW,3034.TW,2002.TW,3037.TW,2327.TW,6669.TW,2357.TW,2330.TW,2454.TW,2615.TW,2303.TW,3711.TW,2382.TW",2022,7,15
2022-11-25,0.04536889678273544,0.04101640548655405,0.02356021653819096,0.02858395954519328,0.7117254095417264,0.7117254095417263,0.7117254095417263,0.004163593645819099,"2379.TW,3008.TW,2883.TW,3034.TW,2002.TW,3037.TW,2327.TW,6669.TW,2357.TW,2330.TW",2022,7,10
2022-11-25,0.026965244618133922,0.020957497937117875,0.02356021653819096,0.02858395954519328,1.0,1.0,1.0,0.00585,"2379.TW,3008.TW,2883.TW,3034.TW,2002.TW",2022,7,5
2022-11-25,0.04239265181854987,0.039882459550808935,0.02356021653819096,0.02858395954519328,0.41164209531958074,0.4116420953195807,0.41164209531958074,0.0024081062576195474,"2379.TW,3008.TW,2883.TW,3034.TW,2002.TW,3037.TW,2327.TW,6669.TW,2357.TW,2330.TW,2454.TW,2615.TW,2303.TW,3711.TW,2382.TW,2395.TW,5871.TW,1303.TW,2881.TW,5880.TW",2022,7,20
2022-11-25,0.03566533506260831,0.029606692852492067,0.02356021653819096,0.02858395954519328,1.0,1.0,1.0,0.00585,"2379.TW,3008.TW,2883.TW",2022,7,3
2022-12-02,-0.029919406458652893,-0.034471862546908705,-0.026427929296466313,-0.017799237568241436,0.8021989380111241,0.8021989380111243,0.8021989380111242,0.004692863787365077,"2345.TW,2408.TW,2379.TW,5876.TW,2884.TW",2022,7,5
2022-12-02,-0.0578173387024173,-0.06152731529540345,-0.026427929296466313,-0.017799237568241436,0.6731009378963577,0.6731009378963579,0.6731009378963578,0.003937640486693694,"2345.TW,2408.TW,2379.TW",2022,7,3
2022-12-02,-0.014606153473455952,-0.01923865068600028,-0.026427929296466313,-0.017799237568241436,0.8036176277977902,0.8036176277977906,0.8036176277977904,0.004701163122617075,"2345.TW,2408.TW,2379.TW,5876.TW,2884.TW,2618.TW,2330.TW,1216.TW,1301.TW,2886.TW,2395.TW,2912.TW,3037.TW,2603.TW,9910.TW",2022,7,15
2022-12-02,-0.01636480323035638,-0.02100330553494134,-0.026427929296466313,-0.017799237568241436,0.8060980122062575,0.8060980122062575,0.8060980122062575,0.004715673371406607,"2345.TW,2408.TW,2379.TW,5876.TW,2884.TW,2618.TW,2330.TW,1216.TW,1301.TW,2886.TW",2022,7,10
2022-12-02,-0.018085134101792244,-0.021848467164793384,-0.026427929296466313,-0.017799237568241436,0.6551533329783574,0.6551533329783573,0.6551533329783574,0.0038326469979233905,"2345.TW,2408.TW,2379.TW,5876.TW,2884.TW,2618.TW,2330.TW,1216.TW,1301.TW,2886.TW,2395.TW,2912.TW,3037.TW,2603.TW,9910.TW,2454.TW,1590.TW,2615.TW,2892.TW,3711.TW",2022,7,20
2022-12-09,-0.009945874253000465,-0.015737690888620426,-0.01619966027309394,-0.0038945823167522266,1.0,1.0,1.0,0.00585,"3008.TW,3037.TW,3017.TW,2327.TW,1303.TW",2022,7,5
2022-12-09,-0.011171297002655324,-0.016955944915189813,-0.01619966027309394,-0.0038945823167522266,1.0,1.0,1.0,0.00585,"3008.TW,3037.TW,3017.TW",2022,7,3
2022-12-09,-0.006347564111430642,-0.010767357262786548,-0.01619966027309394,-0.0038945823167522266,0.7603465452558805,0.7603465452558805,0.7603465452558805,0.004448027289746901,"3008.TW,3037.TW,3017.TW,2327.TW,1303.TW,6669.TW,2345.TW,2308.TW,1102.TW,3034.TW,2357.TW,5871.TW,1590.TW,2379.TW,2891.TW,2883.TW,1326.TW,2885.TW,2408.TW,2882.TW",2022,7,20
2022-12-09,-0.00021313162633267418,-0.005492483784135138,-0.01619966027309394,-0.0038945823167522266,0.9026457426632652,0.9026457426632652,0.9026457426632652,0.005280477594580102,"3008.TW,3037.TW,3017.TW,2327.TW,1303.TW,6669.TW,2345.TW,2308.TW,1102.TW,3034.TW",2022,7,10
2022-12-09,-0.0050169605334068335,-0.009740981766521384,-0.01619966027309394,-0.0038945823167522266,0.8115967459571015,0.8115967459571017,0.8115967459571016,0.004747840963849045,"3008.TW,3037.TW,3017.TW,2327.TW,1303.TW,6669.TW,2345.TW,2308.TW,1102.TW,3034.TW,2357.TW,5871.TW,1590.TW,2379.TW,2891.TW",2022,7,15
2022-12-16,-0.010053760415460782,-0.013272269909744061,-0.013796112703686858,-0.00209829525739063,0.5557600414303764,0.5557600414303764,0.5557600414303764,0.003251196242367702,"3711.TW,2885.TW,2357.TW,2891.TW,2454.TW,3037.TW,2887.TW,2330.TW,2395.TW,2327.TW,1590.TW,3008.TW,2880.TW,2207.TW,5876.TW,2379.TW,2881.TW,2412.TW,1301.TW,3017.TW",2022,7,20
2022-12-16,-0.013052232240070832,-0.01655066609070366,-0.013796112703686858,-0.00209829525739063,0.6059316409493449,0.6059316409493452,0.605931640949345,0.0035447000995536687,"3711.TW,2885.TW,2357.TW,2891.TW,2454.TW,3037.TW,2887.TW,2330.TW,2395.TW,2327.TW,1590.TW,3008.TW,2880.TW,2207.TW,5876.TW",2022,7,15
2022-12-16,0.004320191555022791,-0.0015550815655740458,-0.013796112703686858,-0.00209829525739063,1.0,1.0,1.0,0.00585,"3711.TW,2885.TW,2357.TW,2891.TW,2454.TW",2022,7,5
2022-12-16,0.004582698870232697,-0.0012941099181582594,-0.013796112703686858,-0.00209829525739063,1.0,1.0,1.0,0.00585,"3711.TW,2885.TW,2357.TW",2022,7,3
2022-12-16,-0.011413549604694984,-0.01606932402093786,-0.013796112703686858,-0.00209829525739063,0.8050473221165373,0.8050473221165373,0.8050473221165373,0.004709526834381743,"3711.TW,2885.TW,2357.TW,2891.TW,2454.TW,3037.TW,2887.TW,2330.TW,2395.TW,2327.TW",2022,7,10
2022-12-23,-0.01896900081948593,-0.0230560461414423,-0.010830298280957162,-0.01181746991142051,0.7121489805715018,0.7121489805715019,0.7121489805715018,0.004166071536343286,"2345.TW,2603.TW,3711.TW,3037.TW,6669.TW,9910.TW,3231.TW,3017.TW,2330.TW,2615.TW",2022,7,10
2022-12-23,-0.016731770167638785,-0.021354072441809424,-0.010830298280957162,-0.01181746991142051,0.8035824985604969,0.8035824985604969,0.8035824985604969,0.004700957616578906,"2345.TW,2603.TW,3711.TW,3037.TW,6669.TW",2022,7,5
2022-12-23,-0.008401836784183232,-0.01230420173314295,-0.010830298280957162,-0.01181746991142051,0.6727230406344697,0.6727230406344697,0.6727230406344697,0.003935429787711648,"2345.TW,2603.TW,3711.TW",2022,7,3
2022-12-23,-0.017682425501722054,-0.021566075798415185,-0.010830298280957162,-0.01181746991142051,0.6758220180756187,0.6758220180756193,0.6758220180756189,0.003953558805742372,"2345.TW,2603.TW,3711.TW,3037.TW,6669.TW,9910.TW,3231.TW,3017.TW,2330.TW,2615.TW,5871.TW,1101.TW,2609.TW,2887.TW,2327.TW",2022,7,15
2022-12-23,-0.014175380298676984,-0.01768330142311314,-0.010830298280957162,-0.01181746991142051,0.6082670534617365,0.6082670534617365,0.6082670534617365,0.0035583622627511583,"2345.TW,2603.TW,3711.TW,3037.TW,6669.TW,9910.TW,3231.TW,3017.TW,2330.TW,2615.TW,5871.TW,1101.TW,2609.TW,2887.TW,2327.TW,2303.TW,3034.TW,2412.TW,2892.TW,2357.TW",2022,7,20
2022-12-30,0.05271820536686813,0.048392305185583684,0.057937773930003544,0.04255421626823891,0.7024388033653979,0.702438803365398,0.7024388033653979,0.004109266999687578,"2887.TW,3034.TW,9910.TW,3037.TW,1216.TW,2327.TW,3231.TW,2618.TW,2002.TW,2882.TW",2022,7,10
2022-12-30,0.04535980269258864,0.04043837607398437,0.057937773930003544,0.04255421626823891,0.8047655030227772,0.804765503022777,0.8047655030227772,0.0047078781926832465,"2887.TW,3034.TW,9910.TW,3037.TW,1216.TW",2022,7,5
2022-12-30,0.048350049130098244,0.04221720134268714,0.057937773930003544,0.04255421626823891,1.0,1.0,1.0,0.00585,"2887.TW,3034.TW,9910.TW",2022,7,3
2022-12-30,0.04916516636620153,0.04545471289316705,0.057937773930003544,0.04255421626823891,0.6045430893811252,0.6045430893811253,0.6045430893811252,0.0035365770728795834,"2887.TW,3034.TW,9910.TW,3037.TW,1216.TW,2327.TW,3231.TW,2618.TW,2002.TW,2882.TW,2892.TW,2379.TW,2615.TW,2912.TW,3008.TW",2022,7,15
2022-12-30,0.044891915907258245,0.04180912952906457,0.057937773930003544,0.04255421626823891,0.5043316178811688,0.5043316178811688,0.5043316178811688,0.002950339964604837,"2887.TW,3034.TW,9910.TW,3037.TW,1216.TW,2327.TW,3231.TW,2618.TW,2002.TW,2882.TW,2892.TW,2379.TW,2615.TW,2912.TW,3008.TW,3017.TW,2454.TW,6669.TW,1590.TW,2395.TW",2022,7,20
2023-01-03,0.022862274550070838,0.02140469580883697,0.05757016750311572,0.03670480344273937,0.9999999999999999,0.0,0.49999999999999994,0.0014249999999999998,"3017.TW,1590.TW,2892.TW,2412.TW,2618.TW,2880.TW,1216.TW,2882.TW,2887.TW,2357.TW",2023,7,10
2023-01-03,0.028237936888208297,0.0267726978281424,0.05757016750311572,0.03670480344273937,0.9999999999999999,0.0,0.49999999999999994,0.0014249999999999998,"3017.TW,1590.TW,2892.TW,2412.TW,2618.TW,2880.TW,1216.TW,2882.TW,2887.TW,2357.TW,2382.TW,5871.TW,2603.TW,3037.TW,3711.TW",2023,7,15
2023-01-03,0.02477892105536705,0.02331861109286315,0.05757016750311572,0.03670480344273937,1.0000000000000002,0.0,0.5000000000000001,0.0014250000000000003,"3017.TW,1590.TW,2892.TW,2412.TW,2618.TW,2880.TW,1216.TW,2882.TW,2887.TW,2357.TW,2382.TW,5871.TW,2603.TW,3037.TW,3711.TW,2912.TW,2317.TW,2308.TW,1301.TW,3045.TW",2023,7,20
2023-01-03,0.01986154355375838,0.018408240854194347,0.05757016750311572,0.03670480344273937,1.0,0.0,0.5,0.001425,"3017.TW,1590.TW,2892.TW,2412.TW,2618.TW",2023,7,5
2023-01-03,0.021579831532461458,0.020124080272527767,0.05757016750311572,0.03670480344273937,1.0,0.0,0.5,0.001425,"3017.TW,1590.TW,2892.TW",2023,7,3
2023-01-10,0.01672544701359602,0.01350686043293825,0.05888816676788888,0.021924353011585525,0.5411350152584865,0.5411350152584864,0.5411350152584864,0.003165639839262146,"2412.TW,2912.TW,5880.TW,4904.TW,1216.TW,2892.TW,3017.TW,2883.TW,3045.TW,6669.TW,2887.TW,2357.TW,2881.TW,2345.TW,2618.TW",2023,7,15
2023-01-10,0.018354738757929437,0.013581074640773183,0.05888816676788888,0.021924353011585525,0.801303248407272,0.8013032484072717,0.8013032484072719,0.00468762400318254,"2412.TW,2912.TW,5880.TW,4904.TW,1216.TW",2023,7,5
2023-01-10,0.013238000161664465,0.00964363804012014,0.05888816676788888,0.021924353011585525,0.6063934390337129,0.6063934390337128,0.6063934390337129,0.00354740161834722,"2412.TW,2912.TW,5880.TW,4904.TW,1216.TW,2892.TW,3017.TW,2883.TW,3045.TW,6669.TW",2023,7,10
2023-01-10,0.01385391006474112,0.010855137848520213,0.05888816676788888,0.021924353011585525,0.5056060149915449,0.5056060149915447,0.5056060149915448,0.0029577951877005366,"2412.TW,2912.TW,5880.TW,4904.TW,1216.TW,2892.TW,3017.TW,2883.TW,3045.TW,6669.TW,2887.TW,2357.TW,2881.TW,2345.TW,2618.TW,3008.TW,3034.TW,2884.TW,2880.TW,1326.TW",2023,7,20
2023-01-10,0.02513998654984384,0.019142917628527156,0.05888816676788888,0.021924353011585525,1.0,1.0,1.0,0.00585,"2412.TW,2912.TW,5880.TW",2023,7,3
2023-01-17,-0.02612753619019119,-0.029549715328261006,-0.00579467667904543,-0.005567250750877104,0.6006822336479976,0.6006822336479976,0.6006822336479976,0.0035139910668407857,"2880.TW,2887.TW,2883.TW,2912.TW,1216.TW",2023,7,5
2023-01-17,-0.01779599093458357,-0.02068148617206511,-0.00579467667904543,-0.005567250750877104,0.502183909442053,0.502183909442053,0.502183909442053,0.0029377758702360105,"2880.TW,2887.TW,2883.TW,2912.TW,1216.TW,2892.TW,2412.TW,3231.TW,2885.TW,2884.TW",2023,7,10
2023-01-17,-0.004447710225710438,-0.006523692537923176,-0.00579467667904543,-0.005567250750877104,0.3564541762028962,0.35645417620289643,0.3564541762028963,0.002085256930786944,"2880.TW,2887.TW,2883.TW,2912.TW,1216.TW,2892.TW,2412.TW,3231.TW,2885.TW,2884.TW,2615.TW,3037.TW,5880.TW,3045.TW,2886.TW,3008.TW,2881.TW,2618.TW,2882.TW,1590.TW",2023,7,20
2023-01-17,-0.006923167982696174,-0.012732667449997459,-0.00579467667904543,-0.005567250750877104,1.0,1.0,1.0,0.00585,"2880.TW,2887.TW,2883.TW",2023,7,3
2023-01-17,-0.011274790019585156,-0.014002074106097884,-0.00579467667904543,-0.005567250750877104,0.4715186820816599,0.4715186820816599,0.4715186820816599,0.0027583842901777104,"2880.TW,2887.TW,2883.TW,2912.TW,1216.TW,2892.TW,2412.TW,3231.TW,2885.TW,2884.TW,2615.TW,3037.TW,5880.TW,3045.TW,2886.TW",2023,7,15
2023-02-03,-0.01316189378748465,-0.017780610855879564,0.004995822424530338,-0.0015295399524848442,0.8000545177829683,0.8000545177829683,0.8000545177829683,0.004680318929030365,"3037.TW,2891.TW,9910.TW,1216.TW,3711.TW",2023,7,5
2023-02-03,-0.002547446430006263,-0.007230923735772055,0.004995822424530338,-0.0015295399524848442,0.8026390913297975,0.8026390913297974,0.8026390913297974,0.004695438684279315,"3037.TW,2891.TW,9910.TW,1216.TW,3711.TW,2892.TW,2317.TW,3045.TW,1326.TW,2330.TW",2023,7,10
2023-02-03,-0.002409953417009491,-0.0055557285706412385,0.004995822424530338,-0.0015295399524848442,0.5390383999349797,0.5390383999349796,0.5390383999349797,0.003153374639619631,"3037.TW,2891.TW,9910.TW,1216.TW,3711.TW,2892.TW,2317.TW,3045.TW,1326.TW,2330.TW,2412.TW,2880.TW,2883.TW,1102.TW,2303.TW",2023,7,15
2023-02-03,-0.024033427192196213,-0.02974283164312197,0.004995822424530338,-0.0015295399524848442,1.0,1.0,1.0,0.00585,"3037.TW,2891.TW,9910.TW",2023,7,3
2023-02-03,-0.001346575846043657,-0.0046186985909885125,0.004995822424530338,-0.0015295399524848442,0.5600914269451978,0.5600914269451979,0.5600914269451978,0.0032765348476294074,"3037.TW,2891.TW,9910.TW,1216.TW,3711.TW,2892.TW,2317.TW,3045.TW,1326.TW,2330.TW,2412.TW,2880.TW,2883.TW,1102.TW,2303.TW,2327.TW,1301.TW,2912.TW,3231.TW,3034.TW",2023,7,20
2023-02-10,0.011340935849206021,0.007364662243355635,-0.01781272962256153,0.010459429516112544,0.6720828414981691,0.6720828414981693,0.6720828414981692,0.00393168462276429,"3037.TW,9910.TW,2615.TW,2379.TW,2357.TW,2618.TW,2603.TW,2207.TW,1590.TW,3231.TW,3034.TW,2609.TW,3711.TW,1102.TW,2883.TW",2023,7,15
2023-02-10,0.0029164449813120497,0.0009125984561026979,-0.01781272962256153,0.010459429516112544,0.34154177974771066,0.3415417797477107,0.3415417797477107,0.0019980194115241075,"3037.TW,9910.TW,2615.TW",2023,7,3
2023-02-10,0.014654222061935562,0.011037717488011412,-0.01781272962256153,0.010459429516112544,0.6092774234125318,0.6092774234125318,0.6092774234125318,0.003564272926963311,"3037.TW,9910.TW,2615.TW,2379.TW,2357.TW",2023,7,5
2023-02-10,0.01204651262422705,0.008168185084442392,-0.01781272962256153,0.010459429516112544,0.6550706556892534,0.6550706556892533,0.6550706556892534,0.0038321633357821317,"3037.TW,9910.TW,2615.TW,2379.TW,2357.TW,2618.TW,2603.TW,2207.TW,1590.TW,3231.TW,3034.TW,2609.TW,3711.TW,1102.TW,2883.TW,2887.TW,2382.TW,2881.TW,2002.TW,2308.TW",2023,7,20
2023-02-10,0.01104218853070451,0.006270778839053914,-0.01781272962256153,0.010459429516112544,0.8067176598255134,0.8067176598255135,0.8067176598255135,0.0047192983099792534,"3037.TW,9910.TW,2615.TW,2379.TW,2357.TW,2618.TW,2603.TW,2207.TW,1590.TW,3231.TW",2023,7,10
2023-02-17,-0.025340797974459317,-0.031042554306308756,-0.010544070813414796,0.002094825002417262,1.0,1.0,1.0,0.00585,"3008.TW,2330.TW,5871.TW",2023,7,3
2023-02-17,-0.0005595215292426136,-0.006406248328296615,-0.010544070813414796,0.002094825002417262,1.0,1.0,1.0,0.00585,"3008.TW,2330.TW,5871.TW,3017.TW,3711.TW",2023,7,5
2023-02-17,0.005166157715858091,0.0011993213686614101,-0.010544070813414796,0.002094825002417262,0.6746065593994784,0.6746065593994786,0.6746065593994786,0.003946448372486949,"3008.TW,2330.TW,5871.TW,3017.TW,3711.TW,1590.TW,9910.TW,2395.TW,3231.TW,2308.TW,2892.TW,2412.TW,2303.TW,2379.TW,2885.TW",2023,7,15
2023-02-17,0.00015573361007342116,-0.00368675997670731,-0.010544070813414796,0.002094825002417262,0.6567342349675441,0.6567342349675439,0.656734234967544,0.003841895274560132,"3008.TW,2330.TW,5871.TW,3017.TW,3711.TW,1590.TW,9910.TW,2395.TW,3231.TW,2308.TW,2892.TW,2412.TW,2303.TW,2379.TW,2885.TW,5876.TW,2002.TW,2317.TW,3045.TW,2884.TW",2023,7,20
2023-02-17,0.006383429665446782,0.002218513418724477,-0.010544070813414796,0.002094825002417262,0.7074356295819669,0.7074356295819669,0.7074356295819669,0.004138498433054506,"3008.TW,2330.TW,5871.TW,3017.TW,3711.TW,1590.TW,9910.TW,2395.TW,3231.TW,2308.TW",2023,7,10
2023-02-24,0.017953480858390568,0.013174169136240366,0.027280486167213125,0.022677086361643662,0.802567482820341,0.802567482820341,0.802567482820341,0.004695019774498994,"3037.TW,2887.TW,2886.TW,2330.TW,2002.TW,2408.TW,5876.TW,2395.TW,2382.TW,2884.TW",2023,7,10
2023-02-24,0.01952796552319034,0.01561462498022581,0.027280486167213125,0.022677086361643662,0.6561341365640646,0.6561341365640647,0.6561341365640647,0.0038383846988997786,"3037.TW,2887.TW,2886.TW,2330.TW,2002.TW,2408.TW,5876.TW,2395.TW,2382.TW,2884.TW,1301.TW,4904.TW,2357.TW,2882.TW,1303.TW,2883.TW,2885.TW,2327.TW,5871.TW,5880.TW",2023,7,20
2023-02-24,0.026549491585307464,0.021722532250258775,0.027280486167213125,0.022677086361643662,0.8037812697956044,0.8037812697956044,0.8037812697956044,0.004702120428304286,"3037.TW,2887.TW,2886.TW,2330.TW,2002.TW",2023,7,5
2023-02-24,0.03300577224070148,0.026962688473093355,0.027280486167213125,0.022677086361643662,1.0,1.0,1.0,0.00585,"3037.TW,2887.TW,2886.TW",2023,7,3
2023-02-24,0.018280029682399942,0.013107622289532328,0.027280486167213125,0.022677086361643662,0.8682996603446989,0.8682996603446986,0.8682996603446987,0.005079553013016488,"3037.TW,2887.TW,2886.TW,2330.TW,2002.TW,2408.TW,5876.TW,2395.TW,2382.TW,2884.TW,1301.TW,4904.TW,2357.TW,2882.TW,1303.TW",2023,7,15
2023-03-07,-0.018310829942012087,-0.022343483705821954,-0.01742735922869676,-0.02275932077333824,0.7022003957601693,0.7022003957601693,0.7022003957601693,0.00410787231519699,"1301.TW,5876.TW,1216.TW,2891.TW,1102.TW,2887.TW,2883.TW,2330.TW,3231.TW,2303.TW",2023,7,10
2023-03-07,-0.02458068325395575,-0.03028688625692022,-0.01742735922869676,-0.02275932077333824,1.0,1.0,1.0,0.00585,"1301.TW,5876.TW,1216.TW",2023,7,3
2023-03-07,-0.02663910933545066,-0.032333270545838344,-0.01742735922869676,-0.02275932077333824,1.0,1.0,1.0,0.00585,"1301.TW,5876.TW,1216.TW,2891.TW,1102.TW",2023,7,5
2023-03-07,-0.01902799382157118,-0.0224829485766056,-0.01742735922869676,-0.02275932077333824,0.6020462894929247,0.6020462894929247,0.6020462894929247,0.0035219707935336096,"1301.TW,5876.TW,1216.TW,2891.TW,1102.TW,2887.TW,2883.TW,2330.TW,3231.TW,2303.TW,1303.TW,2317.TW,3045.TW,2881.TW,2382.TW",2023,7,15
2023-03-07,-0.025899265493469763,-0.02876945826904964,-0.01742735922869676,-0.02275932077333824,0.5036760843193765,0.5036760843193765,0.5036760843193765,0.0029465050932683525,"1301.TW,5876.TW,1216.TW,2891.TW,1102.TW,2887.TW,2883.TW,2330.TW,3231.TW,2303.TW,1303.TW,2317.TW,3045.TW,2881.TW,2382.TW,2885.TW,2886.TW,2882.TW,2615.TW,2345.TW",2023,7,20
2023-03-14,0.02625731780256431,0.02025371249341923,0.00886814668791236,0.013877267343515867,1.0,1.0,1.0,0.00585,"3711.TW,2382.TW,4904.TW,2303.TW,2345.TW",2023,7,5
2023-03-14,0.032340716904938796,0.027509362349823707,0.00886814668791236,0.013877267343515867,0.7999999999999999,0.8000000000000002,0.8,0.00468,"3711.TW,2382.TW,4904.TW,2303.TW,2345.TW,2379.TW,2412.TW,3231.TW,3034.TW,3008.TW",2023,7,10
2023-03-14,0.025272371322520092,0.02127380907436227,0.00886814668791236,0.013877267343515867,0.6666666666666666,0.6666666666666665,0.6666666666666665,0.0038999999999999994,"3711.TW,2382.TW,4904.TW,2303.TW,2345.TW,2379.TW,2412.TW,3231.TW,3034.TW,3008.TW,2609.TW,1216.TW,1590.TW,3045.TW,2357.TW",2023,7,15
2023-03-14,0.017896657560428793,0.014000906303465177,0.00886814668791236,0.013877267343515867,0.6542318229060294,0.6542318229060292,0.6542318229060293,0.003827256164000271,"3711.TW,2382.TW,4904.TW,2303.TW,2345.TW,2379.TW,2412.TW,3231.TW,3034.TW,3008.TW,2609.TW,1216.TW,1590.TW,3045.TW,2357.TW,2615.TW,2454.TW,2618.TW,5871.TW,2327.TW",2023,7,20
2023-03-14,0.01976458960852112,0.013798966759311249,0.00886814668791236,0.013877267343515867,1.0,1.0,1.0,0.00585,"3711.TW,2382.TW,4904.TW",2023,7,3
2023-03-21,0.018311078270821544,0.015312079905216214,0.010046067110561552,0.014215780804515415,0.5034309301008263,0.5034309301008262,0.5034309301008262,0.0029450709410898334,"1216.TW,2303.TW,4904.TW,3045.TW,2412.TW,2408.TW,2379.TW,2615.TW,2382.TW,1590.TW",2023,7,10
2023-03-21,0.012322800099717833,0.010514122917239854,0.010046067110561552,0.014215780804515415,0.30541205504596225,0.3054120550459622,0.30541205504596225,0.0017866605220188789,"1216.TW,2303.TW,4904.TW,3045.TW,2412.TW,2408.TW,2379.TW,2615.TW,2382.TW,1590.TW,2454.TW,3034.TW,3711.TW,2330.TW,2317.TW,2395.TW,2345.TW,5871.TW,1301.TW,1303.TW",2023,7,20
2023-03-21,0.012352705057076528,0.00840452950735382,0.010046067110561552,0.014215780804515415,0.6666666666666666,0.6666666666666667,0.6666666666666667,0.0039000000000000003,"1216.TW,2303.TW,4904.TW",2023,7,3
2023-03-21,0.011112510068985526,0.0075628369279134855,0.010046067110561552,0.014215780804515415,0.6001129720718943,0.6001129720718942,0.6001129720718943,0.0035106608866205813,"1216.TW,2303.TW,4904.TW,3045.TW,2412.TW",2023,7,5
2023-03-21,0.012854131075357015,0.010851970032388136,0.010046067110561552,0.014215780804515415,0.33790625958298637,0.3379062595829865,0.3379062595829864,0.0019767516185604708,"1216.TW,2303.TW,4904.TW,3045.TW,2412.TW,2408.TW,2379.TW,2615.TW,2382.TW,1590.TW,2454.TW,3034.TW,3711.TW,2330.TW,2317.TW",2023,7,15
2023-03-28,0.006981339619724081,0.004886519354283081,0.004973114945737045,0.007219892460888824,0.3556063257325641,0.355606325732564,0.35560632573256407,0.0020802970055354996,"2379.TW,3008.TW,2303.TW,3034.TW,3045.TW,2412.TW,3037.TW,3711.TW,1101.TW,1301.TW,2395.TW,2330.TW,2308.TW,1303.TW,1216.TW,2382.TW,2887.TW,6669.TW,2317.TW,3231.TW",2023,7,20
2023-03-28,-0.012519869121336881,-0.016433866612846182,0.004973114945737045,0.007219892460888824,0.6775421391645309,0.6775421391645309,0.6775421391645309,0.003963621514112506,"2379.TW,3008.TW,2303.TW",2023,7,3
2023-03-28,0.0001451598265908537,-0.002623366293142859,0.004973114945737045,0.007219892460888824,0.4731836409043533,0.47318364090435344,0.4731836409043534,0.0027681242992904677,"2379.TW,3008.TW,2303.TW,3034.TW,3045.TW,2412.TW,3037.TW,3711.TW,1101.TW,1301.TW,2395.TW,2330.TW,2308.TW,1303.TW,1216.TW",2023,7,15
2023-03-28,0.003938787161135493,0.0003768574758018506,0.004973114945737045,0.007219892460888824,0.6064880419747104,0.6064880419747105,0.6064880419747105,0.0035479550455520563,"2379.TW,3008.TW,2303.TW,3034.TW,3045.TW",2023,7,5
2023-03-28,0.00542187054927682,0.0018404612196278869,0.004973114945737045,0.007219892460888824,0.6089053172102251,0.6089053172102251,0.6089053172102251,0.0035620961056798167,"2379.TW,3008.TW,2303.TW,3034.TW,3045.TW,2412.TW,3037.TW,3711.TW,1101.TW,1301.TW",2023,7,10
2023-04-07,0.018300887342954757,0.015881171509778857,-0.007422643074498914,0.016480461571269145,0.4061929467910034,0.4061929467910034,0.4061929467910034,0.00237622873872737,"2454.TW,3711.TW,2345.TW,1301.TW,2382.TW,2412.TW,2395.TW,1216.TW,1303.TW,3045.TW,2308.TW,2887.TW,2379.TW,2884.TW,2327.TW",2023,7,15
2023-04-07,-0.01229705623402184,-0.01807511845505283,-0.007422643074498914,0.016480461571269145,1.0,1.0,1.0,0.00585,"2454.TW,3711.TW,2345.TW,1301.TW,2382.TW",2023,7,5
2023-04-07,0.015051406882624994,0.012931472502734298,-0.007422643074498914,0.016480461571269145,0.357008465604125,0.35700846560412514,0.3570084656041251,0.002088499523784132,"2454.TW,3711.TW,2345.TW,1301.TW,2382.TW,2412.TW,2395.TW,1216.TW,1303.TW,3045.TW,2308.TW,2887.TW,2379.TW,2884.TW,2327.TW,2303.TW,2330.TW,4904.TW,1590.TW,1102.TW",2023,7,20
2023-04-07,0.006287967769002291,0.0027406670187684057,-0.007422643074498914,0.016480461571269145,0.6025871480561614,0.6025871480561615,0.6025871480561615,0.003525134816128545,"2454.TW,3711.TW,2345.TW,1301.TW,2382.TW,2412.TW,2395.TW,1216.TW,1303.TW,3045.TW",2023,7,10
2023-04-07,-0.024126541341330892,-0.029835401074484125,-0.007422643074498914,0.016480461571269145,1.0,1.0,1.0,0.00585,"2454.TW,3711.TW,2345.TW",2023,7,3
2023-04-14,0.012127809455051096,0.006206861769738836,-0.021188235149544155,-0.02364530156959401,1.0,1.0,1.0,0.00585,"2382.TW,1303.TW,2886.TW",2023,7,3
2023-04-14,0.0071132092946115015,0.002396088436769084,-0.021188235149544155,-0.02364530156959401,0.8006502529639266,0.8006502529639263,0.8006502529639264,0.004683803979838969,"2382.TW,1303.TW,2886.TW,2412.TW,2885.TW",2023,7,5
2023-04-14,0.0018213506544820354,-0.001122331081893746,-0.021188235149544155,-0.02364530156959401,0.5022786336913252,0.5022786336913252,0.5022786336913252,0.0029383300070942526,"2382.TW,1303.TW,2886.TW,2412.TW,2885.TW,2892.TW,1102.TW,1301.TW,5880.TW,1216.TW",2023,7,10
2023-04-14,-0.010663896545685779,-0.01358007399725103,-0.021188235149544155,-0.02364530156959401,0.5038650366866394,0.5038650366866393,0.5038650366866393,0.00294761046461684,"2382.TW,1303.TW,2886.TW,2412.TW,2885.TW,2892.TW,1102.TW,1301.TW,5880.TW,1216.TW,1590.TW,2609.TW,2887.TW,3008.TW,5876.TW,1326.TW,2303.TW,2912.TW,2884.TW,2883.TW",2023,7,20
2023-04-14,-0.008614836742361624,-0.012113566979880974,-0.021188235149544155,-0.02364530156959401,0.6032706228020067,0.6032706228020068,0.6032706228020068,0.0035291331433917397,"2382.TW,1303.TW,2886.TW,2412.TW,2885.TW,2892.TW,1102.TW,1301.TW,5880.TW,1216.TW,1590.TW,2609.TW,2887.TW,3008.TW,5876.TW",2023,7,15
2023-04-21,0.013761188131699877,0.008423735476186467,-0.0029711780601774374,0.00904856853412739,0.8999999999999999,0.8999999999999999,0.8999999999999999,0.005265,"6669.TW,3045.TW,3034.TW,2327.TW,2308.TW,2883.TW,4904.TW,3017.TW,2412.TW,2379.TW",2023,7,10
2023-04-21,0.011587296977325232,0.007628488323616622,-0.0029711780601774374,0.00904856853412739,0.6689678982787354,0.6689678982787352,0.6689678982787353,0.0039134622049306015,"6669.TW,3045.TW,3034.TW,2327.TW,2308.TW,2883.TW,4904.TW,3017.TW,2412.TW,2379.TW,1301.TW,1216.TW,2395.TW,1303.TW,2609.TW",2023,7,15
2023-04-21,0.009515823398439578,0.00596263724423074,-0.0029711780601774374,0.00904856853412739,0.6016569869484653,0.6016569869484648,0.601656986948465,0.00351969337364852,"6669.TW,3045.TW,3034.TW,2327.TW,2308.TW,2883.TW,4904.TW,3017.TW,2412.TW,2379.TW,1301.TW,1216.TW,2395.TW,1303.TW,2609.TW,2603.TW,2887.TW,2357.TW,2892.TW,2317.TW",2023,7,20
2023-04-21,0.015177223039767984,0.00923843628498533,-0.0029711780601774374,0.00904856853412739,1.0,1.0,1.0,0.00585,"6669.TW,3045.TW,3034.TW",2023,7,3
2023-04-21,0.011244497209194028,0.005328716900520281,-0.0029711780601774374,0.00904856853412739,1.0,0.9999999999999999,1.0,0.005849999999999999,"6669.TW,3045.TW,3034.TW,2327.TW,2308.TW",2023,7,5
2023-04-28,0.02134882775752711,0.015373937115145564,0.009791472066471352,0.01045007322416206,1.0,1.0,1.0,0.00585,"2887.TW,2892.TW,1216.TW",2023,7,3
2023-04-28,0.012548263874367584,0.007213812327284241,0.009791472066471352,0.01045007322416206,0.9005714511240772,0.9005714511240773,0.9005714511240772,0.005268342989075852,"2887.TW,2892.TW,1216.TW,1101.TW,2886.TW,1303.TW,1301.TW,2412.TW,1102.TW,2891.TW",2023,7,10
2023-04-28,0.012878741983446823,0.010203963120644532,0.009791472066471352,0.01045007322416206,0.4514135178108644,0.4514135178108646,0.4514135178108645,0.002640769079193558,"2887.TW,2892.TW,1216.TW,1101.TW,2886.TW,1303.TW,1301.TW,2412.TW,1102.TW,2891.TW,5880.TW,2357.TW,3045.TW,2885.TW,2207.TW,4904.TW,2881.TW,2317.TW,2883.TW,2382.TW",2023,7,20
2023-04-28,0.019046126137664432,0.013084706299758997,0.009791472066471352,0.01045007322416206,1.0,0.9999999999999999,1.0,0.005849999999999999,"2887.TW,2892.TW,1216.TW,1101.TW,2886.TW",2023,7,5
2023-04-28,0.01434330731478159,0.010382196959386913,0.009791472066471352,0.01045007322416206,0.6675381760604712,0.6675381760604714,0.6675381760604713,0.0039050983299537575,"2887.TW,2892.TW,1216.TW,1101.TW,2886.TW,1303.TW,1301.TW,2412.TW,1102.TW,2891.TW,5880.TW,2357.TW,3045.TW,2885.TW,2207.TW",2023,7,15
2023-05-08,-0.009430578018891836,-0.015225409137481272,-0.00590218220023131,-0.0003878421191086523,1.0,1.0,1.0,0.00585,"2408.TW,1590.TW,2881.TW",2023,7,3
2023-05-08,-0.007426818456642637,-0.013233371568671326,-0.00590218220023131,-0.0003878421191086523,1.0,0.9999999999999998,0.9999999999999999,0.005849999999999999,"2408.TW,1590.TW,2881.TW,2885.TW,1102.TW",2023,7,5
2023-05-08,-0.003455675181103939,-0.006575066077373015,-0.00590218220023131,-0.0003878421191086523,0.535078269734124,0.535078269734124,0.535078269734124,0.0031302078779446253,"2408.TW,1590.TW,2881.TW,2885.TW,1102.TW,6669.TW,2886.TW,2884.TW,1216.TW,2892.TW,5880.TW,2882.TW,3045.TW,4904.TW,2883.TW",2023,7,15
2023-05-08,-0.0068373789240499415,-0.010326657879158652,-0.00590218220023131,-0.0003878421191086523,0.6005642262271749,0.6005642262271745,0.6005642262271746,0.0035133007234289717,"2408.TW,1590.TW,2881.TW,2885.TW,1102.TW,6669.TW,2886.TW,2884.TW,1216.TW,2892.TW",2023,7,10
2023-05-08,0.004012948302328673,0.002221019020051118,-0.00590218220023131,-0.0003878421191086523,0.30508839387295567,0.3050883938729557,0.3050883938729557,0.0017847671041567909,"2408.TW,1590.TW,2881.TW,2885.TW,1102.TW,6669.TW,2886.TW,2884.TW,1216.TW,2892.TW,5880.TW,2882.TW,3045.TW,4904.TW,2883.TW,2412.TW,2618.TW,2891.TW,2357.TW,2207.TW",2023,7,20
2023-05-15,0.026260476953874474,0.024723889722385373,0.037319796196011,0.02822296149782005,0.2559432911173509,0.2559432911173508,0.25594329111735087,0.0014972682530365023,"6669.TW,4904.TW,1216.TW,2886.TW,2881.TW,2887.TW,2882.TW,5880.TW,2412.TW,5871.TW,2885.TW,2892.TW,2891.TW,2912.TW,2618.TW,3034.TW,2884.TW,3045.TW,2395.TW,1102.TW",2023,7,20
2023-05-15,0.028114865305940075,0.023303287736308187,0.037319796196011,0.02822296149782005,0.8,0.7999999999999999,0.8,0.00468,"6669.TW,4904.TW,1216.TW,2886.TW,2881.TW",2023,7,5
2023-05-15,0.02122396336961422,0.015249803183902122,0.037319796196011,0.02822296149782005,1.0,1.0,1.0,0.00585,"6669.TW,4904.TW,1216.TW",2023,7,3
2023-05-15,0.026419828170033476,0.02278019287803379,0.037319796196011,0.02822296149782005,0.6061456159547404,0.6061456159547405,0.6061456159547405,0.0035459518533352318,"6669.TW,4904.TW,1216.TW,2886.TW,2881.TW,2887.TW,2882.TW,5880.TW,2412.TW,5871.TW",2023,7,10
2023-05-15,0.02999224040410173,0.027555732800962796,0.037319796196011,0.02822296149782005,0.4043690911828449,0.40436909118284503,0.404369091182845,0.0023655591834196433,"6669.TW,4904.TW,1216.TW,2886.TW,2881.TW,2887.TW,2882.TW,5880.TW,2412.TW,5871.TW,2885.TW,2892.TW,2891.TW,2912.TW,2618.TW",2023,7,15
2023-05-22,0.045841261065987536,0.042543034368034416,0.03638582784762101,0.026433683184429554,0.5390870073082424,0.5390870073082427,0.5390870073082425,0.003153658992753219,"6669.TW,9910.TW,2345.TW,2412.TW,3045.TW,1102.TW,2885.TW,2892.TW,4904.TW,2886.TW,2303.TW,5876.TW,3231.TW,1303.TW,2912.TW",2023,7,15
2023-05-22,0.08917803031766322,0.0840806771357765,0.03638582784762101,0.026433683184429554,0.8,0.7999999999999998,0.7999999999999999,0.004679999999999999,"6669.TW,9910.TW,2345.TW,2412.TW,3045.TW",2023,7,5
2023-05-22,0.041096833978449245,0.03801763882363818,0.03638582784762101,0.026433683184429554,0.5055803926615585,0.5055803926615587,0.5055803926615586,0.0029576452970701186,"6669.TW,9910.TW,2345.TW,2412.TW,3045.TW,1102.TW,2885.TW,2892.TW,4904.TW,2886.TW,2303.TW,5876.TW,3231.TW,1303.TW,2912.TW,2327.TW,2382.TW,1301.TW,2883.TW,2884.TW",2023,7,20
2023-05-22,0.042031521899088646,0.03835260938786367,0.03638582784762101,0.026433683184429554,0.6035075910147241,0.6035075910147238,0.603507591014724,0.0035305194074361345,"6669.TW,9910.TW,2345.TW,2412.TW,3045.TW,1102.TW,2885.TW,2892.TW,4904.TW,2886.TW",2023,7,10
2023-05-22,0.15183519533619344,0.14734303807438232,0.03638582784762101,0.026433683184429554,0.6666666666666666,0.6666666666666667,0.6666666666666667,0.0039000000000000003,"6669.TW,9910.TW,2345.TW",2023,7,3
2023-05-29,-0.0112053907471229,-0.0169898392112523,-0.003155758665425945,0.002930424903178941,1.0,1.0,1.0,0.00585,"2883.TW,2412.TW,2382.TW",2023,7,3
2023-05-29,0.00661646670949605,0.0035339495430841694,-0.003155758665425945,0.002930424903178941,0.5234625388902331,0.5234625388902329,0.523462538890233,0.0030622558525078628,"2883.TW,2412.TW,2382.TW,3017.TW,5876.TW,3037.TW,3711.TW,4904.TW,2880.TW,1303.TW,2002.TW,2886.TW,2885.TW,2892.TW,3045.TW,2881.TW,5880.TW,2207.TW,1326.TW,1216.TW",2023,7,20
2023-05-29,0.0033551782237459583,-0.0014000123456896496,-0.003155758665425945,0.002930424903178941,0.8101349416778071,0.8101349416778071,0.8101349416778071,0.004739289408815172,"2883.TW,2412.TW,2382.TW,3017.TW,5876.TW,3037.TW,3711.TW,4904.TW,2880.TW,1303.TW",2023,7,10
2023-05-29,-0.014053990590335942,-0.018762667089737173,-0.003155758665425945,0.002930424903178941,0.8163752964440165,0.8163752964440166,0.8163752964440165,0.004775795484197497,"2883.TW,2412.TW,2382.TW,3017.TW,5876.TW",2023,7,5
2023-05-29,0.005500936906083983,0.0025866040126463208,-0.003155758665425945,0.002930424903178941,0.49545111764258754,0.49545111764258765,0.4954511176425876,0.0028983890382091376,"2883.TW,2412.TW,2382.TW,3017.TW,5876.TW,3037.TW,3711.TW,4904.TW,2880.TW,1303.TW,2002.TW,2886.TW,2885.TW,2892.TW,3045.TW",2023,7,15
2023-06-05,0.017714679188211596,0.013700810297430088,0.030470838233400244,0.014698324819118948,0.6741884030492108,0.6741884030492111,0.6741884030492109,0.0039440021578378845,"3017.TW,2891.TW,2885.TW,2395.TW,3231.TW,2345.TW,3037.TW,2603.TW,2892.TW,5880.TW,2207.TW,2382.TW,1301.TW,2887.TW,6669.TW",2023,7,15
2023-06-05,0.03696855972999831,0.030902293655577617,0.030470838233400244,0.014698324819118948,1.0,1.0,1.0,0.00585,"3017.TW,2891.TW,2885.TW",2023,7,3
2023-06-05,0.019244377559498003,0.015631309697673457,0.030470838233400244,0.014698324819118948,0.6059571693665328,0.6059571693665328,0.6059571693665328,0.0035448494407942163,"3017.TW,2891.TW,2885.TW,2395.TW,3231.TW,2345.TW,3037.TW,2603.TW,2892.TW,5880.TW,2207.TW,2382.TW,1301.TW,2887.TW,6669.TW,2609.TW,2881.TW,2618.TW,2308.TW,2408.TW",2023,7,20
2023-06-05,0.027391851599206922,0.02255344528559511,0.030470838233400244,0.014698324819118948,0.8050268269496068,0.8050268269496068,0.8050268269496068,0.004709406937655199,"3017.TW,2891.TW,2885.TW,2395.TW,3231.TW",2023,7,5
2023-06-05,0.014166527253380957,0.009395280770994052,0.030470838233400244,0.014698324819118948,0.8042048986823948,0.8042048986823949,0.8042048986823949,0.00470459865729201,"3017.TW,2891.TW,2885.TW,2395.TW,3231.TW,2345.TW,3037.TW,2603.TW,2892.TW,5880.TW",2023,7,10
2023-06-12,0.03566633801542472,0.0331949550058801,0.006912556605619402,0.020168076159943413,0.4079099789220815,0.4079099789220814,0.4079099789220815,0.0023862733766941762,"2382.TW,2345.TW,2618.TW,2885.TW,2887.TW,5880.TW,2327.TW,2882.TW,2892.TW,2317.TW,3017.TW,1216.TW,2884.TW,3231.TW,3034.TW,3711.TW,2881.TW,6669.TW,2891.TW,2886.TW",2023,7,20
2023-06-12,0.031952684426542075,0.02831582720280501,0.006912556605619402,0.020168076159943413,0.602435562107288,0.6024355621072882,0.6024355621072881,0.003524248038327636,"2382.TW,2345.TW,2618.TW,2885.TW,2887.TW,5880.TW,2327.TW,2882.TW,2892.TW,2317.TW",2023,7,10
2023-06-12,0.05842095923067543,0.05345964390392011,0.006912556605619402,0.020168076159943413,0.8012767345991396,0.8012767345991396,0.8012767345991396,0.0046874688974049665,"2382.TW,2345.TW,2618.TW,2885.TW,2887.TW",2023,7,5
2023-06-12,0.10067314956885612,0.09423421164387835,0.006912556605619402,0.020168076159943413,1.0,1.0,1.0,0.00585,"2382.TW,2345.TW,2618.TW",2023,7,3
2023-06-12,0.04179219543523217,0.03892982818082413,0.006912556605619402,0.020168076159943413,0.46966520761623465,0.4696652076162347,0.46966520761623465,0.002747541464554973,"2382.TW,2345.TW,2618.TW,2885.TW,2887.TW,5880.TW,2327.TW,2882.TW,2892.TW,2317.TW,3017.TW,1216.TW,2884.TW,3231.TW,3034.TW",2023,7,15
2023-06-19,-0.004224937361124415,-0.007824554021992225,-0.010297590400783041,-0.011867616781540946,0.6179298020349987,0.6179298020349988,0.6179298020349988,0.003614889341904743,"2345.TW,2357.TW,2886.TW,3008.TW,2887.TW",2023,7,5
2023-06-19,-0.01134230214316223,-0.015322153180192699,-0.010297590400783041,-0.011867616781540946,0.688121296239506,0.688121296239506,0.688121296239506,0.004025509583001111,"2345.TW,2357.TW,2886.TW",2023,7,3
2023-06-19,-0.011336342587209048,-0.014298516125996419,-0.010297590400783041,-0.011867616781540946,0.5121604777097121,0.5121604777097121,0.5121604777097121,0.0029961387946018155,"2345.TW,2357.TW,2886.TW,3008.TW,2887.TW,2885.TW,2881.TW,2454.TW,2618.TW,1326.TW,1301.TW,2382.TW,1590.TW,5880.TW,2609.TW,3231.TW,2603.TW,2615.TW,3037.TW,2884.TW",2023,7,20
2023-06-19,-0.006112231857494292,-0.009656227030071518,-0.010297590400783041,-0.011867616781540946,0.6095367706795504,0.6095367706795503,0.6095367706795503,0.0035657901084753694,"2345.TW,2357.TW,2886.TW,3008.TW,2887.TW,2885.TW,2881.TW,2454.TW,2618.TW,1326.TW,1301.TW,2382.TW,1590.TW,5880.TW,2609.TW",2023,7,15
2023-06-19,-0.0017888127936270372,-0.005335508199317052,-0.010297590400783041,-0.011867616781540946,0.6073591707763688,0.6073591707763689,0.6073591707763688,0.003553051149041758,"2345.TW,2357.TW,2886.TW,3008.TW,2887.TW,2885.TW,2881.TW,2454.TW,2618.TW,1326.TW",2023,7,10
2023-06-28,0.02240957943190538,0.01879669320387256,-0.00038531077569081695,0.01524453554517396,0.6040508635986133,0.6040508635986135,0.6040508635986134,0.0035336975520518887,"3037.TW,2345.TW,2330.TW,2885.TW,3017.TW,2618.TW,9910.TW,3711.TW,2887.TW,2303.TW,2603.TW,2891.TW,2382.TW,5880.TW,1216.TW",2023,7,15
2023-06-28,0.030268588488539062,0.025388597306715166,-0.00038531077569081695,0.01524453554517396,0.8096786955635515,0.8096786955635514,0.8096786955635515,0.004736620369046776,"3037.TW,2345.TW,2330.TW,2885.TW,3017.TW",2023,7,5
2023-06-28,0.014064697767933888,0.011062179450422427,-0.00038531077569081695,0.01524453554517396,0.5061323952762882,0.5061323952762883,0.5061323952762882,0.0029608745123662866,"3037.TW,2345.TW,2330.TW,2885.TW,3017.TW,2618.TW,9910.TW,3711.TW,2887.TW,2303.TW,2603.TW,2891.TW,2382.TW,5880.TW,1216.TW,2207.TW,2357.TW,2884.TW,2892.TW,2408.TW",2023,7,20
2023-06-28,0.0013736459997510716,-0.002173270821301143,-0.00038531077569081695,0.01524453554517396,0.6054788540953664,0.6054788540953663,0.6054788540953664,0.003542051296457893,"3037.TW,2345.TW,2330.TW,2885.TW,3017.TW,2618.TW,9910.TW,3711.TW,2887.TW,2303.TW",2023,7,10
2023-06-28,0.015053639651488463,0.011012702435364563,-0.00038531077569081695,0.01524453554517396,0.6805142817081804,0.6805142817081806,0.6805142817081805,0.003981008547992856,"3037.TW,2345.TW,2330.TW",2023,7,3
2023-07-05,0.010852975823596678,0.006090726384069045,0.012336134005036525,0.017735916435409248,0.8053196188984322,0.8053196188984321,0.8053196188984322,0.004711119770555827,"4904.TW,2207.TW,2618.TW,3037.TW,2891.TW",2023,7,5
2023-07-05,0.030696735023477962,0.027891591044384656,0.012336134005036525,0.017735916435409248,0.46523072694811324,0.4652307269481133,0.4652307269481133,0.0027215997526464624,"4904.TW,2207.TW,2618.TW,3037.TW,2891.TW,1102.TW,2408.TW,2884.TW,5880.TW,2887.TW,2454.TW,2886.TW,2379.TW,2330.TW,2912.TW,2317.TW,2382.TW,9910.TW,3034.TW,3231.TW",2023,7,20
2023-07-05,0.005481074934441022,0.001331005698966825,0.012336134005036525,0.017735916435409248,0.7055463918818736,0.7055463918818737,0.7055463918818736,0.004127446392508961,"4904.TW,2207.TW,2618.TW,3037.TW,2891.TW,1102.TW,2408.TW,2884.TW,5880.TW,2887.TW",2023,7,10
2023-07-05,0.010481286593958156,0.004569971067383438,0.012336134005036525,0.017735916435409248,1.0,1.0,1.0,0.00585,"4904.TW,2207.TW,2618.TW",2023,7,3
2023-07-05,0.009356474838391587,0.005731222117636436,0.012336134005036525,0.017735916435409248,0.6139568479871697,0.6139568479871695,0.6139568479871695,0.003591647560724942,"4904.TW,2207.TW,2618.TW,3037.TW,2891.TW,1102.TW,2408.TW,2884.TW,5880.TW,2887.TW,2454.TW,2886.TW,2379.TW,2330.TW,2912.TW",2023,7,15
2023-07-12,0.0031497449949771995,-0.002131838412421372,-0.0027824365183154454,0.005219650793577557,0.8999999999999999,0.8999999999999999,0.8999999999999999,0.005265,"2609.TW,2615.TW,3231.TW,2330.TW,2382.TW,2454.TW,2891.TW,3017.TW,2603.TW,2881.TW",2023,7,10
2023-07-12,-0.0032726609675642667,-0.007165041184395982,-0.0027824365183154454,0.005219650793577557,0.6675488005327972,0.6675488005327974,0.6675488005327973,0.0039051604831168646,"2609.TW,2615.TW,3231.TW,2330.TW,2382.TW,2454.TW,2891.TW,3017.TW,2603.TW,2881.TW,2912.TW,3008.TW,2303.TW,5880.TW,6669.TW",2023,7,15
2023-07-12,0.0014932967955895056,-0.0017735205864947146,-0.0027824365183154454,0.005219650793577557,0.5575976629205005,0.5575976629205005,0.5575976629205005,0.003261946328084928,"2609.TW,2615.TW,3231.TW,2330.TW,2382.TW,2454.TW,2891.TW,3017.TW,2603.TW,2881.TW,2912.TW,3008.TW,2303.TW,5880.TW,6669.TW,2357.TW,2887.TW,2892.TW,3034.TW,2882.TW",2023,7,20
2023-07-12,-0.0021275437459534383,-0.007965097615039718,-0.0027824365183154454,0.005219650793577557,1.0,1.0,1.0,0.00585,"2609.TW,2615.TW,3231.TW",2023,7,3
2023-07-12,-9.923936578510933e-05,-0.0059486588154953335,-0.0027824365183154454,0.005219650793577557,1.0,0.9999999999999998,0.9999999999999999,0.005849999999999999,"2609.TW,2615.TW,3231.TW,2330.TW,2382.TW",2023,7,5
2023-07-19,0.008881476841565861,0.004145950777366014,0.0007749116148192403,0.025061755903048478,0.8023654447896076,0.8023654447896075,0.8023654447896076,0.0046938378520192045,"2618.TW,2330.TW,2308.TW,2886.TW,3711.TW",2023,7,5
2023-07-19,0.007638194273904209,0.002324120826942666,0.0007749116148192403,0.025061755903048478,0.9015027701156093,0.9015027701156092,0.9015027701156093,0.005273791205176313,"2618.TW,2330.TW,2308.TW,2886.TW,3711.TW,2887.TW,3034.TW,2884.TW,2892.TW,2408.TW",2023,7,10
2023-07-19,0.003552711954694405,0.0003073746263799748,0.0007749116148192403,0.025061755903048478,0.5527945976849022,0.5527945976849022,0.5527945976849022,0.0032338483964566784,"2618.TW,2330.TW,2308.TW,2886.TW,3711.TW,2887.TW,3034.TW,2884.TW,2892.TW,2408.TW,2882.TW,2327.TW,5880.TW,2891.TW,2912.TW,5876.TW,1216.TW,2615.TW,2317.TW,2379.TW",2023,7,20
2023-07-19,0.004967559036463975,0.0006446574053775578,0.0007749116148192403,0.025061755903048478,0.7353048734069989,0.7353048734069991,0.735304873406999,0.004301533509430945,"2618.TW,2330.TW,2308.TW,2886.TW,3711.TW,2887.TW,3034.TW,2884.TW,2892.TW,2408.TW,2882.TW,2327.TW,5880.TW,2891.TW,2912.TW",2023,7,15
2023-07-19,0.004871528468653353,-0.0010069699728882942,0.0007749116148192403,0.025061755903048478,1.0,1.0,1.0,0.00585,"2618.TW,2330.TW,2308.TW",2023,7,3
2023-07-26,-0.008892422731112213,-0.011259709700454423,-0.014711588505933015,-0.02080520201002658,0.4082951724765319,0.408295172476532,0.40829517247653196,0.0023885267589877123,"3037.TW,2379.TW,2308.TW,2618.TW,2884.TW,2327.TW,2892.TW,2882.TW,3231.TW,5871.TW,2408.TW,3034.TW,2887.TW,2002.TW,2454.TW",2023,7,15
2023-07-26,-0.02563440335637537,-0.029058747372353477,-0.014711588505933015,-0.02080520201002658,0.6007580249812051,0.6007580249812051,0.6007580249812051,0.00351443444614005,"3037.TW,2379.TW,2308.TW,2618.TW,2884.TW,2327.TW,2892.TW,2882.TW,3231.TW,5871.TW",2023,7,10
2023-07-26,-0.00451898327516594,-0.008410769861371792,-0.014711588505933015,-0.02080520201002658,0.668282622301955,0.668282622301955,0.668282622301955,0.0039094533404664365,"3037.TW,2379.TW,2308.TW",2023,7,3
2023-07-26,-0.011898343340836075,-0.013682686287196266,-0.014711588505933015,-0.02080520201002658,0.30868877327659966,0.3086887732765998,0.3086887732765997,0.0018058293236681087,"3037.TW,2379.TW,2308.TW,2618.TW,2884.TW,2327.TW,2892.TW,2882.TW,3231.TW,5871.TW,2408.TW,3034.TW,2887.TW,2002.TW,2454.TW,2615.TW,3017.TW,3711.TW,5880.TW,2891.TW",2023,7,20
2023-07-26,-0.009967472628386131,-0.013452683934298881,-0.014711588505933015,-0.02080520201002658,0.6017606491950327,0.6017606491950326,0.6017606491950327,0.003520299797790941,"3037.TW,2379.TW,2308.TW,2618.TW,2884.TW",2023,7,5
2023-08-02,0.013432198627854662,0.009342002045031883,-0.0019646091856657666,-0.0017859708918980212,0.6899118697760953,0.6899118697760954,0.6899118697760953,0.004035984438190158,"6669.TW,3231.TW,2382.TW,3037.TW,2891.TW,5880.TW,2886.TW,2345.TW,3017.TW,2885.TW,2892.TW,2881.TW,2395.TW,2887.TW,2884.TW",2023,7,15
2023-08-02,0.02853998313620998,0.023655365246746163,-0.0019646091856657666,-0.0017859708918980212,0.8118084184305647,0.8118084184305647,0.8118084184305647,0.0047490792478188035,"6669.TW,3231.TW,2382.TW,3037.TW,2891.TW",2023,7,5
2023-08-02,0.04746982951399015,0.04134213101133333,-0.0019646091856657666,-0.0017859708918980212,1.0,1.0,1.0,0.00585,"6669.TW,3231.TW,2382.TW",2023,7,3
2023-08-02,0.02292089289922907,0.017947617001278893,-0.0019646091856657666,-0.0017859708918980212,0.8310834572150874,0.8310834572150874,0.8310834572150874,0.004861838224708261,"6669.TW,3231.TW,2382.TW,3037.TW,2891.TW,5880.TW,2886.TW,2345.TW,3017.TW,2885.TW",2023,7,10
2023-08-02,0.008553297203822587,0.005767076748410815,-0.0019646091856657666,-0.0017859708918980212,0.4722378105803362,0.4722378105803361,0.47223781058033615,0.0027625911918949665,"6669.TW,3231.TW,2382.TW,3037.TW,2891.TW,5880.TW,2886.TW,2345.TW,3017.TW,2885.TW,2892.TW,2881.TW,2395.TW,2887.TW,2884.TW,2308.TW,3711.TW,2882.TW,2609.TW,1216.TW",2023,7,20
2023-08-10,0.1095560802048353,0.10822563339645841,-0.022047350191835013,-0.016012405491785113,0.2049709869633126,0.20497098696331248,0.20497098696331253,0.0011990802737353783,"6669.TW,3037.TW,3231.TW,2382.TW,3017.TW",2023,7,5
2023-08-10,0.04776948919262443,0.045667668825745356,-0.022047350191835013,-0.016012405491785113,0.3429051299028484,0.3429051299028484,0.3429051299028484,0.002005995009931663,"6669.TW,3037.TW,3231.TW",2023,7,3
2023-08-10,0.006375548664254632,0.004599007385808651,-0.022047350191835013,-0.016012405491785113,0.3017583944909086,0.3017583944909085,0.3017583944909086,0.001765286607771815,"6669.TW,3037.TW,3231.TW,2382.TW,3017.TW,2886.TW,2345.TW,2892.TW,2379.TW,2317.TW,5880.TW,2882.TW,2880.TW,2454.TW,2884.TW,2412.TW,2881.TW,2308.TW,3034.TW,2887.TW",2023,7,20
2023-08-10,0.017828093053755864,0.015827922625471835,-0.022047350191835013,-0.016012405491785113,0.335920650307958,0.3359206503079579,0.3359206503079579,0.001965135804301554,"6669.TW,3037.TW,3231.TW,2382.TW,3017.TW,2886.TW,2345.TW,2892.TW,2379.TW,2317.TW,5880.TW,2882.TW,2880.TW,2454.TW,2884.TW",2023,7,15
2023-08-10,0.04829720423712639,0.046418444180907015,-0.022047350191835013,-0.016012405491785113,0.30635926898174926,0.3063592689817491,0.30635926898174914,0.0017922017235432325,"6669.TW,3037.TW,3231.TW,2382.TW,3017.TW,2886.TW,2345.TW,2892.TW,2379.TW,2317.TW",2023,7,10
2023-08-17,-0.005987298985519672,-0.01063927842626744,0.01046711580968851,0.0031071747267874894,0.7999999999999999,0.8,0.8,0.00468,"2885.TW,2412.TW,2382.TW,4904.TW,3017.TW,1326.TW,1216.TW,2881.TW,2454.TW,2882.TW",2023,7,10
2023-08-17,-0.004161977364103625,-0.006588689060164521,0.01046711580968851,0.0031071747267874894,0.4165562096626598,0.41655620966266,0.41655620966265994,0.002436853826526561,"2885.TW,2412.TW,2382.TW,4904.TW,3017.TW,1326.TW,1216.TW,2881.TW,2454.TW,2882.TW,2379.TW,6669.TW,2880.TW,2912.TW,2308.TW,1101.TW,2615.TW,2887.TW,1590.TW,5880.TW",2023,7,20
2023-08-17,-0.0018843433306298268,-0.005062237704456907,0.01046711580968851,0.0031071747267874894,0.5442553714712061,0.5442553714712063,0.5442553714712062,0.0031838939231065566,"2885.TW,2412.TW,2382.TW,4904.TW,3017.TW,1326.TW,1216.TW,2881.TW,2454.TW,2882.TW,2379.TW,6669.TW,2880.TW,2912.TW,2308.TW",2023,7,15
2023-08-17,-0.012543333624976415,-0.016009306523952715,0.01046711580968851,0.0031071747267874894,0.6000000000000001,0.6,0.6000000000000001,0.00351,"2885.TW,2412.TW,2382.TW,4904.TW,3017.TW",2023,7,5
2023-08-17,-0.02013937054102551,-0.0258715552233606,0.01046711580968851,0.0031071747267874894,1.0,1.0,1.0,0.00585,"2885.TW,2412.TW,2382.TW",2023,7,3
2023-08-24,0.0016709731386006228,-0.001883033258504807,-5.50461036752381e-08,0.003527558209880215,0.6065090007950162,0.6065090007950165,0.6065090007950164,0.0035480776546508463,"3231.TW,6669.TW,2615.TW,2382.TW,2609.TW,3008.TW,2603.TW,2412.TW,2885.TW,2357.TW,2408.TW,2882.TW,2327.TW,9910.TW,3017.TW,2884.TW,2887.TW,2618.TW,5871.TW,2002.TW",2023,7,20
2023-08-24,0.006008637412570206,0.0024394638814555503,-5.50461036752381e-08,0.003527558209880215,0.6064710687704529,0.6064710687704529,0.6064710687704529,0.0035478557523071492,"3231.TW,6669.TW,2615.TW,2382.TW,2609.TW,3008.TW,2603.TW,2412.TW,2885.TW,2357.TW,2408.TW,2882.TW,2327.TW,9910.TW,3017.TW",2023,7,15
2023-08-24,0.004540357689803454,-0.00024039035810263787,-5.50461036752381e-08,0.003527558209880215,0.8135281796048215,0.8135281796048214,0.8135281796048215,0.004759139850688205,"3231.TW,6669.TW,2615.TW,2382.TW,2609.TW",2023,7,5
2023-08-24,0.007912590573035094,0.003741679626790173,-5.50461036752381e-08,0.003527558209880215,0.7073790294870573,0.7073790294870576,0.7073790294870574,0.004138167322499287,"3231.TW,6669.TW,2615.TW,2382.TW,2609.TW,3008.TW,2603.TW,2412.TW,2885.TW,2357.TW",2023,7,10
2023-08-24,-0.004161532089649606,-0.009987187126925257,-5.50461036752381e-08,0.003527558209880215,1.0,1.0,1.0,0.00585,"3231.TW,6669.TW,2615.TW",2023,7,3
2023-08-31,-0.0026385256713394797,-0.006200408598160956,-0.011155473079560552,-0.0005476639463134703,0.6104796425885203,0.6104796425885206,0.6104796425885204,0.003571305909142845,"6669.TW,2379.TW,2345.TW,2885.TW,2881.TW,2454.TW,2882.TW,3017.TW,2317.TW,2327.TW,2357.TW,1216.TW,2330.TW,2892.TW,3711.TW",2023,7,15
2023-08-31,-0.0036652961165377185,-0.008395027735014327,-0.011155473079560552,-0.0005476639463134703,0.8114754291024721,0.8114754291024721,0.8114754291024721,0.004747131260249462,"6669.TW,2379.TW,2345.TW,2885.TW,2881.TW",2023,7,5
2023-08-31,-0.002596510341432162,-0.006431405666110002,-0.011155473079560552,-0.0005476639463134703,0.657244203709881,0.6572442037098811,0.6572442037098811,0.0038448785917028043,"6669.TW,2379.TW,2345.TW,2885.TW,2881.TW,2454.TW,2882.TW,3017.TW,2317.TW,2327.TW,2357.TW,1216.TW,2330.TW,2892.TW,3711.TW,1102.TW,4904.TW,5880.TW,2912.TW,2887.TW",2023,7,20
2023-08-31,-0.010925709278625684,-0.014877875593731216,-0.011155473079560552,-0.0005476639463134703,0.683046755765333,0.6830467557653331,0.683046755765333,0.003995823521227199,"6669.TW,2379.TW,2345.TW",2023,7,3
2023-08-31,0.0013005208181840595,-0.0034210222682374836,-0.011155473079560552,-0.0005476639463134703,0.8060530934656497,0.8060530934656498,0.8060530934656498,0.004715410596774052,"6669.TW,2379.TW,2345.TW,2885.TW,2881.TW,2454.TW,2882.TW,3017.TW,2317.TW,2327.TW",2023,7,10
2023-09-07,0.017050738187711124,0.013436899267766922,0.02336833554478912,0.020292496879415478,0.6073937312373334,0.6073937312373334,0.6073937312373334,0.003553253327738401,"3231.TW,6669.TW,2408.TW,2885.TW,2303.TW",2023,7,5
2023-09-07,0.021768731768965235,0.01875953589567514,0.02336833554478912,0.020292496879415478,0.5034333513828492,0.5034333513828494,0.5034333513828493,0.002945085105589669,"3231.TW,6669.TW,2408.TW,2885.TW,2303.TW,3008.TW,2881.TW,2882.TW,5871.TW,2887.TW,1590.TW,2382.TW,2603.TW,1102.TW,2412.TW,2454.TW,2912.TW,2615.TW,2330.TW,3711.TW",2023,7,20
2023-09-07,0.0051599577442149255,0.0011812292057620244,0.02336833554478912,0.020292496879415478,0.6766331380868116,0.6766331380868117,0.6766331380868116,0.003958303857807849,"3231.TW,6669.TW,2408.TW",2023,7,3
2023-09-07,0.02482188031863891,0.021195685353789795,0.02336833554478912,0.020292496879415478,0.604848900143477,0.6048489001434773,0.6048489001434771,0.0035383660658393416,"3231.TW,6669.TW,2408.TW,2885.TW,2303.TW,3008.TW,2881.TW,2882.TW,5871.TW,2887.TW",2023,7,10
2023-09-07,0.01965981236417562,0.015269254270158683,0.02336833554478912,0.020292496879415478,0.7360521048425244,0.7360521048425245,0.7360521048425244,0.004305904813328768,"3231.TW,6669.TW,2408.TW,2885.TW,2303.TW,3008.TW,2881.TW,2882.TW,5871.TW,2887.TW,1590.TW,2382.TW,2603.TW,1102.TW,2412.TW",2023,7,15
2023-09-14,-0.03878252928538852,-0.042185650896853444,-0.035826743088708146,-0.03202187105016556,0.6052014322643612,0.6052014322643611,0.6052014322643611,0.0035404283787465124,"2357.TW,2882.TW,4904.TW,2885.TW,2382.TW,3045.TW,6669.TW,1301.TW,2881.TW,2454.TW",2023,7,10
2023-09-14,-0.028788692328136647,-0.03149105077229453,-0.035826743088708146,-0.03202187105016556,0.4756345099536681,0.47563450995366824,0.4756345099536682,0.002782461883228959,"2357.TW,2882.TW,4904.TW,2885.TW,2382.TW,3045.TW,6669.TW,1301.TW,2881.TW,2454.TW,2412.TW,2603.TW,1303.TW,2887.TW,2892.TW",2023,7,15
2023-09-14,-0.040068055095760946,-0.04568365697345078,-0.035826743088708146,-0.03202187105016556,1.0,1.0,1.0,0.00585,"2357.TW,2882.TW,4904.TW",2023,7,3
2023-09-14,-0.04374084133171337,-0.04821613419428106,-0.035826743088708146,-0.03202187105016556,0.8,0.8,0.8,0.00468,"2357.TW,2882.TW,4904.TW,2885.TW,2382.TW",2023,7,5
2023-09-14,-0.02924525100263576,-0.031563009439053435,-0.035826743088708146,-0.03202187105016556,0.4081340047303243,0.40813400473032435,0.40813400473032435,0.0023875839276723976,"2357.TW,2882.TW,4904.TW,2885.TW,2382.TW,3045.TW,6669.TW,1301.TW,2881.TW,2454.TW,2412.TW,2603.TW,1303.TW,2887.TW,2892.TW,1326.TW,2303.TW,1102.TW,5880.TW,2912.TW",2023,7,20
2023-09-21,0.021787497838478588,0.015810040976123485,0.009391618339869678,0.01871838001485097,1.0,1.0,1.0,0.00585,"9910.TW,2885.TW,2454.TW",2023,7,3
2023-09-21,0.014492824968041301,0.010536302950665988,0.009391618339869678,0.01871838001485097,0.6666666666666666,0.6666666666666667,0.6666666666666667,0.0039000000000000003,"9910.TW,2885.TW,2454.TW,2886.TW,2891.TW,3034.TW,4904.TW,2615.TW,2881.TW,2379.TW,2345.TW,2609.TW,1326.TW,2327.TW,2887.TW",2023,7,15
2023-09-21,0.020008162013812083,0.015234523815587542,0.009391618339869678,0.01871838001485097,0.8,0.8,0.8,0.00468,"9910.TW,2885.TW,2454.TW,2886.TW,2891.TW",2023,7,5
2023-09-21,0.012115693690002483,0.009147519954276984,0.009391618339869678,0.01871838001485097,0.5013064503675395,0.5013064503675393,0.5013064503675394,0.002932642734650105,"9910.TW,2885.TW,2454.TW,2886.TW,2891.TW,3034.TW,4904.TW,2615.TW,2881.TW,2379.TW,2345.TW,2609.TW,1326.TW,2327.TW,2887.TW,2892.TW,5876.TW,2882.TW,1303.TW,3045.TW",2023,7,20
2023-09-21,0.009625151165333778,0.006081366884743478,0.009391618339869678,0.01871838001485097,0.6,0.6,0.6,0.0035099999999999997,"9910.TW,2885.TW,2454.TW,2886.TW,2891.TW,3034.TW,4904.TW,2615.TW,2881.TW,2379.TW",2023,7,10
2023-09-28,0.023730893398448253,0.01893983281734357,0.01860829650869178,0.011118519871032864,0.8,0.8000000000000002,0.8,0.004680000000000001,"2408.TW,3231.TW,3034.TW,9910.TW,4904.TW",2023,7,5
2023-09-28,0.04259997540924224,0.036500765553098224,0.01860829650869178,0.011118519871032864,1.0,0.9999999999999999,1.0,0.005849999999999999,"2408.TW,3231.TW,3034.TW",2023,7,3
2023-09-28,0.011773912067338854,0.009394568968901007,0.01860829650869178,0.011118519871032864,0.40199229405038195,0.40199229405038195,0.40199229405038195,0.0023516549201947345,"2408.TW,3231.TW,3034.TW,9910.TW,4904.TW,2886.TW,2327.TW,2885.TW,2603.TW,2454.TW",2023,7,10
2023-09-28,0.006587340222429733,0.0045083111608297255,0.01860829650869178,0.011118519871032864,0.3530638316004782,0.3530638316004783,0.3530638316004783,0.002065423414862798,"2408.TW,3231.TW,3034.TW,9910.TW,4904.TW,2886.TW,2327.TW,2885.TW,2603.TW,2454.TW,3008.TW,2891.TW,5876.TW,2609.TW,2887.TW,2412.TW,5871.TW,2881.TW,2892.TW,1102.TW",2023,7,20
2023-09-28,0.007178829064762295,0.00519799940086485,0.01860829650869178,0.011118519871032864,0.3361899114424479,0.3361899114424481,0.33618991144244803,0.001966710981938321,"2408.TW,3231.TW,3034.TW,9910.TW,4904.TW,2886.TW,2327.TW,2885.TW,2603.TW,2454.TW,3008.TW,2891.TW,5876.TW,2609.TW,2887.TW",2023,7,15
2023-10-06,-0.011170581112533762,-0.014365163574127426,0.0027801161288107945,-0.014747482054976467,0.5522514415900839,0.552251441590084,0.5522514415900839,0.003230670933301991,"3034.TW,3008.TW,2327.TW,4904.TW,1590.TW,2379.TW,2345.TW,2618.TW,2886.TW,2412.TW,9910.TW,5876.TW,3045.TW,2454.TW,1216.TW,2207.TW,3711.TW,3037.TW,2357.TW,2308.TW",2023,7,20
2023-10-06,-0.0011613957102383967,-0.0050990424490003905,0.0027801161288107945,-0.014747482054976467,0.6738846533716027,0.6738846533716027,0.6738846533716027,0.003942225222223876,"3034.TW,3008.TW,2327.TW",2023,7,3
2023-10-06,0.019187827956673776,0.015594540576090443,0.0027801161288107945,-0.014747482054976467,0.602673169974485,0.6026731699744847,0.6026731699744848,0.003525638044350736,"3034.TW,3008.TW,2327.TW,4904.TW,1590.TW",2023,7,5
2023-10-06,-0.004083119555944925,-0.007588978830066373,0.0027801161288107945,-0.014747482054976467,0.6017491975267002,0.6017491975267004,0.6017491975267003,0.003520232805531197,"3034.TW,3008.TW,2327.TW,4904.TW,1590.TW,2379.TW,2345.TW,2618.TW,2886.TW,2412.TW",2023,7,10
2023-10-06,-0.005982623134570868,-0.008712111677656176,0.0027801161288107945,-0.014747482054976467,0.4693874060889889,0.46938740608898893,0.4693874060889889,0.0027459163256205853,"3034.TW,3008.TW,2327.TW,4904.TW,1590.TW,2379.TW,2345.TW,2618.TW,2886.TW,2412.TW,9910.TW,5876.TW,3045.TW,2454.TW,1216.TW",2023,7,15
2023-10-17,-0.004444618322332215,-0.00835560919994427,-0.016237706475601965,-0.018494408765356386,0.671530144348013,0.671530144348013,0.671530144348013,0.003928451344435876,"6669.TW,3231.TW,3045.TW,2618.TW,4904.TW,2885.TW,1102.TW,2603.TW,3017.TW,2408.TW,3034.TW,2382.TW,1303.TW,2884.TW,2379.TW",2023,7,15
2023-10-17,0.048787314566790266,0.042651908776574654,-0.016237706475601965,-0.018494408765356386,1.0,1.0,1.0,0.00585,"6669.TW,3231.TW,3045.TW",2023,7,3
2023-10-17,0.0070145190253064205,0.002257673077380229,-0.016237706475601965,-0.018494408765356386,0.8074720315468773,0.8074720315468775,0.8074720315468774,0.004723711384549233,"6669.TW,3231.TW,3045.TW,2618.TW,4904.TW,2885.TW,1102.TW,2603.TW,3017.TW,2408.TW",2023,7,10
2023-10-17,-0.010694384852122558,-0.014202967522631615,-0.016237706475601965,-0.018494408765356386,0.6062410970596656,0.6062410970596654,0.6062410970596654,0.003546510417799043,"6669.TW,3231.TW,3045.TW,2618.TW,4904.TW,2885.TW,1102.TW,2603.TW,3017.TW,2408.TW,3034.TW,2382.TW,1303.TW,2884.TW,2379.TW,2883.TW,2327.TW,2412.TW,2357.TW,1301.TW",2023,7,20
2023-10-17,0.033451945483782275,0.028615390378918137,-0.016237706475601965,-0.018494408765356386,0.8,0.8,0.8,0.00468,"6669.TW,3231.TW,3045.TW,2618.TW,4904.TW",2023,7,5
2023-10-24,0.0012540459646585376,-0.004603290204234667,-0.01771335560974363,-0.008570263461031924,1.0,0.9999999999999999,1.0,0.005849999999999999,"3711.TW,2303.TW,2454.TW",2023,7,3
2023-10-24,0.0064342419502247065,0.000546601634815902,-0.01771335560974363,-0.008570263461031924,1.0,1.0,1.0,0.00585,"3711.TW,2303.TW,2454.TW,2327.TW,2379.TW",2023,7,5
2023-10-24,-0.002323491771297959,-0.006444737892762786,-0.01771335560974363,-0.008570263461031924,0.7061271972219595,0.7061271972219595,0.7061271972219595,0.004130844103748463,"3711.TW,2303.TW,2454.TW,2327.TW,2379.TW,2408.TW,4904.TW,3231.TW,2330.TW,3034.TW",2023,7,10
2023-10-24,-0.006846631023019618,-0.009989907679869403,-0.01771335560974363,-0.008570263461031924,0.541016388624471,0.5410163886244709,0.541016388624471,0.003164945873453155,"3711.TW,2303.TW,2454.TW,2327.TW,2379.TW,2408.TW,4904.TW,3231.TW,2330.TW,3034.TW,2891.TW,1590.TW,2317.TW,3045.TW,2382.TW",2023,7,15
2023-10-24,-0.006606105696352206,-0.009553057606453974,-0.01771335560974363,-0.008570263461031924,0.5071024355533905,0.5071024355533905,0.5071024355533905,0.0029665492479873344,"3711.TW,2303.TW,2454.TW,2327.TW,2379.TW,2408.TW,4904.TW,3231.TW,2330.TW,3034.TW,2891.TW,1590.TW,2317.TW,3045.TW,2382.TW,2886.TW,5876.TW,2885.TW,1326.TW,2412.TW",2023,7,20
2023-10-31,0.06090452321698602,0.05652086808331491,0.03811473332011306,0.03733027043001214,0.7063244066678809,0.7063244066678809,0.7063244066678809,0.004131997779007104,"6669.TW,3231.TW,2382.TW,3017.TW,4904.TW,2345.TW,1590.TW,3045.TW,2603.TW,2327.TW",2023,7,10
2023-10-31,0.053029101752248446,0.0496887861934594,0.03811473332011306,0.03733027043001214,0.5422396319943582,0.5422396319943581,0.5422396319943581,0.003172101847166995,"6669.TW,3231.TW,2382.TW,3017.TW,4904.TW,2345.TW,1590.TW,3045.TW,2603.TW,2327.TW,5876.TW,2618.TW,1102.TW,2412.TW,3711.TW",2023,7,15
2023-10-31,0.09794794365156201,0.09152494818120038,0.03811473332011306,0.03733027043001214,1.0,0.9999999999999998,0.9999999999999999,0.005849999999999999,"6669.TW,3231.TW,2382.TW",2023,7,3
2023-10-31,0.04815656174854101,0.045954780135135875,0.03811473332011306,0.03733027043001214,0.3590808273341884,0.3590808273341885,0.35908082733418845,0.0021006228399050027,"6669.TW,3231.TW,2382.TW,3017.TW,4904.TW,2345.TW,1590.TW,3045.TW,2603.TW,2327.TW,5876.TW,2618.TW,1102.TW,2412.TW,3711.TW,2303.TW,2609.TW,2330.TW,2454.TW,2891.TW",2023,7,20
2023-10-31,0.08497985779459424,0.07863272562649581,0.03811473332011306,0.03733027043001214,1.0,1.0,1.0,0.00585,"6669.TW,3231.TW,2382.TW,3017.TW,4904.TW",2023,7,5
2023-11-07,0.014636452189675317,0.01219463463063164,0.03355705734500303,0.01813326741598802,0.41138351578719595,0.4113835157871959,0.4113835157871959,0.0024065935673550963,"2412.TW,3045.TW,2615.TW,5876.TW,4904.TW,2603.TW,1102.TW,2884.TW,3037.TW,2892.TW,2912.TW,1216.TW,2327.TW,2609.TW,2882.TW,2454.TW,2891.TW,3711.TW,2379.TW,2303.TW",2023,7,20
2023-11-07,0.007891132873263339,0.004675865320465489,0.03355705734500303,0.01813326741598802,0.5453152301546934,0.5453152301546933,0.5453152301546933,0.003190094096404956,"2412.TW,3045.TW,2615.TW,5876.TW,4904.TW,2603.TW,1102.TW,2884.TW,3037.TW,2892.TW,2912.TW,1216.TW,2327.TW,2609.TW,2882.TW",2023,7,15
2023-11-07,0.009947986904634377,0.005744877716535646,0.03355705734500303,0.01813326741598802,0.7114031736385253,0.7114031736385252,0.7114031736385253,0.0041617085657853735,"2412.TW,3045.TW,2615.TW,5876.TW,4904.TW,2603.TW,1102.TW,2884.TW,3037.TW,2892.TW",2023,7,10
2023-11-07,0.0010221361675228913,-0.004833843329057119,0.03355705734500303,0.01813326741598802,1.0,1.0,1.0,0.00585,"2412.TW,3045.TW,2615.TW",2023,7,3
2023-11-07,0.0038648377632536594,-0.0008910576785785551,0.03355705734500303,0.01813326741598802,0.8098436654199457,0.8098436654199456,0.8098436654199457,0.004737585442706682,"2412.TW,3045.TW,2615.TW,5876.TW,4904.TW",2023,7,5
2023-11-14,0.020935325870905557,0.018519866718776035,0.0026737914253454065,0.016807995969018646,0.40443208291553545,0.40443208291553545,0.40443208291553545,0.0023659276850558826,"2345.TW,2615.TW,9910.TW,2884.TW,2882.TW,3037.TW,2886.TW,2912.TW,2892.TW,2881.TW,1102.TW,2395.TW,5876.TW,2880.TW,2885.TW,2303.TW,5880.TW,1216.TW,4904.TW,3045.TW",2023,7,20
2023-11-14,0.022831875829043738,0.018045022650163833,0.0026737914253454065,0.016807995969018646,0.8,0.7999999999999999,0.8,0.00468,"2345.TW,2615.TW,9910.TW,2884.TW,2882.TW",2023,7,5
2023-11-14,0.025503632911639075,0.022693586470570626,0.0026737914253454065,0.016807995969018646,0.46840381990871094,0.468403819908711,0.46840381990871094,0.002740162346465959,"2345.TW,2615.TW,9910.TW,2884.TW,2882.TW,3037.TW,2886.TW,2912.TW,2892.TW,2881.TW,1102.TW,2395.TW,5876.TW,2880.TW,2885.TW",2023,7,15
2023-11-14,0.0237542566237016,0.019761615022869217,0.0026737914253454065,0.016807995969018646,0.6666666666666666,0.6666666666666666,0.6666666666666666,0.0039,"2345.TW,2615.TW,9910.TW",2023,7,3
2023-11-14,0.02875844820337841,0.025136256443386795,0.0026737914253454065,0.016807995969018646,0.6018692528964414,0.6018692528964414,0.6018692528964414,0.0035209351294441826,"2345.TW,2615.TW,9910.TW,2884.TW,2882.TW,3037.TW,2886.TW,2912.TW,2892.TW,2881.TW",2023,7,10
2023-11-21,0.005726873992405568,0.0009988182552194136,0.0003810135143682558,0.0027003582085634646,0.8036124685829693,0.8036124685829692,0.8036124685829693,0.00470113294121037,"4904.TW,2912.TW,3045.TW,1216.TW,2882.TW",2023,7,5
2023-11-21,-0.00047351655756240363,-0.0022590852826330776,0.0003810135143682558,0.0027003582085634646,0.30537002085005116,0.30537002085005127,0.3053700208500512,0.0017864146219728,"4904.TW,2912.TW,3045.TW,1216.TW,2882.TW,2887.TW,2885.TW,5876.TW,2891.TW,2892.TW,2330.TW,5880.TW,2880.TW,6669.TW,2886.TW,1102.TW,2412.TW,2881.TW,2357.TW,2303.TW",2023,7,20
2023-11-21,0.0029189395887093354,-0.0012167970099833392,0.0003810135143682558,0.0027003582085634646,0.7049059432798841,0.7049059432798841,0.7049059432798841,0.0041236997681873225,"4904.TW,2912.TW,3045.TW,1216.TW,2882.TW,2887.TW,2885.TW,5876.TW,2891.TW,2892.TW",2023,7,10
2023-11-21,0.010889484806630175,0.004975781320511352,0.0003810135143682558,0.0027003582085634646,1.0,1.0,1.0,0.00585,"4904.TW,2912.TW,3045.TW",2023,7,3
2023-11-21,-0.00037450456858135296,-0.003514757129762236,0.0003810135143682558,0.0027003582085634646,0.5369964172151185,0.5369964172151184,0.5369964172151185,0.003141429040708443,"4904.TW,2912.TW,3045.TW,1216.TW,2882.TW,2887.TW,2885.TW,5876.TW,2891.TW,2892.TW,2330.TW,5880.TW,2880.TW,6669.TW,2886.TW",2023,7,15
2023-11-28,0.010695456392098382,0.006753744112169224,-0.006854580603116611,-6.687014874547925e-05,0.6666666666666666,0.6666666666666667,0.6666666666666667,0.0039000000000000003,"3017.TW,4904.TW,3711.TW",2023,7,3
2023-11-28,-0.002941770959952927,-0.00470279807094498,-0.006854580603116611,-6.687014874547925e-05,0.30191845031265857,0.3019184503126585,0.3019184503126585,0.0017662229343290525,"3017.TW,4904.TW,3711.TW,3045.TW,2892.TW,2382.TW,2886.TW,2303.TW,2002.TW,1216.TW,2881.TW,2880.TW,2912.TW,1590.TW,2887.TW,5880.TW,2412.TW,2882.TW,2891.TW,2883.TW",2023,7,20
2023-11-28,-0.0023218409087243158,-0.005049868193783058,-0.006854580603116611,-6.687014874547925e-05,0.467414713039476,0.46741471303947624,0.4674147130394761,0.002734376071280936,"3017.TW,4904.TW,3711.TW,3045.TW,2892.TW,2382.TW,2886.TW,2303.TW,2002.TW,1216.TW,2881.TW,2880.TW,2912.TW,1590.TW,2887.TW",2023,7,15
2023-11-28,0.005685574223193124,0.0021530079628162557,-0.006854580603116611,-6.687014874547925e-05,0.6004436136739115,0.6004436136739114,0.6004436136739115,0.0035125951399923817,"3017.TW,4904.TW,3711.TW,3045.TW,2892.TW,2382.TW,2886.TW,2303.TW,2002.TW,1216.TW",2023,7,10
2023-11-28,0.007987845778956905,0.004447859713845981,-0.006854580603116611,-6.687014874547925e-05,0.6003304758384722,0.6003304758384722,0.6003304758384722,0.0035119332836550626,"3017.TW,4904.TW,3711.TW,3045.TW,2892.TW",2023,7,5
2023-12-05,0.019304664606376067,0.013341732318428834,0.009202442450170878,0.004871137597347621,1.0,0.9999999999999999,1.0,0.005849999999999999,"2454.TW,6669.TW,3034.TW",2023,7,3
2023-12-05,0.007284990701516448,0.0025414096010023535,0.009202442450170878,0.004871137597347621,0.8050041166856952,0.8050041166856952,0.8050041166856952,0.0047092740826113165,"2454.TW,6669.TW,3034.TW,1102.TW,2891.TW,5871.TW,1590.TW,2330.TW,2308.TW,2379.TW,3037.TW,2881.TW,2303.TW,1326.TW,2882.TW",2023,7,15
2023-12-05,0.011911407062557111,0.005991725331240927,0.009202442450170878,0.004871137597347621,0.9999999999999999,1.0,1.0,0.00585,"2454.TW,6669.TW,3034.TW,1102.TW,2891.TW,5871.TW,1590.TW,2330.TW,2308.TW,2379.TW",2023,7,10
2023-12-05,0.011422936642029544,0.007832228507521855,0.009202442450170878,0.004871137597347621,0.6068640922330979,0.606864092233098,0.6068640922330979,0.0035501549395636233,"2454.TW,6669.TW,3034.TW,1102.TW,2891.TW,5871.TW,1590.TW,2330.TW,2308.TW,2379.TW,3037.TW,2881.TW,2303.TW,1326.TW,2882.TW,2883.TW,3017.TW,2395.TW,2885.TW,2886.TW",2023,7,20
2023-12-05,0.020558532799759943,0.014588265382881271,0.009202442450170878,0.004871137597347621,1.0,1.0,1.0,0.00585,"2454.TW,6669.TW,3034.TW,1102.TW,2891.TW",2023,7,5
2023-12-12,0.04937446268586117,0.04568230974217258,0.014817737376193518,0.010970692202516038,0.601441408928516,0.6014414089285158,0.6014414089285159,0.003518432242231818,"2615.TW,2609.TW,2454.TW,1102.TW,2357.TW",2023,7,5
2023-12-12,0.010681111897095858,0.007119944371856812,0.014817737376193518,0.010970692202516038,0.6023132107102245,0.6023132107102241,0.6023132107102243,0.003523532282654812,"2615.TW,2609.TW,2454.TW,1102.TW,2357.TW,2308.TW,5880.TW,3034.TW,2330.TW,2885.TW,2884.TW,2880.TW,2412.TW,3711.TW,6669.TW,2345.TW,3231.TW,2892.TW,3045.TW,1590.TW",2023,7,20
2023-12-12,0.01765870906945838,0.014069920329113028,0.014817737376193518,0.010970692202516038,0.6028230832945578,0.6028230832945578,0.6028230832945578,0.0035265150372731633,"2615.TW,2609.TW,2454.TW,1102.TW,2357.TW,2308.TW,5880.TW,3034.TW,2330.TW,2885.TW,2884.TW,2880.TW,2412.TW,3711.TW,6669.TW",2023,7,15
2023-12-12,0.06475862222497371,0.06060606359829612,0.014817737376193518,0.010970692202516038,0.6666666666666666,0.6666666666666665,0.6666666666666665,0.0038999999999999994,"2615.TW,2609.TW,2454.TW",2023,7,3
2023-12-12,0.027715247470982,0.024681088914338956,0.014817737376193518,0.010970692202516038,0.504672460205772,0.5046724602057719,0.5046724602057719,0.0029523338922037663,"2615.TW,2609.TW,2454.TW,1102.TW,2357.TW,2308.TW,5880.TW,3034.TW,2330.TW,2885.TW",2023,7,10
2023-12-19,0.013542845068225413,0.010244972289974674,0.006364518280111531,0.013616021548270933,0.5562063204295519,0.5562063204295519,0.5562063204295519,0.003253806974512879,"6669.TW,2885.TW,2379.TW,3034.TW,2618.TW,2886.TW,2303.TW,2891.TW,2207.TW,2615.TW,2395.TW,2330.TW,1102.TW,2912.TW,2317.TW,3711.TW,2884.TW,2880.TW,1216.TW,2881.TW",2023,7,20
2023-12-19,0.017940669816620708,0.014317946477668375,0.006364518280111531,0.013616021548270933,0.6083546568003886,0.6083546568003887,0.6083546568003886,0.003558874742282274,"6669.TW,2885.TW,2379.TW,3034.TW,2618.TW,2886.TW,2303.TW,2891.TW,2207.TW,2615.TW,2395.TW,2330.TW,1102.TW,2912.TW,2317.TW",2023,7,15
2023-12-19,0.03291627891409058,0.02687371868244326,0.006364518280111531,0.013616021548270933,1.0,1.0,1.0,0.00585,"6669.TW,2885.TW,2379.TW",2023,7,3
2023-12-19,0.029991133873948764,0.02396568574078617,0.006364518280111531,0.013616021548270933,1.0,1.0,1.0,0.00585,"6669.TW,2885.TW,2379.TW,3034.TW,2618.TW",2023,7,5
2023-12-19,0.024541325315399397,0.020304138750992573,0.006364518280111531,0.013616021548270933,0.7069557642315063,0.7069557642315063,0.7069557642315063,0.004135691220754312,"6669.TW,2885.TW,2379.TW,3034.TW,2618.TW,2886.TW,2303.TW,2891.TW,2207.TW,2615.TW",2023,7,10
2023-12-26,0.024840058574454038,0.018844744231793387,-0.01376483710044818,-0.010951440293608389,1.0,0.9999999999999999,1.0,0.005849999999999999,"2615.TW,2603.TW,2609.TW",2023,7,3
2023-12-26,0.013947580669635529,0.008015987322718132,-0.01376483710044818,-0.010951440293608389,1.0,0.9999999999999999,1.0,0.005849999999999999,"2615.TW,2603.TW,2609.TW,2891.TW,2330.TW",2023,7,5
2023-12-26,-0.0006014614508628279,-0.004712049943891183,-0.01376483710044818,-0.010951440293608389,0.7030875797387697,0.7030875797387698,0.7030875797387697,0.004113062341471803,"2615.TW,2603.TW,2609.TW,2891.TW,2330.TW,2002.TW,2454.TW,2884.TW,2303.TW,1301.TW",2023,7,10
2023-12-26,-0.0023909408553866754,-0.004467361467163311,-0.01376483710044818,-0.010951440293608389,0.3557943776343948,0.3557943776343949,0.35579437763439486,0.00208139710916121,"2615.TW,2603.TW,2609.TW,2891.TW,2330.TW,2002.TW,2454.TW,2884.TW,2303.TW,1301.TW,2317.TW,2395.TW,1101.TW,2880.TW,3711.TW,2885.TW,2881.TW,1216.TW,5876.TW,2618.TW",2023,7,20
2023-12-26,-0.004932483851451508,-0.008448065689188211,-0.01376483710044818,-0.010951440293608389,0.6039330503149136,0.6039330503149135,0.6039330503149136,0.0035330083443422446,"2615.TW,2603.TW,2609.TW,2891.TW,2330.TW,2002.TW,2454.TW,2884.TW,2303.TW,1301.TW,2317.TW,2395.TW,1101.TW,2880.TW,3711.TW",2023,7,15
2024-01-02,-0.024322736428599417,-0.02571307652918864,-0.009723412816197041,-0.015090004857398271,0.9999999999999999,0.0,0.49999999999999994,0.0014249999999999998,"2379.TW,6669.TW,2615.TW,3037.TW,2345.TW,2609.TW,3231.TW,2327.TW,2454.TW,3008.TW",2024,7,10
2024-01-02,-0.019205108251275606,-0.02060274097201753,-0.009723412816197041,-0.015090004857398271,0.9999999999999999,0.0,0.49999999999999994,0.0014249999999999998,"2379.TW,6669.TW,2615.TW,3037.TW,2345.TW,2609.TW,3231.TW,2327.TW,2454.TW,3008.TW,2408.TW,2303.TW,3034.TW,2207.TW,2382.TW",2024,7,15
2024-01-02,-0.022018966878796738,-0.02341258985099448,-0.009723412816197041,-0.015090004857398271,1.0000000000000002,0.0,0.5000000000000001,0.0014250000000000003,"2379.TW,6669.TW,2615.TW,3037.TW,2345.TW,2609.TW,3231.TW,2327.TW,2454.TW,3008.TW,2408.TW,2303.TW,3034.TW,2207.TW,2382.TW,3017.TW,2357.TW,3711.TW,2603.TW,1101.TW",2024,7,20
2024-01-02,-0.015481827065239975,-0.016884765461671947,-0.009723412816197041,-0.015090004857398271,1.0,0.0,0.5,0.001425,"2379.TW,6669.TW,2615.TW,3037.TW,2345.TW",2024,7,5
2024-01-02,-0.025405959361033216,-0.026794755868943754,-0.009723412816197041,-0.015090004857398271,1.0,0.0,0.5,0.001425,"2379.TW,6669.TW,2615.TW",2024,7,3
2024-01-09,-0.01337970838467293,-0.01805724656485186,0.004769529647456583,-0.014473748928192727,0.8104223913638167,0.8104223913638167,0.8104223913638167,0.004740970989478328,"2615.TW,2618.TW,5871.TW,2609.TW,2002.TW",2024,7,5
2024-01-09,-0.010045461494570173,-0.01319695582541458,0.004769529647456583,-0.014473748928192727,0.5441835545749886,0.5441835545749887,0.5441835545749887,0.0031834737942636835,"2615.TW,2618.TW,5871.TW,2609.TW,2002.TW,2303.TW,2382.TW,2891.TW,2317.TW,2379.TW,3008.TW,2408.TW,2885.TW,2308.TW,2884.TW",2024,7,15
2024-01-09,-0.01529033246429312,-0.019212230727281843,0.004769529647456583,-0.014473748928192727,0.6808199224477969,0.680819922447797,0.6808199224477969,0.003982796546319612,"2615.TW,2618.TW,5871.TW",2024,7,3
2024-01-09,-0.004812851489531412,-0.00894252245075322,0.004769529647456583,-0.014473748928192727,0.7093406110544225,0.7093406110544226,0.7093406110544225,0.004149642574668372,"2615.TW,2618.TW,5871.TW,2609.TW,2002.TW,2303.TW,2382.TW,2891.TW,2317.TW,2379.TW",2024,7,10
2024-01-09,-0.008821915506002448,-0.011767689890395783,0.004769529647456583,-0.014473748928192727,0.5080330010287257,0.5080330010287257,0.5080330010287257,0.0029719930560180453,"2615.TW,2618.TW,5871.TW,2609.TW,2002.TW,2303.TW,2382.TW,2891.TW,2317.TW,2379.TW,3008.TW,2408.TW,2885.TW,2308.TW,2884.TW,3017.TW,2395.TW,2883.TW,2454.TW,3034.TW",2024,7,20
2024-01-16,-0.008777507338831165,-0.012643275060209791,0.031923098995864985,0.01864409508543065,0.6666666666666666,0.6666666666666667,0.6666666666666667,0.0039000000000000003,"3008.TW,2615.TW,2891.TW",2024,7,3
2024-01-16,0.01062695055849782,0.00706180252659383,0.031923098995864985,0.01864409508543065,0.6030187634159915,0.6030187634159917,0.6030187634159916,0.003527659765983551,"3008.TW,2615.TW,2891.TW,4904.TW,2609.TW,2357.TW,2330.TW,2885.TW,2395.TW,3045.TW,2454.TW,2412.TW,2881.TW,2886.TW,2408.TW",2024,7,15
2024-01-16,0.009222892033625852,0.005085577090281346,0.031923098995864985,0.01864409508543065,0.7007701957924636,0.7007701957924636,0.7007701957924636,0.004099505645385912,"3008.TW,2615.TW,2891.TW,4904.TW,2609.TW,2357.TW,2330.TW,2885.TW,2395.TW,3045.TW",2024,7,10
2024-01-16,-0.010171053578874045,-0.01364535318081217,0.031923098995864985,0.01864409508543065,0.6000000000000001,0.6000000000000001,0.6000000000000001,0.003510000000000001,"3008.TW,2615.TW,2891.TW,4904.TW,2609.TW",2024,7,5
2024-01-16,0.009565002929284794,0.006553957780022435,0.031923098995864985,0.01864409508543065,0.5098320276852442,0.509832027685244,0.5098320276852442,0.002982517361958678,"3008.TW,2615.TW,2891.TW,4904.TW,2609.TW,2357.TW,2330.TW,2885.TW,2395.TW,3045.TW,2454.TW,2412.TW,2881.TW,2886.TW,2408.TW,2880.TW,5876.TW,2883.TW,2912.TW,2379.TW",2024,7,20
2024-01-23,0.009367540332696095,0.0057767208718026986,0.008199661649903822,-0.0008666322522224034,0.60811871586249,0.6081187158624898,0.6081187158624899,0.0035574944877955657,"2609.TW,2379.TW,2615.TW,2618.TW,2345.TW,1326.TW,2454.TW,2912.TW,2408.TW,1301.TW,2382.TW,3017.TW,2886.TW,2002.TW,3008.TW",2024,7,15
2024-01-23,0.006349850582131282,0.002779576334773104,0.008199661649903822,-0.0008666322522224034,0.6064524079709062,0.6064524079709062,0.6064524079709062,0.0035477465866298012,"2609.TW,2379.TW,2615.TW,2618.TW,2345.TW,1326.TW,2454.TW,2912.TW,2408.TW,1301.TW,2382.TW,3017.TW,2886.TW,2002.TW,3008.TW,1303.TW,2887.TW,2884.TW,9910.TW,2303.TW",2024,7,20
2024-01-23,0.0005875525196197273,-0.002965849481420535,0.008199661649903822,-0.0008666322522224034,0.607062464396428,0.607062464396428,0.607062464396428,0.003551315416719104,"2609.TW,2379.TW,2615.TW,2618.TW,2345.TW",2024,7,5
2024-01-23,0.006192361563813508,0.0014403723354947662,0.008199661649903822,-0.0008666322522224034,0.8073067159168054,0.8073067159168053,0.8073067159168053,0.004722744288113311,"2609.TW,2379.TW,2615.TW,2618.TW,2345.TW,1326.TW,2454.TW,2912.TW,2408.TW,1301.TW",2024,7,10
2024-01-23,-0.006738053558640321,-0.010647333202456588,0.008199661649903822,-0.0008666322522224034,0.6727862000161148,0.6727862000161149,0.6727862000161149,0.003935799270094272,"2609.TW,2379.TW,2615.TW",2024,7,3
2024-01-30,-0.008578265298095933,-0.01269067606077312,0.05249564054745992,0.018064686655439505,0.7090586923228965,0.7090586923228966,0.7090586923228965,0.004147993350088945,"3034.TW,2408.TW,6669.TW,2357.TW,2308.TW,2609.TW,2303.TW,5871.TW,2615.TW,3008.TW",2024,7,10
2024-01-30,0.0062958452045627335,0.0030119977641074325,0.05249564054745992,0.018064686655439505,0.5578294350393176,0.5578294350393176,0.5578294350393176,0.003263302194980008,"3034.TW,2408.TW,6669.TW,2357.TW,2308.TW,2609.TW,2303.TW,5871.TW,2615.TW,3008.TW,2603.TW,2327.TW,1101.TW,2207.TW,1326.TW,9910.TW,2345.TW,1301.TW,3231.TW,5876.TW",2024,7,20
2024-01-30,0.0015051253102340567,-0.004353679672830846,0.05249564054745992,0.018064686655439505,1.0,1.0,1.0,0.00585,"3034.TW,2408.TW,6669.TW",2024,7,3
2024-01-30,0.011139063241819791,0.0052238997218552186,0.05249564054745992,0.018064686655439505,1.0,1.0,1.0,0.00585,"3034.TW,2408.TW,6669.TW,2357.TW,2308.TW",2024,7,5
2024-01-30,-0.004865959953616138,-0.00878929348716817,0.05249564054745992,0.018064686655439505,0.6739346438690992,0.6739346438690991,0.6739346438690992,0.00394251766663423,"3034.TW,2408.TW,6669.TW,2357.TW,2308.TW,2609.TW,2303.TW,5871.TW,2615.TW,3008.TW,2603.TW,2327.TW,1101.TW,2207.TW,1326.TW",2024,7,15
2024-02-15,0.026385430966225372,0.02480519494648359,0.007727309687263428,0.020323827078128152,0.26318165397786364,0.2631816539778637,0.26318165397786364,0.0015396126757705026,"6669.TW,2609.TW,2615.TW,2345.TW,1590.TW,3008.TW,2408.TW,1303.TW,1326.TW,2308.TW,2303.TW,2207.TW,2618.TW,3034.TW,5871.TW,1301.TW,2603.TW,2382.TW,2002.TW,5876.TW",2024,7,20
2024-02-15,0.02953953017588052,0.027867093155232947,0.007727309687263428,0.020323827078128152,0.27768401485987143,0.27768401485987165,0.27768401485987154,0.0016244514869302488,"6669.TW,2609.TW,2615.TW,2345.TW,1590.TW,3008.TW,2408.TW,1303.TW,1326.TW,2308.TW,2303.TW,2207.TW,2618.TW,3034.TW,5871.TW",2024,7,15
2024-02-15,0.018198873003081574,0.014227897398369604,0.007727309687263428,0.020323827078128152,0.6666666666666666,0.6666666666666666,0.6666666666666666,0.0039,"6669.TW,2609.TW,2615.TW",2024,7,3
2024-02-15,0.028071066014897752,0.023259693425947914,0.007727309687263428,0.020323827078128152,0.8,0.7999999999999998,0.7999999999999999,0.004679999999999999,"6669.TW,2609.TW,2615.TW,2345.TW,1590.TW",2024,7,5
2024-02-15,0.024951473378887243,0.022470263471474405,0.007727309687263428,0.020323827078128152,0.4138131967490444,0.4138131967490442,0.41381319674904427,0.002420807200981909,"6669.TW,2609.TW,2615.TW,2345.TW,1590.TW,3008.TW,2408.TW,1303.TW,1326.TW,2308.TW",2024,7,10
2024-02-22,0.054433130536279815,0.05014975311098668,0.010805165578164022,0.00023743674137992167,0.6944027535520148,0.6944027535520148,0.6944027535520148,0.004062256108279287,"6669.TW,3017.TW,2345.TW",2024,7,3
2024-02-22,0.01950887930488688,0.01580099514068145,0.010805165578164022,0.00023743674137992167,0.6216977269367161,0.6216977269367161,0.6216977269367161,0.0036369317025797894,"6669.TW,3017.TW,2345.TW,3037.TW,3231.TW",2024,7,5
2024-02-22,0.009730886616742589,0.00647464367171291,0.010805165578164022,0.00023743674137992167,0.5512584917662079,0.551258491766208,0.551258491766208,0.003224862176832317,"6669.TW,3017.TW,2345.TW,3037.TW,3231.TW,2303.TW,1303.TW,1326.TW,2618.TW,2395.TW,2884.TW,2357.TW,1590.TW,2412.TW,2880.TW",2024,7,15
2024-02-22,0.005766694154232669,0.002131654289703855,0.010805165578164022,0.00023743674137992167,0.6178116052445355,0.6178116052445355,0.6178116052445355,0.0036141978906805328,"6669.TW,3017.TW,2345.TW,3037.TW,3231.TW,2303.TW,1303.TW,1326.TW,2618.TW,2395.TW",2024,7,10
2024-02-22,0.006901895803244735,0.0032860964872292175,0.010805165578164022,0.00023743674137992167,0.6138486338552092,0.6138486338552092,0.6138486338552092,0.003591014508052974,"6669.TW,3017.TW,2345.TW,3037.TW,3231.TW,2303.TW,1303.TW,1326.TW,2618.TW,2395.TW,2884.TW,2357.TW,1590.TW,2412.TW,2880.TW,2327.TW,3045.TW,2881.TW,1301.TW,2912.TW",2024,7,20
2024-03-01,-0.00200026386478931,-0.005603442010616022,0.06103462725365749,0.011374440200934824,0.6171623757744664,0.6171623757744663,0.6171623757744664,0.003610399898280628,"3017.TW,2345.TW,2454.TW,3037.TW,2357.TW,2609.TW,1590.TW,2408.TW,3711.TW,1303.TW",2024,7,10
2024-03-01,-0.0003902684868962499,-0.003603442109477717,0.06103462725365749,0.011374440200934824,0.5494748910388343,0.5494748910388343,0.5494748910388343,0.0032144281125771807,"3017.TW,2345.TW,2454.TW,3037.TW,2357.TW,2609.TW,1590.TW,2408.TW,3711.TW,1303.TW,4904.TW,2382.TW,2002.TW,2317.TW,1326.TW",2024,7,15
2024-03-01,0.006560866489085909,0.003245884848383618,0.06103462725365749,0.011374440200934824,0.5629699575960335,0.5629699575960336,0.5629699575960336,0.003293374251936797,"3017.TW,2345.TW,2454.TW,3037.TW,2357.TW,2609.TW,1590.TW,2408.TW,3711.TW,1303.TW,4904.TW,2382.TW,2002.TW,2317.TW,1326.TW,3008.TW,3034.TW,2303.TW,3045.TW,2603.TW",2024,7,20
2024-03-01,0.005938562828614335,0.0033968824181171975,0.06103462725365749,0.011374440200934824,0.4319103570539843,0.4319103570539844,0.43191035705398434,0.0025266755887658086,"3017.TW,2345.TW,2454.TW,3037.TW,2357.TW",2024,7,5
2024-03-01,0.029215360723561606,0.026979057945958784,0.06103462725365749,0.011374440200934824,0.37142273003838916,0.37142273003838916,0.37142273003838916,0.0021728229707245767,"3017.TW,2345.TW,2454.TW",2024,7,3
2024-03-08,0.00021917531233475208,-0.002256853599339803,-0.005524927357516862,0.008439939201895839,0.42316005917633426,0.42316005917633415,0.4231600591763342,0.002475486346181555,"2345.TW,3017.TW,3711.TW,3037.TW,1590.TW,3231.TW,2615.TW,1303.TW,2379.TW,2382.TW",2024,7,10
2024-03-08,-0.0048079378190401326,-0.006896403467990253,-0.005524927357516862,0.008439939201895839,0.35872741413537035,0.35872741413537046,0.3587274141353704,0.002098555372691917,"2345.TW,3017.TW,3711.TW",2024,7,3
2024-03-08,-0.008015423764227791,-0.010445056590455248,-0.005524927357516862,0.008439939201895839,0.4186777300642745,0.4186777300642746,0.41867773006427456,0.0024492647208760065,"2345.TW,3017.TW,3711.TW,3037.TW,1590.TW,3231.TW,2615.TW,1303.TW,2379.TW,2382.TW,6669.TW,2408.TW,2609.TW,3034.TW,1301.TW",2024,7,15
2024-03-08,-0.011581940952278567,-0.013435100283540335,-0.005524927357516862,0.008439939201895839,0.32049128399217613,0.320491283992176,0.3204912839921761,0.00187487401135423,"2345.TW,3017.TW,3711.TW,3037.TW,1590.TW,3231.TW,2615.TW,1303.TW,2379.TW,2382.TW,6669.TW,2408.TW,2609.TW,3034.TW,1301.TW,2603.TW,9910.TW,1326.TW,2454.TW,3008.TW",2024,7,20
2024-03-08,0.00038193613304460163,-0.0020761199852694645,-0.005524927357516862,0.008439939201895839,0.4200201121876953,0.4200201121876953,0.4200201121876953,0.0024571176562980176,"2345.TW,3017.TW,3711.TW,3037.TW,1590.TW",2024,7,5
2024-03-15,0.042401030511867485,0.038111175361192906,0.02745082499379259,0.010117651932665976,0.7034802837875022,0.7034802837875023,0.7034802837875023,0.004115359660156888,"3711.TW,6669.TW,2454.TW,2618.TW,3037.TW,2308.TW,2609.TW,3017.TW,2330.TW,2395.TW",2024,7,10
2024-03-15,0.026349374554149946,0.022286716173517407,0.02745082499379259,0.010117651932665976,0.676642413660079,0.676642413660079,0.676642413660079,0.003958358119911462,"3711.TW,6669.TW,2454.TW",2024,7,3
2024-03-15,0.031058503383271423,0.028823324728980193,0.02745082499379259,0.010117651932665976,0.3705723971943633,0.37057239719436325,0.3705723971943633,0.0021678485235870253,"3711.TW,6669.TW,2454.TW,2618.TW,3037.TW,2308.TW,2609.TW,3017.TW,2330.TW,2395.TW,2603.TW,2615.TW,2345.TW,3231.TW,2357.TW,3034.TW,2303.TW,2881.TW,2379.TW,2408.TW",2024,7,20
2024-03-15,0.0444629353041707,0.04075414867867333,0.02745082499379259,0.010117651932665976,0.6069919748358876,0.6069919748358876,0.6069919748358876,0.0035509030527899428,"3711.TW,6669.TW,2454.TW,2618.TW,3037.TW",2024,7,5
2024-03-15,0.034935742196611504,0.03199781652044731,0.02745082499379259,0.010117651932665976,0.4852567138391672,0.4852567138391673,0.48525671383916724,0.002838751775959129,"3711.TW,6669.TW,2454.TW,2618.TW,3037.TW,2308.TW,2609.TW,3017.TW,2330.TW,2395.TW,2603.TW,2615.TW,2345.TW,3231.TW,2357.TW",2024,7,15
2024-03-22,0.01158341891120045,0.007949447690657196,0.006361404781669577,0.010444775880379559,0.6140785327422216,0.6140785327422215,0.6140785327422216,0.0035923594165419956,"3008.TW,9910.TW,3017.TW,2603.TW,5871.TW,1216.TW,2609.TW,2615.TW,1101.TW,1303.TW,1301.TW,3711.TW,1326.TW,2454.TW,3034.TW",2024,7,15
2024-03-22,0.013686022479651302,0.010039791081013494,0.006361404781669577,0.010444775880379559,0.6148722629575994,0.6148722629575993,0.6148722629575993,0.003597002738301956,"3008.TW,9910.TW,3017.TW,2603.TW,5871.TW,1216.TW,2609.TW,2615.TW,1101.TW,1303.TW,1301.TW,3711.TW,1326.TW,2454.TW,3034.TW,2357.TW,2317.TW,2207.TW,2886.TW,2412.TW",2024,7,20
2024-03-22,-0.007100006720972017,-0.012908471681654321,0.006361404781669577,0.010444775880379559,1.0,1.0,1.0,0.00585,"3008.TW,9910.TW,3017.TW,2603.TW,5871.TW",2024,7,5
2024-03-22,0.0030327734379856372,-0.001734692972267915,0.006361404781669577,0.010444775880379559,0.8124874328153151,0.8124874328153151,0.8124874328153151,0.004753051481969593,"3008.TW,9910.TW,3017.TW,2603.TW,5871.TW,1216.TW,2609.TW,2615.TW,1101.TW,1303.TW",2024,7,10
2024-03-22,-0.016720949255709956,-0.022473131702564153,0.006361404781669577,0.010444775880379559,1.0,1.0,1.0,0.00585,"3008.TW,9910.TW,3017.TW",2024,7,3
2024-03-29,0.009434275064117545,0.005050169185181419,0.028761112109840115,0.00838928595542896,0.7424156548652523,0.7424156548652524,0.7424156548652523,0.004343131580961727,"3017.TW,3231.TW,2317.TW,2379.TW,2603.TW,2345.TW,2308.TW,2408.TW,6669.TW,2615.TW,2609.TW,2382.TW,2883.TW,2395.TW,5876.TW",2024,7,15
2024-03-29,0.023692239477331036,0.020035963485906416,0.028761112109840115,0.00838928595542896,0.6105393973658533,0.6105393973658533,0.6105393973658533,0.0035716554745902416,"3017.TW,3231.TW,2317.TW,2379.TW,2603.TW",2024,7,5
2024-03-29,0.018405620800403023,0.014182080600180447,0.028761112109840115,0.00838928595542896,0.7089244884875154,0.7089244884875155,0.7089244884875154,0.004147208257651965,"3017.TW,3231.TW,2317.TW,2379.TW,2603.TW,2345.TW,2308.TW,2408.TW,6669.TW,2615.TW",2024,7,10
2024-03-29,0.007470319608307645,0.0035938355155498147,0.028761112109840115,0.00838928595542896,0.6577333749350668,0.657733374935067,0.6577333749350669,0.0038477402433701414,"3017.TW,3231.TW,2317.TW,2379.TW,2603.TW,2345.TW,2308.TW,2408.TW,6669.TW,2615.TW,2609.TW,2382.TW,2883.TW,2395.TW,5876.TW,9910.TW,2303.TW,2892.TW,2887.TW,2357.TW",2024,7,20
2024-03-29,0.034725169488098784,0.030602115931828155,0.028761112109840115,0.00838928595542896,0.68114268453821,0.68114268453821,0.68114268453821,0.0039846847045485285,"3017.TW,3231.TW,2317.TW",2024,7,3
2024-04-09,-0.044049400497904595,-0.04630905395360807,-0.041781921029851676,-0.04023621009027836,0.40406433991953356,0.4040643399195336,0.4040643399195336,0.002363776388529272,"2345.TW,3017.TW,2603.TW,3008.TW,2382.TW,2454.TW,2317.TW,6669.TW,3037.TW,3231.TW,2609.TW,2379.TW,2618.TW,3034.TW,3711.TW,2327.TW,2395.TW,2887.TW,3045.TW,2357.TW",2024,7,20
2024-04-09,-0.017756510355842876,-0.021587259965455186,-0.041781921029851676,-0.04023621009027836,0.6666666666666666,0.6666666666666666,0.6666666666666666,0.0039,"2345.TW,3017.TW,2603.TW",2024,7,3
2024-04-09,-0.04270259050962465,-0.046088626557187706,-0.041781921029851676,-0.04023621009027836,0.6046287966956183,0.6046287966956185,0.6046287966956184,0.003537078460669368,"2345.TW,3017.TW,2603.TW,3008.TW,2382.TW",2024,7,5
2024-04-09,-0.048593729387245016,-0.05083424497279798,-0.041781921029851676,-0.04023621009027836,0.40255580504201266,0.4025558050420127,0.4025558050420127,0.0023549514594957744,"2345.TW,3017.TW,2603.TW,3008.TW,2382.TW,2454.TW,2317.TW,6669.TW,3037.TW,3231.TW,2609.TW,2379.TW,2618.TW,3034.TW,3711.TW",2024,7,15
2024-04-09,-0.06406450333175838,-0.06627658044858009,-0.041781921029851676,-0.04023621009027836,0.40401591971714645,0.40401591971714645,0.40401591971714645,0.002363493130345307,"2345.TW,3017.TW,2603.TW,3008.TW,2382.TW,2454.TW,2317.TW,6669.TW,3037.TW,3231.TW",2024,7,10
2024-04-16,0.0018195516597385424,-0.0025198930020963184,-0.012504078386049722,0.008454218853654003,0.7404381468204848,0.7404381468204849,0.7404381468204848,0.004331563158899837,"2330.TW,3034.TW,2317.TW,2885.TW,6669.TW,2882.TW,1102.TW,3045.TW,2912.TW,4904.TW,2382.TW,2408.TW,2412.TW,1590.TW,2327.TW",2024,7,15
2024-04-16,0.0009708070933998273,-0.003736612823493357,-0.012504078386049722,0.008454218853654003,0.8039067269279505,0.8039067269279507,0.8039067269279506,0.004702854352528512,"2330.TW,3034.TW,2317.TW,2885.TW,6669.TW,2882.TW,1102.TW,3045.TW,2912.TW,4904.TW",2024,7,10
2024-04-16,-0.01217127194055682,-0.0179500699997045,-0.012504078386049722,0.008454218853654003,1.0,1.0,1.0,0.00585,"2330.TW,3034.TW,2317.TW",2024,7,3
2024-04-16,-0.01891565758996268,-0.024655000993061504,-0.012504078386049722,0.008454218853654003,1.0,1.0,1.0,0.00585,"2330.TW,3034.TW,2317.TW,2885.TW,6669.TW",2024,7,5
2024-04-16,0.006336578066283194,0.003063271526496214,-0.012504078386049722,0.008454218853654003,0.5560163385156139,0.556016338515614,0.556016338515614,0.003252695580316342,"2330.TW,3034.TW,2317.TW,2885.TW,6669.TW,2882.TW,1102.TW,3045.TW,2912.TW,4904.TW,2382.TW,2408.TW,2412.TW,1590.TW,2327.TW,3711.TW,2884.TW,2618.TW,2891.TW,2603.TW",2024,7,20
2024-04-23,0.03871460611281892,0.036235519139760086,0.021753348659983462,0.020857513880510256,0.40798073740017454,0.4079807374001745,0.4079807374001745,0.002386687313791021,"2317.TW,2885.TW,3017.TW,6669.TW,2882.TW",2024,7,5
2024-04-23,0.017554568010585695,0.015127469086572809,0.021753348659983462,0.020857513880510256,0.40773116057118225,0.40773116057118214,0.4077311605711822,0.0023852272893414156,"2317.TW,2885.TW,3017.TW,6669.TW,2882.TW,2891.TW,3231.TW,2912.TW,2382.TW,2884.TW,2379.TW,2412.TW,1102.TW,2330.TW,2002.TW",2024,7,15
2024-04-23,0.017425135408738142,0.015598387597826724,0.021753348659983462,0.020857513880510256,0.30691652112207146,0.30691652112207174,0.3069165211220716,0.0017954616485641192,"2317.TW,2885.TW,3017.TW,6669.TW,2882.TW,2891.TW,3231.TW,2912.TW,2382.TW,2884.TW,2379.TW,2412.TW,1102.TW,2330.TW,2002.TW,1590.TW,4904.TW,3045.TW,2308.TW,3037.TW",2024,7,20
2024-04-23,0.02548284663231635,0.022447346120090028,0.021753348659983462,0.020857513880510256,0.5059947888479572,0.5059947888479572,0.5059947888479572,0.0029600695147605502,"2317.TW,2885.TW,3017.TW,6669.TW,2882.TW,2891.TW,3231.TW,2912.TW,2382.TW,2884.TW",2024,7,10
2024-04-23,0.03387810437281025,0.029845979765756203,0.021753348659983462,0.020857513880510256,0.6666666666666666,0.6666666666666666,0.6666666666666666,0.0039,"2317.TW,2885.TW,3017.TW",2024,7,3
2024-04-30,0.02757315415882441,0.025133388014324742,0.02160784228188528,0.019749779721393676,0.40586311554256155,0.4058631155425615,0.4058631155425615,0.002374299225923985,"2454.TW,2379.TW,2317.TW,3231.TW,3037.TW,3017.TW,2618.TW,2382.TW,2408.TW,1216.TW,6669.TW,1590.TW,2330.TW,3008.TW,2884.TW,2912.TW,2891.TW,2603.TW,3034.TW,1326.TW",2024,7,20
2024-04-30,0.0369804017568464,0.0341172650682382,0.02160784228188528,0.019749779721393676,0.4719713835927806,0.4719713835927809,0.4719713835927808,0.0027610325940177678,"2454.TW,2379.TW,2317.TW,3231.TW,3037.TW,3017.TW,2618.TW,2382.TW,2408.TW,1216.TW,6669.TW,1590.TW,2330.TW,3008.TW,2884.TW",2024,7,15
2024-04-30,0.050161545691136525,0.046446614161396615,0.02160784228188528,0.019749779721393676,0.6046984231429591,0.6046984231429591,0.6046984231429591,0.0035374857753863106,"2454.TW,2379.TW,2317.TW,3231.TW,3037.TW,3017.TW,2618.TW,2382.TW,2408.TW,1216.TW",2024,7,10
2024-04-30,0.0827638030155607,0.07854102418379982,0.02160784228188528,0.019749779721393676,0.6666666666666666,0.6666666666666669,0.6666666666666667,0.0039000000000000007,"2454.TW,2379.TW,2317.TW",2024,7,3
2024-04-30,0.06477253521291947,0.05978939974812292,0.02160784228188528,0.019749779721393676,0.8,0.7999999999999999,0.8,0.00468,"2454.TW,2379.TW,2317.TW,3231.TW,3037.TW",2024,7,5
2024-05-08,0.07941008308814991,0.07497852738343225,0.05101094421136598,0.03620942058945051,0.7018008276595363,0.7018008276595362,0.7018008276595362,0.004105534841808287,"2603.TW,3017.TW,6669.TW,2609.TW,3231.TW,2345.TW,1303.TW,2002.TW,3008.TW,2317.TW",2024,7,10
2024-05-08,0.08051415809725737,0.07419315027238849,0.05101094421136598,0.03620942058945051,1.0,1.0,1.0,0.00585,"2603.TW,3017.TW,6669.TW",2024,7,3
2024-05-08,0.12346980266607328,0.11817058041711692,0.05101094421136598,0.03620942058945051,0.8062966667523408,0.8062966667523408,0.8062966667523408,0.004716835500501193,"2603.TW,3017.TW,6669.TW,2609.TW,3231.TW",2024,7,5
2024-05-08,0.044140875415242774,0.0413275655236065,0.05101094421136598,0.03620942058945051,0.4605773848214932,0.4605773848214935,0.46057738482149335,0.0026943777012057367,"2603.TW,3017.TW,6669.TW,2609.TW,3231.TW,2345.TW,1303.TW,2002.TW,3008.TW,2317.TW,1590.TW,3034.TW,2379.TW,1102.TW,2618.TW,2308.TW,5871.TW,3037.TW,2395.TW,2412.TW",2024,7,20
2024-05-08,0.05781880976560472,0.05488938105933294,0.05101094421136598,0.03620942058945051,0.4733864052938156,0.4733864052938158,0.4733864052938157,0.002769310470968822,"2603.TW,3017.TW,6669.TW,2609.TW,3231.TW,2345.TW,1303.TW,2002.TW,3008.TW,2317.TW,1590.TW,3034.TW,2379.TW,1102.TW,2618.TW",2024,7,15
2024-05-15,0.006977553043915742,0.0033296026967721826,0.007990385206030792,-0.0026243703124485163,0.6192603340928595,0.6192603340928593,0.6192603340928594,0.003622672954443227,"3231.TW,2379.TW,5871.TW,3034.TW,2317.TW,2357.TW,3017.TW,9910.TW,2382.TW,2603.TW",2024,7,10
2024-05-15,0.006790562540249982,0.00354804337364123,0.007990385206030792,-0.0026243703124485163,0.5505383157529545,0.5505383157529548,0.5505383157529546,0.0032206491471547852,"3231.TW,2379.TW,5871.TW,3034.TW,2317.TW,2357.TW,3017.TW,9910.TW,2382.TW,2603.TW,2408.TW,3037.TW,5876.TW,2395.TW,2345.TW",2024,7,15
2024-05-15,0.0007462506185688569,-0.0040478746371287455,0.007990385206030792,-0.0026243703124485163,0.818897487960628,0.8188974879606279,0.8188974879606279,0.0047905503045696735,"3231.TW,2379.TW,5871.TW,3034.TW,2317.TW",2024,7,5
2024-05-15,-0.010144146173850843,-0.015934802918733837,0.007990385206030792,-0.0026243703124485163,1.0,0.9999999999999999,1.0,0.005849999999999999,"3231.TW,2379.TW,5871.TW",2024,7,3
2024-05-15,0.0058995771384420925,0.003447283725674488,0.007990385206030792,-0.0026243703124485163,0.4167368837816226,0.41673688378162255,0.41673688378162255,0.002437910770122492,"3231.TW,2379.TW,5871.TW,3034.TW,2317.TW,2357.TW,3017.TW,9910.TW,2382.TW,2603.TW,2408.TW,3037.TW,5876.TW,2395.TW,2345.TW,2615.TW,2891.TW,3008.TW,3711.TW,6669.TW",2024,7,20
2024-05-22,0.024868820232369283,0.01887333763400978,-0.013505624115530801,0.0003854670320893683,1.0,1.0,1.0,0.00585,"2603.TW,2357.TW,2609.TW",2024,7,3
2024-05-22,0.007604729314736453,0.004437026527702281,-0.013505624115530801,0.0003854670320893683,0.5374008677704171,0.537400867770417,0.537400867770417,0.0031437950764569393,"2603.TW,2357.TW,2609.TW,2615.TW,5871.TW,3008.TW,2618.TW,1590.TW,1102.TW,9910.TW,2207.TW,1303.TW,2345.TW,2395.TW,2382.TW",2024,7,15
2024-05-22,0.050574860333295904,0.04564927783896011,-0.013505624115530801,0.0003854670320893683,0.8014468510074193,0.8014468510074192,0.8014468510074193,0.004688464078393403,"2603.TW,2357.TW,2609.TW,2615.TW,5871.TW",2024,7,5
2024-05-22,0.007323410341306776,0.0049266445561075844,-0.013505624115530801,0.0003854670320893683,0.4067249393982221,0.4067249393982222,0.40672493939822213,0.0023793408954796,"2603.TW,2357.TW,2609.TW,2615.TW,5871.TW,3008.TW,2618.TW,1590.TW,1102.TW,9910.TW,2207.TW,1303.TW,2345.TW,2395.TW,2382.TW,2891.TW,1301.TW,2454.TW,3037.TW,6669.TW",2024,7,20
2024-05-22,0.013202694527873426,0.009625061764778176,-0.013505624115530801,0.0003854670320893683,0.6035921137869027,0.6035921137869027,0.6035921137869027,0.003531013865653381,"2603.TW,2357.TW,2609.TW,2615.TW,5871.TW,3008.TW,2618.TW,1590.TW,1102.TW,9910.TW",2024,7,10
2024-05-29,0.0036955389256168704,0.0006480266978350357,0.02827396432976692,0.004246884876371433,0.5190241870725879,0.519024187072588,0.519024187072588,0.0030362914943746397,"2885.TW,2891.TW,2603.TW,1590.TW,6669.TW,2357.TW,1216.TW,2609.TW,2892.TW,1102.TW",2024,7,10
2024-05-29,0.0033835105489128828,-0.0005980219257990527,0.02827396432976692,0.004246884876371433,0.6783087769289412,0.6783087769289413,0.6783087769289413,0.003968106345034307,"2885.TW,2891.TW,2603.TW,1590.TW,6669.TW,2357.TW,1216.TW,2609.TW,2892.TW,1102.TW,3034.TW,3037.TW,5876.TW,1101.TW,3045.TW",2024,7,15
2024-05-29,0.004069561127018284,0.00015368983862296126,0.02827396432976692,0.004246884876371433,0.6666666666666666,0.6666666666666666,0.6666666666666666,0.0039,"2885.TW,2891.TW,2603.TW",2024,7,3
2024-05-29,0.00957241556377323,0.006254824512201829,0.02827396432976692,0.004246884876371433,0.5617324450653965,0.5617324450653967,0.5617324450653967,0.0032861348036325702,"2885.TW,2891.TW,2603.TW,1590.TW,6669.TW,2357.TW,1216.TW,2609.TW,2892.TW,1102.TW,3034.TW,3037.TW,5876.TW,1101.TW,3045.TW,2880.TW,2884.TW,2615.TW,2883.TW,2887.TW",2024,7,20
2024-05-29,0.0020578306565901317,-0.0026376351369277184,0.02827396432976692,0.004246884876371433,0.8009954124720926,0.8009954124720927,0.8009954124720926,0.004685823162961742,"2885.TW,2891.TW,2603.TW,1590.TW,6669.TW",2024,7,5
2024-06-05,0.007717656942068883,0.003566073100596201,0.035890057826718724,0.013434091055723423,0.7042373889600065,0.7042373889600064,0.7042373889600064,0.004119788725416037,"3017.TW,2357.TW,2603.TW,2609.TW,2615.TW,2379.TW,3711.TW,2303.TW,2454.TW,2345.TW",2024,7,10
2024-06-05,0.010711879632246648,0.007426444209286176,0.035890057826718724,0.013434091055723423,0.5556607220428855,0.5556607220428854,0.5556607220428855,0.0032506152239508796,"3017.TW,2357.TW,2603.TW,2609.TW,2615.TW,2379.TW,3711.TW,2303.TW,2454.TW,2345.TW,3037.TW,6669.TW,2382.TW,3231.TW,2618.TW,2885.TW,2891.TW,2317.TW,1590.TW,1303.TW",2024,7,20
2024-06-05,0.006933814043856882,0.0029806855119152154,0.035890057826718724,0.013434091055723423,0.6710952175543405,0.6710952175543407,0.6710952175543405,0.003925907022692893,"3017.TW,2357.TW,2603.TW,2609.TW,2615.TW,2379.TW,3711.TW,2303.TW,2454.TW,2345.TW,3037.TW,6669.TW,2382.TW,3231.TW,2618.TW",2024,7,15
2024-06-05,-0.051490381332478456,-0.05592940634784238,0.035890057826718724,0.013434091055723423,0.8,0.8,0.8,0.00468,"3017.TW,2357.TW,2603.TW,2609.TW,2615.TW",2024,7,5
2024-06-05,-0.03214028621819365,-0.035914939101942656,0.035890057826718724,0.013434091055723423,0.6666666666666666,0.6666666666666667,0.6666666666666667,0.0039000000000000003,"3017.TW,2357.TW,2603.TW",2024,7,3
2024-06-13,0.03810214499332334,0.03471136885779447,0.04554348075309744,0.03166193753160399,0.5583456840182968,0.5583456840182969,0.5583456840182968,0.003266322251507037,"2603.TW,3008.TW,2609.TW,1301.TW,1303.TW,2395.TW,2357.TW,2615.TW,3231.TW,2883.TW,3017.TW,1326.TW,3037.TW,1590.TW,9910.TW",2024,7,15
2024-06-13,0.0808236701351829,0.07641240530521087,0.04554348075309744,0.03166193753160399,0.6976738064993249,0.6976738064993249,0.6976738064993249,0.004081391768021051,"2603.TW,3008.TW,2609.TW",2024,7,3
2024-06-13,0.05346674796270086,0.049604686423103006,0.04554348075309744,0.03166193753160399,0.6266751760670659,0.6266751760670657,0.6266751760670658,0.003666049779992335,"2603.TW,3008.TW,2609.TW,1301.TW,1303.TW",2024,7,5
2024-06-13,0.04829806733170792,0.04442740914629173,0.04554348075309744,0.03166193753160399,0.6311668336374628,0.631166833637463,0.631166833637463,0.003692325976779158,"2603.TW,3008.TW,2609.TW,1301.TW,1303.TW,2395.TW,2357.TW,2615.TW,3231.TW,2883.TW",2024,7,10
2024-06-13,0.03232696674262924,0.02948184126936737,0.04554348075309744,0.03166193753160399,0.47111646834161525,0.47111646834161525,0.47111646834161525,0.0027560313397984493,"2603.TW,3008.TW,2609.TW,1301.TW,1303.TW,2395.TW,2357.TW,2615.TW,3231.TW,2883.TW,3017.TW,1326.TW,3037.TW,1590.TW,9910.TW,2002.TW,2891.TW,2882.TW,1102.TW,2345.TW",2024,7,20
2024-06-20,-0.04442176377777756,-0.04894536801556315,-0.009620537324805944,-0.01655537711899393,0.8092123202070529,0.8092123202070529,0.8092123202070529,0.00473389207321126,"2615.TW,6669.TW,3017.TW,1590.TW,1301.TW",2024,7,5
2024-06-20,-0.02269805604556731,-0.025785911515550985,-0.009620537324805944,-0.01655537711899393,0.5400977099684927,0.5400977099684927,0.5400977099684927,0.0031595716033156825,"2615.TW,6669.TW,3017.TW,1590.TW,1301.TW,2609.TW,2454.TW,2408.TW,2887.TW,3045.TW,3008.TW,1303.TW,1216.TW,1101.TW,2880.TW",2024,7,15
2024-06-20,-0.04475029550906054,-0.05033850628033254,-0.009620537324805944,-0.01655537711899393,1.0,1.0,1.0,0.00585,"2615.TW,6669.TW,3017.TW",2024,7,3
2024-06-20,-0.035577256266013164,-0.039549901153247524,-0.009620537324805944,-0.01655537711899393,0.7041358164980631,0.7041358164980632,0.7041358164980631,0.00411919452651367,"2615.TW,6669.TW,3017.TW,1590.TW,1301.TW,2609.TW,2454.TW,2408.TW,2887.TW,3045.TW",2024,7,10
2024-06-20,-0.020433180905418315,-0.023898415082022173,-0.009620537324805944,-0.01655537711899393,0.6047037434811201,0.6047037434811199,0.60470374348112,0.0035375168993645517,"2615.TW,6669.TW,3017.TW,1590.TW,1301.TW,2609.TW,2454.TW,2408.TW,2887.TW,3045.TW,3008.TW,1303.TW,1216.TW,1101.TW,2880.TW,4904.TW,2892.TW,2330.TW,2412.TW,1326.TW",2024,7,20
2024-06-27,0.014258507949411546,0.010590755516051376,0.03939557598191801,0.024664429598482748,0.6181522984632354,0.6181522984632354,0.6181522984632354,0.003616190946009927,"2609.TW,2615.TW,6669.TW,2207.TW,2382.TW",2024,7,5
2024-06-27,0.028473160393099273,0.024381502866574145,0.03939557598191801,0.024664429598482748,0.6800650361604925,0.6800650361604923,0.6800650361604924,0.00397838046153888,"2609.TW,2615.TW,6669.TW,2207.TW,2382.TW,2454.TW,2408.TW,5871.TW,3037.TW,9910.TW,2379.TW,2883.TW,2345.TW,2357.TW,2882.TW",2024,7,15
2024-06-27,0.01639062168173504,0.01333628715074675,0.03939557598191801,0.024664429598482748,0.513688788245357,0.5136887882453569,0.5136887882453569,0.0030050794112353382,"2609.TW,2615.TW,6669.TW,2207.TW,2382.TW,2454.TW,2408.TW,5871.TW,3037.TW,9910.TW",2024,7,10
2024-06-27,0.027486550941409536,0.023505703328835503,0.03939557598191801,0.024664429598482748,0.6622828987461471,0.6622828987461468,0.6622828987461469,0.003874354957664959,"2609.TW,2615.TW,6669.TW,2207.TW,2382.TW,2454.TW,2408.TW,5871.TW,3037.TW,9910.TW,2379.TW,2883.TW,2345.TW,2357.TW,2882.TW,3231.TW,2317.TW,3034.TW,1326.TW,3008.TW",2024,7,20
2024-06-27,0.01287804822919092,0.010724968822465986,0.03939557598191801,0.024664429598482748,0.3633682875019196,0.3633682875019197,0.36336828750191963,0.00212570448188623,"2609.TW,2615.TW,6669.TW",2024,7,3
2024-07-04,-0.01611212310005966,-0.018199207854813215,0.029075702659907554,-0.0013095648928477543,0.3626090260084541,0.3626090260084541,0.3626090260084541,0.0021212628021494567,"2609.TW,9910.TW,2603.TW,2615.TW,2883.TW,3017.TW,1590.TW,3008.TW,1326.TW,2882.TW,2408.TW,3037.TW,2454.TW,1301.TW,2886.TW,2379.TW,2317.TW,3231.TW,1303.TW,1101.TW",2024,7,20
2024-07-04,-0.05662839326559235,-0.060026007999470665,0.029075702659907554,-0.0013095648928477543,0.6156522405931495,0.6156522405931494,0.6156522405931495,0.0036015656074699243,"2609.TW,9910.TW,2603.TW,2615.TW,2883.TW",2024,7,5
2024-07-04,-0.028550654374905053,-0.032617886456791756,0.029075702659907554,-0.0013095648928477543,0.7156866700895237,0.7156866700895237,0.7156866700895237,0.004186767020023714,"2609.TW,9910.TW,2603.TW,2615.TW,2883.TW,3017.TW,1590.TW,3008.TW,1326.TW,2882.TW",2024,7,10
2024-07-04,-0.06789557255034487,-0.07158707681183085,0.029075702659907554,-0.0013095648928477543,0.67699106548754,0.6769910654875398,0.67699106548754,0.003960397733102109,"2609.TW,9910.TW,2603.TW",2024,7,3
2024-07-04,-0.02314718059833461,-0.02589754231922825,0.029075702659907554,-0.0013095648928477543,0.4812877573561478,0.4812877573561478,0.4812877573561478,0.0028155333805334653,"2609.TW,9910.TW,2603.TW,2615.TW,2883.TW,3017.TW,1590.TW,3008.TW,1326.TW,2882.TW,2408.TW,3037.TW,2454.TW,1301.TW,2886.TW",2024,7,15
2024-07-11,-0.01874844473240729,-0.023417767720655513,-0.04281288434350139,-0.012074025530439436,0.8134253296223821,0.8134253296223821,0.8134253296223821,0.0047585381782909355,"6669.TW,4904.TW,2615.TW,3017.TW,3045.TW",2024,7,5
2024-07-11,-0.021582119157810088,-0.027305863760736848,-0.04281288434350139,-0.012074025530439436,1.0,1.0,1.0,0.00585,"6669.TW,4904.TW,2615.TW",2024,7,3
2024-07-11,-0.01247739188871838,-0.014924153019802988,-0.04281288434350139,-0.012074025530439436,0.42353437031411884,0.42353437031411884,0.42353437031411884,0.002477676066337595,"6669.TW,4904.TW,2615.TW,3017.TW,3045.TW,2609.TW,9910.TW,1590.TW,2408.TW,2603.TW,2382.TW,3037.TW,5876.TW,2454.TW,1303.TW",2024,7,15
2024-07-11,-0.00742983129718887,-0.009290598971900432,-0.04281288434350139,-0.012074025530439436,0.32046091493042533,0.32046091493042533,0.32046091493042533,0.0018746963523429883,"6669.TW,4904.TW,2615.TW,3017.TW,3045.TW,2609.TW,9910.TW,1590.TW,2408.TW,2603.TW,2382.TW,3037.TW,5876.TW,2454.TW,1303.TW,1301.TW,1326.TW,2317.TW,2618.TW,3231.TW",2024,7,20
2024-07-11,-0.018248080403624092,-0.02070331924945934,-0.04281288434350139,-0.012074025530439436,0.42750000242278313,0.42750000242278313,0.42750000242278313,0.0025008750141732815,"6669.TW,4904.TW,2615.TW,3017.TW,3045.TW,2609.TW,9910.TW,1590.TW,2408.TW,2603.TW",2024,7,10
2024-07-18,-0.04141582618892367,-0.047023543605718476,-0.050331062180390296,-0.035624347599682415,0.9999999999999999,1.0,1.0,0.00585,"2330.TW,3008.TW,2308.TW,2882.TW,2883.TW,2885.TW,2881.TW,3711.TW,2891.TW,2317.TW",2024,7,10
2024-07-18,-0.04989519221318195,-0.05510819311947157,-0.050331062180390296,-0.035624347599682415,0.9379083851898238,0.937908385189824,0.9379083851898239,0.00548676405336047,"2330.TW,3008.TW,2308.TW,2882.TW,2883.TW,2885.TW,2881.TW,3711.TW,2891.TW,2317.TW,2357.TW,2382.TW,2327.TW,2345.TW,2395.TW",2024,7,15
2024-07-18,-0.041560897625178034,-0.04638869123169098,-0.050331062180390296,-0.035624347599682415,0.8610498698522964,0.8610498698522963,0.8610498698522964,0.005037141738635934,"2330.TW,3008.TW,2308.TW,2882.TW,2883.TW,2885.TW,2881.TW,3711.TW,2891.TW,2317.TW,2357.TW,2382.TW,2327.TW,2345.TW,2395.TW,2379.TW,2887.TW,2454.TW,1102.TW,2912.TW",2024,7,20
2024-07-18,-0.03641691066657016,-0.042053871739170745,-0.050331062180390296,-0.035624347599682415,1.0,1.0000000000000002,1.0,0.005850000000000001,"2330.TW,3008.TW,2308.TW,2882.TW,2883.TW",2024,7,5
2024-07-18,-0.04015804474099124,-0.0457731201792565,-0.050331062180390296,-0.035624347599682415,1.0,1.0,1.0,0.00585,"2330.TW,3008.TW,2308.TW",2024,7,3
2024-07-29,-0.05203478406549882,-0.05758038057871562,-0.06666665453605702,-0.04740842430523112,1.0,1.0,1.0,0.00585,"3037.TW,1101.TW,2880.TW,4904.TW,2892.TW",2024,7,5
2024-07-29,-0.049021326584660664,-0.052704412578595705,-0.06666665453605702,-0.04740842430523112,0.662041502076504,0.6620415020765039,0.662041502076504,0.003872942787147548,"3037.TW,1101.TW,2880.TW,4904.TW,2892.TW,5880.TW,2912.TW,3711.TW,3045.TW,6669.TW,1216.TW,3017.TW,1326.TW,2882.TW,2883.TW,1303.TW,2382.TW,2412.TW,3008.TW,2327.TW",2024,7,20
2024-07-29,-0.04336935895621426,-0.04845460483220021,-0.06666665453605702,-0.04740842430523112,0.9086817440484232,0.9086817440484235,0.9086817440484234,0.005315788202683277,"3037.TW,1101.TW,2880.TW,4904.TW,2892.TW,5880.TW,2912.TW,3711.TW,3045.TW,6669.TW",2024,7,10
2024-07-29,-0.07739771177441068,-0.08279493516053038,-0.06666665453605702,-0.04740842430523112,1.0,1.0,1.0,0.00585,"3037.TW,1101.TW,2880.TW",2024,7,3
2024-07-29,-0.052487405441501246,-0.05695083441278603,-0.06666665453605702,-0.04740842430523112,0.8052445062076058,0.8052445062076059,0.8052445062076059,0.004710680361314494,"3037.TW,1101.TW,2880.TW,4904.TW,2892.TW,5880.TW,2912.TW,3711.TW,3045.TW,6669.TW,1216.TW,3017.TW,1326.TW,2882.TW,2883.TW",2024,7,15
2024-08-05,0.07152945207395259,0.06715039914651344,0.07172742190128711,0.0500827761549931,0.6985865433037404,0.6985865433037404,0.6985865433037404,0.004086731278326881,"3017.TW,6669.TW,3037.TW",2024,7,3
2024-08-05,0.084296739327341,0.07973515056624336,0.07172742190128711,0.0500827761549931,0.7191377916201482,0.7191377916201482,0.7191377916201482,0.004206956080977867,"3017.TW,6669.TW,3037.TW,3711.TW,2308.TW,2327.TW,2382.TW,2317.TW,2454.TW,3231.TW",2024,7,10
2024-08-05,0.07686735814211994,0.07301001888991743,0.07172742190128711,0.0500827761549931,0.6123077518881521,0.6123077518881522,0.6123077518881521,0.0035820003485456903,"3017.TW,6669.TW,3037.TW,3711.TW,2308.TW,2327.TW,2382.TW,2317.TW,2454.TW,3231.TW,2330.TW,2357.TW,2345.TW,2408.TW,1590.TW,2881.TW,2882.TW,3008.TW,2618.TW,2885.TW",2024,7,20
2024-08-05,0.07968927606079981,0.07448480163325333,0.07172742190128711,0.0500827761549931,0.8239905387820678,0.823990538782068,0.8239905387820678,0.004820344651875098,"3017.TW,6669.TW,3037.TW,3711.TW,2308.TW",2024,7,5
2024-08-05,0.07917225797064423,0.07446740289670939,0.07172742190128711,0.0500827761549931,0.7452459277442152,0.7452459277442154,0.7452459277442153,0.00435968867730366,"3017.TW,6669.TW,3037.TW,3711.TW,2308.TW,2327.TW,2382.TW,2317.TW,2454.TW,3231.TW,2330.TW,2357.TW,2345.TW,2408.TW,1590.TW",2024,7,15
2024-08-12,0.029325086059234975,0.026894235211449846,0.0295593644067087,0.018769397317893132,0.4036917637374251,0.4036917637374252,0.40369176373742516,0.0023615968178639373,"6669.TW,3711.TW,3017.TW,3037.TW,2382.TW,2609.TW,1590.TW,2330.TW,2345.TW,2454.TW",2024,7,10
2024-08-12,0.024640630418840043,0.023414620177781398,0.0295593644067087,0.018769397317893132,0.20453454016878897,0.2045345401687889,0.20453454016878891,0.0011965270599874152,"6669.TW,3711.TW,3017.TW,3037.TW,2382.TW",2024,7,5
2024-08-12,0.02862581460810006,0.026619994269614144,0.0295593644067087,0.018769397317893132,0.3333333333333333,0.3333333333333335,0.33333333333333337,0.0019500000000000006,"6669.TW,3711.TW,3017.TW",2024,7,3
2024-08-12,0.03064007802847097,0.02936999118205308,0.0295593644067087,0.018769397317893132,0.21065439551975468,0.2106543955197548,0.21065439551975473,0.0012323282137905655,"6669.TW,3711.TW,3017.TW,3037.TW,2382.TW,2609.TW,1590.TW,2330.TW,2345.TW,2454.TW,2317.TW,2327.TW,3008.TW,2408.TW,2308.TW,2615.TW,2357.TW,2379.TW,2882.TW,1326.TW",2024,7,20
2024-08-12,0.034364402412804765,0.03349291371538743,0.0295593644067087,0.018769397317893132,0.1440231571788818,0.1440231571788818,0.1440231571788818,0.0008425354694964586,"6669.TW,3711.TW,3017.TW,3037.TW,2382.TW,2609.TW,1590.TW,2330.TW,2345.TW,2454.TW,2317.TW,2327.TW,3008.TW,2408.TW,2308.TW",2024,7,15
2024-08-19,-0.034067918012915976,-0.03527247756263563,-0.02275192530403891,-0.00652292757908761,0.21316986895507595,0.21316986895507598,0.21316986895507595,0.0012470437333871945,"6669.TW,3037.TW,3711.TW,2382.TW,2317.TW",2024,7,5
2024-08-19,-0.03151814409392102,-0.03348691825839001,-0.02275192530403891,-0.00652292757908761,0.34749498936359546,0.3474949893635955,0.34749498936359546,0.002032845687777034,"6669.TW,3037.TW,3711.TW",2024,7,3
2024-08-19,-0.0120607218764142,-0.014046840255986681,-0.02275192530403891,-0.00652292757908761,0.3436521078060413,0.3436521078060413,0.3436521078060413,0.0020103648306653414,"6669.TW,3037.TW,3711.TW,2382.TW,2317.TW,1590.TW,3231.TW,3017.TW,2327.TW,2882.TW,2002.TW,2881.TW,2308.TW,2330.TW,1326.TW",2024,7,15
2024-08-19,-0.010101113374966553,-0.012473022136023415,-0.02275192530403891,-0.00652292757908761,0.4095918225061329,0.40959182250613274,0.4095918225061328,0.002396112161660877,"6669.TW,3037.TW,3711.TW,2382.TW,2317.TW,1590.TW,3231.TW,3017.TW,2327.TW,2882.TW",2024,7,10
2024-08-19,-0.010914051982430279,-0.013001774684252898,-0.02275192530403891,-0.00652292757908761,0.36081361406510754,0.36081361406510754,0.36081361406510754,0.0021107596422808793,"6669.TW,3037.TW,3711.TW,2382.TW,2317.TW,1590.TW,3231.TW,3017.TW,2327.TW,2882.TW,2002.TW,2881.TW,2308.TW,2330.TW,1326.TW,2609.TW,1301.TW,1303.TW,2885.TW,2883.TW",2024,7,20
2024-08-26,-0.0032072943145547935,-0.005886212797164059,0.0033259957996416567,-0.002352408609537695,0.459408240790748,0.4594082407907478,0.45940824079074793,0.002687538208625875,"6669.TW,3017.TW,2615.TW,3231.TW,5871.TW,2317.TW,2382.TW,2345.TW,2454.TW,3037.TW,3711.TW,2308.TW,2330.TW,2408.TW,2609.TW,2618.TW,2379.TW,2891.TW,2880.TW,2885.TW",2024,7,20
2024-08-26,-0.005182235889575395,-0.00758004597038664,0.0033259957996416567,-0.002352408609537695,0.4120172356013784,0.41201723560137854,0.4120172356013785,0.002410300828268064,"6669.TW,3017.TW,2615.TW,3231.TW,5871.TW,2317.TW,2382.TW,2345.TW,2454.TW,3037.TW,3711.TW,2308.TW,2330.TW,2408.TW,2609.TW",2024,7,15
2024-08-26,-0.0063411512483657635,-0.008719158745322919,0.0033259957996416567,-0.002352408609537695,0.4090911166720459,0.40909111667204573,0.4090911166720458,0.002393183032531468,"6669.TW,3017.TW,2615.TW,3231.TW,5871.TW,2317.TW,2382.TW,2345.TW,2454.TW,3037.TW",2024,7,10
2024-08-26,-0.03028403341637716,-0.03406592568605338,0.0033259957996416567,-0.002352408609537695,0.6666666666666666,0.6666666666666667,0.6666666666666667,0.0039000000000000003,"6669.TW,3017.TW,2615.TW",2024,7,3
2024-08-26,-0.023837934987302228,-0.028406373451561717,0.0033259957996416567,-0.002352408609537695,0.8,0.8,0.8,0.00468,"6669.TW,3017.TW,2615.TW,3231.TW,5871.TW",2024,7,5
2024-09-02,-0.07106659709411797,-0.07327764361051226,-0.04198901066589522,-0.04238334805122396,0.40687165332498154,0.40687165332498154,0.40687165332498154,0.002380199171951142,"2454.TW,3017.TW,6669.TW,3231.TW,3037.TW",2024,7,5
2024-09-02,-0.06977768247728755,-0.07164229594087124,-0.04198901066589522,-0.04238334805122396,0.3426464170964765,0.34264641709647653,0.3426464170964765,0.0020044815400143876,"2454.TW,3017.TW,6669.TW",2024,7,3
2024-09-02,-0.06813444964953881,-0.07008815166473492,-0.04198901066589522,-0.04238334805122396,0.3583844861720417,0.35838448617204166,0.35838448617204166,0.002096549244106444,"2454.TW,3017.TW,6669.TW,3231.TW,3037.TW,2609.TW,2603.TW,2615.TW,3008.TW,2408.TW,1303.TW,3711.TW,1326.TW,2382.TW,9910.TW,1301.TW,2317.TW,5876.TW,2345.TW,2308.TW",2024,7,20
2024-09-02,-0.07146129619521019,-0.07332776033763666,-0.04198901066589522,-0.04238334805122396,0.34360840130059356,0.34360840130059367,0.3436084013005936,0.0020101091476084727,"2454.TW,3017.TW,6669.TW,3231.TW,3037.TW,2609.TW,2603.TW,2615.TW,3008.TW,2408.TW,1303.TW,3711.TW,1326.TW,2382.TW,9910.TW",2024,7,15
2024-09-02,-0.06674141161933338,-0.06896933802499416,-0.04198901066589522,-0.04238334805122396,0.408077809695378,0.408077809695378,0.408077809695378,0.002387255186717961,"2454.TW,3017.TW,6669.TW,3231.TW,3037.TW,2609.TW,2603.TW,2615.TW,3008.TW,2408.TW",2024,7,10
2024-09-09,0.008494359690148185,0.0025946676859607276,0.029411795902210436,0.0196645353062435,1.0,1.0,1.0,0.00585,"2881.TW,1102.TW,2912.TW",2024,7,3
2024-09-09,0.008691842197918069,0.004704037748402001,0.029411795902210436,0.0196645353062435,0.675802009849594,0.6758020098495939,0.675802009849594,0.003953441757620125,"2881.TW,1102.TW,2912.TW,2618.TW,6669.TW,1590.TW,2454.TW,4904.TW,1216.TW,3008.TW,2382.TW,3045.TW,2882.TW,2412.TW,3037.TW",2024,7,15
2024-09-09,0.017775718486754546,0.013010587339114643,0.029411795902210436,0.0196645353062435,0.8003259638980252,0.8003259638980251,0.8003259638980251,0.004681906888803447,"2881.TW,1102.TW,2912.TW,2618.TW,6669.TW",2024,7,5
2024-09-09,0.015320904565376,0.011397391175075322,0.029411795902210436,0.0196645353062435,0.6605655873018234,0.6605655873018231,0.6605655873018232,0.003864308685715666,"2881.TW,1102.TW,2912.TW,2618.TW,6669.TW,1590.TW,2454.TW,4904.TW,1216.TW,3008.TW,2382.TW,3045.TW,2882.TW,2412.TW,3037.TW,2884.TW,1326.TW,2327.TW,2615.TW,2885.TW",2024,7,20
2024-09-09,0.0046834570226152224,0.0005151420041797916,0.029411795902210436,0.0196645353062435,0.7092109229064623,0.7092109229064624,0.7092109229064623,0.004148883899002805,"2881.TW,1102.TW,2912.TW,2618.TW,6669.TW,1590.TW,2454.TW,4904.TW,1216.TW,3008.TW",2024,7,10
2024-09-16,0.037956646525882584,0.03548770676675783,0.05154057141719437,0.04155660952607379,0.406607526314661,0.406607526314661,0.406607526314661,0.002378654028940767,"3017.TW,3037.TW,2454.TW,1590.TW,2382.TW,3008.TW,2408.TW,2379.TW,6669.TW,1102.TW,2308.TW,3045.TW,2412.TW,2395.TW,2317.TW",2024,7,15
2024-09-16,0.04197913651395408,0.03919655411304879,0.05154057141719437,0.04155660952607379,0.4564919724373869,0.456491972437387,0.45649197243738693,0.0026704780387587137,"3017.TW,3037.TW,2454.TW,1590.TW,2382.TW,3008.TW,2408.TW,2379.TW,6669.TW,1102.TW,2308.TW,3045.TW,2412.TW,2395.TW,2317.TW,1216.TW,5876.TW,3034.TW,5871.TW,2615.TW",2024,7,20
2024-09-16,0.048727002950316095,0.04259194998305671,0.05154057141719437,0.04155660952607379,1.0,1.0,1.0,0.00585,"3017.TW,3037.TW,2454.TW",2024,7,3
2024-09-16,0.06997845356391262,0.06371907961056356,0.05154057141719437,0.04155660952607379,1.0,1.0,1.0,0.00585,"3017.TW,3037.TW,2454.TW,1590.TW,2382.TW",2024,7,5
2024-09-16,0.04137231888807827,0.038275406248971855,0.05154057141719437,0.04155660952607379,0.5083549527040236,0.5083549527040235,0.5083549527040236,0.002973876473318538,"3017.TW,3037.TW,2454.TW,1590.TW,2382.TW,3008.TW,2408.TW,2379.TW,6669.TW,1102.TW",2024,7,10
2024-09-24,-0.003952555966154032,-0.006732253623662698,-0.019712312222314066,-0.015540019014991122,0.4770475498759264,0.47704754987592635,0.47704754987592635,0.0027907281667741693,"3037.TW,6669.TW,3008.TW,2408.TW,2382.TW,2887.TW,9910.TW,3034.TW,1326.TW,2395.TW,1301.TW,3045.TW,1303.TW,1102.TW,5876.TW",2024,7,15
2024-09-24,-0.007305718777147391,-0.00971179257898458,-0.019712312222314066,-0.015540019014991122,0.4143215839563977,0.4143215839563977,0.4143215839563977,0.0024237812661449263,"3037.TW,6669.TW,3008.TW,2408.TW,2382.TW,2887.TW,9910.TW,3034.TW,1326.TW,2395.TW,1301.TW,3045.TW,1303.TW,1102.TW,5876.TW,2345.TW,2412.TW,2379.TW,2303.TW,2002.TW",2024,7,20
2024-09-24,-0.014068649359188501,-0.017627989661261334,-0.019712312222314066,-0.015540019014991122,0.6171162315460657,0.6171162315460657,0.6171162315460657,0.0036101299545444844,"3037.TW,6669.TW,3008.TW,2408.TW,2382.TW",2024,7,5
2024-09-24,-0.01914078408343759,-0.022081534436981687,-0.019712312222314066,-0.015540019014991122,0.5125020593882618,0.512502059388262,0.5125020593882619,0.0029981370474213326,"3037.TW,6669.TW,3008.TW,2408.TW,2382.TW,2887.TW,9910.TW,3034.TW,1326.TW,2395.TW",2024,7,10
2024-09-24,-0.023411198392868537,-0.027296023595079655,-0.019712312222314066,-0.015540019014991122,0.6799921144352814,0.6799921144352816,0.6799921144352815,0.003977953869446397,"3037.TW,6669.TW,3008.TW",2024,7,3
2024-10-01,0.0019032292699225906,-0.0004822504982655573,0.04402180115661869,0.0005234446867118625,0.40699970559587173,0.40699970559587173,0.40699970559587173,0.00238094827773585,"2615.TW,6669.TW,3037.TW,2454.TW,2408.TW",2024,7,5
2024-10-01,0.008774598964419175,0.004768583696779682,0.04402180115661869,0.0005234446867118625,0.6788324521079431,0.6788324521079431,0.6788324521079431,0.003971169844831467,"2615.TW,6669.TW,3037.TW,2454.TW,2408.TW,2327.TW,2345.TW,2603.TW,2330.TW,4904.TW,2881.TW,9910.TW,2395.TW,3017.TW,2379.TW",2024,7,15
2024-10-01,0.0013830595647813526,-0.0006012717106850252,0.04402180115661869,0.0005234446867118625,0.33873343890752966,0.3387334389075297,0.3387334389075297,0.001981590617609049,"2615.TW,6669.TW,3037.TW",2024,7,3
2024-10-01,0.005547229108382824,0.0014149027952903293,0.04402180115661869,0.0005234446867118625,0.7024837281556116,0.7024837281556118,0.7024837281556117,0.004109529809710329,"2615.TW,6669.TW,3037.TW,2454.TW,2408.TW,2327.TW,2345.TW,2603.TW,2330.TW,4904.TW",2024,7,10
2024-10-01,0.008498066220739958,0.005154027426940377,0.04402180115661869,0.0005234446867118625,0.5668137423255393,0.5668137423255393,0.5668137423255393,0.003315860392604405,"2615.TW,6669.TW,3037.TW,2454.TW,2408.TW,2327.TW,2345.TW,2603.TW,2330.TW,4904.TW,2881.TW,9910.TW,2395.TW,3017.TW,2379.TW,3045.TW,2609.TW,2308.TW,5876.TW,3711.TW",2024,7,20
2024-10-11,0.02061245793256045,0.018120878210006852,0.03617909394487784,0.02810915244873934,0.41730929342869216,0.4173092934286924,0.4173092934286923,0.0024412593665578504,"9910.TW,3037.TW,3008.TW,2408.TW,2327.TW,2615.TW,5871.TW,1590.TW,2609.TW,4904.TW,2887.TW,2207.TW,2308.TW,5876.TW,3034.TW,2303.TW,2395.TW,2379.TW,2603.TW,1301.TW",2024,7,20
2024-10-11,0.01549407801912055,0.011806368856363214,0.03617909394487784,0.02810915244873934,0.6207595379473192,0.6207595379473192,0.6207595379473192,0.0036314432969918172,"9910.TW,3037.TW,3008.TW,2408.TW,2327.TW",2024,7,5
2024-10-11,0.026266993796548156,0.022535810251207433,0.03617909394487784,0.02810915244873934,0.6214846203814548,0.6214846203814549,0.6214846203814548,0.0036356850292315114,"9910.TW,3037.TW,3008.TW,2408.TW,2327.TW,2615.TW,5871.TW,1590.TW,2609.TW,4904.TW,2887.TW,2207.TW,2308.TW,5876.TW,3034.TW",2024,7,15
2024-10-11,-0.0035132266319378713,-0.007429159778678973,0.03617909394487784,0.02810915244873934,0.671750292511869,0.6717502925118692,0.6717502925118691,0.003929739211194435,"9910.TW,3037.TW,3008.TW",2024,7,3
2024-10-11,0.02375412514150787,0.02061114041618506,0.03617909394487784,0.02810915244873934,0.5247962699390963,0.5247962699390963,0.5247962699390963,0.0030700581791437134,"9910.TW,3037.TW,3008.TW,2408.TW,2327.TW,2615.TW,5871.TW,1590.TW,2609.TW,4904.TW",2024,7,10
2024-10-18,0.02481095657388024,0.020014841297114616,-0.005777406437534327,-0.003991276884812165,0.8,0.8,0.8,0.00468,"3711.TW,6669.TW,3037.TW,1590.TW,1326.TW",2024,7,5
2024-10-18,0.05606486840511844,0.051946215418338326,-0.005777406437534327,-0.003991276884812165,0.6666666666666666,0.6666666666666667,0.6666666666666667,0.0039000000000000003,"3711.TW,6669.TW,3037.TW",2024,7,3
2024-10-18,0.017861729297711935,0.014823685534982811,-0.005777406437534327,-0.003991276884812165,0.5102104786697857,0.5102104786697857,0.5102104786697857,0.002984731300218247,"3711.TW,6669.TW,3037.TW,1590.TW,1326.TW,1301.TW,2379.TW,2615.TW,9910.TW,3008.TW",2024,7,10
2024-10-18,0.008819016118322434,0.005235097616191009,-0.005777406437534327,-0.003991276884812165,0.6072800290256606,0.6072800290256607,0.6072800290256606,0.003552588169800115,"3711.TW,6669.TW,3037.TW,1590.TW,1326.TW,1301.TW,2379.TW,2615.TW,9910.TW,3008.TW,2408.TW,2303.TW,3017.TW,2317.TW,2395.TW",2024,7,15
2024-10-18,0.004946680069821278,0.0022254138967428005,-0.005777406437534327,-0.003991276884812165,0.4628839659109106,0.4628839659109107,0.46288396591091063,0.0027078712005788276,"3711.TW,6669.TW,3037.TW,1590.TW,1326.TW,1301.TW,2379.TW,2615.TW,9910.TW,3008.TW,2408.TW,2303.TW,3017.TW,2317.TW,2395.TW,2887.TW,1303.TW,3231.TW,2357.TW,2382.TW",2024,7,20
2024-10-25,-0.02224922267456163,-0.024980889415433194,-0.03208700919659946,-0.01974083823373723,0.4775773034039197,0.4775773034039196,0.47757730340391963,0.00279382722491293,"2615.TW,1590.TW,3008.TW,6669.TW,3034.TW,2382.TW,2408.TW,3017.TW,2884.TW,1326.TW,5871.TW,1303.TW,2609.TW,2454.TW,2395.TW",2024,7,15
2024-10-25,-0.022181765321380366,-0.02564402134013255,-0.03208700919659946,-0.01974083823373723,0.6052644701176568,0.6052644701176569,0.6052644701176568,0.0035407971501882933,"2615.TW,1590.TW,3008.TW,6669.TW,3034.TW",2024,7,5
2024-10-25,-0.02192666212094463,-0.024278413069435123,-0.03208700919659946,-0.01974083823373723,0.4110210283570679,0.4110210283570679,0.4110210283570679,0.0024044730158888474,"2615.TW,1590.TW,3008.TW,6669.TW,3034.TW,2382.TW,2408.TW,3017.TW,2884.TW,1326.TW,5871.TW,1303.TW,2609.TW,2454.TW,2395.TW,3231.TW,2883.TW,2880.TW,1216.TW,2303.TW",2024,7,20
2024-10-25,-0.026131343008999944,-0.02902460956085684,-0.03208700919659946,-0.01974083823373723,0.5078461817202304,0.5078461817202305,0.5078461817202304,0.0029709001630633487,"2615.TW,1590.TW,3008.TW,6669.TW,3034.TW,2382.TW,2408.TW,3017.TW,2884.TW,1326.TW",2024,7,10
2024-10-25,-0.010521677667214603,-0.0163101258528614,-0.03208700919659946,-0.01974083823373723,1.0,1.0,1.0,0.00585,"2615.TW,1590.TW,3008.TW",2024,7,3
2024-11-04,0.020779242356552242,0.015958212069781208,0.01905502093057776,0.005946560915669244,0.8073319941595603,0.8073319941595605,0.8073319941595604,0.004722892165833429,"2345.TW,1590.TW,3037.TW,2308.TW,3711.TW,2912.TW,2408.TW,2603.TW,2454.TW,2327.TW",2024,7,10
2024-11-04,0.0359925418464065,0.03191829292471593,0.01905502093057776,0.005946560915669244,0.6722565838990867,0.6722565838990868,0.6722565838990868,0.003932701015809658,"2345.TW,1590.TW,3037.TW",2024,7,3
2024-11-04,0.002378814105882604,-0.0011983960687088624,0.01905502093057776,0.005946560915669244,0.6100377523232526,0.6100377523232527,0.6100377523232527,0.0035687208510910284,"2345.TW,1590.TW,3037.TW,2308.TW,3711.TW,2912.TW,2408.TW,2603.TW,2454.TW,2327.TW,1216.TW,3008.TW,5871.TW,3034.TW,1301.TW",2024,7,15
2024-11-04,0.003636581091936675,0.0006344413079322209,0.01905502093057776,0.005946560915669244,0.5113268064678385,0.5113268064678383,0.5113268064678385,0.0029912618178368545,"2345.TW,1590.TW,3037.TW,2308.TW,3711.TW,2912.TW,2408.TW,2603.TW,2454.TW,2327.TW,1216.TW,3008.TW,5871.TW,3034.TW,1301.TW,5876.TW,1326.TW,6669.TW,2303.TW,2379.TW",2024,7,20
2024-11-04,0.031010494780759547,0.026179279816725742,0.01905502093057776,0.005946560915669244,0.8010090255931459,0.8010090255931459,0.8010090255931459,0.004685902799719904,"2345.TW,1590.TW,3037.TW,2308.TW,3711.TW",2024,7,5
2024-11-11,-0.023977777414398882,-0.027805441787524865,-0.023053237934670845,-0.0075734763084909515,0.6703757220920958,0.6703757220920958,0.6703757220920958,0.003921697974238761,"2615.TW,1326.TW,3037.TW",2024,7,3
2024-11-11,-0.005049433023918781,-0.007835141637845378,-0.023053237934670845,-0.0075734763084909515,0.4786061965886207,0.4786061965886208,0.47860619658862075,0.0027998462500434316,"2615.TW,1326.TW,3037.TW,2408.TW,1301.TW,2345.TW,5871.TW,1102.TW,2395.TW,2357.TW,3008.TW,2882.TW,1216.TW,1303.TW,2912.TW",2024,7,15
2024-11-11,-0.0088963034848897,-0.012962339765049236,-0.023053237934670845,-0.0075734763084909515,0.7012878059312277,0.7012878059312279,0.7012878059312277,0.0041025336646976825,"2615.TW,1326.TW,3037.TW,2408.TW,1301.TW,2345.TW,5871.TW,1102.TW,2395.TW,2357.TW",2024,7,10
2024-11-11,-0.009230615795645571,-0.011905549545399019,-0.023053237934670845,-0.0075734763084909515,0.4615136879746281,0.461513687974628,0.46151368797462805,0.002699855074651574,"2615.TW,1326.TW,3037.TW,2408.TW,1301.TW,2345.TW,5871.TW,1102.TW,2395.TW,2357.TW,3008.TW,2882.TW,1216.TW,1303.TW,2912.TW,2207.TW,2303.TW,1590.TW,3231.TW,2609.TW",2024,7,20
2024-11-11,-0.019145036218125112,-0.023742723260861243,-0.023053237934670845,-0.0075734763084909515,0.8012697473481808,0.8012697473481807,0.8012697473481807,0.004687428021986857,"2615.TW,1326.TW,3037.TW,2408.TW,1301.TW",2024,7,5
2024-11-18,0.014246843487460081,0.009476381871147854,-0.003146235545178566,0.003841123369244466,0.8040089347007384,0.8040089347007383,0.8040089347007384,0.004703452267999319,"2357.TW,2891.TW,6669.TW,3231.TW,3037.TW",2024,7,5
2024-11-18,0.011863329015158242,0.007114419805055672,-0.003146235545178566,0.003841123369244466,0.802261855802564,0.8022618558025643,0.8022618558025641,0.004693231856445001,"2357.TW,2891.TW,6669.TW,3231.TW,3037.TW,2885.TW,2609.TW,2883.TW,2382.TW,2379.TW,2886.TW,2345.TW,2317.TW,5876.TW,3017.TW",2024,7,15
2024-11-18,0.01231012869615259,0.007554645765817547,-0.003146235545178566,0.003841123369244466,0.8030178123986305,0.8030178123986305,0.8030178123986305,0.0046976542025319885,"2357.TW,2891.TW,6669.TW,3231.TW,3037.TW,2885.TW,2609.TW,2883.TW,2382.TW,2379.TW",2024,7,10
2024-11-18,0.007181622899825897,0.0012896104058617297,-0.003146235545178566,0.003841123369244466,1.0,1.0,1.0,0.00585,"2357.TW,2891.TW,6669.TW",2024,7,3
2024-11-18,0.006771036957181186,0.003221232954998321,-0.003146235545178566,0.003841123369244466,0.6027230429385377,0.6027230429385376,0.6027230429385377,0.0035259298011904453,"2357.TW,2891.TW,6669.TW,3231.TW,3037.TW,2885.TW,2609.TW,2883.TW,2382.TW,2379.TW,2886.TW,2345.TW,2317.TW,5876.TW,3017.TW,1101.TW,2395.TW,2330.TW,1301.TW,1303.TW",2024,7,20
2024-11-25,0.01615290586409817,0.012541103514357888,0.02209360577283115,-0.00025735941974774023,0.6075878024889352,0.607587802488935,0.6075878024889351,0.0035543886445602696,"2357.TW,2885.TW,2618.TW,2891.TW,2615.TW",2024,7,5
2024-11-25,0.008370057599921724,0.005154967137687594,0.02209360577283115,-0.00025735941974774023,0.545026212411088,0.5450262124110878,0.5450262124110878,0.003188403342604864,"2357.TW,2885.TW,2618.TW,2891.TW,2615.TW,2330.TW,5876.TW,2379.TW,2892.TW,5871.TW,2609.TW,2454.TW,2207.TW,1303.TW,3037.TW",2024,7,15
2024-11-25,0.01879784423397256,0.0151731920867193,0.02209360577283115,-0.00025735941974774023,0.6081664396492695,0.6081664396492695,0.6081664396492695,0.0035577736719482273,"2357.TW,2885.TW,2618.TW,2891.TW,2615.TW,2330.TW,5876.TW,2379.TW,2892.TW,5871.TW",2024,7,10
2024-11-25,0.03971219341143121,0.03559407942124371,0.02209360577283115,-0.00025735941974774023,0.6770634353378301,0.6770634353378302,0.6770634353378302,0.0039608210967263064,"2357.TW,2885.TW,2618.TW",2024,7,3
2024-11-25,-0.00170801568535538,-0.004713601624100616,0.02209360577283115,-0.00025735941974774023,0.5146544119526328,0.5146544119526327,0.5146544119526328,0.0030107283099229014,"2357.TW,2885.TW,2618.TW,2891.TW,2615.TW,2330.TW,5876.TW,2379.TW,2892.TW,5871.TW,2609.TW,2454.TW,2207.TW,1303.TW,3037.TW,2408.TW,2002.TW,2412.TW,2882.TW,1301.TW",2024,7,20
2024-12-02,0.016978799309759908,0.013315531409966885,0.0074627205707296085,0.013358370054042962,0.6157450297049064,0.6157450297049063,0.6157450297049063,0.003602108423773702,"5871.TW,3231.TW,6669.TW,2408.TW,1301.TW,2883.TW,3037.TW,3017.TW,1326.TW,2887.TW,2615.TW,2382.TW,2317.TW,2207.TW,3711.TW,1590.TW,2002.TW,2327.TW,1303.TW,2603.TW",2024,7,20
2024-12-02,0.01652734737148064,0.01210127992783172,0.0074627205707296085,0.013358370054042962,0.7442915602481814,0.7442915602481817,0.7442915602481815,0.004354105627451863,"5871.TW,3231.TW,6669.TW,2408.TW,1301.TW,2883.TW,3037.TW,3017.TW,1326.TW,2887.TW,2615.TW,2382.TW,2317.TW,2207.TW,3711.TW",2024,7,15
2024-12-02,0.026161184079765223,0.020747369229159984,0.0074627205707296085,0.013358370054042962,0.9018451003199927,0.9018451003199927,0.9018451003199927,0.005275793836871957,"5871.TW,3231.TW,6669.TW,2408.TW,1301.TW,2883.TW,3037.TW,3017.TW,1326.TW,2887.TW",2024,7,10
2024-12-02,0.046692774395949994,0.040569621665733635,0.0074627205707296085,0.013358370054042962,1.0,0.9999999999999998,0.9999999999999999,0.005849999999999999,"5871.TW,3231.TW,6669.TW,2408.TW,1301.TW",2024,7,5
2024-12-02,0.09328402733151689,0.08688831577162759,0.0074627205707296085,0.013358370054042962,1.0,1.0,1.0,0.00585,"5871.TW,3231.TW,6669.TW",2024,7,3
2024-12-09,-0.06523546865808905,-0.06753024462026758,0.006896580592663737,-0.02258267813285056,0.41964514280516585,0.41964514280516596,0.4196451428051659,0.002454924085410221,"5871.TW,2408.TW,9910.TW,2345.TW,1303.TW,1326.TW,1301.TW,3017.TW,3037.TW,2317.TW",2024,7,10
2024-12-09,-0.04886433621653252,-0.05231478437175652,0.006896580592663737,-0.02258267813285056,0.6201220498114577,0.6201220498114577,0.6201220498114577,0.0036277139913970273,"5871.TW,2408.TW,9910.TW,2345.TW,1303.TW",2024,7,5
2024-12-09,-0.05044722427949288,-0.05310800101077828,0.006896580592663737,-0.02258267813285056,0.4789977354701944,0.47899773547019436,0.4789977354701944,0.002802136752500637,"5871.TW,2408.TW,9910.TW,2345.TW,1303.TW,1326.TW,1301.TW,3017.TW,3037.TW,2317.TW,3008.TW,2615.TW,2002.TW,2327.TW,1216.TW",2024,7,15
2024-12-09,-0.056436209122268016,-0.06024551136995171,0.006896580592663737,-0.02258267813285056,0.6901099678444604,0.6901099678444605,0.6901099678444604,0.0040371433118900945,"5871.TW,2408.TW,9910.TW",2024,7,3
2024-12-09,-0.03582383976576634,-0.037890600759515225,0.006896580592663737,-0.02258267813285056,0.3664190135940424,0.3664190135940425,0.36641901359404244,0.0021435512295251485,"5871.TW,2408.TW,9910.TW,2345.TW,1303.TW,1326.TW,1301.TW,3017.TW,3037.TW,2317.TW,3008.TW,2615.TW,2002.TW,2327.TW,1216.TW,1102.TW,2379.TW,2883.TW,2207.TW,2891.TW",2024,7,20
2024-12-16,0.030287689412631515,0.024260506429567785,0.007102912376381276,0.008233697546917258,1.0,0.9999999999999999,1.0,0.005849999999999999,"3017.TW,3231.TW,2618.TW,6669.TW,2603.TW",2024,7,5
2024-12-16,0.01703434789963591,0.01422531955349493,0.007102912376381276,0.008233697546917258,0.4721333027314006,0.47213330273140075,0.47213330273140064,0.0027619798209786942,"3017.TW,3231.TW,2618.TW,6669.TW,2603.TW,2382.TW,2345.TW,2615.TW,5871.TW,3037.TW,2408.TW,2317.TW,2609.TW,1326.TW,2357.TW,1301.TW,1590.TW,1101.TW,1303.TW,1102.TW",2024,7,20
2024-12-16,0.02759543940439757,0.02158400608388189,0.007102912376381276,0.008233697546917258,1.0,1.0,1.0,0.00585,"3017.TW,3231.TW,2618.TW",2024,7,3
2024-12-16,0.036159293402463155,0.032480620264330184,0.007102912376381276,0.008233697546917258,0.6068883607660127,0.6068883607660127,0.6068883607660127,0.0035502969104811745,"3017.TW,3231.TW,2618.TW,6669.TW,2603.TW,2382.TW,2345.TW,2615.TW,5871.TW,3037.TW",2024,7,10
2024-12-16,0.029389204737281332,0.026487920436495838,0.007102912376381276,0.008233697546917258,0.48178670617481073,0.4817867061748108,0.4817867061748108,0.002818452231122643,"3017.TW,3231.TW,2618.TW,6669.TW,2603.TW,2382.TW,2345.TW,2615.TW,5871.TW,3037.TW,2408.TW,2317.TW,2609.TW,1326.TW,2357.TW",2024,7,15
2024-12-23,-0.026627301619960582,-0.029340216625187376,-0.009068032798832615,-0.016277851193135854,0.476432260234354,0.47643226023435437,0.47643226023435414,0.0027871287223709728,"2880.TW,6669.TW,2395.TW,1590.TW,2609.TW,9910.TW,3017.TW,2603.TW,1326.TW,5876.TW,1303.TW,5871.TW,1301.TW,2615.TW,2408.TW",2024,7,15
2024-12-23,-0.025344422595786342,-0.02739898348619363,-0.009068032798832615,-0.016277851193135854,0.3603395886253188,0.36033958862531873,0.3603395886253188,0.0021079865934581147,"2880.TW,6669.TW,2395.TW,1590.TW,2609.TW,9910.TW,3017.TW,2603.TW,1326.TW,5876.TW,1303.TW,5871.TW,1301.TW,2615.TW,2408.TW,3045.TW,2885.TW,2002.TW,3231.TW,2345.TW",2024,7,20
2024-12-23,-0.02144781349320255,-0.026027437726054425,-0.009068032798832615,-0.016277851193135854,0.8,0.7999999999999999,0.8,0.00468,"2880.TW,6669.TW,2395.TW,1590.TW,2609.TW",2024,7,5
2024-12-23,-0.021729685951050327,-0.02745256728823664,-0.009068032798832615,-0.016277851193135854,1.0,0.9999999999999999,1.0,0.005849999999999999,"2880.TW,6669.TW,2395.TW",2024,7,3
2024-12-23,-0.024550391573730648,-0.028575545181322326,-0.009068032798832615,-0.016277851193135854,0.7053777456041564,0.7053777456041564,0.7053777456041564,0.004126459811784316,"2880.TW,6669.TW,2395.TW,1590.TW,2609.TW,9910.TW,3017.TW,2603.TW,1326.TW,5876.TW",2024,7,10
2024-12-30,0.021252466733536233,0.019705309084523615,0.030249109352097125,0.016769743937487914,0.25896769076068177,0.25896769076068177,0.25896769076068177,0.0015149609909499884,"2408.TW,2883.TW,1301.TW,1326.TW,2603.TW,5876.TW,2345.TW,1303.TW,2609.TW,3037.TW,3231.TW,2618.TW,6669.TW,3017.TW,2395.TW,2615.TW,2303.TW,1590.TW,1216.TW,9910.TW",2024,7,20
2024-12-30,0.013010857239442675,0.009412922918009103,0.030249109352097125,0.016769743937487914,0.607132197589094,0.6071321975890939,0.607132197589094,0.0035517233558961993,"2408.TW,2883.TW,1301.TW,1326.TW,2603.TW,5876.TW,2345.TW,1303.TW,2609.TW,3037.TW",2024,7,10
2024-12-30,-0.0143203760527052,-0.02008660185279687,0.030249109352097125,0.016769743937487914,1.0,1.0,1.0,0.00585,"2408.TW,2883.TW,1301.TW,1326.TW,2603.TW",2024,7,5
2024-12-30,-0.018973448622963164,-0.024712453948518842,0.030249109352097125,0.016769743937487914,1.0,0.9999999999999998,0.9999999999999999,0.005849999999999999,"2408.TW,2883.TW,1301.TW",2024,7,3
2024-12-30,0.021749782048293156,0.01969800766456231,0.030249109352097125,0.016769743937487914,0.3432647308057558,0.34326473080575576,0.3432647308057558,0.0020080986752136713,"2408.TW,2883.TW,1301.TW,1326.TW,2603.TW,5876.TW,2345.TW,1303.TW,2609.TW,3037.TW,3231.TW,2618.TW,6669.TW,3017.TW,2395.TW",2024,7,15
2025-01-02,-0.0064416657830890225,-0.007857486409348136,0.015306038871002015,-0.015301090922870846,1.0,0.0,0.5,0.001425,"2379.TW,3711.TW,2308.TW",2025,7,3
2025-01-02,0.005743475352987165,0.004310290900609193,0.015306038871002015,-0.015301090922870846,1.0000000000000002,0.0,0.5000000000000001,0.0014250000000000003,"2379.TW,3711.TW,2308.TW,2891.TW,2454.TW,2330.TW,3008.TW,3034.TW,2412.TW,2207.TW,2887.TW,2345.TW,2327.TW,4904.TW,2882.TW,3045.TW,2395.TW,2357.TW,6669.TW,2881.TW",2025,7,20
2025-01-02,0.0015680230462488056,0.0001407886134077163,0.015306038871002015,-0.015301090922870846,0.9999999999999999,0.0,0.49999999999999994,0.0014249999999999998,"2379.TW,3711.TW,2308.TW,2891.TW,2454.TW,2330.TW,3008.TW,3034.TW,2412.TW,2207.TW,2887.TW,2345.TW,2327.TW,4904.TW,2882.TW",2025,7,15
2025-01-02,0.008150714307917839,0.006714099540028995,0.015306038871002015,-0.015301090922870846,0.9999999999999999,0.0,0.49999999999999994,0.0014249999999999998,"2379.TW,3711.TW,2308.TW,2891.TW,2454.TW,2330.TW,3008.TW,3034.TW,2412.TW,2207.TW",2025,7,10
2025-01-02,0.010312797693930696,0.008873101957217022,0.015306038871002015,-0.015301090922870846,1.0,0.0,0.5,0.001425,"2379.TW,3711.TW,2308.TW,2891.TW,2454.TW",2025,7,5
2025-01-09,-0.021726712356971208,-0.025541978178779012,0.003632165151909783,0.004954789175583678,0.6666666666666666,0.6666666666666667,0.6666666666666667,0.0039000000000000003,"6669.TW,2395.TW,3711.TW",2025,7,3
2025-01-09,-0.012762972211663243,-0.015403542594755626,0.003632165151909783,0.004954789175583678,0.4572149746819815,0.4572149746819815,0.4572149746819815,0.002674707601889592,"6669.TW,2395.TW,3711.TW,2327.TW,2379.TW,3034.TW,2345.TW,2603.TW,2615.TW,3008.TW,3037.TW,2609.TW,2885.TW,1590.TW,2887.TW,2892.TW,2618.TW,2412.TW,3017.TW,2207.TW",2025,7,20
2025-01-09,-0.014310603196222828,-0.017422313629586905,0.003632165151909783,0.004954789175583678,0.5396388711498652,0.5396388711498653,0.5396388711498652,0.003156887396226712,"6669.TW,2395.TW,3711.TW,2327.TW,2379.TW,3034.TW,2345.TW,2603.TW,2615.TW,3008.TW,3037.TW,2609.TW,2885.TW,1590.TW,2887.TW",2025,7,15
2025-01-09,-0.018995023848112583,-0.022483203107534155,0.003632165151909783,0.004954789175583678,0.6078154274144759,0.6078154274144758,0.6078154274144758,0.0035557202503746837,"6669.TW,2395.TW,3711.TW,2327.TW,2379.TW,3034.TW,2345.TW,2603.TW,2615.TW,3008.TW",2025,7,10
2025-01-09,-0.01972394169626479,-0.023213638133715575,0.003632165151909783,0.004954789175583678,0.6085319543347505,0.6085319543347504,0.6085319543347505,0.00355991193285829,"6669.TW,2395.TW,3711.TW,2327.TW,2379.TW",2025,7,5
2025-01-16,0.010088098836324748,0.004573017816678515,-0.01700498572008069,2.8085515644293844e-05,0.9333333333333332,0.9333333333333333,0.9333333333333333,0.00546,"2412.TW,2892.TW,2886.TW,3045.TW,2884.TW,2207.TW,2887.TW,2883.TW,5880.TW,2880.TW,2912.TW,2881.TW,2891.TW,5876.TW,2618.TW",2025,7,15
2025-01-16,0.010374914503608924,0.00446422125376289,-0.01700498572008069,2.8085515644293844e-05,0.9999999999999999,1.0000000000000002,1.0,0.005850000000000001,"2412.TW,2892.TW,2886.TW,3045.TW,2884.TW,2207.TW,2887.TW,2883.TW,5880.TW,2880.TW",2025,7,10
2025-01-16,0.011832748679356443,0.005913527099582039,-0.01700498572008069,2.8085515644293844e-05,1.0,1.0,1.0,0.00585,"2412.TW,2892.TW,2886.TW,3045.TW,2884.TW",2025,7,5
2025-01-16,0.010610378876861478,0.007340584548691131,-0.01700498572008069,2.8085515644293844e-05,0.5530709095010612,0.5530709095010612,0.5530709095010612,0.003235464820581208,"2412.TW,2892.TW,2886.TW,3045.TW,2884.TW,2207.TW,2887.TW,2883.TW,5880.TW,2880.TW,2912.TW,2881.TW,2891.TW,5876.TW,2618.TW,3034.TW,2357.TW,2615.TW,2327.TW,2609.TW",2025,7,20
2025-01-16,0.010111608834237229,0.004202455922556858,-0.01700498572008069,2.8085515644293844e-05,1.0,1.0,1.0,0.00585,"2412.TW,2892.TW,2886.TW",2025,7,3
2025-02-03,0.002178310780476745,0.0009947241767960247,0.019881209916019715,0.010969304818817053,0.2018827330219345,0.2018827330219346,0.20188273302193455,0.0011810139881783172,"2892.TW,2412.TW,2884.TW,2881.TW,2886.TW",2025,7,5
2025-02-03,0.0029224975309049732,0.0009646953621094134,0.019881209916019715,0.010969304818817053,0.3336918238695995,0.33369182386959967,0.3336918238695996,0.001952097169637158,"2892.TW,2412.TW,2884.TW",2025,7,3
2025-02-03,0.013284283466480386,0.0097237780069932,0.019881209916019715,0.010969304818817053,0.6006541518595421,0.6006541518595421,0.6006541518595421,0.0035138267883783212,"2892.TW,2412.TW,2884.TW,2881.TW,2886.TW,2330.TW,2891.TW,3711.TW,2308.TW,2345.TW",2025,7,10
2025-02-03,0.012107293519826059,0.009134212835283817,0.019881209916019715,0.010969304818817053,0.5021393716738679,0.5021393716738677,0.5021393716738678,0.0029375153242921265,"2892.TW,2412.TW,2884.TW,2881.TW,2886.TW,2330.TW,2891.TW,3711.TW,2308.TW,2345.TW,2618.TW,5880.TW,2880.TW,2207.TW,2317.TW,3231.TW,3037.TW,2382.TW,2379.TW,2408.TW",2025,7,20
2025-02-03,0.0079158377335187,0.005934793468930222,0.019881209916019715,0.010969304818817053,0.33598047828109934,0.3359804782810994,0.33598047828109934,0.0019654857979444313,"2892.TW,2412.TW,2884.TW,2881.TW,2886.TW,2330.TW,2891.TW,3711.TW,2308.TW,2345.TW,2618.TW,5880.TW,2880.TW,2207.TW,2317.TW",2025,7,15
2025-02-10,0.008067824570338002,0.004491821446390709,0.0020252739966468702,0.0288468790463918,0.6063903344506602,0.6063903344506602,0.6063903344506602,0.003547383456536362,"2412.TW,2886.TW,2454.TW,4904.TW,2887.TW,2892.TW,3008.TW,5880.TW,3034.TW,1102.TW,2880.TW,2395.TW,2884.TW,3045.TW,2207.TW,2891.TW,1101.TW,5876.TW,1216.TW,9910.TW",2025,7,20
2025-02-10,0.006471066654538672,0.0029152949278388185,0.0020252739966468702,0.0288468790463918,0.6039162445142874,0.6039162445142873,0.6039162445142874,0.003532910030408581,"2412.TW,2886.TW,2454.TW,4904.TW,2887.TW",2025,7,5
2025-02-10,0.006446648083858744,0.003265953695420043,0.0020252739966468702,0.0288468790463918,0.5402257968699292,0.5402257968699293,0.5402257968699293,0.0031603209116890865,"2412.TW,2886.TW,2454.TW,4904.TW,2887.TW,2892.TW,3008.TW,5880.TW,3034.TW,1102.TW,2880.TW,2395.TW,2884.TW,3045.TW,2207.TW",2025,7,15
2025-02-10,0.008143302390846596,0.003979750301527751,0.0020252739966468702,0.0288468790463918,0.705969383696362,0.7059693836963621,0.7059693836963621,0.0041299208946237185,"2412.TW,2886.TW,2454.TW,4904.TW,2887.TW,2892.TW,3008.TW,5880.TW,3034.TW,1102.TW",2025,7,10
2025-02-10,0.016473544456023337,0.012503521681992646,0.0020252739966468702,0.0288468790463918,0.6676380072364394,0.6676380072364394,0.6676380072364394,0.0039056823423331707,"2412.TW,2886.TW,2454.TW",2025,7,3
2025-02-17,0.0011019669600714028,-0.0004933982216661636,-0.0197068721938225,0.0012987075783126168,0.2724118080661858,0.27241180806618576,0.2724118080661858,0.001593609077187187,"4904.TW,2412.TW,2892.TW,2395.TW,2886.TW,2912.TW,3034.TW,3045.TW,5880.TW,2327.TW,2887.TW,1216.TW,2881.TW,2880.TW,2884.TW",2025,7,15
2025-02-17,-0.0027044498932279003,-0.004488002761930621,-0.0197068721938225,0.0012987075783126168,0.30570760315158013,0.3057076031515798,0.30570760315157997,0.0017883894784367423,"4904.TW,2412.TW,2892.TW,2395.TW,2886.TW,2912.TW,3034.TW,3045.TW,5880.TW,2327.TW,2887.TW,1216.TW,2881.TW,2880.TW,2884.TW,2882.TW,5876.TW,2207.TW,1590.TW,2885.TW",2025,7,20
2025-02-17,0.001119318184789719,-0.0028090336625918866,-0.0197068721938225,0.0012987075783126168,0.6707623398199115,0.6707623398199114,0.6707623398199114,0.003923959687946482,"4904.TW,2412.TW,2892.TW",2025,7,3
2025-02-17,0.005696257049310017,0.003312861756925134,-0.0197068721938225,0.0012987075783126168,0.40511038580735936,0.4051103858073592,0.40511038580735925,0.0023698957569730514,"4904.TW,2412.TW,2892.TW,2395.TW,2886.TW,2912.TW,3034.TW,3045.TW,5880.TW,2327.TW",2025,7,10
2025-02-17,0.007414514715544507,0.005021778164428392,-0.0197068721938225,0.0012987075783126168,0.40600446895295816,0.40600446895295816,0.40600446895295816,0.002375126143374805,"4904.TW,2412.TW,2892.TW,2395.TW,2886.TW",2025,7,5
2025-02-24,0.0076606977707690685,0.005280548472782698,-0.03092789146397157,-0.009323097993758295,0.40376996816588673,0.4037699681658869,0.40376996816588684,0.002362054313770438,"2885.TW,2207.TW,2881.TW,2891.TW,2880.TW,2886.TW,2912.TW,2882.TW,2412.TW,5876.TW,5880.TW,2887.TW,3045.TW,1101.TW,1216.TW",2025,7,15
2025-02-24,0.007779786986889747,0.0018842752330163748,-0.03092789146397157,-0.009323097993758295,1.0,0.9999999999999999,1.0,0.005849999999999999,"2885.TW,2207.TW,2881.TW,2891.TW,2880.TW",2025,7,5
2025-02-24,0.001202129904375441,-0.004654902555565221,-0.03092789146397157,-0.009323097993758295,1.0,1.0,1.0,0.00585,"2885.TW,2207.TW,2881.TW",2025,7,3
2025-02-24,0.0020866280547010663,0.0005903211107194384,-0.03092789146397157,-0.009323097993758295,0.25524636056636846,0.25524636056636835,0.2552463605663684,0.001493191209313255,"2885.TW,2207.TW,2881.TW,2891.TW,2880.TW,2886.TW,2912.TW,2882.TW,2412.TW,5876.TW,5880.TW,2887.TW,3045.TW,1101.TW,1216.TW,2884.TW,2357.TW,2002.TW,1590.TW,3711.TW",2025,7,20
2025-02-24,0.005426136247322166,0.0013038076900167006,-0.03092789146397157,-0.009323097993758295,0.7008685400674751,0.7008685400674752,0.7008685400674752,0.00410008095939473,"2885.TW,2207.TW,2881.TW,2891.TW,2880.TW,2886.TW,2912.TW,2882.TW,2412.TW,5876.TW",2025,7,10
2025-03-04,-0.00352594441434384,-0.008196840862894628,-0.03138288174646908,-0.008024553794256303,0.8012690675522215,0.8012690675522214,0.8012690675522214,0.0046874240451804956,"2886.TW,3045.TW,2412.TW,2885.TW,4904.TW",2025,7,5
2025-03-04,-0.005772073463258357,-0.00849009810521284,-0.03138288174646908,-0.008024553794256303,0.467316984882657,0.4673169848826572,0.4673169848826571,0.0027338043615635446,"2886.TW,3045.TW,2412.TW,2885.TW,4904.TW,2891.TW,2884.TW,2883.TW,2303.TW,3034.TW,2609.TW,5871.TW,1101.TW,5880.TW,2880.TW",2025,7,15
2025-03-04,-0.002445680116974498,-0.004784600346211754,-0.03138288174646908,-0.008024553794256303,0.40079564173319265,0.4007956417331924,0.4007956417331925,0.002344654504139176,"2886.TW,3045.TW,2412.TW,2885.TW,4904.TW,2891.TW,2884.TW,2883.TW,2303.TW,3034.TW,2609.TW,5871.TW,1101.TW,5880.TW,2880.TW,2603.TW,2912.TW,2887.TW,2892.TW,1216.TW",2025,7,20
2025-03-04,-0.0035069395177482984,-0.007006973171733044,-0.03138288174646908,-0.008024553794256303,0.600401924343519,0.600401924343519,0.600401924343519,0.003512351257409586,"2886.TW,3045.TW,2412.TW,2885.TW,4904.TW,2891.TW,2884.TW,2883.TW,2303.TW,3034.TW",2025,7,10
2025-03-04,0.00016234637953649322,-0.005688603346783672,-0.03138288174646908,-0.008024553794256303,1.0,1.0,1.0,0.00585,"2886.TW,3045.TW,2412.TW",2025,7,3
2025-03-11,0.008082627901470525,0.005717956481991582,0.0027457459871229606,0.013618118007609679,0.400976393675696,0.40097639367569604,0.40097639367569604,0.0023457119030028217,"2412.TW,3045.TW,2887.TW,2886.TW,2883.TW,2303.TW,4904.TW,2609.TW,1101.TW,1102.TW,2615.TW,1216.TW,2884.TW,9910.TW,2002.TW",2025,7,15
2025-03-11,0.0036388874136338845,0.001285073745960652,0.0027457459871229606,0.013618118007609679,0.4009024717548273,0.4009024717548273,0.4009024717548273,0.00234527945976574,"2412.TW,3045.TW,2887.TW,2886.TW,2883.TW,2303.TW,4904.TW,2609.TW,1101.TW,1102.TW",2025,7,10
2025-03-11,0.011171756771271163,0.009958793103475916,0.0027457459871229606,0.013618118007609679,0.20505340989666004,0.20505340989665985,0.20505340989665993,0.0011995624478954605,"2412.TW,3045.TW,2887.TW,2886.TW,2883.TW,2303.TW,4904.TW,2609.TW,1101.TW,1102.TW,2615.TW,1216.TW,2884.TW,9910.TW,2002.TW,3034.TW,2603.TW,2891.TW,5871.TW,2880.TW",2025,7,20
2025-03-11,0.003921547860117446,0.0019635831248427937,0.0027457459871229606,0.013618118007609679,0.33338743177299274,0.33338743177299285,0.3333874317729928,0.0019503164758720081,"2412.TW,3045.TW,2887.TW",2025,7,3
2025-03-11,0.0032942319050545117,0.0009359518852081194,0.0027457459871229606,0.013618118007609679,0.401801163505014,0.40180116350501394,0.40180116350501394,0.0023505368065043315,"2412.TW,3045.TW,2887.TW,2886.TW,2883.TW",2025,7,5
2025-03-18,0.0020326400331672546,0.0008525630086604341,0.014238645932797667,-0.008633980379976387,0.2013133706753139,0.2013133706753138,0.20131337067531385,0.0011776832184505859,"2412.TW,2887.TW,3045.TW,2303.TW,2886.TW",2025,7,5
2025-03-18,-0.0021810001275765155,-0.004548567064927567,0.014238645932797667,-0.008633980379976387,0.4055969038822054,0.4055969038822054,0.4055969038822054,0.0023727418877109016,"2412.TW,2887.TW,3045.TW,2303.TW,2886.TW,2880.TW,1216.TW,1101.TW,2884.TW,2892.TW",2025,7,10
2025-03-18,0.003185924991444655,0.0031706421180239808,0.014238645932797667,-0.008633980379976387,0.002604160335476946,0.002604160335477057,0.0026041603354770015,1.5234337962540627e-05,"2412.TW,2887.TW,3045.TW",2025,7,3
2025-03-18,-0.001910407396388386,-0.003705726633625117,0.014238645932797667,-0.008633980379976387,0.30747958858568286,0.30747958858568303,0.3074795885856829,0.0017987555932262457,"2412.TW,2887.TW,3045.TW,2303.TW,2886.TW,2880.TW,1216.TW,1101.TW,2884.TW,2892.TW,3034.TW,2207.TW,4904.TW,2002.TW,5876.TW,2891.TW,5880.TW,2408.TW,1102.TW,2912.TW",2025,7,20
2025-03-18,-0.002208703852007584,-0.004202303181847111,0.014238645932797667,-0.008633980379976387,0.3415405722064214,0.34154057220642176,0.3415405722064216,0.0019980123474075667,"2412.TW,2887.TW,3045.TW,2303.TW,2886.TW,2880.TW,1216.TW,1101.TW,2884.TW,2892.TW,3034.TW,2207.TW,4904.TW,2002.TW,5876.TW",2025,7,15
2025-03-25,-0.009511807925574569,-0.01183574478015681,-0.045086321575087296,-0.0377294258391282,0.4010690549924388,0.4010690549924387,0.4010690549924387,0.0023462539717057666,"2884.TW,2880.TW,5880.TW,5876.TW,2886.TW,3045.TW,2883.TW,2887.TW,2412.TW,1102.TW",2025,7,10
2025-03-25,-0.007066523698346928,-0.011721620399936294,-0.045086321575087296,-0.0377294258391282,0.8014061816876239,0.801406181687624,0.8014061816876239,0.0046882261628726,"2884.TW,2880.TW,5880.TW,5876.TW,2886.TW",2025,7,5
2025-03-25,-0.011013957994272464,-0.012564196006141004,-0.045086321575087296,-0.0377294258391282,0.2679491312226394,0.26794913122263964,0.2679491312226395,0.0015675024176524416,"2884.TW,2880.TW,5880.TW,5876.TW,2886.TW,3045.TW,2883.TW,2887.TW,2412.TW,1102.TW,2303.TW,4904.TW,2892.TW,2207.TW,2408.TW",2025,7,15
2025-03-25,-0.01596489863191154,-0.017137244790558448,-0.045086321575087296,-0.0377294258391282,0.20365234175238273,0.2036523417523826,0.20365234175238267,0.0011913661992514384,"2884.TW,2880.TW,5880.TW,5876.TW,2886.TW,3045.TW,2883.TW,2887.TW,2412.TW,1102.TW,2303.TW,4904.TW,2892.TW,2207.TW,2408.TW,2615.TW,2002.TW,2308.TW,2891.TW,2609.TW",2025,7,20
2025-03-25,-0.016117224716756286,-0.021872938952163246,-0.045086321575087296,-0.0377294258391282,1.0,1.0,1.0,0.00585,"2884.TW,2880.TW,5880.TW",2025,7,3
2025-04-01,0.0004190328813566072,-0.00309243792405689,-0.11082836583496414,-0.11242579667714553,0.6000000000000001,0.6,0.6000000000000001,0.00351,"5876.TW,2412.TW,4904.TW,2886.TW,3045.TW",2025,7,5
2025-04-01,-0.051041065160264534,-0.05218375887651372,-0.11082836583496414,-0.11242579667714553,0.20583847415998902,0.20583847415998913,0.20583847415998907,0.0012041550738359362,"5876.TW,2412.TW,4904.TW,2886.TW,3045.TW,2880.TW,3034.TW,1102.TW,5880.TW,2891.TW,2884.TW,2892.TW,2408.TW,1216.TW,2887.TW",2025,7,15
2025-04-01,0.005141334885642056,-0.0007387419234390347,-0.11082836583496414,-0.11242579667714553,1.0,1.0,1.0,0.00585,"5876.TW,2412.TW,4904.TW",2025,7,3
2025-04-01,-0.03196051031181209,-0.03366365370424773,-0.11082836583496414,-0.11242579667714553,0.3007476717012103,0.3007476717012103,0.3007476717012103,0.0017593738794520802,"5876.TW,2412.TW,4904.TW,2886.TW,3045.TW,2880.TW,3034.TW,1102.TW,5880.TW,2891.TW",2025,7,10
2025-04-01,-0.07546449334299432,-0.07710693029764693,-0.11082836583496414,-0.11242579667714553,0.3036751447242499,0.3036751447242501,0.30367514472425,0.001776499596636863,"5876.TW,2412.TW,4904.TW,2886.TW,3045.TW,2880.TW,3034.TW,1102.TW,5880.TW,2891.TW,2884.TW,2892.TW,2408.TW,1216.TW,2887.TW,2207.TW,2379.TW,3017.TW,1590.TW,2357.TW",2025,7,20
2025-04-10,0.0520413793138106,0.0483265612708943,0.02639101819088996,0.05864799643437366,0.603599481687611,0.6035994816876109,0.6035994816876109,0.0035310569678725237,"2412.TW,1102.TW,2408.TW,2886.TW,3045.TW,1216.TW,2327.TW,2609.TW,2615.TW,2912.TW",2025,7,10
2025-04-10,0.08744030704750545,0.0835573463856254,0.02639101819088996,0.05864799643437366,0.6103819722278497,0.6103819722278497,0.6103819722278497,0.003570734537532921,"2412.TW,1102.TW,2408.TW,2886.TW,3045.TW,1216.TW,2327.TW,2609.TW,2615.TW,2912.TW,1590.TW,3231.TW,2603.TW,3008.TW,2357.TW",2025,7,15
2025-04-10,0.003833020740971892,0.0014189265270723173,0.02639101819088996,0.05864799643437366,0.4110899612418122,0.41108996124181213,0.4110899612418122,0.0024048762732646013,"2412.TW,1102.TW,2408.TW,2886.TW,3045.TW",2025,7,5
2025-04-10,0.09088016341335547,0.08719666448379448,0.02639101819088996,0.05864799643437366,0.5772017475383568,0.5772017475383568,0.5772017475383568,0.0033766302230993877,"2412.TW,1102.TW,2408.TW,2886.TW,3045.TW,1216.TW,2327.TW,2609.TW,2615.TW,2912.TW,1590.TW,3231.TW,2603.TW,3008.TW,2357.TW,2317.TW,3037.TW,9910.TW,2308.TW,3017.TW",2025,7,20
2025-04-10,0.01926241717944029,0.015246588359041802,0.02639101819088996,0.05864799643437366,0.6734933550527584,0.6734933550527586,0.6734933550527585,0.003939936127058638,"2412.TW,1102.TW,2408.TW",2025,7,3
2025-04-17,0.022841833875620117,0.019741681817845746,0.029739828839798088,0.015874655139911792,0.5181060308107582,0.5181060308107581,0.5181060308107581,0.003030920280242935,"2412.TW,2603.TW,2618.TW,5880.TW,1590.TW,5871.TW,2408.TW,2454.TW,2357.TW,3045.TW,1303.TW,2317.TW,2395.TW,1102.TW,3711.TW,2308.TW,1301.TW,3037.TW,2303.TW,2885.TW",2025,7,20
2025-04-17,0.025331884385070662,0.022014667215354278,0.029739828839798088,0.015874655139911792,0.5530362204400626,0.5530362204400626,0.5530362204400626,0.003235261889574366,"2412.TW,2603.TW,2618.TW,5880.TW,1590.TW,5871.TW,2408.TW,2454.TW,2357.TW,3045.TW,1303.TW,2317.TW,2395.TW,1102.TW,3711.TW",2025,7,15
2025-04-17,0.023834988694765535,0.019568367123576236,0.029739828839798088,0.015874655139911792,0.7123579764019522,0.7123579764019523,0.7123579764019523,0.004167294161951421,"2412.TW,2603.TW,2618.TW,5880.TW,1590.TW,5871.TW,2408.TW,2454.TW,2357.TW,3045.TW",2025,7,10
2025-04-17,0.00032042770868225814,-0.004361071892994284,0.029739828839798088,0.015874655139911792,0.8,0.8,0.8,0.00468,"2412.TW,2603.TW,2618.TW,5880.TW,1590.TW",2025,7,5
2025-04-17,-0.002623424922658065,-0.006527500090562133,0.029739828839798088,0.015874655139911792,0.6691186591313752,0.6691186591313754,0.6691186591313754,0.003914344155918546,"2412.TW,2603.TW,2618.TW",2025,7,3
2025-04-24,0.02152690475891674,0.01985862946099415,0.050541484889567334,0.02758117074196758,0.2791656913524873,0.2791656913524872,0.27916569135248726,0.0016331192944120504,"2412.TW,3045.TW,1102.TW,5880.TW,3711.TW,1301.TW,2303.TW,2609.TW,2454.TW,3037.TW,2317.TW,1590.TW,2618.TW,1303.TW,5871.TW",2025,7,15
2025-04-24,0.020046688082944172,0.01847444257746722,0.050541484889567334,0.02758117074196758,0.26347805311858014,0.26347805311858014,0.26347805311858014,0.0015413466107436938,"2412.TW,3045.TW,1102.TW,5880.TW,3711.TW,1301.TW,2303.TW,2609.TW,2454.TW,3037.TW,2317.TW,1590.TW,2618.TW,1303.TW,5871.TW,2603.TW,2382.TW,2379.TW,2327.TW,3008.TW",2025,7,20
2025-04-24,0.007470597641284771,0.0038738413399759253,0.050541484889567334,0.02758117074196758,0.6102710475276908,0.610271047527691,0.6102710475276909,0.003570085628036992,"2412.TW,3045.TW,1102.TW,5880.TW,3711.TW,1301.TW,2303.TW,2609.TW,2454.TW,3037.TW",2025,7,10
2025-04-24,0.0038262602205850387,-0.00011394151454391377,0.050541484889567334,0.02758117074196758,0.6709714467856986,0.6709714467856986,0.6709714467856986,0.003925182963696337,"2412.TW,3045.TW,1102.TW",2025,7,3
2025-04-24,0.007327205494508049,0.0037675460461386034,0.050541484889567334,0.02758117074196758,0.6040627030363811,0.6040627030363812,0.6040627030363812,0.00353376681276283,"2412.TW,3045.TW,1102.TW,5880.TW,3711.TW",2025,7,5
2025-05-02,0.004109572869658252,-0.0017644681316292266,0.0051547011189161385,0.022101778222061056,1.0,1.0000000000000002,1.0,0.005850000000000001,"2454.TW,2379.TW,2408.TW,3008.TW,1326.TW",2025,7,5
2025-05-02,0.021066964233932395,0.017443855588122004,0.0051547011189161385,0.022101778222061056,0.6065565070106181,0.6065565070106184,0.6065565070106183,0.0035483555660121174,"2454.TW,2379.TW,2408.TW,3008.TW,1326.TW,2395.TW,2892.TW,2002.TW,2615.TW,2618.TW,2207.TW,2412.TW,2912.TW,5876.TW,1303.TW,5880.TW,2886.TW,2887.TW,2327.TW,2884.TW",2025,7,20
2025-05-02,-0.0037748846985348194,-0.009602801623048385,0.0051547011189161385,0.022101778222061056,1.0,1.0,1.0,0.00585,"2454.TW,2379.TW,2408.TW",2025,7,3
2025-05-02,0.019653843666110657,0.015245281137603373,0.0051547011189161385,0.022101778222061056,0.7390747721932276,0.7390747721932277,0.7390747721932276,0.004323587417330382,"2454.TW,2379.TW,2408.TW,3008.TW,1326.TW,2395.TW,2892.TW,2002.TW,2615.TW,2618.TW,2207.TW,2412.TW,2912.TW,5876.TW,1303.TW",2025,7,15
2025-05-02,0.018393404150860306,0.012999190761810553,0.0051547011189161385,0.022101778222061056,0.9054337499178363,0.9054337499178365,0.9054337499178364,0.005296787437019343,"2454.TW,2379.TW,2408.TW,3008.TW,1326.TW,2395.TW,2892.TW,2002.TW,2615.TW,2618.TW",2025,7,10
2025-05-09,0.05613515244749712,0.04995676180567932,0.040740581699667766,0.0383900087020508,1.0,1.0,1.0,0.00585,"3017.TW,1590.TW,3231.TW,2382.TW,2345.TW",2025,7,5
2025-05-09,0.04558142412985628,0.040276297004607775,0.040740581699667766,0.0383900087020508,0.8673254102654075,0.8673254102654077,0.8673254102654075,0.005073853650052635,"3017.TW,1590.TW,3231.TW,2382.TW,2345.TW,2886.TW,2615.TW,2912.TW,6669.TW,3045.TW,2308.TW,5880.TW,2881.TW,3034.TW,2357.TW",2025,7,15
2025-05-09,0.03857940955784258,0.0343150859859469,0.040740581699667766,0.0383900087020508,0.7018666012591133,0.701866601259113,0.7018666012591132,0.004105919617365812,"3017.TW,1590.TW,3231.TW,2382.TW,2345.TW,2886.TW,2615.TW,2912.TW,6669.TW,3045.TW,2308.TW,5880.TW,2881.TW,3034.TW,2357.TW,2412.TW,2891.TW,2395.TW,2303.TW,2880.TW",2025,7,20
2025-05-09,0.0642398348084845,0.05801403177485476,0.040740581699667766,0.0383900087020508,1.0,1.0,1.0,0.00585,"3017.TW,1590.TW,3231.TW",2025,7,3
2025-05-09,0.06151261555812266,0.05592375163720931,0.040740581699667766,0.0383900087020508,0.8999999999999999,0.8999999999999999,0.8999999999999999,0.005265,"3017.TW,1590.TW,3231.TW,2382.TW,2345.TW,2886.TW,2615.TW,2912.TW,6669.TW,3045.TW",2025,7,10
2025-05-16,-0.003940279952278865,-0.007489399534120422,-0.010949863105402136,-0.0009612221189705062,0.6090870816240133,0.6090870816240133,0.6090870816240133,0.003563159427500478,"2345.TW,3017.TW,2002.TW,6669.TW,5876.TW,1101.TW,3034.TW,5880.TW,2892.TW,2412.TW,2618.TW,2880.TW,3711.TW,2884.TW,3045.TW",2025,7,15
2025-05-16,-0.004807421449759208,-0.008320589380051424,-0.010949863105402136,-0.0009612221189705062,0.6034425291037886,0.6034425291037886,0.6034425291037886,0.0035301387952571634,"2345.TW,3017.TW,2002.TW,6669.TW,5876.TW",2025,7,5
2025-05-16,-0.0068009929960339156,-0.01005221547672075,-0.010949863105402136,-0.0009612221189705062,0.5595701593476529,0.5595701593476528,0.5595701593476528,0.003273485432183769,"2345.TW,3017.TW,2002.TW,6669.TW,5876.TW,1101.TW,3034.TW,5880.TW,2892.TW,2412.TW,2618.TW,2880.TW,3711.TW,2884.TW,3045.TW,9910.TW,1326.TW,1102.TW,1216.TW,2382.TW",2025,7,20
2025-05-16,-0.0010052191657031417,-0.005115901372909182,-0.010949863105402136,-0.0009612221189705062,0.7033877780559312,0.7033877780559311,0.7033877780559312,0.004114818501627197,"2345.TW,3017.TW,2002.TW,6669.TW,5876.TW,1101.TW,3034.TW,5880.TW,2892.TW,2412.TW",2025,7,10
2025-05-16,-0.0034402061343519934,-0.007326789330428074,-0.010949863105402136,-0.0009612221189705062,0.6666666666666666,0.6666666666666666,0.6666666666666666,0.0039,"2345.TW,3017.TW,2002.TW",2025,7,3
2025-05-23,-0.02480260583936314,-0.02766590804273006,-0.017436959274745867,-0.020311671670162772,0.5019018416453018,0.5019018416453017,0.5019018416453018,0.002936125773625015,"2303.TW,2609.TW,3034.TW,2885.TW,2892.TW,5871.TW,1101.TW,2379.TW,2603.TW,2880.TW,5876.TW,5880.TW,2345.TW,3017.TW,2395.TW,1303.TW,1216.TW,1590.TW,2912.TW,1326.TW",2025,7,20
2025-05-23,-0.028572160535094725,-0.03425501339596437,-0.017436959274745867,-0.020311671670162772,1.0,0.9999999999999999,1.0,0.005849999999999999,"2303.TW,2609.TW,3034.TW,2885.TW,2892.TW",2025,7,5
2025-05-23,-0.01916510068782608,-0.02185562290091958,-0.017436959274745867,-0.020311671670162772,0.46890493736210404,0.4689049373621042,0.46890493736210415,0.002743093883568309,"2303.TW,2609.TW,3034.TW,2885.TW,2892.TW,5871.TW,1101.TW,2379.TW,2603.TW,2880.TW,5876.TW,5880.TW,2345.TW,3017.TW,2395.TW",2025,7,15
2025-05-23,-0.03576383371174774,-0.041404615284533985,-0.017436959274745867,-0.020311671670162772,1.0,1.0,1.0,0.00585,"2303.TW,2609.TW,3034.TW",2025,7,3
2025-05-23,-0.031234595854093824,-0.035209454772424986,-0.017436959274745867,-0.020311671670162772,0.7013700737606676,0.7013700737606676,0.7013700737606676,0.004103014931499905,"2303.TW,2609.TW,3034.TW,2885.TW,2892.TW,5871.TW,1101.TW,2379.TW,2603.TW,2880.TW",2025,7,10
2025-06-02,0.022789992672941784,0.01859211174240505,0.041690020949883166,0.01842737597570123,0.701597091282742,0.701597091282742,0.701597091282742,0.00410434298400404,"2892.TW,2883.TW,2887.TW,2609.TW,2308.TW,2330.TW,2886.TW,2357.TW,2379.TW,3231.TW",2025,7,10
2025-06-02,0.006968665090523563,0.0034122114450925167,0.041690020949883166,0.01842737597570123,0.6037335769888627,0.6037335769888625,0.6037335769888625,0.0035318414253848462,"2892.TW,2883.TW,2887.TW,2609.TW,2308.TW",2025,7,5
2025-06-02,0.024198508105487328,0.018206946833070337,0.041690020949883166,0.01842737597570123,1.0,1.0,1.0,0.00585,"2892.TW,2883.TW,2887.TW",2025,7,3
2025-06-02,0.020274142839660298,0.0158802723068332,0.041690020949883166,0.01842737597570123,0.7361638881487056,0.7361638881487057,0.7361638881487056,0.004306558745669929,"2892.TW,2883.TW,2887.TW,2609.TW,2308.TW,2330.TW,2886.TW,2357.TW,2379.TW,3231.TW,3008.TW,2603.TW,9910.TW,2327.TW,2884.TW",2025,7,15
2025-06-02,0.015437274080361002,0.01096890414701801,0.041690020949883166,0.01842737597570123,0.752211820194718,0.7522118201947177,0.7522118201947179,0.004400439148139099,"2892.TW,2883.TW,2887.TW,2609.TW,2308.TW,2330.TW,2886.TW,2357.TW,2379.TW,3231.TW,3008.TW,2603.TW,9910.TW,2327.TW,2884.TW,3034.TW,2317.TW,3037.TW,2412.TW,3045.TW",2025,7,20
2025-06-09,0.012756170397517634,0.009435785615744319,0.020281233768452367,0.01633911742716517,0.5604380983042296,0.5604380983042296,0.5604380983042296,0.0032785628750797435,"2408.TW,3017.TW,6669.TW,2609.TW,3037.TW,2881.TW,2887.TW,2883.TW,2884.TW,2882.TW,2382.TW,2603.TW,2357.TW,2892.TW,2345.TW,2886.TW,2207.TW,1590.TW,2618.TW,2002.TW",2025,7,20
2025-06-09,0.012726153616167826,0.008504525707258237,0.020281233768452367,0.01633911742716517,0.7125774266004735,0.7125774266004737,0.7125774266004736,0.004168577945612771,"2408.TW,3017.TW,6669.TW,2609.TW,3037.TW,2881.TW,2887.TW,2883.TW,2884.TW,2882.TW",2025,7,10
2025-06-09,0.03906779755970269,0.03407521076641462,0.020281233768452367,0.01633911742716517,0.8213454809037857,0.8213454809037856,0.8213454809037857,0.004804871063287146,"2408.TW,3017.TW,6669.TW,2609.TW,3037.TW",2025,7,5
2025-06-09,0.02215967155616328,0.018894541958249578,0.020281233768452367,0.01633911742716517,0.546041706732038,0.5460417067320381,0.546041706732038,0.003194343984382423,"2408.TW,3017.TW,6669.TW,2609.TW,3037.TW,2881.TW,2887.TW,2883.TW,2884.TW,2882.TW,2382.TW,2603.TW,2357.TW,2892.TW,2345.TW",2025,7,15
2025-06-09,0.048522925654322625,0.04238906653924479,0.020281233768452367,0.01633911742716517,1.0,1.0000000000000002,1.0,0.005850000000000001,"2408.TW,3017.TW,6669.TW",2025,7,3
2025-06-16,-0.005143254123762951,-0.009799183694463753,0.002915527786836014,-0.011626996028212449,0.7999999999999999,0.8,0.8,0.00468,"3017.TW,2408.TW,2395.TW,2345.TW,5880.TW,2880.TW,1102.TW,2912.TW,2330.TW,2317.TW",2025,7,10
2025-06-16,-0.005356676963029177,-0.008589884787493673,0.002915527786836014,-0.011626996028212449,0.5556615978796398,0.5556615978796398,0.5556615978796398,0.0032506203475958927,"3017.TW,2408.TW,2395.TW,2345.TW,5880.TW,2880.TW,1102.TW,2912.TW,2330.TW,2317.TW,2884.TW,2881.TW,6669.TW,1326.TW,2892.TW,2886.TW,1590.TW,1216.TW,2379.TW,2308.TW",2025,7,20
2025-06-16,-0.004768863964176615,-0.008291049182915788,0.002915527786836014,-0.011626996028212449,0.6049679532459449,0.6049679532459449,0.6049679532459449,0.003539062526488778,"3017.TW,2408.TW,2395.TW,2345.TW,5880.TW",2025,7,5
2025-06-16,-0.008463092178273015,-0.011580182689276297,0.002915527786836014,-0.011626996028212449,0.5373839143894806,0.5373839143894807,0.5373839143894807,0.0031436958991784623,"3017.TW,2408.TW,2395.TW,2345.TW,5880.TW,2880.TW,1102.TW,2912.TW,2330.TW,2317.TW,2884.TW,2881.TW,6669.TW,1326.TW,2892.TW",2025,7,15
2025-06-16,0.022462056044131762,0.02040119684527575,0.002915527786836014,-0.011626996028212449,0.34454444705658355,0.3445444470565836,0.3445444470565836,0.002015585015281014,"3017.TW,2408.TW,2395.TW",2025,7,3
2025-06-23,0.0023009868402691126,-0.00122477892393702,0.02283295374435812,0.007916826624016422,0.6013113928265761,0.6013113928265759,0.601311392826576,0.003517671648035469,"2357.TW,2379.TW,3008.TW,2303.TW,2892.TW,3045.TW,2885.TW,2330.TW,3017.TW,2884.TW,2886.TW,5876.TW,2881.TW,2408.TW,4904.TW",2025,7,15
2025-06-23,0.016057087507272305,0.010113153545354692,0.02283295374435812,0.007916826624016422,1.0,1.0,1.0,0.00585,"2357.TW,2379.TW,3008.TW",2025,7,3
2025-06-23,0.01667184308507308,0.01190273452550028,0.02283295374435812,0.007916826624016422,0.8018636868429356,0.8018636868429357,0.8018636868429356,0.0046909025680311744,"2357.TW,2379.TW,3008.TW,2303.TW,2892.TW,3045.TW,2885.TW,2330.TW,3017.TW,2884.TW",2025,7,10
2025-06-23,0.00017812614341148844,-0.0024641992597675966,0.02283295374435812,0.007916826624016422,0.45159911449037426,0.4515991144903744,0.4515991144903743,0.00264185481976869,"2357.TW,2379.TW,3008.TW,2303.TW,2892.TW,3045.TW,2885.TW,2330.TW,3017.TW,2884.TW,2886.TW,5876.TW,2881.TW,2408.TW,4904.TW,2603.TW,2412.TW,2317.TW,2912.TW,6669.TW",2025,7,20
2025-06-23,0.02246317134994005,0.016481761797543015,0.02283295374435812,0.007916826624016422,1.0,1.0000000000000002,1.0,0.005850000000000001,"2357.TW,2379.TW,3008.TW,2303.TW,2892.TW",2025,7,5
2025-06-30,0.016488318193610744,0.01211757783145595,0.0014469668313497053,0.00487501940889558,0.7350159281412738,0.7350159281412739,0.7350159281412738,0.004299843179626453,"2317.TW,5880.TW,3711.TW,5876.TW,2412.TW,2308.TW,2880.TW,2885.TW,2886.TW,2330.TW,1102.TW,2912.TW,2382.TW,2891.TW,2603.TW",2025,7,15
2025-06-30,0.017069361792528277,0.013777099632242829,0.0014469668313497053,0.00487501940889558,0.5533347848245003,0.5533347848244999,0.5533347848245,0.003237008491223325,"2317.TW,5880.TW,3711.TW,5876.TW,2412.TW,2308.TW,2880.TW,2885.TW,2886.TW,2330.TW,1102.TW,2912.TW,2382.TW,2891.TW,2603.TW,3017.TW,1301.TW,2609.TW,2454.TW,2615.TW",2025,7,20
2025-06-30,0.020115623829454272,0.014147947430051877,0.0014469668313497053,0.00487501940889558,1.0,1.0,1.0,0.00585,"2317.TW,5880.TW,3711.TW",2025,7,3
2025-06-30,0.023461418884103812,0.018653189732119824,0.0014469668313497053,0.00487501940889558,0.803078160050018,0.8030781600500182,0.8030781600500181,0.004698007236292607,"2317.TW,5880.TW,3711.TW,5876.TW,2412.TW,2308.TW,2880.TW,2885.TW,2886.TW,2330.TW",2025,7,10
2025-06-30,0.01965682150034298,0.01369182909456601,0.0014469668313497053,0.00487501940889558,1.0,1.0,1.0,0.00585,"2317.TW,5880.TW,3711.TW,5876.TW,2412.TW",2025,7,5
2025-07-07,-0.0020144604524265477,-0.006707216181650488,0.018575810605574228,0.006302252973970608,0.8037996892196089,0.8037996892196089,0.8037996892196089,0.004702228181934712,"2412.TW,2885.TW,1102.TW,4904.TW,2345.TW",2025,7,5
2025-07-07,0.006635529738920069,0.0026814548923679293,0.018575810605574228,0.006302252973970608,0.6714547720714218,0.6714547720714217,0.6714547720714217,0.003928010416617817,"2412.TW,2885.TW,1102.TW,4904.TW,2345.TW,2618.TW,2395.TW,2303.TW,5880.TW,3045.TW,3017.TW,1301.TW,3034.TW,3711.TW,3231.TW",2025,7,15
2025-07-07,0.010027022971055222,0.006755005672932857,0.018575810605574228,0.006302252973970608,0.5537665661805684,0.5537665661805684,0.5537665661805684,0.003239534412156325,"2412.TW,2885.TW,1102.TW,4904.TW,2345.TW,2618.TW,2395.TW,2303.TW,5880.TW,3045.TW,3017.TW,1301.TW,3034.TW,3711.TW,3231.TW,2327.TW,2912.TW,5871.TW,2379.TW,2308.TW",2025,7,20
2025-07-07,-0.009611593689946905,-0.015405365866860699,0.018575810605574228,0.006302252973970608,1.0,1.0,1.0,0.00585,"2412.TW,2885.TW,1102.TW",2025,7,3
2025-07-07,-0.000824194352169305,-0.004946058301481759,0.018575810605574228,0.006302252973970608,0.7051733279618031,0.7051733279618032,0.7051733279618031,0.004125263968576549,"2412.TW,2885.TW,1102.TW,4904.TW,2345.TW,2618.TW,2395.TW,2303.TW,5880.TW,3045.TW",2025,7,10
2025-07-14,0.0207250449910612,0.01741405071946467,0.03867606057640072,0.01905185534949511,0.5544900946107524,0.5544900946107523,0.5544900946107523,0.0032437670534729013,"2382.TW,3231.TW,2395.TW,3034.TW,2345.TW,2308.TW,6669.TW,3037.TW,2412.TW,2886.TW,2330.TW,2892.TW,5871.TW,2317.TW,2357.TW,2891.TW,5880.TW,2884.TW,3017.TW,5876.TW",2025,7,20
2025-07-14,0.01626012174909408,0.011504024379308309,0.03867606057640072,0.01905185534949511,0.8,0.7999999999999999,0.8,0.00468,"2382.TW,3231.TW,2395.TW,3034.TW,2345.TW",2025,7,5
2025-07-14,0.027193139605971674,0.023163174418000976,0.03867606057640072,0.01905185534949511,0.6706459686626163,0.6706459686626164,0.6706459686626163,0.003923278916676306,"2382.TW,3231.TW,2395.TW,3034.TW,2345.TW,2308.TW,6669.TW,3037.TW,2412.TW,2886.TW,2330.TW,2892.TW,5871.TW,2317.TW,2357.TW",2025,7,15
2025-07-14,0.029549432132756195,0.02533161450142929,0.03867606057640072,0.01905185534949511,0.7003009708819296,0.7003009708819297,0.7003009708819297,0.0040967606796592886,"2382.TW,3231.TW,2395.TW,3034.TW,2345.TW,2308.TW,6669.TW,3037.TW,2412.TW,2886.TW",2025,7,10
2025-07-14,0.012622762045695493,0.006698918887728222,0.03867606057640072,0.01905185534949511,1.0,1.0,1.0,0.00585,"2382.TW,3231.TW,2395.TW",2025,7,3
2025-07-21,-0.005797481680925227,-0.008468248579768356,0.002946895142775352,0.010189449832468894,0.4592035745408153,0.4592035745408155,0.4592035745408154,0.0026863409110637706,"2884.TW,3017.TW,2603.TW,5876.TW,2887.TW,5880.TW,2379.TW,2308.TW,2891.TW,2892.TW,3037.TW,3034.TW,5871.TW,2885.TW,2881.TW,2609.TW,1590.TW,2882.TW,2886.TW,2618.TW",2025,7,20
2025-07-21,-0.007169751752459479,-0.011068505420430252,0.002946895142775352,0.010189449832468894,0.6712664321347063,0.6712664321347064,0.6712664321347064,0.003926908627988032,"2884.TW,3017.TW,2603.TW,5876.TW,2887.TW,5880.TW,2379.TW,2308.TW,2891.TW,2892.TW,3037.TW,3034.TW,5871.TW,2885.TW,2881.TW",2025,7,15
2025-07-21,-0.007624233217721839,-0.01342963145339826,0.002946895142775352,0.010189449832468894,1.0,1.0000000000000002,1.0,0.005850000000000001,"2884.TW,3017.TW,2603.TW",2025,7,3
2025-07-21,-0.020186291084337296,-0.025918201281494024,0.002946895142775352,0.010189449832468894,1.0,1.0,1.0,0.00585,"2884.TW,3017.TW,2603.TW,5876.TW,2887.TW",2025,7,5
2025-07-21,-0.011375046406542622,-0.01658015678721214,0.002946895142775352,0.010189449832468894,0.8999999999999999,0.8999999999999999,0.8999999999999999,0.005265,"2884.TW,3017.TW,2603.TW,5876.TW,2887.TW,5880.TW,2379.TW,2308.TW,2891.TW,2892.TW",2025,7,10
2025-07-28,-0.009715057056166746,-0.013609505479825534,0.0009794613602120972,0.005417199441851388,0.6722486128880572,0.6722486128880573,0.6722486128880572,0.003932654385395135,"1216.TW,2454.TW,2884.TW",2025,7,3
2025-07-28,0.0042437816311252,-0.00046094323664058745,0.0009794613602120972,0.005417199441851388,0.8008279342453053,0.8008279342453053,0.8008279342453053,0.0046848434153350365,"1216.TW,2454.TW,2884.TW,2912.TW,2892.TW",2025,7,5
2025-07-28,0.010696282315583793,0.007533336408408031,0.0009794613602120972,0.005417199441851388,0.5349525109644298,0.5349525109644299,0.5349525109644298,0.0031294721891419143,"1216.TW,2454.TW,2884.TW,2912.TW,2892.TW,5880.TW,2891.TW,2395.TW,2882.TW,2308.TW,2880.TW,5871.TW,2002.TW,3008.TW,3034.TW",2025,7,15
2025-07-28,0.0020584547899903625,-0.0005910059806907286,0.0009794613602120972,0.005417199441851388,0.45196891945234097,0.4519689194523411,0.451968919452341,0.0026440181787961954,"1216.TW,2454.TW,2884.TW,2912.TW,2892.TW,5880.TW,2891.TW,2395.TW,2882.TW,2308.TW,2880.TW,5871.TW,2002.TW,3008.TW,3034.TW,2881.TW,2886.TW,2303.TW,3037.TW,1301.TW",2025,7,20
2025-07-28,0.018973613310317227,0.01598515530688438,0.0009794613602120972,0.005417199441851388,0.5013353783468358,0.5013353783468357,0.5013353783468357,0.002932811963328989,"1216.TW,2454.TW,2884.TW,2912.TW,2892.TW,5880.TW,2891.TW,2395.TW,2882.TW,2308.TW",2025,7,10
2025-08-05,0.04709763020111661,0.04097210906443993,0.04011740944826747,0.026372724808446588,1.0,0.9999999999999999,1.0,0.005849999999999999,"2886.TW,3711.TW,3037.TW,2603.TW,2345.TW",2025,7,5
2025-08-05,0.03369342187937874,0.029631372767453312,0.04011740944826747,0.026372724808446588,0.671734341017163,0.671734341017163,0.671734341017163,0.0039296458949504036,"2886.TW,3711.TW,3037.TW,2603.TW,2345.TW,5871.TW,1303.TW,2892.TW,2207.TW,1102.TW,5880.TW,2615.TW,3017.TW,2912.TW,1216.TW",2025,7,15
2025-08-05,0.031931230365828456,0.02828513639465502,0.04011740944826747,0.026372724808446588,0.6039781609045389,0.6039781609045388,0.6039781609045389,0.0035332722412915523,"2886.TW,3711.TW,3037.TW,2603.TW,2345.TW,5871.TW,1303.TW,2892.TW,2207.TW,1102.TW,5880.TW,2615.TW,3017.TW,2912.TW,1216.TW,2327.TW,2881.TW,2412.TW,2317.TW,5876.TW",2025,7,20
2025-08-05,0.027385167834740543,0.02137496460290733,0.04011740944826747,0.026372724808446588,1.0,1.0,1.0,0.00585,"2886.TW,3711.TW,3037.TW",2025,7,3
2025-08-05,0.03793932274599942,0.03247457221174188,0.04011740944826747,0.026372724808446588,0.8999999999999999,0.8999999999999999,0.8999999999999999,0.005265,"2886.TW,3711.TW,3037.TW,2603.TW,2345.TW,5871.TW,1303.TW,2892.TW,2207.TW,1102.TW",2025,7,10
2025-08-12,-0.028563510114090487,-0.03257448208746594,-0.01128882948891552,-0.010737518089411915,0.7057962531812468,0.7057962531812468,0.7057962531812468,0.004128908081110294,"2382.TW,5880.TW,2880.TW,2308.TW,2357.TW,3017.TW,1303.TW,2345.TW,2317.TW,1102.TW",2025,7,10
2025-08-12,-0.015836968556020875,-0.019043665884414973,-0.01128882948891552,-0.010737518089411915,0.5569741719162299,0.5569741719162299,0.5569741719162299,0.003258298905709945,"2382.TW,5880.TW,2880.TW,2308.TW,2357.TW,3017.TW,1303.TW,2345.TW,2317.TW,1102.TW,2891.TW,2882.TW,3231.TW,2912.TW,2884.TW,2412.TW,3008.TW,3045.TW,2885.TW,3037.TW",2025,7,20
2025-08-12,-0.026561954236154976,-0.032256566803873454,-0.01128882948891552,-0.010737518089411915,1.0,1.0000000000000002,1.0,0.005850000000000001,"2382.TW,5880.TW,2880.TW,2308.TW,2357.TW",2025,7,5
2025-08-12,-0.020743001101739,-0.024229105121570504,-0.01128882948891552,-0.010737518089411915,0.6085381240426947,0.6085381240426951,0.6085381240426949,0.003559948025649766,"2382.TW,5880.TW,2880.TW,2308.TW,2357.TW,3017.TW,1303.TW,2345.TW,2317.TW,1102.TW,2891.TW,2882.TW,3231.TW,2912.TW,2884.TW",2025,7,15
2025-08-12,-0.014544698796603361,-0.020309612308643255,-0.01128882948891552,-0.010737518089411915,1.0,1.0,1.0,0.00585,"2382.TW,5880.TW,2880.TW",2025,7,3
2025-08-19,-0.003413181280928524,-0.00809345690457719,0.008563329245323992,0.0013274371751049174,0.8027871733061118,0.8027871733061118,0.8027871733061118,0.004696304963840755,"2618.TW,2207.TW,2603.TW,2308.TW,2881.TW,2882.TW,2317.TW,3711.TW,5876.TW,6669.TW",2025,7,10
2025-08-19,-0.013583521135706636,-0.019354057537062763,0.008563329245323992,0.0013274371751049174,1.0,1.0,1.0,0.00585,"2618.TW,2207.TW,2603.TW",2025,7,3
2025-08-19,0.002567648996052344,-0.0013562982908565946,0.008563329245323992,0.0013274371751049174,0.6690423540557477,0.6690423540557477,0.6690423540557477,0.003913897771226124,"2618.TW,2207.TW,2603.TW,2308.TW,2881.TW,2882.TW,2317.TW,3711.TW,5876.TW,6669.TW,5880.TW,2883.TW,2885.TW,1303.TW,3008.TW",2025,7,15
2025-08-19,0.003799415031951598,0.0005544870618201525,0.008563329245323992,0.0013274371751049174,0.5525890268477287,0.5525890268477286,0.5525890268477287,0.0032326458070592126,"2618.TW,2207.TW,2603.TW,2308.TW,2881.TW,2882.TW,2317.TW,3711.TW,5876.TW,6669.TW,5880.TW,2883.TW,2885.TW,1303.TW,3008.TW,2609.TW,2891.TW,4904.TW,3037.TW,2408.TW",2025,7,20
2025-08-19,0.009324975657443103,0.004566060279453055,0.008563329245323992,0.0013274371751049174,0.8059741191617489,0.8059741191617487,0.8059741191617488,0.00471494859709623,"2618.TW,2207.TW,2603.TW,2308.TW,2881.TW",2025,7,5
2025-08-26,0.007260656355697999,0.0036997873730799657,-0.0207547290112029,-0.015009407041419953,0.6043078807292863,0.6043078807292863,0.6043078807292863,0.003535201102266325,"2412.TW,2887.TW,2885.TW,2327.TW,2881.TW,2002.TW,4904.TW,2883.TW,2880.TW,2882.TW,2207.TW,2884.TW,2892.TW,2912.TW,2618.TW",2025,7,15
2025-08-26,0.005360275229727152,0.0006310935910953663,-0.0207547290112029,-0.015009407041419953,0.8040969368220792,0.8040969368220791,0.8040969368220792,0.004703967080409163,"2412.TW,2887.TW,2885.TW,2327.TW,2881.TW",2025,7,5
2025-08-26,0.007550409542168235,0.002824119454673202,-0.0207547290112029,-0.015009407041419953,0.8018584755837432,0.8018584755837432,0.8018584755837432,0.004690872082164898,"2412.TW,2887.TW,2885.TW,2327.TW,2881.TW,2002.TW,4904.TW,2883.TW,2880.TW,2882.TW",2025,7,10
2025-08-26,0.000349971413092582,-0.0023327511554942504,-0.0207547290112029,-0.015009407041419953,0.4584246189475947,0.45842461894759456,0.4584246189475946,0.0026817840208434285,"2412.TW,2887.TW,2885.TW,2327.TW,2881.TW,2002.TW,4904.TW,2883.TW,2880.TW,2882.TW,2207.TW,2884.TW,2892.TW,2912.TW,2618.TW,9910.TW,2891.TW,5880.TW,2308.TW,2317.TW",2025,7,20
2025-08-26,0.018475209600570697,0.01251712962440732,-0.0207547290112029,-0.015009407041419953,1.0,1.0,1.0,0.00585,"2412.TW,2887.TW,2885.TW",2025,7,3
2025-09-02,0.04835609431060042,0.04222321115888339,0.04816962364594679,0.024435238883265677,1.0,1.0,1.0,0.00585,"2002.TW,2454.TW,2330.TW",2025,7,3
2025-09-02,0.038541783497209825,0.034881689120735304,0.04816962364594679,0.024435238883265677,0.6024381188254397,0.6024381188254397,0.6024381188254397,0.003524262995128823,"2002.TW,2454.TW,2330.TW,2317.TW,1326.TW,1303.TW,4904.TW,3037.TW,2308.TW,1301.TW,2618.TW,2408.TW,2412.TW,2885.TW,2884.TW",2025,7,15
2025-09-02,0.03709226258684692,0.03401909157636229,0.04816962364594679,0.024435238883265677,0.506539675216809,0.506539675216809,0.506539675216809,0.0029632571000183325,"2002.TW,2454.TW,2330.TW,2317.TW,1326.TW,1303.TW,4904.TW,3037.TW,2308.TW,1301.TW,2618.TW,2408.TW,2412.TW,2885.TW,2884.TW,3045.TW,2207.TW,2327.TW,3008.TW,3711.TW",2025,7,20
2025-09-02,0.037704043895653225,0.03282504504624084,0.04816962364594679,0.024435238883265677,0.8037136428653457,0.8037136428653457,0.8037136428653457,0.004701724810762272,"2002.TW,2454.TW,2330.TW,2317.TW,1326.TW,1303.TW,4904.TW,3037.TW,2308.TW,1301.TW",2025,7,10
2025-09-02,0.04023823757822128,0.034152843888388684,0.04816962364594679,0.024435238883265677,1.0,0.9999999999999999,1.0,0.005849999999999999,"2002.TW,2454.TW,2330.TW,2317.TW,1326.TW",2025,7,5
2025-09-09,0.0029610744747315954,-0.000618556613528054,0.04044109960643638,0.01168329500622646,0.6100962098158613,0.6100962098158614,0.6100962098158613,0.0035690628274227896,"3711.TW,3034.TW,6669.TW,2883.TW,3008.TW,2379.TW,4904.TW,2912.TW,2880.TW,2618.TW,1216.TW,2887.TW,2002.TW,2892.TW,2885.TW,2884.TW,2603.TW,2882.TW,2207.TW,2609.TW",2025,7,20
2025-09-09,0.002378530801931836,-0.00197489369501358,0.04044109960643638,0.01168329500622646,0.7424092843325368,0.7424092843325371,0.742409284332537,0.0043430943133453415,"3711.TW,3034.TW,6669.TW,2883.TW,3008.TW,2379.TW,4904.TW,2912.TW,2880.TW,2618.TW,1216.TW,2887.TW,2002.TW,2892.TW,2885.TW",2025,7,15
2025-09-09,-0.0048591679512749895,-0.010680741818759998,0.04044109960643638,0.01168329500622646,1.0,1.0,1.0,0.00585,"3711.TW,3034.TW,6669.TW,2883.TW,3008.TW",2025,7,5
2025-09-09,0.003175148264712346,-0.0021312421797048398,0.04044109960643638,0.01168329500622646,0.9042043069079522,0.9042043069079525,0.9042043069079524,0.005289595195411521,"3711.TW,3034.TW,6669.TW,2883.TW,3008.TW,2379.TW,4904.TW,2912.TW,2880.TW,2618.TW",2025,7,10
2025-09-09,0.004253908030925882,-0.0016209773310550402,0.04044109960643638,0.01168329500622646,1.0,1.0,1.0,0.00585,"3711.TW,3034.TW,6669.TW",2025,7,3
2025-09-16,0.01569011614590997,0.01250718298483311,0.03710255199518575,0.017497765500229585,0.5356861605685329,0.5356861605685328,0.5356861605685328,0.003133764039325917,"2308.TW,2357.TW,2912.TW,4904.TW,2880.TW,3045.TW,1590.TW,2892.TW,5880.TW,1303.TW,1216.TW,3231.TW,2885.TW,2887.TW,2207.TW",2025,7,15
2025-09-16,0.011894760363839076,0.005975176015710515,0.03710255199518575,0.017497765500229585,1.0,1.0,1.0,0.00585,"2308.TW,2357.TW,2912.TW,4904.TW,2880.TW",2025,7,5
2025-09-16,0.021323476562987744,0.01831235682296395,0.03710255199518575,0.017497765500229585,0.5039748276551497,0.5039748276551496,0.5039748276551497,0.002948252741782625,"2308.TW,2357.TW,2912.TW,4904.TW,2880.TW,3045.TW,1590.TW,2892.TW,5880.TW,1303.TW,1216.TW,3231.TW,2885.TW,2887.TW,2207.TW,3008.TW,2884.TW,2891.TW,2408.TW,1102.TW",2025,7,20
2025-09-16,0.01904761928295932,0.013086190710154044,0.03710255199518575,0.017497765500229585,1.0,1.0,1.0,0.00585,"2308.TW,2357.TW,2912.TW",2025,7,3
2025-09-16,0.017937964604177983,0.013755376175857537,0.03710255199518575,0.017497765500229585,0.7023732346867226,0.7023732346867226,0.7023732346867226,0.004108883422917328,"2308.TW,2357.TW,2912.TW,4904.TW,2880.TW,3045.TW,1590.TW,2892.TW,5880.TW,1303.TW",2025,7,10
2025-09-23,-0.003117316063978936,-0.006627397973777649,0.00511069023784394,0.006204393494016398,0.6018902839258357,0.6018902839258357,0.6018902839258357,0.003521058160966139,"2308.TW,2408.TW,2454.TW,4904.TW,2327.TW",2025,7,5
2025-09-23,0.011739218981107632,0.008742856325022696,0.00511069023784394,0.006204393494016398,0.5062556981291251,0.506255698129125,0.5062556981291251,0.002961595834055381,"2308.TW,2408.TW,2454.TW,4904.TW,2327.TW,3231.TW,2884.TW,2880.TW,2883.TW,2886.TW,5871.TW,3045.TW,2885.TW,2603.TW,2892.TW,5876.TW,9910.TW,5880.TW,3711.TW,2609.TW",2025,7,20
2025-09-23,-0.007597585252376822,-0.011467954669892588,0.00511069023784394,0.006204393494016398,0.6666666666666666,0.6666666666666667,0.6666666666666667,0.0039000000000000003,"2308.TW,2408.TW,2454.TW",2025,7,3
2025-09-23,0.010752664522277787,0.007578285548695218,0.00511069023784394,0.006204393494016398,0.5368562492284227,0.5368562492284229,0.5368562492284228,0.0031406090579862737,"2308.TW,2408.TW,2454.TW,4904.TW,2327.TW,3231.TW,2884.TW,2880.TW,2883.TW,2886.TW,5871.TW,3045.TW,2885.TW,2603.TW,2892.TW",2025,7,15
2025-09-23,0.026020748132922454,0.02179941353298731,0.00511069023784394,0.006204393494016398,0.7032953860062663,0.7032953860062663,0.7032953860062663,0.004114278008136658,"2308.TW,2408.TW,2454.TW,4904.TW,2327.TW,3231.TW,2884.TW,2880.TW,2883.TW,2886.TW",2025,7,10
2025-10-01,0.048370493147957584,0.044690712717008196,0.01525423224688871,-0.0009019342537163477,0.6000000000000001,0.5999999999999999,0.6,0.0035099999999999997,"2303.TW,2382.TW,2408.TW,3045.TW,2308.TW",2025,7,5
2025-10-01,0.02088468774446938,0.01814518129041054,0.01525423224688871,-0.0009019342537163477,0.4587116519331424,0.45871165193314245,0.45871165193314245,0.002683463163808883,"2303.TW,2382.TW,2408.TW,3045.TW,2308.TW,1102.TW,2882.TW,2886.TW,5876.TW,2327.TW,2379.TW,2885.TW,2618.TW,2880.TW,1590.TW,2881.TW,2207.TW,2883.TW,2892.TW,3711.TW",2025,7,20
2025-10-01,0.02617875444776634,0.02294997133074017,0.01525423224688871,-0.0009019342537163477,0.5378485332706131,0.5378485332706134,0.5378485332706133,0.0031464139196330882,"2303.TW,2382.TW,2408.TW,3045.TW,2308.TW,1102.TW,2882.TW,2886.TW,5876.TW,2327.TW,2379.TW,2885.TW,2618.TW,2880.TW,1590.TW",2025,7,15
2025-10-01,0.04801367391303498,0.04392642058477425,0.01525423224688871,-0.0009019342537163477,0.6666666666666666,0.6666666666666667,0.6666666666666667,0.0039000000000000003,"2303.TW,2382.TW,2408.TW",2025,7,3
2025-10-01,0.023969466130525075,0.02031873257737815,0.01525423224688871,-0.0009019342537163477,0.6094488539684471,0.6094488539684471,0.6094488539684471,0.003565275795715415,"2303.TW,2382.TW,2408.TW,3045.TW,2308.TW,1102.TW,2882.TW,2886.TW,5876.TW,2327.TW",2025,7,10
2025-10-09,0.03990031450524962,0.03649987701144641,0.04090145842430859,0.030150365459103535,0.5589683533643814,0.5589683533643816,0.5589683533643814,0.003269964867181632,"3231.TW,2382.TW,2327.TW,6669.TW,2408.TW,3037.TW,2308.TW,2892.TW,3045.TW,2317.TW,5880.TW,2886.TW,2412.TW,4904.TW,2357.TW,2891.TW,2885.TW,2330.TW,2880.TW,2002.TW",2025,7,20
2025-10-09,0.04671986363473088,0.04300694219199941,0.04090145842430859,0.030150365459103535,0.6063584423667809,0.606358442366781,0.6063584423667809,0.0035471968878456692,"3231.TW,2382.TW,2327.TW,6669.TW,2408.TW,3037.TW,2308.TW,2892.TW,3045.TW,2317.TW,5880.TW,2886.TW,2412.TW,4904.TW,2357.TW",2025,7,15
2025-10-09,0.0820694480296215,0.0782026325064531,0.04090145842430859,0.030150365459103535,0.6108610752555412,0.6108610752555412,0.6108610752555412,0.0035735372902449165,"3231.TW,2382.TW,2327.TW,6669.TW,2408.TW",2025,7,5
2025-10-09,0.02527306618800277,0.02116657317647075,0.04090145842430859,0.030150365459103535,0.684661131268985,0.684661131268985,0.684661131268985,0.004005267617923562,"3231.TW,2382.TW,2327.TW",2025,7,3
2025-10-09,0.06383191588386236,0.06068497204594592,0.04090145842430859,0.030150365459103535,0.5056617587427716,0.5056617587427716,0.5056617587427716,0.0029581212886452143,"3231.TW,2382.TW,2327.TW,6669.TW,2408.TW,3037.TW,2308.TW,2892.TW,3045.TW,2317.TW",2025,7,10
2025-10-17,0.004275883482417076,-0.001599130435955165,0.019246265641791105,0.016692269029702892,1.0,0.9999999999999999,1.0,0.005849999999999999,"2885.TW,2882.TW,2887.TW,2886.TW,2330.TW",2025,7,5
2025-10-17,0.023197358822206172,0.020141895696800916,0.019246265641791105,0.016692269029702892,0.5104600636961599,0.5104600636961599,0.5104600636961599,0.0029861913726225353,"2885.TW,2882.TW,2887.TW,2886.TW,2330.TW,3017.TW,2880.TW,1590.TW,2308.TW,2892.TW,9910.TW,2379.TW,2881.TW,2345.TW,5880.TW,2891.TW,4904.TW,1216.TW,5876.TW,2327.TW",2025,7,20
2025-10-17,0.006542741273936466,0.0006544662374838861,0.019246265641791105,0.016692269029702892,1.0,1.0,1.0,0.00585,"2885.TW,2882.TW,2887.TW",2025,7,3
2025-10-17,0.01047811439229554,0.006089516169537124,0.019246265641791105,0.016692269029702892,0.7424086872353843,0.7424086872353844,0.7424086872353843,0.004343090820326999,"2885.TW,2882.TW,2887.TW,2886.TW,2330.TW,3017.TW,2880.TW,1590.TW,2308.TW,2892.TW,9910.TW,2379.TW,2881.TW,2345.TW,5880.TW",2025,7,15
2025-10-17,0.018508063556170996,0.013692138649899155,0.019246265641791105,0.016692269029702892,0.8082754139803016,0.8082754139803014,0.8082754139803014,0.004728411171784764,"2885.TW,2882.TW,2887.TW,2886.TW,2330.TW,3017.TW,2880.TW,1590.TW,2308.TW,2892.TW",2025,7,10
2025-10-27,0.013516109691928796,0.009143506921207356,0.014948759032226588,0.004335648376538084,0.7374855297640772,0.7374855297640772,0.7374855297640772,0.004314290349119851,"2887.TW,6669.TW,9910.TW,2412.TW,4904.TW,2886.TW,2884.TW,1303.TW,2408.TW,2880.TW,1216.TW,2618.TW,3045.TW,3711.TW,5876.TW",2025,7,15
2025-10-27,-0.0029750828368296334,-0.0076491122197528405,0.014948759032226588,0.004335648376538084,0.8013635045045812,0.8013635045045809,0.801363504504581,0.004687976501351799,"2887.TW,6669.TW,9910.TW,2412.TW,4904.TW",2025,7,5
2025-10-27,0.004973692342488012,0.0022654688130170353,0.014948759032226588,0.004335648376538084,0.46065304654180445,0.4606530465418044,0.4606530465418044,0.002694820322269556,"2887.TW,6669.TW,9910.TW,2412.TW,4904.TW,2886.TW,2884.TW,1303.TW,2408.TW,2880.TW,1216.TW,2618.TW,3045.TW,3711.TW,5876.TW,2885.TW,1590.TW,5880.TW,2882.TW,1326.TW",2025,7,20
2025-10-27,-0.004581769706431205,-0.008481475777607494,0.014948759032226588,0.004335648376538084,0.6696847637868601,0.6696847637868601,0.6696847637868601,0.003917655868153132,"2887.TW,6669.TW,9910.TW",2025,7,3
2025-10-27,0.004931195165475432,0.0007784787084972322,0.014948759032226588,0.004335648376538084,0.7063827498210073,0.7063827498210073,0.7063827498210073,0.004132339086452893,"2887.TW,6669.TW,9910.TW,2412.TW,4904.TW,2886.TW,2884.TW,1303.TW,2408.TW,2880.TW",2025,7,10
2025-11-03,0.006705728644407488,0.003416472020743022,-0.013178244841469455,-0.0036147433072815562,0.5585208005842894,0.5585208005842895,0.5585208005842894,0.003267346683418094,"2357.TW,2327.TW,2408.TW,1326.TW,1301.TW,3231.TW,1216.TW,6669.TW,2317.TW,2885.TW,2454.TW,1102.TW,2382.TW,3711.TW,1590.TW,2002.TW,2882.TW,2892.TW,2912.TW,1303.TW",2025,7,20
2025-11-03,0.010076435021705863,0.0053492773058043674,-0.013178244841469455,-0.0036147433072815562,0.7999999999999999,0.7999999999999998,0.7999999999999998,0.004679999999999999,"2357.TW,2327.TW,2408.TW,1326.TW,1301.TW,3231.TW,1216.TW,6669.TW,2317.TW,2885.TW",2025,7,10
2025-11-03,0.022780848328142797,0.016797580365423226,-0.013178244841469455,-0.0036147433072815562,1.0,1.0,1.0,0.00585,"2357.TW,2327.TW,2408.TW",2025,7,3
2025-11-03,0.024845574874331918,0.018850228261316992,-0.013178244841469455,-0.0036147433072815562,1.0,1.0,1.0,0.00585,"2357.TW,2327.TW,2408.TW,1326.TW,1301.TW",2025,7,5
2025-11-03,0.0058093646896718,0.001481402286279243,-0.013178244841469455,-0.0036147433072815562,0.7355495574320952,0.7355495574320952,0.7355495574320952,0.004302964910977756,"2357.TW,2327.TW,2408.TW,1326.TW,1301.TW,3231.TW,1216.TW,6669.TW,2317.TW,2885.TW,2454.TW,1102.TW,2382.TW,3711.TW,1590.TW",2025,7,15
2025-11-10,-0.021048566973889682,-0.026775432857092496,-0.03692065360806607,-0.013000849127944898,1.0,1.0,1.0,0.00585,"4904.TW,2303.TW,2885.TW",2025,7,3
2025-11-10,-0.024728054865157875,-0.028942880881821398,-0.03692065360806607,-0.013000849127944898,0.7387509538910546,0.7387509538910547,0.7387509538910546,0.00432169308026267,"4904.TW,2303.TW,2885.TW,2880.TW,3045.TW,3711.TW,2603.TW,2881.TW,2207.TW,2887.TW,2408.TW,5880.TW,3017.TW,1590.TW,2412.TW",2025,7,15
2025-11-10,-0.020923129603982963,-0.026081228400049006,-0.03692065360806607,-0.013000849127944898,0.9005690120829534,0.9005690120829534,0.9005690120829534,0.005268328720685277,"4904.TW,2303.TW,2885.TW,2880.TW,3045.TW,3711.TW,2603.TW,2881.TW,2207.TW,2887.TW",2025,7,10
2025-11-10,-0.02345828040750646,-0.029171049467122567,-0.03692065360806607,-0.013000849127944898,1.0,1.0,1.0,0.00585,"4904.TW,2303.TW,2885.TW,2880.TW,3045.TW",2025,7,5
2025-11-10,-0.029028644519259572,-0.03276073290441672,-0.03692065360806607,-0.013000849127944898,0.6570367116615148,0.6570367116615148,0.6570367116615148,0.0038436647632198616,"4904.TW,2303.TW,2885.TW,2880.TW,3045.TW,3711.TW,2603.TW,2881.TW,2207.TW,2887.TW,2408.TW,5880.TW,3017.TW,1590.TW,2412.TW,6669.TW,2330.TW,2609.TW,2892.TW,2357.TW",2025,7,20
2025-11-17,0.01533124104006241,0.0113714492000061,-0.009787916731649027,0.0018038253934506087,0.6666666666666666,0.6666666666666667,0.6666666666666667,0.0039000000000000003,"2882.TW,2881.TW,2885.TW",2025,7,3
2025-11-17,0.009581832647568667,0.004856989670778189,-0.009787916731649027,0.0018038253934506087,0.8,0.8,0.8,0.00468,"2882.TW,2881.TW,2885.TW,2883.TW,5880.TW",2025,7,5
2025-11-17,0.00503134924240909,0.002673007243318537,-0.009787916731649027,0.0018038253934506087,0.40111722362073265,0.4011172236207327,0.40111722362073265,0.0023465357581812863,"2882.TW,2881.TW,2885.TW,2883.TW,5880.TW,1590.TW,2891.TW,1102.TW,2408.TW,2330.TW,2887.TW,4904.TW,2317.TW,2412.TW,2303.TW,3037.TW,2880.TW,3045.TW,3231.TW,3008.TW",2025,7,20
2025-11-17,0.00144064877983104,-0.0009147511686365961,-0.009787916731649027,0.0018038253934506087,0.40205325229619093,0.40205325229619115,0.40205325229619104,0.0023520115259327177,"2882.TW,2881.TW,2885.TW,2883.TW,5880.TW,1590.TW,2891.TW,1102.TW,2408.TW,2330.TW,2887.TW,4904.TW,2317.TW,2412.TW,2303.TW",2025,7,15
2025-11-17,0.0005190766666001489,-0.004163352612199578,-0.009787916731649027,0.0018038253934506087,0.7999999999999999,0.8,0.8,0.00468,"2882.TW,2881.TW,2885.TW,2883.TW,5880.TW,1590.TW,2891.TW,1102.TW,2408.TW,2330.TW",2025,7,10
2025-11-24,0.016194611831213682,0.013020186578061477,0.018121896133772797,0.02053152079556704,0.5339890500233943,0.5339890500233945,0.5339890500233944,0.0031238359426368576,"5880.TW,2412.TW,2891.TW,2885.TW,1303.TW,2207.TW,6669.TW,2615.TW,4904.TW,1301.TW,1102.TW,3017.TW,2330.TW,3711.TW,3231.TW",2025,7,15
2025-11-24,0.016594174580333687,0.013308448032772091,0.018121896133772797,0.02053152079556704,0.5524944680454369,0.552494468045437,0.5524944680454369,0.003232092638065806,"5880.TW,2412.TW,2891.TW,2885.TW,1303.TW,2207.TW,6669.TW,2615.TW,4904.TW,1301.TW,1102.TW,3017.TW,2330.TW,3711.TW,3231.TW,2317.TW,5876.TW,2308.TW,2603.TW,1326.TW",2025,7,20
2025-11-24,-0.010280027780326884,-0.016069889617811972,0.018121896133772797,0.02053152079556704,1.0,1.0,1.0,0.00585,"5880.TW,2412.TW,2891.TW",2025,7,3
2025-11-24,0.012195256941061161,0.008642451589197853,0.018121896133772797,0.02053152079556704,0.6000000000000001,0.6,0.6000000000000001,0.00351,"5880.TW,2412.TW,2891.TW,2885.TW,1303.TW",2025,7,5
2025-11-24,0.011955257980814447,0.007811301199383003,0.018121896133772797,0.02053152079556704,0.7,0.6999999999999997,0.6999999999999998,0.004094999999999999,"5880.TW,2412.TW,2891.TW,2885.TW,1303.TW,2207.TW,6669.TW,2615.TW,4904.TW,1301.TW",2025,7,10
2025-12-01,0.01775894331144756,0.014135053783660867,0.03236244188059145,0.012224120418322111,0.6086591519722828,0.6086591519722827,0.6086591519722828,0.0035606560390378543,"2207.TW,2891.TW,3017.TW,5880.TW,2881.TW",2025,7,5
2025-12-01,0.018148242952121287,0.01417746480460802,0.03236244188059145,0.012224120418322111,0.6666666666666666,0.6666666666666667,0.6666666666666667,0.0039000000000000003,"2207.TW,2891.TW,3017.TW",2025,7,3
2025-12-01,0.012517148795768478,0.009488612475632818,0.03236244188059145,0.012224120418322111,0.5112985166505318,0.5112985166505318,0.5112985166505318,0.0029910963224056113,"2207.TW,2891.TW,3017.TW,5880.TW,2881.TW,2880.TW,5871.TW,2885.TW,2883.TW,2327.TW,1590.TW,3045.TW,2412.TW,5876.TW,1303.TW,3231.TW,1216.TW,3008.TW,1102.TW,2912.TW",2025,7,20
2025-12-01,0.01756101024663865,0.01432423139740191,0.03236244188059145,0.012224120418322111,0.543746786887935,0.5437467868879351,0.5437467868879351,0.00318091870329442,"2207.TW,2891.TW,3017.TW,5880.TW,2881.TW,2880.TW,5871.TW,2885.TW,2883.TW,2327.TW,1590.TW,3045.TW,2412.TW,5876.TW,1303.TW",2025,7,15
2025-12-01,0.021373152956658124,0.017720720637984355,0.03236244188059145,0.012224120418322111,0.6112823732385553,0.6112823732385554,0.6112823732385553,0.003576001883445549,"2207.TW,2891.TW,3017.TW,5880.TW,2881.TW,2880.TW,5871.TW,2885.TW,2883.TW,2327.TW",2025,7,10
2025-12-08,-0.02050078266844382,-0.025657846047694388,-0.02664578915785254,-0.0070864096395593075,0.8999999999999999,0.9000000000000002,0.9000000000000001,0.005265000000000001,"1303.TW,3037.TW,2880.TW,2912.TW,2454.TW,2603.TW,2002.TW,6669.TW,9910.TW,3034.TW",2025,7,10
2025-12-08,-0.02036987089115133,-0.025339526126975098,-0.02664578915785254,-0.0070864096395593075,0.8671780198290179,0.8671780198290182,0.867178019829018,0.005072991415999756,"1303.TW,3037.TW,2880.TW,2912.TW,2454.TW,2603.TW,2002.TW,6669.TW,9910.TW,3034.TW,3231.TW,2615.TW,2303.TW,1216.TW,2609.TW",2025,7,15
2025-12-08,-0.01697244197039371,-0.020445896180068424,-0.02664578915785254,-0.0070864096395593075,0.6040042840149662,0.6040042840149661,0.6040042840149662,0.003533425061487552,"1303.TW,3037.TW,2880.TW,2912.TW,2454.TW,2603.TW,2002.TW,6669.TW,9910.TW,3034.TW,3231.TW,2615.TW,2303.TW,1216.TW,2609.TW,2885.TW,2357.TW,2891.TW,5880.TW,2382.TW",2025,7,20
2025-12-08,-0.01573654808787701,-0.021494489281562945,-0.02664578915785254,-0.0070864096395593075,1.0,1.0,1.0,0.00585,"1303.TW,3037.TW,2880.TW,2912.TW,2454.TW",2025,7,5
2025-12-08,-0.011347256968648061,-0.017130875515381505,-0.02664578915785254,-0.0070864096395593075,1.0,1.0,1.0,0.00585,"1303.TW,3037.TW,2880.TW",2025,7,3
2025-12-15,0.01334230629357187,0.007414253801754311,0.022544330867990237,0.020889488660054703,1.0,0.9999999999999999,1.0,0.005849999999999999,"2379.TW,2330.TW,2382.TW,3231.TW,2887.TW",2025,7,5
2025-12-15,0.01920132345245129,0.013835228484474271,0.022544330867990237,0.020889488660054703,0.8999999999999999,0.9,0.8999999999999999,0.005265,"2379.TW,2330.TW,2382.TW,3231.TW,2887.TW,2303.TW,5876.TW,2327.TW,3037.TW,2892.TW",2025,7,10
2025-12-15,-0.02453144884834557,-0.03023793987258272,0.022544330867990237,0.020889488660054703,1.0,1.0,1.0,0.00585,"2379.TW,2330.TW,2382.TW",2025,7,3
2025-12-15,0.02423575419346727,0.020188328474642026,0.022544330867990237,0.020889488660054703,0.6754964776526838,0.6754964776526837,0.6754964776526837,0.0039516543942682,"2379.TW,2330.TW,2382.TW,3231.TW,2887.TW,2303.TW,5876.TW,2327.TW,3037.TW,2892.TW,5880.TW,2603.TW,6669.TW,2881.TW,3017.TW",2025,7,15
2025-12-15,0.026124235911611837,0.022468018235425324,0.022544330867990237,0.020889488660054703,0.6090826555778062,0.609082655577806,0.6090826555778062,0.0035631335351301655,"2379.TW,2330.TW,2382.TW,3231.TW,2887.TW,2303.TW,5876.TW,2327.TW,3037.TW,2892.TW,5880.TW,2603.TW,6669.TW,2881.TW,3017.TW,3711.TW,2308.TW,2882.TW,2454.TW,2412.TW",2025,7,20
2025-12-22,0.006769393306466555,0.000879792355623632,0.025196869937415878,0.007078873242424815,1.0,0.9999999999999998,0.9999999999999999,0.005849999999999999,"1216.TW,2884.TW,3037.TW,2880.TW,2345.TW",2025,7,5
2025-12-22,0.009123430938202004,0.003220058867213549,0.025196869937415878,0.007078873242424815,1.0,1.0,1.0,0.00585,"1216.TW,2884.TW,3037.TW",2025,7,3
2025-12-22,0.0022273280238812704,-0.0018878385904507189,0.025196869937415878,0.007078873242424815,0.7018839586905069,0.701883958690507,0.701883958690507,0.004106021158339466,"1216.TW,2884.TW,3037.TW,2880.TW,2345.TW,2887.TW,2454.TW,5880.TW,2892.TW,2603.TW",2025,7,10
2025-12-22,-0.0002985692501605195,-0.0035429319188231556,0.025196869937415878,0.007078873242424815,0.5547575427166631,0.5547575427166629,0.554757542716663,0.0032453316248924786,"1216.TW,2884.TW,3037.TW,2880.TW,2345.TW,2887.TW,2454.TW,5880.TW,2892.TW,2603.TW,5871.TW,2408.TW,2412.TW,2885.TW,2207.TW,2891.TW,9910.TW,2303.TW,2882.TW,2883.TW",2025,7,20
2025-12-22,0.005465908967937358,0.001531955665491802,0.025196869937415878,0.007078873242424815,0.6688149682578162,0.6688149682578165,0.6688149682578164,0.003912567564308226,"1216.TW,2884.TW,3037.TW,2880.TW,2345.TW,2887.TW,2454.TW,5880.TW,2892.TW,2603.TW,5871.TW,2408.TW,2412.TW,2885.TW,2207.TW",2025,7,15
2025-12-30,0.024741496067025397,0.022614892180314428,0.06989250862734986,0.02654082036243807,0.3547451072407786,0.35474510724077846,0.35474510724077857,0.0020752588773585543,"2412.TW,2618.TW,5871.TW,2885.TW,2408.TW,2880.TW,5880.TW,2886.TW,2881.TW,2882.TW,1301.TW,3034.TW,2883.TW,2317.TW,2303.TW,2891.TW,1216.TW,2345.TW,4904.TW,2603.TW",2025,7,20
2025-12-30,0.03221281475947341,0.02856713365874608,0.06989250862734986,0.02654082036243807,0.6037450239337234,0.6037450239337236,0.6037450239337235,0.003531908390012283,"2412.TW,2618.TW,5871.TW,2885.TW,2408.TW,2880.TW,5880.TW,2886.TW,2881.TW,2882.TW,1301.TW,3034.TW,2883.TW,2317.TW,2303.TW",2025,7,15
2025-12-30,-0.0016665929702237934,-0.007506843401347996,0.06989250862734986,0.02654082036243807,1.0,1.0,1.0,0.00585,"2412.TW,2618.TW,5871.TW",2025,7,3
2025-12-30,0.018425610514628772,0.013644602389765614,0.06989250862734986,0.02654082036243807,0.8024801592700269,0.8024801592700269,0.8024801592700269,0.004694508931729658,"2412.TW,2618.TW,5871.TW,2885.TW,2408.TW,2880.TW,5880.TW,2886.TW,2881.TW,2882.TW",2025,7,10
2025-12-30,0.04477600087847182,0.038664061273332884,0.06989250862734986,0.02654082036243807,1.0,0.9999999999999998,0.9999999999999999,0.005849999999999999,"2412.TW,2618.TW,5871.TW,2885.TW,2408.TW",2025,7,5
2026-01-02,0.018109965215924513,0.016659158515491823,0.03524243809197891,0.014319902314377774,0.9999999999999999,0.0,0.49999999999999994,0.0014249999999999998,"1303.TW,1326.TW,2408.TW,5871.TW,9910.TW,2885.TW,2603.TW,2618.TW,3017.TW,2882.TW",2026,7,10
2026-01-02,0.02090499707618687,0.019450207455353086,0.03524243809197891,0.014319902314377774,0.9999999999999999,0.0,0.49999999999999994,0.0014249999999999998,"1303.TW,1326.TW,2408.TW,5871.TW,9910.TW,2885.TW,2603.TW,2618.TW,3017.TW,2882.TW,2002.TW,1101.TW,1301.TW,2609.TW,2881.TW",2026,7,15
2026-01-02,0.03133849240328335,0.029868835051608755,0.03524243809197891,0.014319902314377774,1.0,0.0,0.5,0.001425,"1303.TW,1326.TW,2408.TW,5871.TW,9910.TW",2026,7,5
2026-01-02,0.02432117719410606,0.022861519516604423,0.03524243809197891,0.014319902314377774,1.0000000000000002,0.0,0.5000000000000001,0.0014250000000000003,"1303.TW,1326.TW,2408.TW,5871.TW,9910.TW,2885.TW,2603.TW,2618.TW,3017.TW,2882.TW,2002.TW,1101.TW,1301.TW,2609.TW,2881.TW,3034.TW,2884.TW,2303.TW,2317.TW,2412.TW",2026,7,20
2026-01-02,0.06967464632902527,0.06815035995800622,0.03524243809197891,0.014319902314377774,1.0,0.0,0.5,0.001425,"1303.TW,1326.TW,2408.TW",2026,7,3
2026-01-09,0.010163432827457387,0.006222038101938221,0.01702117147594251,0.01582844441723115,0.6669640438647609,0.666964043864761,0.666964043864761,0.0039017396566088523,"6669.TW,3008.TW,2408.TW",2026,7,3
2026-01-09,0.019519676391441334,0.017341007101339123,0.01702117147594251,0.01582844441723115,0.36529172461913495,0.3652917246191349,0.36529172461913495,0.002136956589021939,"6669.TW,3008.TW,2408.TW,2345.TW,1303.TW,3231.TW,9910.TW,2327.TW,2454.TW,1301.TW,2412.TW,3017.TW,2881.TW,1326.TW,2618.TW,2317.TW,3034.TW,2883.TW,2884.TW,2603.TW",2026,7,20
2026-01-09,0.037820834206533684,0.033523217934510186,0.01702117147594251,0.01582844441723115,0.7078632804058134,0.7078632804058136,0.7078632804058135,0.004141000190374009,"6669.TW,3008.TW,2408.TW,2345.TW,1303.TW,3231.TW,9910.TW,2327.TW,2454.TW,1301.TW",2026,7,10
2026-01-09,0.04459104606434614,0.04092453149266029,0.01702117147594251,0.01582844441723115,0.6000000000000001,0.6,0.6000000000000001,0.00351,"6669.TW,3008.TW,2408.TW,2345.TW,1303.TW",2026,7,5
2026-01-09,0.028617375815800525,0.025740366491837197,0.01702117147594251,0.01582844441723115,0.47811409489824186,0.4781140948982419,0.47811409489824186,0.002796967455154715,"6669.TW,3008.TW,2408.TW,2345.TW,1303.TW,3231.TW,9910.TW,2327.TW,2454.TW,1301.TW,2412.TW,3017.TW,2881.TW,1326.TW,2618.TW",2026,7,15
2026-01-16,0.007208186020102159,0.0034900912429634,0.02189342338326461,0.012594810953149363,0.6310232239942959,0.6310232239942957,0.6310232239942958,0.00369148586036663,"2408.TW,2379.TW,6669.TW,3017.TW,2357.TW",2026,7,5
2026-01-16,-0.00041294861006101473,-0.004633654607978932,0.02189342338326461,0.012594810953149363,0.7217862654073478,0.7217862654073481,0.7217862654073479,0.004222449652632986,"2408.TW,2379.TW,6669.TW,3017.TW,2357.TW,9910.TW,2603.TW,2609.TW,2412.TW,2615.TW",2026,7,10
2026-01-16,0.002752503237556196,0.0005501310381028635,0.02189342338326461,0.012594810953149363,0.37544047911415424,0.3754404791141543,0.37544047911415424,0.0021963268028178024,"2408.TW,2379.TW,6669.TW",2026,7,3
2026-01-16,0.0018234990834378705,-0.0014420841582850619,0.02189342338326461,0.012594810953149363,0.5572032978565332,0.5572032978565333,0.5572032978565333,0.0032596392924607196,"2408.TW,2379.TW,6669.TW,3017.TW,2357.TW,9910.TW,2603.TW,2609.TW,2412.TW,2615.TW,3034.TW,2395.TW,2002.TW,3231.TW,1326.TW",2026,7,15
2026-01-16,0.0001933019411689608,-0.0028536876956194446,0.02189342338326461,0.012594810953149363,0.5207522669414837,0.5207522669414837,0.5207522669414837,0.0030464007616076796,"2408.TW,2379.TW,6669.TW,3017.TW,2357.TW,9910.TW,2603.TW,2609.TW,2412.TW,2615.TW,3034.TW,2395.TW,2002.TW,3231.TW,1326.TW,5871.TW,2618.TW,1216.TW,2886.TW,2912.TW",2026,7,20
2026-01-23,-0.026695336830498215,-0.030126504237573015,-0.009688494563912298,-0.0005802410522033741,0.6026112534791919,0.602611253479192,0.6026112534791919,0.0035252758328532733,"2408.TW,1303.TW,2327.TW,2303.TW,2345.TW,6669.TW,2379.TW,2880.TW,2609.TW,2317.TW",2026,7,10
2026-01-23,-0.007688221361596426,-0.011570752598314082,-0.009688494563912298,-0.0005802410522033741,0.6688226095590197,0.6688226095590198,0.6688226095590197,0.003912612265920266,"2408.TW,1303.TW,2327.TW,2303.TW,2345.TW,6669.TW,2379.TW,2880.TW,2609.TW,2317.TW,2891.TW,3037.TW,2885.TW,4904.TW,2603.TW",2026,7,15
2026-01-23,-0.011888540515984869,-0.015742175207972497,-0.009688494563912298,-0.0005802410522033741,0.6666666666666666,0.6666666666666667,0.6666666666666667,0.0039000000000000003,"2408.TW,1303.TW,2327.TW",2026,7,3
2026-01-23,-0.008663875227888656,-0.013021337174981329,-0.009688494563912298,-0.0005802410522033741,0.7513751103063494,0.7513751103063491,0.7513751103063493,0.004395544395292142,"2408.TW,1303.TW,2327.TW,2303.TW,2345.TW,6669.TW,2379.TW,2880.TW,2609.TW,2317.TW,2891.TW,3037.TW,2885.TW,4904.TW,2603.TW,2892.TW,2308.TW,2883.TW,3045.TW,2382.TW",2026,7,20
2026-01-23,-0.0326912563392715,-0.0372182612596037,-0.009688494563912298,-0.0005802410522033741,0.8,0.8,0.8,0.00468,"2408.TW,1303.TW,2327.TW,2303.TW,2345.TW",2026,7,5
2026-01-30,0.014002189120613262,0.010749461780569236,0.03494052237854017,0.014648451494503317,0.5483437545742278,0.5483437545742278,0.5483437545742278,0.0032078109642592325,"2303.TW,2379.TW,2345.TW,3037.TW,1303.TW,3034.TW,1301.TW,3711.TW,2308.TW,1326.TW,6669.TW,2330.TW,2408.TW,2454.TW,2882.TW",2026,7,15
2026-01-30,0.02913423837973441,0.026621233406900924,0.03494052237854017,0.014648451494503317,0.4174125042287866,0.4174125042287866,0.4174125042287866,0.002441863149738402,"2303.TW,2379.TW,2345.TW,3037.TW,1303.TW",2026,7,5
2026-01-30,0.015787528776530675,0.013040854681052316,0.03494052237854017,0.014648451494503317,0.46221963363098495,0.4622196336309849,0.46221963363098495,0.0027039848567412617,"2303.TW,2379.TW,2345.TW,3037.TW,1303.TW,3034.TW,1301.TW,3711.TW,2308.TW,1326.TW,6669.TW,2330.TW,2408.TW,2454.TW,2882.TW,2618.TW,2880.TW,2382.TW,2891.TW,2884.TW",2026,7,20
2026-01-30,0.018671136393812782,0.01502680552551272,0.03494052237854017,0.014648451494503317,0.6115443142868578,0.6115443142868576,0.6115443142868577,0.0035775342385781176,"2303.TW,2379.TW,2345.TW,3037.TW,1303.TW,3034.TW,1301.TW,3711.TW,2308.TW,1326.TW",2026,7,10
2026-01-30,0.05605777913519557,0.04987984112725452,0.03494052237854017,0.014648451494503317,1.0,1.0,1.0,0.00585,"2303.TW,2379.TW,2345.TW",2026,7,3
2026-02-06,0.0853276763512256,0.08080499227286109,0.08507762297326571,0.053130474576067635,0.7123271674625925,0.7123271674625925,0.7123271674625925,0.004167113929656166,"2327.TW,2408.TW,3037.TW,1326.TW,2454.TW,2002.TW,1590.TW,1303.TW,1101.TW,3017.TW",2026,7,10
2026-02-06,0.1752701496167633,0.16839481924150523,0.08507762297326571,0.053130474576067635,1.0,1.0,1.0,0.00585,"2327.TW,2408.TW,3037.TW",2026,7,3
2026-02-06,0.08385966429804032,0.08092193778834367,0.08507762297326571,0.053130474576067635,0.46332148735162093,0.4633214873516211,0.46332148735162104,0.002710430701006983,"2327.TW,2408.TW,3037.TW,1326.TW,2454.TW,2002.TW,1590.TW,1303.TW,1101.TW,3017.TW,1301.TW,3711.TW,2883.TW,2885.TW,2891.TW,2330.TW,2412.TW,2345.TW,2395.TW,2379.TW",2026,7,20
2026-02-06,0.09196565635868514,0.08845773024285708,0.08507762297326571,0.053130474576067635,0.5491431771625147,0.5491431771625148,0.5491431771625148,0.003212487586400712,"2327.TW,2408.TW,3037.TW,1326.TW,2454.TW,2002.TW,1590.TW,1303.TW,1101.TW,3017.TW,1301.TW,3711.TW,2883.TW,2885.TW,2891.TW",2026,7,15
2026-02-06,0.14218318817436906,0.1367306848455092,0.08507762297326571,0.053130474576067635,0.8160265890245829,0.8160265890245829,0.8160265890245829,0.0047737555457938105,"2327.TW,2408.TW,3037.TW,1326.TW,2454.TW",2026,7,5
2026-02-24,-0.05722321454341135,-0.061088384027872644,-0.025513347871739867,-0.023012777659711124,0.7008156570874344,0.7008156570874344,0.7008156570874344,0.004099771593961491,"1326.TW,2408.TW,2345.TW",2026,7,3
2026-02-24,-0.03005877248621642,-0.03297318209764444,-0.025513347871739867,-0.023012777659711124,0.5136287261901175,0.5136287261901173,0.5136287261901173,0.0030047280482121868,"1326.TW,2408.TW,2345.TW,2303.TW,2454.TW,3037.TW,1301.TW,2887.TW,2357.TW,2891.TW,4904.TW,2892.TW,2880.TW,2412.TW,2379.TW,2883.TW,2884.TW,6669.TW,3045.TW,2886.TW",2026,7,20
2026-02-24,-0.03859817384370898,-0.04202998234797306,-0.025513347871739867,-0.023012777659711124,0.6101859975638109,0.6101859975638108,0.6101859975638109,0.003569588085748293,"1326.TW,2408.TW,2345.TW,2303.TW,2454.TW,3037.TW,1301.TW,2887.TW,2357.TW,2891.TW,4904.TW,2892.TW,2880.TW,2412.TW,2379.TW",2026,7,15
2026-02-24,-0.04270039440621482,-0.04609680754151935,-0.025513347871739867,-0.023012777659711124,0.6064803939538663,0.6064803939538664,0.6064803939538663,0.0035479103046301185,"1326.TW,2408.TW,2345.TW,2303.TW,2454.TW,3037.TW,1301.TW,2887.TW,2357.TW,2891.TW",2026,7,10
2026-02-24,-0.06265440290054823,-0.06502693773949464,-0.025513347871739867,-0.023012777659711124,0.43267020422989044,0.4326702042298904,0.43267020422989044,0.002531120694744859,"1326.TW,2408.TW,2345.TW,2303.TW,2454.TW",2026,7,5
2026-03-04,-0.016106981706566846,-0.020136023616478482,-0.01532565185708179,-0.007313305038111408,0.7,0.6999999999999998,0.7,0.004095,"1326.TW,2887.TW,2883.TW,2345.TW,2395.TW,3711.TW,2885.TW,2330.TW,2880.TW,1590.TW",2026,7,10
2026-03-04,-0.009518947612952957,-0.012172014256030539,-0.01532565185708179,-0.007313305038111408,0.4578741454875659,0.45787414548756594,0.4578741454875659,0.002678563751102261,"1326.TW,2887.TW,2883.TW,2345.TW,2395.TW,3711.TW,2885.TW,2330.TW,2880.TW,1590.TW,1303.TW,2308.TW,2454.TW,1301.TW,3037.TW,6669.TW,2408.TW,2327.TW,2891.TW,2382.TW",2026,7,20
2026-03-04,0.0039951855420867115,0.0004711624408340054,-0.01532565185708179,-0.007313305038111408,0.6000000000000001,0.6000000000000001,0.6000000000000001,0.003510000000000001,"1326.TW,2887.TW,2883.TW,2345.TW,2395.TW",2026,7,5
2026-03-04,-0.024816773286840694,-0.028619987871022046,-0.01532565185708179,-0.007313305038111408,0.6666666666666666,0.6666666666666667,0.6666666666666667,0.0039000000000000003,"1326.TW,2887.TW,2883.TW",2026,7,3
2026-03-04,-0.009610524887792793,-0.012708138726065688,-0.01532565185708179,-0.007313305038111408,0.5346448567226674,0.5346448567226674,0.5346448567226674,0.0031276724118276043,"1326.TW,2887.TW,2883.TW,2345.TW,2395.TW,3711.TW,2885.TW,2330.TW,2880.TW,1590.TW,1303.TW,2308.TW,2454.TW,1301.TW,3037.TW",2026,7,15
2026-03-11,0.03669142383399242,0.03183970797044933,-0.006485150597804856,0.008686422681880988,0.8,0.8,0.8,0.00468,"2317.TW,2345.TW,3017.TW,2454.TW,3037.TW",2026,7,5
2026-03-11,0.012057289738215453,0.009250158583586465,-0.006485150597804856,0.008686422681880988,0.47413469997126806,0.4741346999712682,0.4741346999712681,0.0027736879948319186,"2317.TW,2345.TW,3017.TW,2454.TW,3037.TW,2327.TW,3711.TW,1301.TW,6669.TW,2395.TW,1303.TW,9910.TW,2382.TW,3008.TW,1590.TW",2026,7,15
2026-03-11,0.007534887126976598,0.005131616485521073,-0.006485150597804856,0.008686422681880988,0.4077431953124696,0.4077431953124695,0.40774319531246955,0.002385297692577947,"2317.TW,2345.TW,3017.TW,2454.TW,3037.TW,2327.TW,3711.TW,1301.TW,6669.TW,2395.TW,1303.TW,9910.TW,2382.TW,3008.TW,1590.TW,2603.TW,2379.TW,2330.TW,2303.TW,2609.TW",2026,7,20
2026-03-11,0.01807034809033119,0.013901350014901448,-0.006485150597804856,0.008686422681880988,0.7,0.7000000000000001,0.7,0.0040950000000000005,"2317.TW,2345.TW,3017.TW,2454.TW,3037.TW,2327.TW,3711.TW,1301.TW,6669.TW,2395.TW",2026,7,10
2026-03-11,8.062028056599058e-05,-0.005769851348075283,-0.006485150597804856,0.008686422681880988,1.0,1.0,1.0,0.00585,"2317.TW,2345.TW,3017.TW",2026,7,3
2026-03-18,-0.014569011547506363,-0.019180828573464037,-0.003916344300362029,-0.007912889906212812,0.8,0.8,0.8,0.00468,"6669.TW,2308.TW,3037.TW,2207.TW,3231.TW",2026,7,5
2026-03-18,-0.004849531606540713,-0.007659495750354739,-0.003916344300362029,-0.007912889906212812,0.4826765060511616,0.4826765060511617,0.48267650605116164,0.002823657560399296,"6669.TW,2308.TW,3037.TW,2207.TW,3231.TW,2395.TW,2454.TW,3017.TW,2887.TW,2317.TW,1326.TW,2357.TW,3711.TW,2609.TW,2345.TW",2026,7,15
2026-03-18,-0.013001176728674952,-0.015392032764035668,-0.003916344300362029,-0.007912889906212812,0.4140768253636977,0.4140768253636977,0.4140768253636977,0.002422349428377632,"6669.TW,2308.TW,3037.TW,2207.TW,3231.TW,2395.TW,2454.TW,3017.TW,2887.TW,2317.TW,1326.TW,2357.TW,3711.TW,2609.TW,2345.TW,1303.TW,3034.TW,2412.TW,1301.TW,2603.TW",2026,7,20
2026-03-18,0.0025771564506215424,7.378887049180882e-05,-0.003916344300362029,-0.007912889906212812,0.42682608447658943,0.42682608447658943,0.42682608447658943,0.002496932594188048,"6669.TW,2308.TW,3037.TW,2207.TW,3231.TW,2395.TW,2454.TW,3017.TW,2887.TW,2317.TW",2026,7,10
2026-03-18,-0.029085297092251564,-0.0347651481042619,-0.003916344300362029,-0.007912889906212812,1.0,1.0,1.0,0.00585,"6669.TW,2308.TW,3037.TW",2026,7,3
2026-03-25,-0.0349339460804966,-0.04057958249592575,-0.00524254880766295,-0.001575132453024144,1.0,1.0,1.0,0.00585,"2408.TW,1326.TW,3017.TW",2026,7,3
2026-03-25,-0.009664081738116075,-0.011799480251091121,-0.00524254880766295,-0.001575132453024144,0.36858744603951976,0.3685874460395196,0.36858744603951965,0.00215623655933119,"2408.TW,1326.TW,3017.TW,3008.TW,2454.TW,1301.TW,9910.TW,2327.TW,2345.TW,1303.TW,4904.TW,3045.TW,2317.TW,6669.TW,3037.TW,2887.TW,3711.TW,2885.TW,2609.TW,2308.TW",2026,7,20
2026-03-25,-0.01409269452523574,-0.017271772588630885,-0.00524254880766295,-0.001575132453024144,0.5512000413945787,0.5512000413945787,0.5512000413945787,0.0032245202421582854,"2408.TW,1326.TW,3017.TW,3008.TW,2454.TW,1301.TW,9910.TW,2327.TW,2345.TW,1303.TW,4904.TW,3045.TW,2317.TW,6669.TW,3037.TW",2026,7,15
2026-03-25,-0.02058227605348195,-0.02519767898404479,-0.00524254880766295,-0.001575132453024144,0.8055375623887177,0.8055375623887178,0.8055375623887178,0.004712394739973999,"2408.TW,1326.TW,3017.TW,3008.TW,2454.TW,1301.TW,9910.TW,2327.TW,2345.TW,1303.TW",2026,7,10
2026-03-25,-0.03773607867596543,-0.04336532261571102,-0.00524254880766295,-0.001575132453024144,1.0,1.0,1.0,0.00585,"2408.TW,1326.TW,3017.TW,3008.TW,2454.TW",2026,7,5
2026-04-01,0.08748161936242263,0.08419527346163069,0.061923540303208124,0.032631866693765874,0.5165774943205396,0.5165774943205393,0.5165774943205395,0.0030219783417751557,"3017.TW,2345.TW,2308.TW,2408.TW,2454.TW,2357.TW,3037.TW,2327.TW,3711.TW,2891.TW",2026,7,10
2026-04-01,0.08554780789573183,0.08284743668287375,0.061923540303208124,0.032631866693765874,0.4252248619272428,0.4252248619272427,0.42522486192724274,0.00248756544227437,"3017.TW,2345.TW,2308.TW,2408.TW,2454.TW",2026,7,5
2026-04-01,0.05388771487706743,0.05164847638927417,0.061923540303208124,0.032631866693765874,0.3632035979504839,0.36320359795048374,0.36320359795048385,0.0021247410480103304,"3017.TW,2345.TW,2308.TW,2408.TW,2454.TW,2357.TW,3037.TW,2327.TW,3711.TW,2891.TW,6669.TW,2912.TW,2395.TW,3045.TW,2382.TW,2207.TW,2609.TW,2887.TW,5880.TW,1303.TW",2026,7,20
2026-04-01,0.06979285678106546,0.06678899516924508,0.061923540303208124,0.032631866693765874,0.47998134793145386,0.4799813479314541,0.47998134793145397,0.0028078908853990062,"3017.TW,2345.TW,2308.TW,2408.TW,2454.TW,2357.TW,3037.TW,2327.TW,3711.TW,2891.TW,6669.TW,2912.TW,2395.TW,3045.TW,2382.TW",2026,7,15
2026-04-01,0.10805329419719929,0.10373188634983022,0.061923540303208124,0.032631866693765874,0.6666666666666666,0.6666666666666667,0.6666666666666667,0.0039000000000000003,"3017.TW,2345.TW,2308.TW",2026,7,3
2026-04-10,0.02458357315215109,0.020878221974440336,0.04900754773222804,0.04415977477633417,0.6181958995912797,0.6181958995912795,0.6181958995912796,0.0036164460126089856,"3017.TW,2408.TW,3037.TW,3711.TW,9910.TW",2026,7,5
2026-04-10,0.004660843506716805,0.0006672896510773185,0.04900754773222804,0.04415977477633417,0.6794917739194646,0.6794917739194647,0.6794917739194646,0.003975026877428869,"3017.TW,2408.TW,3037.TW",2026,7,3
2026-04-10,0.04088835715541325,0.03807537430280816,0.04900754773222804,0.04415977477633417,0.4619628669785494,0.4619628669785494,0.4619628669785494,0.002702482771824514,"3017.TW,2408.TW,3037.TW,3711.TW,9910.TW,2303.TW,2345.TW,2395.TW,2308.TW,2207.TW,2883.TW,1101.TW,1303.TW,2317.TW,2379.TW,3045.TW,2886.TW,5876.TW,1102.TW,2609.TW",2026,7,20
2026-04-10,0.05423467162176588,0.050905446494650786,0.04900754773222804,0.04415977477633417,0.5398212823449263,0.5398212823449263,0.5398212823449263,0.0031579545017178193,"3017.TW,2408.TW,3037.TW,3711.TW,9910.TW,2303.TW,2345.TW,2395.TW,2308.TW,2207.TW,2883.TW,1101.TW,1303.TW,2317.TW,2379.TW",2026,7,15
2026-04-10,0.06947244274740053,0.06691083282118249,0.04900754773222804,0.04415977477633417,0.40943742088841695,0.40943742088841695,0.40943742088841695,0.002395208912197239,"3017.TW,2408.TW,3037.TW,3711.TW,9910.TW,2303.TW,2345.TW,2395.TW,2308.TW,2207.TW",2026,7,10
2026-04-17,0.06790264787136588,0.06530401322621993,0.09639258537318329,0.01872121996507803,0.41596586668056945,0.4159658666805695,0.41596586668056945,0.0024334003200813317,"2408.TW,3017.TW,3711.TW,2327.TW,3008.TW",2026,7,5
2026-04-17,0.07291164377575302,0.07028692039444717,0.09639258537318329,0.01872121996507803,0.4181804401825037,0.41818044018250344,0.41818044018250355,0.0024463555750676457,"2408.TW,3017.TW,3711.TW,2327.TW,3008.TW,2308.TW,2345.TW,3037.TW,1301.TW,2615.TW",2026,7,10
2026-04-17,0.03587772824722056,0.0327596773635519,0.09639258537318329,0.01872121996507803,0.5145396377585326,0.5145396377585326,0.5145396377585326,0.003010056880887416,"2408.TW,3017.TW,3711.TW,2327.TW,3008.TW,2308.TW,2345.TW,3037.TW,1301.TW,2615.TW,2330.TW,1326.TW,2887.TW,2891.TW,2603.TW,5880.TW,2883.TW,2886.TW,5876.TW,1102.TW",2026,7,20
2026-04-17,0.05329463514868039,0.04953853696314936,0.09639258537318329,0.01872121996507803,0.6095806856664919,0.6095806856664919,0.6095806856664919,0.0035660470111489777,"2408.TW,3017.TW,3711.TW,2327.TW,3008.TW,2308.TW,2345.TW,3037.TW,1301.TW,2615.TW,2330.TW,1326.TW,2887.TW,2891.TW,2603.TW",2026,7,15
2026-04-17,0.1409752601713084,0.13861334435904427,0.09639258537318329,0.01872121996507803,0.3538606898751551,0.35386068987515507,0.35386068987515507,0.0020700850357696574,"2408.TW,3017.TW,3711.TW",2026,7,3
2026-04-24,0.048000975511098304,0.04492303532230335,0.018338813211157934,0.017091894302369733,0.502044973536065,0.5020449735360649,0.502044973536065,0.00293696309518598,"2408.TW,2303.TW,2345.TW,1590.TW,9910.TW,3711.TW,3034.TW,2308.TW,1303.TW,3037.TW",2026,7,10
2026-04-24,0.1094722777091622,0.10497467318513731,0.018338813211157934,0.017091894302369733,0.6929612407671357,0.6929612407671357,0.6929612407671357,0.004053823258487744,"2408.TW,2303.TW,2345.TW",2026,7,3
2026-04-24,0.019835213386953085,0.0159291572625313,0.018338813211157934,0.017091894302369733,0.6547154803500483,0.654715480350048,0.6547154803500481,0.0038300855600477816,"2408.TW,2303.TW,2345.TW,1590.TW,9910.TW,3711.TW,3034.TW,2308.TW,1303.TW,3037.TW,3008.TW,2317.TW,5871.TW,3231.TW,3045.TW,2618.TW,2207.TW,2885.TW,2379.TW,5876.TW",2026,7,20
2026-04-24,0.06280117294397845,0.05780754792664511,0.018338813211157934,0.017091894302369733,0.8031710312377138,0.8031710312377136,0.8031710312377137,0.004698550532740625,"2408.TW,2303.TW,2345.TW,1590.TW,9910.TW",2026,7,5
2026-04-24,0.027925376645487627,0.024288230394272192,0.018338813211157934,0.017091894302369733,0.6048439079752234,0.6048439079752235,0.6048439079752235,0.0035383368616550576,"2408.TW,2303.TW,2345.TW,1590.TW,9910.TW,3711.TW,3034.TW,2308.TW,1303.TW,3037.TW,3008.TW,2317.TW,5871.TW,3231.TW,3045.TW",2026,7,15
2026-05-04,0.0639301544515513,0.06077652017501656,0.02595333525330168,0.054804437666070106,0.5066900116122279,0.5066900116122279,0.5066900116122279,0.0029641365679315334,"3037.TW,6669.TW,2454.TW,2303.TW,3017.TW,2308.TW,3711.TW,1590.TW,2880.TW,3008.TW",2026,7,10
2026-05-04,0.09582248158583823,0.09069403237201645,0.02595333525330168,0.054804437666070106,0.8,0.8,0.8,0.00468,"3037.TW,6669.TW,2454.TW,2303.TW,3017.TW",2026,7,5
2026-05-04,0.11660862019597187,0.11007645976782543,0.02595333525330168,0.054804437666070106,1.0,1.0,1.0,0.00585,"3037.TW,6669.TW,2454.TW",2026,7,3
2026-05-04,0.07591804982759649,0.07304449449752659,0.02595333525330168,0.054804437666070106,0.45654596036092016,0.4565459603609201,0.4565459603609201,0.0026707938681113826,"3037.TW,6669.TW,2454.TW,2303.TW,3017.TW,2308.TW,3711.TW,1590.TW,2880.TW,3008.TW,2345.TW,2330.TW,2408.TW,2379.TW,2887.TW,2883.TW,9910.TW,2317.TW,2884.TW,2327.TW",2026,7,20
2026-05-04,0.07231900367750446,0.06936802244420903,0.02595333525330168,0.054804437666070106,0.4704208679793832,0.47042086797938343,0.4704208679793833,0.002751962077679393,"3037.TW,6669.TW,2454.TW,2303.TW,3017.TW,2308.TW,3711.TW,1590.TW,2880.TW,3008.TW,2345.TW,2330.TW,2408.TW,2379.TW,2887.TW",2026,7,15
2026-05-11,-0.03259183026114997,-0.03494879504749315,-0.02581310513730195,-0.022216172768081844,0.416473600368939,0.41647360036893877,0.4164736003689389,0.0024363705621582923,"3037.TW,2345.TW,2454.TW,1326.TW,2303.TW",2026,7,5
2026-05-11,-0.0015756193087106615,-0.0036904749873926113,-0.02581310513730195,-0.022216172768081844,0.36208429823937066,0.3620842982393708,0.3620842982393707,0.002118193144700319,"3037.TW,2345.TW,2454.TW,1326.TW,2303.TW,3711.TW,1301.TW,3231.TW,2327.TW,6669.TW,3017.TW,5871.TW,2330.TW,2308.TW,3008.TW",2026,7,15
2026-05-11,-0.007038915692605412,-0.00893355951835939,-0.02581310513730195,-0.022216172768081844,0.3261665986346737,0.3261665986346738,0.32616659863467373,0.0019080746020128415,"3037.TW,2345.TW,2454.TW,1326.TW,2303.TW,3711.TW,1301.TW,3231.TW,2327.TW,6669.TW,3017.TW,5871.TW,2330.TW,2308.TW,3008.TW,1590.TW,2207.TW,2379.TW,2887.TW,2412.TW",2026,7,20
2026-05-11,-0.0886867284805779,-0.09064051825471131,-0.02581310513730195,-0.022216172768081844,0.3664833690117145,0.36648336901171474,0.36648336901171463,0.0021439277087185312,"3037.TW,2345.TW,2454.TW",2026,7,3
2026-05-11,-0.01715732932805457,-0.020085883684465067,-0.02581310513730195,-0.022216172768081844,0.5093466098191889,0.509346609819189,0.509346609819189,0.0029796776674422556,"3037.TW,2345.TW,2454.TW,1326.TW,2303.TW,3711.TW,1301.TW,3231.TW,2327.TW,6669.TW",2026,7,10
2026-05-18,0.0905221597748189,0.08682303933324809,0.07684149901153248,0.050978953680417334,0.5798399188339157,0.5798399188339157,0.5798399188339157,0.003392063525178407,"2408.TW,2454.TW,6669.TW,3711.TW,3017.TW,2308.TW,2395.TW,2303.TW,2883.TW,2357.TW,2382.TW,2885.TW,3037.TW,2603.TW,3034.TW,1590.TW,2345.TW,1303.TW,2882.TW,2892.TW",2026,7,20
2026-05-18,0.13513512579079437,0.13069550365263893,0.07684149901153248,0.050978953680417334,0.6685633718517692,0.6685633718517692,0.6685633718517692,0.00391109572533285,"2408.TW,2454.TW,6669.TW",2026,7,3
2026-05-18,0.1272331615470809,0.12313308187832561,0.07684149901153248,0.050978953680417334,0.6217598482318033,0.6217598482318032,0.6217598482318032,0.003637295112156049,"2408.TW,2454.TW,6669.TW,3711.TW,3017.TW,2308.TW,2395.TW,2303.TW,2883.TW,2357.TW",2026,7,10
2026-05-18,0.1516708877905426,0.14619571363417339,0.07684149901153248,0.050978953680417334,0.8126689804693299,0.81266898046933,0.8126689804693299,0.004754113535745581,"2408.TW,2454.TW,6669.TW,3711.TW,3017.TW",2026,7,5
2026-05-18,0.11519143901595572,0.1114922349026577,0.07684149901153248,0.050978953680417334,0.5670260381730676,0.5670260381730677,0.5670260381730676,0.0033171023233124464,"2408.TW,2454.TW,6669.TW,3711.TW,3017.TW,2308.TW,2395.TW,2303.TW,2883.TW,2357.TW,2382.TW,2885.TW,3037.TW,2603.TW,3034.TW",2026,7,15
2026-05-25,0.14982046050873404,0.145130222927768,0.04625993015716401,0.06183916648344927,0.6972827857712903,0.6972827857712904,0.6972827857712904,0.004079104296762049,"2303.TW,2408.TW,3008.TW",2026,7,3
2026-05-25,0.11637799208684041,0.11358768706677336,0.04625993015716401,0.06183916648344927,0.427252436438575,0.427252436438575,0.427252436438575,0.002499426753165664,"2303.TW,2408.TW,3008.TW,6669.TW,2454.TW",2026,7,5
2026-05-25,0.09173132681645912,0.08910226725649517,0.04625993015716401,0.06183916648344927,0.41165063193947865,0.41165063193947865,0.41165063193947865,0.00240815619684595,"2303.TW,2408.TW,3008.TW,6669.TW,2454.TW,2345.TW,2327.TW,2395.TW,2880.TW,2382.TW,1303.TW,2615.TW,2603.TW,3037.TW,3017.TW,2912.TW,2379.TW,3034.TW,1326.TW,2317.TW",2026,7,20
2026-05-25,0.09317817672910843,0.09052496731825621,0.04625993015716401,0.06183916648344927,0.41488211152200877,0.4148821115220089,0.4148821115220088,0.002427060352403752,"2303.TW,2408.TW,3008.TW,6669.TW,2454.TW,2345.TW,2327.TW,2395.TW,2880.TW,2382.TW,1303.TW,2615.TW,2603.TW,3037.TW,3017.TW",2026,7,15
2026-05-25,0.09467872653386061,0.09138668235652503,0.04625993015716401,0.06183916648344927,0.5140710062012495,0.5140710062012495,0.5140710062012495,0.0030073153862773096,"2303.TW,2408.TW,3008.TW,6669.TW,2454.TW,2345.TW,2327.TW,2395.TW,2880.TW,2382.TW",2026,7,10
2026-06-01,-0.04181162362724686,-0.044723527711235334,-0.039510867207358524,-0.015807905208203275,0.5194817576087257,0.519481757608726,0.5194817576087258,0.0030389682820110464,"3008.TW,2454.TW,2327.TW,2303.TW,1590.TW,3037.TW,2308.TW,6669.TW,2395.TW,2002.TW,2345.TW,3711.TW,2317.TW,2881.TW,2885.TW,5880.TW,2408.TW,5876.TW,1102.TW,2207.TW",2026,7,20
2026-06-01,-0.060511413869118284,-0.06284487004084116,-0.039510867207358524,-0.015807905208203275,0.4245729035606636,0.4245729035606637,0.42457290356066363,0.0024837514858298826,"3008.TW,2454.TW,2327.TW,2303.TW,1590.TW,3037.TW,2308.TW,6669.TW,2395.TW,2002.TW",2026,7,10
2026-06-01,-0.05716799315290677,-0.059513440118592165,-0.039510867207358524,-0.015807905208203275,0.42524129678850475,0.4252412967885048,0.42524129678850475,0.002487661586212753,"3008.TW,2454.TW,2327.TW,2303.TW,1590.TW",2026,7,5
2026-06-01,-0.04877839722197973,-0.051522041328726065,-0.039510867207358524,-0.015807905208203275,0.4930491393766797,0.49304913937667977,0.4930491393766797,0.0028843374653535767,"3008.TW,2454.TW,2327.TW,2303.TW,1590.TW,3037.TW,2308.TW,6669.TW,2395.TW,2002.TW,2345.TW,3711.TW,2317.TW,2881.TW,2885.TW",2026,7,15
2026-06-01,-0.04300644500174681,-0.047021664972953126,-0.039510867207358524,-0.015807905208203275,0.7172069076699892,0.7172069076699893,0.7172069076699892,0.004195660409869437,"3008.TW,2454.TW,2327.TW",2026,7,3
2026-06-08,0.05100081031507282,0.04690190715484399,0.03868758075039702,0.05711700741669994,0.6666666666666666,0.6666666666666667,0.6666666666666667,0.0039000000000000003,"3008.TW,3231.TW,2317.TW",2026,7,3
2026-06-08,0.06850998398483545,0.06350935725978646,0.03868758075039702,0.05711700741669994,0.8,0.7999999999999998,0.7999999999999999,0.004679999999999999,"3008.TW,3231.TW,2317.TW,2603.TW,1303.TW",2026,7,5
2026-06-08,0.0844242247868533,0.081312592039545,0.03868758075039702,0.05711700741669994,0.4904935002097376,0.49049350020973775,0.4904935002097377,0.002869386976226966,"3008.TW,3231.TW,2317.TW,2603.TW,1303.TW,2327.TW,1326.TW,3711.TW,2330.TW,2395.TW,2408.TW,2379.TW,6669.TW,2303.TW,2454.TW",2026,7,15
2026-06-08,0.066242193043121,0.06266004496670807,0.03868758075039702,0.05711700741669994,0.5742907272946843,0.5742907272946841,0.5742907272946842,0.0033596007546739023,"3008.TW,3231.TW,2317.TW,2603.TW,1303.TW,2327.TW,1326.TW,3711.TW,2330.TW,2395.TW,2408.TW,2379.TW,6669.TW,2303.TW,2454.TW,2357.TW,2609.TW,2382.TW,2618.TW,3034.TW",2026,7,20
2026-06-08,0.08408456688658966,0.07962572417382874,0.03868758075039702,0.05711700741669994,0.7030773786436937,0.7030773786436937,0.7030773786436937,0.004113002665065608,"3008.TW,3231.TW,2317.TW,2603.TW,1303.TW,2327.TW,1326.TW,3711.TW,2330.TW,2395.TW",2026,7,10
2026-06-15,-0.027801103078062606,-0.03172813855923773,0.018387521564249498,0.014357764148015635,0.6904843428289762,0.6904843428289764,0.6904843428289763,0.0040393334055495115,"2345.TW,3231.TW,2454.TW",2026,7,3
2026-06-15,-0.0018779543271299163,-0.006650377443476185,0.018387521564249498,0.014357764148015635,0.817333738738431,0.817333738738431,0.817333738738431,0.004781402371619821,"2345.TW,3231.TW,2454.TW,2883.TW,2327.TW",2026,7,5
2026-06-15,0.028208456988049087,0.024821950469702925,0.018387521564249498,0.014357764148015635,0.563008404766335,0.5630084047663348,0.5630084047663348,0.003293599167883059,"2345.TW,3231.TW,2454.TW,2883.TW,2327.TW,3017.TW,2408.TW,2882.TW,2379.TW,2891.TW,9910.TW,2303.TW,3037.TW,6669.TW,2881.TW,3711.TW,1590.TW,1301.TW,2885.TW,2317.TW",2026,7,20
2026-06-15,0.029132691626224894,0.025830869396339384,0.018387521564249498,0.014357764148015635,0.5484366214222535,0.5484366214222535,0.5484366214222535,0.0032083542353201827,"2345.TW,3231.TW,2454.TW,2883.TW,2327.TW,3017.TW,2408.TW,2882.TW,2379.TW,2891.TW,9910.TW,2303.TW,3037.TW,6669.TW,2881.TW",2026,7,15
2026-06-15,0.03988986222946129,0.03496247178443612,0.018387521564249498,0.014357764148015635,0.8099790136964529,0.809979013696453,0.8099790136964529,0.00473837723012425,"2345.TW,3231.TW,2454.TW,2883.TW,2327.TW,3017.TW,2408.TW,2882.TW,2379.TW,2891.TW",2026,7,10
2026-06-23,0.044175189210589896,0.03928621282443556,0.016666702475177875,0.01913083877430947,0.8003661337744454,0.8003661337744455,0.8003661337744454,0.004682141882580506,"6669.TW,2408.TW,3008.TW,2327.TW,1326.TW,2308.TW,4904.TW,2317.TW,3034.TW,1303.TW",2026,7,10
2026-06-23,-0.004501020957107915,-0.010324689984508861,0.016666702475177875,0.01913083877430947,1.0,1.0,1.0,0.00585,"6669.TW,2408.TW,3008.TW",2026,7,3
2026-06-23,0.04981963747640266,0.044906481573013135,0.016666702475177875,0.01913083877430947,0.8,0.7999999999999999,0.8,0.00468,"6669.TW,2408.TW,3008.TW,2327.TW,1326.TW",2026,7,5
2026-06-23,0.03717337864496162,0.034677572363450926,0.016666702475177875,0.01913083877430947,0.4113425596715494,0.41134255967154965,0.41134255967154953,0.002406353974078565,"6669.TW,2408.TW,3008.TW,2327.TW,1326.TW,2308.TW,4904.TW,2317.TW,3034.TW,1303.TW,2883.TW,2345.TW,2379.TW,2882.TW,1301.TW,2887.TW,2880.TW,2303.TW,2881.TW,3711.TW",2026,7,20
2026-06-23,0.03995499888051452,0.03665069805776655,0.016666702475177875,0.01913083877430947,0.5431367204218822,0.5431367204218824,0.5431367204218823,0.003177349814468012,"6669.TW,2408.TW,3008.TW,2327.TW,1326.TW,2308.TW,4904.TW,2317.TW,3034.TW,1303.TW,2883.TW,2345.TW,2379.TW,2882.TW,1301.TW",2026,7,15
2026-06-30,-0.03582528436887012,-0.038576120546747195,-0.030965415565910037,-0.010811205364629452,0.4877004124370881,0.4877004124370882,0.48770041243708817,0.002853047412756966,"2379.TW,1303.TW,2327.TW,3008.TW,2882.TW,9910.TW,2883.TW,2330.TW,2880.TW,2357.TW,2303.TW,2408.TW,2881.TW,3034.TW,2887.TW",2026,7,15
2026-06-30,-0.09277929972277246,-0.09609290891514544,-0.030965415565910037,-0.010811205364629452,0.6243562581851048,0.6243562581851045,0.6243562581851047,0.003652484110382862,"2379.TW,1303.TW,2327.TW,3008.TW,2882.TW",2026,7,5
2026-06-30,-0.03902469824389786,-0.04302568514240668,-0.030965415565910037,-0.010811205364629452,0.7117033945728414,0.7117033945728415,0.7117033945728415,0.0041634648582511225,"2379.TW,1303.TW,2327.TW,3008.TW,2882.TW,9910.TW,2883.TW,2330.TW,2880.TW,2357.TW",2026,7,10
2026-06-30,-0.10454307782425945,-0.10978150081898752,-0.030965415565910037,-0.010811205364629452,1.0,1.0,1.0,0.00585,"2379.TW,1303.TW,2327.TW",2026,7,3
2026-06-30,-0.021128359333778844,-0.02354049323457974,-0.030965415565910037,-0.010811205364629452,0.4212304904990973,0.4212304904990972,0.4212304904990972,0.0024641983694197187,"2379.TW,1303.TW,2327.TW,3008.TW,2882.TW,9910.TW,2883.TW,2330.TW,2880.TW,2357.TW,2303.TW,2408.TW,2881.TW,3034.TW,2887.TW,5876.TW,2891.TW,1590.TW,2886.TW,2885.TW",2026,7,20
2026-07-07,0.010855898472639694,0.007758615477138298,-0.010338317494389515,0.002439406651170286,0.5237641542192765,0.5237641542192765,0.5237641542192765,0.0030640203021827673,"3008.TW,2327.TW,1303.TW,3711.TW,3037.TW,2618.TW,2379.TW,3017.TW,2345.TW,2303.TW,1301.TW,2308.TW,3034.TW,2891.TW,2395.TW,2408.TW,2330.TW,1326.TW,1590.TW,2454.TW",2026,7,20
2026-07-07,0.06907475302112394,0.06632534736710083,-0.010338317494389515,0.002439406651170286,0.439617408562354,0.43961740856235393,0.439617408562354,0.002571761840089771,"3008.TW,2327.TW,1303.TW,3711.TW,3037.TW",2026,7,5
2026-07-07,0.011619244492103425,0.007929173889081875,-0.010338317494389515,0.002439406651170286,0.6235362791842564,0.6235362791842565,0.6235362791842565,0.0036476872332279007,"3008.TW,2327.TW,1303.TW,3711.TW,3037.TW,2618.TW,2379.TW,3017.TW,2345.TW,2303.TW,1301.TW,2308.TW,3034.TW,2891.TW,2395.TW",2026,7,15
2026-07-07,0.0945833111099729,0.09211407640252478,-0.010338317494389515,0.002439406651170286,0.3856183432529859,0.38561834325298594,0.38561834325298594,0.002255867308029968,"3008.TW,2327.TW,1303.TW",2026,7,3
2026-07-07,0.020774734478786628,0.01700540956307428,-0.010338317494389515,0.002439406651170286,0.6312157067150591,0.631215706715059,0.631215706715059,0.0036926118842830957,"3008.TW,2327.TW,1303.TW,3711.TW,3037.TW,2618.TW,2379.TW,3017.TW,2345.TW,2303.TW",2026,7,10
2026-07-14,-0.007989742032682948,-0.01111158785414379,-0.0015584011850569013,0.011697641089489721,0.5379469154511062,0.5379469154511061,0.5379469154511061,0.0031469894553889707,"3711.TW,2345.TW,3017.TW,2885.TW,2883.TW,2327.TW,2884.TW,2379.TW,2330.TW,2887.TW",2026,7,10
2026-07-14,0.02828452876976465,0.02226906427646158,-0.0015584011850569013,0.011697641089489721,1.0,1.0,1.0,0.00585,"3711.TW,2345.TW,3017.TW",2026,7,3
2026-07-14,-0.0017527573210879559,-0.005391581983747229,-0.0015584011850569013,0.011697641089489721,0.6231134765642168,0.623113476564217,0.6231134765642169,0.003645213837900669,"3711.TW,2345.TW,3017.TW,2885.TW,2883.TW,2327.TW,2884.TW,2379.TW,2330.TW,2887.TW,2615.TW,1216.TW,2881.TW,1326.TW,3037.TW",2026,7,15
2026-07-14,0.0006678511035057336,-0.004056697657851993,-0.0015584011850569013,0.011697641089489721,0.8070761661734569,0.8070761661734567,0.8070761661734568,0.004721395572114722,"3711.TW,2345.TW,3017.TW,2885.TW,2883.TW",2026,7,5
2026-07-14,-0.005983974401481831,-0.00901517081587977,-0.0015584011850569013,0.011697641089489721,0.5212725146140825,0.5212725146140823,0.5212725146140824,0.003049444210492382,"3711.TW,2345.TW,3017.TW,2885.TW,2883.TW,2327.TW,2884.TW,2379.TW,2330.TW,2887.TW,2615.TW,1216.TW,2881.TW,1326.TW,3037.TW,2454.TW,1303.TW,5880.TW,2382.TW,2892.TW",2026,7,20
2026-07-21,-0.18341941759616592,-0.18819641400322829,-0.07224883303117524,-0.030656034378415527,1.0,1.0,1.0,0.00585,"1301.TW,2303.TW,2327.TW",2026,7,3
2026-07-21,-0.11387957799146257,-0.11704279016380226,-0.07224883303117524,-0.030656034378415527,0.6102105492999971,0.6102105492999972,0.6102105492999972,0.0035697317134049836,"1301.TW,2303.TW,2327.TW,1326.TW,3008.TW,3037.TW,1303.TW,2408.TW,5880.TW,2887.TW,2379.TW,2454.TW,2308.TW,3711.TW,5876.TW",2026,7,15
2026-07-21,-0.09003559652420266,-0.0922582294928741,-0.07224883303117524,-0.030656034378415527,0.41752980462829087,0.4175298046282909,0.4175298046282909,0.002442549357075502,"1301.TW,2303.TW,2327.TW,1326.TW,3008.TW,3037.TW,1303.TW,2408.TW,5880.TW,2887.TW,2379.TW,2454.TW,2308.TW,3711.TW,5876.TW,2345.TW,2382.TW,2618.TW,2883.TW,2886.TW",2026,7,20
2026-07-21,-0.1387237770073666,-0.14376224291187356,-0.07224883303117524,-0.030656034378415527,1.0,0.9999999999999999,1.0,0.005849999999999999,"1301.TW,2303.TW,2327.TW,1326.TW,3008.TW",2026,7,5
2026-07-21,-0.11581518587070348,-0.12000652439229365,-0.07224883303117524,-0.030656034378415527,0.8103148933340284,0.8103148933340285,0.8103148933340285,0.004740342126004066,"1301.TW,2303.TW,2327.TW,1326.TW,3008.TW,3037.TW,1303.TW,2408.TW,5880.TW,2887.TW",2026,7,10
2026-07-28,0.18518453338907456,0.17825120386874826,0.07013928072001963,0.05777374142641909,1.0,1.0,1.0,0.00585,"6669.TW,2395.TW,2408.TW,1303.TW,3037.TW",2026,7,5
2026-07-28,0.12762384395610377,0.12421683533246863,0.07013928072001963,0.05777374142641909,0.5164795331708918,0.5164795331708918,0.5164795331708918,0.003021405269049717,"6669.TW,2395.TW,2408.TW,1303.TW,3037.TW,1301.TW,1326.TW,3017.TW,2345.TW,1590.TW",2026,7,10
2026-07-28,0.12519440487757766,0.12259486568799782,0.07013928072001963,0.05777374142641909,0.39492346523071276,0.39492346523071276,0.39492346523071276,0.0023103022715996696,"6669.TW,2395.TW,2408.TW,1303.TW,3037.TW,1301.TW,1326.TW,3017.TW,2345.TW,1590.TW,3711.TW,3008.TW,2454.TW,2308.TW,2303.TW,2327.TW,3034.TW,3231.TW,2317.TW,5880.TW",2026,7,20
2026-07-28,0.1376200791011482,0.13516736498827941,0.07013928072001963,0.05777374142641909,0.36854779326014137,0.3685477932601415,0.3685477932601414,0.0021560045905718275,"6669.TW,2395.TW,2408.TW,1303.TW,3037.TW,1301.TW,1326.TW,3017.TW,2345.TW,1590.TW,3711.TW,3008.TW,2454.TW,2308.TW,2303.TW",2026,7,15
2026-07-28,0.15639910054667167,0.14963416580847366,0.07013928072001963,0.05777374142641909,1.0,1.0,1.0,0.00585,"6669.TW,2395.TW,2408.TW",2026,7,3
2026-08-04,0.00491723339626733,-0.0009615324191009078,0.012048192771084265,0.004835138411185585,1.0,1.0,1.0,0.00585,"2308.TW,2379.TW,2303.TW,2892.TW,2382.TW",2026,7,5
2026-08-04,0.012462519781264602,0.008812352560636505,0.012048192771084265,0.004835138411185585,0.6162798093397077,0.6162798093397076,0.6162798093397077,0.00360523688463729,"2308.TW,2379.TW,2303.TW,2892.TW,2382.TW,5880.TW,2886.TW,1326.TW,2330.TW,2327.TW,2357.TW,3711.TW,1303.TW,2395.TW,2884.TW",2026,7,15
2026-08-04,-0.005486456268335349,-0.01080522277832252,0.012048192771084265,0.004835138411185585,0.9142066109995388,0.9142066109995387,0.9142066109995388,0.005348108674347301,"2308.TW,2379.TW,2303.TW,2892.TW,2382.TW,5880.TW,2886.TW,1326.TW,2330.TW,2327.TW",2026,7,10
2026-08-04,0.006313915053038089,0.003802845082278239,0.012048192771084265,0.004835138411185585,0.4265495325301166,0.42654953253011657,0.4265495325301166,0.002495314765301182,"2308.TW,2379.TW,2303.TW,2892.TW,2382.TW,5880.TW,2886.TW,1326.TW,2330.TW,2327.TW,2357.TW,3711.TW,1303.TW,2395.TW,2884.TW,2207.TW,3231.TW,1301.TW,1590.TW,2454.TW",2026,7,20
2026-08-04,0.009398436461895199,0.0034934556085930435,0.012048192771084265,0.004835138411185585,1.0,1.0,1.0,0.00585,"2308.TW,2379.TW,2303.TW",2026,7,3
2026-08-11,-0.004368985758400182,-0.00716716988376398,-0.01857139950706843,-0.0012201233670598333,0.4804210253294535,0.48042102532945363,0.4804210253294536,0.0028104629981773035,"3017.TW,2454.TW,3231.TW,2303.TW,2892.TW,2345.TW,1590.TW,5880.TW,3037.TW,2395.TW,2357.TW,1326.TW,1303.TW,2327.TW,2618.TW",2026,7,15
2026-08-11,-0.00405136297230058,-0.005897419828013284,-0.01857139950706843,-0.0012201233670598333,0.31684894456262547,0.31684894456262536,0.3168489445626254,0.0018535663256913585,"3017.TW,2454.TW,3231.TW,2303.TW,2892.TW,2345.TW,1590.TW,5880.TW,3037.TW,2395.TW,2357.TW,1326.TW,1303.TW,2327.TW,2618.TW,2880.TW,2408.TW,1301.TW,2886.TW,2884.TW",2026,7,20
2026-08-11,-0.018416174033123726,-0.021969203018416095,-0.01857139950706843,-0.0012201233670598333,0.6187503970972739,0.6187503970972739,0.6187503970972739,0.003619689823019052,"3017.TW,2454.TW,3231.TW,2303.TW,2892.TW",2026,7,5
2026-08-11,-0.0037884884293906997,-0.007936352049492612,-0.01857139950706843,-0.0012201233670598333,0.7117329081440513,0.7117329081440513,0.7117329081440513,0.0041636375126427,"3017.TW,2454.TW,3231.TW,2303.TW,2892.TW,2345.TW,1590.TW,5880.TW,3037.TW,2395.TW",2026,7,10
2026-08-11,-0.01869741006011801,-0.024438030211266337,-0.01857139950706843,-0.0012201233670598333,1.0,1.0,1.0,0.00585,"3017.TW,2454.TW,3231.TW",2026,7,3
2026-08-18,-0.0013440721180773734,-0.00718620929618663,0.010189183806582847,0.0243706470603212,1.0,1.0,1.0,0.00585,"2327.TW,2408.TW,2885.TW",2026,7,3
2026-08-18,0.013779063975530392,0.010125429697352528,0.010189183806582847,0.0243706470603212,0.6160640816702541,0.6160640816702541,0.6160640816702541,0.0036039748777709863,"2327.TW,2408.TW,2885.TW,2454.TW,2303.TW",2026,7,5
2026-08-18,0.012260591138395605,0.008051128768326699,0.010189183806582847,0.0243706470603212,0.7108507664973379,0.7108507664973378,0.7108507664973378,0.004158476984009426,"2327.TW,2408.TW,2885.TW,2454.TW,2303.TW,3017.TW,6669.TW,2317.TW,2883.TW,3711.TW",2026,7,10
2026-08-18,0.00754290985810057,0.005068429757636883,0.010189183806582847,0.0243706470603212,0.4198213765614036,0.4198213765614036,0.4198213765614036,0.002455955052884211,"2327.TW,2408.TW,2885.TW,2454.TW,2303.TW,3017.TW,6669.TW,2317.TW,2883.TW,3711.TW,2357.TW,2345.TW,3231.TW,2395.TW,3037.TW",2026,7,15
2026-08-18,0.008294199303134974,0.005253241949226606,0.010189183806582847,0.0243706470603212,0.5155457308572465,0.5155457308572464,0.5155457308572464,0.0030159425255148918,"2327.TW,2408.TW,2885.TW,2454.TW,2303.TW,3017.TW,6669.TW,2317.TW,2883.TW,3711.TW,2357.TW,2345.TW,3231.TW,2395.TW,3037.TW,2308.TW,1101.TW,9910.TW,2379.TW,2887.TW",2026,7,20
