date,ic,top_alpha,bottom_alpha,spread,year,seed
2018-01-02,0.17949437491490922,0.008846039819177396,0.023211079843532226,-0.01436504002435483,2018,8765
2018-01-03,0.021378096386966167,0.0012227117108848137,-0.00772060584288022,0.008943317553765033,2018,8765
2018-01-04,0.24122448979591837,-0.013037775831044214,-0.027508243028900994,0.01447046719785678,2018,8765
2018-01-05,0.29097681072760867,0.0020210847883592852,-0.020729251656875076,0.02275033644523436,2018,8765
2018-01-08,-0.03857142857142857,-0.006550494243214732,-0.009508243089188913,0.002957748845974181,2018,8765
2018-01-09,0.09551020408163266,0.014059965410177696,-0.004389134273799339,0.018449099683977035,2018,8765
2018-01-10,0.11877551020408163,-0.010386618661368105,-0.0017508505830329873,-0.008635768078335118,2018,8765
2018-01-11,0.09551264065966747,-0.008486107596357163,-0.005715589723668023,-0.00277051787268914,2018,8765
2018-01-12,-0.04795918367346939,-0.014860120408352063,-0.008252236982624327,-0.006607883425727736,2018,8765
2018-01-15,0.11489795918367346,0.003202023399315338,-0.008841628404953863,0.0120436518042692,2018,8765
2018-01-16,-0.11285714285714284,-0.020977110370242538,-0.01217764081580872,-0.008799469554433819,2018,8765
2018-01-17,0.38750988558235805,0.00536597469145846,-0.04288568878537781,0.04825166347683627,2018,8765
2018-01-18,-0.034591836734693876,-0.019368123611789783,-0.00984228152247086,-0.009525842089318923,2018,8765
2018-01-19,0.06530612244897958,-3.345592937325442e-05,0.00025387196636818114,-0.00028732789574143554,2018,8765
2018-01-22,0.2620408163265306,0.005648189579454405,-0.013133312846850523,0.018781502426304927,2018,8765
2018-01-23,0.00836734693877551,0.011594221799304891,-4.6813501297772296e-05,0.011641035300602664,2018,8765
2018-01-24,0.39358146904309543,0.008868933170421553,-0.015495503876841312,0.024364437047262863,2018,8765
2018-01-25,0.27428571428571424,0.008673780617277046,-0.01854082265294789,0.027214603270224937,2018,8765
2018-01-26,0.41081632653061223,0.009462843969115663,0.0060541661558463815,0.0034086778132692815,2018,8765
2018-01-29,0.11622448979591835,0.007442288617561823,0.010516120424400692,-0.003073831806838869,2018,8765
2018-01-30,0.316138578498903,0.010131564926598316,-0.0015557291880046423,0.011687294114602958,2018,8765
2018-01-31,0.12959183673469385,-0.004845538326406662,-0.008937435785935878,0.004091897459529216,2018,8765
2018-02-01,0.05479591836734694,-0.00626331298924734,-0.014349541720939447,0.008086228731692107,2018,8765
2018-02-02,0.012653061224489795,0.01514338979189964,0.003409495812245601,0.011733893979654039,2018,8765
2018-02-05,0.2714110783754307,0.008418656149874804,-0.03178814775546836,0.04020680390534316,2018,8765
2018-02-06,-0.29129150768318524,0.004509665779852501,0.015613920108561375,-0.011104254328708874,2018,8765
2018-02-07,-0.03270108043217287,-0.003039976712460224,-0.005242217153836948,0.002202240441376724,2018,8765
2018-02-08,0.372484993997599,0.025240922890733243,-0.018931468424635924,0.04417239131536917,2018,8765
2018-02-09,0.4094597839135654,0.015589460983568037,-0.0010308645620084045,0.016620325545576443,2018,8765
2018-02-12,0.032220888355342134,0.004653968587634771,0.00458972544343037,6.424314420440131e-05,2018,8765
2018-02-21,-0.027322929171668665,-0.00562275845265493,-0.0012673150413632151,-0.004355443411291715,2018,8765
2018-02-22,-0.0006242496998799519,-0.01888627819769805,-0.0020805738087210646,-0.016805704388976984,2018,8765
2018-02-23,0.3496278511404562,0.01943867300651908,-0.0017694117604935334,0.021208084767012615,2018,8765
2018-02-26,0.2186314525810324,0.014668742084683394,0.003025510847968105,0.01164323123671529,2018,8765
2018-02-27,-0.03591922976376896,0.00028267346122525796,-0.0022381710379424267,0.0025208444991676846,2018,8765
2018-03-01,0.3196638655462184,-0.0012075755348719963,-0.01187553143722958,0.010667955902357584,2018,8765
2018-03-02,-0.0012004801920768309,-0.010218435423210936,-0.0024999707887518262,-0.00771846463445911,2018,8765
2018-03-05,0.09387755102040815,-0.001905708379686355,-0.013903525851165966,0.011997817471479611,2018,8765
2018-03-06,-0.02689140196217997,0.0036687061330474167,0.013007696774813293,-0.009338990641765875,2018,8765
2018-03-07,0.2051860744297719,0.014928140279737278,-0.011639312253337341,0.026567452533074618,2018,8765
2018-03-08,0.06160864345738295,0.013925220683258143,0.004177535908667785,0.009747684774590358,2018,8765
2018-03-09,0.07587216982186491,0.0026100653220804126,-0.010209559319563456,0.012819624641643868,2018,8765
2018-03-12,0.24951379392051276,0.007813456435271492,-0.001657400483510796,0.009470856918782288,2018,8765
2018-03-13,-0.010900360144057623,0.009274646882897974,0.011180645992420501,-0.0019059991095225267,2018,8765
2018-03-14,-0.08000192083748543,0.005146716188696365,0.022348074681944764,-0.0172013584932484,2018,8765
2018-03-15,-0.31150060024009607,-0.006832902075184488,0.03541018450220958,-0.04224308657739406,2018,8765
2018-03-16,0.06982160438037442,0.007763591935067449,0.013736352459445943,-0.005972760524378494,2018,8765
2018-03-19,0.07078201159330944,-0.008496997122952344,-0.00506812597691193,-0.0034288711460404133,2018,8765
2018-03-20,-0.04192076830732293,-0.003982282068497411,-0.01182114031942747,0.007838858250930059,2018,8765
2018-03-21,0.12403361344537814,6.702440650492303e-05,-0.0039983156935951,0.0040653401001000235,2018,8765
2018-03-22,-0.003985594237695078,-0.00413542929989189,0.0041278814972433246,-0.008263310797135215,2018,8765
2018-03-23,-0.026938775510204082,-0.003373838438678378,0.001953861083189157,-0.005327699521867535,2018,8765
2018-03-26,0.1051645898163824,0.009105447905242703,-0.00807946332277879,0.017184911228021495,2018,8765
2018-03-27,-0.11020408163265305,0.005243130601706081,0.012705101765807868,-0.007461971164101787,2018,8765
2018-03-28,-0.006532180783949015,-0.007561602258977096,0.0006743876744166766,-0.008235989933393773,2018,8765
2018-03-29,0.36480192076830736,0.012042861332574251,-0.0031732786569040328,0.015216139989478284,2018,8765
2018-03-30,0.33839135654261704,0.01771519953107272,0.003622856783078199,0.014092342747994523,2018,8765
2018-04-02,-0.008787515006002401,0.012042382845477217,0.017033911506567346,-0.004991528661090129,2018,8765
2018-04-03,0.1316206482593037,-0.00044141461319079366,0.0084610329114308,-0.008902447524621594,2018,8765
2018-04-09,0.1830536147854108,0.031557454455235986,0.0013018722462306066,0.03025558220900538,2018,8765
2018-04-10,-0.11448053978185188,0.007420674615984957,0.01824873171469512,-0.010828057098710164,2018,8765
2018-04-11,-0.16548213618773297,-0.0009065482834911709,0.021857269235963418,-0.02276381751945459,2018,8765
2018-04-12,-0.06016951189037769,0.0038286446957326746,0.0383047725169053,-0.034476127821172625,2018,8765
2018-04-13,0.04067226890756302,0.010427773585316647,0.04871955006710292,-0.03829177648178628,2018,8765
2018-04-16,0.2619447779111645,0.022015603899209424,0.03655609711666445,-0.014540493217455028,2018,8765
2018-04-17,0.1513121563979091,0.020904612882304018,0.020018669979341486,0.0008859429029625318,2018,8765
2018-04-18,0.3555907705891834,0.03778207061008727,-0.02467998013321928,0.06246205074330655,2018,8765
2018-04-19,0.2638655462184874,0.00298276221451822,-0.034203532790668525,0.03718629500518675,2018,8765
2018-04-20,-0.004609954622087996,-0.02183107697163713,-0.015102960006430133,-0.006728116965206997,2018,8765
2018-04-23,0.2619030469673742,0.007918305358294875,-0.03388420656841884,0.04180251192671371,2018,8765
2018-04-24,0.30079953909124174,0.01473345114783503,-0.0036789487597721493,0.01841239990760718,2018,8765
2018-04-25,0.03615846338535413,0.009706691379319921,0.008551981565946965,0.001154709813372956,2018,8765
2018-04-26,-0.0050420168067226885,-0.0017318213574020747,0.014308369103426144,-0.01604019046082822,2018,8765
2018-04-27,0.16840740478815208,0.019820624639881344,-0.0014901405083944663,0.02131076514827581,2018,8765
2018-04-30,0.04057623049219687,0.010949089369346498,0.023044531064695485,-0.012095441695348987,2018,8765
2018-05-02,-0.09599039615846339,-0.004825057786243092,0.017945627521934192,-0.022770685308177285,2018,8765
2018-05-03,0.0546938775510204,-0.0007237653547723433,0.004655229755370127,-0.00537899511014247,2018,8765
2018-05-04,-0.16225690276110444,-0.011000403791278401,0.015524991667723165,-0.026525395459001566,2018,8765
2018-05-07,0.00312124849939976,-0.0034329934003010766,-0.0069020843027511655,0.003469090902450089,2018,8765
2018-05-08,-0.23357103418579175,-0.01480264979860194,0.0171898293140741,-0.03199247911267604,2018,8765
2018-05-09,-0.2573349339735894,-0.021411175088114232,0.01988536595696,-0.04129654104507423,2018,8765
2018-05-10,-0.3513565426170468,-0.008330263361314372,0.032857356528496265,-0.04118761988981064,2018,8765
2018-05-11,-0.14262047112084736,-0.0066134199765408574,0.002323734639966946,-0.008937154616507802,2018,8765
2018-05-14,0.14756302521008402,0.0072938252665533995,-0.004196092188721623,0.011489917455275021,2018,8765
2018-05-15,0.1545738295318127,0.014766252984565464,-0.00657739541125858,0.021343648395824043,2018,8765
2018-05-16,0.1741656662665066,0.009763438699141213,-0.003233644290573723,0.012997082989714935,2018,8765
2018-05-17,0.25474189675870346,0.008916913482006983,-0.008879322538563128,0.01779623602057011,2018,8765
2018-05-18,0.3496278511404562,0.02393081568601042,-0.011601740107781677,0.035532555793792095,2018,8765
2018-05-21,0.3335974454129719,0.011852211192968398,-0.010902190328851013,0.02275440152181941,2018,8765
2018-05-22,0.1491992605294521,0.0027161286806493324,-0.0007828502695419904,0.003498978950191323,2018,8765
2018-05-23,-0.02069627851140456,-0.0033891053619810375,0.0005925971508244365,-0.003981702512805474,2018,8765
2018-05-24,0.20316926770708282,-0.001642368879552658,-0.004135702423806264,0.002493333544253606,2018,8765
2018-05-25,0.22343337334933971,0.010079024213383414,0.0011040069492911364,0.008975017264092278,2018,8765
2018-05-28,0.1288355342136855,0.002071685902910647,-0.0041331716166356,0.006204857519546247,2018,8765
2018-05-29,0.040384153661464584,0.014492894296050818,0.003822096930412322,0.010670797365638496,2018,8765
2018-05-30,0.05939975990396158,0.0021295276508120466,0.001680763900777127,0.0004487637500349196,2018,8765
2018-05-31,0.1274909963985594,0.0034022261918393304,-0.0017799918464776131,0.005182218038316944,2018,8765
2018-06-01,-0.09191097027787941,0.003774740451741543,0.0318152244195651,-0.02804048396782356,2018,8765
2018-06-04,0.07265306122448979,0.00043716272023562873,0.008767499375324606,-0.008330336655088977,2018,8765
2018-06-05,0.14554621848739496,0.006303262179530178,-0.001154316824520507,0.007457579004050685,2018,8765
2018-06-06,0.221613964384751,0.019605975494744254,0.0106937910584183,0.008912184436325953,2018,8765
2018-06-07,0.21162064825930374,0.02047908657430214,-0.009083823665838552,0.029562910240140693,2018,8765
2018-06-08,0.1833853541416567,0.017299109664912448,-0.022105832755527875,0.03940494242044032,2018,8765
2018-06-11,0.09277533676952089,-0.005812526670379126,-0.0165034686588189,0.010690941988439773,2018,8765
2018-06-12,-0.21834333733493394,-0.009019476429756123,0.003468999986993071,-0.012488476416749194,2018,8765
2018-06-13,0.050660264105642255,0.0016628565161199594,-0.0030934524288102282,0.004756308944930188,2018,8765
2018-06-14,0.011284513805522207,-0.01634072037544576,-0.014184169052369845,-0.0021565513230759163,2018,8765
2018-06-15,0.07563025210084032,-0.015467536305084595,-0.01814719066900806,0.002679654363923466,2018,8765
2018-06-19,-0.24417767106842736,-0.030539434931555053,-0.0021711175255788363,-0.028368317405976215,2018,8765
2018-06-20,-0.46704602765029,-0.015864319852523456,0.006970339099606449,-0.022834658952129903,2018,8765
2018-06-21,-0.07932963578843091,0.006226767916498344,-0.002034618483002493,0.008261386399500836,2018,8765
2018-06-22,-0.06333733493397359,0.004399457872836421,0.007730631095627683,-0.0033311732227912618,2018,8765
2018-06-25,-0.02862013494546297,0.02298188162798014,0.007567906208980768,0.015413975418999372,2018,8765
2018-06-26,-0.15097601387338183,-0.004756220391379263,0.014348936453336004,-0.019105156844715268,2018,8765
2018-06-27,-0.01997647002904798,-0.00621484778328355,0.007253516830326001,-0.013468364613609552,2018,8765
2018-06-28,0.030252827207452468,-0.013528898641693432,0.0007656509532647182,-0.01429454959495815,2018,8765
2018-06-29,-0.2533973589435774,-0.008246744495701442,0.008187595737615416,-0.016434340233316858,2018,8765
2018-07-02,0.07279886674047292,-0.015605159112880195,-0.018924490279059025,0.0033193311661788294,2018,8765
2018-07-03,0.057478991596638655,-0.002668489237664817,0.0003954602990588363,-0.003063949536723653,2018,8765
2018-07-04,-0.16148859543817526,-0.013666863316792033,0.001321855206581024,-0.014988718523373057,2018,8765
2018-07-05,0.15534213685474188,0.006870732454895079,-0.0013869121079354563,0.008257644562830535,2018,8765
2018-07-06,-0.06333733493397359,0.005943764511015115,0.00661559349621822,-0.000671828985203105,2018,8765
2018-07-09,-0.11183673469387755,0.009353402532228595,0.010123054390262698,-0.0007696518580341035,2018,8765
2018-07-10,-0.04067226890756302,-0.0005223185837968658,0.0147179870292656,-0.015240305613062466,2018,8765
2018-07-11,-0.24010180323374977,-0.01594943963452696,0.013184114946581182,-0.029133554581108143,2018,8765
2018-07-12,-0.06237695078031212,-0.00016126279249883968,0.0151787336400809,-0.01533999643257974,2018,8765
2018-07-13,0.27567827130852335,0.013940447898938158,-0.02096278202350661,0.03490322992244477,2018,8765
2018-07-16,-0.20019688353630055,-0.01320083156100994,-0.00735758758425673,-0.005843243976753209,2018,8765
2018-07-17,-0.006290516206482593,-0.028415572217332097,-0.033265731447899946,0.004850159230567849,2018,8765
2018-07-18,0.1433373349339736,-0.03310168943301307,-0.030726289328961265,-0.0023754001040518086,2018,8765
2018-07-19,0.0640096038415366,0.004152979146957436,-0.0073049528782646814,0.011457932025222117,2018,8765
2018-07-20,0.506938775510204,0.04850852254914023,-0.01366934768721112,0.06217787023635135,2018,8765
2018-07-23,0.2397656607092225,0.026455546331246405,-0.00539517465476026,0.031850720986006664,2018,8765
2018-07-24,0.02444177671068427,0.0010421535513906234,-0.004425265610851381,0.005467419162242004,2018,8765
2018-07-25,0.24782713085234095,0.00624631188755963,-0.031652701024530105,0.03789901291208973,2018,8765
2018-07-26,0.01752701080432173,-0.005505592509687929,-0.01994247005576767,0.01443687754607974,2018,8765
2018-07-27,0.1406482593037215,0.0034534583783740304,-0.029845744304728028,0.03329920268310206,2018,8765
2018-07-30,0.033326130288844465,-0.003190137877582988,-0.0029175317992298556,-0.00027260607835313247,2018,8765
2018-07-31,-0.061225959824606185,-0.00998762358720744,0.0013056484779362387,-0.011293272065143679,2018,8765
2018-08-01,0.07217286914765905,-0.015623826491181747,-0.003212084581839458,-0.01241174190934229,2018,8765
2018-08-02,-0.1524609843937575,-0.016236344641086108,0.00969519982839242,-0.025931544469478526,2018,8765
2018-08-03,-0.12009603841536615,-0.01933995434441772,-0.001572752066622929,-0.01776720227779479,2018,8765
2018-08-06,0.07865735073937641,-0.002674311025741216,0.009624731427422806,-0.012299042453164023,2018,8765
2018-08-07,0.30036735584542096,0.01991879870216897,-0.018446990808494525,0.038365789510663495,2018,8765
2018-08-08,0.15812725090036014,0.014054105176143583,0.012013524127123199,0.0020405810490203846,2018,8765
2018-08-09,0.013877884226910735,0.010767818269462626,0.008251726838117446,0.00251609143134518,2018,8765
2018-08-10,0.13363745498199278,0.008285633870260578,-0.00918693404417742,0.017472567914438,2018,8765
2018-08-13,-0.07044417767106842,-0.0001795279859382104,-0.0012161337055280664,0.001036605719589856,2018,8765
2018-08-14,0.02823597206028897,-0.0029819100412069146,-0.004124554294313565,0.0011426442531066502,2018,8765
2018-08-15,0.47409363745498195,0.03271343129235529,-0.0037557446773041404,0.03646917596965943,2018,8765
2018-08-16,0.08917166866746698,0.007518113737809418,-0.009220817138380522,0.01673893087618994,2018,8765
2018-08-17,0.19827130852340935,0.008836541242947504,-0.0033987911604537622,0.012235332403401265,2018,8765
2018-08-20,0.20547418967587033,0.00652450903650359,-0.00829508026207717,0.01481958929858076,2018,8765
2018-08-21,0.24711277588817523,0.009261018546065813,-0.008935128956196813,0.018196147502262627,2018,8765
2018-08-22,0.2573891330665798,0.013429290282347184,-0.007649593472403638,0.02107888375475082,2018,8765
2018-08-23,0.005618382195669744,0.01725397252528743,-0.006238352041169714,0.023492324566457147,2018,8765
2018-08-24,0.1799279711884754,0.011410449979277449,-0.02222528710388245,0.0336357370831599,2018,8765
2018-08-27,0.19942855776595256,-0.009377409540141168,-0.014998773830998013,0.005621364290856846,2018,8765
2018-08-28,-0.05651860744297719,-0.00683934545039575,0.01606097842757016,-0.02290032387796591,2018,8765
2018-08-29,0.022040816326530613,-0.008947925848371119,-0.0005368261297963861,-0.008411099718574733,2018,8765
2018-08-30,-0.2696278511404562,-0.00597363701499819,0.0041958701384329665,-0.010169507153431156,2018,8765
2018-08-31,0.0805282112845138,-0.022949067541394075,-0.017004646636055422,-0.005944420905338654,2018,8765
2018-09-03,-0.26127250900360144,-0.004534342073299636,-0.0036503804245841542,-0.0008839616487154815,2018,8765
2018-09-04,0.11740696278511403,-0.019329272396332697,-0.02468896418104046,0.005359691784707764,2018,8765
2018-09-05,0.23217286914765903,-0.010254334057760828,-0.0316903336728515,0.02143599961509067,2018,8765
2018-09-06,0.02885954381752701,-0.017922994490274412,-0.0204303020870777,0.0025073075968032876,2018,8765
2018-09-07,-0.11452581032412965,-0.014820695392438354,-0.022513666853610594,0.007692971461172239,2018,8765
2018-09-10,0.2367827130852341,0.005459820100837764,-0.02180471595115311,0.027264536051990876,2018,8765
2018-09-11,0.13858676082652036,0.0028494736864243643,-0.004717113138509555,0.007566586824933919,2018,8765
2018-09-12,-0.0028331332533013207,0.02538878994259386,0.02034261615469035,0.005046173787903507,2018,8765
2018-09-13,0.24331332533013206,0.008434066687880992,0.01031929768644112,-0.0018852309985601286,2018,8765
2018-09-14,0.005138055222088836,0.008407612876854298,0.011889064646529768,-0.003481451769675471,2018,8765
2018-09-17,0.0216577026757596,0.005329496537494105,-0.00014533996305785558,0.00547483650055196,2018,8765
2018-09-18,-0.05478991596638655,0.011685552882926276,-0.0070336755816680415,0.01871922846459432,2018,8765
2018-09-19,0.04903232025690047,0.0020088555367507865,-0.0008259599146194452,0.0028348154513702316,2018,8765
2018-09-20,-0.0910924369747899,-0.00022506843981642266,0.0019886422220734444,-0.002213710661889867,2018,8765
2018-09-21,0.24773109243697478,0.0008161341850143166,-0.01735784833357541,0.018173982518589725,2018,8765
2018-09-25,-0.03443142531822535,0.0004935568703243742,-0.0017342189438126153,0.0022277758141369896,2018,8765
2018-09-26,0.015559344014858222,-0.0008587188045000915,-0.00439385154002554,0.003535132735525448,2018,8765
2018-09-27,0.10767198971388221,0.0061834789575819895,0.000732273688342,0.0054512052692399894,2018,8765
2018-09-28,0.4202160864345738,-0.0015096229333249277,-0.0208459962471666,0.019336373313841672,2018,8765
2018-10-01,0.23236494597839136,-0.019289942431615727,-0.010674932639211576,-0.00861500979240415,2018,8765
2018-10-02,0.3835866408462386,0.001764364521532924,-0.03156533218865922,0.03332969671019215,2018,8765
2018-10-03,0.32340936374549817,0.015279042458480607,-0.017972226993265273,0.03325126945174588,2018,8765
2018-10-04,0.0014885954381752698,-0.04702380770879605,-0.02361572058254311,-0.02340808712625294,2018,8765
2018-10-05,-0.12057623049219686,0.00405514362950381,-0.005146358988829836,0.009201502618333645,2018,8765
2018-10-08,0.2869147659063625,-0.0010739658046212796,-0.02830146035755101,0.02722749455292973,2018,8765
2018-10-09,0.25638070549299796,0.03111392611494427,0.0029941915211396997,0.02811973459380457,2018,8765
2018-10-11,0.2735719946045345,-0.00902201395676736,-0.024347418287996293,0.015325404331228932,2018,8765
2018-10-12,0.24072028811524607,0.02027613330813156,-0.006641927524663582,0.026918060832795142,2018,8765
2018-10-15,-0.07764705882352942,0.0069430550580761976,-0.008964771419244821,0.01590782647732102,2018,8765
2018-10-16,0.05728691476590636,0.022880274993295934,0.010528233138495024,0.01235204185480091,2018,8765
2018-10-17,-0.0875390156062425,0.006557732696873497,0.014217578523787976,-0.007659845826914479,2018,8765
2018-10-18,-0.07543998657604419,0.004842862505960044,0.008815966707117272,-0.003973104201157229,2018,8765
2018-10-19,-0.07370948379351741,-0.017656964642734342,0.005719916320782015,-0.023376880963516356,2018,8765
2018-10-22,-0.03644657863145258,-0.006185795936554661,-0.0003472897904269856,-0.005838506146127675,2018,8765
2018-10-23,-0.3006482593037215,-0.02329471778210972,0.013533820073856784,-0.0368285378559665,2018,8765
2018-10-24,-0.04629273920051498,0.0017348081497477797,-0.0036518874741113595,0.005386695623859139,2018,8765
2018-10-25,-0.16605440711646133,-0.005261242165105396,0.004390629625297427,-0.009651871790402822,2018,8765
2018-10-26,0.16374942980541735,0.01878573209121448,-0.010089911460128276,0.028875643551342756,2018,8765
2018-10-29,0.35145258103241295,0.04876162041160994,-0.017150974978336786,0.06591259538994673,2018,8765
2018-10-30,0.22804321728691473,0.03770597003992878,-0.010381602958563163,0.048087572998491944,2018,8765
2018-10-31,-0.12423165592503344,0.004280085242031373,0.0020109972340816794,0.0022690880079496933,2018,8765
2018-11-01,0.47207683073229284,0.014661420489297038,-0.029027340956593716,0.043688761445890754,2018,8765
2018-11-02,-0.04605042016806723,0.0010801837453619846,0.008701989852814684,-0.0076218061074527,2018,8765
2018-11-05,-0.053733493397358945,0.003174862243223531,-0.009404404023416291,0.012579266266639822,2018,8765
2018-11-06,-0.23030564966181274,0.003280958264589595,0.003222992219979226,5.7966044610369225e-05,2018,8765
2018-11-07,-0.008115246098439374,-0.001526120162355482,-0.0010352031224513559,-0.0004909170399041262,2018,8765
2018-11-08,-0.002929171668667467,0.012628144807136366,0.01574165335105817,-0.0031135085439218044,2018,8765
2018-11-09,0.4271513643035069,0.061982881576710704,0.007931219985162696,0.054051661591548006,2018,8765
2018-11-12,-0.17532233672128406,0.00808024448456699,0.024588650632717934,-0.016508406148150946,2018,8765
2018-11-13,0.27135654261704684,0.0256464013084709,0.015336543659488588,0.010309857648982313,2018,8765
2018-11-14,0.2058583433373349,0.025115951983819607,0.025414142387084993,-0.0002981904032653866,2018,8765
2018-11-15,0.39217286914765903,0.028621683712284417,0.004616027985454918,0.0240056557268295,2018,8765
2018-11-16,0.21066026410564226,0.01980449317636478,-0.0001825278384698814,0.019987021014834662,2018,8765
2018-11-19,0.18501800720288114,0.0024012200057670465,-0.009102691396094542,0.011503911401861588,2018,8765
2018-11-20,-0.013877551020408161,-0.007578509990769655,-0.00875303353275354,0.0011745235419838842,2018,8765
2018-11-21,-0.07894547290325692,-0.01156959682413351,-0.007358848554159958,-0.004210748269973552,2018,8765
2018-11-22,0.18732292917166865,0.023705172843610824,0.009744603873336543,0.01396056897027428,2018,8765
2018-11-23,0.13066026410564224,0.025642320056351142,0.02469088145833085,0.0009514385980202919,2018,8765
2018-11-26,-0.34108043217286915,0.002817720735690132,0.023156724316640474,-0.02033900358095034,2018,8765
2018-11-27,-0.32052821128451375,-0.006317461910324196,0.019579609947274645,-0.02589707185759884,2018,8765
2018-11-28,-0.46016806722689074,-0.02141307095585997,0.03467602558673877,-0.056089096542598735,2018,8765
2018-11-29,-0.06074429771908763,0.001987071991358691,-0.003868875212524514,0.005855947203883205,2018,8765
2018-11-30,0.06372148859543818,0.008984606667509377,0.006822985450038277,0.0021616212174711,2018,8765
2018-12-03,0.6325570228091236,0.026293416473263463,-0.04497677093865353,0.07127018741191699,2018,8765
2018-12-04,0.27145258103241293,0.02123272595283262,-0.0038132538278182193,0.02504597978065084,2018,8765
2018-12-05,0.00312124849939976,-0.0012054878557166138,0.01231285023343005,-0.013518338089146664,2018,8765
2018-12-06,0.13123649459783912,-0.0028889771359099426,-0.009010545673873317,0.006121568537963374,2018,8765
2018-12-07,0.3457863145258103,0.007016752820013417,-0.013415928456308523,0.02043268127632194,2018,8765
2018-12-10,0.3336454657736187,0.005354059386161713,-0.015486057664508224,0.02084011705066994,2018,8765
2018-12-11,0.31438175270108043,0.013932214728082115,-0.010031904876153375,0.02396411960423549,2018,8765
2018-12-12,0.20710684273709484,0.014824990347770562,-0.0034114726501893954,0.018236462997959956,2018,8765
2018-12-13,0.1735894357743097,0.007458283334632809,-0.000452003975856019,0.007910287310488828,2018,8765
2018-12-14,0.0588235294117647,-0.008806623434846362,-0.009784656256230017,0.0009780328213836557,2018,8765
2018-12-17,-0.00033614252452724965,-0.003359151862033882,-0.013166139246677621,0.00980698738464374,2018,8765
2018-12-18,0.2735654261704682,0.011312550103223207,-0.022533181826940217,0.03384573193016342,2018,8765
2018-12-19,0.1402641056422569,-0.0026183493101254673,-0.016140554627233128,0.01352220531710766,2018,8765
2018-12-20,0.3477070828331333,0.014263163151647874,-0.008078534364562562,0.022341697516210436,2018,8765
2018-12-21,0.32552220888355343,0.0012046273287162456,-0.007714394904080812,0.008919022232797058,2018,8765
2018-12-24,0.11433373349339734,0.0029783899148461356,-0.005766725283700813,0.00874511519854695,2018,8765
2018-12-25,0.14717887154861942,-0.0034861246351367225,-0.018743349058369052,0.01525722442323233,2018,8765
2018-12-26,-0.14310067472731486,-0.007177684964811359,0.009840401978412927,-0.017018086943224285,2018,8765
2018-12-27,0.13498199279711884,0.017014328193955118,0.023241636590251146,-0.006227308396296028,2018,8765
2018-12-28,-0.1363265306122449,-0.001289725581842882,0.017105541764149402,-0.018395267345992283,2018,8765
2019-01-02,0.006386554621848738,0.015577732989728954,0.016208456234354872,-0.0006307232446259182,2019,8765
2019-01-03,0.01037239789969799,0.020829593737750885,0.022329413140162135,-0.0014998194024112496,2019,8765
2019-01-04,0.31476590636254503,0.03444602603928637,-0.015275505952057034,0.0497215319913434,2019,8765
2019-01-07,0.3104441776710684,0.018725536915650643,-0.01623187911376144,0.03495741602941208,2019,8765
2019-01-08,0.2394717887154862,0.004470723754753769,-0.020843259709425833,0.025313983464179603,2019,8765
2019-01-09,-0.14847895511975087,-0.0020709672916982558,0.010001175165301879,-0.012072142457000135,2019,8765
2019-01-10,-0.23169267707082833,-0.002905821694640709,0.019149352403919396,-0.022055174098560105,2019,8765
2019-01-11,-0.31698240062919636,0.006076418727876298,0.01963937404070514,-0.01356295531282884,2019,8765
2019-01-14,-0.14698679471788717,0.005163904937274954,0.010777207061423788,-0.005613302124148834,2019,8765
2019-01-15,-0.22602641056422568,-0.0009706667282781023,0.005464597470330424,-0.006435264198608526,2019,8765
2019-01-16,-0.04441776710684273,-0.007925337723618331,-0.017511032778602765,0.009585695054984434,2019,8765
2019-01-17,0.10770708283313324,-0.0002185997296197173,-0.003980566164406773,0.003761966434787056,2019,8765
2019-01-18,0.4730119098807806,0.004138474974962303,-0.021336830016349784,0.025475304991312085,2019,8765
2019-01-21,-0.012293212325567987,0.0005357732607541799,-0.0001953553621024451,0.0007311286228566249,2019,8765
2019-01-22,-0.2125810324129652,-0.008042642120497134,0.015798683788000333,-0.023841325908497468,2019,8765
2019-01-23,0.11764988358453737,0.007361201512130477,-0.002140518112689871,0.009501719624820349,2019,8765
2019-01-24,0.4351980792316926,0.014495817096191178,-0.004166665676021575,0.018662482772212753,2019,8765
2019-01-25,0.11788715486194477,0.00894924134987588,0.005517571555075829,0.0034316697948000513,2019,8765
2019-01-28,-0.04528211284513805,0.01412552304588357,0.013993923234660432,0.00013159981122313862,2019,8765
2019-01-29,-0.11817527010804323,-0.001950994264387107,0.01022828881304969,-0.012179283077436797,2019,8765
2019-01-30,-0.04139355087749845,-0.005230568622851928,0.012279155015345955,-0.01750972363819788,2019,8765
2019-02-11,0.044754976122770955,0.007880848315595523,0.011716040273845684,-0.0038351919582501615,2019,8765
2019-02-12,-0.0028331332533013207,0.009306288920731598,0.014803520498945122,-0.005497231578213524,2019,8765
2019-02-13,-0.01262905162064826,0.0022368886901311226,0.008550116593662938,-0.006313227903531816,2019,8765
2019-02-14,-0.04566626650660264,-0.002660024389338733,0.007463140823836945,-0.010123165213175678,2019,8765
2019-02-15,0.33205282112845136,-0.0015279486583507085,-0.019259870660247404,0.017731922001896695,2019,8765
2019-02-18,0.2644417767106843,0.003645789229008234,-0.025735666317175165,0.029381455546183398,2019,8765
2019-02-19,0.19183673469387755,0.013256808361224736,-0.011653692213822365,0.024910500575047102,2019,8765
2019-02-20,-0.01282112845138055,0.0016029174855966334,0.019814863951336657,-0.018211946465740023,2019,8765
2019-02-21,-0.18036880522474066,-0.006905474311187853,0.011747244579066961,-0.018652718890254813,2019,8765
2019-02-22,-0.17080432172869148,0.002340681816467305,0.024430240173649264,-0.02208955835718196,2019,8765
2019-02-25,-0.037406962785114045,0.01122862444173085,0.018401906714782555,-0.007173282273051706,2019,8765
2019-02-26,0.25288129110986707,0.012235944197409743,0.004915910585552674,0.0073200336118570694,2019,8765
2019-02-27,0.32427370948379347,0.011890443834631137,-0.004060079966827335,0.01595052380145847,2019,8765
2019-03-04,0.1253781512605042,-0.003320152208071925,-0.018881099473763964,0.01556094726569204,2019,8765
2019-03-05,0.043073229291716676,-0.00010305486080635085,-0.0061190009218943684,0.006015946061088018,2019,8765
2019-03-06,-0.018679471788715485,0.0014229530492061882,-0.0024671511163399163,0.0038901041655461047,2019,8765
2019-03-07,0.17032412965186072,-0.0032258111175052064,-0.005215541358953491,0.0019897302414482844,2019,8765
2019-03-08,0.10914765906362545,-0.0023546461597212854,-0.009557308975205903,0.007202662815484618,2019,8765
2019-03-11,0.19827130852340935,0.00197300269225259,0.007787784567430645,-0.005814781875178055,2019,8765
2019-03-12,-0.11842105263157894,0.0023740860432238664,0.0172517653848415,-0.014877679341617635,2019,8765
2019-03-13,-0.10934236119264963,-0.001219967712521064,0.02676222029318409,-0.027982188005705157,2019,8765
2019-03-14,-0.23995198079231692,-0.004746107661330301,0.009833384470813656,-0.014579492132143957,2019,8765
2019-03-15,0.13633307721859392,0.007545500324055432,0.0003933967253241466,0.007152103598731285,2019,8765
2019-03-18,-0.26713085234093636,0.0018566607537730318,0.01504921855207294,-0.01319255779829991,2019,8765
2019-03-19,0.12826238328746914,0.0026538429346809056,0.0017760436139539703,0.0008777993207269353,2019,8765
2019-03-20,-0.09954620762071265,0.011293838939696732,0.016634242228056616,-0.005340403288359883,2019,8765
2019-03-21,0.1741656662665066,0.008089787324957642,-0.007556335495741351,0.015646122820698993,2019,8765
2019-03-22,-0.22070157753246275,-0.0024741065486006187,0.014801281063583482,-0.0172753876121841,2019,8765
2019-03-25,-0.1413205282112845,-0.0007043495834009539,0.01358058130947104,-0.014284930892871995,2019,8765
2019-03-26,-0.20403851238804055,-0.0090862620014879,-0.0009527519551493447,-0.008133510046338555,2019,8765
2019-03-27,-0.15361344537815122,-0.010977752604740154,0.0021982814334378653,-0.01317603403817802,2019,8765
2019-03-28,-0.04028811524609843,-0.015598001880862456,-0.007975870198063928,-0.0076221316827985285,2019,8765
2019-03-29,-0.24686674669867947,-0.015023929306687566,-0.003888053168093264,-0.011135876138594302,2019,8765
2019-04-01,-0.23621215402136303,-0.010047301243658557,0.03248940272308391,-0.04253670396674247,2019,8765
2019-04-02,-0.12672573174677312,-0.009642811085314163,0.006118515672511804,-0.015761326757825968,2019,8765
2019-04-03,-0.07625633270703892,0.0010956063493723245,-0.0017491057443366654,0.00284471209370899,2019,8765
2019-04-08,-0.022905162064825933,-0.0013409686368880402,-0.00023357651204515274,-0.0011073921248428876,2019,8765
2019-04-09,0.0411873493614329,0.007102814117529865,-0.005351405073255422,0.012454219190785286,2019,8765
2019-04-10,0.15482135996926621,-0.008612789124707022,-0.0051668207135450615,-0.00344596841116196,2019,8765
2019-04-11,-0.0670828331332533,-0.011312766861639002,0.009162247298021209,-0.02047501415966021,2019,8765
2019-04-12,-0.031357295502327714,-0.0030897956036728736,-0.0030839883649923404,-5.807238680533271e-06,2019,8765
2019-04-15,-0.20182472989195677,-0.02035739845383038,-0.004362788567129128,-0.01599460988670125,2019,8765
2019-04-16,0.23569524876862938,-0.0040788146768055535,-0.017720114086958016,0.013641299410152463,2019,8765
2019-04-17,0.2909483793517407,0.000807893178105501,-0.012836741023708586,0.013644634201814087,2019,8765
2019-04-18,0.24289281626162315,0.0025374049932439637,9.178141300736353e-06,0.0025282268519432275,2019,8765
2019-04-19,-0.0640096038415366,-0.008057230191613241,-0.012350150304345442,0.004292920112732201,2019,8765
2019-04-22,0.07399759903961585,0.011523360269060335,0.0022782420443534512,0.009245118224706883,2019,8765
2019-04-23,0.08869360611454716,0.01106477851487726,0.006571054095171591,0.004493724419705669,2019,8765
2019-04-24,0.18232893157262903,0.010699478171628562,-0.01518230495545817,0.025881783127086732,2019,8765
2019-04-25,0.09310924369747899,0.006385070255044867,-0.0022353741838694874,0.008620444438914354,2019,8765
2019-04-26,0.08192273526335542,0.01158710626524323,-0.007085705060932068,0.0186728113261753,2019,8765
2019-04-29,0.10626650660264104,0.007443494400378492,0.0038064581589360214,0.0036370362414424704,2019,8765
2019-04-30,-0.32855530754506324,-0.006757016948332273,0.017348700869749288,-0.02410571781808156,2019,8765
2019-05-02,0.1401267769575754,-0.002002941297400573,-0.010253034949592742,0.008250093652192168,2019,8765
2019-05-03,-0.23770078520141227,0.003706218857892474,0.039733574319919154,-0.03602735546202668,2019,8765
2019-05-06,0.04345738295318128,0.0013828286501552211,-0.008646655249814538,0.010029483899969759,2019,8765
2019-05-07,0.23923743674210823,0.0014018812030027305,-0.003892835492525426,0.005294716695528156,2019,8765
2019-05-08,0.3178391356542617,0.008190687554228793,-0.04554059475699477,0.053731282311223566,2019,8765
2019-05-09,0.23342136854741896,0.02050536734908174,-0.006094804499513029,0.02660017184859477,2019,8765
2019-05-10,0.05282239671142494,0.0075192929785720345,0.01371616173067992,-0.006196868752107886,2019,8765
2019-05-13,0.40744297719087635,0.022113312336621095,-0.001668848957467739,0.023782161294088833,2019,8765
2019-05-14,0.04729891956782713,0.008820940985735182,-0.011519084614781738,0.02034002560051692,2019,8765
2019-05-15,0.3901747987595271,0.014986080447050788,-0.040977198638534565,0.05596327908558535,2019,8765
2019-05-16,0.2372629051620648,0.021153617657398094,0.004155496379969226,0.01699812127742887,2019,8765
2019-05-17,-0.037936084910932456,-0.0019560108770229736,0.016104500772569096,-0.01806051164959207,2019,8765
2019-05-20,0.09867947178871549,0.009507323990587114,0.014381185030175747,-0.004873861039588633,2019,8765
2019-05-21,-0.03375750300120048,-0.02472289100027524,-0.0030650348556393705,-0.02165785614463587,2019,8765
2019-05-22,0.3784393757503001,0.008655950235707466,-0.010159696101322346,0.018815646337029812,2019,8765
2019-05-23,-0.17118847539015608,-0.005949009806612382,0.004703784343352513,-0.010652794149964895,2019,8765
2019-05-24,0.23078585326828027,0.00827252589921985,-0.0013250619181075396,0.009597587817327391,2019,8765
2019-05-27,0.17354558337735435,0.010775880921229174,-0.006427738417963247,0.01720361933919242,2019,8765
2019-05-28,-0.27237802566942004,-0.009500439098909408,0.001152446232888249,-0.010652885331797656,2019,8765
2019-05-29,-0.35573483167112363,-0.028330290520886158,0.013113236605910706,-0.041443527126796866,2019,8765
2019-05-30,-0.25278524779101036,-0.007622281125221309,-0.000489001599308847,-0.007133279525912462,2019,8765
2019-05-31,0.2801920768307323,0.013534213202236512,-0.0013725119279341836,0.014906725130170696,2019,8765
2019-06-03,0.4395198079231693,0.027018077629993375,-0.004159057088582963,0.03117713471857634,2019,8765
2019-06-04,0.2747178871548619,0.014290506187803276,-0.007651107681157265,0.02194161386896054,2019,8765
2019-06-05,-0.22934524244887777,-0.01705608617135408,-0.0008911216360157126,-0.016164964535338364,2019,8765
2019-06-06,-0.05219687875150059,0.004095836850543033,-0.010852590946354778,0.014948427796897812,2019,8765
2019-06-10,-0.1059783913565426,-0.010754231414092107,0.0036638476623476524,-0.01441807907643976,2019,8765
2019-06-11,0.39783913565426166,0.011898565975773401,-0.013409783460716052,0.025308349436489453,2019,8765
2019-06-12,0.27183673469387754,0.013328932010630434,-0.003595873203206967,0.0169248052138374,2019,8765
2019-06-13,0.32379351740696277,0.004972088605290503,-0.010512974311971346,0.015485062917261849,2019,8765
2019-06-14,0.14448979591836733,0.010736423961756902,0.006735228652833903,0.004001195308922999,2019,8765
2019-06-17,0.09877551020408162,0.017801261981759,-0.0005329432193111993,0.018334205201070198,2019,8765
2019-06-18,0.23141011795668803,0.01989985279219846,-0.002738172618167045,0.022638025410365505,2019,8765
2019-06-19,0.05993084908946336,-0.0019133061589101219,-0.012018966417461552,0.010105660258551431,2019,8765
2019-06-20,0.6564863504017185,0.01058087573536456,-0.024771549058858644,0.0353524247942232,2019,8765
2019-06-21,0.31668667466986794,0.008979858568948174,-0.0014004618485962904,0.010380320417544464,2019,8765
2019-06-24,-0.01426341707963144,-0.0003840279532404289,-0.0019027830106596144,0.0015187550574191854,2019,8765
2019-06-25,0.011861313882289625,0.011131971645374472,0.0023206879707348693,0.008811283674639602,2019,8765
2019-06-26,-0.15774309723889554,0.016204238061110886,0.010864757705316053,0.0053394803557948334,2019,8765
2019-06-27,-0.2832240870945312,-0.007166541416092398,0.014591202708367779,-0.021757744124460177,2019,8765
2019-06-28,0.3256740859062582,0.009385742805872944,-0.014203858034026517,0.02358960083989946,2019,8765
2019-07-01,0.35779111644657857,0.009099151868357224,-0.02621945528753633,0.03531860715589356,2019,8765
2019-07-02,0.3504045716393344,0.017195590342949152,-0.015619919574916864,0.03281550991786601,2019,8765
2019-07-03,0.18252100840336133,0.0009576136068765839,-0.008888237343215189,0.009845850950091772,2019,8765
2019-07-04,0.1036734693877551,-0.004659404347208085,-0.005289263390214826,0.0006298590430067414,2019,8765
2019-07-05,-0.17291716686674669,-0.011661286020431084,0.0011346611691269493,-0.012795947189558033,2019,8765
2019-07-08,-0.14660264105642254,0.009505800260618136,0.009788767402791887,-0.0002829671421737505,2019,8765
2019-07-09,-0.05959183673469387,0.006129934191777519,0.000882021817996681,0.005247912373780838,2019,8765
2019-07-10,-0.1289315726290516,-0.010895585878039904,-0.002252800134582067,-0.008642785743457837,2019,8765
2019-07-11,0.02117697904521673,-0.010911827635870286,-0.011591744250412395,0.0006799166145421091,2019,8765
2019-07-12,0.14458583433373348,0.0024904388633036345,-0.0028403458194778074,0.005330784682781442,2019,8765
2019-07-15,0.1316206482593037,-0.0032762369277564594,-0.014914040754268831,0.011637803826512371,2019,8765
2019-07-16,0.022857691667852977,-0.0031813050152888376,0.005167629197613255,-0.008348934212902092,2019,8765
2019-07-17,-0.20691476590636257,-0.02321510856704434,-0.007422696028195797,-0.015792412538848544,2019,8765
2019-07-18,0.09608643457382952,0.013182470907996213,-0.005431811892605764,0.018614282800601976,2019,8765
2019-07-19,-0.033326130288844465,0.000420318718592394,-0.002105741391645688,0.0025260601102380822,2019,8765
2019-07-22,0.18271308523409363,0.0003073710485268277,-0.0035635251030634364,0.003870896151590264,2019,8765
2019-07-23,0.11044682948752489,-0.0036883159957617926,-0.00356996733128222,-0.00011834866447957282,2019,8765
2019-07-24,0.12864345738295319,0.0013913252305401858,-0.0020843236187621738,0.00347564884930236,2019,8765
2019-07-25,0.2514765906362545,6.523459868371662e-05,-0.014854294327670848,0.014919528926354564,2019,8765
2019-07-26,0.24955582232893156,0.004577680222033998,-0.030883766365705834,0.03546144658773983,2019,8765
2019-07-29,0.16504201680672267,0.0026700981565562663,-0.016042632915177157,0.018712731071733425,2019,8765
2019-07-30,0.22343337334933971,0.0032746338229881268,-0.0116931440863563,0.014967777909344426,2019,8765
2019-07-31,0.04643457382953182,-0.013036225581337001,-0.00653638560797184,-0.006499839973365161,2019,8765
2019-08-01,0.033277310924369745,0.0017328988627146158,0.0012772238546286507,0.00045567500808596506,2019,8765
2019-08-02,0.011764705882352943,0.00675015481921053,-0.0047449795517737646,0.011495134370984294,2019,8765
2019-08-05,0.4051380552220888,0.03042255702735249,-0.009700156384732617,0.040122713412085106,2019,8765
2019-08-06,-0.006482593037214886,0.0028494405178225656,0.000718554283932693,0.0021308862338898726,2019,8765
2019-08-07,0.11702280912364946,0.02747270560934334,0.00031416566016815304,0.027158539949175185,2019,8765
2019-08-08,0.22819823307141818,0.019876324924276923,0.013114397325549055,0.0067619275987278685,2019,8765
2019-08-12,-0.17407380734446856,-0.00011308274871029145,0.014264351075962745,-0.014377433824673037,2019,8765
2019-08-13,-0.008595438175270108,-0.0028157173084813135,-0.003215531255080906,0.0003998139465995923,2019,8765
2019-08-14,-0.24235876018414698,-0.005571041658343201,-0.006294777516245742,0.0007237358579025412,2019,8765
2019-08-15,0.028477441426201552,0.0031596416824235863,-0.009435667166363548,0.012595308848787134,2019,8765
2019-08-16,0.04912364945978391,-0.008206501087740103,-0.002872912723904364,-0.0053335883638357395,2019,8765
2019-08-19,-0.1070854042422524,-0.0019101199165641903,0.008176102273786633,-0.010086222190350824,2019,8765
2019-08-20,0.5172273045261437,0.009770963320844085,-0.019564009547336038,0.029334972868180122,2019,8765
2019-08-21,0.3319567827130852,0.0088615342284326,-0.001384828408531924,0.010246362636964525,2019,8765
2019-08-22,0.3100194483354177,0.0031663862015645972,-0.012800086494013407,0.015966472695578004,2019,8765
2019-08-23,0.06890756302521008,4.394870787566285e-05,-0.004588296285430504,0.004632244993306167,2019,8765
2019-08-26,0.23937575030012,0.009502541019242172,-0.006764539334956221,0.016267080354198393,2019,8765
2019-08-27,0.04019207683073229,0.014459330290341887,0.003528662948138761,0.010930667342203125,2019,8765
2019-08-28,-0.15860744297719087,0.005972810965828135,0.01056527852669593,-0.004592467560867796,2019,8765
2019-08-29,0.200672268907563,-3.185941265337888e-05,0.004035523226120896,-0.004067382638774275,2019,8765
2019-08-30,0.14915124016880535,0.0047511687588941195,-0.006669168148334581,0.011420336907228702,2019,8765
2019-09-02,-0.043169267707082834,-0.008498510319279673,0.005489876144209605,-0.013988386463489277,2019,8765
2019-09-03,0.184921968787515,-0.008094444711592508,-0.020422805308688608,0.0123283605970961,2019,8765
2019-09-04,0.4152220888355342,0.013658269003706458,-0.015055590030496824,0.02871385903420328,2019,8765
2019-09-05,0.39860744297719086,0.009238264714518551,-0.009055006821806443,0.018293271536324995,2019,8765
2019-09-06,-0.05959183673469387,0.00023850252518021754,0.01809905585267091,-0.017860553327490692,2019,8765
2019-09-10,0.031933539830088724,0.006157509658049842,0.0034894834721869604,0.002668026185862882,2019,8765
2019-09-11,0.26501800720288116,0.003898412624245784,-0.008519080537478407,0.012417493161724191,2019,8765
2019-09-12,0.007203227054022039,-2.2592668939203085e-05,0.01271141053304382,-0.012734003201983023,2019,8765
2019-09-16,0.3227448439068064,0.013070927075616579,0.005024427696723866,0.008046499378892713,2019,8765
2019-09-17,-0.04264208025431395,0.00474069085815858,0.01509149862261493,-0.010350807764456349,2019,8765
2019-09-18,-0.10837935174069627,0.002419798568521503,0.013604449555666387,-0.011184650987144884,2019,8765
2019-09-19,0.16744297719087634,0.011689144026682818,-0.003117997179813081,0.0148071412064959,2019,8765
2019-09-20,-0.11990396158463384,0.003613644944432359,0.0023094254276998074,0.0013042195167325518,2019,8765
2019-09-23,0.09599039615846339,-0.014421257784123565,-0.01663182183545764,0.002210564051334074,2019,8765
2019-09-24,0.1250000001441291,-0.0064135878781883425,0.0003713105762900293,-0.006784898454478372,2019,8765
2019-09-25,0.26271308523409365,-0.02375676138480628,-0.03975854320641281,0.016001781821606532,2019,8765
2019-09-26,0.05325330132052821,-0.0032936770546861615,0.0032535717616272606,-0.006547248816313422,2019,8765
2019-09-27,0.14823529411764705,0.017975838577785574,0.0018679046010308565,0.016107933976754717,2019,8765
2019-10-01,-0.09867947178871549,0.006471334668942974,0.008575719216228772,-0.0021043845472857974,2019,8765
2019-10-02,-0.40903743198901604,-0.0012768389817677916,0.021302635811977354,-0.022579474793745145,2019,8765
2019-10-03,-0.037406962785114045,-0.013703702244976657,0.0021215344049893116,-0.01582523664996597,2019,8765
2019-10-04,0.05315726290516206,-0.021284341269554884,-0.01909978331351305,-0.0021845579560418327,2019,8765
2019-10-07,0.16043602492079162,-0.00880229763191217,-0.003680961659741522,-0.005121335972170649,2019,8765
2019-10-08,-0.2179591836734694,-0.014282780929893135,0.01213514625462866,-0.026417927184521794,2019,8765
2019-10-09,-0.04163265306122449,-0.005997273021744276,-0.0023318463023053516,-0.003665426719438924,2019,8765
2019-10-14,0.07116617447848342,0.004032155827291328,-0.0007020210683472805,0.004734176895638609,2019,8765
2019-10-15,0.16125624279677295,0.00871377695867186,-0.0006161678740750909,0.009329944832746951,2019,8765
2019-10-16,0.1748943528716551,0.007394311215180194,0.0019529720848442845,0.0054413391303359095,2019,8765
2019-10-17,0.05085234093637454,0.003985986894358806,0.005696885801061346,-0.00171089890670254,2019,8765
2019-10-18,-0.25301320528211285,-0.004099129732469842,0.01697537151790407,-0.02107450125037391,2019,8765
2019-10-21,-0.15524609843937573,-0.0033726101198341962,-0.0017929142897074924,-0.0015796958301267038,2019,8765
2019-10-22,-0.06881152460984392,-0.00015047346721839273,0.0016051823461366577,-0.0017556558133550505,2019,8765
2019-10-23,0.17397358943577432,-0.004770392748740216,-0.009816823784058492,0.005046431035318277,2019,8765
2019-10-24,-0.03179100543700746,-0.008941667953455523,-0.010326154774989415,0.001384486821533892,2019,8765
2019-10-25,-0.13354141656662666,-0.013779709436545528,0.0033293750116497934,-0.01710908444819532,2019,8765
2019-10-28,-0.1253781512605042,-0.01971344800242706,-0.005306806343756054,-0.014406641658671006,2019,8765
2019-10-29,-0.4784018057901778,-0.015959816078856114,0.016207182381920517,-0.03216699846077663,2019,8765
2019-10-30,-0.3366626650660264,-0.036086443674542903,-0.01339977966083491,-0.022686664013707995,2019,8765
2019-10-31,-0.13248499399759903,-0.007859897737649968,-0.008570118355271817,0.0007102206176218488,2019,8765
2019-11-01,0.017911594521237733,-0.009087610639282716,-0.013193761152530048,0.004106150513247331,2019,8765
2019-11-04,0.09551020408163265,0.005869854582947131,-0.000901858376891318,0.006771712959838449,2019,8765
2019-11-05,0.3086748782373087,0.009986190182743692,-0.006251349199037426,0.01623753938178112,2019,8765
2019-11-06,0.34348139255702276,0.018727432317079684,0.0007178252348133074,0.018009607082266378,2019,8765
2019-11-07,0.3786314525810324,0.014811485971369743,-0.00646432628151652,0.021275812252886262,2019,8765
2019-11-08,-0.020266538652657578,-0.0012332214528330443,-0.007035957279279126,0.0058027358264460815,2019,8765
2019-11-11,0.3750870370117639,0.019944473310339196,-0.003263262384105725,0.023207735694444922,2019,8765
2019-11-12,-0.18108043217286915,-0.0064958732040089505,0.00428774301568916,-0.01078361621969811,2019,8765
2019-11-13,0.09090472542175813,-0.008972068129441202,-0.013394368450401827,0.004422300320960625,2019,8765
2019-11-14,0.10136854741896759,-0.010607804579893054,-0.006424322474009092,-0.004183482105883962,2019,8765
2019-11-15,0.17963985594237694,0.00042527733746799967,-0.013681839438986399,0.014107116776454398,2019,8765
2019-11-18,-0.12149151243627737,-0.0019957413707316187,0.009779186378482463,-0.01177492774921408,2019,8765
2019-11-19,0.12585834333733492,0.008336996323758516,0.008836525962382668,-0.0004995296386241521,2019,8765
2019-11-20,0.2026027662727932,0.0030578154518232648,0.007533929487453306,-0.004476114035630041,2019,8765
2019-11-21,0.2896038415366146,0.01616037207112191,-0.0002164098701206485,0.01637678194124256,2019,8765
2019-11-22,0.295750300120048,0.007682812860930033,-0.008500738102063777,0.016183550962993808,2019,8765
2019-11-25,-0.1870348139255702,-0.0017123201779659202,0.004231202306247262,-0.005943522484213182,2019,8765
2019-11-26,-0.22986794717887157,-0.001500148647655053,0.0015962087707760086,-0.0030963574184310616,2019,8765
2019-11-27,-0.03442977190876351,-0.005859927609062077,-0.00395530294096873,-0.0019046246680933469,2019,8765
2019-11-28,0.14156742236837982,0.012519393199470397,0.016571918405211505,-0.004052525205741108,2019,8765
2019-11-29,0.10089077771882164,0.00742500465269672,0.007357288327677136,6.771632501958395e-05,2019,8765
2019-12-02,-0.035006842911480714,-0.0022803707202413426,0.0038888772702209027,-0.006169247990462245,2019,8765
2019-12-03,-0.0905664001797704,-0.01018642961109686,-0.005989864192485428,-0.004196565418611431,2019,8765
2019-12-04,-0.07092436974789915,0.0005605370378876428,0.0008206775130239041,-0.00026014047513626124,2019,8765
2019-12-05,0.11587034813925569,0.004204359947063007,-0.0005442103953925637,0.004748570342455571,2019,8765
2019-12-06,-0.18003697750525763,-0.006786450737320759,-0.0022384004137878223,-0.004548050323532937,2019,8765
2019-12-09,-0.33586246677220094,-0.025524213723584,-0.008472100776402957,-0.017052112947181043,2019,8765
2019-12-10,-0.3798799519807923,-0.03697038808525623,-0.016892188499445692,-0.02007819958581054,2019,8765
2019-12-11,-0.38200196894489585,-0.026002092317534708,-0.005801831804139801,-0.020200260513394908,2019,8765
2019-12-12,-0.08749309709837841,-0.009956363324787387,0.0013271180169380336,-0.01128348134172542,2019,8765
2019-12-13,0.13382953181272508,0.00621033932327375,0.00438484077013942,0.00182549855313433,2019,8765
2019-12-16,0.20086916858535503,0.0007232555902636717,-0.0034809944095311684,0.00420424999979484,2019,8765
2019-12-17,0.3571188475390156,0.022033434224532956,-0.003309881692707195,0.02534331591724015,2019,8765
2019-12-18,0.230828331332533,0.012832444005950261,0.0012862800333213963,0.011546163972628865,2019,8765
2019-12-19,-0.07731278064126743,-0.00158371730398299,0.004025431934648993,-0.005609149238631983,2019,8765
2019-12-20,0.2074098975313971,0.0018085326233143184,0.0041760163592414416,-0.002367483735927123,2019,8765
2019-12-23,0.19740696278511405,0.003578602096171335,-0.006990869003415856,0.010569471099587191,2019,8765
2019-12-24,0.1384940454919971,0.005746993092060071,-0.0026841152475359344,0.008431108339596005,2019,8765
2019-12-25,0.30599308525485625,0.011516113760555113,0.0014965881538890446,0.01001952560666607,2019,8765
2019-12-26,0.3021441091893507,0.02307424947809733,0.010710065205429987,0.012364184272667344,2019,8765
2019-12-27,-0.047684218122222705,0.0006304732229914789,0.009167377683600564,-0.008536904460609085,2019,8765
2019-12-30,0.12744603715647437,0.0006612671624086963,-0.0010690228012672277,0.001730289963675924,2019,8765
2019-12-31,0.09195678271308522,-0.001413081196977173,-0.019918047231529144,0.01850496603455197,2019,8765
2020-01-02,0.3467466986794718,0.003793936431190181,-0.019242133827357823,0.023036070258548005,2020,8765
2020-01-03,0.2963265306122449,0.01537821966304681,-0.0211426659983589,0.03652088566140571,2020,8765
2020-01-06,0.4025450180072028,0.007477596651526275,-0.007242412028587853,0.014720008680114128,2020,8765
2020-01-07,0.49647058823529405,0.002369869195578733,-0.022797660425713184,0.025167529621291918,2020,8765
2020-01-08,0.3086194477791116,0.015357622382888625,-0.01576198437516697,0.031119606758055595,2020,8765
2020-01-09,0.10943577430972388,0.007433100645684132,-0.008087504445419658,0.015520605091103791,2020,8765
2020-01-10,0.36898845120962664,0.022480819560510613,-0.0007003678286598869,0.0231811873891705,2020,8765
2020-01-13,0.12610146705836536,0.015422144752452027,0.0011630592093348712,0.014259085543117155,2020,8765
2020-01-14,0.34162504802151367,0.016249019914177855,0.006831599749477002,0.009417420164700853,2020,8765
2020-01-15,0.3082907153521347,-0.00363602315662912,-0.03404070429148694,0.030404681134857815,2020,8765
2020-01-16,0.09003601440576231,-0.017167334826318593,-0.03190983846321203,0.014742503636893434,2020,8765
2020-01-17,0.1524609843937575,-0.012230873409765697,-0.027710088655033903,0.015479215245268206,2020,8765
2020-01-20,-0.023097238895558224,-0.05153075909181291,-0.024601728015861656,-0.02692903107595125,2020,8765
2020-01-30,0.24072028811524607,0.025990331019736912,0.0040888895273553105,0.0219014414923816,2020,8765
2020-01-31,0.3411764705882353,0.03125010097691239,-0.0071625476917265615,0.03841264866863895,2020,8765
2020-02-03,-0.45883454597969575,-0.02763586761490148,0.0659881487622551,-0.09362401637715659,2020,8765
2020-02-04,-0.03817527010804322,-0.003943880991545934,-0.009709506809803758,0.005765625818257824,2020,8765
2020-02-05,-0.2168067226890756,0.0026236993320049363,0.009628529174805755,-0.007004829842800819,2020,8765
2020-02-06,-0.14420168067226888,-0.009408554731964846,0.009623672997533883,-0.01903222772949873,2020,8765
2020-02-07,4.801920768307323e-05,0.014315667794834818,0.0007581339507518603,0.013557533844082958,2020,8765
2020-02-10,0.10549819927971187,0.00192537244815556,-0.0022554822113367346,0.0041808546594922944,2020,8765
2020-02-11,0.05661464585834333,0.00540190554911899,0.006911991501579761,-0.0015100859524607713,2020,8765
2020-02-12,0.2659783913565426,0.027039404689978362,0.010357199857480005,0.016682204832498358,2020,8765
2020-02-13,-0.03126125478103422,0.017992819938188777,0.025921695850974057,-0.00792887591278528,2020,8765
2020-02-14,0.1076110444177671,0.015821763800413335,0.012101696628717407,0.003720067171695929,2020,8765
2020-02-17,0.006578789408604744,-0.005542534054423098,-0.0046602817667744986,-0.0008822522876485994,2020,8765
2020-02-18,-0.18405762304921966,-0.010714811322552687,-0.006597554785619131,-0.004117256536933556,2020,8765
2020-02-19,-0.3333973589435774,-0.021690798038253568,-0.0024699662706151315,-0.019220831767638436,2020,8765
2020-02-20,-0.047202881152460976,-0.004484696930286092,-0.0024841119315823666,-0.0020005849987037253,2020,8765
2020-02-21,-0.1196158463385354,-0.008499553872623532,-0.00481268481357503,-0.003686869059048503,2020,8765
2020-02-24,0.14785114045618247,-0.018140979034704564,-0.030548963750089263,0.0124079847153847,2020,8765
2020-02-25,-0.17051620648259302,-0.012743764396374712,-0.004393803783783646,-0.008349960612591066,2020,8765
2020-02-26,-0.21762827445107077,-0.0219891119499374,-0.010505698296686539,-0.011483413653250863,2020,8765
2020-02-27,0.28921968787515,0.020029298401321727,-0.0010510463042739282,0.021080344705595656,2020,8765
2020-03-02,0.0041776710684273705,0.004384836073439924,0.0011469523099343014,0.0032378837635056224,2020,8765
2020-03-03,0.007539377649876401,0.010804510151559976,0.011568007627423304,-0.000763497475863328,2020,8765
2020-03-04,-0.11980792316926771,-0.004743400022558519,-0.003055325892372074,-0.0016880741301864453,2020,8765
2020-03-05,0.26415366146458585,0.0014782062313943634,-0.008588186148289167,0.01006639237968353,2020,8765
2020-03-06,-0.08379351740696277,-0.011622874051813803,-0.002154689358343531,-0.009468184693470272,2020,8765
2020-03-09,-0.22487934890873004,-0.029169130887779126,0.018656606153305756,-0.04782573704108488,2020,8765
2020-03-10,-0.20106125002794203,-0.017512428447441452,-0.0013274968589003233,-0.01618493158854113,2020,8765
2020-03-11,-0.3982232893157262,-0.070610004045585,0.007448590404257072,-0.07805859444984208,2020,8765
2020-03-12,-0.24111023080733152,-0.015796267703371503,0.026323281643471065,-0.04211954934684257,2020,8765
2020-03-13,-0.506614804823212,-0.055852000910983836,0.03335677109895774,-0.08920877200994157,2020,8765
2020-03-16,-0.1822328931572629,-0.0256950636980674,0.02736754842848067,-0.05306261212654807,2020,8765
2020-03-17,-0.41032412965186077,-0.05667464771695844,0.0038377505041691795,-0.06051239822112762,2020,8765
2020-03-18,0.2033613445378151,0.011156398517818444,-0.028751380422051564,0.039907778939870006,2020,8765
2020-03-19,0.6579749815817678,0.06841672409041737,-0.06265596709426888,0.13107269118468623,2020,8765
2020-03-20,0.508859543817527,0.050144789352661735,-0.027980902907640447,0.07812569226030218,2020,8765
2020-03-23,0.4536003266692,0.062330257211481624,-0.008337779878623275,0.0706680370901049,2020,8765
2020-03-24,0.3328211284513805,0.036410116388181514,0.004951720298088891,0.03145839609009262,2020,8765
2020-03-25,-0.09531812725090036,-0.0018162815080434934,0.01751458668218131,-0.019330868190224802,2020,8765
2020-03-26,0.16984393757503002,0.004344593713029088,-0.005478633581564496,0.009823227294593584,2020,8765
2020-03-27,0.012725090036014405,0.00581390501732233,0.004218110568575362,0.0015957944487469677,2020,8765
2020-03-30,-0.34440202655849067,-0.009645537667317839,0.02975491166941635,-0.039400449336734186,2020,8765
2020-03-31,-0.03663953517347021,0.007788868420578898,0.016041616746657515,-0.008252748326078616,2020,8765
2020-04-01,0.21411764705882352,0.01453948470533164,-0.006811297291049301,0.021350781996380942,2020,8765
2020-04-06,0.39486194477791114,0.012650948706001863,-0.027408192748995676,0.04005914145499754,2020,8765
2020-04-07,0.44942255529293273,0.04266418847957927,0.010128444043221751,0.03253574443635752,2020,8765
2020-04-08,0.295750300120048,0.025431402944426217,0.012554245087068783,0.012877157857357433,2020,8765
2020-04-09,-0.17195678271308523,0.005356296142674921,0.009334054862257645,-0.003977758719582724,2020,8765
2020-04-10,-0.44797118847539014,-0.004869561445772619,0.012187135838713337,-0.017056697284485955,2020,8765
2020-04-13,-0.5787755102040816,-0.03613063298190019,0.005283632488152001,-0.04141426547005219,2020,8765
2020-04-14,0.0027370948379351738,-0.021958739325855115,-0.024205161512285255,0.00224642218643014,2020,8765
2020-04-15,0.49397358943577424,-0.010156876014722926,-0.04654050888976278,0.03638363287503985,2020,8765
2020-04-16,0.4090756302521008,2.9306080486912745e-05,-0.024733867247482257,0.02476317332796917,2020,8765
2020-04-17,0.16504201680672267,0.013375524530660043,-0.0018715201222349598,0.015247044652895003,2020,8765
2020-04-20,0.016470588235294115,0.01414942057124562,0.008295798647071816,0.005853621924173803,2020,8765
2020-04-21,0.3031452581032413,0.014393582865615585,0.006437651842643466,0.007955931022972118,2020,8765
2020-04-22,0.2961344537815126,0.01201229556121769,0.00019218241555305494,0.011820113145664635,2020,8765
2020-04-23,0.2677070828331332,0.02412493464085863,0.0013807436713442756,0.022744190969514355,2020,8765
2020-04-24,0.20437465491256776,0.039050939776632654,0.026098523002325336,0.012952416774307317,2020,8765
2020-04-27,-0.09570228091236495,0.021430351604274443,0.04149311212774228,-0.020062760523467837,2020,8765
2020-04-28,-0.16513805522208885,0.0032542756352286206,0.0237210872103659,-0.02046681157513728,2020,8765
2020-04-29,0.19933251704465904,0.017449097992813523,-0.008771140102282226,0.02622023809509575,2020,8765
2020-04-30,-0.02895558223289316,0.012409437121087542,0.0164822629755631,-0.004072825854475558,2020,8765
2020-05-04,0.11298919567827131,0.009746109074204635,0.011598044176095279,-0.0018519351018906442,2020,8765
2020-05-05,-0.18074863747436684,-0.007405740351333378,0.00824314818774261,-0.01564888853907599,2020,8765
2020-05-06,-0.032654629311566576,-0.00665420103388834,0.006308151162257869,-0.01296235219614621,2020,8765
2020-05-07,0.010228091236494596,-0.00345372366205936,-0.010562029773826986,0.0071083061117676255,2020,8765
2020-05-08,0.030396158463385354,-0.00012943079835543437,0.002125158312344533,-0.0022545891106999674,2020,8765
2020-05-11,0.1237454981992797,-2.5684129894743003e-05,0.0012027661883636576,-0.0012284503182584006,2020,8765
2020-05-12,0.05335318284065755,0.004310987129721322,-0.0025659571005487657,0.006876944230270087,2020,8765
2020-05-13,-0.06161012270978018,-0.01457020235182822,-0.0039416019469539765,-0.010628600404874244,2020,8765
2020-05-14,-0.14016806722689074,-0.013088398678841883,0.009925407080295323,-0.023013805759137206,2020,8765
2020-05-15,0.26626650660264106,0.02171624201356275,-0.0012828429531286823,0.02299908496669143,2020,8765
2020-05-18,0.028379351740696276,0.007696265526035561,0.017415138567024722,-0.009718873040989161,2020,8765
2020-05-19,0.2756153219528783,0.008261620721224517,0.0017105737226687178,0.006551046998555798,2020,8765
2020-05-20,0.19807923169267705,0.0016292177986206413,-0.005170750566213367,0.0067999683648340085,2020,8765
2020-05-21,-0.10540216086434574,-0.0028726609819601846,0.0019656761059111405,-0.004838337087871325,2020,8765
2020-05-22,0.23611044417767107,0.008030992194168451,-0.00372133849184898,0.011752330686017432,2020,8765
2020-05-25,0.09882590221101141,0.009702955585187634,0.005807040340494207,0.0038959152446934268,2020,8765
2020-05-26,0.14477791116446578,0.0019214127792564373,0.0027128425792937614,-0.0007914298000373241,2020,8765
2020-05-27,0.17723889555822328,0.018891982468195657,-0.013112622219326853,0.03200460468752251,2020,8765
2020-05-28,-0.011620927276513489,0.003622524574207353,-0.0007428094918737971,0.00436533406608115,2020,8765
2020-05-29,-0.012148859543817525,-0.006551533672276066,-0.010235572523564152,0.0036840388512880858,2020,8765
2020-06-01,-0.07668667466986795,-0.009029428085693802,-0.017052234928722133,0.008022806843028332,2020,8765
2020-06-02,-0.20691476590636257,-0.01232509823092105,-0.0026753859037663475,-0.009649712327154702,2020,8765
2020-06-03,-0.45411764705882346,-0.0246023120272864,0.0016855915190481352,-0.026287903546334535,2020,8765
2020-06-04,-0.08657863145258103,-0.0023044596785011693,-0.019861293669596845,0.017556833991095675,2020,8765
2020-06-05,0.16926770708283315,-0.004774744932495278,-0.016088107573607624,0.011313362641112346,2020,8765
2020-06-08,0.4023529411764706,0.012021203496591104,-0.015079105416370087,0.02710030891296119,2020,8765
2020-06-09,0.013109558456562736,0.0034880342989913383,0.00998710384587521,-0.006499069546883873,2020,8765
2020-06-10,-0.03510204081632653,0.008267022173093696,0.005449370491411076,0.00281765168168262,2020,8765
2020-06-11,0.08917166866746698,0.02159101666205603,0.013914463801702493,0.007676552860353536,2020,8765
2020-06-12,0.058727490996398554,0.010313855756392366,0.004948973751782604,0.005364882004609762,2020,8765
2020-06-15,-0.25091240904843437,-0.005637084453938235,0.01797644654433437,-0.023613530998272604,2020,8765
2020-06-16,-0.027515006002400956,-0.0007135507456104584,0.014603788912728477,-0.015317339658338936,2020,8765
2020-06-17,-0.03442977190876351,-0.0055885434223838844,0.015008141222696036,-0.02059668464507992,2020,8765
2020-06-18,-0.13200797141791562,-0.003185637241816264,0.01031615169568928,-0.013501788937505543,2020,8765
2020-06-19,-0.10809123649459784,-0.008364439614525487,-0.015563717055023052,0.007199277440497564,2020,8765
2020-06-22,0.02482593037214886,-0.010121625598331008,-0.006006721137553739,-0.00411490446077727,2020,8765
2020-06-23,0.1618441601291514,-0.004371534149443168,-0.009693081252063872,0.005321547102620705,2020,8765
2020-06-24,-0.06496998799519808,0.01043460758209539,0.011257441184080608,-0.0008228336019852189,2020,8765
2020-06-29,-0.0010084033613445378,0.004747643569411597,0.005404702691618346,-0.0006570591222067488,2020,8765
2020-06-30,-0.10050661483364765,-0.014148414719115765,-0.0014514689025715178,-0.012696945816544247,2020,8765
2020-07-01,-0.42464404919920984,-0.03066748923392517,0.020390521069321745,-0.051058010303246915,2020,8765
2020-07-02,-0.15111644657863144,-0.0036565337080791795,0.010299623379902733,-0.013956157087981914,2020,8765
2020-07-03,-0.2304441776710684,-0.009905946218490025,0.016980525802987635,-0.02688647202147766,2020,8765
2020-07-06,0.008211284513805522,-0.020185511913246645,-0.012187051738049381,-0.007998460175197264,2020,8765
2020-07-07,0.3412725090036014,0.004623175549884806,-0.029542999272603388,0.034166174822488196,2020,8765
2020-07-08,0.31774309723889554,-0.00010042917435013621,-0.03303646497653475,0.03293603580218461,2020,8765
2020-07-09,-0.23303721488595439,-0.03530885740246977,-0.012647903325916731,-0.02266095407655304,2020,8765
2020-07-10,-0.09469615119539089,-0.009954275479261133,-0.008648298909926421,-0.0013059765693347117,2020,8765
2020-07-13,-0.019927971188475387,-0.001853974087357635,0.001062910657276661,-0.002916884744634296,2020,8765
2020-07-14,0.03721488595438175,-0.006170490134524776,0.0007030053343483389,-0.006873495468873114,2020,8765
2020-07-15,0.1683634270093418,-0.006359844010924554,-0.006810938445063031,0.0004510944341384769,2020,8765
2020-07-16,0.26012004801920763,-0.007933319428008923,-0.030510849392083893,0.02257752996407497,2020,8765
2020-07-17,-0.15961967878979685,0.01676462835147855,0.015364738495026387,0.001399889856452164,2020,8765
2020-07-20,-0.18598732253484904,-0.019073504288050658,-0.004015355101859219,-0.015058149186191439,2020,8765
2020-07-21,-0.023049773110439976,-0.0428460010393778,-0.039111833700201284,-0.0037341673391765168,2020,8765
2020-07-22,0.1388235294117647,-0.10325393997261381,-0.09859098309741396,-0.004662956875199853,2020,8765
2020-07-23,0.044129651860744294,-0.07099443222891669,-0.05274492799221966,-0.01824950423669703,2020,8765
2020-07-24,-0.11443251942120514,-0.019795179924615047,-0.003956515217062273,-0.015838664707552776,2020,8765
2020-07-27,-0.047490996398559415,0.04470088606839567,0.04413683919897972,0.0005640468694159545,2020,8765
2020-07-28,-0.06473144615181893,0.019051706536485878,0.036132886698548486,-0.017081180162062608,2020,8765
2020-07-29,-0.01863189993093898,0.008056618351774448,0.021799482644507373,-0.013742864292732925,2020,8765
2020-07-30,-0.1567827130852341,0.011237078888517316,0.019146657633992425,-0.00790957874547511,2020,8765
2020-07-31,0.31006002400960386,0.02319126065572826,-0.011272848856682926,0.03446410951241119,2020,8765
2020-08-03,0.017911164465786316,-0.007975322659554562,-0.0020136864819756185,-0.005961636177578944,2020,8765
2020-08-04,0.14372148859543818,0.013027977306150629,-0.007649079496190103,0.02067705680234073,2020,8765
2020-08-05,0.2849939975990396,0.006196045617599078,-0.014177497293229247,0.020373542910828324,2020,8765
2020-08-06,-0.05474321113729494,-0.008118786294861291,0.005950523944404973,-0.014069310239266265,2020,8765
2020-08-07,-0.23140456182472988,0.011026609103051232,0.03530742354475889,-0.024280814441707654,2020,8765
2020-08-10,0.23207683073229293,0.0341741560989214,0.013293240883604784,0.02088091521531662,2020,8765
2020-08-11,-0.02578631452581032,0.03259465740497049,0.0199204323326748,0.012674225072295688,2020,8765
2020-08-12,-0.09839135654261706,0.00490221736419576,0.02607610264667032,-0.021173885282474558,2020,8765
2020-08-13,-0.20278511404561822,0.014228962880308883,0.027393831163238715,-0.013164868282929832,2020,8765
2020-08-14,-0.21363745498199277,-0.017801273568405163,0.04140686135832544,-0.059208134926730605,2020,8765
2020-08-17,-0.283265306122449,-0.011661728695588791,0.005463129652578014,-0.017124858348166804,2020,8765
2020-08-18,-0.5033853541416566,-0.03324748674905892,0.01649104021386123,-0.04973852696292015,2020,8765
2020-08-19,-0.23645225582459675,-0.008018011318618767,0.012093244843488582,-0.02011125616210735,2020,8765
2020-08-20,0.08436974789915966,-0.0061839627552658484,-0.0008461302511519553,-0.005337832504113893,2020,8765
2020-08-21,0.17829531812725088,-1.5249777786319196e-05,0.010283837324539902,-0.010299087102326222,2020,8765
2020-08-24,0.0497010732693862,-0.019839679997173686,-0.018085932903977954,-0.0017537470931957323,2020,8765
2020-08-25,-0.14093637454981991,-0.004564069991989228,0.0057933634294836224,-0.01035743342147285,2020,8765
2020-08-26,0.021944777911164462,-0.003972328251274471,-0.0024670193720545573,-0.0015053088792199134,2020,8765
2020-08-27,0.23140456182472988,0.0300205369944617,-0.0032683135454907976,0.0332888505399525,2020,8765
2020-08-28,0.22573829531812722,0.00022155234311457272,-0.007331197609220519,0.007552749952335092,2020,8765
2020-08-31,0.16062424969987996,0.008148079377116068,-0.007044779407925072,0.01519285878504114,2020,8765
2020-09-01,0.11275451415229165,0.009455391526695034,-0.0025937313131604856,0.012049122839855519,2020,8765
2020-09-02,0.02866815530610972,0.004833891449686401,-0.015690790301885315,0.020524681751571718,2020,8765
2020-09-03,-0.08100840336134453,0.0031743588164418355,-0.000910026543114173,0.0040843853595560085,2020,8765
2020-09-04,-0.23745498199279708,-0.015054768633114645,-0.0007787527540875416,-0.014276015879027104,2020,8765
2020-09-07,-0.06439375750300119,-0.014996702937976437,-0.010786913904944151,-0.0042097890330322855,2020,8765
2020-09-08,0.10828331332533012,-0.01933377646984861,-0.014803502355310194,-0.004530274114538414,2020,8765
2020-09-09,0.17351006179057923,-0.027001771384795824,-0.02004638599959071,-0.006955385385205116,2020,8765
2020-09-10,0.14785469043134308,-0.019162620318227443,-0.01172136834688874,-0.007441251971338703,2020,8765
2020-09-11,0.006482748687311243,-0.01361434137752,-0.015871049412649708,0.002256708035129708,2020,8765
2020-09-14,0.05656798484187144,-0.00376456390633636,-0.003551963472024011,-0.00021260043431234896,2020,8765
2020-09-15,0.3922689075630252,0.026223394370730613,0.003689949771768464,0.02253344459896215,2020,8765
2020-09-16,-0.06391356542617047,0.021005311772531766,0.018273744400021753,0.002731567372510013,2020,8765
2020-09-17,0.19126509645600506,0.0037726394616909185,-0.004090412791589259,0.007863052253280177,2020,8765
2020-09-18,0.09018223729459642,0.0047178264442371606,-0.00014850058126884003,0.004866327025506,2020,8765
2020-09-21,0.22727490996398558,0.0048896923845329066,-0.009791198551822245,0.014680890936355152,2020,8765
2020-09-22,-0.05853541416566627,-0.005375154666322523,-0.007692760258707176,0.002317605592384653,2020,8765
2020-09-23,0.525282112845138,0.030075590848618307,-0.010330918954075808,0.04040650980269411,2020,8765
2020-09-24,-0.015510204081632653,-0.009175535112652233,0.00438083871955981,-0.013556373832212042,2020,8765
2020-09-25,0.44307322929171666,0.024784209329018324,-0.007561166579290712,0.032345375908309035,2020,8765
2020-09-28,0.20072992723874747,0.01038325701998355,-0.005749533086395831,0.01613279010637938,2020,8765
2020-09-29,0.24081632653061225,0.029591540523059245,-0.0007698132957307147,0.03036135381878996,2020,8765
2020-09-30,0.060840336134453776,0.005189630251158084,0.019250893699980242,-0.014061263448822157,2020,8765
2020-10-05,-0.3628811524609844,-0.023329048377832107,0.005204624133948721,-0.02853367251178083,2020,8765
2020-10-06,-0.24548008362618576,-0.024354540718378715,0.002384409440954971,-0.026738950159333686,2020,8765
2020-10-07,-0.3661464585834333,-0.029345946820260083,-0.0006491000701686178,-0.028696846750091466,2020,8765
2020-10-08,0.14867103656233785,-0.0022659346490287004,-0.001983293603937819,-0.00028264104509088126,2020,8765
2020-10-12,0.3844510073378802,0.028702235796889575,0.0020028752177279952,0.026699360579161578,2020,8765
2020-10-13,0.07313325330132053,0.00993235624731047,0.017944340415633298,-0.008011984168322828,2020,8765
2020-10-14,0.0530624985146587,0.00729575463861305,-0.0010765314498424106,0.008372286088455461,2020,8765
2020-10-15,0.03615846338535413,0.004046598552328728,0.0024415142683207767,0.0016050842840079514,2020,8765
2020-10-16,0.0981032412965186,0.005707710523664056,0.00547409313384154,0.00023361738982251648,2020,8765
2020-10-19,-0.0722689075630252,0.008640451364095159,0.004178084217542499,0.00446236714655266,2020,8765
2020-10-20,-0.07178871548619448,0.0061080632892111745,0.009177124387555524,-0.0030690610983443497,2020,8765
2020-10-21,-0.10857403542230164,0.00571393835875329,0.011554706144969219,-0.0058407677862159285,2020,8765
2020-10-22,0.23140456182472988,0.01235037313440659,0.002887137330460998,0.009463235803945591,2020,8765
2020-10-23,-0.15770265096938918,-0.015412608776003488,0.0012284022499928215,-0.01664101102599631,2020,8765
2020-10-26,0.029244399633870717,-0.01317691773239461,-0.0017798377343830828,-0.011397079998011527,2020,8765
2020-10-27,-0.1940456182472989,-0.0010795921541460474,0.009178740221004211,-0.010258332375150258,2020,8765
2020-10-28,-0.002352941176470588,0.009319874644320237,0.006874635550063091,0.0024452390942571456,2020,8765
2020-10-29,0.10040816326530612,0.0014277704294742288,-0.007465816103402722,0.008893586532876951,2020,8765
2020-10-30,0.11549174043282003,-0.008065787139393033,-0.014575702284695846,0.006509915145302813,2020,8765
2020-11-02,0.5917406962785113,0.010769286852083958,-0.012836218019312496,0.023605504871396454,2020,8765
2020-11-03,0.19174069627851137,0.02182074634081619,0.005514967343608479,0.016305778997207712,2020,8765
2020-11-04,-0.08936589116360166,0.021421276585726245,0.0405680227567502,-0.019146746171023955,2020,8765
2020-11-05,-0.23447779111644657,0.01284505986749468,0.029247231720189736,-0.016402171852695057,2020,8765
2020-11-06,0.10252100840336134,0.021598646025042845,0.009566739736857465,0.01203190628818538,2020,8765
2020-11-09,0.49848739495798317,0.015628040512074094,-0.039876090838569,0.055504131350643096,2020,8765
2020-11-10,0.06185170963720257,-0.01586931739513192,-0.02596974981891127,0.010100432423779348,2020,8765
2020-11-11,0.12739495798319328,-0.03755715512756395,-0.055825575121257506,0.01826841999369356,2020,8765
2020-11-12,0.11202881152460985,-0.012495450772506833,-0.028604814599858787,0.016109363827351952,2020,8765
2020-11-13,-0.19683073229291717,-0.017825132025364142,0.001016936146046532,-0.018842068171410674,2020,8765
2020-11-16,-0.1845378151260504,0.013814873399387407,0.04191955492214907,-0.028104681522761663,2020,8765
2020-11-17,-0.43106842737094836,0.005697247347921619,0.02253020855425151,-0.01683296120632989,2020,8765
2020-11-18,-0.32763505402160864,-0.0028173459942301138,0.020951052671015814,-0.023768398665245927,2020,8765
2020-11-19,-0.07524609843937576,-0.004912095065229383,-0.004480806671809468,-0.00043128839341991486,2020,8765
2020-11-20,0.04240096038415366,0.0047909528790240465,0.01539603827902578,-0.010605085400001733,2020,8765
2020-11-23,0.017383370554123485,0.017109867151173776,0.021078583860164146,-0.0039687167089903705,2020,8765
2020-11-24,-0.06256902761104441,0.02359302841773997,0.03378906059765248,-0.01019603217991251,2020,8765
2020-11-25,-0.08513805522208882,-0.003005977453836939,0.002637559560609781,-0.00564353701444672,2020,8765
2020-11-26,-0.021080432172869146,-0.010176328953135893,0.003535914928003414,-0.013712243881139306,2020,8765
2020-11-27,-0.030637725736440406,-0.016147136140099206,-0.01795141268925531,0.001804276549156103,2020,8765
2020-11-30,-0.007539015606242497,0.0056269770934006865,0.013627501075600224,-0.008000523982199538,2020,8765
2020-12-01,-0.45403250991502075,-0.021321673301484812,0.007818378995287912,-0.029140052296772724,2020,8765
2020-12-02,0.025690276110444176,-0.006203753639602705,-0.018384361662447002,0.012180608022844297,2020,8765
2020-12-03,0.1354654373844816,-0.011847613708517068,-0.022686198920980716,0.010838585212463649,2020,8765
2020-12-04,-0.008307322929171669,0.0064335998681367525,0.01588758705916834,-0.009453987191031587,2020,8765
2020-12-07,-0.3741176470588235,-0.0014787871992122947,0.023775394499142753,-0.025254181698355048,2020,8765
2020-12-08,0.11260504201680673,0.006072384849665824,-8.221751529834398e-05,0.006154602364964168,2020,8765
2020-12-09,-0.0011044417767106843,-0.0002539207907835572,0.011813467786440813,-0.01206738857722437,2020,8765
2020-12-10,-0.2425566656657688,-0.004318966797728185,0.02348515017026782,-0.027804116967996007,2020,8765
2020-12-11,0.09906362545018006,0.008755529582186495,0.012654395752711179,-0.0038988661705246837,2020,8765
2020-12-14,-0.13623049219687874,0.006363165494571388,0.008947136914182651,-0.0025839714196112633,2020,8765
2020-12-15,-0.054981992797118844,0.005578772779853425,0.010171922603920736,-0.004593149824067311,2020,8765
2020-12-16,-0.10415366146458584,-0.004940480278473403,0.03284283343181823,-0.03778331371029163,2020,8765
2020-12-17,0.23265306122448978,-0.007471261379734318,-0.01346619065318696,0.005994929273452643,2020,8765
2020-12-18,0.4029388461868788,0.005839395247236656,-0.0010274246314989298,0.006866819878735586,2020,8765
2020-12-21,0.08581032412965187,0.0075949334203745614,0.017171061398582533,-0.009576127978207971,2020,8765
2020-12-22,0.4493157262905162,0.05143330367414103,-0.007610328745017436,0.059043632419158464,2020,8765
2020-12-23,0.15952363806850334,0.0068328206588448735,0.04781811878982619,-0.04098529813098132,2020,8765
2020-12-24,-0.030973876332294766,0.01771955823394662,0.008563852631434176,0.009155705602512443,2020,8765
2020-12-25,-0.1145793316726439,0.004135148202610672,0.02013204831193057,-0.0159969001093199,2020,8765
2020-12-28,-0.1373829531812725,-0.012781106627124995,-0.003260783902420816,-0.009520322724704178,2020,8765
2020-12-29,0.058727490996398554,0.019892831616992356,-0.023265652177562636,0.04315848379455499,2020,8765
2020-12-30,-0.05570361835022995,-0.007198639454992206,0.01368669161439522,-0.020885331069387426,2020,8765
2020-12-31,-0.5978198232808298,-0.05178785892080403,0.025288205554287034,-0.07707606447509106,2020,8765
2021-01-04,-0.3937764122865381,-0.05945969655218507,-0.004374694045980065,-0.055085002506205,2021,8765
2021-01-05,-0.155685747394263,-0.05375451355263329,-0.03100228392717057,-0.02275222962546272,2021,8765
2021-01-06,-0.3285151751770985,-0.04637673997078573,-0.01603340039170209,-0.03034333957908364,2021,8765
2021-01-07,-0.04432172869147659,-0.0007480817534877504,0.0027957931235120916,-0.003543874876999842,2021,8765
2021-01-08,-0.21556857497003287,-0.023635857353136204,-0.013481965252158135,-0.010153892100978069,2021,8765
2021-01-11,-0.17594660140969182,-0.04654659672462923,-0.038644535773685484,-0.007902060950943743,2021,8765
2021-01-12,-0.32149631452999095,-0.06108558050175612,-0.026986057739459092,-0.03409952276229703,2021,8765
2021-01-13,-0.023193834192380223,-0.016862256630734707,-0.018769108922371613,0.0019068522916369061,2021,8765
2021-01-14,0.055943720153463695,-0.05119894373530422,-0.02688237067927639,-0.024316573056027826,2021,8765
2021-01-15,0.026074429771908762,-0.042725443741060666,-0.038433300848696395,-0.0042921428923642715,2021,8765
2021-01-18,-0.3228331332533013,-0.08383583032620101,-0.012303901279099694,-0.07153192904710132,2021,8765
2021-01-19,-0.022521008403361343,-0.00046436774736027255,-0.010055010392116004,0.009590642644755731,2021,8765
2021-01-20,0.20835534213685472,0.031322882786453544,0.013173844528570988,0.018149038257882555,2021,8765
2021-01-21,0.35122091777032916,0.05694853740561393,0.0184012092654521,0.03854732814016183,2021,8765
2021-01-22,-0.021848739495798315,0.03170006149984698,0.023337379544073823,0.008362681955773155,2021,8765
2021-01-25,-0.10809123649459784,0.004333305502098472,0.013454574486838223,-0.00912126898473975,2021,8765
2021-01-26,-0.44913443312905227,-0.012276237927275613,0.018873558549046897,-0.03114979647632251,2021,8765
2021-01-27,-0.018728390340457302,-0.01400310930687818,-0.021098068626714206,0.007094959319836025,2021,8765
2021-01-28,0.40052821128451377,-0.006912621380974393,-0.030797711053570164,0.02388508967259577,2021,8765
2021-01-29,0.5321968787515006,-6.240486988712268e-05,-0.034605341575066104,0.03454293670517898,2021,8765
2021-02-01,0.3592316926770708,0.014023785719844339,-0.015502365259183859,0.0295261509790282,2021,8765
2021-02-02,0.049893154711973205,-0.02275029651480768,-0.018925391184255458,-0.003824905330552221,2021,8765
2021-02-03,-0.010276603930404778,-0.02178507813376678,-0.026892418251995998,0.00510734011822922,2021,8765
2021-02-04,-0.35746356465440665,-0.013554925663296958,0.021432444490410242,-0.034987370153707203,2021,8765
2021-02-05,0.16254501800720286,0.025907971265013464,0.004427006109356424,0.02148096515565704,2021,8765
2021-02-17,0.13834333733493398,0.03694147834335695,0.039883122783722434,-0.0029416444403654873,2021,8765
2021-02-18,-0.3859396385179294,0.019645290871079024,0.07161829117928345,-0.051973000308204426,2021,8765
2021-02-19,-0.4257863145258103,0.01336023404895884,0.03625698753294783,-0.022896753483988987,2021,8765
2021-02-22,0.05018007202881152,-0.0007890050508632563,0.009698142631351547,-0.010487147682214804,2021,8765
2021-02-23,0.06396312038147094,0.004572022101917062,0.0006234280267451098,0.003948594075171952,2021,8765
2021-02-24,-0.34146458583433376,0.007767339199471613,0.022902455304464907,-0.015135116104993294,2021,8765
2021-02-25,0.08120048019207683,-0.002788408450314195,-0.006494780374921705,0.0037063719246075103,2021,8765
2021-02-26,-0.20115246098439374,0.002502408202171469,0.007470746372475046,-0.004968338170303577,2021,8765
2021-03-02,-0.10981992797118847,-0.018055013463321067,-0.0020289553632239833,-0.016026058100097083,2021,8765
2021-03-03,-0.12134453781512604,-0.004832887909867656,0.010796573809140652,-0.01562946171900831,2021,8765
2021-03-04,-0.05027611044417767,-0.0008532607639922141,-0.0032107076736769603,0.002357446909684746,2021,8765
2021-03-05,-0.25051620648259304,0.009248723530028823,0.020742122436235588,-0.011493398906206764,2021,8765
2021-03-08,0.44939611613219915,0.010628929489867578,-0.015084447228012453,0.02571337671788003,2021,8765
2021-03-09,0.3844510073378802,0.002337484523540567,-0.014018196746199118,0.016355681269739686,2021,8765
2021-03-10,0.30872289859795543,0.003952673262820871,-0.021763515321366046,0.025716188584186915,2021,8765
2021-03-11,0.17104852462372333,0.012707244411482044,0.01447579887796746,-0.0017685544664854166,2021,8765
2021-03-12,0.2522570114318518,0.02388344993072302,0.010840101440521499,0.013043348490201521,2021,8765
2021-03-15,0.041152460984393756,0.018747582276520437,0.02224650289292136,-0.0034989206164009225,2021,8765
2021-03-16,-0.060168067226890755,0.040742934095550506,0.028899258765817205,0.011843675329733301,2021,8765
2021-03-17,-0.2708893584325778,0.008168061036763962,0.05213789105438351,-0.043969830017619546,2021,8765
2021-03-18,-0.14765906362545017,0.008838318371411902,0.015800806739687034,-0.006962488368275132,2021,8765
2021-03-19,0.6602160864345737,0.02919101147559302,-0.016781164862186847,0.04597217633777986,2021,8765
2021-03-22,0.23591836734693877,0.01628609001769319,-0.021314099951405707,0.0376001899690989,2021,8765
2021-03-23,0.1811764705882353,0.020990091553043856,-0.007253785719873318,0.028243877272917176,2021,8765
2021-03-24,-0.0710204081632653,-0.002891968986713911,-0.007367466155398761,0.00447549716868485,2021,8765
2021-03-25,0.42623895505186327,0.02665883296607744,-0.009542219207830615,0.03620105217390805,2021,8765
2021-03-26,-0.01579831932773109,0.0036067312623427996,0.002009554784425327,0.0015971764779174726,2021,8765
2021-03-29,0.0561344537815126,0.01183245329665139,-0.0031389595332049214,0.014971412829856312,2021,8765
2021-03-30,0.16106028960919933,0.04598935701085666,-0.009339122906124786,0.05532847991698144,2021,8765
2021-03-31,-0.211812725090036,-0.027048848534610592,0.024097708862634747,-0.05114655739724534,2021,8765
2021-04-01,-0.28528211284513805,0.001669051632906493,0.027253355038914205,-0.025584303406007713,2021,8765
2021-04-07,-0.057144229169632445,0.0015360372010521206,0.020014488045529265,-0.018478450844477145,2021,8765
2021-04-08,0.12797118847539016,0.013474028625309442,0.022983918689453153,-0.009509890064143711,2021,8765
2021-04-09,0.10386804007892014,0.016677079815639463,0.0026178619541086024,0.014059217861530861,2021,8765
2021-04-12,-0.23362466411878147,0.00035320046325986175,0.02518615347574179,-0.024832953012481927,2021,8765
2021-04-13,-0.007539015606242497,0.014283551031795882,0.024769566912602948,-0.010486015880807066,2021,8765
2021-04-14,-0.18799971193202605,0.03742272962043652,0.04935780445431252,-0.011935074833876,2021,8765
2021-04-15,0.057382953181272504,0.05209132017553027,0.015326145386225055,0.036765174789305216,2021,8765
2021-04-16,-0.07457382953181273,0.02445880466873431,0.034838304360637486,-0.010379499691903174,2021,8765
2021-04-19,-0.015990396158463382,-0.0026848669244459943,0.001788806921306163,-0.004473673845752158,2021,8765
2021-04-20,0.005810324129651861,0.0033608558024382563,0.004963156465756369,-0.0016023006633181128,2021,8765
2021-04-21,0.20144057623049216,0.016372528150016896,-0.014347061968479203,0.0307195901184961,2021,8765
2021-04-22,0.29872749099639856,0.02543948217315469,-0.011722868111091333,0.037162350284246026,2021,8765
2021-04-23,0.049411764705882356,0.05721401415173,0.026570134965005453,0.030643879186724544,2021,8765
2021-04-26,-0.06381752701080431,0.018314803396100733,0.025498787663489175,-0.007183984267388442,2021,8765
2021-04-27,-0.16524202861926557,0.010675781802772987,0.01829276426414772,-0.007616982461374733,2021,8765
2021-04-28,0.25354750421483974,-0.007829886121560103,-0.028711253454553144,0.02088136733299304,2021,8765
2021-04-29,0.05699879951980792,-0.0019048655339824027,-0.026073970773728417,0.024169105239746014,2021,8765
2021-05-03,0.14852340936374547,-0.010414026057105208,-0.021734684414703342,0.011320658357598134,2021,8765
2021-05-04,0.2729891956782713,0.023385442227112807,0.001294048164537842,0.022091394062574966,2021,8765
2021-05-05,-0.11231692677070829,-0.022857516011311176,0.016545160169163943,-0.03940267618047512,2021,8765
2021-05-06,-0.04105839420792562,-0.0030941115590092496,0.004327470244937548,-0.007421581803946797,2021,8765
2021-05-07,-0.4485101684406445,-0.05029435918874934,0.025961692142643343,-0.07625605133139268,2021,8765
2021-05-10,0.3241776710684274,0.007776203853491104,-0.02809056922940837,0.03586677308289948,2021,8765
2021-05-11,-0.034526639305013214,-0.006871919053061793,0.009284755886433427,-0.01615667493949522,2021,8765
2021-05-12,-0.1201920768307323,-0.04264042812110436,-0.013193824978061097,-0.02944660314304326,2021,8765
2021-05-13,-0.04230492196878751,-0.03254092567025392,-0.022098439533622706,-0.010442486136631214,2021,8765
2021-05-14,0.5696518607442976,0.06118012205071242,-0.021411997978639418,0.08259212002935183,2021,8765
2021-05-17,0.5998367275452618,0.10720657668606348,-0.004545964936189195,0.11175254162225268,2021,8765
2021-05-18,0.09464585834333733,0.07275212768606612,0.01322942036190039,0.05952270732416573,2021,8765
2021-05-19,0.0790876350540216,0.02258653020739395,0.05708725291690793,-0.03450072270951398,2021,8765
2021-05-20,0.1253781512605042,0.02213251882078151,0.0055660996322047795,0.01656641918857673,2021,8765
2021-05-21,0.1144297719087635,0.02780562200435288,0.04237501108507955,-0.01456938908072667,2021,8765
2021-05-24,-0.07332709070758718,0.0034726913699792083,0.016746012175713042,-0.013273320805733834,2021,8765
2021-05-25,0.11145525706110662,0.09515778677166938,0.0019117254708496678,0.09324606130081971,2021,8765
2021-05-26,0.008595438175270108,0.006554012199552961,0.007416703702451588,-0.0008626915028986278,2021,8765
2021-05-27,-0.16629051620648258,-0.0005012753943702597,0.008764310447653845,-0.009265585842024105,2021,8765
2021-05-28,0.16388955582232892,0.00520018772946772,0.013468508393446987,-0.008268320663979267,2021,8765
2021-05-31,0.23524609843937574,0.016818840632131647,0.014206410677406744,0.0026124299547249027,2021,8765
2021-06-01,-0.026843381601533222,-0.00267613651232147,0.024499728008510614,-0.027175864520832083,2021,8765
2021-06-02,0.2685778770972725,0.0015286557457527938,-0.006243236355127746,0.00777189210088054,2021,8765
2021-06-03,0.3287072612318724,0.017625075029440142,-0.004585916946603774,0.022210991976043915,2021,8765
2021-06-04,0.23198079231692675,0.016014271742379727,-0.009820275905897369,0.025834547648277098,2021,8765
2021-06-07,0.01915966386554622,0.0027318440924219865,-0.005894944446930062,0.008626788539352049,2021,8765
2021-06-08,0.07659063625450178,-0.001801095667761754,-0.020689649500483666,0.01888855383272191,2021,8765
2021-06-09,-0.027899159663865542,-0.01521090117302747,-0.014309434535338427,-0.0009014666376890423,2021,8765
2021-06-10,0.014406800046982235,0.0443940313452072,-0.011297580170010969,0.05569161151521816,2021,8765
2021-06-11,0.3662120634264805,0.03804880571870536,-0.008443117594947935,0.04649192331365329,2021,8765
2021-06-15,0.17675870348139258,0.030600100729145742,0.00908307846284796,0.021517022266297783,2021,8765
2021-06-16,0.33368547418967587,0.09084735469904431,0.012068534879278526,0.07877881981976578,2021,8765
2021-06-17,0.2646882278848857,0.05684445605081354,0.018329134294503523,0.03851532175631002,2021,8765
2021-06-18,0.521344537815126,0.018990614619359625,-0.007271156861675487,0.02626177148103511,2021,8765
2021-06-21,0.44912364945978384,0.008788302286546711,-0.020494602379759752,0.029282904666306463,2021,8765
2021-06-22,-0.09512605042016806,0.0070401160624090405,0.009120157810349371,-0.0020800417479403307,2021,8765
2021-06-23,0.08955582232893158,0.09557389493082684,0.006109992252583851,0.08946390267824299,2021,8765
2021-06-24,0.2289075630252101,0.017409337919088275,-0.0043831156327657885,0.021792453551854062,2021,8765
2021-06-25,0.5112973336673995,0.050396277094339456,-0.020225239343809376,0.07062151643814883,2021,8765
2021-06-28,-0.12927081086105086,-0.014106453348627502,0.002654173404279314,-0.016760626752906814,2021,8765
2021-06-29,-0.18324569622799783,0.026519743125657913,0.007548796333028229,0.018970946792629683,2021,8765
2021-06-30,-0.09417471109087348,0.01580264644241992,0.023548502897374757,-0.007745856454954837,2021,8765
2021-07-01,0.12403361344537814,0.024380127974519307,0.016098787155597993,0.008281340818921314,2021,8765
2021-07-02,0.1185594237695078,-0.0032520011383556533,0.0018410125114454833,-0.005093013649801137,2021,8765
2021-07-05,0.024970587536309975,-0.007157402103240085,-0.006902888045798106,-0.0002545140574419791,2021,8765
2021-07-06,-0.254267809624541,-0.008981861404485291,0.01804554847443638,-0.027027409878921674,2021,8765
2021-07-07,-0.11183673469387755,-0.018890828951366435,0.001973355663004528,-0.020864184614370965,2021,8765
2021-07-08,-0.10338783647245266,-0.05840276461519726,-0.009195703386431876,-0.04920706122876538,2021,8765
2021-07-09,-0.17637454981992798,-0.0745789957868673,-0.012458420313363727,-0.062120575473503574,2021,8765
2021-07-12,-0.08177671068427371,-0.026104682050064987,-0.0072499226995446754,-0.018854759350520313,2021,8765
2021-07-13,0.35213330462261744,0.050608583586547885,-0.009076822298061848,0.05968540588460973,2021,8765
2021-07-14,0.48380513351600574,0.060317645315583236,-0.001180418558824381,0.061498063874407614,2021,8765
2021-07-15,-0.09733493397358943,0.004367637703227734,0.019570186777953004,-0.01520254907472527,2021,8765
2021-07-16,-0.06679471788715485,-0.03668101377911516,-0.006246356074824555,-0.030434657704290605,2021,8765
2021-07-19,-0.14573829531812724,-0.0021913541781638846,-0.010678758269605192,0.008487404091441308,2021,8765
2021-07-20,-0.011956782713085232,-0.03413901042958861,-0.00019375242709975815,-0.033945258002488855,2021,8765
2021-07-21,-0.02674669867947179,-0.02544346642130152,-0.005429736931123597,-0.020013729490177923,2021,8765
2021-07-22,-0.16264105642256904,-0.03224777661479537,-0.0026226127893285156,-0.029625163825466858,2021,8765
2021-07-23,-0.027083483404766972,-0.02835920027006521,-0.0016828130708492317,-0.02667638719921598,2021,8765
2021-07-26,-0.02463385354141657,0.014296182859086338,-0.0038153879575278937,0.01811157081661423,2021,8765
2021-07-27,0.009267707082833133,0.007693127365036623,0.0036177214759982256,0.004075405889038397,2021,8765
2021-07-28,-0.01503001200480192,-0.008138307339613538,-0.013649484570703974,0.005511177231090436,2021,8765
2021-07-29,0.02977262360098497,0.0006205572944830373,-0.01219561978196958,0.012816177076452618,2021,8765
2021-07-30,0.01983193277310924,0.013849759890820323,0.005685151097739127,0.008164608793081196,2021,8765
2021-08-02,0.03241296518607443,-0.0077842430154495545,-0.00243395184262587,-0.005350291172823684,2021,8765
2021-08-03,-0.07035151747983096,0.0010007764076616632,0.007463352924611666,-0.006462576516950003,2021,8765
2021-08-04,0.3433935989849089,0.014653890013450632,-0.0008871086389434568,0.015540998652394089,2021,8765
2021-08-05,0.4414031550649255,0.019185311681899353,-0.022784312694688957,0.04196962437658831,2021,8765
2021-08-06,0.02674669867947179,-0.003665745688742772,-0.01774327640908304,0.014077530720340268,2021,8765
2021-08-09,0.006290516206482593,0.008149457397067595,0.006963266856017824,0.0011861905410497703,2021,8765
2021-08-10,-0.3485714285714286,-0.025635075140636388,-0.008200026189486287,-0.0174350489511501,2021,8765
2021-08-11,0.07831932773109243,0.0005818500467798859,-0.00950483844752863,0.010086688494308516,2021,8765
2021-08-12,0.13935843273847973,-0.010625742623731848,-0.031938163384492416,0.021312420760760568,2021,8765
2021-08-13,0.2689555822328931,0.005966573671194975,0.003187929013236157,0.002778644657958818,2021,8765
2021-08-16,0.08475390156062423,0.03461888206610321,0.020672303224632906,0.013946578841470304,2021,8765
2021-08-17,0.272124849939976,0.07111570299894114,0.010891344458972264,0.06022435853996888,2021,8765
2021-08-18,0.039519807923169274,0.006208184458472677,0.007007378714464263,-0.000799194255991586,2021,8765
2021-08-19,0.18895558223289313,0.009550115074034582,-0.002290956912630615,0.011841071986665197,2021,8765
2021-08-20,0.11126050420168068,-0.015517709982076511,-0.0205675127009729,0.005049802718896389,2021,8765
2021-08-23,-0.11438449906055839,-0.025426065641333963,-0.012015938164274565,-0.013410127477059398,2021,8765
2021-08-24,-0.0710204081632653,-0.017095055592888275,-0.009889042946854287,-0.007206012646033988,2021,8765
2021-08-25,-0.04028811524609843,-0.007313235981289889,-0.011867747093806525,0.004554511112516636,2021,8765
2021-08-26,-0.034717887154861946,-0.011337146187503932,-0.0037811728256803567,-0.007555973361823575,2021,8765
2021-08-27,0.07563025210084032,-0.010894922380040839,-0.011879035439624198,0.000984113059583359,2021,8765
2021-08-30,0.08639070313457098,-0.016674700881467275,-0.014450574959243312,-0.0022241259222239625,2021,8765
2021-08-31,-0.07847092193905521,-0.03224465323510811,-0.008556934645917669,-0.023687718589190443,2021,8765
2021-09-01,0.03889742609171901,-0.028459327971329273,-0.016259898119574824,-0.01219942985175445,2021,8765
2021-09-02,0.1406482593037215,-0.016744593563342736,-0.025016537317425737,0.008271943754083001,2021,8765
2021-09-03,0.2870108043217287,0.012301583121914993,-0.015611169368184607,0.0279127524900996,2021,8765
2021-09-06,0.3063145258103241,0.03429175139991734,0.0016789841149247753,0.032612767284992565,2021,8765
2021-09-07,0.14948379351740695,0.004113465766561131,0.002497147668457578,0.001616318098103553,2021,8765
2021-09-08,0.2750126054239369,0.010397697253301197,0.00283026724552955,0.007567430007771647,2021,8765
2021-09-09,-0.010516206482593037,0.002853924168046906,0.008946266100752009,-0.006092341932705103,2021,8765
2021-09-10,-0.39015606242497,-0.01645437888011777,0.01653110848002991,-0.03298548736014768,2021,8765
2021-09-13,-0.22477791116446577,-0.008074405687665986,0.013622941771137941,-0.021697347458803928,2021,8765
2021-09-14,-0.030684273709483793,0.017372185099571245,0.00459203946094483,0.012780145638626415,2021,8765
2021-09-15,-0.10040816326530612,0.022461868889368887,0.02523763594688495,-0.0027757670575160633,2021,8765
2021-09-16,-0.19933251704465904,0.0059886260518066114,0.0379721514851878,-0.03198352543338119,2021,8765
2021-09-17,-0.06545018007202881,-0.0003191528328062132,0.008031060728969797,-0.00835021356177601,2021,8765
2021-09-22,-0.0510456433674952,-0.013824099394533173,-0.004963803939449141,-0.008860295455084032,2021,8765
2021-09-23,-0.11385354141656662,-0.027996266526462067,-0.01276241520569158,-0.015233851320770488,2021,8765
2021-09-24,0.054316244838596504,-0.0036817661093851315,-0.006354702050118765,0.0026729359407336338,2021,8765
2021-09-27,-0.1345018007202881,-0.004990086823715179,0.011174726332937469,-0.01616481315665265,2021,8765
2021-09-28,-0.5001200480192077,-0.014200881890259675,0.017426334912187813,-0.03162721680244749,2021,8765
2021-09-29,-0.37090926563549664,-0.02824183801161286,0.006006070268027741,-0.0342479082796406,2021,8765
2021-09-30,-0.09829531812725088,-0.044782718456872664,-0.0044666324068684095,-0.04031608605000425,2021,8765
2021-10-01,-0.18837935174069628,-0.023477305564039163,0.00342775319346591,-0.02690505875750507,2021,8765
2021-10-04,0.23006002400960382,0.030227136911400155,-0.005613452411213938,0.035840589322614094,2021,8765
2021-10-05,-0.27097238895558223,-0.008724402245245778,0.010458404731482861,-0.01918280697672864,2021,8765
2021-10-06,-0.18449422560481332,-0.004529377643780019,0.008584135682050931,-0.01311351332583095,2021,8765
2021-10-07,0.06842737094837935,-0.016449026306530935,-0.013323139288535036,-0.003125887017995899,2021,8765
2021-10-08,-0.1906408317675973,-0.0236265293530293,-0.014015621266245216,-0.009610908086784085,2021,8765
2021-10-12,-0.012340936374549819,-0.014179015794104965,-0.02427957878878161,0.010100562994676644,2021,8765
2021-10-13,0.059449206480676434,0.0035571198015067807,-0.007697510961079812,0.011254630762586593,2021,8765
2021-10-14,0.27577430972388955,0.01896432952725312,-0.013282286364295636,0.03224661589154876,2021,8765
2021-10-15,0.21315726290516207,0.0073730688940608965,0.0017829141312034169,0.005590154762857479,2021,8765
2021-10-18,0.0947921919166844,0.0054768065224276245,0.005932138018382949,-0.00045533149595532434,2021,8765
2021-10-19,-0.06410872070687668,-0.007984226955240325,-0.004876858889558344,-0.003107368065681981,2021,8765
2021-10-20,-0.010660520063578488,0.015277974444043118,0.02467880891169034,-0.009400834467647223,2021,8765
2021-10-21,-0.07332533013205282,0.00958880861665693,0.02172590821312346,-0.012137099596466529,2021,8765
2021-10-22,0.3730612244897959,0.020930107725032454,0.02068383462215264,0.000246273102879814,2021,8765
2021-10-25,0.29603841536614645,0.019751258298449058,0.009111530814536816,0.010639727483912242,2021,8765
2021-10-26,-0.1624489795918367,0.010320652248590112,0.05033727469589315,-0.04001662244730304,2021,8765
2021-10-27,0.05354398776823049,0.03175673244775912,0.025250948494386194,0.006505783953372923,2021,8765
2021-10-28,-0.0010084033613445378,0.01207120410614353,0.009630925881736419,0.0024402782244071115,2021,8765
2021-10-29,0.06074429771908763,-0.0026658544564040487,0.03787623799245189,-0.04054209244885594,2021,8765
2021-11-01,0.042785114045618244,-0.0014698046498729301,0.012796789215955274,-0.014266593865828204,2021,8765
2021-11-02,0.037695078031212484,0.011743843771372697,0.013636302348668717,-0.0018924585772960197,2021,8765
2021-11-03,-0.08254501800720286,0.0011843616830065629,0.0029892380087379266,-0.0018048763257313637,2021,8765
2021-11-04,-0.09733493397358943,-0.004891021669577866,0.012251751500655361,-0.017142773170233227,2021,8765
2021-11-05,0.1014190016859359,0.009066903527203473,0.014622220753259706,-0.005555317226056233,2021,8765
2021-11-08,0.48609843937575026,0.019140896553147956,-0.024696454972498207,0.04383735152564616,2021,8765
2021-11-09,0.21623049219687873,0.010495955817920444,0.0006584113294299976,0.009837544488490446,2021,8765
2021-11-10,-0.11404835653603113,-0.0211640055294538,-0.0004941133390581776,-0.02066989219039562,2021,8765
2021-11-11,0.08230689814852941,0.0035979607081815467,0.002628628707799385,0.0009693320003821616,2021,8765
2021-11-12,0.024683058038448853,-0.0003803210777406085,0.011698834930511048,-0.012079156008251657,2021,8765
2021-11-15,-0.17099639855942375,0.0026308048006787542,0.017948889851240945,-0.01531808505056219,2021,8765
2021-11-16,-0.14420168067226888,-0.004830765399690018,0.007997010632904677,-0.012827776032594695,2021,8765
2021-11-17,0.09944777911164465,0.001640169162465488,-0.0017602219081836012,0.003400391070649089,2021,8765
2021-11-18,-0.0013925904587557489,0.0012299231909700058,0.006282884712591474,-0.005052961521621468,2021,8765
2021-11-19,0.2873949579831933,0.026878604727918153,0.008571516281026592,0.01830708844689156,2021,8765
2021-11-22,0.4003457467119544,0.02588519810537667,-0.0007458324170342978,0.02663103052241097,2021,8765
2021-11-23,-0.05767799297184297,-0.009615275202533002,-0.00454290290048065,-0.005072372302052352,2021,8765
2021-11-24,0.3068020841720855,0.002899441101542033,-0.01151040423084393,0.014409845332385962,2021,8765
2021-11-25,0.25282112845138055,0.003444947360545314,-0.011640422214669821,0.015085369575215135,2021,8765
2021-11-26,0.36960384153661463,0.007774710655223616,-0.010529372174454354,0.01830408282967797,2021,8765
2021-11-29,0.3200153672533525,0.0017316898304173822,-0.014220535208854745,0.015952225039272128,2021,8765
2021-11-30,0.14900360144057623,0.006452447933339056,-0.0011365658538463942,0.007589013787185451,2021,8765
2021-12-01,0.25118847539015604,0.018981409178054874,-0.00010679111489364512,0.01908820029294852,2021,8765
2021-12-02,0.2094698427309609,0.022551770591241894,0.016143077877152034,0.006408692714089861,2021,8765
2021-12-03,0.23905109516614473,0.031073205691955586,0.022270513427499118,0.008802692264456468,2021,8765
2021-12-06,0.1417046818727491,0.01060583171836037,0.014439708275987529,-0.003833876557627158,2021,8765
2021-12-07,-0.19865546218487393,-0.00703151618794563,0.022808817736686405,-0.029840333924632034,2021,8765
2021-12-08,0.15649459783913564,0.002413678629295035,-0.0033997573262714354,0.00581343595556647,2021,8765
2021-12-09,0.2599279711884754,-0.001122896361063197,-0.020279871399795025,0.019156975038731826,2021,8765
2021-12-10,0.43069461464070036,0.008549042814929696,-0.015981860495683085,0.024530903310612782,2021,8765
2021-12-13,0.11260504201680673,-0.01657785265222451,-0.012118122542080778,-0.004459730110143733,2021,8765
2021-12-14,0.3746548537659431,0.011742003170210302,-0.004401851794826583,0.016143854965036883,2021,8765
2021-12-15,-0.2819207683073229,-0.012972803377723973,0.01703693988857836,-0.030009743266302333,2021,8765
2021-12-16,0.07111644657863145,0.021869629911438947,0.0035463607807897147,0.01832326913064923,2021,8765
2021-12-17,0.21171668667466984,0.007406199814072234,0.006269262173655388,0.0011369376404168456,2021,8765
2021-12-20,0.05459783913565427,0.00886796167592494,0.0076422305293148305,0.0012257311466101093,2021,8765
2021-12-21,-0.059065043595502444,-0.00446505955448252,0.0018939043477848693,-0.00635896390226739,2021,8765
2021-12-22,-0.3300360144057623,-0.009354369875572432,0.008402797152117614,-0.017757167027690045,2021,8765
2021-12-23,-0.05402160864345738,-0.007368616211384127,-0.006259404085469711,-0.001109212125914416,2021,8765
2021-12-24,-0.13681000748259062,-0.011697297237224258,-0.006010030143310629,-0.005687267093913629,2021,8765
2021-12-27,-0.016086820816661237,-0.008159868247045388,-0.005751542098559525,-0.002408326148485863,2021,8765
2021-12-28,0.2557022809123649,-0.013084412097138976,-0.028274522681675796,0.01519011058453682,2021,8765
2021-12-29,0.2905231819128372,-0.02305925989145784,-0.054969367216220824,0.03191010732476299,2021,8765
2021-12-30,0.22463924710549626,-0.022184062719621877,-0.030713232323689756,0.008529169604067879,2021,8765
2022-01-03,0.21354141656662667,0.006557091162696926,-0.0008165550299108814,0.0073736461926078075,2022,8765
2022-01-04,0.16792316926770706,0.020809908455237024,-0.01751140960449261,0.03832131805972963,2022,8765
2022-01-05,-0.035823189042475466,-0.013327823643261339,-0.008792016318806684,-0.004535807324454655,2022,8765
2022-01-06,-0.15399759903961585,-0.015116061944608194,-0.006511271916693662,-0.008604790027914533,2022,8765
2022-01-07,-0.3137170161052174,-0.02039062017902532,-0.0024181698664071383,-0.017972450312618182,2022,8765
2022-01-10,-0.3743097238895558,-0.05218221222336773,-0.006585148219747416,-0.04559706400362032,2022,8765
2022-01-11,-0.5037695078031212,-0.03930760952188972,-0.006244002870885679,-0.03306360665100404,2022,8765
2022-01-12,-0.18933973589435774,-0.035267927516581185,-0.01453086465036547,-0.020737062866215714,2022,8765
2022-01-13,0.33397358943577427,0.014714863903414376,0.001661260064265191,0.013053603839149185,2022,8765
2022-01-14,0.5471788715486194,0.04290899495971243,0.003219172681624194,0.03968982227808824,2022,8765
2022-01-17,0.23860744297719086,0.030654285401332804,0.008869750845395508,0.021784534555937297,2022,8765
2022-01-18,0.3239855942376951,-0.0069898962027320375,-0.018851863783872703,0.011861967581140664,2022,8765
2022-01-19,-0.352124849939976,-0.02306894467877755,-0.005525369225318,-0.01754357545345955,2022,8765
2022-01-20,0.2217046818727491,0.007791093404564986,-0.019704966167074844,0.02749605957163983,2022,8765
2022-01-21,0.3342217101013797,-0.0017676384352058316,-0.01685861659692538,0.015090978161719549,2022,8765
2022-01-24,0.21046818727490996,0.020648442329776473,0.003369037308636735,0.017279405021139737,2022,8765
2022-01-25,0.35414165666266506,0.024295008721232702,-0.017492167512506086,0.04178717623373879,2022,8765
2022-01-26,-0.1038655462184874,0.035082137627801005,0.06244639746703984,-0.027364259839238833,2022,8765
2022-02-07,-0.1512124849939976,0.005983873992038436,0.03179505686547318,-0.025811182873434747,2022,8765
2022-02-08,0.1440096038415366,0.004090958611670914,0.00525969814790016,-0.0011687395362292461,2022,8765
2022-02-09,-0.11202881152460985,-0.00019894459230441753,0.007385332955405577,-0.007584277547709995,2022,8765
2022-02-10,-0.020888355342136854,0.0027618845422544116,0.02613504064885678,-0.02337315610660237,2022,8765
2022-02-11,-0.2897068357818425,0.002659804319284942,0.022523466164086535,-0.019863661844801594,2022,8765
2022-02-14,-0.3549184855401289,-0.0020612847794047595,0.028745607002704853,-0.030806891782109613,2022,8765
2022-02-15,0.07034813925570228,0.013765247615688791,0.0047989651676309305,0.00896628244805786,2022,8765
2022-02-16,-0.010180316457110988,0.01045676533355704,0.01620530487571965,-0.00574853954216261,2022,8765
2022-02-17,0.07947178871548619,0.006872269983253021,0.011850967746043273,-0.004978697762790252,2022,8765
2022-02-18,0.22055222088835533,0.004184816616292453,-0.011227060245809639,0.015411876862102093,2022,8765
2022-02-21,0.020120048019207682,0.0213103333280942,0.01251810279076392,0.008792230537330279,2022,8765
2022-02-22,-0.22285714285714284,0.004302374512584739,0.03112827145085596,-0.02682589693827122,2022,8765
2022-02-23,-0.23111644657863145,0.0012435753133460126,0.031048219763873897,-0.029804644450527884,2022,8765
2022-02-24,-0.032220888355342134,-0.0029861855541078674,0.004793972781203459,-0.007780158335311326,2022,8765
2022-02-25,-0.0444188335982437,0.003939712244906602,0.01936479071772037,-0.015425078472813767,2022,8765
2022-03-01,0.05815126050420167,0.003158211979268177,0.018399557115240394,-0.015241345135972216,2022,8765
2022-03-02,-0.27827130852340937,-0.017367154237322335,0.012684878102881058,-0.030052032340203393,2022,8765
2022-03-03,0.024729891956782712,-0.003000284015548893,-0.006487515907169794,0.003487231891620901,2022,8765
2022-03-04,-0.1321040121392091,-0.0068623523039635596,0.006133077435853995,-0.012995429739817554,2022,8765
2022-03-07,0.07044417767106842,0.021084729644759936,0.004960757483660316,0.01612397216109962,2022,8765
2022-03-08,0.23198079231692675,0.012883040628985409,0.0006983742522440273,0.012184666376741381,2022,8765
2022-03-09,-0.040384153661464584,0.01190959986850243,0.01624047712358582,-0.004330877255083389,2022,8765
2022-03-10,-0.062184873949579826,0.007362878400243999,0.011746147734104517,-0.004383269333860518,2022,8765
2022-03-11,-0.14458583433373348,-0.005119361482660867,-0.0006436611497076417,-0.004475700332953226,2022,8765
2022-03-14,0.042785114045618244,-0.011243983070108298,-0.024085911327257403,0.012841928257149105,2022,8765
2022-03-15,0.10876350540216086,-0.010875122374928381,-0.016420568283673376,0.0055454459087449955,2022,8765
2022-03-16,0.1630252100840336,0.002222452068523928,-0.012610908370244322,0.01483336043876825,2022,8765
2022-03-17,0.13056422569027612,-0.004759318410756763,-0.013430824022280274,0.008671505611523512,2022,8765
2022-03-18,-0.16907968983720656,0.00018920135277362694,-0.002635005828580006,0.002824207181353633,2022,8765
2022-03-21,-0.16984393757503002,-0.017298448730194826,-0.007841605506036098,-0.009456843224158728,2022,8765
2022-03-22,-0.19644657863145257,-0.03821209928109702,-0.005727510748853604,-0.03248458853224342,2022,8765
2022-03-23,-0.22012533320470176,-0.026840297352742182,0.0017553493305399125,-0.028595646683282093,2022,8765
2022-03-24,-0.36662665066026406,-0.008624197559330993,0.009459406245404322,-0.018083603804735317,2022,8765
2022-03-25,0.32763505402160864,0.04577578463071179,0.010092213121142979,0.03568357150956881,2022,8765
2022-03-28,0.01714285714285714,0.008836384217716698,0.005750819564010435,0.0030855646537062634,2022,8765
2022-03-29,0.02665066026410564,0.021750293318710767,0.010941882768448152,0.010808410550262614,2022,8765
2022-03-30,-0.1622166730695352,0.002588797927126607,0.009822234835512344,-0.0072334369083857375,2022,8765
2022-03-31,-0.4961943865628672,-0.00014921817601621924,0.03458195815308064,-0.03473117632909686,2022,8765
2022-04-01,-0.47050349361685606,0.003846453644536152,0.02508561113104526,-0.021239157486509105,2022,8765
2022-04-06,-0.2646882278848857,-0.009199362676243739,0.0044241284649172985,-0.013623491141161037,2022,8765
2022-04-07,-0.04345738295318128,0.003846552174899287,0.000886867584817852,0.002959684590081435,2022,8765
2022-04-08,-0.0683313325330132,-0.006917822983611632,-0.013693967156883358,0.006776144173271726,2022,8765
2022-04-11,-0.06353093713565018,-0.008456366084321276,-0.0031059205486035357,-0.00535044553571774,2022,8765
2022-04-12,-0.25397968746066046,-0.01578701639153588,0.0003948772016337032,-0.016181893593169586,2022,8765
2022-04-13,-0.1951020408163265,0.0035132141854117395,0.011879200143511338,-0.008365985958099599,2022,8765
2022-04-14,-0.14641407961194058,-0.0077502789346344915,-0.0021592642603946444,-0.005591014674239847,2022,8765
2022-04-15,-0.32196878751500596,-0.0001461953084072265,0.008221395166773093,-0.00836759047518032,2022,8765
2022-04-18,-0.13190876350540215,-0.005684454141558592,-0.0009449897137439267,-0.004739464427814665,2022,8765
2022-04-19,-0.06972556365908093,0.003622223035163352,0.007624466751730519,-0.004002243716567167,2022,8765
2022-04-20,-0.07851140456182472,-0.004655486722971669,0.005857025644946412,-0.010512512367918081,2022,8765
2022-04-21,0.5576470588235294,0.03291388528455609,-0.022265737163299503,0.0551796224478556,2022,8765
2022-04-22,0.03414165666266506,0.016515255270940433,0.013525900796959357,0.0029893544739810762,2022,8765
2022-04-25,-0.02040816326530612,0.01209137098598031,0.004207645634090829,0.00788372535188948,2022,8765
2022-04-26,0.11452581032412965,0.01978759806813989,-0.004385456255952091,0.024173054324091982,2022,8765
2022-04-27,-0.00888376671964874,0.014942844137314126,0.003505658832602987,0.011437185304711139,2022,8765
2022-04-28,0.012340936374549819,0.010399915230899592,0.0010097132883592152,0.009390201942540376,2022,8765
2022-04-29,0.09157262905162064,0.005991789974179196,0.0024763844111542533,0.0035154055630249423,2022,8765
2022-05-03,0.11414165666266506,-0.00617069887836974,-0.006389247885651506,0.00021854900728176564,2022,8765
2022-05-04,0.4042737094837935,0.02497132844241907,-0.022355075369249598,0.047326403811668666,2022,8765
2022-05-05,-0.18857142857142856,-0.002990772959654264,0.016820206044044706,-0.01981097900369897,2022,8765
2022-05-06,0.2028811524609844,-0.0010913013460761456,-0.017005240303117408,0.01591393895704126,2022,8765
2022-05-09,-0.23169267707082833,-0.025636568865278674,0.003106394175459504,-0.028742963040738177,2022,8765
2022-05-10,0.010228091236494596,-0.0011206521119010216,-0.0025981995819879477,0.001477547470086926,2022,8765
2022-05-11,-0.13767106842737095,-0.009651675877402788,0.003581721981018959,-0.013233397858421748,2022,8765
2022-05-12,-0.1975030012004802,-0.03417070117947828,-0.024156700402942922,-0.010014000776535355,2022,8765
2022-05-13,0.04345738295318128,-0.013666394037509522,-0.021949408262299665,0.008283014224790143,2022,8765
2022-05-16,-0.053637454981992794,-0.002260461248184831,0.002335679107791122,-0.004596140355975953,2022,8765
2022-05-17,0.13584633853541417,0.009022311619176816,0.006729486600391332,0.0022928250187854837,2022,8765
2022-05-18,-0.0914765906362545,0.014359589178598097,0.005276612677714376,0.009082976500883721,2022,8765
2022-05-19,0.04998799519807923,-0.0013440213393824617,-0.018266072287346568,0.016922050947964107,2022,8765
2022-05-20,-0.27836734693877546,0.0044672718810520595,0.018163825029205004,-0.013696553148152945,2022,8765
2022-05-23,-0.20327018661769253,-0.0020310102543532383,0.008652632038641406,-0.010683642292994644,2022,8765
2022-05-24,-0.05983336936585044,-0.017631956788813817,-0.010592589347609682,-0.007039367441204135,2022,8765
2022-05-25,0.30871548619447775,0.004733185339766277,-0.008253357758949942,0.012986543098716219,2022,8765
2022-05-26,0.02885954381752701,-0.00031063277009630853,-0.006944533801613284,0.006633901031516975,2022,8765
2022-05-27,-0.04355342136854741,-0.0011223085681350998,-0.00113449956466275,1.2190996527650143e-05,2022,8765
2022-05-30,-0.11649739492901538,0.0027024910778514653,0.009772671758384787,-0.007070180680533322,2022,8765
2022-05-31,0.2101800720288115,0.015615374915775393,0.0034981729753696066,0.012117201940405786,2022,8765
2022-06-01,-0.23591836734693877,0.0030006715746781045,0.014865787022264121,-0.011865115447586016,2022,8765
2022-06-02,-0.06996398559423768,0.0021257807200650626,-0.0009739639107517961,0.0030997446308168586,2022,8765
2022-06-06,-0.13142857142857142,-0.002715970375773724,0.004534184731893265,-0.007250155107666989,2022,8765
2022-06-07,0.05594237695078031,0.01877993638033567,0.006269111073401235,0.012510825306934436,2022,8765
2022-06-08,0.11308523409363744,0.011714685520272128,0.0020189156232662707,0.009695769897005858,2022,8765
2022-06-09,-0.18588235294117647,0.007559246997281765,0.01518097411522421,-0.007621727117942445,2022,8765
2022-06-10,-0.15140456182472986,0.00727428665176324,0.00845727258834208,-0.0011829859365788398,2022,8765
2022-06-13,-0.2213205282112845,-0.0052071004900448355,0.01203984483601217,-0.017246945326057007,2022,8765
2022-06-14,-0.1766626650660264,-0.02510441133696928,-0.0004968277430433155,-0.024607583593925963,2022,8765
2022-06-15,-0.2564705882352941,-0.022312375877678748,0.0018849449794984374,-0.024197320857177185,2022,8765
2022-06-16,-0.2614645858343337,-0.015637115854027495,0.007286034113210382,-0.022923149967237877,2022,8765
2022-06-17,-0.02280912364945978,0.0009615036525893017,0.015737775766850103,-0.014776272114260802,2022,8765
2022-06-20,-0.3959183673469388,-0.02805852730761469,0.02735149697314223,-0.05541002428075692,2022,8765
2022-06-21,-0.3847779111644658,-0.006872850345500214,0.03754463732267037,-0.04441748766817058,2022,8765
2022-06-22,0.15303721488595437,0.016868746755361496,-0.0026080132040260384,0.019476759959387534,2022,8765
2022-06-23,0.08168067226890756,0.022625812554865333,-0.009866934247700632,0.03249274680256596,2022,8765
2022-06-24,-0.13450503017154664,-0.015474867204111564,-0.009624270859802919,-0.005850596344308645,2022,8765
2022-06-27,0.10799519807923168,-0.0036378809028088654,-0.0026297207463564453,-0.0010081601564524202,2022,8765
2022-06-28,-0.08533013205282113,0.002457858182906736,0.004471055070786434,-0.002013196887879698,2022,8765
2022-06-29,-0.061466061627839935,0.02590648762353025,0.013491812206729625,0.012414675416800625,2022,8765
2022-06-30,-0.18127250900360142,0.02968778831113672,0.041026089038068446,-0.011338300726931726,2022,8765
2022-07-01,0.33656662665066023,0.0333983704460051,0.0010409574900665853,0.03235741295593851,2022,8765
2022-07-04,0.5440096038415366,0.03527482805538814,-0.046712810629597236,0.08198763868498538,2022,8765
2022-07-05,0.4752575093208843,0.03507022091470032,-0.0350858917614047,0.07015611267610503,2022,8765
2022-07-06,0.4231932773109244,0.021759593490406015,-0.03259232178329802,0.05435191527370403,2022,8765
2022-07-07,0.0013925570228091237,-0.006763412312792716,-0.004127378229124623,-0.002636034083668093,2022,8765
2022-07-08,0.20403851238804055,0.00022074288210908178,-0.009212331370308968,0.00943307425241805,2022,8765
2022-07-11,0.07361344537815126,-0.004781387769981838,-0.011172400210756606,0.006391012440774768,2022,8765
2022-07-12,0.4224249699879952,-0.0026568413235701473,-0.025628789011991858,0.02297194768842171,2022,8765
2022-07-13,-0.07054021608643457,0.008276004596992981,0.010611362618082699,-0.0023353580210897177,2022,8765
2022-07-14,-0.1648499399759904,0.0033363105259972214,0.010914998048642066,-0.007578687522644845,2022,8765
2022-07-15,-0.015894357743097238,0.012737518219305067,0.009055508480097096,0.003682009739207971,2022,8765
2022-07-18,-0.14208883553421367,-0.005510535019292451,0.017547616616637972,-0.023058151635930422,2022,8765
2022-07-19,0.14352941176470588,-0.004261567253473819,-0.014751358326490206,0.010489791073016386,2022,8765
2022-07-20,0.15092436974789916,-0.003900742256586931,-0.008403876175498403,0.004503133918911472,2022,8765
2022-07-21,0.18362985911317178,0.007906416525537507,-0.020787210460020134,0.028693626985557642,2022,8765
2022-07-22,0.21450695100903205,0.009158311727692148,-0.009574535774699754,0.018732847502391903,2022,8765
2022-07-25,-0.1795438175270108,-0.0050693785105205055,0.009230571476122173,-0.014299949986642678,2022,8765
2022-07-26,-0.0025450180072028807,-0.014224354898954916,-0.0105216725938593,-0.003702682305095616,2022,8765
2022-07-27,-0.13498199279711884,-0.008975250699174476,0.01065131183745247,-0.019626562536626944,2022,8765
2022-07-28,-0.0017767106842737094,0.006994229145662678,0.006367985824385347,0.0006262433212773314,2022,8765
2022-07-29,-0.08139255702280913,-0.004210790589467217,-0.0051636339739948856,0.0009528433845276685,2022,8765
2022-08-01,-0.12720288115246098,-0.01281677328983014,-0.0052751088917953656,-0.007541664398034775,2022,8765
2022-08-02,0.30660264105642254,-0.008274614925523938,-0.018667895569535263,0.010393280644011325,2022,8765
2022-08-03,0.45891956782713084,0.016584029964941925,-0.01025433560111454,0.026838365566056465,2022,8765
2022-08-04,0.17849168052396955,0.031065682548794514,0.004680915007875286,0.02638476754091923,2022,8765
2022-08-05,0.05642256902761104,0.017451039759507615,0.007886095889007627,0.009564943870499987,2022,8765
2022-08-08,-0.04605042016806723,-0.002605313119144337,0.007328303666776881,-0.009933616785921218,2022,8765
2022-08-09,0.09157262905162064,-0.012511495393920935,-0.011290310083590105,-0.0012211853103308301,2022,8765
2022-08-10,0.22247833087639252,0.007069688464000268,-0.007919443078167155,0.014989131542167423,2022,8765
2022-08-11,-0.07654629282740755,0.00393916080499217,0.002766782950778657,0.001172377854213513,2022,8765
2022-08-12,-0.013637782423676985,-0.0016790678099820044,-0.002480098048129831,0.0008010302381478264,2022,8765
2022-08-15,0.42196504082461106,0.015172249225864177,-0.013432040228910046,0.028604289454774223,2022,8765
2022-08-16,0.08725090036014405,0.0049699955574132645,-0.0008812933282907887,0.005851288885704053,2022,8765
2022-08-17,0.16052821128451378,0.021409624227107137,0.008333821650243633,0.013075802576863504,2022,8765
2022-08-18,-0.07822328931572628,0.0038980111087417056,0.007974991725717218,-0.004076980616975512,2022,8765
2022-08-19,0.3564465786314525,0.01594765015327885,-0.013079375524863745,0.029027025678142596,2022,8765
2022-08-22,0.3706602641056423,0.004328174952068453,-0.013838924212680093,0.018167099164748547,2022,8765
2022-08-23,0.11327731092436974,0.008694917521857349,-0.006807252793845165,0.015502170315702514,2022,8765
2022-08-24,-0.02463385354141657,-0.0046580203928336394,0.0001505026371438678,-0.004808523029977507,2022,8765
2022-08-25,-0.15831932773109242,-0.0019965759550159222,0.0010491993685230016,-0.0030457753235389236,2022,8765
2022-08-26,-0.09522208883553422,0.0044014391088633585,0.0007415278550702675,0.0036599112537930908,2022,8765
2022-08-29,-0.19865546218487393,-0.00999761582621007,0.011972372513168105,-0.021969988339378174,2022,8765
2022-08-30,0.04297822277884121,-0.0027629543837145885,-0.014690654221786503,0.011927699838071914,2022,8765
2022-08-31,-0.19423769507803118,-0.008640242674507881,0.001895178594753244,-0.010535421269261125,2022,8765
2022-09-01,0.38641056422569026,0.015564130286980882,-0.0006688925800806489,0.01623302286706153,2022,8765
2022-09-02,0.36903647157027336,0.021894564216523405,0.005112942370603213,0.01678162184592019,2022,8765
2022-09-05,0.1567864775116386,0.006815933276445796,0.000488101363637794,0.006327831912808002,2022,8765
2022-09-06,0.07399759903961585,0.01587516991703717,-0.0029470185037109077,0.01882218842074808,2022,8765
2022-09-07,-0.07687875150060022,0.001628343281982203,0.0005681421641790197,0.0010602011178031832,2022,8765
2022-09-08,0.03644657863145258,0.006228041757626335,0.0007918914622233708,0.005436150295402964,2022,8765
2022-09-12,-0.020024009603841535,0.0097948506448572,0.015807378853888665,-0.006012528209031465,2022,8765
2022-09-13,-0.37705587179828065,0.0012223030552740988,0.023377965827092416,-0.022155662771818317,2022,8765
2022-09-14,0.0346218487394958,0.006696932221785678,-0.010775811975930815,0.017472744197716494,2022,8765
2022-09-15,-0.008691476590636255,-0.005555765942002411,0.001206280788256131,-0.006762046730258542,2022,8765
2022-09-16,0.03241296518607443,0.004541013532525839,0.008216869335563226,-0.003675855803037387,2022,8765
2022-09-19,-0.12365242866538112,-0.011257976522910818,0.006300624633434093,-0.01755860115634491,2022,8765
2022-09-20,0.0032173641633322465,0.012335900468517357,0.0027039728747054624,0.009631927593811894,2022,8765
2022-09-21,-0.1951020408163265,-0.012383138645768687,0.002780975454703849,-0.015164114100472536,2022,8765
2022-09-22,-0.16465786314525807,-0.012413566544985054,0.002236956545867441,-0.014650523090852496,2022,8765
2022-09-23,-0.045954381752701084,-0.020216393307384596,-0.014559852634422488,-0.005656540672962108,2022,8765
2022-09-26,-0.6213205282112845,-0.03821554269585098,0.0422801085701595,-0.08049565126601048,2022,8765
2022-09-27,-0.14934690758672362,0.002041617470126977,0.010153093487025144,-0.008111476016898166,2022,8765
2022-09-28,0.26540216086434576,0.037150286970771704,0.006921247012230081,0.030229039958541624,2022,8765
2022-09-29,0.685202526068475,0.06522652964518438,-0.03422955077494638,0.09945608042013077,2022,8765
2022-09-30,0.28664041523638367,0.009604254051172911,-0.024692342164033387,0.034296596215206296,2022,8765
2022-10-03,0.2715486194477791,-0.00014309500827782706,-0.02292284440795428,0.022779749399676454,2022,8765
2022-10-04,0.28221565952094946,0.028005509224512372,0.014761702591207205,0.013243806633305167,2022,8765
2022-10-05,0.41446373274209886,0.04778402847569705,0.0072441678527648936,0.040539860622932154,2022,8765
2022-10-06,0.1063625450180072,0.024735467290379908,0.014724903315609106,0.010010563974770802,2022,8765
2022-10-07,-0.16322120583830307,-0.010136720226326779,0.003994030422268102,-0.01413075064859488,2022,8765
2022-10-11,0.12557022809123647,-0.006345855506671582,-0.02201671036856313,0.01567085486189155,2022,8765
2022-10-12,0.10876350540216086,-0.0029342709798729993,-0.0007766429061024871,-0.0021576280737705122,2022,8765
2022-10-13,0.09080432172869149,0.005449042465084408,-0.013005346234488646,0.018454388699573054,2022,8765
2022-10-14,-0.08110638913236068,0.01041702876128633,0.007153484597118054,0.0032635441641682755,2022,8765
2022-10-17,-0.24043217286914764,-0.011148305408133784,0.0020442989225629925,-0.013192604330696777,2022,8765
2022-10-18,-0.3846818727490996,-0.011806662209077168,0.02410055137700804,-0.03590721358608521,2022,8765
2022-10-19,-0.3582713085234094,-0.010196029595186751,0.020493243113180036,-0.030689272708366785,2022,8765
2022-10-20,-0.20153661464585834,0.014847176968945264,0.011821561303516314,0.0030256156654289504,2022,8765
2022-10-21,0.13152460984393755,0.01623873142575959,-0.0014691043094121948,0.017707835735171786,2022,8765
2022-10-24,0.3255300248243179,0.007723050380716889,-0.012383127487609957,0.020106177868326844,2022,8765
2022-10-25,0.20984897602629726,0.003580388207176444,-0.02312152451353151,0.026701912720707953,2022,8765
2022-10-26,0.11510204081632652,0.015483817811673416,-0.002115781659722327,0.017599599471395742,2022,8765
2022-10-27,-0.11058823529411764,-0.002140507721677376,0.014385627759550879,-0.016526135481228256,2022,8765
2022-10-28,-0.12595438175270107,-0.00450459412409967,0.010359782704866016,-0.014864376828965686,2022,8765
2022-10-31,-0.23333093238255803,0.0027038160484988416,0.026872192092076495,-0.024168376043577654,2022,8765
2022-11-01,0.14871548619447778,0.017921127661092308,0.016823181777970042,0.0010979458831222658,2022,8765
2022-11-02,-0.021080432172869146,0.02990574951577445,0.027831166343153878,0.002074583172620572,2022,8765
2022-11-03,0.062953181272509,0.01097060494539912,0.0065369323616623065,0.004433672583736814,2022,8765
2022-11-04,-0.08264105642256904,-0.012918345545356202,-0.0053356994555704305,-0.007582646089785772,2022,8765
2022-11-07,-0.17306537977088682,-0.01616886222610727,-0.0037588782018141086,-0.012409984024293162,2022,8765
2022-11-08,0.10732292917166866,-0.02398363572248825,-0.040051214531687675,0.016067578809199425,2022,8765
2022-11-09,-0.5901702323485569,-0.059496302670126566,-0.000261742006942467,-0.059234560663184097,2022,8765
2022-11-10,-0.11260774571662864,-0.05821266813282565,-0.037107909810550586,-0.021104758322275062,2022,8765
2022-11-11,-0.22861944777911164,-0.043524702901595935,-0.013637078328287488,-0.029887624573308447,2022,8765
2022-11-14,0.011236764391339488,-0.03844441592118877,-0.027612618523720323,-0.010831797397468444,2022,8765
2022-11-15,0.08816538214743293,-0.0005804862936902633,0.0008608876506080776,-0.0014413739442983408,2022,8765
2022-11-16,-0.06410564225690277,-0.005198433741069597,-0.0061553229977722055,0.0009568892567026087,2022,8765
2022-11-17,-0.2394717887154862,0.0010161990991429226,0.006032116865239879,-0.005015917766096956,2022,8765
2022-11-18,0.057478991596638655,0.00964165604402597,0.0029673973002237396,0.0066742587438022305,2022,8765
2022-11-21,0.16129651860744296,0.010047007244372186,-0.008595035252007565,0.01864204249637975,2022,8765
2022-11-22,-0.11058823529411764,-0.0011536701898080648,0.012159891150460178,-0.013313561340268242,2022,8765
2022-11-23,-0.2442737094837935,-0.0015073707238770107,0.01815999292109991,-0.019667363644976923,2022,8765
2022-11-24,-0.24619447779111645,0.004050900482477637,0.016987864097118353,-0.012936963614640716,2022,8765
2022-11-25,-0.10727748568483939,-0.00593887648499476,0.005307013558589957,-0.011245890043584717,2022,8765
2022-11-28,0.24763505402160862,0.01144459267966864,-0.007109422897047723,0.018554015576716362,2022,8765
2022-11-29,0.5704955826785454,0.029913991474218204,-0.027562350413854762,0.05747634188807296,2022,8765
2022-11-30,0.20226661567693885,0.011560281460542322,0.01211084632898921,-0.000550564868446889,2022,8765
2022-12-01,0.12542918200931086,0.020851635935732814,0.02262849436049642,-0.0017768584247636054,2022,8765
2022-12-02,0.022714175977016162,0.003609912054683695,0.006645235829854446,-0.003035323775170751,2022,8765
2022-12-05,0.10991596638655461,0.018966531553191467,0.004853359762109622,0.014113171791081845,2022,8765
2022-12-06,-0.06823529411764705,-0.004753824820155428,0.004710805972600896,-0.009464630792756324,2022,8765
2022-12-07,0.10165666266506602,0.005388818624809366,-0.0022408656574255392,0.007629684282234905,2022,8765
2022-12-08,-0.22612244897959183,-0.0024103741157966764,0.002885091911768467,-0.005295466027565143,2022,8765
2022-12-09,0.16811524609843936,0.009305318852398903,0.004895507021683643,0.00440981183071526,2022,8765
2022-12-12,0.023673469387755098,0.00029709512114163284,0.005961213056798487,-0.005664117935656854,2022,8765
2022-12-13,-0.2500360144057623,-0.004232515856148167,0.029910592461629727,-0.03414310831777789,2022,8765
2022-12-14,-0.0658343337334934,-0.007283227907669998,-0.005979853704301074,-0.0013033742033689236,2022,8765
2022-12-15,0.010324129651860744,-0.01184475294894125,0.00937407320293886,-0.02121882615188011,2022,8765
2022-12-16,0.023001200480192076,-0.00268866863764996,0.011366726566794693,-0.014055395204444654,2022,8765
2022-12-19,-0.20058104642147453,0.0050532817427041635,0.013494118000393806,-0.008440836257689642,2022,8765
2022-12-20,0.08081632653061224,0.013212166631232125,0.016254466989305515,-0.00304230035807339,2022,8765
2022-12-21,-0.12432172869147658,0.004804593299300608,0.0028943985198783494,0.0019101947794222585,2022,8765
2022-12-22,0.15837114941298136,0.005021201119300267,-0.009550124464503063,0.01457132558380333,2022,8765
2022-12-23,-0.07865923933922396,-0.006539293955844161,0.0012304791769849998,-0.007769773132829161,2022,8765
2022-12-26,-0.05805522208883554,-0.002213477291679267,0.002113190516770358,-0.004326667808449624,2022,8765
2022-12-27,0.07068597087201593,0.00046938872254803643,-0.004043325575588541,0.004512714298136577,2022,8765
2022-12-28,0.15294117647058825,0.009698505749651698,-0.0029125250546056746,0.012611030804257373,2022,8765
2022-12-29,0.08581032412965187,-0.0007771222121299326,-0.003821128563630871,0.0030440063515009387,2022,8765
2022-12-30,0.03404561824729892,-0.007230803904440442,-0.01498878862896037,0.0077579847245199274,2022,8765
2023-01-03,-0.18501800720288114,-0.021063017641771577,-0.018083021006576595,-0.002979996635194982,2023,8765
2023-01-04,-0.13536614645858341,-0.011003973862950512,-0.007230877045792683,-0.0037730968171578285,2023,8765
2023-01-05,0.12057623049219686,-0.013167694347857983,-0.023385405697068106,0.010217711349210123,2023,8765
2023-01-06,-0.04845138055222088,-0.014534903366466479,-0.01285949368844307,-0.0016754096780234092,2023,8765
2023-01-09,-0.36364945978391355,-0.026770478144531606,-0.010972749309081986,-0.01579772883544962,2023,8765
2023-01-10,-0.1061704681872749,-0.021060425157046314,-0.017962110185089152,-0.003098314971957162,2023,8765
2023-01-11,0.47591836734693876,-0.008645512137130374,-0.028027075206758668,0.019381563069628294,2023,8765
2023-01-12,-0.12921968787515006,-0.01695575677026693,-0.01312834790255768,-0.003827408867709249,2023,8765
2023-01-13,0.1732052821128451,-0.012600795090421845,-0.029475657246948218,0.016874862156526373,2023,8765
2023-01-16,0.31082833133253296,0.0037453162184956424,-0.027429585645121136,0.03117490186361678,2023,8765
2023-01-17,0.1221128451380552,0.011617070490750513,0.0005677906863585047,0.011049279804392008,2023,8765
2023-01-30,-0.029868664322278467,0.01031069589864685,0.002192372864397296,0.008118323034249553,2023,8765
2023-01-31,-0.060456182472989194,0.0065692418911496905,0.003616733375760295,0.0029525085153893956,2023,8765
2023-02-01,0.04485101684406445,0.014998743038136952,-0.0015988634074388663,0.01659760644557582,2023,8765
2023-02-02,0.2684753901560624,0.011635421723082129,-0.009122441480615594,0.020757863203697723,2023,8765
2023-02-03,-0.04460984393757503,-0.0032368049199451134,0.00541117016096897,-0.008647975080914083,2023,8765
2023-02-06,-0.016950780312124852,-0.012008209976402983,-0.004448211692553106,-0.007559998283849878,2023,8765
2023-02-07,-0.12720288115246098,-0.012930504869763904,-0.006919987712079523,-0.006010517157684381,2023,8765
2023-02-08,-0.16615044783775482,-0.01954816830557654,-0.001335499464926826,-0.018212668840649714,2023,8765
2023-02-09,-0.08941605849726025,0.013434966831112527,0.012927056079892607,0.0005079107512199199,2023,8765
2023-02-10,0.13340056187667138,0.02687370414494846,0.023828651948203806,0.0030450521967446548,2023,8765
2023-02-13,0.14228091236494594,0.02567701983565407,0.02366370162135444,0.00201331821429963,2023,8765
2023-02-14,0.22429771908763504,0.022885879798833962,0.010156719155174599,0.012729160643659363,2023,8765
2023-02-15,0.09771908763505403,0.013665776622256287,0.003233833547737386,0.0104319430745189,2023,8765
2023-02-16,0.06228091236494597,0.017148521456436815,0.014725282197343936,0.0024232392590928797,2023,8765
2023-02-17,0.25138055222088834,0.01248771337454595,0.008850597161464835,0.0036371162130811163,2023,8765
2023-02-20,0.1352701080432173,0.014952909832674121,0.013902167172331437,0.0010507426603426837,2023,8765
2023-02-21,-0.07082833133253301,-0.0025486755633001177,0.01707542429267145,-0.019624099855971567,2023,8765
2023-02-22,-0.003793517406962785,0.0030107952395144856,-0.00877592444394919,0.011786719683463676,2023,8765
2023-02-23,-0.07236494597839135,-0.009810942926395195,-0.0006842238769240505,-0.009126719049471144,2023,8765
2023-02-24,-0.004081632653061224,0.0027825328936727624,-0.004227123928507703,0.007009656822180466,2023,8765
2023-03-01,-0.07755102040816325,-0.0024801478180366265,0.013241594316797566,-0.015721742134834193,2023,8765
2023-03-02,0.027130852340936373,0.002782323347373927,-0.0026366034153361808,0.005418926762710108,2023,8765
2023-03-03,-0.0575750300120048,-0.006226460216375751,-0.0002500013070736662,-0.005976458909302085,2023,8765
2023-03-06,0.011764705882352943,-0.0029287446892789504,-0.0013593470945376773,-0.001569397594741273,2023,8765
2023-03-07,-0.06410564225690277,-0.0022471327193605227,0.006173753730210807,-0.00842088644957133,2023,8765
2023-03-08,-0.046530612244897955,0.004301176904270054,-0.008970343256852243,0.013271520161122298,2023,8765
2023-03-09,-0.10405762304921969,-0.007152826941348433,0.007320399435757197,-0.01447322637710563,2023,8765
2023-03-10,0.22160864345738293,-0.002900528812788927,-0.007340480928518833,0.004439952115729905,2023,8765
2023-03-13,0.37776710684273707,0.011443803574846645,-0.006499384427207333,0.017943188002053977,2023,8765
2023-03-14,0.42482593037214883,0.02007707876696434,-0.012985967765828933,0.033063046532793273,2023,8765
2023-03-15,0.253781512605042,0.016041232118350048,0.012749728512451718,0.003291503605898329,2023,8765
2023-03-16,-0.2167106842737095,-0.006194452172493936,0.015597998117246093,-0.02179245028974003,2023,8765
2023-03-17,-0.4463385354141656,-0.0140940091428722,0.0055669739489784265,-0.019660983091850624,2023,8765
2023-03-20,-0.10117889988270216,0.0015617702272218482,-0.008286455402654958,0.009848225629876806,2023,8765
2023-03-21,0.06660264105642257,-0.005834281972990496,-0.0016006789892278883,-0.004233602983762607,2023,8765
2023-03-22,-0.0914765906362545,0.011327842834342605,0.004759475434978344,0.006568367399364261,2023,8765
2023-03-23,0.08945978391356542,0.014693213417148765,0.006904677215332999,0.007788536201815766,2023,8765
2023-03-24,-0.09762304921968785,0.0029211602245310386,0.006546427004648647,-0.003625266780117609,2023,8765
2023-03-27,-0.0480672268907563,-0.003885508842033358,-0.0025195605708730915,-0.0013659482711602666,2023,8765
2023-03-28,-0.031260504201680674,-0.0018551540941601496,0.0014282434489356066,-0.0032833975430957563,2023,8765
2023-03-29,0.30429771908763503,0.002798417398489972,-0.0031676719241958916,0.005966089322685863,2023,8765
2023-03-30,-0.10789915966386554,0.00256966970828737,0.008136644794286585,-0.005566975085999215,2023,8765
2023-03-31,0.05671068427370948,0.015196936783648685,0.008230708935023668,0.006966227848625018,2023,8765
2023-04-06,-0.07068597087201593,0.014724844436598028,0.02331311070612845,-0.008588266269530421,2023,8765
2023-04-07,0.169171668667467,0.02702561833920346,0.02020198613617501,0.006823632203028451,2023,8765
2023-04-10,-0.28230492196878754,-0.0011674039299983895,0.021885036616602748,-0.023052440546601136,2023,8765
2023-04-11,-0.23611044417767107,-0.007342547492861151,0.011021766821144719,-0.01836431431400587,2023,8765
2023-04-12,-0.3099639855942377,-0.005316154687703656,0.0042188608767528835,-0.00953501556445654,2023,8765
2023-04-13,0.20394247166674703,0.00236105557376719,-0.005030838123581227,0.007391893697348417,2023,8765
2023-04-14,0.18953181272509,0.0006896994886928743,-0.006207891151023837,0.006897590639716711,2023,8765
2023-04-17,0.06890756302521008,-0.006758954568946462,-0.01655177342351165,0.00979281885456519,2023,8765
2023-04-18,0.012148859543817525,-0.010745088110223433,-0.007453232379940844,-0.0032918557302825885,2023,8765
2023-04-19,0.23088189398957376,-0.0012835866738675316,-0.015814735639943466,0.014531148966075935,2023,8765
2023-04-20,0.01282112845138055,-0.004766076231884786,0.003152421620749657,-0.007918497852634442,2023,8765
2023-04-21,-0.032989195678271306,0.004714363220895546,0.010044980554631933,-0.005330617333736387,2023,8765
2023-04-24,0.015606242496998797,0.012556043238231961,0.01080397136910779,0.001752071869124171,2023,8765
2023-04-25,0.154765906362545,0.014227062427120685,0.007936428463348877,0.0062906339637718075,2023,8765
2023-04-26,-0.18348139255702278,-0.003677967603917742,0.013451218169038914,-0.017129185772956655,2023,8765
2023-04-27,-0.14093637454981991,-0.00600149178925905,0.004343362982718202,-0.010344854771977252,2023,8765
2023-04-28,0.3327250900360144,0.009731857140992306,-0.003939768265043164,0.01367162540603547,2023,8765
2023-05-02,-0.21027611044417766,0.003893831657931457,0.004200332505366389,-0.0003065008474349316,2023,8765
2023-05-03,-0.13359264331925835,-0.012558336518572587,-0.0009048065305677921,-0.011653529988004795,2023,8765
2023-05-04,-0.10012004801920767,-0.007077107860859288,-0.00782389242921524,0.000746784568355952,2023,8765
2023-05-05,0.07255702280912364,0.0032619211594581586,-0.005033627469464941,0.0082955486289231,2023,8765
2023-05-08,0.11212484993997598,0.0038161804459729944,0.004474281966240723,-0.0006581015202677285,2023,8765
2023-05-09,-0.09637454981992796,-0.001568572744835872,0.004220967794169561,-0.005789540539005433,2023,8765
2023-05-10,0.13373349339735893,0.007277740059656734,0.0001801573802023282,0.007097582679454406,2023,8765
2023-05-11,-0.022136854741896757,0.014119156299815527,-0.005723316733024753,0.01984247303284028,2023,8765
2023-05-12,-0.14717887154861942,-0.02226152045706752,-0.019558729446143275,-0.0027027910109242437,2023,8765
2023-05-15,0.023289315726290515,-0.014378556253192176,-0.02451556728630492,0.010137011033112743,2023,8765
2023-05-16,0.11846338535414166,-0.010185857138089305,-0.0170796090246391,0.006893751886549794,2023,8765
2023-05-17,0.1926050420168067,0.010527842316247172,-0.010118332216218185,0.020646174532465356,2023,8765
2023-05-18,0.28067226890756297,0.018674510987549707,-0.0058749690016145495,0.024549479989164256,2023,8765
2023-05-19,-0.031644657863145256,0.0012975755009443702,-0.003801749256297504,0.005099324757241874,2023,8765
2023-05-22,0.08696278511404561,0.028147761725834154,-0.0038588906011185033,0.032006652326952656,2023,8765
2023-05-23,-0.35855942376950783,-0.030088807832649223,0.007887617525550217,-0.03797642535819944,2023,8765
2023-05-24,-0.40984393757502996,-0.031740799303849335,0.005035959539528045,-0.03677675884337738,2023,8765
2023-05-25,-0.09013205282112843,0.008150671243555497,0.005481476500250415,0.002669194743305082,2023,8765
2023-05-26,-0.3545258103241296,-0.013545386261286551,0.007082792706809604,-0.020628178968096156,2023,8765
2023-05-29,0.34440202655849067,0.005517503779931421,-0.0027696891981874973,0.008287192978118918,2023,8765
2023-05-30,-0.036638655462184866,0.009517100441905513,0.01580722364980084,-0.006290123207895328,2023,8765
2023-05-31,0.26280912364945974,0.01872120238062276,0.004265162809159595,0.014456039571463164,2023,8765
2023-06-01,-0.020504201680672268,0.0009846287836975942,0.009944567514797598,-0.008959938731100004,2023,8765
2023-06-02,-0.06785276959385768,0.0013145533694792321,0.013898523830943388,-0.012583970461464157,2023,8765
2023-06-05,0.06929171668667466,-0.015393748396230034,-0.002852213868804887,-0.012541534527425147,2023,8765
2023-06-06,-0.021656662665066023,-0.004631122794532638,0.0030695621512879965,-0.007700684945820635,2023,8765
2023-06-07,-0.08830944322937317,-0.010425556540038895,-0.0008854440543558217,-0.009540112485683074,2023,8765
2023-06-08,0.2877860213559724,0.010814578135096842,-0.02775204330741332,0.03856662144251016,2023,8765
2023-06-09,0.09781512605042017,0.02477070245896752,-0.006903216725649019,0.03167391918461654,2023,8765
2023-06-12,0.07246272421594568,0.046579491618015924,0.010986082140105513,0.03559340947791041,2023,8765
2023-06-13,0.08936374549819928,0.03739050689901792,0.022937807346961814,0.014452699552056105,2023,8765
2023-06-14,0.20096038415366146,0.016916697023866067,-0.0009503820879305125,0.01786707911179658,2023,8765
2023-06-15,0.30583433373349334,0.009058712863790985,-0.010563725611600228,0.01962243847539121,2023,8765
2023-06-16,0.6612725090036015,0.011910246468619023,-0.034772938999339656,0.04668318546795868,2023,8765
2023-06-19,0.18756752868620533,0.013198531859944873,0.002437393644142394,0.01076113821580248,2023,8765
2023-06-20,-0.009555822328931571,0.009594541562008507,-0.0008195258813885941,0.010414067443397101,2023,8765
2023-06-21,0.011813008719100487,0.002625518653781367,0.0021430600845137814,0.0004824585692675856,2023,8765
2023-06-26,0.19462184873949578,0.0020713951930354637,0.010844190986594926,-0.008772795793559461,2023,8765
2023-06-27,0.146890756302521,0.011216965662158917,-0.0038810144889431576,0.015097980151102074,2023,8765
2023-06-28,0.262143148770608,0.021402128047353065,-0.019255942460023177,0.04065807050737624,2023,8765
2023-06-29,0.34819563504958384,0.05465886203112795,-0.002223936751811395,0.056882798782939344,2023,8765
2023-06-30,0.12691476590636253,0.013674023312423378,-0.006572052773963721,0.0202460760863871,2023,8765
2023-07-03,0.01637454981992797,0.010095855399232889,0.013517637244920411,-0.0034217818456875222,2023,8765
2023-07-04,0.0468187274909964,-0.006122277934715814,-0.010342704035219686,0.004220426100503872,2023,8765
2023-07-05,0.1574549819927971,0.03567472509453875,0.009106001587154999,0.02656872350738375,2023,8765
2023-07-06,0.33166866746698676,-0.0022185410972302643,-0.02716319365063611,0.024944652553405847,2023,8765
2023-07-07,0.4901320528211285,0.023236699598376664,-0.02299090859213474,0.0462276081905114,2023,8765
2023-07-10,0.2930612244897959,0.016135019317285736,-0.020919520768940637,0.03705454008622637,2023,8765
2023-07-11,-0.01262905162064826,0.013958586902881664,2.4317013220942486e-05,0.013934269889660721,2023,8765
2023-07-12,-0.17489015347546333,-0.005220663085967969,0.003399665254392603,-0.008620328340360573,2023,8765
2023-07-13,0.12672268907563025,0.006335112696173928,-0.0039029692312140484,0.010238081927387977,2023,8765
2023-07-14,-0.07313325330132053,-0.00653222435661327,0.010120126362466597,-0.01665235071907987,2023,8765
2023-07-17,-0.15495798319327728,0.013039633857487765,0.024767864745865655,-0.01172823088837789,2023,8765
2023-07-18,-0.0014885954381752698,0.047110458801147156,0.005854528247988755,0.041255930553158404,2023,8765
2023-07-19,-0.033565426170468184,0.03210618314112799,0.006700677680085343,0.025405505461042643,2023,8765
2023-07-20,0.5673469387755101,0.05381667719065395,-0.021643012748704327,0.07545968993935828,2023,8765
2023-07-21,0.11913565426170468,-0.0003043159854105415,-0.010549667028214527,0.010245351042803986,2023,8765
2023-07-24,0.2166146458583433,-0.008364909945242171,-0.022483576429241103,0.014118666483998931,2023,8765
2023-07-25,0.493781512605042,0.03667303062756394,-0.00845026147640603,0.04512329210396997,2023,8765
2023-07-26,0.11087635054021608,-0.0008146667469061009,-0.0003924829204181912,-0.0004221838264879097,2023,8765
2023-07-27,-0.10434573829531814,-0.010078149669204717,0.0015897623274696905,-0.011667911996674407,2023,8765
2023-07-28,0.08168067226890756,-0.04435080582861112,0.0006152801993617119,-0.04496608602797283,2023,8765
2023-07-31,-0.021705203012330976,-0.014382659296977685,-0.0032158631909529724,-0.011166796106024713,2023,8765
2023-08-01,0.06506602641056422,-0.0022604341044943133,-0.0011174315835163818,-0.0011430025209779315,2023,8765
2023-08-02,0.3454021608643457,0.018860768579780474,-0.014988458896262324,0.0338492274760428,2023,8765
2023-08-04,0.25282112845138055,0.008553059373605487,-0.0020453462492974195,0.010598405622902906,2023,8765
2023-08-07,0.050660264105642255,-0.009238334023892214,-0.004761917038143326,-0.0044764169857488875,2023,8765
2023-08-08,-0.2767960049292202,-0.006735907551226883,-0.003379621419513601,-0.0033562861317132818,2023,8765
2023-08-09,0.146890756302521,0.00473041097882696,-0.006821522722902595,0.011551933701729555,2023,8765
2023-08-10,0.2372629051620648,0.01117206622692729,-0.01595099261916725,0.02712305884609454,2023,8765
2023-08-11,0.3402160864345738,0.05790403455482762,-0.024878358428145286,0.08278239298297291,2023,8765
2023-08-14,0.0014885954381752698,0.006651372361387598,-0.007108398783583958,0.013759771144971556,2023,8765
2023-08-15,0.11759903961584633,0.021281164015103392,0.01248307342137056,0.008798090593732832,2023,8765
2023-08-16,0.19078031212484994,0.009608926410645192,0.003700925213287265,0.005908001197357926,2023,8765
2023-08-17,-0.037118847539015606,-0.005011963552489085,-0.0003230261839614612,-0.004688937368527624,2023,8765
2023-08-18,0.08715486194477791,0.011355274332461885,-0.004099212703055921,0.015454487035517807,2023,8765
2023-08-21,-0.0811044417767107,-0.023416628584919295,-0.006703407750134538,-0.016713220834784756,2023,8765
2023-08-22,-0.03279790632173022,-0.023747979350903125,0.005495571180794722,-0.029243550531697846,2023,8765
2023-08-23,-0.42607442977190874,-0.05495366575155099,0.01890867192192902,-0.07386233767348001,2023,8765
2023-08-24,-0.16922375091914682,0.007533703864619534,0.007457563516790344,7.614034782918964e-05,2023,8765
2023-08-25,-0.20134453781512604,-0.017482196885178557,-0.004208242208597823,-0.013273954676580733,2023,8765
2023-08-28,-0.028524094224169468,0.008387460962552917,0.005490074040968918,0.0028973869215839993,2023,8765
2023-08-29,-0.20908065025594927,-0.013824704429336865,0.007247945387689169,-0.021072649817026036,2023,8765
2023-08-30,0.03860836995998696,0.008070382208513072,0.007746740826730447,0.000323641381782625,2023,8765
2023-08-31,-0.3153421368547419,0.0005964969569238088,0.008769112475203223,-0.008172615518279414,2023,8765
2023-09-01,0.12734999643518086,0.019405663488788437,0.009871984841535375,0.009533678647253062,2023,8765
2023-09-04,0.15860744297719087,0.02291327030754029,0.009433427132029248,0.013479843175511043,2023,8765
2023-09-05,0.0790876350540216,0.013421630813058149,0.007726770014942897,0.005694860798115252,2023,8765
2023-09-06,-0.06621848739495799,-0.014541897757940092,-0.01327096811040035,-0.0012709296475397428,2023,8765
2023-09-07,-0.26482593037214885,-0.033258162439607164,0.004216625680028651,-0.03747478811963582,2023,8765
2023-09-08,-0.14208883553421367,-0.030220462799199422,-0.002483800935671998,-0.027736661863527422,2023,8765
2023-09-11,-0.008115246098439374,0.0035085097360154196,0.004639189409976585,-0.0011306796739611654,2023,8765
2023-09-12,0.2456182472989196,0.0237175835399576,-0.0006423919619259255,0.024359975501883527,2023,8765
2023-09-13,0.11414439725732463,0.025378838305673036,0.007768613907780719,0.017610224397892317,2023,8765
2023-09-14,-0.007635054021608643,-0.0003267489124684775,0.008567542512395322,-0.008894291424863799,2023,8765
2023-09-15,0.06036014405762304,-0.007283687442584818,0.0003433494492844802,-0.007627036891869298,2023,8765
2023-09-18,-0.16725090036014406,-0.006388619696244824,-0.0015446542041390398,-0.004843965492105784,2023,8765
2023-09-19,0.10645858343337333,0.028616175297309653,0.00204956121936718,0.026566614077942474,2023,8765
2023-09-20,0.11683073229291716,0.012900092878814651,0.004491505815139152,0.0084085870636755,2023,8765
2023-09-21,-0.027130852340936373,0.006365055123933127,0.005884710710448005,0.0004803444134851226,2023,8765
2023-09-22,-0.2802881152460984,-0.00963052627470371,0.01775027785459361,-0.027380804129297318,2023,8765
2023-09-25,-0.07111815411783667,-0.014158722084137954,0.014990294475720678,-0.02914901655985863,2023,8765
2023-09-26,0.37123649459783914,0.03309795273993269,-0.015308911442519757,0.04840686418245245,2023,8765
2023-09-27,0.16235294117647062,0.0011611759790392307,-0.010201620946935497,0.011362796925974727,2023,8765
2023-09-28,0.17791116446578628,0.009157034084943606,-0.00897306326541788,0.018130097350361488,2023,8765
2023-10-02,0.21801243733624479,0.016054334450913255,0.0016876724313213075,0.014366662019591947,2023,8765
2023-10-03,-0.06650660264105641,-0.006473437438119312,-0.006025531496795966,-0.00044790594132334584,2023,8765
2023-10-04,0.389483793517407,0.003273861127458999,-0.03660743504818574,0.03988129617564474,2023,8765
2023-10-05,0.13200797141791562,-0.021577055665561017,-0.03339214277702833,0.011815087111467313,2023,8765
2023-10-06,0.18300120048019208,0.0037865170088285495,-0.02521276025873064,0.028999277267559187,2023,8765
2023-10-11,-0.2849939975990396,-0.012994600282833602,0.0063000117210063045,-0.019294612003839907,2023,8765
2023-10-12,-0.08019400228007241,-0.02415937926115146,-0.0076961769348889205,-0.01646320232626254,2023,8765
2023-10-13,-0.18050420168067227,-0.03123931072812468,-0.009828660854650362,-0.021410649873474318,2023,8765
2023-10-16,-0.13565426170468187,-0.026224677829435585,-0.005948276466890767,-0.020276401362544817,2023,8765
2023-10-17,-0.022136854741896757,-0.011187913194558863,-0.006656185691664318,-0.004531727502894545,2023,8765
2023-10-18,-0.025210084033613446,0.001054451230227471,-0.012437006737330624,0.013491457967558095,2023,8765
2023-10-19,-0.2781752701080432,-0.0009136752272339788,0.033031362729643465,-0.03394503795687744,2023,8765
2023-10-20,-0.07082833133253301,0.013287781965459855,0.018624282531635505,-0.005336500566175651,2023,8765
2023-10-23,-0.0453781512605042,0.008895272949031996,0.01088565176491304,-0.0019903788158810443,2023,8765
2023-10-24,-0.21474705281226578,0.0009261066530546147,0.012886500303166914,-0.011960393650112299,2023,8765
2023-10-25,-0.0805282112845138,0.010673478364770195,0.015335585598970946,-0.004662107234200751,2023,8765
2023-10-26,-0.007251074457659242,0.009235780028785978,0.008367869073873869,0.000867910954912109,2023,8765
2023-10-27,0.0724609843937575,0.003894606085571983,-0.000950038894737737,0.00484464498030972,2023,8765
2023-10-30,0.1926050420168067,0.003588890790189403,-0.011450427279360941,0.015039318069550344,2023,8765
2023-10-31,0.12845138055222088,0.010647364905889734,-0.009852124235652893,0.020499489141542628,2023,8765
2023-11-01,0.12725395571388737,0.0012668749575893367,-0.00603542540707751,0.0073023003646668465,2023,8765
2023-11-02,0.21325330132052822,0.02375800054307372,-0.00342198269745887,0.027179983240532588,2023,8765
2023-11-03,0.47636197761575955,0.01766147013517355,-0.01523823854722256,0.03289970868239611,2023,8765
2023-11-06,0.37728691476590637,0.0015854621782880663,-0.01568556119329372,0.017271023371581786,2023,8765
2023-11-07,0.049219687875150055,-0.016463236976774355,-0.017010853168909424,0.000547616192135069,2023,8765
2023-11-08,-0.025258709700190476,-0.015537336467438734,-0.008715271160347393,-0.006822065307091341,2023,8765
2023-11-09,-0.2790396158463385,-0.02361270085227447,-0.0006195010805517875,-0.02299319977172268,2023,8765
2023-11-10,-0.35558223289315727,-0.004598767452229058,0.004971583448473038,-0.009570350900702096,2023,8765
2023-11-13,0.18540216086434572,-0.0023538556141008303,-0.010233306105695682,0.007879450491594851,2023,8765
2023-11-14,0.035966386554621844,0.006778117847534959,0.00036570454143686204,0.006412413306098097,2023,8765
2023-11-15,0.16667466986794718,0.011451984710791386,-0.004030081417155951,0.015482066127947336,2023,8765
2023-11-16,0.14775510204081632,0.01481642560204327,0.00742432294040124,0.0073921026616420304,2023,8765
2023-11-17,-0.3274429771908764,0.0030871074670724254,0.01710151762744727,-0.014014410160374847,2023,8765
2023-11-20,0.09522208883553422,0.004365150567101561,-0.0019976652569478003,0.006362815824049361,2023,8765
2023-11-21,-0.06775510204081632,-0.006604381066498477,0.0002498654993537408,-0.006854246565852218,2023,8765
2023-11-22,-0.029627851140456178,-0.0033090360098131264,-0.001185473658414171,-0.0021235623513989554,2023,8765
2023-11-23,-0.3136134453781513,-0.004920902587422815,0.008155851402271019,-0.013076753989693834,2023,8765
2023-11-24,-0.19721488595438177,0.001048955841667165,0.003303902667297509,-0.002254946825630344,2023,8765
2023-11-27,0.2624249699879952,0.01458985338514488,0.0022848263469881225,0.012305027038156757,2023,8765
2023-11-28,-0.011668667466986795,-0.00032321581920949913,0.006633887677980699,-0.006957103497190198,2023,8765
2023-11-29,0.20297719087635052,0.0006001405492037204,0.006461681716835066,-0.005861541167631345,2023,8765
2023-11-30,0.2670348139255702,0.0063139443911302325,0.00820060732834208,-0.001886662937211847,2023,8765
2023-12-01,-0.021561141930390725,0.001598897347161976,0.004692874976648021,-0.003093977629486045,2023,8765
2023-12-04,0.41589435774309724,0.010268490573053879,-0.008291985719904782,0.01856047629295866,2023,8765
2023-12-05,0.24388955582232894,0.00763533606500093,0.0021271381955369484,0.005508197869463982,2023,8765
2023-12-06,0.17262905162064823,0.016641551558080402,-0.00023398391888286297,0.016875535476963265,2023,8765
2023-12-07,0.4167587034813925,0.022958872648390406,-0.01383233311710359,0.036791205765493995,2023,8765
2023-12-08,0.1657142857142857,0.001168808130348775,-0.014080318859867958,0.015249126990216733,2023,8765
2023-12-11,0.05527010804321728,-0.008047161961121919,-0.006404014496831989,-0.0016431474642899296,2023,8765
2023-12-12,0.17474189675870347,0.008030874316288539,-0.0014482810898480247,0.009479155406136563,2023,8765
2023-12-13,0.0563265306122449,0.00845033411065591,0.001296092225768808,0.007154241884887102,2023,8765
2023-12-14,-0.04969987995198079,-0.0022684408221923746,-0.007386645349199661,0.005118204527007286,2023,8765
2023-12-15,0.012436974789915966,0.0036279658110754177,0.005251675089580099,-0.0016237092785046816,2023,8765
2023-12-18,0.08773109243697479,0.037290674134588676,0.01316427336626611,0.024126400768322565,2023,8765
2023-12-19,0.10732292917166866,0.01102693552009626,0.0007107685949449882,0.010316166925151271,2023,8765
2023-12-20,0.21478991596638655,0.012948884478849865,0.0026619739029397848,0.01028691057591008,2023,8765
2023-12-21,0.46189675870348135,0.00853393451129313,-0.020714785133258286,0.029248719644551415,2023,8765
2023-12-22,0.08821128451380551,-0.0032448591197109743,-0.006827110022163163,0.0035822509024521884,2023,8765
2023-12-25,-0.04139355087749846,-0.0002490787962115548,-0.0045079274997931965,0.004258848703581642,2023,8765
2023-12-26,0.17445378151260504,0.0033475827188143904,0.000392777636356878,0.002954805082457512,2023,8765
2023-12-27,-0.01013205282112845,0.0019420444682415106,0.005463753934864923,-0.0035217094666234127,2023,8765
2023-12-28,-0.16542617046818728,-0.005357461888649662,0.011933475566565498,-0.01729093745521516,2023,8765
2023-12-29,-0.2037454981992797,-0.009354473464388401,0.01828405326356015,-0.027638526727948552,2023,8765
2024-01-02,-0.03385354141656663,0.005754854626482298,0.006480398428970702,-0.0007255438024884042,2024,8765
2024-01-03,0.0474452555291585,-0.0034469622932066456,-0.01719007660737676,0.013743114314170113,2024,8765
2024-01-04,0.2704921968787515,0.001365376808849028,-0.03227484964919196,0.03364022645804099,2024,8765
2024-01-05,0.18362985911317178,0.00410696563241737,-0.01829497225544229,0.022401937887859658,2024,8765
2024-01-08,-0.07543998657604419,-0.004708514433285615,0.004454621328151087,-0.009163135761436701,2024,8765
2024-01-09,-0.09215107208111316,0.0016847129642370451,0.010072810608615413,-0.008388097644378367,2024,8765
2024-01-10,4.801920768307323e-05,0.006076640381770337,0.01089419378310128,-0.004817553401330943,2024,8765
2024-01-11,-0.3022954287004582,-0.021425750946502987,0.000922488881590855,-0.022348239828093842,2024,8765
2024-01-12,-0.08273709483793518,-0.024446763811584338,-0.01843829699528793,-0.0060084668162964094,2024,8765
2024-01-15,-0.15222454325019735,-0.03873127308502079,-0.03252245209466975,-0.006208820990351041,2024,8765
2024-01-16,-0.1880477322926728,-0.024476164600110505,0.007626667348601668,-0.03210283194871217,2024,8765
2024-01-17,-0.25531812725090036,-0.040879535869570924,0.006470938447795371,-0.047350474317366296,2024,8765
2024-01-18,-0.05959183673469387,-0.00935766402905086,0.014265773896321322,-0.023623437925372182,2024,8765
2024-01-19,0.32686674669867943,0.010484412432199464,-0.006098091068884137,0.0165825035010836,2024,8765
2024-01-22,0.2155582232893157,-0.013344850424533861,-0.027805732160407992,0.01446088173587413,2024,8765
2024-01-23,0.1940022570128698,-0.014124212360918076,-0.02587715259077087,0.011752940229852795,2024,8765
2024-01-24,0.10933973589435773,-0.0029921029387663723,-0.00720205483403531,0.004209951895268937,2024,8765
2024-01-25,-0.10295565322663189,-0.004169612391772504,-0.0010426362231282127,-0.0031269761686442913,2024,8765
2024-01-26,0.13887488299040085,0.010882228927934268,0.00562515280619399,0.005257076121740279,2024,8765
2024-01-29,0.2415846338535414,0.035628497251048344,0.013624615137779905,0.02200388211326844,2024,8765
2024-01-30,-0.23237052516962303,0.00035159186714127654,0.01767253483155302,-0.017320942964411744,2024,8765
2024-01-31,-0.19741644279389736,-0.051021882302821175,-0.030056141092015022,-0.020965741210806153,2024,8765
2024-02-01,0.28854741896758695,-0.025685612234129008,-0.05315496220876181,0.027469349974632806,2024,8765
2024-02-02,-0.3842016806722689,-0.03708084703887575,-0.01461982124794875,-0.022461025790927,2024,8765
2024-02-05,0.23860744297719086,0.013487667999078712,-0.010080815643362107,0.023568483642440817,2024,8765
2024-02-15,0.2349579831932773,0.02380696581967041,0.016121376492851468,0.007685589326818943,2024,8765
2024-02-16,-0.07039784870813542,-0.007175382182195678,-0.0018782386793805062,-0.005297143502815172,2024,8765
2024-02-19,-0.3315726290516206,-0.018721242457362276,0.005074175368705103,-0.02379541782606738,2024,8765
2024-02-20,-0.3190876350540216,-0.03309229416556427,-0.015145273201164478,-0.017947020964399794,2024,8765
2024-02-21,-0.04101037269423214,-0.015718328352412637,0.0018539929973409252,-0.01757232134975356,2024,8765
2024-02-22,0.008115246098439374,-0.009251275800512793,-0.0068743857142431804,-0.0023768900862696125,2024,8765
2024-02-23,-0.03289473688003398,0.030443554320342636,0.021670069813037172,0.008773484507305463,2024,8765
2024-02-26,-0.1722970540005388,-0.004362100191379825,-0.008661349725725399,0.004299249534345574,2024,8765
2024-02-27,-0.07169611994436602,0.00026837930443344147,-0.005639122782868156,0.005907502087301597,2024,8765
2024-02-29,0.28950780312124846,-0.015968598358139983,-0.04459232275223245,0.028623724394092463,2024,8765
2024-03-01,0.045858343337334934,-0.017549680803566826,-0.03977117143842255,0.022221490634855724,2024,8765
2024-03-04,-0.21710005048395653,-0.056245377126428464,-0.018853999434828673,-0.037391377691599795,2024,8765
2024-03-05,-0.19030012004801922,-0.04886154764180126,-0.029170433595484956,-0.019691114046316308,2024,8765
2024-03-06,-0.04869381488518899,-0.0033339258984329545,0.014370399928919387,-0.01770432582735234,2024,8765
2024-03-07,0.007250900360144057,0.014189276529510731,0.006823730178740805,0.007365546350769926,2024,8765
2024-03-08,-0.3431932773109243,-0.0012339051321009543,0.023389873871534593,-0.02462377900363555,2024,8765
2024-03-11,0.0020649250888196513,-0.020159491206648672,-0.0014189709864401046,-0.018740520220208567,2024,8765
2024-03-12,-0.1797358943577431,-0.011540028135137126,0.014685735927776222,-0.026225764062913347,2024,8765
2024-03-13,-0.02732424129159027,-0.00171118926296695,0.0016746834935321808,-0.0033858727564991305,2024,8765
2024-03-14,-0.1985594237695078,-0.01631806375285305,0.0002980919203980692,-0.016616155673251122,2024,8765
2024-03-15,0.042593037214885957,-0.015946208092579007,-0.01672424869669644,0.0007780406041174338,2024,8765
2024-03-18,-0.19126050420168067,-0.008879626206111624,-0.003088511496385038,-0.0057911147097265865,2024,8765
2024-03-19,0.12441776710684273,0.01139890117311082,0.002475207598771856,0.008923693574338965,2024,8765
2024-03-20,0.08302919717602737,-0.0022227920434485402,-0.001686269373991256,-0.0005365226694572843,2024,8765
2024-03-21,-0.07889555822328932,-0.01634384591151833,-0.007396561091503129,-0.0089472848200152,2024,8765
2024-03-22,0.21709483793517406,0.003952455930700672,-0.01484167911493397,0.018794135045634642,2024,8765
2024-03-25,0.01944777911164466,0.001456054379777172,0.011110612520583318,-0.009654558140806147,2024,8765
2024-03-26,-0.01282174415615923,0.013469603986849831,0.019112511170485413,-0.0056429071836355815,2024,8765
2024-03-27,0.19765655036236476,0.006292391658380869,-0.018690011619668444,0.024982403278049313,2024,8765
2024-03-28,0.28489795918367344,-0.0007538286953056028,-0.011817926917681621,0.011064098222376018,2024,8765
2024-03-29,0.08024009603841536,-0.005713112321950997,-0.008823533637635462,0.003110421315684464,2024,8765
2024-04-01,0.12134453781512604,-0.0017241138033784464,-0.005476490196954109,0.0037523763935756625,2024,8765
2024-04-02,-0.19289315726290512,-0.0056368403516485754,0.0028830037869967628,-0.008519844138645339,2024,8765
2024-04-03,-0.061225959824606185,-0.012822506317678072,-0.01851062005147134,0.005688113733793267,2024,8765
2024-04-08,0.1639974072014811,-0.015052053843499124,-0.035895884553103566,0.020843830709604442,2024,8765
2024-04-09,0.30746698679471784,0.009837359116236266,-0.012062700684922456,0.021900059801158722,2024,8765
2024-04-10,0.3357983193277311,0.02572658069240207,-0.00917784129367929,0.03490442198608136,2024,8765
2024-04-11,0.2618070062460808,0.015499126937301133,-0.007164236400770208,0.02266336333807134,2024,8765
2024-04-12,0.11644657863145258,-0.006033024235447493,-0.015222027857691755,0.009189003622244262,2024,8765
2024-04-15,-0.03490996398559423,0.005104213069445984,0.017274554455361003,-0.01217034138591502,2024,8765
2024-04-16,-0.16235683934666162,0.022552963943883085,0.029029672571819785,-0.0064767086279367,2024,8765
2024-04-17,-0.16619447779111643,0.017844384132666702,0.026743199582605327,-0.008898815449938625,2024,8765
2024-04-18,-0.11932773109243697,0.004317513580203625,0.00438030035822814,-6.278677802451504e-05,2024,8765
2024-04-19,0.23303721488595439,0.004657672664856038,-0.01374692727318535,0.01840459993804139,2024,8765
2024-04-22,-0.029532521797751222,-0.011639745750930219,-0.013113526596269243,0.0014737808453390237,2024,8765
2024-04-23,-0.008595438175270108,-0.008100607366942758,-0.006210200188501202,-0.001890407178441556,2024,8765
2024-04-24,0.14247298919567825,0.0013335101114172686,-0.007934677889657515,0.009268188001074784,2024,8765
2024-04-25,-0.037791116446578635,0.009020910810678429,-0.00563530817633231,0.01465621898701074,2024,8765
2024-04-26,0.09330132052821127,-0.006351402316579902,-0.006761228784632223,0.00040982646805232115,2024,8765
2024-04-29,0.26050420168067223,0.010368679150061722,-0.0065466322928828926,0.016915311442944614,2024,8765
2024-04-30,0.18108043217286915,0.015044685108624977,0.000370154980147408,0.014674530128477569,2024,8765
2024-05-02,-0.03808014599287271,0.004437002834642134,0.0010357381431043366,0.0034012646915377973,2024,8765
2024-05-03,0.12557022809123647,-0.0008623425511285699,-0.014097270761791503,0.013234928210662933,2024,8765
2024-05-06,0.15217286914765904,-0.0026355989345074548,-0.010118043343848193,0.007482444409340738,2024,8765
2024-05-07,-0.1827654926215303,-0.0143827371145543,-0.004856352334452041,-0.00952638478010226,2024,8765
2024-05-08,0.051908763505402154,0.03706941939557681,0.016472493018914836,0.02059692637666197,2024,8765
2024-05-09,-0.1689917641613768,-0.015500678754920139,0.03333235426264521,-0.04883303301756535,2024,8765
2024-05-10,-0.14242838967826035,-0.019217512736524535,-0.005300111572717803,-0.013917401163806731,2024,8765
2024-05-13,-0.27058823529411763,-0.013521005352414017,0.014276160937288151,-0.02779716628970217,2024,8765
2024-05-14,-0.025978391356542615,-0.0014456894953881916,0.0017758517765852576,-0.0032215412719734495,2024,8765
2024-05-15,0.11750300120048018,0.0054164692235892375,0.008839009178926448,-0.003422539955337211,2024,8765
2024-05-16,0.3728691476590636,0.016049734044401055,-0.007753040108308939,0.023802774152709996,2024,8765
2024-05-17,0.17224489795918366,-0.01872859794531221,-0.044180228713770496,0.025451630768458286,2024,8765
2024-05-20,0.1562064825930372,-0.0130235460652386,-0.03143742669932855,0.01841388063408995,2024,8765
2024-05-21,-0.14180412498985262,-0.014189469401995402,-0.009298530277232975,-0.0048909391247624265,2024,8765
2024-05-22,-0.1890516206482593,0.011615102636692631,0.01403455908939275,-0.002419456452700119,2024,8765
2024-05-23,-0.09647058823529413,-0.0180799505604227,0.008496830739589966,-0.026576781300012665,2024,8765
2024-05-24,0.05114045618247299,0.013369839431709774,0.012891610367231954,0.00047822906447781907,2024,8765
2024-05-27,0.25969411037762374,0.02929576535600481,-0.0017961364091055644,0.031091901765110376,2024,8765
2024-05-28,0.39342136854741894,0.020261279138825118,-0.0036797697859365596,0.023941048924761676,2024,8765
2024-05-29,0.09032629837653666,-0.002189714916305108,-0.008163428884943525,0.005973713968638417,2024,8765
2024-05-30,0.06852505464291217,-9.931954044748448e-05,-0.014717685994460527,0.014618366454013043,2024,8765
2024-05-31,0.2949001155916623,0.0034970429331949602,-0.03380345536604843,0.03730049829924339,2024,8765
2024-06-03,-0.21325330132052822,-0.009459969636205079,-0.011736810176610647,0.002276840540405568,2024,8765
2024-06-04,0.21288959422021528,-0.008679694004911665,-0.013051595460612275,0.00437190145570061,2024,8765
2024-06-05,-0.28345738295318124,-0.030972748992775488,0.00016828429362520937,-0.031141033286400697,2024,8765
2024-06-06,-0.060505654414904936,-0.04546176266309001,-0.018713781637078118,-0.02674798102601189,2024,8765
2024-06-07,-0.09426623138030175,-0.04118311926316387,-0.01826640884228623,-0.022916710420877638,2024,8765
2024-06-11,-0.07447779111644658,-0.007837637341304115,-0.0027954675579052735,-0.0050421697833988414,2024,8765
2024-06-12,0.0994981872600659,0.003759632242178024,-0.009505177007732258,0.013264809249910282,2024,8765
2024-06-13,-0.13680672268907562,-0.003980845543035872,-0.013270298225307309,0.009289452682271437,2024,8765
2024-06-14,-0.22439914530226251,-0.02957542315564089,-0.010544493655349962,-0.01903092950029093,2024,8765
2024-06-17,-0.13776710684273707,-0.0016037599088216004,0.010376974260126659,-0.01198073416894826,2024,8765
2024-06-18,0.025498199279711888,0.004474937586747274,-0.00822606127831944,0.012700998865066714,2024,8765
2024-06-19,-0.24542617046818724,0.02496894699474772,0.02920646140719879,-0.004237514412451071,2024,8765
2024-06-20,-0.06967754329843419,-0.001910595303493423,1.551642090547034e-05,-0.0019261117243988934,2024,8765
2024-06-21,0.12091526810851638,0.0008583603128187844,-0.004424821369130483,0.0052831816819492675,2024,8765
2024-06-24,0.05690412736639869,-0.030035313253872053,-0.03070307029740881,0.0006677570435367555,2024,8765
2024-06-25,0.01579831932773109,-0.011780190275089364,-0.017222457698503568,0.005442267423414204,2024,8765
2024-06-26,-0.14180072028811525,-0.005172541297763955,-0.00757198703410662,0.002399445736342665,2024,8765
2024-06-27,-0.1958703481392557,-0.022441817776473295,-0.008286753009739124,-0.014155064766734171,2024,8765
2024-06-28,-0.3866119235669838,-0.024275539172183724,0.007421040767694398,-0.03169657993987812,2024,8765
2024-07-01,-0.3968787515006002,-0.02518152030252375,0.006063857147800644,-0.031245377450324394,2024,8765
2024-07-02,-0.11942376950780313,-0.016977556750968282,-0.01056705456607363,-0.006410502184894652,2024,8765
2024-07-03,-0.08533013205282113,-0.03753713330898724,-0.028608785027857166,-0.008928348281130073,2024,8765
2024-07-04,-0.3582713085234094,-0.04503954036201371,-0.002148663203491652,-0.04289087715852206,2024,8765
2024-07-05,-0.2847607386352272,-0.052385722596384174,-0.013002315383933849,-0.03938340721245032,2024,8765
2024-07-08,-0.2851860744297719,-0.027152930267571762,0.002814966844882638,-0.0299678971124544,2024,8765
2024-07-09,0.11861029079747237,-0.01416776907382854,-0.013901390007420356,-0.0002663790664081851,2024,8765
2024-07-10,0.3233133253301321,0.028265278126268133,0.0038513244266909718,0.024413953699577162,2024,8765
2024-07-11,0.20854741896758705,0.007539250962281363,-0.0014583993069676616,0.008997650269249025,2024,8765
2024-07-12,0.017623049219687877,0.027788698238702912,0.02850338727959977,-0.0007146890408968563,2024,8765
2024-07-15,-0.24533013205282111,0.0023081690991104244,0.0204229546637812,-0.018114785564670777,2024,8765
2024-07-16,-0.030684273709483793,0.02961062603246557,0.03393937043800741,-0.004328744405541842,2024,8765
2024-07-17,-0.05853541416566627,-0.006945602552745478,0.016689989320790487,-0.023635591873535963,2024,8765
2024-07-18,-0.24619447779111645,0.010764308999323947,0.023597663996096873,-0.012833354996772926,2024,8765
2024-07-19,-0.023385354141656663,0.014182075501933289,0.02150460573567995,-0.007322530233746662,2024,8765
2024-07-22,0.08148859543817527,0.010671609690649819,0.010856343147140624,-0.00018473345649080465,2024,8765
2024-07-23,-0.01474189675870348,0.003686012054519583,-0.003186961805779975,0.006872973860299558,2024,8765
2024-07-26,0.05176594877719645,-0.020333126292116765,-0.016832779915665008,-0.0035003463764517566,2024,8765
2024-07-29,0.05099762300684845,-0.0010599211641420304,0.0057423737094237535,-0.006802294873565784,2024,8765
2024-07-30,0.01474189675870348,0.012586737257854353,0.02577348459551284,-0.013186747337658487,2024,8765
2024-07-31,0.09234315352370015,0.02154870011266563,0.011158977260824699,0.010389722851840932,2024,8765
2024-08-01,0.19660007706110816,0.0012732329206419201,-0.014333328170376114,0.015606561091018033,2024,8765
2024-08-02,0.015990396158463382,-0.02125306606644759,-0.019074936452577296,-0.0021781296138702957,2024,8765
2024-08-05,0.33128451380552215,-0.014257353061422262,-0.04356229276095099,0.02930493969952873,2024,8765
2024-08-06,0.49896758703481386,0.017345981631203176,-0.01843361848643734,0.03577960011764052,2024,8765
2024-08-07,0.5766626650660264,0.03534450108369254,-0.01557316752997937,0.05091766861367191,2024,8765
2024-08-08,0.34953181272509,0.010418469316396606,-0.013557795672905238,0.023976264989301846,2024,8765
2024-08-09,0.2917166866746699,0.01889006687113881,0.0017390178432855619,0.01715104902785325,2024,8765
2024-08-12,0.06986794717887154,-0.00589843007842934,-0.011268112806684905,0.005369682728255565,2024,8765
2024-08-13,0.31418967587034813,0.000863708621967163,-0.009954762716171328,0.01081847133813849,2024,8765
2024-08-14,0.0575750300120048,-0.000618617379042008,-0.015390801944138232,0.014772184565096224,2024,8765
2024-08-15,-0.20451380552220885,-0.008742485841301228,0.005151409483910086,-0.013893895325211313,2024,8765
2024-08-16,-0.14391356542617048,0.002002336723221554,0.004323046091544458,-0.0023207093683229045,2024,8765
2024-08-19,-0.010324129651860744,0.0151553605978605,0.01595732269815788,-0.0008019621002973813,2024,8765
2024-08-20,0.11202881152460985,0.014347201134709798,0.007013256404650692,0.007333944730059105,2024,8765
2024-08-21,0.35337334933973585,0.021270692453705088,0.0007045290621411682,0.02056616339156392,2024,8765
2024-08-22,-0.016566626650660263,0.0046397092866726445,-0.0005832362000115166,0.005222945486684161,2024,8765
2024-08-23,-0.04509003601440576,0.0005851054085166396,0.002324149161573885,-0.0017390437530572455,2024,8765
2024-08-26,-0.10319327731092437,-0.00040369298441511603,-0.0069664243834395845,0.0065627313990244684,2024,8765
2024-08-27,0.17512605042016804,0.007056931976519565,-0.004604409296702172,0.011661341273221736,2024,8765
2024-08-28,-0.27202881152460984,-0.007659523347545693,0.008144167241944477,-0.01580369058949017,2024,8765
2024-08-29,0.029531812725090034,-0.007090175757759554,-0.0018240722815909272,-0.0052661034761686265,2024,8765
2024-08-30,-0.07140456182472989,-0.02571176379784006,-0.002700817948604628,-0.023010945849235433,2024,8765
2024-09-02,-0.26953181272509,-0.01841579266913369,0.01594912398951377,-0.03436491665864746,2024,8765
2024-09-03,-0.2915246098439376,-0.03485588972633221,-0.004146766706107729,-0.03070912302022448,2024,8765
2024-09-04,-0.15870348139255702,-0.008503860383249106,-0.0018352376934271052,-0.006668622689822001,2024,8765
2024-09-05,-0.06631452581032413,-0.010944254928859375,-0.00024861852841530087,-0.010695636400444075,2024,8765
2024-09-06,0.15039976954562087,0.0022720929312733283,-0.007564129306506251,0.00983622223777958,2024,8765
2024-09-09,0.15399759903961585,-0.016780583018584715,-0.032033732690468796,0.01525314967188408,2024,8765
2024-09-10,-0.0848499399759904,-0.008698744856558294,-0.007334258688322737,-0.0013644861682355573,2024,8765
2024-09-11,-0.23563025210084032,-0.01834207911424517,-0.01590933031360231,-0.0024327488006428595,2024,8765
2024-09-12,0.16970395452561435,0.008758928105788688,-0.009362933924383431,0.018121862030172117,2024,8765
2024-09-13,-0.20845638556754154,-0.013093782010512933,-0.001757869970329984,-0.011335912040182949,2024,8765
2024-09-16,-0.07899159663865546,-0.012470187657385456,-0.002098192295949164,-0.010371995361436293,2024,8765
2024-09-18,0.1592797118847539,0.00022561829700498137,-0.012707825253095328,0.01293344355010031,2024,8765
2024-09-19,-0.03817527010804322,0.008957876875304116,0.0012281872761128465,0.007729689599191269,2024,8765
2024-09-20,0.11601719132254787,0.012248205782257816,0.00818069285440356,0.004067512927854256,2024,8765
2024-09-23,-0.11721488595438176,-0.013829692487109347,0.040834302904766404,-0.05466399539187575,2024,8765
2024-09-24,0.2131143605502763,0.033587894575663704,0.024650307669600545,0.00893758690606316,2024,8765
2024-09-25,-0.052004801920768305,0.005787072272179272,0.023674412872774754,-0.01788734060059548,2024,8765
2024-09-26,0.3494357743097239,0.017315840784096835,-0.018238768157393614,0.03555460894149045,2024,8765
2024-09-27,0.011956782713085232,-0.010807467651242375,-0.0263453948039161,0.015537927152673726,2024,8765
2024-09-30,0.12854741896758703,-0.023764353838078546,-0.026413622543360816,0.00264926870528227,2024,8765
2024-10-01,0.016470588235294115,-0.021557306743291073,-0.031812447083455174,0.010255140340164101,2024,8765
2024-10-04,0.13210084033613445,-0.017465184357671228,-0.023796565807297033,0.006331381449625806,2024,8765
2024-10-07,0.03289315726290516,-0.009118155943409579,-0.009368036673662206,0.00024988073025262666,2024,8765
2024-10-08,-0.023097238895558224,-0.016912665025717654,-0.005581530593825146,-0.011331134431892508,2024,8765
2024-10-09,-0.200672268907563,-0.014714775846841065,-0.004709360972276699,-0.010005414874564366,2024,8765
2024-10-11,-0.14362545018007203,0.007053033100201544,0.012570962987616285,-0.005517929887414741,2024,8765
2024-10-14,-0.139015606242497,-0.02237650162297563,-0.014455265220132652,-0.007921236402842978,2024,8765
2024-10-15,-0.17138055222088835,-0.014973145290093104,-0.0036337618653512925,-0.011339383424741813,2024,8765
2024-10-16,-0.2675150060024009,-0.01254309427457816,0.01114870716026617,-0.02369180143484433,2024,8765
2024-10-17,-0.2514765906362545,0.007574497948160841,0.02834433390545188,-0.02076983595729104,2024,8765
2024-10-18,-0.07620648259303721,-0.005195954133028391,-0.004642330235041891,-0.0005536238979864999,2024,8765
2024-10-21,-0.1017575873991548,0.0032968101243761707,0.004274696305446901,-0.0009778861810707303,2024,8765
2024-10-22,-0.1223049219687875,-0.011925423475786723,-0.00410916433543419,-0.007816259140352534,2024,8765
2024-10-23,0.4258823529411764,0.02153067836853372,-0.0025204815843003713,0.02405115995283409,2024,8765
2024-10-24,-0.15025210084033613,0.0034128303368149426,0.01303814015426349,-0.009625309817448547,2024,8765
2024-10-25,-0.02040865327486873,0.008717334323123316,0.022056763728432016,-0.0133394294053087,2024,8765
2024-10-28,-0.10252100840336134,-0.017246542117597574,0.009767565628471942,-0.027014107746069514,2024,8765
2024-10-29,0.24740089805205576,0.013623769069602231,-0.005968725214476644,0.019592494284078874,2024,8765
2024-10-30,0.15899159663865545,0.015469040274746316,-0.0012955835474095512,0.016764623822155867,2024,8765
2024-11-01,0.12729891956782713,-0.0005535877471301798,-0.0135321773532048,0.01297858960607462,2024,8765
2024-11-04,0.16907563025210082,0.006356656476897915,-0.022498929971622228,0.028855586448520144,2024,8765
2024-11-05,-0.10156062424969987,-0.00670700634133885,-0.004686531784984249,-0.002020474556354601,2024,8765
2024-11-06,-0.3235054021608643,-0.024093443448713624,0.004468758584321564,-0.028562202033035188,2024,8765
2024-11-07,0.5749339735894358,0.025533507630678687,-0.025435450892668264,0.05096895852334695,2024,8765
2024-11-08,0.05911164465786314,0.019344718627096035,0.01213930226848955,0.007205416358606486,2024,8765
2024-11-11,-0.12758703481392558,0.0027994017734861098,0.018071769264566984,-0.015272367491080874,2024,8765
2024-11-12,-0.2007251075034148,0.0056530791046362164,0.025598337464479638,-0.01994525835984342,2024,8765
2024-11-13,-0.030204081632653063,-0.0061507513140383495,-0.0053159213881954215,-0.000834829925842928,2024,8765
2024-11-14,-0.1250480216578226,0.0020306662340466297,0.007805949612200847,-0.005775283378154217,2024,8765
2024-11-15,-0.09858343337334932,0.012130905522807867,0.012844769546200462,-0.000713864023392595,2024,8765
2024-11-18,0.06813925570228091,0.009895058206936602,-0.0002769856001166748,0.010172043807053277,2024,8765
2024-11-19,-0.04451380552220888,-0.01138376307085911,-0.004667828634821481,-0.006715934436037629,2024,8765
2024-11-20,0.06626809769251493,0.012796143310570473,0.0013511558705675219,0.011444987440002951,2024,8765
2024-11-21,0.0915268073927054,0.005967410672456019,0.00024005988811811596,0.005727350784337903,2024,8765
2024-11-22,0.18540216086434572,0.011680310338269228,0.004285170527734439,0.007395139810534789,2024,8765
2024-11-25,0.1899159663865546,-0.001211151769735541,-0.009739307107196848,0.008528155337461306,2024,8765
2024-11-26,0.1971188475390156,-0.0060467054178747984,-0.01543630182928074,0.009389596411405942,2024,8765
2024-11-27,-0.11817527010804323,-0.02104885497042631,-0.015305742148610847,-0.0057431128218154645,2024,8765
2024-11-28,0.31937575030012,-0.01027621564101786,-0.024171013347273496,0.013894797706255636,2024,8765
2024-11-29,0.11327731092436974,0.004154809719870189,-0.020032158782265518,0.024186968502135708,2024,8765
2024-12-02,-0.2074479579939598,-0.011739917985215953,-0.0010943464809025083,-0.010645571504313445,2024,8765
2024-12-03,0.06141656662665066,0.021470358100335894,0.0043797777546909725,0.017090580345644923,2024,8765
2024-12-04,-0.0182953181272509,0.006178274140666284,0.0034490134809321503,0.002729260659734134,2024,8765
2024-12-05,-0.14909963985594235,0.007645622760103965,0.013648333906644671,-0.006002711146540706,2024,8765
2024-12-06,-0.3290756302521008,-0.00536050424163762,0.006764204721045564,-0.012124708962683185,2024,8765
2024-12-09,-0.16043217286914768,-0.032210128228850554,-0.010874538201868922,-0.021335590026981634,2024,8765
2024-12-10,-0.23198079231692675,-0.036788844667938546,-0.006023645597933646,-0.030765199070004898,2024,8765
2024-12-11,0.04230492196878751,-0.02144716779742416,-0.03449617605289729,0.013049008255473126,2024,8765
2024-12-12,-0.2967658287969147,-0.027818899379220618,-0.011393042913019413,-0.016425856466201205,2024,8765
2024-12-13,0.11279711884753903,0.010704955257386118,-0.00039238687504401516,0.011097342132430132,2024,8765
2024-12-16,0.40408163265306113,0.023807336084795926,-0.0019735997789901982,0.025780935863786124,2024,8765
2024-12-17,-0.12480491732090312,3.1529555078013694e-05,0.005676605695527437,-0.0056450761404494235,2024,8765
2024-12-18,-0.055415496186349444,-0.0018929987913460123,-0.006949042918856963,0.005056044127510951,2024,8765
2024-12-19,0.02799587025705522,-0.0043301810717521925,-0.0024604673364787776,-0.001869713735273415,2024,8765
2024-12-20,0.18286153334282382,-0.007381389348867029,-0.015868679830139155,0.008487290481272126,2024,8765
2024-12-23,-0.3085234093637455,-0.007218670169179975,0.00710395647952432,-0.014322626648704295,2024,8765
2024-12-24,0.05503133330117544,-0.008984905493949901,-0.013802110306265169,0.004817204812315267,2024,8765
2024-12-25,-0.05488859015164793,-0.014453342985909622,0.001573955817478201,-0.016027298803387824,2024,8765
2024-12-26,-0.24403947280678326,-0.018965839131291275,0.0014006037758675038,-0.020366442907158777,2024,8765
2024-12-27,-0.07846526929678942,-0.007012783568172587,0.0001474418798909083,-0.007160225448063495,2024,8765
2024-12-30,-0.14833845579916052,-0.01590154016691079,-0.0028037014498089154,-0.013097838717101875,2024,8765
2024-12-31,0.07563025210084032,-0.015307896074249283,-0.020123820878396547,0.004815924804147264,2024,8765
2025-01-02,0.3366626650660264,-0.004385017843092587,-0.028590257498402005,0.024205239655309418,2025,8765
2025-01-03,0.14506602641056424,0.004572802879834447,-0.007353503668795125,0.011926306548629573,2025,8765
2025-01-06,0.18982448563660254,-0.008550476770714998,-0.021160146308197715,0.012609669537482717,2025,8765
2025-01-07,0.28341616853711826,-0.013358402453971952,-0.03779880764974294,0.024440405195770985,2025,8765
2025-01-08,0.28547418967587035,-0.01081240834931112,-0.02455825564205666,0.013745847292745538,2025,8765
2025-01-09,-0.05824729891956783,0.0015160128227621583,0.02198272580720815,-0.02046671298444599,2025,8765
2025-01-10,-0.043745498199279705,0.009444528154064259,0.024401250959459164,-0.014956722805394906,2025,8765
2025-01-13,-0.1392076830732293,-0.0031940570684490634,0.013882772105459528,-0.01707682917390859,2025,8765
2025-01-14,-0.05939975990396158,-0.005070648610451733,0.020538759366901083,-0.025609407977352817,2025,8765
2025-01-15,-0.011284513805522207,-0.0025981562810705626,0.00761399935733389,-0.010212155638404451,2025,8765
2025-01-16,-0.40811524609843935,-0.015450811889725602,0.017526292462909543,-0.03297710435263514,2025,8765
2025-01-17,0.453829531812725,0.02288736372966719,-0.004751740823454387,0.027639104553121574,2025,8765
2025-01-20,0.47651748038040465,0.03768726225777848,-0.036765216193766624,0.0744524784515451,2025,8765
2025-01-21,-0.025210084033613446,-0.0003369025676428827,-0.001497907208474336,0.0011610046408314532,2025,8765
2025-01-22,-0.30045618247298916,-0.03864108873076616,0.00590486180678893,-0.04454595053755509,2025,8765
2025-02-03,-0.021464585834333732,-0.02436645696160026,-0.016087259300518974,-0.008279197661081285,2025,8765
2025-02-04,0.03126125478103422,-0.009386914585615237,-0.009926169815761332,0.0005392552301460955,2025,8765
2025-02-05,-0.10593291558673039,0.006444457963442618,0.004932279454570287,0.0015121785088723309,2025,8765
2025-02-06,-0.33522208883553417,-0.0035742052736020156,0.014911576559174789,-0.018485781832776806,2025,8765
2025-02-07,0.06429771908763504,0.0251074265288469,0.0018903596423247126,0.023217066886522187,2025,8765
2025-02-10,-0.10751500600240095,0.022062703111170156,0.03457519574856118,-0.012512492637391025,2025,8765
2025-02-11,0.062184873949579826,0.047872577660300196,0.015070316377332037,0.03280226128296816,2025,8765
2025-02-12,-0.24811524609843938,0.033125430708964655,0.04676025224983081,-0.013634821540866156,2025,8765
2025-02-13,-0.1762785114045618,0.00011262703019492282,0.01950188339300919,-0.019389256362814265,2025,8765
2025-02-14,-0.2397656607092225,-0.0010055610918302648,0.024148110078029705,-0.02515367116985997,2025,8765
2025-02-17,-0.022521008403361343,0.009443567295990041,0.02186258226443639,-0.01241901496844635,2025,8765
2025-02-18,-0.04969987995198079,0.0040732566440095375,0.017400198480957217,-0.01332694183694768,2025,8765
2025-02-19,-0.11429120245870149,0.00718165924126557,0.00909456279602432,-0.0019129035547587499,2025,8765
2025-02-20,-0.029435774309723887,0.015687952770814216,0.030762346677473185,-0.015074393906658969,2025,8765
2025-02-21,0.11135654261704682,0.016193173767972958,0.02006451242952515,-0.0038713386615521934,2025,8765
2025-02-24,0.2342857142857143,0.030076182007143848,0.01169555472855065,0.018380627278593197,2025,8765
2025-02-25,0.3540456182472989,0.027938445101117548,-0.003241767470933676,0.031180212572051225,2025,8765
2025-02-26,0.2107563025210084,0.025860225746445243,0.009464925944523661,0.01639529980192158,2025,8765
2025-02-27,-0.09003601440576231,0.003634719592969038,0.0009941501414568621,0.0026405694515121755,2025,8765
2025-03-03,-0.1524609843937575,-0.006289486878979611,0.0039040327229907467,-0.010193519601970357,2025,8765
2025-03-04,0.05517406962785113,0.007537824216771927,0.004790469094723704,0.002747355122048223,2025,8765
2025-03-05,0.29229291716686673,0.028911268984417038,0.003455472167952156,0.02545579681646488,2025,8765
2025-03-06,-0.009459783913565426,0.011426421445441027,0.006043739499651002,0.005382681945790025,2025,8765
2025-03-07,-0.13978391356542613,0.0007110331639372025,0.0012593800961007706,-0.0005483469321635681,2025,8765
2025-03-10,0.22185406618798478,0.014859879369476369,-0.009685253175068752,0.02454513254454512,2025,8765
2025-03-11,0.012340936374549819,-0.005672792953314654,-0.005419029064946956,-0.0002537638883676977,2025,8765
2025-03-12,-0.18828331332533013,0.009967031753722466,0.015255673035260065,-0.005288641281537599,2025,8765
2025-03-13,0.006194477791116446,0.002667069122421162,0.00248044617568548,0.00018662294673568204,2025,8765
2025-03-14,0.08148859543817527,0.00710455935050699,0.008861705795849361,-0.0017571464453423717,2025,8765
2025-03-17,0.1152996543780461,0.0012214259216827505,-0.0006743500957639203,0.001895776017446671,2025,8765
2025-03-18,0.26560061473717395,-0.008202459375659754,-0.023473122802270086,0.015270663426610332,2025,8765
2025-03-19,0.25253301320528215,-0.009873025782621992,-0.030160003150415383,0.02028697736779339,2025,8765
2025-03-20,0.11889841296135287,-0.005016820688807022,-0.02188033541626727,0.016863514727460248,2025,8765
2025-03-21,0.42146458583433366,0.012138164493168147,-0.00883715430861436,0.020975318801782508,2025,8765
2025-03-24,0.05805522208883554,0.008874510675236268,0.021024820924414357,-0.012150310249178089,2025,8765
2025-03-25,0.5677310924369748,0.050336196034803896,-0.014112103296328015,0.06444829933113191,2025,8765
2025-03-26,0.5255702280912364,0.021736165685696064,-0.020090417604163645,0.041826583289859706,2025,8765
2025-03-27,0.39130852340936373,0.001634149862365719,-0.030733579553718693,0.032367729416084415,2025,8765
2025-03-28,0.15601440576230494,0.0031684620552523525,-0.0010901399337236994,0.004258601988976052,2025,8765
2025-03-31,-0.26002400960384153,0.0019141002013966513,0.033779796021032,-0.03186569581963535,2025,8765
2025-04-01,0.07063625450180072,-0.0062849180524987,-0.016219828598802444,0.009934910546303743,2025,8765
2025-04-02,0.3839708037314126,0.06800642569456954,-0.055526915088258244,0.12353334078282778,2025,8765
2025-04-07,-0.39549569028663256,-0.042943904702507495,-0.017263411656537164,-0.02568049304597033,2025,8765
2025-04-08,0.60921968787515,0.07657158320650748,-0.041252102445847094,0.11782368565235457,2025,8765
2025-04-09,0.8454944899073265,0.10887770102605707,-0.04649132769582387,0.15536902872188094,2025,8765
2025-04-10,0.8946458583433373,0.12009198512595969,-0.05431074429524309,0.17440272942120277,2025,8765
2025-04-11,0.28284671565459873,0.047860099095311116,0.03054401218516626,0.017316086910144857,2025,8765
2025-04-14,0.062088835534213675,0.01446201236020942,0.009837914544108872,0.004624097816100547,2025,8765
2025-04-15,0.44274772516303457,0.017980208336550018,-0.004775313483178912,0.02275552181972893,2025,8765
2025-04-16,0.020984393757503002,0.021829628327983817,0.008602582380499203,0.013227045947484615,2025,8765
2025-04-17,-0.07274909963985594,0.02878331339515381,0.003114875714587029,0.025668437680566782,2025,8765
2025-04-18,0.1996158463385354,-0.0015203572715619007,-0.0035391774185385303,0.00201882014697663,2025,8765
2025-04-21,0.8041969797511215,0.023056852068780255,-0.055210589226776755,0.07826744129555702,2025,8765
2025-04-22,0.6406396313882912,0.011783456565000683,-0.04905408899340789,0.060837545558408576,2025,8765
2025-04-23,0.037022809123649456,-0.010080618960143006,-0.007877024681055333,-0.002203594279087673,2025,8765
2025-04-24,0.20989195678271308,0.006686368239910301,-0.011794108079116605,0.018480476319026905,2025,8765
2025-04-25,0.04499399759903961,-0.01293702496260236,-0.006629654535678264,-0.006307370426924096,2025,8765
2025-04-28,-0.09531812725090036,-0.018807106128128415,-0.001023701990856285,-0.01778340413727213,2025,8765
2025-04-29,-0.02156062424969988,0.003165199733230728,0.004644243062633446,-0.0014790433294027184,2025,8765
2025-04-30,0.15966386554621848,0.03457980288198825,0.0014298478391844283,0.033149955042803825,2025,8765
2025-05-02,-0.004273709483793517,0.019656914381934086,0.019500966767943183,0.0001559476139909033,2025,8765
2025-05-05,0.15918367346938775,0.007138583703063306,0.009063418163775438,-0.001924834460712132,2025,8765
2025-05-06,-0.037695078031212484,-0.010898888753139102,-0.005260436636059384,-0.005638452117079718,2025,8765
2025-05-07,0.20946481314112328,0.00618430022750831,-0.032075520827378835,0.03825982105488714,2025,8765
2025-05-08,0.08744297719087635,-0.0009774649364653776,-0.023203238280158512,0.022225773343693134,2025,8765
2025-05-09,0.025402160864345734,0.007229131691420143,-0.000800857480496009,0.008029989171916153,2025,8765
2025-05-12,-0.23092436974789915,-0.003969660745053738,0.014998386684122678,-0.018968047429176415,2025,8765
2025-05-13,-0.13555822328931572,-0.008081059281348913,0.03629641735041783,-0.04437747663176674,2025,8765
2025-05-14,0.29248499399759903,0.01351333176253382,0.0013017719204485134,0.012211559842085308,2025,8765
2025-05-15,0.024921968787515004,0.008961841097774158,0.021076069127657825,-0.012114228029883666,2025,8765
2025-05-16,0.22391356542617047,0.008403627665892744,-0.005335732840450869,0.013739360506343612,2025,8765
2025-05-19,-0.09454981992797118,-0.0056630359306668486,0.01759171446152652,-0.02325475039219337,2025,8765
2025-05-20,-0.09272509003601441,0.002226821918879096,0.01434337009055171,-0.012116548171672613,2025,8765
2025-05-21,-0.14477791116446578,-0.005461311454067652,-0.0010165933277339722,-0.00444471812633368,2025,8765
2025-05-22,0.239861701430516,0.0012665295485962292,-0.015051079354430175,0.016317608903026404,2025,8765
2025-05-23,-0.004273709483793517,0.0011996815580333053,-0.0016641683633536353,0.0028638499213869406,2025,8765
2025-05-26,-0.3163985594237695,-0.012157118050046867,0.0066623385740071425,-0.018819456624054008,2025,8765
2025-05-27,0.01795961488188448,0.00594376338131668,0.0047921070590618235,0.0011516563222548565,2025,8765
2025-05-28,0.2327490996398559,0.00978907599150548,-0.0072501563302456275,0.017039232321751106,2025,8765
2025-05-29,0.06593037214885954,-0.005801658130663823,-0.0010579252092003722,-0.004743732921463451,2025,8765
2025-06-02,0.027611044417767107,-0.021458469431567394,-0.0006164981968415972,-0.020841971234725795,2025,8765
2025-06-03,0.08355542752534492,-0.0063353241646654235,-0.010291846171811492,0.003956522007146069,2025,8765
2025-06-04,0.2200292924834083,-0.010185996883933169,-0.011961818444934791,0.0017758215610016222,2025,8765
2025-06-05,-0.32340936374549817,-0.02840975757729388,-0.0030698309986387116,-0.025339926578655168,2025,8765
2025-06-06,0.22679471788715486,-0.011462853286427955,-0.02388382619467383,0.012420972908245875,2025,8765
2025-06-09,-0.003169343802685497,-0.01972956923767253,-0.01033135578009885,-0.00939821345757368,2025,8765
2025-06-10,0.04950780312124849,-0.00936711219773626,-0.009604766227218097,0.00023765402948183745,2025,8765
2025-06-11,0.27615846338535416,0.004605146583857822,-0.009948942212630874,0.014554088796488696,2025,8765
2025-06-12,-0.007923169267707083,-0.0003459774928311732,-0.0034129734489693033,0.00306699595613813,2025,8765
2025-06-13,0.22157126418171794,0.009486517592202537,-0.014445393607222645,0.02393191119942518,2025,8765
2025-06-16,0.05815126050420167,0.0050533467805099815,-0.023495313968466335,0.028548660748976315,2025,8765
2025-06-17,-0.16062424969987996,-0.015140182325708785,-0.012732561257171138,-0.0024076210685376465,2025,8765
2025-06-18,-0.019543817527010805,-0.005274546153298665,0.00049180068396526,-0.005766346837263925,2025,8765
2025-06-19,0.33368547418967587,0.004844032556418976,-0.020501706203337113,0.025345738759756088,2025,8765
2025-06-20,-0.010708283313325332,-0.0012614035987652983,-0.0062977609319985976,0.0050363573332332994,2025,8765
2025-06-23,-0.25099639855942374,-0.004955818671128464,-0.0031886426633056185,-0.0017671760078228457,2025,8765
2025-06-24,-0.294467921968421,-0.01863195154559947,-0.0036527949580425602,-0.01497915658755691,2025,8765
2025-06-25,0.0642016806722689,-0.009282175364338008,-0.018390448897915655,0.009108273533577647,2025,8765
2025-06-26,-0.0875390156062425,-0.018213170697834746,-0.008160391107682052,-0.010052779590152694,2025,8765
2025-06-27,-0.11932773109243697,-0.023453206067528133,-0.011377078646660332,-0.012076127420867801,2025,8765
2025-06-30,0.1388235294117647,-0.0042075825304416,-0.010694901035613668,0.006487318505172068,2025,8765
2025-07-01,0.18555067353904178,0.009658925051557932,-0.007962882388300275,0.01762180743985821,2025,8765
2025-07-02,-0.02156062424969988,0.002347199176289616,0.011205325093681195,-0.008858125917391579,2025,8765
2025-07-03,0.3464585834333733,0.009343608374140533,-0.006851405739455097,0.01619501411359563,2025,8765
2025-07-04,0.14468187274909963,-0.005319352461413318,-0.012218438862280124,0.0068990864008668055,2025,8765
2025-07-07,0.06256902761104441,-0.01917452796126502,-0.015066955230364254,-0.0041075727309007656,2025,8765
2025-07-08,-0.29421368547418963,-0.02044018433752186,0.012937529307776053,-0.033377713645297916,2025,8765
2025-07-09,0.18444177671068426,-0.008966420634728179,-0.004723253126343907,-0.004243167508384272,2025,8765
2025-07-10,-0.15198079231692677,-0.02038865491243864,-0.00027238390997298413,-0.020116271002465658,2025,8765
2025-07-11,0.11928257584652689,-0.004368757364619502,-0.01669084470034151,0.012322087335722008,2025,8765
2025-07-14,0.045954381752701084,-0.016317549054278235,-0.018503423461751524,0.0021858744074732886,2025,8765
2025-07-15,-0.09522208883553422,-0.016484694812946045,-0.001865098034839685,-0.01461959677810636,2025,8765
2025-07-16,0.1648499399759904,0.0019535606905910162,-0.01077490117551685,0.012728461866107866,2025,8765
2025-07-17,-0.146218487394958,0.0018438161839472555,0.011885888226973285,-0.01004207204302603,2025,8765
2025-07-18,-0.10847539015606242,0.005041178523255097,0.01820849704900086,-0.013167318525745764,2025,8765
2025-07-21,-0.057767106842737094,-0.0017501833362727926,0.012874834858404982,-0.014625018194677776,2025,8765
2025-07-22,0.07169267707082833,-0.0016212111213679936,0.014975960522677911,-0.016597171644045904,2025,8765
2025-07-23,0.008979591836734692,0.005432405859326051,0.015181552978675317,-0.009749147119349266,2025,8765
2025-07-24,-0.07265306122448979,-0.002718488317523482,0.014008442489193963,-0.016726930806717444,2025,8765
2025-07-25,-0.18271308523409363,-0.008828020066210562,0.02934358288415915,-0.03817160295036971,2025,8765
2025-07-28,-0.18549819927971187,0.0007508259278125706,0.020660496998040446,-0.019909671070227876,2025,8765
2025-07-29,-0.1221128451380552,-0.005339057986606821,0.025754184723734464,-0.031093242710341286,2025,8765
2025-07-30,0.1962545018007203,0.003041339134647747,-0.024748104685843465,0.027789443820491214,2025,8765
2025-07-31,-0.13440576230492196,0.001270179339736499,0.01940319020214921,-0.018133010862412712,2025,8765
2025-08-04,-0.3787274909963985,-0.028899047763977746,0.007818509094680803,-0.036717556858658545,2025,8765
2025-08-05,-0.3433853541416566,-0.02099211733445755,0.00785308474830485,-0.0288452020827624,2025,8765
2025-08-06,-0.142953181272509,-0.013462703112334573,-0.002140346989412856,-0.011322356122921717,2025,8765
2025-08-07,-0.13575030012004802,0.005134930536331106,0.019745214349276674,-0.014610283812945568,2025,8765
2025-08-08,-0.2,-0.0018535220410272556,0.03366331476223762,-0.035516836803264874,2025,8765
2025-08-11,0.26166294516414046,0.009904778936126391,-0.011750337875880212,0.021655116812006603,2025,8765
2025-08-12,-0.05286914765906363,0.001838671461679875,-0.0002510231858349421,0.002089694647514817,2025,8765
2025-08-13,-0.08936374549819928,0.00021177551765794167,0.0017467456010236582,-0.0015349700833657165,2025,8765
2025-08-14,0.11039615846338535,0.0010700106465743931,-0.003181304537428109,0.004251315184002503,2025,8765
2025-08-15,0.20297719087635052,0.01811688421261152,-0.004250772039658757,0.022367656252270274,2025,8765
2025-08-18,0.21186583117346078,0.012716313036439619,-0.005562325881503771,0.018278638917943388,2025,8765
2025-08-19,-0.05267707082833133,0.0059361852156007535,-0.0031648665772704755,0.00910105179287123,2025,8765
2025-08-20,0.21047324071470502,-0.0010464009202869606,-0.016133013871263247,0.015086612950976287,2025,8765
2025-08-21,0.030300120048019206,-0.0024898694704092892,-0.013260167913817822,0.010770298443408533,2025,8765
2025-08-22,-0.284609843937575,-0.022379115772450463,0.00721719995454082,-0.029596315726991285,2025,8765
2025-08-25,-0.17435774309723887,-0.011567398541242469,0.014260795737245457,-0.025828194278487926,2025,8765
2025-08-26,0.20806722689075627,0.016891018995123686,-0.00013501186156122946,0.017026030856684915,2025,8765
2025-08-27,0.3960144057623049,0.0051378422289278915,-0.01618437175504691,0.0213222139839748,2025,8765
2025-08-28,0.28,0.007562701637013325,-0.019608992321561446,0.027171693958574772,2025,8765
2025-08-29,0.3089075630252101,-0.003464824425185109,-0.020506921427801583,0.017042097002616476,2025,8765
2025-09-01,0.04182472989195678,-0.0001545523794363568,-0.00045684239321899247,0.00030229001378263566,2025,8765
2025-09-02,0.15351740696278512,0.008340005295129493,-0.014065764881891507,0.022405770177021,2025,8765
2025-09-03,-0.1316206482593037,-0.010928086959153926,0.0009880837268731236,-0.01191617068602705,2025,8765
2025-09-04,0.10981992797118847,-0.015430513071436525,-0.024068264723709386,0.008637751652272862,2025,8765
2025-09-05,-0.19548619447779111,-0.03377273176177281,-0.0006695235404729494,-0.03310320822129986,2025,8765
2025-09-08,-0.052004801920768305,-0.03370508290475645,-0.012935246752932783,-0.020769836151823665,2025,8765
2025-09-09,-0.3968787515006002,-0.02281292141713768,0.0076650044604539055,-0.030477925877591586,2025,8765
2025-09-10,-0.1696518607442977,-0.023017196281846987,-0.0035709620505778973,-0.01944623423126909,2025,8765
2025-09-11,-0.03894357743097239,-0.015059249281223219,-0.00351824570150312,-0.0115410035797201,2025,8765
2025-09-12,0.06775510204081632,-0.009044661241183726,-0.02301176636665734,0.013967105125473613,2025,8765
2025-09-15,-0.142953181272509,-0.009185946435517355,0.025407637426516395,-0.03459358386203375,2025,8765
2025-09-16,0.09623280273608689,0.01843924872886753,0.005590223117588278,0.012849025611279253,2025,8765
2025-09-17,-0.10693877551020407,-0.014147942724087603,-0.001614114182651949,-0.012533828541435654,2025,8765
2025-09-18,0.2033613445378151,-0.018694681456971694,-0.040144789590049225,0.02145010813307753,2025,8765
2025-09-19,0.35846338535414163,-0.025734774138989246,-0.03180607231293192,0.0060712981739426755,2025,8765
2025-09-22,-0.09358943577430971,-0.01704978796793234,-0.014209971809965138,-0.0028398161579672003,2025,8765
2025-09-23,-0.10146458583433372,0.009623548501662072,0.016019790088152564,-0.006396241586490492,2025,8765
2025-09-24,-0.12758703481392558,-0.0022731407973859753,0.004961025786054419,-0.007234166583440393,2025,8765
2025-09-25,0.11712165961742313,-0.002726707079920032,0.010799521908097864,-0.013526228988017896,2025,8765
2025-09-26,-0.00552220888355342,-0.009536994774536955,-0.0054583197234312816,-0.004078675051105674,2025,8765
2025-09-30,0.04633853541416567,-0.051374448207077004,-0.04094706536840557,-0.010427382838671437,2025,8765
2025-10-01,0.10113087952205539,-0.00017549403462159275,-0.027911068271759952,0.02773557423713836,2025,8765
2025-10-02,-0.10280912364945978,-0.01637580569627658,-0.014343593631844486,-0.002032212064432092,2025,8765
2025-10-03,0.5569747899159664,0.04523524084737111,-0.04199881879749162,0.08723405964486272,2025,8765
2025-10-07,-0.11788715486194477,-0.010450552007670321,0.0026744602407420604,-0.013125012248412381,2025,8765
2025-10-08,0.3266746698679472,0.011440360277904316,-0.027991836942511505,0.03943219722041582,2025,8765
2025-10-09,-0.06036014405762304,-0.00424559972466978,-0.013058177606878696,0.008812577882208916,2025,8765
2025-10-13,-0.05152460984393757,-0.005301739844702569,0.007054951361466921,-0.01235669120616949,2025,8765
2025-10-14,-0.010084275735817489,0.026501295858213404,-0.009814451648688082,0.03631574750690149,2025,8765
2025-10-15,0.35990396158463384,0.01099047361437211,-0.0156633266239647,0.02665380023833681,2025,8765
2025-10-16,-0.11135654261704682,-0.013669677041300631,0.011969109796577037,-0.025638786837877667,2025,8765
2025-10-17,0.16052821128451378,0.005159789452495567,-0.0035664523650595693,0.008726241817555136,2025,8765
2025-10-20,-0.21891956782713082,0.007850076186776078,0.0386819336882923,-0.03083185750151622,2025,8765
2025-10-21,-0.20806722689075627,0.012588913890914388,0.01742898891166981,-0.004840075020755421,2025,8765
2025-10-22,-0.014166006390791235,0.006753005705991533,0.019123862459087725,-0.012370856753096193,2025,8765
2025-10-23,0.17570228091236492,-0.007945429107291924,-0.021518831082657085,0.01357340197536516,2025,8765
2025-10-27,-0.09176470588235294,-0.008218361803801377,-0.012157011058427003,0.003938649254625627,2025,8765
2025-10-28,-0.2604081632653061,-0.02869144392283953,-0.0021523448700323856,-0.026539099052807144,2025,8765
2025-10-29,-0.11865546218487394,-0.0071968105819596225,0.01674268088398778,-0.023939491465947406,2025,8765
2025-10-30,0.19357007376704904,0.008786863107306664,-0.015236120821619282,0.024022983928925948,2025,8765
2025-10-31,0.11702280912364946,0.008354962249635611,0.006752263250439006,0.0016026989991966053,2025,8765
2025-11-03,0.1431452581032413,0.01766702663616143,0.0016064996503660888,0.016060526985795343,2025,8765
2025-11-04,0.3759423769507803,0.042589433436106036,-0.011756554306532963,0.054345987742639,2025,8765
2025-11-05,0.41570228091236494,0.03421431036194621,-0.024132154526268667,0.05834646488821488,2025,8765
2025-11-06,-0.07466986794717888,-0.003988540521468853,0.0009588309340582635,-0.004947371455527117,2025,8765
2025-11-07,0.026074429771908762,0.02163540075776834,0.03109738684728307,-0.009461986089514731,2025,8765
2025-11-10,-0.1634093637454982,0.030379672039051397,0.07620238326287722,-0.04582271122382582,2025,8765
2025-11-11,-0.13440576230492196,0.004177913790100074,0.05043093540794983,-0.046253021617849756,2025,8765
2025-11-12,-0.06621848739495799,-0.003202496205265992,0.014012725675719396,-0.017215221880985388,2025,8765
2025-11-13,0.027130852340936373,0.006862808595607628,0.013871119189514614,-0.0070083105939069855,2025,8765
2025-11-14,0.09416566626650659,-0.007371973779997309,-0.009800579154819355,0.002428605374822046,2025,8765
2025-11-17,-0.08821128451380551,-0.009569388291048097,0.0072389457069992665,-0.01680833399804736,2025,8765
2025-11-18,-0.1022328931572629,-0.014067406624760559,-0.004994707115333297,-0.00907269950942726,2025,8765
2025-11-19,-0.3204321728691476,0.00468034845380193,0.022430142515131635,-0.017749794061329704,2025,8765
2025-11-20,-0.05046818727490996,-0.008922903030183327,0.005642833818883641,-0.014565736849066969,2025,8765
2025-11-21,-0.021368547418967588,0.00011932856338021658,-0.012805945030449184,0.0129252735938294,2025,8765
2025-11-24,0.2518607442977191,0.005283332298744758,-0.008448898569223384,0.013732230867968142,2025,8765
2025-11-25,-0.20764502521060862,-0.0019976207891925224,0.02629770268141559,-0.028295323470608112,2025,8765
2025-11-26,-0.05238895558223289,0.01010330770422858,0.012281512872586043,-0.0021782051683574624,2025,8765
2025-11-27,-0.253781512605042,-0.004658979478434322,0.018321041266464687,-0.022980020744899007,2025,8765
2025-11-28,0.07563025210084032,0.012956791947646429,0.011440082232487003,0.0015167097151594262,2025,8765
2025-12-01,-0.035966386554621844,-0.003181158240464521,-0.004187960146455205,0.0010068019059906838,2025,8765
2025-12-02,0.14017143272786312,-0.0021509282883097947,-0.026074598237373892,0.023923669949064096,2025,8765
2025-12-03,-0.04701080432172868,-0.013675933449787204,-0.038924235614847834,0.025248302165060632,2025,8765
2025-12-04,-0.054405762304921966,-0.00425397048393793,-0.014230093192776216,0.009976122708838287,2025,8765
2025-12-05,-0.29978391356542616,-0.028541029483809266,-0.002047757796871874,-0.02649327168693739,2025,8765
2025-12-08,0.06938775510204082,0.017920139245598078,-0.007608147356711936,0.025528286602310015,2025,8765
2025-12-09,0.22583433373349338,0.015320319714320218,0.004220014963294105,0.011100304751026113,2025,8765
2025-12-10,0.31553421368547413,0.03837227987552797,0.010573837514393936,0.027798442361134035,2025,8765
2025-12-11,-0.043073229291716676,0.007103295594662329,0.007191823549820076,-8.852795515774687e-05,2025,8765
2025-12-12,-0.34223289315726285,-0.011902370268982398,0.024940080247419248,-0.03684245051640164,2025,8765
2025-12-15,-0.07294117647058823,-0.011113678556174133,-0.005399718705380951,-0.005713959850793182,2025,8765
2025-12-16,-0.027036112209429385,0.00918616946452685,0.005398569195268288,0.003787600269258562,2025,8765
2025-12-17,0.24456182472989194,0.003862603082711591,-0.014402509088660453,0.018265112171372045,2025,8765
2025-12-18,0.15543817527010806,-0.0008589676615138985,-0.009904611349317527,0.009045643687803629,2025,8765
2025-12-19,-0.17628274393421905,-0.016851319505149242,-0.010864932505775327,-0.005986386999373915,2025,8765
2025-12-22,-0.13776710684273707,-0.018385051891919846,-0.005171549233438111,-0.013213502658481736,2025,8765
2025-12-23,-0.12528211284513804,-0.023084978345276563,-0.006459377535036048,-0.016625600810240514,2025,8765
2025-12-24,-0.3245618247298919,-0.01458400242373441,0.0008420865072124251,-0.015426088930946836,2025,8765
2025-12-26,-0.11961871837105412,-0.020380421757785185,-0.01895157199198112,-0.0014288497658040654,2025,8765
2025-12-29,-0.04768307322929172,-0.036009425962776606,-0.026265325210816082,-0.009744100751960524,2025,8765
2025-12-30,-0.19097238895558222,-0.07516735858183825,-0.07030178421719371,-0.004865574364644534,2025,8765
2025-12-31,-0.29824729891956775,-0.04236200450083365,-0.027654132909501517,-0.01470787159133213,2025,8765
2026-01-02,0.16571826459193406,0.03715374755085965,-0.006062404704751345,0.043216152255611,2026,8765
2026-01-05,0.23505402160864344,0.04105825073474336,-0.016319583667167147,0.05737783440191051,2026,8765
2026-01-06,0.23789286664399928,0.013693968614224094,-0.01453035242375127,0.028224321037975363,2026,8765
2026-01-07,0.13603841536614644,-0.009799802090284382,-0.029523181675669596,0.019723379585385212,2026,8765
2026-01-08,-0.1099719067716831,-0.017678537294094476,-0.0043744861340632045,-0.01330405116003127,2026,8765
2026-01-09,-0.13512929485995437,-0.011672007517228578,0.0035668314547476986,-0.015238838971976277,2026,8765
2026-01-12,-0.09099639855942376,0.0025468568142414383,-0.0006618280628890472,0.0032086848771304853,2026,8765
2026-01-13,0.1517516271615462,0.03390630508692823,0.004827300149933822,0.02907900493699441,2026,8765
2026-01-14,0.18559423769507805,0.022814991479015334,-0.003598201850303373,0.026413193329318706,2026,8765
2026-01-15,0.10857403542230164,0.02400965275937923,-0.011363564296444962,0.03537321705582419,2026,8765
2026-01-16,-0.017431390914770233,-0.004488641133655968,-0.01723125585853418,0.01274261472487821,2026,8765
2026-01-19,0.3269226152830737,0.015405675090178894,-0.009381612219141345,0.02478728730932024,2026,8765
2026-01-20,0.2940216086434574,0.012491667309647635,-0.013053420460776122,0.025545087770423757,2026,8765
2026-01-21,0.31707082833133254,0.020049696069073586,-0.004418350439794471,0.02446804650886806,2026,8765
2026-01-22,0.31247598960347606,0.011886378583867051,-0.02434524353237295,0.03623162211624,2026,8765
2026-01-23,0.31113138722005856,0.007955843600622636,-0.027500289055754846,0.03545613265637748,2026,8765
2026-01-26,0.11135654261704682,-0.01696888232176389,-0.014330856983139295,-0.002638025338624596,2026,8765
2026-01-27,-0.23588167526237502,-0.025356298009498745,0.02010953983089344,-0.04546583784039218,2026,8765
2026-01-28,0.012341232686214737,-0.01667992891431348,0.006756933941812338,-0.02343686285612582,2026,8765
2026-01-29,-0.17118847539015608,-0.026063102016996364,0.0072383602563959705,-0.033301462273392334,2026,8765
2026-01-30,0.14636605925129384,-0.0006624105150772386,-0.01134709830514401,0.010684687790066772,2026,8765
2026-02-02,-0.1950060024009604,0.00833834858929402,0.038616027852885294,-0.030277679263591276,2026,8765
2026-02-03,-0.166578631452581,-0.017349898419054245,-0.0021793700057560874,-0.015170528413298159,2026,8765
2026-02-04,0.09469615119539089,-0.005590401063045336,-0.024368688238629845,0.01877828717558451,2026,8765
2026-02-05,0.3271627170863074,0.002065912023442007,-0.049903774366720645,0.05196968639016265,2026,8765
2026-02-06,0.40052821128451377,-0.020681226843927047,-0.04883673588806401,0.028155509044136964,2026,8765
2026-02-09,-0.045858343337334934,-0.025203330765057062,-0.016932100895636626,-0.008271229869420436,2026,8765
2026-02-10,-0.007346938775510203,0.02115992705416987,0.010493728274453629,0.01066619877971624,2026,8765
2026-02-11,0.0642016806722689,0.0315611427724012,0.005826445138122027,0.02573469763427917,2026,8765
2026-02-23,-0.04182472989195678,0.01914882765668312,0.013306819255583736,0.005842008401099386,2026,8765
2026-02-24,-0.09359617763856125,0.008208933689798758,0.023135595628596396,-0.014926661938797638,2026,8765
2026-02-25,-0.12854741896758703,-0.009033591057856848,0.03906314933198638,-0.048096740389843226,2026,8765
2026-02-26,0.06881317680679268,-0.014146363055782919,-0.021904445303059628,0.007758082247276709,2026,8765
2026-03-02,-0.3654741896758703,-0.022286252358294643,0.014777922489286287,-0.03706417484758093,2026,8765
2026-03-03,-0.08715695457385116,-0.002519885555340018,0.0011056032336611231,-0.003625488789001141,2026,8765
2026-03-04,-0.10722689075630251,0.0024967853243574867,0.010933391634626944,-0.008436606310269457,2026,8765
2026-03-05,-0.11587034813925569,-0.008130068573733783,-0.008396852562341716,0.00026678398860793297,2026,8765
2026-03-06,0.36725971822634357,0.00883064346013398,-0.047756174654016395,0.056586818114150374,2026,8765
2026-03-09,0.17561045888516458,0.0364573951220466,-0.0010413420400599781,0.037498737162106575,2026,8765
2026-03-10,-0.14842737094837935,0.007289134752270221,0.02667591374697803,-0.01938677899470781,2026,8765
2026-03-11,-0.27645321624333946,0.01725582231578533,0.01745374529783581,-0.00019792298205048228,2026,8765
2026-03-12,0.2956542617046819,0.05092867778249026,-0.024343638640555533,0.0752723164230458,2026,8765
2026-03-13,0.25379979416100373,0.015077530849648768,-0.015414560794809785,0.030492091644458555,2026,8765
2026-03-16,0.12201680672268907,0.008848002006523071,-0.019952238440014113,0.028800240446537183,2026,8765
2026-03-17,-0.2592557022809123,-0.011604602262515728,0.009219105980901343,-0.02082370824341707,2026,8765
2026-03-18,-0.36999687878320836,-0.020267986404657122,0.004168266598328252,-0.024436253002985374,2026,8765
2026-03-19,0.0331812725090036,-0.025692574611041585,-0.013812457324062888,-0.011880117286978697,2026,8765
2026-03-20,0.10602895630802389,0.0026351202783316706,-0.019360688383452583,0.021995808661784255,2026,8765
2026-03-23,-0.03222166199396922,0.031442292541174935,0.027122560072805935,0.004319732468369,2026,8765
2026-03-24,0.08350540216086433,0.04074246707245741,0.01901564500522902,0.021726822067228393,2026,8765
2026-03-25,-0.03567827130852341,0.0176746054193766,0.01846379270335289,-0.0007891872839762906,2026,8765
2026-03-26,-0.0281886285055705,-8.956284960430772e-05,-0.00718396507353708,0.007094402223932772,2026,8765
2026-03-27,0.21949579831932772,0.0017902929286551128,-0.010156656755815152,0.011946949684470265,2026,8765
2026-03-30,0.07630252100840335,-0.014621013862586208,-0.014471936245856899,-0.00014907761672930918,2026,8765
2026-03-31,0.2593641954584869,0.023152906395536178,-0.0240289186853329,0.04718182508086908,2026,8765
2026-04-01,0.22516206482593037,-0.0014210527873181223,-0.02302419157571155,0.021603138788393428,2026,8765
2026-04-02,0.22483132854808324,-0.024075801491079952,-0.03945211729121408,0.01537631580013413,2026,8765
2026-04-07,0.26626650660264106,0.005836431683979159,-0.020302829921944564,0.026139261605923725,2026,8765
2026-04-08,0.2985906025014912,0.002476939885076557,-0.027931395333355303,0.03040833521843186,2026,8765
2026-04-09,0.11289586788050915,-0.0031925149084077176,-0.009251656408302856,0.006059141499895138,2026,8765
2026-04-10,-0.05738433097286619,-0.003908119511047181,0.016258145937444558,-0.02016626544849174,2026,8765
2026-04-13,-0.11044682948752489,0.003760071934166831,0.003854731306084924,-9.465937191809309e-05,2026,8765
2026-04-14,0.0962854469806646,0.04050472739389157,0.003704242600828045,0.036800484793063526,2026,8765
2026-04-15,0.19078489284953756,0.03002060604010015,0.002867700370186388,0.02715290566991376,2026,8765
2026-04-16,0.0471079737944617,0.007269287789595768,0.0008459716292668618,0.0064233161603289065,2026,8765
2026-04-17,0.027322929171668665,0.009794663658509294,-0.0018900698409877402,0.011684733499497035,2026,8765
2026-04-20,0.16682273288680932,-0.020774280553709924,-0.02109953063469152,0.0003252500809815956,2026,8765
2026-04-21,0.1825821792620882,-0.02683179231798799,-0.0605315745368068,0.03369978221881881,2026,8765
2026-04-22,0.1183673469387755,-0.03234693891614239,-0.04798272683437863,0.015635787918236242,2026,8765
2026-04-23,0.2649763500487662,0.020143022497736907,-0.03354761672727693,0.05369063922501384,2026,8765
2026-04-24,-0.04825930372148859,0.037982134797429914,0.0361967370965654,0.0017853977008645133,2026,8765
2026-04-27,0.14554621848739496,0.02547466102546071,0.00013065929826427958,0.02534400172719643,2026,8765
2026-04-28,0.42924369747899155,0.005767855404590128,-0.051027043547270536,0.05679489895186066,2026,8765
2026-04-29,0.09772143391613616,0.037302900059568656,-0.023578565985351862,0.06088146604492052,2026,8765
2026-04-30,0.07087805231460292,0.008484390500962136,-0.013873077368664189,0.022357467869626325,2026,8765
2026-05-04,0.09205724175040166,-0.001049420976646076,-0.01645150515501361,0.015402084178367536,2026,8765
2026-05-05,0.0024489795918367346,0.03436104731080771,0.007219641425538858,0.02714140588526885,2026,8765
2026-05-06,0.19183673469387755,0.06613291873318534,0.013558750092495398,0.05257416864068995,2026,8765
2026-05-07,0.18069627851140455,0.060670245740403875,0.03196471302635091,0.02870553271405296,2026,8765
2026-05-08,0.38775510204081626,0.052296077200081316,-0.018399279377035182,0.0706953565771165,2026,8765
2026-05-11,0.05555822328931572,0.010928873569763043,0.005618338806208878,0.005310534763554165,2026,8765
2026-05-12,-0.1216384941855855,-0.03501460001924032,0.009043101574014445,-0.04405770159325476,2026,8765
2026-05-13,-0.23908763505402159,-0.010789471929290717,0.010288689111300353,-0.02107816104059107,2026,8765
2026-05-14,-0.5296772960390872,-0.009815552046384346,0.06496922969759034,-0.07478478174397468,2026,8765
2026-05-15,0.3847779111644658,0.03414455973307937,-0.011466509360830813,0.04561106909391019,2026,8765
2026-05-18,0.42411582523209557,0.02793406350528631,-0.015139233961075683,0.043073297466361994,2026,8765
2026-05-19,0.6472664411575426,0.0533459351068005,-0.06660845458437217,0.11995438969117267,2026,8765
2026-05-20,0.5951020408163266,0.03227712470494346,-0.06465260282073557,0.09692972752567902,2026,8765
2026-05-21,0.49474189675870345,0.021079037247035203,-0.0629652995815333,0.0840443368285685,2026,8765
2026-05-22,0.15659063625450179,-0.008045452291251188,-0.0465290063524836,0.03848355406123241,2026,8765
2026-05-25,-0.25935174069627853,-0.009872916284358667,0.006634597615574944,-0.01650751389993361,2026,8765
2026-05-26,0.10252100840336134,0.00934777598380393,-0.026880536010186216,0.036228311993990146,2026,8765
2026-05-27,0.3492520829838124,0.05816237537688562,0.005686727864860852,0.05247564751202477,2026,8765
2026-05-28,-0.38602641056422565,-0.0330897252665736,0.049448742546331095,-0.08253846781290469,2026,8765
2026-05-29,-0.18540216086434572,0.0051561488467251945,0.03842881477630444,-0.03327266592957925,2026,8765
2026-06-01,-0.39820395329858893,-0.03890634746181184,0.04780262106022106,-0.0867089685220329,2026,8765
2026-06-02,-0.2869147659063625,-0.011292705448189177,0.022200601603945623,-0.033493307052134796,2026,8765
2026-06-03,-0.30488126974621543,-0.015180163039466654,0.0077659560300334055,-0.02294611906950006,2026,8765
2026-06-04,-0.16629450891969508,0.016459666699995722,0.011079248590513024,0.005380418109482699,2026,8765
2026-06-05,-0.15736650037353483,0.022979313087985488,0.0266259749293696,-0.0036466618413841106,2026,8765
2026-06-08,-0.0757262905162065,0.033929700436292565,0.05242412551655003,-0.018494425080257462,2026,8765
2026-06-09,-0.26127250900360144,-0.003533079332909028,0.021282241844049355,-0.024815321176958383,2026,8765
2026-06-10,0.5473709483793516,0.032625842235428394,-0.05807555112868806,0.09070139336411645,2026,8765
2026-06-11,0.03270108043217287,0.015499094891464671,-0.0007969938198766457,0.016296088711341316,2026,8765
2026-06-12,0.26066077632821083,0.04861933439650953,-0.01488954284874584,0.06350887724525536,2026,8765
2026-06-15,0.27942376950780307,0.007790051168997059,-0.02585455877604089,0.03364460994503795,2026,8765
2026-06-16,0.4530829816979863,0.06900193698438853,-0.05528438311206009,0.12428632009644862,2026,8765
2026-06-17,-0.19270570727540756,-0.003412884591758869,-0.024491618530420433,0.021078733938661564,2026,8765
2026-06-18,0.04225791736913996,0.012731929243365437,-0.0005376413520776779,0.013269570595443115,2026,8765
2026-06-22,0.14439375750300118,0.024990758327064443,0.012999531528644793,0.01199122679841965,2026,8765
2026-06-23,-0.19423769507803118,0.01646801132541782,0.03289237456905626,-0.016424363243638444,2026,8765
2026-06-24,0.029435774309723887,-0.01951334829278447,-0.00860501679601321,-0.01090833149677126,2026,8765
2026-06-25,0.15342136854741897,-0.020950423000624052,-0.03779676720283076,0.01684634420220671,2026,8765
2026-06-26,0.07476590636254501,-0.009133057521247634,-0.037276672749330164,0.02814361522808253,2026,8765
2026-06-29,-0.1407442977190876,0.007837440411156572,0.03504390242927198,-0.02720646201811541,2026,8765
2026-06-30,-0.4633373349339736,-0.03046100124747324,0.07633457044897062,-0.10679557169644385,2026,8765
2026-07-01,-0.25637454981992797,-0.018766854333940663,0.034397471478025674,-0.05316432581196634,2026,8765
2026-07-02,-0.10972388955582232,-0.0014691932678312924,-0.009072106854014605,0.007602913586183313,2026,8765
2026-07-03,-0.4330476123123911,-0.038260555426941824,0.02145756382183379,-0.05971811924877561,2026,8765
2026-07-06,-0.6116206482593036,-0.02226243216950119,0.04374293335163387,-0.06600536552113506,2026,8765
2026-07-07,0.2714110783754307,0.042352277109274375,-0.00456312777960578,0.04691540488888016,2026,8765
2026-07-08,0.06290818286592392,0.005193901603517981,0.006915711202434982,-0.0017218095989170006,2026,8765
2026-07-09,0.08548034674829516,0.05607755736606786,0.01140903675799726,0.0446685206080706,2026,8765
2026-07-10,-0.3760564737336439,-0.020018653053464376,0.02308487847575229,-0.04310353152921667,2026,8765
2026-07-13,-0.43168611830487597,-0.026856261880508547,0.017230276998664907,-0.04408653887917345,2026,8765
2026-07-14,-0.4470108043217287,-0.03998101815136468,0.04786925620404133,-0.08785027435540602,2026,8765
2026-07-15,-0.2736614645858343,-0.022851864605455897,0.028928843606840605,-0.0517807082122965,2026,8765
2026-07-16,0.03308523409363745,0.0022824090893078354,-0.0014778144010769822,0.003760223490384818,2026,8765
2026-07-17,0.35311914872574846,0.06345849518304089,-0.016733187545608284,0.08019168272864918,2026,8765
2026-07-20,0.550252100840336,0.033053061405933185,-0.012760636588887864,0.045813697994821045,2026,8765
2026-07-21,-0.26424969987995195,0.011038258686462488,0.06364587355044468,-0.052607614863982195,2026,8765
2026-07-22,0.24044371878601611,0.032834990257117426,0.0013978883564943923,0.031437101900623036,2026,8765
2026-07-23,0.08974789915966387,0.010867957545121643,0.03857053479212028,-0.02770257724699864,2026,8765
2026-07-24,-0.6360144057623048,-0.10263662204974877,0.06210038451563429,-0.16473700656538307,2026,8765
2026-07-27,-0.019161504194420458,-0.015870496301082837,-0.013248767569655618,-0.0026217287314272194,2026,8765
2026-07-28,0.36116113242420633,0.031981131744274104,-0.06578805910269572,0.09776919084696983,2026,8765
2026-07-29,0.6677070828331333,0.14110738474230652,-0.09870130393059012,0.23980868867289665,2026,8765
2026-07-30,0.5448739495798319,0.06729615333838201,-0.04135756268699633,0.10865371602537835,2026,8765
2026-07-31,0.5526530612244898,0.05647698652215819,-0.027156084990198493,0.08363307151235669,2026,8765
2026-08-03,0.14112845138055222,0.021599161745974836,0.0011762051390880267,0.02042295660688681,2026,8765
2026-08-04,-0.17743523258974106,-0.01673806803895276,0.0073306821850056105,-0.02406875022395837,2026,8765
2026-08-05,-0.06109510262634667,0.02118128780176919,0.0068440299353379475,0.014337257866431242,2026,8765
2026-08-06,0.2673229291716686,0.014279521642277082,-0.011116900945831598,0.02539642258810868,2026,8765
2026-08-07,0.6137482294261111,0.028020194016914735,-0.028711024247807925,0.05673121826472266,2026,8765
2026-08-10,0.3888208601567343,0.024763868258017817,-0.03708642719589802,0.061850295453915835,2026,8765
2026-08-11,0.23073229291716685,0.022662471637434088,-0.009456304319417786,0.03211877595685188,2026,8765
2026-08-12,0.01911210353740648,-0.010412682176698763,-0.007584451453267272,-0.002828230723431491,2026,8765
2026-08-13,-0.05138178589202245,0.016599163832650032,0.01943865606873596,-0.0028394922360859276,2026,8765
2026-08-14,0.08754111745902517,0.028013846431925404,0.006943937692777513,0.02106990873914789,2026,8765
2026-08-17,-0.36020072521127133,-0.004752238130430353,0.0454099525226655,-0.05016219065309585,2026,8765
2026-08-18,-0.11828266874901652,0.005147929245642125,0.05406799269311722,-0.04892006344747509,2026,8765
2026-08-20,0.06401575210817662,0.004574124533121305,0.01590029973736027,-0.011326175204238965,2026,8765
