date,gross_ret,net_ret,0050_ret,equal_weight_ret,buy_turnover,sell_turnover,turnover,transaction_cost,stocks,year,seed,top_k
2018-01-02,0.022207655039601093,0.020751009131169562,0.010247294414811536,0.012621150251340923,1.0,0.0,0.5,0.001425,"2454.TW,1303.TW,4904.TW",2018,123,3
2018-01-02,0.018933660695778575,0.0174816802292872,0.010247294414811536,0.012621150251340923,1.0,0.0,0.5,0.001425,"2454.TW,1303.TW,4904.TW,2886.TW,2615.TW",2018,123,5
2018-01-02,0.015513429009852775,0.014066322373513795,0.010247294414811536,0.012621150251340923,0.9999999999999999,0.0,0.49999999999999994,0.0014249999999999998,"2454.TW,1303.TW,4904.TW,2886.TW,2615.TW,2609.TW,2883.TW,5880.TW,2880.TW,2887.TW,5876.TW,2303.TW,2884.TW,2002.TW,2618.TW",2018,123,15
2018-01-02,0.018721953874334566,0.017270275090063736,0.010247294414811536,0.012621150251340923,1.0000000000000002,0.0,0.5000000000000001,0.0014250000000000003,"2454.TW,1303.TW,4904.TW,2886.TW,2615.TW,2609.TW,2883.TW,5880.TW,2880.TW,2887.TW,5876.TW,2303.TW,2884.TW,2002.TW,2618.TW,1101.TW,2408.TW,2892.TW,1102.TW,3045.TW",2018,123,20
2018-01-02,0.016351330548571366,0.014903029902539666,0.010247294414811536,0.012621150251340923,0.9999999999999999,0.0,0.49999999999999994,0.0014249999999999998,"2454.TW,1303.TW,4904.TW,2886.TW,2615.TW,2609.TW,2883.TW,5880.TW,2880.TW,2887.TW",2018,123,10
2018-01-05,0.0065248312926348695,0.0018115759550219046,-0.0017899990062971716,8.925697784801359e-06,0.8004617949281547,0.8004617949281547,0.8004617949281547,0.004682701500329706,"3008.TW,2357.TW,2317.TW,2207.TW,2892.TW,2002.TW,5880.TW,1301.TW,1303.TW,2412.TW",2018,123,10
2018-01-05,0.006959672712985602,0.0026370223667209203,-0.0017899990062971716,8.925697784801359e-06,0.7338075288698462,0.7338075288698465,0.7338075288698463,0.004292774043888602,"3008.TW,2357.TW,2317.TW,2207.TW,2892.TW,2002.TW,5880.TW,1301.TW,1303.TW,2412.TW,1101.TW,1216.TW,3037.TW,3045.TW,2880.TW",2018,123,15
2018-01-05,0.010099055163393654,0.007427980311691007,-0.0017899990062971716,8.925697784801359e-06,0.45202892667809386,0.45202892667809386,0.45202892667809386,0.0026443692210668494,"3008.TW,2357.TW,2317.TW,2207.TW,2892.TW,2002.TW,5880.TW,1301.TW,1303.TW,2412.TW,1101.TW,1216.TW,3037.TW,3045.TW,2880.TW,2454.TW,2912.TW,2883.TW,2884.TW,2887.TW",2018,123,20
2018-01-05,-0.01729603503844675,-0.02304485323347194,-0.0017899990062971716,8.925697784801359e-06,1.0,1.0,1.0,0.00585,"3008.TW,2357.TW,2317.TW",2018,123,3
2018-01-05,-0.008287386528847153,-0.0140889053176535,-0.0017899990062971716,8.925697784801359e-06,1.0,1.0,1.0,0.00585,"3008.TW,2357.TW,2317.TW,2207.TW,2892.TW",2018,123,5
2018-01-10,0.002063916169023919,-0.0018750753806195952,0.011954380852192248,0.007948233529417457,0.6719450505733746,0.6719450505733746,0.6719450505733746,0.003930878545854242,"1590.TW,3017.TW,2327.TW,2357.TW,2408.TW,2345.TW,2609.TW,2603.TW,2330.TW,2303.TW,2412.TW,3008.TW,2892.TW,2317.TW,2882.TW",2018,123,15
2018-01-10,-0.00606752900667458,-0.01075014586948575,0.011954380852192248,0.007948233529417457,0.8053337126377547,0.8053337126377547,0.8053337126377547,0.004711202218930865,"1590.TW,3017.TW,2327.TW,2357.TW,2408.TW",2018,123,5
2018-01-10,-0.03468926493322877,-0.04033633273336945,0.011954380852192248,0.007948233529417457,1.0,1.0,1.0,0.00585,"1590.TW,3017.TW,2327.TW",2018,123,3
2018-01-10,-0.0067435194524224674,-0.011996833605342982,0.011954380852192248,0.007948233529417457,0.904099230047405,0.9040992300474049,0.9040992300474049,0.005288980495777319,"1590.TW,3017.TW,2327.TW,2357.TW,2408.TW,2345.TW,2609.TW,2603.TW,2330.TW,2303.TW",2018,123,10
2018-01-10,0.00749097002257203,0.0030429549815134127,0.011954380852192248,0.007948233529417457,0.7546910831825885,0.7546910831825884,0.7546910831825884,0.004414942836618143,"1590.TW,3017.TW,2327.TW,2357.TW,2408.TW,2345.TW,2609.TW,2603.TW,2330.TW,2303.TW,2412.TW,3008.TW,2892.TW,2317.TW,2882.TW,3231.TW,2885.TW,2308.TW,2618.TW,3034.TW",2018,123,20
2018-01-15,0.024269311878450404,0.019341288625534636,0.02008260347052704,0.00819798192242173,0.8224371534725228,0.8224371534725229,0.8224371534725228,0.004811257347814259,"2345.TW,2327.TW,2884.TW,4904.TW,2308.TW",2018,123,5
2018-01-15,0.009374962759173848,0.006343170512563168,0.02008260347052704,0.00819798192242173,0.5134415891137691,0.5134415891137692,0.5134415891137691,0.00300363329631555,"2345.TW,2327.TW,2884.TW,4904.TW,2308.TW,2002.TW,2880.TW,3034.TW,2892.TW,2618.TW,1590.TW,5876.TW,2207.TW,5880.TW,2887.TW,2412.TW,2885.TW,2303.TW,2615.TW,9910.TW",2018,123,20
2018-01-15,0.016782495440731172,0.011912787321387786,0.02008260347052704,0.00819798192242173,0.8186890923889204,0.8186890923889206,0.8186890923889205,0.004789331190475185,"2345.TW,2327.TW,2884.TW,4904.TW,2308.TW,2002.TW,2880.TW,3034.TW,2892.TW,2618.TW",2018,123,10
2018-01-15,0.014390674434950871,0.009950141712937732,0.02008260347052704,0.00819798192242173,0.748296925136042,0.7482969251360421,0.7482969251360421,0.004377537012045846,"2345.TW,2327.TW,2884.TW,4904.TW,2308.TW,2002.TW,2880.TW,3034.TW,2892.TW,2618.TW,1590.TW,5876.TW,2207.TW,5880.TW,2887.TW",2018,123,15
2018-01-15,0.026789903297219565,0.022613506667892747,0.02008260347052704,0.00819798192242173,0.6952872748734524,0.6952872748734524,0.6952872748734524,0.004067430558009697,"2345.TW,2327.TW,2884.TW",2018,123,3
2018-01-18,-0.000779871981619884,-0.00662530973052744,0.019108463591018587,-0.000614426852091001,1.0,0.9999999999999998,0.9999999999999999,0.005849999999999999,"3008.TW,3017.TW,4904.TW",2018,123,3
2018-01-18,-0.0026115726655161486,-0.007310030393182343,0.019108463591018587,-0.000614426852091001,0.8052581573147384,0.8052581573147384,0.8052581573147384,0.00471076022029122,"3008.TW,3017.TW,4904.TW,2892.TW,2880.TW",2018,123,5
2018-01-18,-0.0015536952502124947,-0.0045188064807988315,0.019108463591018587,-0.000614426852091001,0.5076453467771239,0.5076453467771239,0.5076453467771239,0.002969725278646175,"3008.TW,3017.TW,4904.TW,2892.TW,2880.TW,5880.TW,5876.TW,2412.TW,2002.TW,2884.TW",2018,123,10
2018-01-18,0.0025727699820616624,-9.966436697350645e-05,0.019108463591018587,-0.000614426852091001,0.4556540912822016,0.45565409128220163,0.4556540912822016,0.0026655764340008793,"3008.TW,3017.TW,4904.TW,2892.TW,2880.TW,5880.TW,5876.TW,2412.TW,2002.TW,2884.TW,3045.TW,1301.TW,2885.TW,2882.TW,2886.TW,9910.TW,2887.TW,2881.TW,1216.TW,3231.TW",2018,123,20
2018-01-18,-0.0018844561937566855,-0.005034751962408657,0.019108463591018587,-0.000614426852091001,0.5395288156237856,0.5395288156237857,0.5395288156237856,0.0031562435713991463,"3008.TW,3017.TW,4904.TW,2892.TW,2880.TW,5880.TW,5876.TW,2412.TW,2002.TW,2884.TW,3045.TW,1301.TW,2885.TW,2882.TW,2886.TW",2018,123,15
2018-01-23,0.00477597800821074,0.0024027293852788567,-0.0033506076266383022,0.004934649526218097,0.4037551993348132,0.4037551993348132,0.4037551993348132,0.0023619679161086572,"2615.TW,3008.TW,2603.TW,2609.TW,2618.TW,2891.TW,2303.TW,2886.TW,2892.TW,5880.TW,2880.TW,2884.TW,2887.TW,4904.TW,1303.TW,3017.TW,2382.TW,5876.TW,2002.TW,2881.TW",2018,123,20
2018-01-23,0.004276674730438127,0.0011339356988100402,-0.0033506076266383022,0.004934649526218097,0.5349326144919565,0.5349326144919566,0.5349326144919566,0.003129355794777946,"2615.TW,3008.TW,2603.TW,2609.TW,2618.TW,2891.TW,2303.TW,2886.TW,2892.TW,5880.TW,2880.TW,2884.TW,2887.TW,4904.TW,1303.TW",2018,123,15
2018-01-23,-0.001871557661469958,-0.005784652595001161,-0.0033506076266383022,0.004934649526218097,0.6701593587251597,0.6701593587251597,0.6701593587251597,0.003920432248542185,"2615.TW,3008.TW,2603.TW",2018,123,3
2018-01-23,0.003914601441363586,-0.00020493306671309774,-0.0033506076266383022,0.004934649526218097,0.7014480434824957,0.7014480434824959,0.7014480434824958,0.004103471054372601,"2615.TW,3008.TW,2603.TW,2609.TW,2618.TW,2891.TW,2303.TW,2886.TW,2892.TW,5880.TW",2018,123,10
2018-01-23,-0.0010955620794578685,-0.0057805569095092935,-0.0033506076266383022,0.004934649526218097,0.8017321644600666,0.8017321644600666,0.8017321644600666,0.00469013316209139,"2615.TW,3008.TW,2603.TW,2609.TW,2618.TW",2018,123,5
2018-01-26,0.003088592522835332,0.00013185356591671749,-0.008771565909085899,-0.006682814934012775,0.5038692160280153,0.5038692160280154,0.5038692160280154,0.0029476349137638894,"2615.TW,3008.TW,2882.TW,1216.TW,2327.TW,2618.TW,2891.TW,2330.TW,2408.TW,2603.TW",2018,123,10
2018-01-26,0.00780865541223379,0.004254095968804883,-0.008771565909085899,-0.006682814934012775,0.6029090895515445,0.6029090895515445,0.6029090895515445,0.0035270181738765354,"2615.TW,3008.TW,2882.TW,1216.TW,2327.TW",2018,123,5
2018-01-26,-0.0016031933805032985,-0.003958909103045971,-0.008771565909085899,-0.006682814934012775,0.40333306920458933,0.4033330692045896,0.40333306920458945,0.002359498454846849,"2615.TW,3008.TW,2882.TW,1216.TW,2327.TW,2618.TW,2891.TW,2330.TW,2408.TW,2603.TW,2609.TW,2884.TW,2317.TW,2892.TW,2887.TW",2018,123,15
2018-01-26,-0.00029493743457609223,-0.00227122402743829,-0.008771565909085899,-0.006682814934012775,0.3379264351664987,0.3379264351664987,0.3379264351664987,0.0019768696457240172,"2615.TW,3008.TW,2882.TW",2018,123,3
2018-01-26,-0.002854713126860403,-0.004917691074384112,-0.008771565909085899,-0.006682814934012775,0.35365538767308774,0.3536553876730877,0.3536553876730877,0.002068884017887563,"2615.TW,3008.TW,2882.TW,1216.TW,2327.TW,2618.TW,2891.TW,2330.TW,2408.TW,2603.TW,2609.TW,2884.TW,2317.TW,2892.TW,2887.TW,2883.TW,2880.TW,5880.TW,2382.TW,5876.TW",2018,123,20
2018-01-31,-0.05005519672597872,-0.0545085119372507,-0.046017925457063735,-0.043028856258429136,0.8013628379687157,0.8013628379687155,0.8013628379687157,0.004687972602116987,"9910.TW,2379.TW,2395.TW,3008.TW,2454.TW,2317.TW,2303.TW,2615.TW,1303.TW,2382.TW",2018,123,10
2018-01-31,-0.04862541440239486,-0.051617241737520136,-0.046017925457063735,-0.043028856258429136,0.5375626843852873,0.5375626843852874,0.5375626843852874,0.0031447417036539315,"9910.TW,2379.TW,2395.TW,3008.TW,2454.TW,2317.TW,2303.TW,2615.TW,1303.TW,2382.TW,2882.TW,2884.TW,2603.TW,2609.TW,2885.TW",2018,123,15
2018-01-31,-0.05260602520588094,-0.05814827995842664,-0.046017925457063735,-0.043028856258429136,1.0,1.0,1.0,0.00585,"9910.TW,2379.TW,2395.TW",2018,123,3
2018-01-31,-0.06934248237735634,-0.07369795955983027,-0.046017925457063735,-0.043028856258429136,0.8,0.7999999999999999,0.8,0.00468,"9910.TW,2379.TW,2395.TW,3008.TW,2454.TW",2018,123,5
2018-01-31,-0.04565962111255738,-0.04819258900827639,-0.046017925457063735,-0.043028856258429136,0.4537018181971226,0.4537018181971224,0.4537018181971225,0.0026541556364531663,"9910.TW,2379.TW,2395.TW,3008.TW,2454.TW,2317.TW,2303.TW,2615.TW,1303.TW,2382.TW,2882.TW,2884.TW,2603.TW,2609.TW,2885.TW,2883.TW,2886.TW,2880.TW,2887.TW,2357.TW",2018,123,20
2018-02-05,-0.010546857758685912,-0.014412217428138918,-0.02782924283778654,-0.034233362169155776,0.6677883109702609,0.6677883109702609,0.6677883109702609,0.003906561619176027,"2379.TW,5871.TW,1301.TW",2018,123,3
2018-02-05,-0.025920206988315195,-0.02880686682903444,-0.02782924283778654,-0.034233362169155776,0.5065766995258479,0.5065766995258479,0.5065766995258479,0.0029634736922262107,"2379.TW,5871.TW,1301.TW,1326.TW,2881.TW,1102.TW,2357.TW,2330.TW,3711.TW,2887.TW,1216.TW,1303.TW,2883.TW,2603.TW,3231.TW,2891.TW,2885.TW,2886.TW,3008.TW,2382.TW",2018,123,20
2018-02-05,-0.027653712715378462,-0.0322166526089227,-0.02782924283778654,-0.034233362169155776,0.8021727810267939,0.802172781026794,0.802172781026794,0.004692710769006745,"2379.TW,5871.TW,1301.TW,1326.TW,2881.TW,1102.TW,2357.TW,2330.TW,3711.TW,2887.TW,1216.TW,1303.TW,2883.TW,2603.TW,3231.TW",2018,123,15
2018-02-05,-0.006466031697173236,-0.011115770668830405,-0.02782924283778654,-0.034233362169155776,0.8,0.8,0.8,0.00468,"2379.TW,5871.TW,1301.TW,1326.TW,2881.TW",2018,123,5
2018-02-05,-0.0215245752923086,-0.026679706398653247,-0.02782924283778654,-0.034233362169155776,0.9006041135890617,0.9006041135890619,0.9006041135890618,0.005268534064496012,"2379.TW,5871.TW,1301.TW,1326.TW,2881.TW,1102.TW,2357.TW,2330.TW,3711.TW,2887.TW",2018,123,10
2018-02-08,0.07743731377476108,0.07113430548917865,0.03689552181159339,0.03987320336519864,1.0,0.9999999999999999,1.0,0.005849999999999999,"3037.TW,2345.TW,2327.TW,2609.TW,3008.TW",2018,123,5
2018-02-08,0.06388170631998634,0.05826127343365428,0.03689552181159339,0.03987320336519864,0.903068219558601,0.9030682195586011,0.9030682195586011,0.005282949084417816,"3037.TW,2345.TW,2327.TW,2609.TW,3008.TW,2330.TW,2912.TW,2408.TW,2603.TW,2207.TW",2018,123,10
2018-02-08,0.05745086313883351,0.05246647655204417,0.03689552181159339,0.03987320336519864,0.8057413586562125,0.8057413586562125,0.8057413586562125,0.004713586948138844,"3037.TW,2345.TW,2327.TW,2609.TW,3008.TW,2330.TW,2912.TW,2408.TW,2603.TW,2207.TW,3017.TW,3034.TW,4904.TW,1216.TW,5880.TW",2018,123,15
2018-02-08,0.0757062400147299,0.06941335851064379,0.03689552181159339,0.03987320336519864,1.0,1.0,1.0,0.00585,"3037.TW,2345.TW,2327.TW",2018,123,3
2018-02-08,0.055713558262888666,0.05166051226748536,0.03689552181159339,0.03987320336519864,0.6562654896870137,0.6562654896870138,0.6562654896870137,0.003839153114669031,"3037.TW,2345.TW,2327.TW,2609.TW,3008.TW,2330.TW,2912.TW,2408.TW,2603.TW,2207.TW,3017.TW,3034.TW,4904.TW,1216.TW,5880.TW,3231.TW,1301.TW,9910.TW,3045.TW,2382.TW",2018,123,20
2018-02-21,0.02159514939703973,0.017370672111718166,0.019632096187336412,0.019907151909432496,0.7068679502951258,0.7068679502951258,0.7068679502951258,0.004135177509226486,"2345.TW,2327.TW,6669.TW,2303.TW,2330.TW,2317.TW,2357.TW,3017.TW,3711.TW,5880.TW",2018,123,10
2018-02-21,0.016597795660036784,0.012937237311504868,0.019632096187336412,0.019907151909432496,0.615520191471824,0.6155201914718241,0.615520191471824,0.003600793120110171,"2345.TW,2327.TW,6669.TW,2303.TW,2330.TW",2018,123,5
2018-02-21,0.021336500253421476,0.018085149405806966,0.019632096187336412,0.019907151909432496,0.5441756654538294,0.5441756654538293,0.5441756654538294,0.003183427642904902,"2345.TW,2327.TW,6669.TW,2303.TW,2330.TW,2317.TW,2357.TW,3017.TW,3711.TW,5880.TW,2885.TW,2382.TW,2207.TW,2308.TW,3034.TW",2018,123,15
2018-02-21,0.015211786153458898,0.013081437970332566,0.019632096187336412,0.019907151909432496,0.35870553075971356,0.3587055307597138,0.3587055307597137,0.002098427354944325,"2345.TW,2327.TW,6669.TW",2018,123,3
2018-02-21,0.019428799392781474,0.01666898558310126,0.019632096187336412,0.019907151909432496,0.46277194118000237,0.4627719411800026,0.4627719411800025,0.002707215855903015,"2345.TW,2327.TW,6669.TW,2303.TW,2330.TW,2317.TW,2357.TW,3017.TW,3711.TW,5880.TW,2885.TW,2382.TW,2207.TW,2308.TW,3034.TW,3045.TW,4904.TW,2892.TW,2609.TW,2618.TW",2018,123,20
2018-02-26,-0.005201061257556594,-0.008726059593272328,-0.024067506881263356,-0.007967835260579337,0.6057141745977077,0.6057141745977077,0.6057141745977077,0.00354342792139659,"3008.TW,6669.TW,2454.TW,2615.TW,1101.TW,2207.TW,2603.TW,2609.TW,2395.TW,2002.TW,3711.TW,2317.TW,2885.TW,2357.TW,4904.TW",2018,123,15
2018-02-26,-0.007093833060683919,-0.01179635526239775,-0.024067506881263356,-0.007967835260579337,0.8095930670758227,0.8095930670758227,0.8095930670758227,0.004736119442393563,"3008.TW,6669.TW,2454.TW,2615.TW,1101.TW",2018,123,5
2018-02-26,-0.009075774699283407,-0.013030551178663141,-0.024067506881263356,-0.007967835260579337,0.6822218593053125,0.6822218593053125,0.6822218593053125,0.003990997876936078,"3008.TW,6669.TW,2454.TW",2018,123,3
2018-02-26,0.00417682196126456,0.002082802037729259,-0.024067506881263356,-0.007967835260579337,0.3564632401912545,0.3564632401912547,0.35646324019125464,0.00208530995511884,"3008.TW,6669.TW,2454.TW,2615.TW,1101.TW,2207.TW,2603.TW,2609.TW,2395.TW,2002.TW,3711.TW,2317.TW,2885.TW,2357.TW,4904.TW,2303.TW,3045.TW,2382.TW,2345.TW,2327.TW",2018,123,20
2018-02-26,-0.0026669073435134695,-0.007948568093054553,-0.024067506881263356,-0.007967835260579337,0.9052622418952587,0.905262241895259,0.9052622418952588,0.005295784115087265,"3008.TW,6669.TW,2454.TW,2615.TW,1101.TW,2207.TW,2603.TW,2609.TW,2395.TW,2002.TW",2018,123,10
2018-03-02,0.0006827164162155684,-0.0040173912779095655,0.012947040062516901,-0.00018891446685417534,0.8028890671244264,0.8028890671244266,0.8028890671244265,0.004696901042677896,"6669.TW,3037.TW,1301.TW,2883.TW,2881.TW,3008.TW,1303.TW,2892.TW,5871.TW,2886.TW",2018,123,10
2018-03-02,0.0015800902425986718,-0.003124413994905817,0.012947040062516901,-0.00018891446685417534,0.8029200723758364,0.8029200723758363,0.8029200723758363,0.0046970824233986425,"6669.TW,3037.TW,1301.TW,2883.TW,2881.TW,3008.TW,1303.TW,2892.TW,5871.TW,2886.TW,2412.TW,1326.TW,2330.TW,2882.TW,2002.TW",2018,123,15
2018-03-02,0.013007592940578253,0.008237607330059626,0.012947040062516901,-0.00018891446685417534,0.8049121855812352,0.8049121855812353,0.8049121855812353,0.004708736285650226,"6669.TW,3037.TW,1301.TW,2883.TW,2881.TW",2018,123,5
2018-03-02,0.027180365501975817,0.023129074291858842,0.012947040062516901,-0.00018891446685417534,0.6742033193434123,0.6742033193434124,0.6742033193434123,0.003944089418158962,"6669.TW,3037.TW,1301.TW",2018,123,3
2018-03-02,-0.003331633990018118,-0.007726978628146419,0.012947040062516901,-0.00018891446685417534,0.7538525244766244,0.7538525244766243,0.7538525244766243,0.004410037268188252,"6669.TW,3037.TW,1301.TW,2883.TW,2881.TW,3008.TW,1303.TW,2892.TW,5871.TW,2886.TW,2412.TW,1326.TW,2330.TW,2882.TW,2002.TW,5880.TW,1590.TW,1102.TW,4904.TW,2454.TW",2018,123,20
2018-03-07,0.05230672893418194,0.04615073456991681,0.02678023229908666,0.02282758748018678,1.0,1.0,1.0,0.00585,"1590.TW,2609.TW,5871.TW",2018,123,3
2018-03-07,0.03193765534605859,0.028863079310872397,0.02678023229908666,0.02282758748018678,0.5093026214331213,0.5093026214331213,0.5093026214331213,0.00297942033538376,"1590.TW,2609.TW,5871.TW,3231.TW,3008.TW,2912.TW,2886.TW,3037.TW,1301.TW,2891.TW,2308.TW,1326.TW,2379.TW,3017.TW,1101.TW,1216.TW,2892.TW,1102.TW,2002.TW,2887.TW",2018,123,20
2018-03-07,0.0694637287627617,0.0632073659494996,0.02678023229908666,0.02282758748018678,1.0,0.9999999999999999,1.0,0.005849999999999999,"1590.TW,2609.TW,5871.TW,3231.TW,3008.TW",2018,123,5
2018-03-07,0.03582790676948049,0.03215561416146051,0.02678023229908666,0.02282758748018678,0.6060295557348367,0.6060295557348369,0.6060295557348367,0.0035452729010487954,"1590.TW,2609.TW,5871.TW,3231.TW,3008.TW,2912.TW,2886.TW,3037.TW,1301.TW,2891.TW,2308.TW,1326.TW,2379.TW,3017.TW,1101.TW",2018,123,15
2018-03-07,0.04491216177609965,0.041804164613712835,0.02678023229908666,0.02282758748018678,0.5084461504562349,0.5084461504562348,0.5084461504562348,0.0029744099801689737,"1590.TW,2609.TW,5871.TW,3231.TW,3008.TW,2912.TW,2886.TW,3037.TW,1301.TW,2891.TW",2018,123,10
2018-03-12,0.00018888924826385178,-0.0033649436743556915,-0.004149466467285756,0.00032677771755129203,0.6073780800964126,0.6073780800964128,0.6073780800964127,0.0035531617685640145,"2308.TW,3017.TW,4904.TW,3045.TW,9910.TW,1590.TW,2615.TW,5876.TW,2207.TW,2002.TW,2412.TW,2892.TW,2884.TW,2880.TW,2882.TW,2887.TW,5880.TW,2609.TW,2382.TW,2912.TW",2018,123,20
2018-03-12,0.008731685565337589,0.002830605204780401,-0.004149466467285756,0.00032677771755129203,1.0,1.0,1.0,0.00585,"2308.TW,3017.TW,4904.TW,3045.TW,9910.TW",2018,123,5
2018-03-12,-0.00019521769586835895,-0.004904786063074651,-0.004149466467285756,0.00032677771755129203,0.8052116133005066,0.8052116133005065,0.8052116133005065,0.004710487937807963,"2308.TW,3017.TW,4904.TW,3045.TW,9910.TW,1590.TW,2615.TW,5876.TW,2207.TW,2002.TW,2412.TW,2892.TW,2884.TW,2880.TW,2882.TW",2018,123,15
2018-03-12,0.01828417150588916,0.012327209102579673,-0.004149466467285756,0.00032677771755129203,1.0,1.0,1.0,0.00585,"2308.TW,3017.TW,4904.TW",2018,123,3
2018-03-12,0.0024369768959177198,-0.0028537442378293587,-0.004149466467285756,0.00032677771755129203,0.9021981389792761,0.9021981389792764,0.9021981389792763,0.005277859113028766,"2308.TW,3017.TW,4904.TW,3045.TW,9910.TW,1590.TW,2615.TW,5876.TW,2207.TW,2002.TW",2018,123,10
2018-03-15,0.0004145253989663255,-0.00223642584608319,-0.002380686936485521,0.006946800081446096,0.45296629294951823,0.45296629294951857,0.4529662929495184,0.002649852813754683,"9910.TW,2615.TW,2207.TW,3711.TW,2891.TW,3231.TW,3045.TW,5876.TW,2880.TW,2884.TW,2609.TW,2412.TW,2603.TW,2892.TW,2886.TW,1216.TW,5880.TW,1301.TW,1303.TW,2395.TW",2018,123,20
2018-03-15,-0.013294929042114304,-0.0190671537072179,-0.002380686936485521,0.006946800081446096,1.0,1.0,1.0,0.00585,"9910.TW,2615.TW,2207.TW",2018,123,3
2018-03-15,-0.007035736219572341,-0.01170575760747905,-0.002380686936485521,0.006946800081446096,0.8039506389723963,0.8039506389723962,0.8039506389723963,0.004703111237988518,"9910.TW,2615.TW,2207.TW,3711.TW,2891.TW",2018,123,5
2018-03-15,-0.0013816992762419357,-0.003731992175521115,-0.002380686936485521,0.006946800081446096,0.40231534878848196,0.402315348788482,0.40231534878848196,0.00235354479041262,"9910.TW,2615.TW,2207.TW,3711.TW,2891.TW,3231.TW,3045.TW,5876.TW,2880.TW,2884.TW,2609.TW,2412.TW,2603.TW,2892.TW,2886.TW",2018,123,15
2018-03-15,-0.004465740364393944,-0.007399499345182359,-0.002380686936485521,0.006946800081446096,0.5037468643789346,0.5037468643789346,0.5037468643789346,0.0029469191566167674,"9910.TW,2615.TW,2207.TW,3711.TW,2891.TW,3231.TW,3045.TW,5876.TW,2880.TW,2884.TW",2018,123,10
2018-03-20,-0.028301341444456486,-0.033985778597006466,-0.023269981275240048,-0.022699836997207477,1.0,0.9999999999999999,1.0,0.005849999999999999,"3008.TW,2395.TW,1216.TW,2308.TW,3034.TW",2018,123,5
2018-03-20,-0.027189665828970016,-0.03288060628387057,-0.023269981275240048,-0.022699836997207477,1.0,0.9999999999999999,1.0,0.005849999999999999,"3008.TW,2395.TW,1216.TW",2018,123,3
2018-03-20,-0.028213901702390617,-0.033140857220759434,-0.023269981275240048,-0.022699836997207477,0.8666666666666666,0.8666666666666666,0.8666666666666666,0.00507,"3008.TW,2395.TW,1216.TW,2308.TW,3034.TW,2330.TW,2882.TW,1590.TW,3017.TW,2317.TW,1102.TW,1101.TW,2880.TW,2886.TW,2408.TW",2018,123,15
2018-03-20,-0.03245398637893477,-0.03811413055861812,-0.023269981275240048,-0.022699836997207477,0.9999999999999999,1.0,1.0,0.00585,"3008.TW,2395.TW,1216.TW,2308.TW,3034.TW,2330.TW,2882.TW,1590.TW,3017.TW,2317.TW",2018,123,10
2018-03-20,-0.026658782185817444,-0.03065572281201079,-0.023269981275240048,-0.022699836997207477,0.7019508692065268,0.7019508692065266,0.7019508692065267,0.004106412584858181,"3008.TW,2395.TW,1216.TW,2308.TW,3034.TW,2330.TW,2882.TW,1590.TW,3017.TW,2317.TW,1102.TW,1101.TW,2880.TW,2886.TW,2408.TW,3711.TW,2883.TW,5871.TW,5880.TW,2887.TW",2018,123,20
2018-03-23,0.003612026046908401,0.0006406457098513396,0.004887023340068186,0.006741981622062587,0.50610021558375,0.50610021558375,0.50610021558375,0.0029606862611649375,"5871.TW,2379.TW,6669.TW,3034.TW,3037.TW,2345.TW,2330.TW,2454.TW,3231.TW,2408.TW,2912.TW,3017.TW,2317.TW,3008.TW,2357.TW,2891.TW,1102.TW,1216.TW,2887.TW,2881.TW",2018,123,20
2018-03-23,0.0243359191840693,0.018343554056842404,0.004887023340068186,0.006741981622062587,1.0,1.0,1.0,0.00585,"5871.TW,2379.TW,6669.TW",2018,123,3
2018-03-23,0.015972615371092624,0.011217863531155947,0.004887023340068186,0.006741981622062587,0.8,0.8,0.8,0.00468,"5871.TW,2379.TW,6669.TW,3034.TW,3037.TW",2018,123,5
2018-03-23,0.0002770131014559799,-0.0044166737376141185,0.004887023340068186,0.006741981622062587,0.802117433572257,0.8021174335722568,0.802117433572257,0.004692386986397703,"5871.TW,2379.TW,6669.TW,3034.TW,3037.TW,2345.TW,2330.TW,2454.TW,3231.TW,2408.TW",2018,123,10
2018-03-23,0.0026248554291816873,-0.000929303174445173,0.004887023340068186,0.006741981622062587,0.6059579272971191,0.6059579272971191,0.6059579272971191,0.0035448538746881467,"5871.TW,2379.TW,6669.TW,3034.TW,3037.TW,2345.TW,2330.TW,2454.TW,3231.TW,2408.TW,2912.TW,3017.TW,2317.TW,3008.TW,2357.TW",2018,123,15
2018-03-28,-0.013961501184383366,-0.016721180291196958,-0.009118591112062369,-0.00847003046230859,0.47841947228770965,0.4784194722877097,0.47841947228770965,0.0027987539128831018,"2345.TW,3034.TW,2408.TW,2327.TW,1301.TW,6669.TW,2454.TW,3008.TW,2330.TW,2886.TW,3037.TW,1326.TW,2891.TW,2382.TW,2887.TW",2018,123,15
2018-03-28,-0.006622084800029793,-0.011315169825019344,-0.009118591112062369,-0.00847003046230859,0.807584650446926,0.807584650446926,0.807584650446926,0.004724370205114518,"2345.TW,3034.TW,2408.TW,2327.TW,1301.TW",2018,123,5
2018-03-28,-0.012281599621477693,-0.014688869813252903,-0.009118591112062369,-0.00847003046230859,0.41661588760879253,0.4166158876087922,0.41661588760879237,0.0024372029425114346,"2345.TW,3034.TW,2408.TW,2327.TW,1301.TW,6669.TW,2454.TW,3008.TW,2330.TW,2886.TW",2018,123,10
2018-03-28,-0.0008885268553508645,-0.006733328973247077,-0.009118591112062369,-0.00847003046230859,1.0,1.0,1.0,0.00585,"2345.TW,3034.TW,2408.TW",2018,123,3
2018-03-28,-0.010546488763595627,-0.012626839477370755,-0.009118591112062369,-0.00847003046230859,0.35940597773397115,0.35940597773397104,0.3594059777339711,0.0021025249697437308,"2345.TW,3034.TW,2408.TW,2327.TW,1301.TW,6669.TW,2454.TW,3008.TW,2330.TW,2886.TW,3037.TW,1326.TW,2891.TW,2382.TW,2887.TW,3017.TW,1216.TW,2603.TW,1102.TW,2892.TW",2018,123,20
2018-04-02,0.020423389855879354,0.01679540600651963,0.017178205487100362,0.020963359098363426,0.6077557468232272,0.6077557468232272,0.6077557468232272,0.003555371118915879,"3008.TW,3231.TW,2317.TW,2327.TW,2345.TW,1326.TW,2887.TW,1303.TW,1301.TW,2412.TW,3037.TW,5880.TW,2892.TW,2207.TW,2308.TW,2880.TW,5876.TW,2379.TW,2884.TW,2609.TW",2018,123,20
2018-04-02,0.030871341791946276,0.02718978062065891,0.017178205487100362,0.020963359098363426,0.610480348452221,0.6104803484522212,0.6104803484522211,0.0035713100384454936,"3008.TW,3231.TW,2317.TW,2327.TW,2345.TW,1326.TW,2887.TW,1303.TW,1301.TW,2412.TW",2018,123,10
2018-04-02,0.031201671995655537,0.02755911584517534,0.017178205487100362,0.020963359098363426,0.6038190083781259,0.6038190083781259,0.6038190083781259,0.003532341199012036,"3008.TW,3231.TW,2317.TW,2327.TW,2345.TW",2018,123,5
2018-04-02,0.02066086483252202,0.0174213374876957,0.017178205487100362,0.020963359098363426,0.54255568834888,0.54255568834888,0.54255568834888,0.0031739507768409484,"3008.TW,3231.TW,2317.TW,2327.TW,2345.TW,1326.TW,2887.TW,1303.TW,1301.TW,2412.TW,3037.TW,5880.TW,2892.TW,2207.TW,2308.TW",2018,123,15
2018-04-02,0.028781380583589363,0.022763009507175136,0.017178205487100362,0.020963359098363426,1.0,1.0,1.0,0.00585,"3008.TW,3231.TW,2317.TW",2018,123,3
2018-04-10,0.005316448221541573,-0.0005646530005545269,-0.003015843860144196,0.002522291964812262,1.0,1.0,1.0,0.00585,"2345.TW,3034.TW,5876.TW",2018,123,3
2018-04-10,0.0018856114086789,-0.0028769077806162224,-0.003015843860144196,0.002522291964812262,0.8125736461863161,0.8125736461863162,0.8125736461863162,0.004753555830189949,"2345.TW,3034.TW,5876.TW,2303.TW,5880.TW,3037.TW,2207.TW,2892.TW,3231.TW,3045.TW",2018,123,10
2018-04-10,-0.0032420624857910866,-0.006428319517531866,-0.003015843860144196,0.002522291964812262,0.5464308847375652,0.5464308847375652,0.5464308847375652,0.0031966206757147566,"2345.TW,3034.TW,5876.TW,2303.TW,5880.TW,3037.TW,2207.TW,2892.TW,3231.TW,3045.TW,2880.TW,2317.TW,2603.TW,2615.TW,2395.TW",2018,123,15
2018-04-10,-0.005506268761013877,-0.007904944159371818,-0.003015843860144196,0.002522291964812262,0.4123002184382303,0.41230021843823017,0.4123002184382302,0.002411956277863647,"2345.TW,3034.TW,5876.TW,2303.TW,5880.TW,3037.TW,2207.TW,2892.TW,3231.TW,3045.TW,2880.TW,2317.TW,2603.TW,2615.TW,2395.TW,2382.TW,2884.TW,3017.TW,2308.TW,2609.TW",2018,123,20
2018-04-10,0.002685253921496056,-0.002108347642585273,-0.003015843860144196,0.002522291964812262,0.8172246151804665,0.8172246151804663,0.8172246151804664,0.004780763998805728,"2345.TW,3034.TW,5876.TW,2303.TW,5880.TW",2018,123,5
2018-04-13,-0.001666354797992575,-0.004800721388448226,-0.009074393483546772,0.0024407085200318333,0.5366834658299341,0.5366834658299342,0.5366834658299342,0.003139598275105115,"2308.TW,2207.TW,2615.TW,2892.TW,3045.TW,2412.TW,2618.TW,2880.TW,5880.TW,1326.TW,4904.TW,2303.TW,2382.TW,2884.TW,2330.TW",2018,123,15
2018-04-13,-0.0062068747573834245,-0.008279858264476747,-0.009074393483546772,0.0024407085200318333,0.35656933627124215,0.35656933627124215,0.35656933627124215,0.0020859306171867667,"2308.TW,2207.TW,2615.TW,2892.TW,3045.TW,2412.TW,2618.TW,2880.TW,5880.TW,1326.TW,4904.TW,2303.TW,2382.TW,2884.TW,2330.TW,2886.TW,3231.TW,3017.TW,2317.TW,1303.TW",2018,123,20
2018-04-13,0.0011429751695586352,-0.002383036815954198,-0.009074393483546772,0.0024407085200318333,0.602048964523343,0.6020489645233429,0.6020489645233429,0.0035219864424615565,"2308.TW,2207.TW,2615.TW,2892.TW,3045.TW,2412.TW,2618.TW,2880.TW,5880.TW,1326.TW",2018,123,10
2018-04-13,0.0015361681502005897,-0.004322818433478037,-0.009074393483546772,0.0024407085200318333,1.0,1.0000000000000002,1.0,0.005850000000000001,"2308.TW,2207.TW,2615.TW,2892.TW,3045.TW",2018,123,5
2018-04-13,0.00032317084077104763,-0.005528719708647323,-0.009074393483546772,0.0024407085200318333,1.0,1.0000000000000002,1.0,0.005850000000000001,"2308.TW,2207.TW,2615.TW",2018,123,3
2018-04-18,0.003534251542601097,0.0007717183396542815,-0.02441992232720247,-0.007252511259828936,0.4705648035567691,0.4705648035567693,0.4705648035567692,0.0027528041008071,"2379.TW,5871.TW,4904.TW,1303.TW,1326.TW,3045.TW,2880.TW,2886.TW,2408.TW,1101.TW,1301.TW,2884.TW,2330.TW,2892.TW,2382.TW",2018,123,15
2018-04-18,0.02312415512736539,0.017138878819870307,-0.02441992232720247,-0.007252511259828936,1.0,1.0,1.0,0.00585,"2379.TW,5871.TW,4904.TW",2018,123,3
2018-04-18,0.011512979635344856,0.005595628704478051,-0.02441992232720247,-0.007252511259828936,1.0,0.9999999999999999,1.0,0.005849999999999999,"2379.TW,5871.TW,4904.TW,1303.TW,1326.TW",2018,123,5
2018-04-18,0.006268557209216858,0.0038870440561509234,-0.02441992232720247,-0.007252511259828936,0.40456025636974835,0.40456025636974824,0.4045602563697483,0.0023666774997630276,"2379.TW,5871.TW,4904.TW,1303.TW,1326.TW,3045.TW,2880.TW,2886.TW,2408.TW,1101.TW,1301.TW,2884.TW,2330.TW,2892.TW,2382.TW,5876.TW,2885.TW,3017.TW,5880.TW,1102.TW",2018,123,20
2018-04-18,0.008311959506964096,0.004176218998051651,-0.02441992232720247,-0.007252511259828936,0.7011363724212446,0.7011363724212447,0.7011363724212447,0.004101647778664281,"2379.TW,5871.TW,4904.TW,1303.TW,1326.TW,3045.TW,2880.TW,2886.TW,2408.TW,1101.TW",2018,123,10
2018-04-23,0.0028899058897068333,-0.0029770000597481028,-0.0037548382200793817,-0.007992759433501855,1.0,1.0,1.0,0.00585,"1590.TW,2345.TW,3008.TW,1216.TW,2912.TW",2018,123,5
2018-04-23,0.001104661173563237,-0.003592721741957572,-0.0037548382200793817,-0.007992759433501855,0.802085405944736,0.802085405944736,0.802085405944736,0.004692199624776705,"1590.TW,2345.TW,3008.TW,1216.TW,2912.TW,2884.TW,2330.TW,1303.TW,2412.TW,2880.TW",2018,123,10
2018-04-23,0.0025619217427614418,-0.0004130801178334753,-0.0037548382200793817,-0.007992759433501855,0.5072477974362023,0.5072477974362025,0.5072477974362024,0.002967399615001784,"1590.TW,2345.TW,3008.TW,1216.TW,2912.TW,2884.TW,2330.TW,1303.TW,2412.TW,2880.TW,4904.TW,5876.TW,2408.TW,1301.TW,2892.TW,2308.TW,2885.TW,6669.TW,2454.TW,9910.TW",2018,123,20
2018-04-23,0.002587082081743127,-0.00020090019254659364,-0.0037548382200793817,-0.007992759433501855,0.47534840121388,0.47534840121388,0.47534840121388,0.002780788147101198,"1590.TW,2345.TW,3008.TW,1216.TW,2912.TW,2884.TW,2330.TW,1303.TW,2412.TW,2880.TW,4904.TW,5876.TW,2408.TW,1301.TW,2892.TW",2018,123,15
2018-04-23,0.012989944772132073,0.007063953595215056,-0.0037548382200793817,-0.007992759433501855,1.0,1.0,1.0,0.00585,"1590.TW,2345.TW,3008.TW",2018,123,3
2018-04-26,0.012866264350106993,0.007532869736105896,-0.006909519437196865,0.0064924383999667625,0.9001103295642732,0.9001103295642734,0.9001103295642733,0.0052656454279509995,"2454.TW,2379.TW,4904.TW,2357.TW,2880.TW,5876.TW,2892.TW,6669.TW,2618.TW,2886.TW",2018,123,10
2018-04-26,0.014655797299844689,0.01166512787824514,-0.006909519437196865,0.0064924383999667625,0.5038413455225227,0.5038413455225228,0.5038413455225228,0.0029474718713067586,"2454.TW,2379.TW,4904.TW,2357.TW,2880.TW,5876.TW,2892.TW,6669.TW,2618.TW,2886.TW,3017.TW,2912.TW,3037.TW,2327.TW,3008.TW,2891.TW,3711.TW,2345.TW,5871.TW,2884.TW",2018,123,20
2018-04-26,0.02617918507425955,0.022564542890626482,-0.006909519437196865,0.0064924383999667625,0.6021244259725329,0.6021244259725331,0.602124425972533,0.0035224278919393187,"2454.TW,2379.TW,4904.TW,2357.TW,2880.TW,5876.TW,2892.TW,6669.TW,2618.TW,2886.TW,3017.TW,2912.TW,3037.TW,2327.TW,3008.TW",2018,123,15
2018-04-26,-0.007221088578672875,-0.013028845210487638,-0.006909519437196865,0.0064924383999667625,1.0,1.0,1.0,0.00585,"2454.TW,2379.TW,4904.TW,2357.TW,2880.TW",2018,123,5
2018-04-26,-0.011851896192915119,-0.01763256260018664,-0.006909519437196865,0.0064924383999667625,1.0,1.0,1.0,0.00585,"2454.TW,2379.TW,4904.TW",2018,123,3
2018-05-02,0.006534341752275807,0.0029762101842165656,0.0044275712041461635,0.004407075664693423,0.6042790526280466,0.6042790526280465,0.6042790526280466,0.0035350324578740724,"3711.TW,1590.TW,2892.TW,2357.TW,2454.TW",2018,123,5
2018-05-02,-0.0008903732088162539,-0.003611170749497239,0.0044275712041461635,0.004407075664693423,0.4655080726139546,0.4655080726139547,0.46550807261395466,0.002723222224791635,"3711.TW,1590.TW,2892.TW,2357.TW,2454.TW,2880.TW,4904.TW,2886.TW,2891.TW,2379.TW,2883.TW,2887.TW,5880.TW,2618.TW,2881.TW,2408.TW,3045.TW,3017.TW,2882.TW,2412.TW",2018,123,20
2018-05-02,-0.0012782536135448337,-0.0030914241462229874,0.0044275712041461635,0.004407075664693423,0.31034037450483176,0.31034037450483154,0.31034037450483165,0.0018154911908532649,"3711.TW,1590.TW,2892.TW,2357.TW,2454.TW,2880.TW,4904.TW,2886.TW,2891.TW,2379.TW",2018,123,10
2018-05-02,-0.0046977514691515085,-0.007497248915364074,0.0044275712041461635,0.004407075664693423,0.48080527569239245,0.4808052756923925,0.4808052756923925,0.0028127108628004964,"3711.TW,1590.TW,2892.TW,2357.TW,2454.TW,2880.TW,4904.TW,2886.TW,2891.TW,2379.TW,2883.TW,2887.TW,5880.TW,2618.TW,2881.TW",2018,123,15
2018-05-02,0.01701760971914027,0.011068056702283391,0.0044275712041461635,0.004407075664693423,1.0,1.0,1.0,0.00585,"3711.TW,1590.TW,2892.TW",2018,123,3
2018-05-07,0.03738787157984354,0.03334205888068209,0.021410850660936065,0.01592209291804508,0.6666666666666666,0.6666666666666667,0.6666666666666667,0.0039000000000000003,"2454.TW,2345.TW,3711.TW",2018,123,3
2018-05-07,0.0252230972929607,0.021599823855794176,0.021410850660936065,0.01592209291804508,0.6041250751642593,0.6041250751642592,0.6041250751642593,0.0035341316897109167,"2454.TW,2345.TW,3711.TW,2884.TW,4904.TW,3034.TW,2880.TW,2303.TW,3037.TW,2882.TW",2018,123,10
2018-05-07,0.019175577640393265,0.016375942058036053,0.021410850660936065,0.01592209291804508,0.4695659859965526,0.46956598599655264,0.46956598599655264,0.0027469610180798332,"2454.TW,2345.TW,3711.TW,2884.TW,4904.TW,3034.TW,2880.TW,2303.TW,3037.TW,2882.TW,2883.TW,2886.TW,2603.TW,2892.TW,2357.TW",2018,123,15
2018-05-07,0.015435543557812029,0.013029362178080817,0.021410850660936065,0.01592209291804508,0.40506072391671666,0.4050607239167169,0.40506072391671677,0.0023696052349127935,"2454.TW,2345.TW,3711.TW,2884.TW,4904.TW,3034.TW,2880.TW,2303.TW,3037.TW,2882.TW,2883.TW,2886.TW,2603.TW,2892.TW,2357.TW,3231.TW,2887.TW,1102.TW,5880.TW,3045.TW",2018,123,20
2018-05-07,0.017128761554934476,0.013518472302221474,0.021410850660936065,0.01592209291804508,0.6067505760615513,0.6067505760615511,0.6067505760615513,0.0035494908699600742,"2454.TW,2345.TW,3711.TW,2884.TW,4904.TW",2018,123,5
2018-05-10,0.015011171488210105,0.013173107152040231,0.0043153268960542945,0.012787886035478573,0.30955228932428924,0.30955228932428935,0.3095522893242893,0.0018108808925470926,"2345.TW,4904.TW,2618.TW,2412.TW,3711.TW,2887.TW,2886.TW,2884.TW,3231.TW,2603.TW,5880.TW,2885.TW,6669.TW,2882.TW,2880.TW,2454.TW,2892.TW,3045.TW,1326.TW,9910.TW",2018,123,20
2018-05-10,0.021549242129760497,0.01871674819648983,0.0043153268960542945,0.012787886035478573,0.4739732331755517,0.4739732331755515,0.4739732331755516,0.002772743414076977,"2345.TW,4904.TW,2618.TW,2412.TW,3711.TW,2887.TW,2886.TW,2884.TW,3231.TW,2603.TW,5880.TW,2885.TW,6669.TW,2882.TW,2880.TW",2018,123,15
2018-05-10,-0.004352055018523149,-0.007893979529435158,0.0043153268960542945,0.012787886035478573,0.6081036820336554,0.6081036820336556,0.6081036820336555,0.003557406539896885,"2345.TW,4904.TW,2618.TW,2412.TW,3711.TW,2887.TW,2886.TW,2884.TW,3231.TW,2603.TW",2018,123,10
2018-05-10,-0.009127714994632607,-0.011504366186898762,0.0043153268960542945,0.012787886035478573,0.41000759353052313,0.41000759353052313,0.41000759353052313,0.0023985444221535602,"2345.TW,4904.TW,2618.TW,2412.TW,3711.TW",2018,123,5
2018-05-10,-0.015350437169741712,-0.019190570464779788,0.0043153268960542945,0.012787886035478573,0.6666666666666666,0.6666666666666667,0.6666666666666667,0.0039000000000000003,"2345.TW,4904.TW,2618.TW",2018,123,3
2018-05-15,-0.006951475751617439,-0.012760809618470481,-0.00306950902457781,0.001809989929532767,1.0,1.0,1.0,0.00585,"2357.TW,5876.TW,2609.TW",2018,123,3
2018-05-15,0.005162574119745711,0.0027415514232187466,-0.00306950902457781,0.001809989929532767,0.4117244754727823,0.41172447547278224,0.41172447547278224,0.002408588181515776,"2357.TW,5876.TW,2609.TW,9910.TW,2345.TW,3231.TW,2308.TW,3017.TW,5880.TW,2887.TW,2886.TW,2412.TW,2892.TW,3045.TW,3008.TW,2880.TW,2615.TW,2454.TW,2330.TW,4904.TW",2018,123,20
2018-05-15,0.006090509749876928,0.001943833811518303,-0.00306950902457781,0.001809989929532767,0.7045424709479783,0.7045424709479783,0.7045424709479783,0.004121573455045673,"2357.TW,5876.TW,2609.TW,9910.TW,2345.TW,3231.TW,2308.TW,3017.TW,5880.TW,2887.TW",2018,123,10
2018-05-15,0.0073357952159628734,0.00373858395780835,-0.00306950902457781,0.001809989929532767,0.6104299185010486,0.6104299185010487,0.6104299185010487,0.0035710150232311348,"2357.TW,5876.TW,2609.TW,9910.TW,2345.TW,3231.TW,2308.TW,3017.TW,5880.TW,2887.TW,2886.TW,2412.TW,2892.TW,3045.TW,3008.TW",2018,123,15
2018-05-15,0.004105732863529443,-0.0006389693419051046,-0.00306950902457781,0.001809989929532767,0.8077438256867495,0.8077438256867494,0.8077438256867495,0.0047253013802674845,"2357.TW,5876.TW,2609.TW,9910.TW,2345.TW",2018,123,5
2018-05-18,0.02502295880281501,0.02078388204533832,0.0018474840891882227,0.0050219752318259635,0.7069388049589522,0.7069388049589523,0.7069388049589522,0.004135592009009871,"5871.TW,3034.TW,2345.TW,1590.TW,2308.TW,2303.TW,2885.TW,2609.TW,2882.TW,2892.TW",2018,123,10
2018-05-18,0.08542433429435614,0.07907460193873406,0.0018474840891882227,0.0050219752318259635,1.0,1.0,1.0,0.00585,"5871.TW,3034.TW,2345.TW",2018,123,3
2018-05-18,0.01545772316898481,0.012160737039824676,0.0018474840891882227,0.0050219752318259635,0.5550082092508712,0.5550082092508711,0.5550082092508712,0.0032467980241175963,"5871.TW,3034.TW,2345.TW,1590.TW,2308.TW,2303.TW,2885.TW,2609.TW,2882.TW,2892.TW,2891.TW,2880.TW,5880.TW,2379.TW,2317.TW,2887.TW,2886.TW,2330.TW,2884.TW,3037.TW",2018,123,20
2018-05-18,0.04621675162171033,0.04132045722412059,0.0018474840891882227,0.0050219752318259635,0.8,0.8,0.8,0.00468,"5871.TW,3034.TW,2345.TW,1590.TW,2308.TW",2018,123,5
2018-05-18,0.017487844504913013,0.013490521448870085,0.0018474840891882227,0.0050219752318259635,0.6715589677000292,0.6715589677000293,0.6715589677000293,0.003928619961045172,"5871.TW,3034.TW,2345.TW,1590.TW,2308.TW,2303.TW,2885.TW,2609.TW,2882.TW,2892.TW,2891.TW,2880.TW,5880.TW,2379.TW,2317.TW",2018,123,15
2018-05-23,0.009639496345321373,0.00605785124098146,0.01044836731910248,0.007695704578917522,0.606401620181363,0.606401620181363,0.606401620181363,0.003547449478060974,"1102.TW,1101.TW,3008.TW,6669.TW,2882.TW,2885.TW,2308.TW,1303.TW,2379.TW,2884.TW,2891.TW,3711.TW,5880.TW,2207.TW,5876.TW",2018,123,15
2018-05-23,0.00807637123771319,0.005080948155215426,0.01044836731910248,0.007695704578917522,0.5079358552285439,0.5079358552285438,0.5079358552285438,0.002971424753086981,"1102.TW,1101.TW,3008.TW,6669.TW,2882.TW,2885.TW,2308.TW,1303.TW,2379.TW,2884.TW,2891.TW,3711.TW,5880.TW,2207.TW,5876.TW,9910.TW,2887.TW,2892.TW,2880.TW,2002.TW",2018,123,20
2018-05-23,0.03200504037964214,0.02596781089342115,0.01044836731910248,0.007695704578917522,1.0,1.0,1.0,0.00585,"1102.TW,1101.TW,3008.TW,6669.TW,2882.TW",2018,123,5
2018-05-23,0.015680828090884738,0.011465851498820845,0.01044836731910248,0.007695704578917522,0.7093850737642708,0.7093850737642708,0.7093850737642708,0.004149902681520984,"1102.TW,1101.TW,3008.TW,6669.TW,2882.TW,2885.TW,2308.TW,1303.TW,2379.TW,2884.TW",2018,123,10
2018-05-23,0.00839634181066029,0.0024972232110678227,0.01044836731910248,0.007695704578917522,1.0,1.0000000000000002,1.0,0.005850000000000001,"1102.TW,1101.TW,3008.TW",2018,123,3
2018-05-28,-0.008064508145323994,-0.010429783821357175,-0.01703126647401576,-0.01311768048380371,0.40760778468139,0.4076077846813899,0.4076077846813899,0.002384505540386131,"2885.TW,1590.TW,3711.TW,6669.TW,2345.TW,1303.TW,5876.TW,2454.TW,2308.TW,2887.TW,2207.TW,2884.TW,2891.TW,2883.TW,3017.TW",2018,123,15
2018-05-28,-0.003943506611066694,-0.007474776034592345,-0.01703126647401576,-0.01311768048380371,0.6060256651100994,0.6060256651100995,0.6060256651100995,0.003545250140894082,"2885.TW,1590.TW,3711.TW,6669.TW,2345.TW,1303.TW,5876.TW,2454.TW,2308.TW,2887.TW",2018,123,10
2018-05-28,-0.010780104279077241,-0.013130812465556474,-0.01703126647401576,-0.01311768048380371,0.40620943934245773,0.4062094393424578,0.4062094393424578,0.002376325220153378,"2885.TW,1590.TW,3711.TW,6669.TW,2345.TW,1303.TW,5876.TW,2454.TW,2308.TW,2887.TW,2207.TW,2884.TW,2891.TW,2883.TW,3017.TW,2882.TW,2330.TW,5880.TW,3037.TW,2881.TW",2018,123,20
2018-05-28,-0.01920399399879369,-0.024941650633900747,-0.01703126647401576,-0.01311768048380371,1.0,1.0,1.0,0.00585,"2885.TW,1590.TW,3711.TW",2018,123,3
2018-05-28,0.003248472102959422,-0.001446730746482383,-0.01703126647401576,-0.01311768048380371,0.8,0.7999999999999999,0.8,0.00468,"2885.TW,1590.TW,3711.TW,6669.TW,2345.TW",2018,123,5
2018-05-31,0.025726034397979786,0.01972553709675151,0.02289612567910071,0.02978515506463946,1.0,1.0,1.0,0.00585,"2891.TW,2883.TW,2881.TW",2018,123,3
2018-05-31,0.03353890376639015,0.02749270117935687,0.02289612567910071,0.02978515506463946,1.0,1.0,1.0,0.00585,"2891.TW,2883.TW,2881.TW,2327.TW,2603.TW",2018,123,5
2018-05-31,0.03587670461370915,0.031807581152271336,0.02289612567910071,0.02978515506463946,0.6714859567521956,0.6714859567521956,0.6714859567521956,0.0039281928470003445,"2891.TW,2883.TW,2881.TW,2327.TW,2603.TW,4904.TW,3034.TW,2454.TW,3711.TW,2357.TW,3231.TW,2886.TW,1102.TW,3017.TW,1101.TW",2018,123,15
2018-05-31,0.036204185690908997,0.03284267353837089,0.02289612567910071,0.02978515506463946,0.5545407651380944,0.5545407651380942,0.5545407651380942,0.0032440634760578517,"2891.TW,2883.TW,2881.TW,2327.TW,2603.TW,4904.TW,3034.TW,2454.TW,3711.TW,2357.TW,3231.TW,2886.TW,1102.TW,3017.TW,1101.TW,2912.TW,2382.TW,2884.TW,2887.TW,5880.TW",2018,123,20
2018-05-31,0.030795902028623322,0.025944437389419317,0.02289612567910071,0.02978515506463946,0.8045338491389425,0.8045338491389427,0.8045338491389427,0.004706523017462815,"2891.TW,2883.TW,2881.TW,2327.TW,2603.TW,4904.TW,3034.TW,2454.TW,3711.TW,2357.TW",2018,123,10
2018-06-05,0.008245337095563743,0.00234710187355458,0.001814786837473381,0.007519896195155513,1.0,1.0000000000000002,1.0,0.005850000000000001,"2609.TW,2308.TW,2303.TW,3045.TW,5880.TW",2018,123,5
2018-06-05,0.012227045351255109,0.006305517135950289,0.001814786837473381,0.007519896195155513,1.0,1.0,1.0,0.00585,"2609.TW,2308.TW,2303.TW",2018,123,3
2018-06-05,0.0048378685613648924,-0.0002737960746908019,0.001814786837473381,0.007519896195155513,0.8695819037226192,0.8695819037226192,0.8695819037226192,0.005087054136777323,"2609.TW,2308.TW,2303.TW,3045.TW,5880.TW,2618.TW,2887.TW,6669.TW,3711.TW,2002.TW,1303.TW,2884.TW,1326.TW,4904.TW,2892.TW",2018,123,15
2018-06-05,0.003689195348636398,-0.0001548500752082127,0.001814786837473381,0.007519896195155513,0.6546865154063268,0.6546865154063265,0.6546865154063266,0.003829916115127011,"2609.TW,2308.TW,2303.TW,3045.TW,5880.TW,2618.TW,2887.TW,6669.TW,3711.TW,2002.TW,1303.TW,2884.TW,1326.TW,4904.TW,2892.TW,3017.TW,1216.TW,1301.TW,3231.TW,2317.TW",2018,123,20
2018-06-05,0.0033744213111610018,-0.0019137977807353046,0.001814786837473381,0.007519896195155513,0.9009289616498064,0.9009289616498065,0.9009289616498064,0.0052704344256513675,"2609.TW,2308.TW,2303.TW,3045.TW,5880.TW,2618.TW,2887.TW,6669.TW,3711.TW,2002.TW",2018,123,10
2018-06-08,0.004983694069698979,0.0018265625382301032,-0.00362325315665335,-0.00868504970638077,0.537004338333543,0.5370043383335432,0.5370043383335431,0.0031414753792512276,"6669.TW,2345.TW,1301.TW,2379.TW,1303.TW,2382.TW,2887.TW,3037.TW,2603.TW,3045.TW,2886.TW,2308.TW,1216.TW,2303.TW,2892.TW",2018,123,15
2018-06-08,0.0005615130888833589,-0.0035575889869616795,-0.00362325315665335,-0.00868504970638077,0.7037248622438546,0.7037248622438546,0.7037248622438546,0.004116790444126549,"6669.TW,2345.TW,1301.TW,2379.TW,1303.TW,2382.TW,2887.TW,3037.TW,2603.TW,3045.TW",2018,123,10
2018-06-08,0.029039483563599085,0.023019602584751997,-0.00362325315665335,-0.00868504970638077,1.0,1.0,1.0,0.00585,"6669.TW,2345.TW,1301.TW",2018,123,3
2018-06-08,0.0111729419215165,0.0052575802112755365,-0.00362325315665335,-0.00868504970638077,1.0,1.0000000000000002,1.0,0.005850000000000001,"6669.TW,2345.TW,1301.TW,2379.TW,1303.TW",2018,123,5
2018-06-08,0.002929902759116148,0.0005602498775407749,-0.00362325315665335,-0.00868504970638077,0.4038855233361397,0.4038855233361397,0.4038855233361397,0.002362730311516417,"6669.TW,2345.TW,1301.TW,2379.TW,1303.TW,2382.TW,2887.TW,3037.TW,2603.TW,3045.TW,2886.TW,2308.TW,1216.TW,2303.TW,2892.TW,2609.TW,5880.TW,2330.TW,2883.TW,3017.TW",2018,123,20
2018-06-13,-0.02052761698172275,-0.024396374775026985,-0.022424315548126295,-0.017608187632524794,0.6751860797500365,0.6751860797500365,0.6751860797500365,0.003949838566537714,"2408.TW,1590.TW,2345.TW,2454.TW,1216.TW,5871.TW,1301.TW,2382.TW,2883.TW,1102.TW,2886.TW,3017.TW,2327.TW,9910.TW,2884.TW",2018,123,15
2018-06-13,-0.02512889971965719,-0.02916016359809881,-0.022424315548126295,-0.017608187632524794,0.7068677451691686,0.7068677451691687,0.7068677451691687,0.004135176309239637,"2408.TW,1590.TW,2345.TW,2454.TW,1216.TW,5871.TW,1301.TW,2382.TW,2883.TW,1102.TW",2018,123,10
2018-06-13,-0.04574216914362487,-0.049567613288679424,-0.022424315548126295,-0.017608187632524794,0.6852677074610588,0.6852677074610589,0.6852677074610589,0.004008816088647195,"2408.TW,1590.TW,2345.TW",2018,123,3
2018-06-13,-0.01926515829344145,-0.021910970555456988,-0.022424315548126295,-0.017608187632524794,0.461159919186253,0.461159919186253,0.461159919186253,0.00269778552723958,"2408.TW,1590.TW,2345.TW,2454.TW,1216.TW,5871.TW,1301.TW,2382.TW,2883.TW,1102.TW,2886.TW,3017.TW,2327.TW,9910.TW,2884.TW,2002.TW,2887.TW,3045.TW,5880.TW,2892.TW",2018,123,20
2018-06-13,-0.02696587103162842,-0.03156420690423434,-0.022424315548126295,-0.017608187632524794,0.8078239978457431,0.807823997845743,0.8078239978457431,0.0047257703873975964,"2408.TW,1590.TW,2345.TW,2454.TW,1216.TW",2018,123,5
2018-06-19,-0.04366336166096804,-0.04711072123134297,0.0024800671391718154,-0.006281250550996316,0.6161974880264027,0.6161974880264027,0.6161974880264027,0.003604755304954456,"2345.TW,1590.TW,2327.TW,1101.TW,3008.TW",2018,123,5
2018-06-19,-0.026399397249404148,-0.029868100984647983,0.0024800671391718154,-0.006281250550996316,0.6090185315911061,0.6090185315911061,0.6090185315911061,0.0035627584098079706,"2345.TW,1590.TW,2327.TW,1101.TW,3008.TW,3017.TW,5871.TW,9910.TW,3034.TW,1102.TW",2018,123,10
2018-06-19,-0.07465904842899077,-0.076576969351146,0.0024800671391718154,-0.006281250550996316,0.3543015466097409,0.35430154660974095,0.3543015466097409,0.0020726640476669846,"2345.TW,1590.TW,2327.TW",2018,123,3
2018-06-19,-0.011902636840574384,-0.01483777142452869,0.0024800671391718154,-0.006281250550996316,0.5077762842208942,0.5077762842208942,0.5077762842208942,0.002970491262692231,"2345.TW,1590.TW,2327.TW,1101.TW,3008.TW,3017.TW,5871.TW,9910.TW,3034.TW,1102.TW,2885.TW,2884.TW,2408.TW,2317.TW,2891.TW,2308.TW,2881.TW,2207.TW,2883.TW,1326.TW",2018,123,20
2018-06-19,-0.01874343820266149,-0.021095096916962763,0.0024800671391718154,-0.006281250550996316,0.40967159687501253,0.4096715968750127,0.40967159687501264,0.002396578841718824,"2345.TW,1590.TW,2327.TW,1101.TW,3008.TW,3017.TW,5871.TW,9910.TW,3034.TW,1102.TW,2885.TW,2884.TW,2408.TW,2317.TW,2891.TW",2018,123,15
2018-06-22,-0.012655683110835703,-0.016207152947281922,-0.009894954028851988,-0.01324985978678272,0.614870466711887,0.614870466711887,0.614870466711887,0.0035969922302645395,"2327.TW,3034.TW,6669.TW,1590.TW,2345.TW,2884.TW,2303.TW,2357.TW,3037.TW,2609.TW",2018,123,10
2018-06-22,0.0007783692500354204,-0.0031319135912637464,-0.009894954028851988,-0.01324985978678272,0.6679045409594513,0.6679045409594514,0.6679045409594513,0.00390724156461279,"2327.TW,3034.TW,6669.TW",2018,123,3
2018-06-22,-0.01285023192492202,-0.01600229417087551,-0.009894954028851988,-0.01324985978678272,0.5458280765116554,0.5458280765116555,0.5458280765116554,0.0031930942475931847,"2327.TW,3034.TW,6669.TW,1590.TW,2345.TW,2884.TW,2303.TW,2357.TW,3037.TW,2609.TW,2603.TW,3008.TW,2207.TW,9910.TW,5876.TW",2018,123,15
2018-06-22,-0.015805147539210807,-0.018463267412815454,-0.009894954028851988,-0.01324985978678272,0.4616763280536922,0.46167632805369213,0.4616763280536922,0.002700806519114099,"2327.TW,3034.TW,6669.TW,1590.TW,2345.TW,2884.TW,2303.TW,2357.TW,3037.TW,2609.TW,2603.TW,3008.TW,2207.TW,9910.TW,5876.TW,2395.TW,2881.TW,3017.TW,2618.TW,2317.TW",2018,123,20
2018-06-22,-0.0007777294546273505,-0.0032295831876717473,-0.009894954028851988,-0.01324985978678272,0.4194465121540399,0.41944651215403994,0.41944651215403994,0.002453762096101134,"2327.TW,3034.TW,6669.TW,1590.TW,2345.TW",2018,123,5
2018-06-27,0.0137098092962738,0.011262416574806755,0.015615050502379546,0.014313046296253589,0.41269969603600676,0.412699696036007,0.41269969603600687,0.0024142932218106407,"6669.TW,1101.TW,2303.TW,2881.TW,2609.TW,2603.TW,2882.TW,3034.TW,3017.TW,2618.TW,2002.TW,2454.TW,3045.TW,3008.TW,2330.TW,2912.TW,2207.TW,3037.TW,2345.TW,2885.TW",2018,123,20
2018-06-27,0.007267924571355301,0.0036716897635138412,0.015615050502379546,0.014313046296253589,0.610305339619587,0.6103053396195872,0.6103053396195871,0.003570286236774585,"6669.TW,1101.TW,2303.TW,2881.TW,2609.TW,2603.TW,2882.TW,3034.TW,3017.TW,2618.TW",2018,123,10
2018-06-27,0.003992791160338793,-0.0007646129195966189,0.015615050502379546,0.014313046296253589,0.8099973165302978,0.8099973165302978,0.8099973165302978,0.0047384843017022425,"6669.TW,1101.TW,2303.TW,2881.TW,2609.TW",2018,123,5
2018-06-27,-0.002384911207707896,-0.0063757250255486175,0.015615050502379546,0.014313046296253589,0.6838212491733089,0.6838212491733089,0.6838212491733089,0.004000354307663857,"6669.TW,1101.TW,2303.TW",2018,123,3
2018-06-27,0.012546301578696755,0.008925726709258619,0.015615050502379546,0.014313046296253589,0.6112329738585999,0.6112329738586,0.6112329738586,0.00357571289707281,"6669.TW,1101.TW,2303.TW,2881.TW,2609.TW,2603.TW,2882.TW,3034.TW,3017.TW,2618.TW,2002.TW,2454.TW,3045.TW,3008.TW,2330.TW",2018,123,15
2018-07-02,-0.018930000249914293,-0.02244794134952688,-0.0024598937195297044,-0.012936243014418562,0.6129608010421359,0.6129608010421359,0.6129608010421359,0.003585820686096495,"6669.TW,1101.TW,1590.TW,4904.TW,2912.TW",2018,123,5
2018-07-02,-0.011880923048330307,-0.015391563779227013,-0.0024598937195297044,-0.012936243014418562,0.6073251095407801,0.6073251095407801,0.6073251095407801,0.0035528518908135636,"6669.TW,1101.TW,1590.TW,4904.TW,2912.TW,5871.TW,2891.TW,2881.TW,2357.TW,2002.TW,2408.TW,3034.TW,2317.TW,2382.TW,2330.TW",2018,123,15
2018-07-02,-0.03986230492201104,-0.04184471026803782,-0.0024598937195297044,-0.012936243014418562,0.35294178164206785,0.352941781642068,0.3529417816420679,0.0020647094226060978,"6669.TW,1101.TW,1590.TW",2018,123,3
2018-07-02,-0.012843906386394722,-0.01578403339971257,-0.0024598937195297044,-0.012936243014418562,0.5091249676660531,0.5091249676660531,0.5091249676660531,0.002978381060846411,"6669.TW,1101.TW,1590.TW,4904.TW,2912.TW,5871.TW,2891.TW,2881.TW,2357.TW,2002.TW,2408.TW,3034.TW,2317.TW,2382.TW,2330.TW,2892.TW,3017.TW,2395.TW,3045.TW,2207.TW",2018,123,20
2018-07-02,-0.013756026077118044,-0.017838001381945245,-0.0024598937195297044,-0.012936243014418562,0.70750602774814,0.7075060277481402,0.7075060277481401,0.00413891026232662,"6669.TW,1101.TW,1590.TW,4904.TW,2912.TW,5871.TW,2891.TW,2881.TW,2357.TW,2002.TW",2018,123,10
2018-07-05,0.021286383032544782,0.017126774754338436,0.007398294483454082,0.010641876509956245,0.6962240581426246,0.6962240581426247,0.6962240581426247,0.004072910740134354,"1590.TW,2454.TW,2882.TW",2018,123,3
2018-07-05,0.013230790069282664,0.009223406959844027,0.007398294483454082,0.010641876509956245,0.6760777114791036,0.6760777114791037,0.6760777114791037,0.003955054612152757,"1590.TW,2454.TW,2882.TW,2308.TW,2408.TW,1326.TW,3231.TW,2881.TW,2891.TW,2615.TW,2395.TW,3045.TW,2885.TW,2609.TW,2317.TW",2018,123,15
2018-07-05,0.03015318975067869,0.02520176231540394,0.007398294483454082,0.010641876509956245,0.8216232892396769,0.8216232892396768,0.8216232892396769,0.00480649624205211,"1590.TW,2454.TW,2882.TW,2308.TW,2408.TW",2018,123,5
2018-07-05,0.011110708860521507,0.00839202912173942,0.007398294483454082,0.010641876509956245,0.4596248217000246,0.45962482170002444,0.4596248217000245,0.002688805206945143,"1590.TW,2454.TW,2882.TW,2308.TW,2408.TW,1326.TW,3231.TW,2881.TW,2891.TW,2615.TW,2395.TW,3045.TW,2885.TW,2609.TW,2317.TW,3034.TW,1101.TW,3017.TW,2603.TW,2382.TW",2018,123,20
2018-07-05,0.013498632697908975,0.009279014252735918,0.007398294483454082,0.010641876509956245,0.7116953837422546,0.7116953837422546,0.7116953837422546,0.0041634179948921895,"1590.TW,2454.TW,2882.TW,2308.TW,2408.TW,1326.TW,3231.TW,2881.TW,2891.TW,2615.TW",2018,123,10
2018-07-10,0.02395047691383898,0.020325286878396964,0.019583787351088233,0.024242683959789773,0.605195874527816,0.6051958745278161,0.6051958745278161,0.0035403958659877242,"2615.TW,3045.TW,2883.TW,4904.TW,2891.TW,2317.TW,2412.TW,3711.TW,6669.TW,2603.TW,5876.TW,2207.TW,1303.TW,3231.TW,2609.TW",2018,123,15
2018-07-10,0.009900969882737766,0.003993049208923738,0.019583787351088233,0.024242683959789773,1.0,0.9999999999999999,1.0,0.005849999999999999,"2615.TW,3045.TW,2883.TW,4904.TW,2891.TW",2018,123,5
2018-07-10,0.023263148701699533,0.01964704430947939,0.019583787351088233,0.024242683959789773,0.6040845932230406,0.6040845932230406,0.6040845932230406,0.003533894870354788,"2615.TW,3045.TW,2883.TW,4904.TW,2891.TW,2317.TW,2412.TW,3711.TW,6669.TW,2603.TW,5876.TW,2207.TW,1303.TW,3231.TW,2609.TW,1301.TW,5880.TW,2618.TW,2882.TW,3037.TW",2018,123,20
2018-07-10,0.019622288680319046,0.013657498291539172,0.019583787351088233,0.024242683959789773,1.0,1.0,1.0,0.00585,"2615.TW,3045.TW,2883.TW",2018,123,3
2018-07-10,0.019672178710123646,0.014874059578774856,0.019583787351088233,0.024242683959789773,0.8043676405309156,0.8043676405309156,0.8043676405309156,0.004705550697105856,"2615.TW,3045.TW,2883.TW,4904.TW,2891.TW,2317.TW,2412.TW,3711.TW,6669.TW,2603.TW",2018,123,10
2018-07-13,0.012704609425147801,0.006780287460010692,-0.002400800162896455,-0.0007986203600910913,1.0,1.0,1.0,0.00585,"4904.TW,2412.TW,2357.TW",2018,123,3
2018-07-13,0.005922921185133444,0.0035178079714575095,-0.002400800162896455,-0.0007986203600910913,0.40870970848525506,0.40870970848525534,0.40870970848525523,0.0023909517946387434,"4904.TW,2412.TW,2357.TW,2883.TW,3045.TW,1590.TW,2603.TW,1216.TW,2609.TW,5876.TW,2002.TW,5880.TW,1303.TW,2615.TW,2454.TW",2018,123,15
2018-07-13,0.00610404800707416,0.0031208705169132323,-0.002400800162896455,-0.0007986203600910913,0.5068510271110753,0.5068510271110752,0.5068510271110753,0.0029650785085997902,"4904.TW,2412.TW,2357.TW,2883.TW,3045.TW,1590.TW,2603.TW,1216.TW,2609.TW,5876.TW,2002.TW,5880.TW,1303.TW,2615.TW,2454.TW,2884.TW,2379.TW,2382.TW,2880.TW,2886.TW",2018,123,20
2018-07-13,0.008531832778794478,0.0061151407185715545,-0.002400800162896455,-0.0007986203600910913,0.40961498730885504,0.4096149873088548,0.4096149873088549,0.002396247675756801,"4904.TW,2412.TW,2357.TW,2883.TW,3045.TW",2018,123,5
2018-07-13,0.005556775172896267,0.002559032568660413,-0.002400800162896455,-0.0007986203600910913,0.5096028845458078,0.5096028845458078,0.5096028845458078,0.002981176874592976,"4904.TW,2412.TW,2357.TW,2883.TW,3045.TW,1590.TW,2603.TW,1216.TW,2609.TW,5876.TW",2018,123,10
2018-07-18,-0.02028791925296225,-0.026019234925332424,0.02471931946459427,-0.003014280530090936,1.0,1.0,1.0,0.00585,"6669.TW,2327.TW,1590.TW,1101.TW,2454.TW",2018,123,5
2018-07-18,0.0002570963505890884,-0.0028936951505714736,0.02471931946459427,-0.003014280530090936,0.5384584021150866,0.5384584021150867,0.5384584021150867,0.003149981652373257,"6669.TW,2327.TW,1590.TW,1101.TW,2454.TW,2412.TW,5876.TW,2002.TW,5880.TW,2884.TW,5871.TW,2883.TW,2330.TW,2880.TW,2886.TW",2018,123,15
2018-07-18,-0.021880291031004157,-0.027602291328472806,0.02471931946459427,-0.003014280530090936,1.0,1.0,1.0,0.00585,"6669.TW,2327.TW,1590.TW",2018,123,3
2018-07-18,-0.005753830063665965,-0.009862095695061579,0.02471931946459427,-0.003014280530090936,0.7063317421110795,0.7063317421110796,0.7063317421110795,0.004132040691349816,"6669.TW,2327.TW,1590.TW,1101.TW,2454.TW,2412.TW,5876.TW,2002.TW,5880.TW,2884.TW",2018,123,10
2018-07-18,-0.00029376036222400926,-0.0026646472643023777,0.02471931946459427,-0.003014280530090936,0.4053989024495208,0.40539890244952076,0.4053989024495208,0.0023715835793296967,"6669.TW,2327.TW,1590.TW,1101.TW,2454.TW,2412.TW,5876.TW,2002.TW,5880.TW,2884.TW,5871.TW,2883.TW,2330.TW,2880.TW,2886.TW,3045.TW,1326.TW,2892.TW,2615.TW,2618.TW",2018,123,20
2018-07-23,0.03226593346203649,0.029202657914231267,0.007696512627981988,0.017886503065947575,0.5072693274130454,0.5072693274130455,0.5072693274130455,0.002967525565366316,"2408.TW,6669.TW,2454.TW,3711.TW,3017.TW,1590.TW,2345.TW,5871.TW,2412.TW,2327.TW,2002.TW,3231.TW,4904.TW,2603.TW,2615.TW,5880.TW,2891.TW,1303.TW,2308.TW,2884.TW",2018,123,20
2018-07-23,0.05951918939799135,0.05538706455933928,0.007696512627981988,0.017886503065947575,0.6666666666666666,0.6666666666666667,0.6666666666666667,0.0039000000000000003,"2408.TW,6669.TW,2454.TW",2018,123,3
2018-07-23,0.048965070891714244,0.04583254780075019,0.007696512627981988,0.017886503065947575,0.5104784205905089,0.5104784205905087,0.5104784205905089,0.0029862987604544764,"2408.TW,6669.TW,2454.TW,3711.TW,3017.TW,1590.TW,2345.TW,5871.TW,2412.TW,2327.TW",2018,123,10
2018-07-23,0.039198528355013834,0.0359041909379032,0.007696512627981988,0.017886503065947575,0.5418931858062882,0.5418931858062883,0.5418931858062883,0.0031700751369667865,"2408.TW,6669.TW,2454.TW,3711.TW,3017.TW,1590.TW,2345.TW,5871.TW,2412.TW,2327.TW,2002.TW,3231.TW,4904.TW,2603.TW,2615.TW",2018,123,15
2018-07-23,0.05431834794434145,0.0505832780015294,0.007696512627981988,0.017886503065947575,0.6055794208102635,0.6055794208102634,0.6055794208102634,0.003542639611740041,"2408.TW,6669.TW,2454.TW,3711.TW,3017.TW",2018,123,5
2018-07-26,0.0049849487284768625,0.0011101004019438143,0.008225889046560075,0.0033061953450664915,0.6590817465901387,0.6590817465901386,0.6590817465901386,0.003855628217552311,"2912.TW,2408.TW,2454.TW,3037.TW,2880.TW,2892.TW,2881.TW,5880.TW,2412.TW,2615.TW,2882.TW,2887.TW,2357.TW,2883.TW,2886.TW,2345.TW,2382.TW,5876.TW,1303.TW,2207.TW",2018,123,20
2018-07-26,-0.01443990494865114,-0.016545628220289932,0.008225889046560075,0.0033061953450664915,0.36522653241949493,0.36522653241949493,0.36522653241949493,0.0021365752146540453,"2912.TW,2408.TW,2454.TW",2018,123,3
2018-07-26,0.0006374442302995659,-0.0029758119203223687,0.008225889046560075,0.0033061953450664915,0.6172571570245953,0.6172571570245953,0.6172571570245953,0.0036109543685938824,"2912.TW,2408.TW,2454.TW,3037.TW,2880.TW",2018,123,5
2018-07-26,0.00374472789338397,-0.00044579532979815983,0.008225889046560075,0.0033061953450664915,0.7136563074188358,0.7136563074188358,0.7136563074188358,0.00417488939840019,"2912.TW,2408.TW,2454.TW,3037.TW,2880.TW,2892.TW,2881.TW,5880.TW,2412.TW,2615.TW",2018,123,10
2018-07-26,0.004528737101056605,0.00015991795118486252,0.008225889046560075,0.0033061953450664915,0.7434398486607299,0.74343984866073,0.7434398486607299,0.00434912311466527,"2912.TW,2408.TW,2454.TW,3037.TW,2880.TW,2892.TW,2881.TW,5880.TW,2412.TW,2615.TW,2882.TW,2887.TW,2357.TW,2883.TW,2886.TW",2018,123,15
2018-07-31,-0.006416921180183663,-0.009060575260951942,-0.0029139685859613795,-0.0007947936103644771,0.45482525830651704,0.4548252583065172,0.4548252583065171,0.0026607277610931255,"1590.TW,2327.TW,2408.TW,2454.TW,2886.TW,2887.TW,2892.TW,2207.TW,6669.TW,5876.TW,1102.TW,5871.TW,2615.TW,4904.TW,2912.TW,2317.TW,1216.TW,3008.TW,2880.TW,5880.TW",2018,123,20
2018-07-31,-0.04727268771538658,-0.05103289311313797,-0.0029139685859613795,-0.0007947936103644771,0.6746633010031223,0.6746633010031224,0.6746633010031224,0.0039467803108682665,"1590.TW,2327.TW,2408.TW",2018,123,3
2018-07-31,-0.020847609611078628,-0.024328765158891485,-0.0029139685859613795,-0.0007947936103644771,0.6077392347233057,0.6077392347233058,0.6077392347233057,0.003555274523131339,"1590.TW,2327.TW,2408.TW,2454.TW,2886.TW",2018,123,5
2018-07-31,-0.0145532144438391,-0.01861264241297267,-0.0029139685859613795,-0.0007947936103644771,0.7041672073356745,0.7041672073356745,0.7041672073356745,0.004119378162913696,"1590.TW,2327.TW,2408.TW,2454.TW,2886.TW,2887.TW,2892.TW,2207.TW,6669.TW,5876.TW",2018,123,10
2018-07-31,-0.009436619600724408,-0.012560154547375246,-0.0029139685859613795,-0.0007947936103644771,0.5390241637065986,0.5390241637065986,0.5390241637065986,0.0031532913576836014,"1590.TW,2327.TW,2408.TW,2454.TW,2886.TW,2887.TW,2892.TW,2207.TW,6669.TW,5876.TW,1102.TW,5871.TW,2615.TW,4904.TW,2912.TW",2018,123,15
2018-08-03,-0.0056185414572437154,-0.006828843171975185,0.006429152955439443,0.0032576636758058,0.20805816543339328,0.2080581654333933,0.20805816543339328,0.001217140267785351,"1590.TW,2327.TW,2408.TW,6669.TW,2912.TW,5871.TW,2892.TW,2887.TW,2880.TW,2886.TW,2454.TW,4904.TW,1102.TW,5880.TW,2207.TW,2382.TW,1326.TW,1303.TW,1301.TW,5876.TW",2018,123,20
2018-08-03,-0.03079740361566903,-0.030816624849977936,0.006429152955439443,0.0032576636758058,0.0033900869546757417,0.0033900869546757972,0.0033900869546757695,1.9832008684853335e-05,"1590.TW,2327.TW,2408.TW",2018,123,3
2018-08-03,-0.04679823459948216,-0.0491190205336377,0.006429152955439443,0.0032576636758058,0.4161926243741152,0.4161926243741152,0.4161926243741152,0.002434726852588574,"1590.TW,2327.TW,2408.TW,6669.TW,2912.TW",2018,123,5
2018-08-03,-0.00951092269781548,-0.0103398345060437,0.006429152955439443,0.0032576636758058,0.14305491038708978,0.14305491038708976,0.14305491038708978,0.0008368712257644751,"1590.TW,2327.TW,2408.TW,6669.TW,2912.TW,5871.TW,2892.TW,2887.TW,2880.TW,2886.TW,2454.TW,4904.TW,1102.TW,5880.TW,2207.TW",2018,123,15
2018-08-03,-0.02063814484241928,-0.022428077053694984,0.006429152955439443,0.0032576636758058,0.31241906814674025,0.3124190681467401,0.31241906814674014,0.00182765154865843,"1590.TW,2327.TW,2408.TW,6669.TW,2912.TW,5871.TW,2892.TW,2887.TW,2880.TW,2886.TW",2018,123,10
2018-08-08,-0.013556039105685841,-0.015175115378819992,-0.019744500076937732,-0.013883904895878403,0.28056857344821856,0.2805685734482186,0.2805685734482186,0.001641326154672079,"6669.TW,1216.TW,1590.TW,2454.TW,2327.TW,2886.TW,2408.TW,2892.TW,2880.TW,2887.TW,5871.TW,2912.TW,2618.TW,2002.TW,2357.TW",2018,123,15
2018-08-08,0.03619407872429406,0.032043930525751385,-0.019744500076937732,-0.013883904895878403,0.6846468794333693,0.6846468794333693,0.6846468794333693,0.004005184244685211,"6669.TW,1216.TW,1590.TW",2018,123,3
2018-08-08,-0.010070287191304452,-0.011871158141968152,-0.019744500076937732,-0.013883904895878403,0.31097277328327905,0.31097277328327905,0.31097277328327905,0.0018191907237071823,"6669.TW,1216.TW,1590.TW,2454.TW,2327.TW,2886.TW,2408.TW,2892.TW,2880.TW,2887.TW,5871.TW,2912.TW,2618.TW,2002.TW,2357.TW,5880.TW,3034.TW,3045.TW,5876.TW,2382.TW",2018,123,20
2018-08-08,-0.021611947862791817,-0.024056872263500506,-0.019744500076937732,-0.013883904895878403,0.42716772151905547,0.4271677215190556,0.4271677215190555,0.0024989311708864754,"6669.TW,1216.TW,1590.TW,2454.TW,2327.TW",2018,123,5
2018-08-08,-0.014930141049415428,-0.0161896466878112,-0.019744500076937732,-0.013883904895878403,0.2185632898735106,0.21856328987351054,0.21856328987351056,0.0012785952457600369,"6669.TW,1216.TW,1590.TW,2454.TW,2327.TW,2886.TW,2408.TW,2892.TW,2880.TW,2887.TW",2018,123,10
2018-08-13,-0.0034346779322304006,-0.00857036164700642,-0.005331875276962439,-0.005000274183099424,0.880920329714989,0.8809203297149892,0.8809203297149891,0.005153383928832687,"2603.TW,3008.TW,3231.TW,1301.TW,2303.TW,2891.TW,2327.TW,2357.TW,2330.TW,2379.TW,3711.TW,9910.TW,3017.TW,1326.TW,2609.TW",2018,123,15
2018-08-13,-0.0035146002347611954,-0.008537451617848135,-0.005331875276962439,-0.005000274183099424,0.8616353779335038,0.8616353779335036,0.8616353779335038,0.005040566960910996,"2603.TW,3008.TW,3231.TW,1301.TW,2303.TW,2891.TW,2327.TW,2357.TW,2330.TW,2379.TW,3711.TW,9910.TW,3017.TW,1326.TW,2609.TW,2308.TW,2317.TW,2382.TW,2395.TW,2885.TW",2018,123,20
2018-08-13,-0.010890602780095926,-0.01667689275383233,-0.005331875276962439,-0.005000274183099424,1.0,1.0,1.0,0.00585,"2603.TW,3008.TW,3231.TW,1301.TW,2303.TW",2018,123,5
2018-08-13,-0.018347233318819562,-0.024089902003904484,-0.005331875276962439,-0.005000274183099424,1.0,1.0,1.0,0.00585,"2603.TW,3008.TW,3231.TW",2018,123,3
2018-08-13,-0.0022637634156533856,-0.007609528156913847,-0.005331875276962439,-0.005000274183099424,0.9158792726676357,0.9158792726676358,0.9158792726676357,0.005357893745105669,"2603.TW,3008.TW,3231.TW,1301.TW,2303.TW,2891.TW,2327.TW,2357.TW,2330.TW,2379.TW",2018,123,10
2018-08-16,0.005117749342725264,-0.0007621894909297655,0.008934102294135382,0.011020047085437155,1.0,0.9999999999999999,1.0,0.005849999999999999,"3034.TW,6669.TW,5871.TW,9910.TW,2330.TW",2018,123,5
2018-08-16,0.009183153936236069,0.005609048084911583,0.008934102294135382,0.011020047085437155,0.6053987948576836,0.6053987948576839,0.6053987948576838,0.00354158294991745,"3034.TW,6669.TW,5871.TW,9910.TW,2330.TW,2454.TW,3231.TW,1590.TW,2308.TW,2357.TW,2886.TW,5880.TW,2603.TW,2317.TW,3711.TW",2018,123,15
2018-08-16,0.008771269112678816,0.004603167312525525,0.008934102294135382,0.011020047085437155,0.7063008791288715,0.7063008791288716,0.7063008791288716,0.004131860142903899,"3034.TW,6669.TW,5871.TW,9910.TW,2330.TW,2454.TW,3231.TW,1590.TW,2308.TW,2357.TW",2018,123,10
2018-08-16,-0.022825362148757043,-0.02854183378018682,0.008934102294135382,0.011020047085437155,1.0,0.9999999999999998,0.9999999999999999,0.005849999999999999,"3034.TW,6669.TW,5871.TW",2018,123,3
2018-08-16,0.012311336407348963,0.009317966807650402,0.008934102294135382,0.011020047085437155,0.5054641716011707,0.5054641716011707,0.5054641716011707,0.0029569654038668486,"3034.TW,6669.TW,5871.TW,9910.TW,2330.TW,2454.TW,3231.TW,1590.TW,2308.TW,2357.TW,2886.TW,5880.TW,2603.TW,2317.TW,3711.TW,2609.TW,2395.TW,2408.TW,1303.TW,1101.TW",2018,123,20
2018-08-21,0.006228596930077556,0.0018549587138652068,0.0035417847048662132,0.00534402919408836,0.743002600592686,0.7430026005926862,0.7430026005926861,0.0043465652134672145,"1590.TW,2912.TW,6669.TW,2618.TW,2002.TW,2327.TW,5876.TW,2412.TW,2454.TW,3045.TW,3017.TW,2887.TW,2892.TW,2317.TW,1301.TW",2018,123,15
2018-08-21,0.009633293458083815,0.004790991147016088,0.0035417847048662132,0.00534402919408836,0.8198461660894737,0.8198461660894737,0.8198461660894737,0.004796100071623421,"1590.TW,2912.TW,6669.TW,2618.TW,2002.TW",2018,123,5
2018-08-21,0.0038034911439700503,-0.0002551589659796072,0.0035417847048662132,0.00534402919408836,0.6911575320289595,0.6911575320289596,0.6911575320289596,0.004043271562369413,"1590.TW,2912.TW,6669.TW",2018,123,3
2018-08-21,0.00882290546964269,0.0046424858104503475,0.0035417847048662132,0.00534402919408836,0.7083519290348778,0.7083519290348776,0.7083519290348776,0.0041438587848540345,"1590.TW,2912.TW,6669.TW,2618.TW,2002.TW,2327.TW,5876.TW,2412.TW,2454.TW,3045.TW,3017.TW,2887.TW,2892.TW,2317.TW,1301.TW,2881.TW,1326.TW,2330.TW,1303.TW,2884.TW",2018,123,20
2018-08-21,0.006303517554821504,0.002109060539543517,0.0035417847048662132,0.00534402919408836,0.7125098806521681,0.7125098806521682,0.7125098806521681,0.004168182801815184,"1590.TW,2912.TW,6669.TW,2618.TW,2002.TW,2327.TW,5876.TW,2412.TW,2454.TW,3045.TW",2018,123,10
2018-08-24,0.052491063439167096,0.04875768590237328,0.032941401877843335,0.021206100685203698,0.6063559268981797,0.6063559268981797,0.6063559268981797,0.0035471821723543516,"1590.TW,2454.TW,3034.TW,2615.TW,6669.TW",2018,123,5
2018-08-24,0.04481057272908306,0.04112471719760391,0.032941401877843335,0.021206100685203698,0.6030382837398862,0.6030382837398864,0.6030382837398863,0.0035277739598783353,"1590.TW,2454.TW,3034.TW,2615.TW,6669.TW,2308.TW,3045.TW,2327.TW,2408.TW,2382.TW,2603.TW,2303.TW,3008.TW,2892.TW,2357.TW",2018,123,15
2018-08-24,0.05684422467407848,0.053728423664268554,0.032941401877843335,0.021206100685203698,0.5039678930891861,0.503967893089186,0.503967893089186,0.002948212174571738,"1590.TW,2454.TW,3034.TW,2615.TW,6669.TW,2308.TW,3045.TW,2327.TW,2408.TW,2382.TW",2018,123,10
2018-08-24,0.035685114558977805,0.03232821047426215,0.032941401877843335,0.021206100685203698,0.5540581302217634,0.5540581302217633,0.5540581302217633,0.003241240061797316,"1590.TW,2454.TW,3034.TW,2615.TW,6669.TW,2308.TW,3045.TW,2327.TW,2408.TW,2382.TW,2603.TW,2303.TW,3008.TW,2892.TW,2357.TW,2881.TW,2412.TW,3231.TW,2891.TW,2317.TW",2018,123,20
2018-08-24,0.044490123803011906,0.04036333794154645,0.032941401877843335,0.021206100685203698,0.6753854962495045,0.6753854962495046,0.6753854962495045,0.003951005153059602,"1590.TW,2454.TW,3034.TW",2018,123,3
2018-08-29,-0.016529619221949763,-0.020419535436423497,-0.011389646647899432,-0.014089930835691324,0.6761189311253286,0.6761189311253284,0.6761189311253285,0.0039552957470831715,"2408.TW,2327.TW,3045.TW,2002.TW,2615.TW,2892.TW,5876.TW,2317.TW,2891.TW,2886.TW,2884.TW,2882.TW,2880.TW,5880.TW,1303.TW",2018,123,15
2018-08-29,-0.017240411430578046,-0.020748239253748024,-0.011389646647899432,-0.014089930835691324,0.6101478883500183,0.6101478883500182,0.6101478883500182,0.0035693651468476067,"2408.TW,2327.TW,3045.TW,2002.TW,2615.TW,2892.TW,5876.TW,2317.TW,2891.TW,2886.TW,2884.TW,2882.TW,2880.TW,5880.TW,1303.TW,2609.TW,2412.TW,1101.TW,2912.TW,1326.TW",2018,123,20
2018-08-29,-0.03698972624740844,-0.04155280750417034,-0.011389646647899432,-0.014089930835691324,0.8099746298710391,0.8099746298710391,0.8099746298710391,0.004738351584745579,"2408.TW,2327.TW,3045.TW,2002.TW,2615.TW",2018,123,5
2018-08-29,-0.0537909777536318,-0.05932630053377308,-0.011389646647899432,-0.014089930835691324,1.0,0.9999999999999998,0.9999999999999999,0.005849999999999999,"2408.TW,2327.TW,3045.TW",2018,123,3
2018-08-29,-0.02177776262410406,-0.0252868201341101,-0.011389646647899432,-0.014089930835691324,0.6131928591282199,0.6131928591282199,0.6131928591282199,0.0035871782259000863,"2408.TW,2327.TW,3045.TW,2002.TW,2615.TW,2892.TW,5876.TW,2317.TW,2891.TW,2886.TW",2018,123,10
2018-09-03,-0.009637946952440624,-0.014373872542229993,-0.0069123603767808905,-0.015411347564585271,0.817438357404084,0.8174383574040842,0.8174383574040841,0.004782014390813893,"1102.TW,1101.TW,2327.TW,3034.TW,1590.TW",2018,123,5
2018-09-03,-0.019962367711319554,-0.02404300062762077,-0.0069123603767808905,-0.015411347564585271,0.711752350394604,0.7117523503946042,0.7117523503946042,0.004163751249808435,"1102.TW,1101.TW,2327.TW,3034.TW,1590.TW,1301.TW,6669.TW,2002.TW,1326.TW,2408.TW",2018,123,10
2018-09-03,-0.02748529815058642,-0.03141271907216181,-0.0069123603767808905,-0.015411347564585271,0.6903278710454601,0.6903278710454602,0.6903278710454601,0.004038418045615942,"1102.TW,1101.TW,2327.TW",2018,123,3
2018-09-03,-0.02141602449296596,-0.026046520549475982,-0.0069123603767808905,-0.015411347564585271,0.808860360734498,0.808860360734498,0.808860360734498,0.004731833110296813,"1102.TW,1101.TW,2327.TW,3034.TW,1590.TW,1301.TW,6669.TW,2002.TW,1326.TW,2408.TW,2303.TW,9910.TW,2395.TW,2885.TW,1216.TW",2018,123,15
2018-09-03,-0.02010806605327621,-0.02359433670904021,-0.0069123603767808905,-0.015411347564585271,0.6081728823296887,0.6081728823296886,0.6081728823296886,0.0035578113616286785,"1102.TW,1101.TW,2327.TW,3034.TW,1590.TW,1301.TW,6669.TW,2002.TW,1326.TW,2408.TW,2303.TW,9910.TW,2395.TW,2885.TW,1216.TW,2382.TW,2882.TW,2454.TW,5876.TW,2317.TW",2018,123,20
2018-09-06,0.0008711224446029029,-0.0038290564260571314,-0.004060516180893203,-0.010728961483302069,0.8027500859827101,0.80275008598271,0.8027500859827101,0.004696088002998854,"9910.TW,1102.TW,2885.TW,3711.TW,2884.TW",2018,123,5
2018-09-06,0.005939881140905783,0.002016715604456154,-0.004060516180893203,-0.010728961483302069,0.6666666666666666,0.6666666666666666,0.6666666666666666,0.0039,"9910.TW,1102.TW,2885.TW",2018,123,3
2018-09-06,-0.006380225203826516,-0.010474323725870427,-0.004060516180893203,-0.010728961483302069,0.7043397474125983,0.7043397474125983,0.7043397474125983,0.004120387522363701,"9910.TW,1102.TW,2885.TW,3711.TW,2884.TW,2618.TW,2327.TW,2382.TW,2207.TW,1326.TW",2018,123,10
2018-09-06,-0.011641057104519206,-0.014884177355329542,-0.004060516180893203,-0.010728961483302069,0.5609091049744929,0.560909104974493,0.560909104974493,0.003281318264100784,"9910.TW,1102.TW,2885.TW,3711.TW,2884.TW,2618.TW,2327.TW,2382.TW,2207.TW,1326.TW,1590.TW,2408.TW,2603.TW,3008.TW,2303.TW,3017.TW,2883.TW,2880.TW,3231.TW,2891.TW",2018,123,20
2018-09-06,-0.013003089022565218,-0.01577245762281232,-0.004060516180893203,-0.010728961483302069,0.4796330532116638,0.47963305321166383,0.47963305321166383,0.0028058533612882334,"9910.TW,1102.TW,2885.TW,3711.TW,2884.TW,2618.TW,2327.TW,2382.TW,2207.TW,1326.TW,1590.TW,2408.TW,2603.TW,3008.TW,2303.TW",2018,123,15
2018-09-11,0.0058734105210343415,0.0016636374547760457,0.007571330598210135,0.00760800855282364,0.7154173875545173,0.7154173875545171,0.7154173875545172,0.004185191717193925,"2345.TW,2308.TW,1102.TW,1101.TW,5871.TW,3008.TW,2303.TW,1326.TW,2327.TW,6669.TW",2018,123,10
2018-09-11,0.015959427830028607,0.011812731552261813,0.007571330598210135,0.00760800855282364,0.6977020451224505,0.6977020451224507,0.6977020451224506,0.0040815569639663365,"2345.TW,2308.TW,1102.TW",2018,123,3
2018-09-11,0.026325336493844703,0.021415847079288675,0.007571330598210135,0.00760800855282364,0.8177026620235062,0.817702662023506,0.8177026620235062,0.004783560572837511,"2345.TW,2308.TW,1102.TW,1101.TW,5871.TW",2018,123,5
2018-09-11,0.007962313468263595,0.004723366276943475,0.007571330598210135,0.00760800855282364,0.5492925471046318,0.5492925471046318,0.5492925471046318,0.003213361400562096,"2345.TW,2308.TW,1102.TW,1101.TW,5871.TW,3008.TW,2303.TW,1326.TW,2327.TW,6669.TW,2330.TW,2887.TW,2408.TW,3711.TW,3231.TW",2018,123,15
2018-09-11,0.009876418571574227,0.006841469981939907,0.007571330598210135,0.00760800855282364,0.5137209079904538,0.5137209079904539,0.5137209079904539,0.003005267311744155,"2345.TW,2308.TW,1102.TW,1101.TW,5871.TW,3008.TW,2303.TW,1326.TW,2327.TW,6669.TW,2330.TW,2887.TW,2408.TW,3711.TW,3231.TW,2382.TW,2357.TW,2002.TW,1301.TW,1590.TW",2018,123,20
2018-09-14,0.007023072608127451,0.0031432015963224202,-0.0005781007780608638,0.0053498260395712415,0.6586004154463413,0.6586004154463411,0.6586004154463412,0.0038528124303610954,"6669.TW,2408.TW,2357.TW,2379.TW,2884.TW,2880.TW,4904.TW,3045.TW,1216.TW,3034.TW,5880.TW,2886.TW,2412.TW,2327.TW,2002.TW,2912.TW,2892.TW,1301.TW,1590.TW,2454.TW",2018,123,20
2018-09-14,0.0011947469019519604,-0.003539345599736121,-0.0005781007780608638,0.0053498260395712415,0.8082808903954403,0.8082808903954406,0.8082808903954404,0.004728443208813327,"6669.TW,2408.TW,2357.TW,2379.TW,2884.TW,2880.TW,4904.TW,3045.TW,1216.TW,3034.TW,5880.TW,2886.TW,2412.TW,2327.TW,2002.TW",2018,123,15
2018-09-14,-0.0058137214669800414,-0.011629711196398218,-0.0005781007780608638,0.0053498260395712415,1.0,1.0,1.0,0.00585,"6669.TW,2408.TW,2357.TW",2018,123,3
2018-09-14,0.0037913614393569437,-0.0015500530275259772,-0.0005781007780608638,0.0053498260395712415,0.9096136279973728,0.909613627997373,0.9096136279973729,0.005321239723784632,"6669.TW,2408.TW,2357.TW,2379.TW,2884.TW,2880.TW,4904.TW,3045.TW,1216.TW,3034.TW",2018,123,10
2018-09-14,0.0015448377804966095,-0.004314199520519368,-0.0005781007780608638,0.0053498260395712415,1.0,1.0,1.0,0.00585,"6669.TW,2408.TW,2357.TW,2379.TW,2884.TW",2018,123,5
2018-09-19,0.03965906883283046,0.0355590278363338,0.005205580789097608,0.009090788858027395,0.6741264803178846,0.6741264803178848,0.6741264803178847,0.003943639909859626,"2327.TW,3008.TW,6669.TW",2018,123,3
2018-09-19,0.01470525361551678,0.012300614824797274,0.005205580789097608,0.009090788858027395,0.4050923797529684,0.4050923797529681,0.40509237975296825,0.002369790421554864,"2327.TW,3008.TW,6669.TW,3034.TW,2408.TW,4904.TW,1301.TW,2880.TW,3045.TW,3231.TW",2018,123,10
2018-09-19,0.01263699016831046,0.010507383780464341,0.005205580789097608,0.009090788858027395,0.35949237832326225,0.35949237832326225,0.35949237832326225,0.0021030304131910843,"2327.TW,3008.TW,6669.TW,3034.TW,2408.TW,4904.TW,1301.TW,2880.TW,3045.TW,3231.TW,2884.TW,5880.TW,2317.TW,2615.TW,3017.TW,2412.TW,2395.TW,2454.TW,2330.TW,2892.TW",2018,123,20
2018-09-19,0.02079540599917187,0.017171303109201785,0.005205580789097608,0.009090788858027395,0.6068843608380847,0.6068843608380846,0.6068843608380847,0.0035502735109027954,"2327.TW,3008.TW,6669.TW,3034.TW,2408.TW",2018,123,5
2018-09-19,0.013377902332341724,0.010949230207512484,0.005205580789097608,0.009090788858027395,0.4096770091595887,0.40967700915958893,0.4096770091595888,0.002396610503583595,"2327.TW,3008.TW,6669.TW,3034.TW,2408.TW,4904.TW,1301.TW,2880.TW,3045.TW,3231.TW,2884.TW,5880.TW,2317.TW,2615.TW,3017.TW",2018,123,15
2018-09-25,-0.031460679032809205,-0.03537756781022472,-1.481533361546994e-07,0.0035528238011504265,0.6913024826874533,0.6913024826874534,0.6913024826874534,0.004044119523721602,"3008.TW,2379.TW,2345.TW",2018,123,3
2018-09-25,-0.005531819775012359,-0.009066802076109548,-1.481533361546994e-07,0.0035528238011504265,0.607631788362812,0.6076317883628117,0.6076317883628118,0.003554645961922449,"3008.TW,2379.TW,2345.TW,2609.TW,2327.TW,1101.TW,2303.TW,3034.TW,2892.TW,2880.TW,2454.TW,2887.TW,4904.TW,2615.TW,2618.TW",2018,123,15
2018-09-25,-0.009022575281026278,-0.012554185511586824,-1.481533361546994e-07,0.0035528238011504265,0.609190523868175,0.609190523868175,0.609190523868175,0.0035637645646288234,"3008.TW,2379.TW,2345.TW,2609.TW,2327.TW,1101.TW,2303.TW,3034.TW,2892.TW,2880.TW",2018,123,10
2018-09-25,-0.0003132822338049509,-0.0026990872602198346,-1.481533361546994e-07,0.0035528238011504265,0.40795772495264576,0.4079577249526456,0.4079577249526457,0.002386552690972977,"3008.TW,2379.TW,2345.TW,2609.TW,2327.TW,1101.TW,2303.TW,3034.TW,2892.TW,2880.TW,2454.TW,2887.TW,4904.TW,2615.TW,2618.TW,2886.TW,3045.TW,3017.TW,2317.TW,2412.TW",2018,123,20
2018-09-25,-0.03553060267297057,-0.038979978079026645,-1.481533361546994e-07,0.0035528238011504265,0.6113587669885561,0.6113587669885561,0.6113587669885561,0.0035764487868830534,"3008.TW,2379.TW,2345.TW,2609.TW,2327.TW",2018,123,5
2018-09-28,-0.015011639540717483,-0.018127077574916384,-0.013809065429703726,-0.020211974870795915,0.5406698510337161,0.540669851033716,0.540669851033716,0.0031629186285472392,"6669.TW,2379.TW,2408.TW,3008.TW,5876.TW,4904.TW,5871.TW,2892.TW,9910.TW,2327.TW,2882.TW,2887.TW,2880.TW,2002.TW,3045.TW",2018,123,15
2018-09-28,-0.018536020636737552,-0.02203259482165898,-0.013809065429703726,-0.020211974870795915,0.6089933012755462,0.6089933012755462,0.6089933012755462,0.0035626108124619453,"6669.TW,2379.TW,2408.TW,3008.TW,5876.TW,4904.TW,5871.TW,2892.TW,9910.TW,2327.TW",2018,123,10
2018-09-28,-0.01396457672889922,-0.016620985206064032,-0.013809065429703726,-0.020211974870795915,0.46051785611016494,0.4605178561101651,0.46051785611016505,0.002694029458244466,"6669.TW,2379.TW,2408.TW,3008.TW,5876.TW,4904.TW,5871.TW,2892.TW,9910.TW,2327.TW,2882.TW,2887.TW,2880.TW,2002.TW,3045.TW,5880.TW,2603.TW,2345.TW,2412.TW,2886.TW",2018,123,20
2018-09-28,-0.0344840724588829,-0.03787303336455217,-0.013809065429703726,-0.020211974870795915,0.6000000000000001,0.6000000000000001,0.6000000000000001,0.003510000000000001,"6669.TW,2379.TW,2408.TW,3008.TW,5876.TW",2018,123,5
2018-09-28,-0.05925773144397413,-0.06292662629134271,-0.013809065429703726,-0.020211974870795915,0.6666666666666666,0.6666666666666666,0.6666666666666666,0.0039,"6669.TW,2379.TW,2408.TW",2018,123,3
2018-10-03,-0.033051438078461184,-0.037246347078461306,-0.03092188750960123,-0.03131691169546309,0.7415890459710558,0.7415890459710559,0.7415890459710559,0.004338295918930677,"5871.TW,2395.TW,1301.TW,2357.TW,1326.TW,3037.TW,2379.TW,2345.TW,2886.TW,2891.TW,6669.TW,1102.TW,2330.TW,1590.TW,2892.TW",2018,123,15
2018-10-03,-0.026238625844583325,-0.03193512988339253,-0.03092188750960123,-0.03131691169546309,1.0,1.0,1.0,0.00585,"5871.TW,2395.TW,1301.TW",2018,123,3
2018-10-03,-0.020718521099858334,-0.025325074174341267,-0.03092188750960123,-0.03131691169546309,0.8041048329449513,0.8041048329449515,0.8041048329449514,0.004704013272727966,"5871.TW,2395.TW,1301.TW,2357.TW,1326.TW,3037.TW,2379.TW,2345.TW,2886.TW,2891.TW",2018,123,10
2018-10-03,-0.03370921228636516,-0.0368577002631707,-0.03092188750960123,-0.03131691169546309,0.5569783752483869,0.556978375248387,0.556978375248387,0.003258323495203064,"5871.TW,2395.TW,1301.TW,2357.TW,1326.TW,3037.TW,2379.TW,2345.TW,2886.TW,2891.TW,6669.TW,1102.TW,2330.TW,1590.TW,2892.TW,2882.TW,2308.TW,2883.TW,2408.TW,2880.TW",2018,123,20
2018-10-03,-0.016567366508163442,-0.022320447414090783,-0.03092188750960123,-0.03131691169546309,1.0,1.0,1.0,0.00585,"5871.TW,2395.TW,1301.TW,2357.TW,1326.TW",2018,123,5
2018-10-08,-0.03978917863006498,-0.042692665751057124,-0.0427450850485086,-0.045239604744658,0.5168891807289486,0.5168891807289485,0.5168891807289486,0.003023801707264349,"2308.TW,6669.TW,2379.TW,2395.TW,3034.TW,9910.TW,3017.TW,2330.TW,3711.TW,2891.TW,1590.TW,2327.TW,2886.TW,2887.TW,5871.TW,5880.TW,2880.TW,2881.TW,3231.TW,3045.TW",2018,123,20
2018-10-08,-0.016687635488332814,-0.022440012820726163,-0.0427450850485086,-0.045239604744658,1.0,1.0,1.0,0.00585,"2308.TW,6669.TW,2379.TW",2018,123,3
2018-10-08,-0.0454516546125303,-0.04816980610007493,-0.0427450850485086,-0.045239604744658,0.48676558098643175,0.4867655809864318,0.48676558098643175,0.0028475786487706257,"2308.TW,6669.TW,2379.TW,2395.TW,3034.TW,9910.TW,3017.TW,2330.TW,3711.TW,2891.TW,1590.TW,2327.TW,2886.TW,2887.TW,5871.TW",2018,123,15
2018-10-08,-0.05172683928087905,-0.055689485304679986,-0.0427450850485086,-0.045239604744658,0.7143251720530029,0.714325172053003,0.714325172053003,0.004178802256510067,"2308.TW,6669.TW,2379.TW,2395.TW,3034.TW,9910.TW,3017.TW,2330.TW,3711.TW,2891.TW",2018,123,10
2018-10-08,-0.03296926473817141,-0.03752318824142831,-0.0427450850485086,-0.045239604744658,0.8049883356442029,0.8049883356442029,0.8049883356442029,0.0047091817635185875,"2308.TW,6669.TW,2379.TW,2395.TW,3034.TW",2018,123,5
2018-10-12,0.0041393703732154966,0.00024178305411970413,-1.1103701291759194e-09,0.003995728681739492,0.6635077383061269,0.6635077383061269,0.6635077383061269,0.0038815202690908423,"2886.TW,2609.TW,3017.TW,5871.TW,1102.TW,2885.TW,2603.TW,2345.TW,3037.TW,3711.TW,3034.TW,2207.TW,2303.TW,1301.TW,2883.TW,2395.TW,1303.TW,2317.TW,2891.TW,2357.TW",2018,123,20
2018-10-12,0.01170656477186113,0.006887396745299812,-1.1103701291759194e-09,0.003995728681739492,0.8142572509999904,0.8142572509999904,0.8142572509999904,0.0047634049183499436,"2886.TW,2609.TW,3017.TW,5871.TW,1102.TW,2885.TW,2603.TW,2345.TW,3037.TW,3711.TW",2018,123,10
2018-10-12,0.0034697646210391404,-0.0024005335019939844,-1.1103701291759194e-09,0.003995728681739492,1.0,0.9999999999999999,1.0,0.005849999999999999,"2886.TW,2609.TW,3017.TW,5871.TW,1102.TW",2018,123,5
2018-10-12,0.007277766561946934,0.0013851916275595677,-1.1103701291759194e-09,0.003995728681739492,1.0,1.0,1.0,0.00585,"2886.TW,2609.TW,3017.TW",2018,123,3
2018-10-12,0.009190636596040911,0.0051632370046608145,-1.1103701291759194e-09,0.003995728681739492,0.6821747543328036,0.6821747543328037,0.6821747543328036,0.0039907223128469015,"2886.TW,2609.TW,3017.TW,5871.TW,1102.TW,2885.TW,2603.TW,2345.TW,3037.TW,3711.TW,3034.TW,2207.TW,2303.TW,1301.TW,2883.TW",2018,123,15
2018-10-17,-0.011985490114756091,-0.017765374997584793,-0.01761007944842541,-0.0044584130462005,1.0,0.9999999999999999,1.0,0.005849999999999999,"6669.TW,3008.TW,2327.TW,2308.TW,2317.TW",2018,123,5
2018-10-17,-0.015199881443933992,-0.020960962137486994,-0.01761007944842541,-0.0044584130462005,0.9999999999999999,0.9999999999999999,0.9999999999999999,0.005849999999999999,"6669.TW,3008.TW,2327.TW,2308.TW,2317.TW,2912.TW,2207.TW,1326.TW,1301.TW,2454.TW",2018,123,10
2018-10-17,-0.029862822399094026,-0.0355381248880593,-0.01761007944842541,-0.0044584130462005,1.0,1.0,1.0,0.00585,"6669.TW,3008.TW,2327.TW",2018,123,3
2018-10-17,-0.014360222689865905,-0.01786412592922515,-0.01761007944842541,-0.0044584130462005,0.6076843005752846,0.6076843005752843,0.6076843005752844,0.0035549531583654137,"6669.TW,3008.TW,2327.TW,2308.TW,2317.TW,2912.TW,2207.TW,1326.TW,1301.TW,2454.TW,1216.TW,2408.TW,2603.TW,3231.TW,1101.TW,1590.TW,1102.TW,2891.TW,3711.TW,3037.TW",2018,123,20
2018-10-17,-0.014616339557505208,-0.019254665157465434,-0.01761007944842541,-0.0044584130462005,0.8046370188209989,0.8046370188209993,0.804637018820999,0.004707126560102845,"6669.TW,3008.TW,2327.TW,2308.TW,2317.TW,2912.TW,2207.TW,1326.TW,1301.TW,2454.TW,1216.TW,2408.TW,2603.TW,3231.TW,1101.TW",2018,123,15
2018-10-22,-0.015223096354946081,-0.01714543994689577,-0.02368788489694018,-0.02375811362730218,0.3336854682490233,0.33368546824902334,0.33368546824902334,0.0019520599892567866,"2345.TW,3008.TW,6669.TW",2018,123,3
2018-10-22,-0.054862541471064424,-0.057179343056605436,-0.02368788489694018,-0.02375811362730218,0.41902313308294015,0.41902313308294004,0.4190231330829401,0.002451285328535199,"2345.TW,3008.TW,6669.TW,2327.TW,2408.TW",2018,123,5
2018-10-22,-0.032183162966275394,-0.034874498707211266,-0.02368788489694018,-0.02375811362730218,0.47535584628079625,0.47535584628079625,0.47535584628079625,0.0027808317007426584,"2345.TW,3008.TW,6669.TW,2327.TW,2408.TW,2615.TW,2603.TW,1216.TW,2912.TW,2454.TW,2330.TW,5876.TW,2303.TW,2379.TW,3711.TW",2018,123,15
2018-10-22,-0.034335811350088855,-0.0372146271816598,-0.02368788489694018,-0.02375811362730218,0.5096028993702321,0.5096028993702321,0.5096028993702321,0.0029811769613158575,"2345.TW,3008.TW,6669.TW,2327.TW,2408.TW,2615.TW,2603.TW,1216.TW,2912.TW,2454.TW",2018,123,10
2018-10-22,-0.030866433146754694,-0.03346453801217286,-0.02368788489694018,-0.02375811362730218,0.4582655115920831,0.45826551159208306,0.45826551159208306,0.002680853242813686,"2345.TW,3008.TW,6669.TW,2327.TW,2408.TW,2615.TW,2603.TW,1216.TW,2912.TW,2454.TW,2330.TW,5876.TW,2303.TW,2379.TW,3711.TW,3037.TW,2395.TW,3017.TW,2885.TW,2317.TW",2018,123,20
2018-10-25,0.018899366435273124,0.01755726117385703,0.004590353915657319,0.002798247881830922,0.2251642413016719,0.22516424130167187,0.2251642413016719,0.0013172108116147807,"2327.TW,6669.TW,3008.TW,2408.TW,9910.TW",2018,123,5
2018-10-25,-0.0042794870009274615,-0.006980161851335653,0.004590353915657319,0.002798247881830922,0.4636379531763574,0.4636379531763574,0.4636379531763574,0.002712282026081691,"2327.TW,6669.TW,3008.TW,2408.TW,9910.TW,2345.TW,3034.TW,2603.TW,1101.TW,2609.TW,2330.TW,1326.TW,3017.TW,3037.TW,2303.TW,1216.TW,1102.TW,3045.TW,2891.TW,5871.TW",2018,123,20
2018-10-25,-0.02217695149078254,-0.02412879678208102,0.004590353915657319,0.002798247881830922,0.34121589611945063,0.3412158961194507,0.3412158961194507,0.0019961129922987865,"2327.TW,6669.TW,3008.TW",2018,123,3
2018-10-25,-0.0023299592382489695,-0.0047702864557014335,0.004590353915657319,0.002798247881830922,0.41812416395983254,0.4181241639598326,0.41812416395983254,0.0024460263591650207,"2327.TW,6669.TW,3008.TW,2408.TW,9910.TW,2345.TW,3034.TW,2603.TW,1101.TW,2609.TW",2018,123,10
2018-10-25,-0.004401901809538804,-0.007214712318662997,0.004590353915657319,0.002798247881830922,0.48294819980664244,0.48294819980664244,0.48294819980664244,0.0028252469688688584,"2327.TW,6669.TW,3008.TW,2408.TW,9910.TW,2345.TW,3034.TW,2603.TW,1101.TW,2609.TW,2330.TW,1326.TW,3017.TW,3037.TW,2303.TW",2018,123,15
2018-10-30,0.05238245599232026,0.048586487040002124,0.019582167940894735,0.02243303313413105,0.6165853277941467,0.6165853277941469,0.6165853277941468,0.003607024167595759,"3231.TW,1590.TW,6669.TW,2327.TW,3008.TW,3045.TW,4904.TW,2345.TW,3037.TW,2002.TW,2317.TW,2408.TW,2615.TW,2618.TW,2454.TW",2018,123,15
2018-10-30,0.04147479920266383,0.038035867242170784,0.019582167940894735,0.02243303313413105,0.5644415185354031,0.5644415185354031,0.5644415185354031,0.0033019828834321085,"3231.TW,1590.TW,6669.TW,2327.TW,3008.TW,3045.TW,4904.TW,2345.TW,3037.TW,2002.TW,2317.TW,2408.TW,2615.TW,2618.TW,2454.TW,1216.TW,2609.TW,5876.TW,2412.TW,2207.TW",2018,123,20
2018-10-30,0.08581175791955564,0.08157709206366937,0.019582167940894735,0.02243303313413105,0.6666666666666666,0.6666666666666666,0.6666666666666666,0.0039,"3231.TW,1590.TW,6669.TW",2018,123,3
2018-10-30,0.053021877210212905,0.04921392311575068,0.019582167940894735,0.02243303313413105,0.6181565055079442,0.6181565055079444,0.6181565055079443,0.003616215557221475,"3231.TW,1590.TW,6669.TW,2327.TW,3008.TW,3045.TW,4904.TW,2345.TW,3037.TW,2002.TW",2018,123,10
2018-10-30,0.08922981272488935,0.0864856258240243,0.019582167940894735,0.02243303313413105,0.43066373362672633,0.4306637336267264,0.4306637336267264,0.002519382841716349,"3231.TW,1590.TW,6669.TW,2327.TW,3008.TW",2018,123,5
2018-11-02,0.025175324490345888,0.021859237672447573,0.013444612106314757,0.01938690125669479,0.5529321999491054,0.5529321999491054,0.5529321999491054,0.0032346533697022663,"6669.TW,3045.TW,2412.TW,4904.TW,3711.TW,1301.TW,2603.TW,9910.TW,1326.TW,2303.TW,3231.TW,3037.TW,2207.TW,2615.TW,2327.TW",2018,123,15
2018-11-02,0.022512273533292198,0.01821290499337347,0.013444612106314757,0.01938690125669479,0.7187540063543059,0.718754006354306,0.7187540063543059,0.0042047109371726905,"6669.TW,3045.TW,2412.TW,4904.TW,3711.TW,1301.TW,2603.TW,9910.TW,1326.TW,2303.TW",2018,123,10
2018-11-02,0.024128464865235535,0.021030699234738437,0.013444612106314757,0.01938690125669479,0.5170567995875771,0.5170567995875771,0.5170567995875771,0.0030247822775873266,"6669.TW,3045.TW,2412.TW,4904.TW,3711.TW,1301.TW,2603.TW,9910.TW,1326.TW,2303.TW,3231.TW,3037.TW,2207.TW,2615.TW,2327.TW,2002.TW,3017.TW,2883.TW,2887.TW,2357.TW",2018,123,20
2018-11-02,0.025654135913721232,0.021497757015778163,0.013444612106314757,0.01938690125669479,0.6927209616071657,0.6927209616071657,0.6927209616071657,0.0040524176254019195,"6669.TW,3045.TW,2412.TW",2018,123,3
2018-11-02,0.02056823431992805,0.015695189277971755,0.013444612106314757,0.01938690125669479,0.8162111306807808,0.8162111306807807,0.8162111306807807,0.004774835114482567,"6669.TW,3045.TW,2412.TW,4904.TW,3711.TW",2018,123,5
2018-11-07,-0.04378067871675697,-0.047140106356390765,-0.037902765118000725,-0.03328055875409342,0.6005537873983567,0.6005537873983566,0.6005537873983566,0.0035132396562803864,"6669.TW,2912.TW,3008.TW,1101.TW,3037.TW,2207.TW,2330.TW,1301.TW,3231.TW,1216.TW,3017.TW,2327.TW,1303.TW,2357.TW,2379.TW",2018,123,15
2018-11-07,-0.04296343515097803,-0.045493630211205005,-0.037902765118000725,-0.03328055875409342,0.4519283713840179,0.451928371384018,0.451928371384018,0.002643780972596505,"6669.TW,2912.TW,3008.TW,1101.TW,3037.TW,2207.TW,2330.TW,1301.TW,3231.TW,1216.TW,3017.TW,2327.TW,1303.TW,2357.TW,2379.TW,2615.TW,2408.TW,2303.TW,1326.TW,3034.TW",2018,123,20
2018-11-07,-0.03544407156752443,-0.03995819331258843,-0.037902765118000725,-0.03328055875409342,0.8,0.7999999999999999,0.8,0.00468,"6669.TW,2912.TW,3008.TW,1101.TW,3037.TW",2018,123,5
2018-11-07,-0.03730256572667425,-0.0418079897190734,-0.037902765118000725,-0.03328055875409342,0.7999999999999999,0.7999999999999999,0.7999999999999999,0.00468,"6669.TW,2912.TW,3008.TW,1101.TW,3037.TW,2207.TW,2330.TW,1301.TW,3231.TW,1216.TW",2018,123,10
2018-11-07,-0.052881814333007905,-0.0565755752571091,-0.037902765118000725,-0.03328055875409342,0.6666666666666666,0.6666666666666666,0.6666666666666666,0.0039,"6669.TW,2912.TW,3008.TW",2018,123,3
2018-11-12,0.05158027892458364,0.049028887749831496,0.023637371411671104,0.03516193127792292,0.41474269942891334,0.41474269942891334,0.41474269942891334,0.002426244791659143,"6669.TW,2327.TW,2408.TW,3008.TW,1102.TW,2207.TW,1216.TW,3034.TW,3017.TW,1101.TW,2885.TW,2912.TW,2330.TW,2303.TW,2887.TW",2018,123,15
2018-11-12,0.04436914313268452,0.04215593024188724,0.023637371411671104,0.03516193127792292,0.3622540864670078,0.3622540864670078,0.3622540864670078,0.0021191864058319955,"6669.TW,2327.TW,2408.TW,3008.TW,1102.TW,2207.TW,1216.TW,3034.TW,3017.TW,1101.TW,2885.TW,2912.TW,2330.TW,2303.TW,2887.TW,2603.TW,2317.TW,2615.TW,5880.TW,2002.TW",2018,123,20
2018-11-12,0.09332699068187993,0.08935789210274558,0.023637371411671104,0.03516193127792292,0.6205631026930758,0.6205631026930758,0.6205631026930758,0.0036302941507544936,"6669.TW,2327.TW,2408.TW,3008.TW,1102.TW",2018,123,5
2018-11-12,0.06073053652887335,0.05755852493819846,0.023637371411671104,0.03516193127792292,0.5111799697108225,0.5111799697108224,0.5111799697108224,0.002990402822808311,"6669.TW,2327.TW,2408.TW,3008.TW,1102.TW,2207.TW,1216.TW,3034.TW,3017.TW,1101.TW",2018,123,10
2018-11-12,0.11700558563809352,0.11264926385410501,0.023637371411671104,0.03516193127792292,0.6666666666666666,0.6666666666666667,0.6666666666666667,0.0039000000000000003,"6669.TW,2327.TW,2408.TW",2018,123,3
2018-11-15,-0.004591686764828892,-0.00811470655284674,-0.03399614798718176,-0.013570789074030509,0.605003591774404,0.605003591774404,0.605003591774404,0.003539271011880264,"3008.TW,5876.TW,2207.TW,2357.TW,2327.TW,1101.TW,2308.TW,3034.TW,1102.TW,2881.TW,2891.TW,2886.TW,2382.TW,5871.TW,3045.TW",2018,123,15
2018-11-15,0.008601619142445926,0.005017427655158002,-0.03399614798718176,-0.013570789074030509,0.6074571901244934,0.6074571901244935,0.6074571901244934,0.0035536245622282865,"3008.TW,5876.TW,2207.TW,2357.TW,2327.TW",2018,123,5
2018-11-15,-0.0030190954320619247,-0.005415551869066948,-0.03399614798718176,-0.013570789074030509,0.41089119271530483,0.41089119271530494,0.4108911927153049,0.002403713477384534,"3008.TW,5876.TW,2207.TW,2357.TW,2327.TW,1101.TW,2308.TW,3034.TW,1102.TW,2881.TW",2018,123,10
2018-11-15,0.015831010474012253,0.009888399062739195,-0.03399614798718176,-0.013570789074030509,1.0,1.0000000000000002,1.0,0.005850000000000001,"3008.TW,5876.TW,2207.TW",2018,123,3
2018-11-15,-0.008715543886282328,-0.012224831021169447,-0.03399614798718176,-0.013570789074030509,0.6051523747961614,0.6051523747961612,0.6051523747961614,0.0035401413925575435,"3008.TW,5876.TW,2207.TW,2357.TW,2327.TW,1101.TW,2308.TW,3034.TW,1102.TW,2881.TW,2891.TW,2886.TW,2382.TW,5871.TW,3045.TW,2002.TW,2330.TW,9910.TW,2609.TW,2882.TW",2018,123,20
2018-11-20,-0.0022963520188232006,-0.005238902691604874,0.007968102788130205,0.0012255725778535865,0.504157838876524,0.504157838876524,0.504157838876524,0.002949323357427666,"2395.TW,2327.TW,9910.TW,2303.TW,3008.TW,2885.TW,2308.TW,2379.TW,2881.TW,1101.TW",2018,123,10
2018-11-20,0.002237302066212149,-0.0012958547227901462,0.007968102788130205,0.0012255725778535865,0.6026102044150019,0.6026102044150018,0.6026102044150019,0.003525269695827761,"2395.TW,2327.TW,9910.TW,2303.TW,3008.TW,2885.TW,2308.TW,2379.TW,2881.TW,1101.TW,3231.TW,2618.TW,2886.TW,2880.TW,3711.TW,2892.TW,2357.TW,2454.TW,2317.TW,2884.TW",2018,123,20
2018-11-20,-0.00047306157339139734,-0.003998422233134402,0.007968102788130205,0.0012255725778535865,0.6029109678132539,0.6029109678132542,0.602910967813254,0.0035270291617075364,"2395.TW,2327.TW,9910.TW,2303.TW,3008.TW,2885.TW,2308.TW,2379.TW,2881.TW,1101.TW,3231.TW,2618.TW,2886.TW,2880.TW,3711.TW",2018,123,15
2018-11-20,0.010297584516616488,0.006746904655704933,0.007968102788130205,0.0012255725778535865,0.6007673696145928,0.6007673696145927,0.6007673696145928,0.003514489112245367,"2395.TW,2327.TW,9910.TW,2303.TW,3008.TW",2018,123,5
2018-11-20,0.002427623693990114,-0.0034365779046197087,0.007968102788130205,0.0012255725778535865,1.0,1.0,1.0,0.00585,"2395.TW,2327.TW,9910.TW",2018,123,3
2018-11-23,0.08594513108183555,0.08170994507061646,0.023715560691578208,0.03399101418040748,0.6666666666666666,0.6666666666666667,0.6666666666666667,0.0039000000000000003,"2327.TW,2207.TW,2303.TW",2018,123,3
2018-11-23,0.04977527134216016,0.04637708537460594,0.023715560691578208,0.03399101418040748,0.5533436593886826,0.5533436593886827,0.5533436593886827,0.003237060407423794,"2327.TW,2207.TW,2303.TW,6669.TW,3008.TW,2379.TW,2308.TW,3037.TW,2408.TW,3017.TW,2885.TW,9910.TW,2892.TW,5880.TW,2891.TW,2882.TW,2603.TW,2345.TW,2454.TW,2002.TW",2018,123,20
2018-11-23,0.07526128662523898,0.07209994183904733,0.023715560691578208,0.03399101418040748,0.5025762806438321,0.5025762806438319,0.502576280643832,0.002940071241766417,"2327.TW,2207.TW,2303.TW,6669.TW,3008.TW,2379.TW,2308.TW,3037.TW,2408.TW,3017.TW",2018,123,10
2018-11-23,0.05406990387234097,0.05075790483523579,0.023715560691578208,0.03399101418040748,0.5371120828671176,0.5371120828671174,0.5371120828671175,0.003142105684772637,"2327.TW,2207.TW,2303.TW,6669.TW,3008.TW,2379.TW,2308.TW,3037.TW,2408.TW,3017.TW,2885.TW,9910.TW,2892.TW,5880.TW,2891.TW",2018,123,15
2018-11-23,0.0796732617087424,0.07714682627634395,0.023715560691578208,0.03399101418040748,0.4,0.3999999999999998,0.3999999999999999,0.002339999999999999,"2327.TW,2207.TW,2303.TW,6669.TW,3008.TW",2018,123,5
2018-11-28,0.0036848320865542133,9.247155416503006e-05,0.010295833332426563,0.017034427316316225,0.6118242538434066,0.6118242538434063,0.6118242538434064,0.003579171884983927,"1102.TW,2881.TW,1101.TW,1216.TW,2618.TW,2892.TW,2882.TW,2357.TW,5880.TW,4904.TW,2303.TW,2891.TW,2885.TW,2880.TW,2884.TW,1326.TW,1303.TW,3017.TW,9910.TW,2886.TW",2018,123,20
2018-11-28,-0.001059090105592738,-0.005031183155297936,0.010295833332426563,0.017034427316316225,0.6797101391899735,0.6797101391899735,0.6797101391899735,0.003976304314261345,"1102.TW,2881.TW,1101.TW,1216.TW,2618.TW,2892.TW,2882.TW,2357.TW,5880.TW,4904.TW,2303.TW,2891.TW,2885.TW,2880.TW,2884.TW",2018,123,15
2018-11-28,-0.002108986737642637,-0.00794664916522736,0.010295833332426563,0.017034427316316225,0.9999999999999999,0.9999999999999999,0.9999999999999999,0.005849999999999999,"1102.TW,2881.TW,1101.TW,1216.TW,2618.TW,2892.TW,2882.TW,2357.TW,5880.TW,4904.TW",2018,123,10
2018-11-28,0.021747223519252696,0.015770002261664917,0.010295833332426563,0.017034427316316225,1.0,1.0,1.0,0.00585,"1102.TW,2881.TW,1101.TW",2018,123,3
2018-11-28,0.004462949272569517,-0.0014131589806749556,0.010295833332426563,0.017034427316316225,1.0,1.0000000000000002,1.0,0.005850000000000001,"1102.TW,2881.TW,1101.TW,1216.TW,2618.TW",2018,123,5
2018-12-03,-0.02306476085757051,-0.028779832006553763,-0.03694250920254849,-0.03240653703221217,1.0,1.0,1.0,0.00585,"2603.TW,2303.TW,2912.TW",2018,123,3
2018-12-03,-0.01903563894166902,-0.02477428045386032,-0.03694250920254849,-0.03240653703221217,1.0,1.0,1.0,0.00585,"2603.TW,2303.TW,2912.TW,4904.TW,2885.TW",2018,123,5
2018-12-03,-0.014514833204610084,-0.017612686387549426,-0.03694250920254849,-0.03240653703221217,0.5373470555231072,0.5373470555231074,0.5373470555231072,0.003143480274810178,"2603.TW,2303.TW,2912.TW,4904.TW,2885.TW,2892.TW,2357.TW,2412.TW,5880.TW,2881.TW,2382.TW,2609.TW,1303.TW,2886.TW,2615.TW",2018,123,15
2018-12-03,-0.013297078377340715,-0.015079755213169621,-0.03694250920254849,-0.03240653703221217,0.3088377224489494,0.3088377224489493,0.30883772244894936,0.0018067006763263537,"2603.TW,2303.TW,2912.TW,4904.TW,2885.TW,2892.TW,2357.TW,2412.TW,5880.TW,2881.TW,2382.TW,2609.TW,1303.TW,2886.TW,2615.TW,2618.TW,2882.TW,9910.TW,2880.TW,1101.TW",2018,123,20
2018-12-03,-0.015521546864132174,-0.01842977965106274,-0.03694250920254849,-0.03240653703221217,0.5049717524524866,0.5049717524524864,0.5049717524524865,0.0029540847518470456,"2603.TW,2303.TW,2912.TW,4904.TW,2885.TW,2892.TW,2357.TW,2412.TW,5880.TW,2881.TW",2018,123,10
2018-12-06,0.012834455735928913,0.008386600567792168,0.0006613657701211029,0.005602276324912274,0.7506825211687547,0.7506825211687547,0.7506825211687547,0.004391492748837215,"2609.TW,2618.TW,2408.TW,2379.TW,3008.TW,2327.TW,3231.TW,6669.TW,2454.TW,5871.TW,2395.TW,3711.TW,2308.TW,1216.TW,2207.TW,2603.TW,2615.TW,3017.TW,3037.TW,2912.TW",2018,123,20
2018-12-06,-0.0049036487819056115,-0.010724962436531538,0.0006613657701211029,0.005602276324912274,0.9999999999999999,1.0,1.0,0.00585,"2609.TW,2618.TW,2408.TW,2379.TW,3008.TW,2327.TW,3231.TW,6669.TW,2454.TW,5871.TW",2018,123,10
2018-12-06,0.004694090318308742,-0.0011833701100533167,0.0006613657701211029,0.005602276324912274,1.0,1.0,1.0,0.00585,"2609.TW,2618.TW,2408.TW,2379.TW,3008.TW",2018,123,5
2018-12-06,-0.009951933355793622,-0.015743714545662257,0.0006613657701211029,0.005602276324912274,1.0,1.0,1.0,0.00585,"2609.TW,2618.TW,2408.TW",2018,123,3
2018-12-06,-0.00014549380791985275,-0.005604699411728586,0.0006613657701211029,0.005602276324912274,0.9333333333333332,0.9333333333333336,0.9333333333333333,0.005460000000000001,"2609.TW,2618.TW,2408.TW,2379.TW,3008.TW,2327.TW,3231.TW,6669.TW,2454.TW,5871.TW,2395.TW,3711.TW,2308.TW,1216.TW,2207.TW",2018,123,15
2018-12-11,0.005166144552469045,0.0031532389768467173,-0.003965633529188328,0.0015824544895926484,0.34231795912357754,0.3423179591235775,0.34231795912357754,0.0020025600608729287,"2379.TW,9910.TW,3231.TW,2207.TW,2912.TW,2454.TW,2327.TW,2408.TW,5871.TW,2603.TW,2308.TW,2357.TW,2615.TW,3711.TW,2618.TW",2018,123,15
2018-12-11,0.005604123035824877,0.0037633989264540535,-0.003965633529188328,0.0015824544895926484,0.3129001628987203,0.3129001628987204,0.31290016289872036,0.0018304659529575144,"2379.TW,9910.TW,3231.TW,2207.TW,2912.TW,2454.TW,2327.TW,2408.TW,5871.TW,2603.TW,2308.TW,2357.TW,2615.TW,3711.TW,2618.TW,1101.TW,3034.TW,3017.TW,2880.TW,5880.TW",2018,123,20
2018-12-11,0.0066990376899775505,0.004288939092691013,-0.003965633529188328,0.0015824544895926484,0.409241144352532,0.409241144352532,0.409241144352532,0.0023940606944623122,"2379.TW,9910.TW,3231.TW,2207.TW,2912.TW,2454.TW,2327.TW,2408.TW,5871.TW,2603.TW",2018,123,10
2018-12-11,0.011069347118298434,0.005154591437656508,-0.003965633529188328,0.0015824544895926484,1.0,1.0,1.0,0.00585,"2379.TW,9910.TW,3231.TW",2018,123,3
2018-12-11,0.011680362368768772,0.006935945260668763,-0.003965633529188328,0.0015824544895926484,0.8016479331190811,0.8016479331190811,0.8016479331190811,0.004689640408746624,"2379.TW,9910.TW,3231.TW,2207.TW,2912.TW",2018,123,5
2018-12-14,-0.03462754360575333,-0.0402749724756597,-0.004644821585266579,-0.009372342562381985,1.0,0.9999999999999999,1.0,0.005849999999999999,"6669.TW,3037.TW,2395.TW,2317.TW,3711.TW",2018,123,5
2018-12-14,-0.01814966787565152,-0.022794967218706552,-0.004644821585266579,-0.009372342562381985,0.8087467486536687,0.8087467486536686,0.8087467486536686,0.004731168479623961,"6669.TW,3037.TW,2395.TW,2317.TW,3711.TW,2327.TW,2408.TW,2303.TW,2357.TW,3034.TW",2018,123,10
2018-12-14,-0.00979788413667374,-0.012756901371248408,-0.004644821585266579,-0.009372342562381985,0.5108198657524606,0.5108198657524604,0.5108198657524605,0.0029882962146518936,"6669.TW,3037.TW,2395.TW,2317.TW,3711.TW,2327.TW,2408.TW,2303.TW,2357.TW,3034.TW,2615.TW,9910.TW,2618.TW,2412.TW,3008.TW,2330.TW,2882.TW,2912.TW,2880.TW,3045.TW",2018,123,20
2018-12-14,-0.012181089524315661,-0.015330103265832395,-0.004644821585266579,-0.009372342562381985,0.5449307981040791,0.544930798104079,0.544930798104079,0.003187845168908862,"6669.TW,3037.TW,2395.TW,2317.TW,3711.TW,2327.TW,2408.TW,2303.TW,2357.TW,3034.TW,2615.TW,9910.TW,2618.TW,2412.TW,3008.TW",2018,123,15
2018-12-14,-0.04938368906651639,-0.05494479448547729,-0.004644821585266579,-0.009372342562381985,1.0,1.0,1.0,0.00585,"6669.TW,3037.TW,2395.TW",2018,123,3
2018-12-19,-0.017482863291316486,-0.019829268429001567,-0.01133347328903922,-0.01679658134650555,0.40823195885865116,0.4082319588586511,0.40823195885865116,0.002388156959323109,"6669.TW,2317.TW,2345.TW,3008.TW,3711.TW,1590.TW,2327.TW,2303.TW,2615.TW,5871.TW,3231.TW,2379.TW,2454.TW,2330.TW,2408.TW,9910.TW,5876.TW,2883.TW,2395.TW,3037.TW",2018,123,20
2018-12-19,-0.013839493353889344,-0.016238486676530495,-0.01133347328903922,-0.01679658134650555,0.4158393343607716,0.4158393343607715,0.41583933436077153,0.0024326601060105134,"6669.TW,2317.TW,2345.TW,3008.TW,3711.TW",2018,123,5
2018-12-19,-0.019277700867800465,-0.02220061644765159,-0.01133347328903922,-0.01679658134650555,0.5094650027898419,0.5094650027898416,0.5094650027898417,0.0029803702663205736,"6669.TW,2317.TW,2345.TW,3008.TW,3711.TW,1590.TW,2327.TW,2303.TW,2615.TW,5871.TW",2018,123,10
2018-12-19,-0.019266910022660053,-0.021985238634689264,-0.01133347328903922,-0.01679658134650555,0.4738002238943274,0.47380022389432724,0.4738002238943273,0.0027717313097818143,"6669.TW,2317.TW,2345.TW,3008.TW,3711.TW,1590.TW,2327.TW,2303.TW,2615.TW,5871.TW,3231.TW,2379.TW,2454.TW,2330.TW,2408.TW",2018,123,15
2018-12-19,0.004365647978651799,0.0003215079845428903,-0.01133347328903922,-0.01679658134650555,0.6883011015861172,0.6883011015861173,0.6883011015861173,0.004026561444278786,"6669.TW,2317.TW,2345.TW",2018,123,3
2018-12-24,0.016425021750136135,0.01401115428170141,0.012811947498604592,0.012870630471192725,0.4059590317548819,0.4059590317548817,0.4059590317548818,0.002374860335766058,"2379.TW,2327.TW,2609.TW,2207.TW,2345.TW,3008.TW,2317.TW,5871.TW,5876.TW,2357.TW,2395.TW,2885.TW,1101.TW,1326.TW,9910.TW,1102.TW,2330.TW,2615.TW,2412.TW,2303.TW",2018,123,20
2018-12-24,0.019126314773301435,0.015521737909094169,0.012811947498604592,0.012870630471192725,0.6046031550776236,0.6046031550776234,0.6046031550776235,0.0035369284572040974,"2379.TW,2327.TW,2609.TW,2207.TW,2345.TW,3008.TW,2317.TW,5871.TW,5876.TW,2357.TW,2395.TW,2885.TW,1101.TW,1326.TW,9910.TW",2018,123,15
2018-12-24,0.020284114677635755,0.015506662392448245,0.012811947498604592,0.012870630471192725,0.8004226455554584,0.8004226455554584,0.8004226455554584,0.004682472476499432,"2379.TW,2327.TW,2609.TW,2207.TW,2345.TW",2018,123,5
2018-12-24,0.01902526241738334,0.016029482173977483,0.012811947498604592,0.012870630471192725,0.5025382645491826,0.5025382645491825,0.5025382645491825,0.002939848847612718,"2379.TW,2327.TW,2609.TW,2207.TW,2345.TW,3008.TW,2317.TW,5871.TW,5876.TW,2357.TW",2018,123,10
2018-12-24,0.00806236444103196,0.0021651996090519265,0.012811947498604592,0.012870630471192725,1.0,1.0,1.0,0.00585,"2379.TW,2327.TW,2609.TW",2018,123,3
2018-12-27,-0.04902110142071495,-0.0527898683026784,-0.03062588105245334,-0.019479724496670764,0.6774426393676556,0.6774426393676558,0.6774426393676557,0.003963039440300786,"2609.TW,2317.TW,2408.TW",2018,123,3
2018-12-27,-0.03651243030394111,-0.03992151247086961,-0.03062588105245334,-0.019479724496670764,0.6048330115433452,0.6048330115433451,0.6048330115433451,0.003538273117528569,"2609.TW,2317.TW,2408.TW,2327.TW,5876.TW,2454.TW,1102.TW,1590.TW,3008.TW,1101.TW,2002.TW,2330.TW,2303.TW,2412.TW,2618.TW",2018,123,15
2018-12-27,-0.04800604020492654,-0.05140154418317877,-0.03062588105245334,-0.019479724496670764,0.6096971776957651,0.6096971776957649,0.609697177695765,0.0035667284895202255,"2609.TW,2317.TW,2408.TW,2327.TW,5876.TW",2018,123,5
2018-12-27,-0.04127109479653707,-0.04411073700593282,-0.03062588105245334,-0.019479724496670764,0.5063046728313725,0.5063046728313725,0.5063046728313725,0.0029618823360635293,"2609.TW,2317.TW,2408.TW,2327.TW,5876.TW,2454.TW,1102.TW,1590.TW,3008.TW,1101.TW",2018,123,10
2018-12-27,-0.026541556747273456,-0.028562375634725856,-0.03062588105245334,-0.019479724496670764,0.3548575991657026,0.3548575991657023,0.3548575991657025,0.002075916955119359,"2609.TW,2317.TW,2408.TW,2327.TW,5876.TW,2454.TW,1102.TW,1590.TW,3008.TW,1101.TW,2002.TW,2330.TW,2303.TW,2412.TW,2618.TW,2345.TW,5871.TW,3045.TW,2382.TW,2357.TW",2018,123,20
2019-01-02,0.022697137593772496,0.021239794172701387,0.004742718320727146,0.016501860535875042,0.9999999999999999,0.0,0.49999999999999994,0.0014249999999999998,"2207.TW,2618.TW,5876.TW,2382.TW,2379.TW,2912.TW,3008.TW,1326.TW,2412.TW,2454.TW",2019,123,10
2019-01-02,0.012794995450334875,0.011351762581818026,0.004742718320727146,0.016501860535875042,1.0000000000000002,0.0,0.5000000000000001,0.0014250000000000003,"2207.TW,2618.TW,5876.TW,2382.TW,2379.TW,2912.TW,3008.TW,1326.TW,2412.TW,2454.TW,4904.TW,1301.TW,3711.TW,2330.TW,2327.TW,2408.TW,1101.TW,3034.TW,1303.TW,1590.TW",2019,123,20
2019-01-02,0.018965861472025926,0.017513835119428167,0.004742718320727146,0.016501860535875042,1.0,0.0,0.5,0.001425,"2207.TW,2618.TW,5876.TW,2382.TW,2379.TW",2019,123,5
2019-01-02,0.01446882260319369,0.013023204530984156,0.004742718320727146,0.016501860535875042,0.9999999999999999,0.0,0.49999999999999994,0.0014249999999999998,"2207.TW,2618.TW,5876.TW,2382.TW,2379.TW,2912.TW,3008.TW,1326.TW,2412.TW,2454.TW,4904.TW,1301.TW,3711.TW,2330.TW,2327.TW",2019,123,15
2019-01-02,0.017576513671365108,0.01612646713938326,0.004742718320727146,0.016501860535875042,1.0,0.0,0.5,0.001425,"2207.TW,2618.TW,5876.TW",2019,123,3
2019-01-07,0.012361979431055839,0.009943107430724352,0.015509276834669183,0.018279539348826222,0.408433348565144,0.4084333485651441,0.40843334856514407,0.002389335089106093,"5876.TW,2382.TW,5880.TW,2002.TW,2618.TW",2019,123,5
2019-01-07,0.015557117251095235,0.011961049196309581,0.015509276834669183,0.018279539348826222,0.6052958298017288,0.605295829801729,0.6052958298017289,0.0035409806043401144,"5876.TW,2382.TW,5880.TW,2002.TW,2618.TW,2892.TW,1101.TW,2345.TW,2884.TW,2379.TW",2019,123,10
2019-01-07,0.027454778137764608,0.023425056884016637,0.015509276834669183,0.018279539348826222,0.6704346065774376,0.6704346065774378,0.6704346065774377,0.0039220424484780105,"5876.TW,2382.TW,5880.TW,2002.TW,2618.TW,2892.TW,1101.TW,2345.TW,2884.TW,2379.TW,2454.TW,3231.TW,6669.TW,2408.TW,3045.TW",2019,123,15
2019-01-07,0.018345846561472385,0.014349755094218875,0.015509276834669183,0.018279539348826222,0.6707864138803051,0.6707864138803052,0.6707864138803052,0.003924100521199786,"5876.TW,2382.TW,5880.TW",2019,123,3
2019-01-07,0.025621701006378478,0.02258951875610582,0.015509276834669183,0.018279539348826222,0.5053732303779688,0.5053732303779692,0.505373230377969,0.0029564333977111193,"5876.TW,2382.TW,5880.TW,2002.TW,2618.TW,2892.TW,1101.TW,2345.TW,2884.TW,2379.TW,2454.TW,3231.TW,6669.TW,2408.TW,3045.TW,2912.TW,2609.TW,5871.TW,1303.TW,1301.TW",2019,123,20
2019-01-10,0.003005808844167235,-0.002861775137571243,0.004647628726183406,0.009959456893010317,1.0,1.0,1.0,0.00585,"9910.TW,3037.TW,2892.TW",2019,123,3
2019-01-10,0.004996521191748605,0.00029313747257120326,0.004647628726183406,0.009959456893010317,0.8,0.7999999999999998,0.7999999999999999,0.004679999999999999,"9910.TW,3037.TW,2892.TW,2382.TW,2412.TW",2019,123,5
2019-01-10,0.009653592902164655,0.007267132975053325,0.004647628726183406,0.009959456893010317,0.4040414165314527,0.4040414165314524,0.40404141653145254,0.002363642286708997,"9910.TW,3037.TW,2892.TW,2382.TW,2412.TW,2618.TW,5880.TW,2002.TW,2345.TW,3045.TW",2019,123,10
2019-01-10,0.011866487390923325,0.008861138894453058,0.004647628726183406,0.009959456893010317,0.5077100508052919,0.5077100508052919,0.5077100508052919,0.0029701037972109574,"9910.TW,3037.TW,2892.TW,2382.TW,2412.TW,2618.TW,5880.TW,2002.TW,2345.TW,3045.TW,4904.TW,1216.TW,2880.TW,2885.TW,2615.TW,1301.TW,3231.TW,2891.TW,5876.TW,2887.TW",2019,123,20
2019-01-10,0.010049740873576461,0.006845547450563316,0.004647628726183406,0.009959456893010317,0.5422756417733787,0.5422756417733787,0.5422756417733787,0.0031723125043742655,"9910.TW,3037.TW,2892.TW,2382.TW,2412.TW,2618.TW,5880.TW,2002.TW,2345.TW,3045.TW,4904.TW,1216.TW,2880.TW,2885.TW,2615.TW",2019,123,15
2019-01-15,0.0070074006128745476,0.004037067528621652,0.00925337154579009,0.0125322916100187,0.504216001652443,0.5042160016524427,0.5042160016524428,0.00294966360966679,"2892.TW,2002.TW,1326.TW,2880.TW,5880.TW,4904.TW,1102.TW,1301.TW,1303.TW,1101.TW,2882.TW,2884.TW,2382.TW,2881.TW,2886.TW,3017.TW,2412.TW,2912.TW,2891.TW,3045.TW",2019,123,20
2019-01-15,0.010468608549703152,0.006316639475856478,0.00925337154579009,0.0125322916100187,0.7023853063979282,0.7023853063979281,0.7023853063979282,0.0041089540424278795,"2892.TW,2002.TW,1326.TW,2880.TW,5880.TW,4904.TW,1102.TW,1301.TW,1303.TW,1101.TW",2019,123,10
2019-01-15,0.010392757020745675,0.006431733774622916,0.00925337154579009,0.0125322916100187,0.670133456604243,0.670133456604243,0.670133456604243,0.003920280721134821,"2892.TW,2002.TW,1326.TW",2019,123,3
2019-01-15,0.008988970185049672,0.0042523099241431606,0.00925337154579009,0.0125322916100187,0.8024721167530302,0.8024721167530302,0.8024721167530302,0.004694461883005227,"2892.TW,2002.TW,1326.TW,2880.TW,5880.TW",2019,123,5
2019-01-15,0.008418713263297819,0.004867964773837885,0.00925337154579009,0.0125322916100187,0.6018983441805003,0.6018983441805005,0.6018983441805004,0.0035211053134559275,"2892.TW,2002.TW,1326.TW,2880.TW,5880.TW,4904.TW,1102.TW,1301.TW,1303.TW,1101.TW,2882.TW,2884.TW,2382.TW,2881.TW,2886.TW",2019,123,15
2019-01-18,0.003196414917133222,0.0014196260415839657,-0.0014112902382816817,-0.005633939576198735,0.30275685757517706,0.302756857575177,0.302756857575177,0.0017711276168147856,"2002.TW,4904.TW,1216.TW,3017.TW,2886.TW,2891.TW,2330.TW,2892.TW,3045.TW,5880.TW,1326.TW,2885.TW,2884.TW,1303.TW,6669.TW,5871.TW,2412.TW,2880.TW,5876.TW,2382.TW",2019,123,20
2019-01-18,8.92401780306913e-05,-0.00460160173195423,-0.0014112902382816817,-0.005633939576198735,0.8017817667985119,0.8017817667985119,0.8017817667985119,0.0046904233357712944,"2002.TW,4904.TW,1216.TW,3017.TW,2886.TW",2019,123,5
2019-01-18,-0.004314407897004584,-0.008217552488958835,-0.0014112902382816817,-0.005633939576198735,0.6700952680691687,0.6700952680691687,0.6700952680691687,0.003920057318204637,"2002.TW,4904.TW,1216.TW",2019,123,3
2019-01-18,0.0027271821915379243,-0.0008123430316121505,-0.0014112902382816817,-0.005633939576198735,0.6034014609736262,0.6034014609736263,0.6034014609736262,0.003529898546695714,"2002.TW,4904.TW,1216.TW,3017.TW,2886.TW,2891.TW,2330.TW,2892.TW,3045.TW,5880.TW",2019,123,10
2019-01-18,0.0025768641377639165,-0.00017352646566537455,-0.0014112902382816817,-0.005633939576198735,0.46894383535049944,0.46894383535049955,0.4689438353504995,0.002743321436800422,"2002.TW,4904.TW,1216.TW,3017.TW,2886.TW,2891.TW,2330.TW,2892.TW,3045.TW,5880.TW,1326.TW,2885.TW,2884.TW,1303.TW,6669.TW",2019,123,15
2019-01-23,0.016098313863118566,0.013098575343769792,0.0074375227486795925,0.008663100883422878,0.504651772645641,0.504651772645641,0.504651772645641,0.002952212869977,"2357.TW,1303.TW,2002.TW,2884.TW,2308.TW,1301.TW,1216.TW,1590.TW,4904.TW,1326.TW,3231.TW,2379.TW,2615.TW,5880.TW,2883.TW,2382.TW,2603.TW,2880.TW,2327.TW,2885.TW",2019,123,20
2019-01-23,0.013032298089265783,0.008871418125822927,0.0074375227486795925,0.008663100883422878,0.7021114070637225,0.7021114070637225,0.7021114070637225,0.004107351731322777,"2357.TW,1303.TW,2002.TW,2884.TW,2308.TW,1301.TW,1216.TW,1590.TW,4904.TW,1326.TW",2019,123,10
2019-01-23,0.00786746057950669,0.00314817770784237,0.0074375227486795925,0.008663100883422878,0.8004177655794731,0.8004177655794731,0.8004177655794731,0.004682443928639917,"2357.TW,1303.TW,2002.TW,2884.TW,2308.TW",2019,123,5
2019-01-23,0.01774580562783572,0.014538836873861483,0.0074375227486795925,0.008663100883422878,0.5386411655766776,0.5386411655766776,0.5386411655766776,0.0031510508186235638,"2357.TW,1303.TW,2002.TW,2884.TW,2308.TW,1301.TW,1216.TW,1590.TW,4904.TW,1326.TW,3231.TW,2379.TW,2615.TW,5880.TW,2883.TW",2019,123,15
2019-01-23,0.011361059653351175,0.007416751520703091,0.0074375227486795925,0.008663100883422878,0.6666666666666666,0.6666666666666667,0.6666666666666667,0.0039000000000000003,"2357.TW,1303.TW,2002.TW",2019,123,3
2019-01-28,0.03289985361389566,0.026857389470254178,0.011409401183824386,0.013459821203881606,1.0,0.9999999999999999,1.0,0.005849999999999999,"5876.TW,3017.TW,2886.TW,1216.TW,5880.TW",2019,123,5
2019-01-28,0.018189543413835576,0.01419250302797348,0.011409401183824386,0.013459821203881606,0.6710486973998621,0.6710486973998621,0.6710486973998621,0.003925634879789194,"5876.TW,3017.TW,2886.TW,1216.TW,5880.TW,2002.TW,9910.TW,1102.TW,2884.TW,2880.TW,4904.TW,2395.TW,3045.TW,2609.TW,2382.TW",2019,123,15
2019-01-28,0.028074627483711125,0.023853628844346053,0.011409401183824386,0.013459821203881606,0.7018344871687887,0.7018344871687889,0.7018344871687888,0.004105731749937416,"5876.TW,3017.TW,2886.TW,1216.TW,5880.TW,2002.TW,9910.TW,1102.TW,2884.TW,2880.TW",2019,123,10
2019-01-28,0.04749106956561655,0.04136324680865777,0.011409401183824386,0.013459821203881606,1.0,1.0,1.0,0.00585,"5876.TW,3017.TW,2886.TW",2019,123,3
2019-01-28,0.008981358027515037,0.005418452893138026,0.011409401183824386,0.013459821203881606,0.6036222650383524,0.6036222650383523,0.6036222650383523,0.003531190250474361,"5876.TW,3017.TW,2886.TW,1216.TW,5880.TW,2002.TW,9910.TW,1102.TW,2884.TW,2880.TW,4904.TW,2395.TW,3045.TW,2609.TW,2382.TW,2892.TW,2412.TW,2891.TW,2615.TW,2303.TW",2019,123,20
2019-02-11,0.00542902570471483,0.0012701231304650396,-0.000663232346146736,0.006285365427039218,0.7070847357599281,0.7070847357599283,0.7070847357599281,0.00413644570419558,"2303.TW,2395.TW,2912.TW,2002.TW,2886.TW,1326.TW,2892.TW,2880.TW,2885.TW,2891.TW",2019,123,10
2019-02-11,0.009901261721488233,0.003993339340417457,-0.000663232346146736,0.006285365427039218,1.0,1.0,1.0,0.00585,"2303.TW,2395.TW,2912.TW",2019,123,3
2019-02-11,0.005135352075195933,0.00039386071149083435,-0.000663232346146736,0.006285365427039218,0.8063703485801423,0.8063703485801423,0.8063703485801423,0.004717266539193833,"2303.TW,2395.TW,2912.TW,2002.TW,2886.TW",2019,123,5
2019-02-11,0.003274566893755641,0.00010308711381057378,-0.000663232346146736,0.006285365427039218,0.5403638381820111,0.5403638381820111,0.5403638381820111,0.003161128453364765,"2303.TW,2395.TW,2912.TW,2002.TW,2886.TW,1326.TW,2892.TW,2880.TW,2885.TW,2891.TW,3711.TW,5880.TW,3045.TW,1303.TW,2884.TW",2019,123,15
2019-02-11,0.002594154025068308,-9.984635389381769e-05,-0.000663232346146736,0.006285365427039218,0.45932133500264993,0.45932133500265016,0.45932133500265004,0.002687029809765503,"2303.TW,2395.TW,2912.TW,2002.TW,2886.TW,1326.TW,2892.TW,2880.TW,2885.TW,2891.TW,3711.TW,5880.TW,3045.TW,1303.TW,2884.TW,2357.TW,2883.TW,2609.TW,2603.TW,1301.TW",2019,123,20
2019-02-14,0.003631661791403255,0.0004902634179706489,0.007967743023963303,0.0058945939587477,0.5350480613447856,0.5350480613447857,0.5350480613447857,0.003130031158866996,"2345.TW,2880.TW,2002.TW,3231.TW,5880.TW,2886.TW,9910.TW,2892.TW,3711.TW,1101.TW,1590.TW,2883.TW,2884.TW,2615.TW,2207.TW",2019,123,15
2019-02-14,0.004305451747379507,0.001645195972892033,0.007967743023963303,0.0058945939587477,0.45279508942648505,0.45279508942648494,0.452795089426485,0.0026488512731449375,"2345.TW,2880.TW,2002.TW,3231.TW,5880.TW,2886.TW,9910.TW,2892.TW,3711.TW,1101.TW,1590.TW,2883.TW,2884.TW,2615.TW,2207.TW,2885.TW,2887.TW,3045.TW,2603.TW,5876.TW",2019,123,20
2019-02-14,0.004163504438317711,0.0006238635419295591,0.007967743023963303,0.0058945939587477,0.6025580667103041,0.6025580667103041,0.6025580667103041,0.0035249646902552794,"2345.TW,2880.TW,2002.TW,3231.TW,5880.TW,2886.TW,9910.TW,2892.TW,3711.TW,1101.TW",2019,123,10
2019-02-14,-0.000551625721823901,-0.005241902519526831,0.007967743023963303,0.0058945939587477,0.8021992312860724,0.8021992312860723,0.8021992312860724,0.004692865503023523,"2345.TW,2880.TW,2002.TW,3231.TW,5880.TW",2019,123,5
2019-02-14,-0.0058860624556228425,-0.011701628990257507,0.007967743023963303,0.0058945939587477,1.0,1.0,1.0,0.00585,"2345.TW,2880.TW,2002.TW",2019,123,3
2019-02-19,0.022863973716976335,0.020451964282849566,0.01910400756987607,0.016790681663425917,0.40309299728353953,0.4030929972835396,0.40309299728353953,0.0023580940341087066,"2207.TW,2454.TW,2308.TW,5871.TW,2884.TW,5876.TW,2892.TW,5880.TW,2887.TW,2880.TW,2382.TW,2885.TW,2002.TW,3231.TW,2330.TW,2327.TW,2615.TW,2357.TW,2886.TW,2891.TW",2019,123,20
2019-02-19,0.05314248823272489,0.04698160467656343,0.01910400756987607,0.016790681663425917,1.0,1.0,1.0,0.00585,"2207.TW,2454.TW,2308.TW,5871.TW,2884.TW",2019,123,5
2019-02-19,0.034344553617941816,0.030105532408100988,0.01910400756987607,0.016790681663425917,0.7005586365729025,0.7005586365729025,0.7005586365729025,0.00409826802395148,"2207.TW,2454.TW,2308.TW,5871.TW,2884.TW,5876.TW,2892.TW,5880.TW,2887.TW,2880.TW",2019,123,10
2019-02-19,0.07818155586140244,0.07187419375961324,0.01910400756987607,0.016790681663425917,1.0,1.0,1.0,0.00585,"2207.TW,2454.TW,2308.TW",2019,123,3
2019-02-19,0.027832987030286766,0.024604399804989185,0.01910400756987607,0.016790681663425917,0.5369503208708845,0.5369503208708846,0.5369503208708846,0.0031411593770946746,"2207.TW,2454.TW,2308.TW,5871.TW,2884.TW,5876.TW,2892.TW,5880.TW,2887.TW,2880.TW,2382.TW,2885.TW,2002.TW,3231.TW,2330.TW",2019,123,15
2019-02-22,0.025457124832787413,0.01945820065251569,0.0025857828550608364,0.008421894785661138,1.0,1.0,1.0,0.00585,"3037.TW,6669.TW,2615.TW,2886.TW,2880.TW",2019,123,5
2019-02-22,0.03796028954553343,0.03188822185169182,0.0025857828550608364,0.008421894785661138,1.0,1.0,1.0,0.00585,"3037.TW,6669.TW,2615.TW",2019,123,3
2019-02-22,0.0030865034008609976,-9.496559031574314e-05,0.0025857828550608364,0.008421894785661138,0.542167451509674,0.5421674515096743,0.5421674515096742,0.003171679591331594,"3037.TW,6669.TW,2615.TW,2886.TW,2880.TW,2609.TW,5880.TW,2887.TW,2892.TW,2308.TW,2357.TW,2382.TW,2883.TW,2327.TW,2884.TW",2019,123,15
2019-02-22,0.0012771826851240016,-0.0008258581533941989,0.0025857828550608364,0.008421894785661138,0.3590356063706773,0.3590356063706774,0.35903560637067733,0.0021003582972684625,"3037.TW,6669.TW,2615.TW,2886.TW,2880.TW,2609.TW,5880.TW,2887.TW,2892.TW,2308.TW,2357.TW,2382.TW,2883.TW,2327.TW,2884.TW,2891.TW,2002.TW,3034.TW,2395.TW,2379.TW",2019,123,20
2019-02-22,0.016215060557234307,0.013168224889533953,0.0025857828550608364,0.008421894785661138,0.5125161297823009,0.5125161297823009,0.5125161297823009,0.00299821935922646,"3037.TW,6669.TW,2615.TW,2886.TW,2880.TW,2609.TW,5880.TW,2887.TW,2892.TW,2308.TW",2019,123,10
2019-02-27,0.006381616495171283,0.0016213214284277466,-0.008381654235678826,-0.004956024936707873,0.8085656962501855,0.8085656962501854,0.8085656962501855,0.004730109323063584,"2327.TW,2357.TW,2615.TW,2887.TW,2892.TW",2019,123,5
2019-02-27,0.005423358804864589,0.0013956338132321555,-0.008381654235678826,-0.004956024936707873,0.6847861575327321,0.6847861575327323,0.6847861575327322,0.0040059990215664835,"2327.TW,2357.TW,2615.TW",2019,123,3
2019-02-27,0.005591703550399996,0.0023859244859081308,-0.008381654235678826,-0.004956024936707873,0.5449492267546387,0.544949226754639,0.5449492267546389,0.0031879529765146374,"2327.TW,2357.TW,2615.TW,2887.TW,2892.TW,2303.TW,2317.TW,2882.TW,2002.TW,1301.TW,2308.TW,5880.TW,1303.TW,2891.TW,3034.TW",2019,123,15
2019-02-27,0.0034046558848823626,0.0012872294962786857,-0.008381654235678826,-0.004956024936707873,0.3607250840409377,0.36072508404093795,0.36072508404093784,0.0021102417416394865,"2327.TW,2357.TW,2615.TW,2887.TW,2892.TW,2303.TW,2317.TW,2882.TW,2002.TW,1301.TW,2308.TW,5880.TW,1303.TW,2891.TW,3034.TW,2883.TW,2884.TW,2330.TW,3231.TW,2886.TW",2019,123,20
2019-02-27,0.007833815122586806,0.0036636430295762246,-0.008381654235678826,-0.004956024936707873,0.7073090024692662,0.7073090024692662,0.7073090024692662,0.004137757664445208,"2327.TW,2357.TW,2615.TW,2887.TW,2892.TW,2303.TW,2317.TW,2882.TW,2002.TW,1301.TW",2019,123,10
2019-03-06,0.004651292087677634,-0.0012259179710353285,-0.0006501973207629907,-0.0021617853066695524,1.0,1.0,1.0,0.00585,"2408.TW,2345.TW,5871.TW",2019,123,3
2019-03-06,-0.0010437691051877304,-0.004276633072868075,-0.0006501973207629907,-0.0021617853066695524,0.5532037362303475,0.5532037362303475,0.5532037362303475,0.0032362418569475324,"2408.TW,2345.TW,5871.TW,2382.TW,2330.TW,2609.TW,3231.TW,5880.TW,2002.TW,2884.TW,2880.TW,2892.TW,2887.TW,2886.TW,2891.TW,3017.TW,1101.TW,2885.TW,3045.TW,2618.TW",2019,123,20
2019-03-06,-0.0016440689024895669,-0.005555801737980093,-0.0006501973207629907,-0.0021617853066695524,0.6697734332443512,0.6697734332443515,0.6697734332443513,0.003918174584479456,"2408.TW,2345.TW,5871.TW,2382.TW,2330.TW,2609.TW,3231.TW,5880.TW,2002.TW,2884.TW,2880.TW,2892.TW,2887.TW,2886.TW,2891.TW",2019,123,15
2019-03-06,0.0018016676840941334,-0.004058872071857844,-0.0006501973207629907,-0.0021617853066695524,1.0,1.0000000000000002,1.0,0.005850000000000001,"2408.TW,2345.TW,5871.TW,2382.TW,2330.TW",2019,123,5
2019-03-06,-0.0011670212127685262,-0.006437266418894083,-0.0006501973207629907,-0.0021617853066695524,0.9019492102929525,0.9019492102929525,0.9019492102929525,0.005276402880213772,"2408.TW,2345.TW,5871.TW,2382.TW,2330.TW,2609.TW,3231.TW,5880.TW,2002.TW,2884.TW",2019,123,10
2019-03-11,0.005527049278861645,0.002758132611561992,0.00650620071276653,0.005360752935467423,0.4707174101052319,0.470717410105232,0.47071741010523194,0.002753696849115607,"5871.TW,1590.TW,3711.TW,2887.TW,2884.TW,2880.TW,1102.TW,5880.TW,2892.TW,2408.TW,5876.TW,1101.TW,2303.TW,2330.TW,6669.TW",2019,123,15
2019-03-11,0.005898808789794963,0.002348099342028398,0.00650620071276653,0.005360752935467423,0.6033995414412605,0.6033995414412605,0.6033995414412605,0.003529887317431374,"5871.TW,1590.TW,3711.TW,2887.TW,2884.TW,2880.TW,1102.TW,5880.TW,2892.TW,2408.TW",2019,123,10
2019-03-11,0.008680414316035426,0.004670804952119578,0.00650620071276653,0.005360752935467423,0.6795049257854873,0.6795049257854873,0.6795049257854873,0.0039751038158451005,"5871.TW,1590.TW,3711.TW",2019,123,3
2019-03-11,0.0077399784307907735,0.0029815689129415457,0.00650620071276653,0.005360752935467423,0.8071559666126167,0.8071559666126167,0.8071559666126167,0.004721862404683808,"5871.TW,1590.TW,3711.TW,2887.TW,2884.TW",2019,123,5
2019-03-11,0.0050754579735721285,0.0029915769224528876,0.00650620071276653,0.005360752935467423,0.3544201385789559,0.3544201385789559,0.3544201385789559,0.0020733578106868922,"5871.TW,1590.TW,3711.TW,2887.TW,2884.TW,2880.TW,1102.TW,5880.TW,2892.TW,2408.TW,5876.TW,1101.TW,2303.TW,2330.TW,6669.TW,2618.TW,2382.TW,3231.TW,1326.TW,2885.TW",2019,123,20
2019-03-14,0.01045855675837067,0.004547374201333998,0.012928071120454687,0.01643320271986619,1.0,1.0,1.0,0.00585,"5880.TW,2892.TW,2880.TW",2019,123,3
2019-03-14,0.017338549193744026,0.013762126277038433,0.012928071120454687,0.01643320271986619,0.6009350036136009,0.6009350036136006,0.6009350036136007,0.003515469771139564,"5880.TW,2892.TW,2880.TW,2884.TW,2886.TW,1326.TW,2883.TW,3045.TW,1301.TW,1303.TW",2019,123,10
2019-03-14,0.009903619921182055,0.0059560467843724485,0.012928071120454687,0.01643320271986619,0.6681814120616276,0.6681814120616278,0.6681814120616277,0.003908861260560522,"5880.TW,2892.TW,2880.TW,2884.TW,2886.TW,1326.TW,2883.TW,3045.TW,1301.TW,1303.TW,2885.TW,2618.TW,2603.TW,2327.TW,2303.TW",2019,123,15
2019-03-14,0.019439071816062106,0.014668096959963073,0.012928071120454687,0.01643320271986619,0.8,0.7999999999999998,0.7999999999999999,0.004679999999999999,"5880.TW,2892.TW,2880.TW,2884.TW,2886.TW",2019,123,5
2019-03-14,0.008145313032676618,0.005184094199956357,0.012928071120454687,0.01643320271986619,0.5021014797298605,0.5021014797298603,0.5021014797298604,0.002937293656419683,"5880.TW,2892.TW,2880.TW,2884.TW,2886.TW,1326.TW,2883.TW,3045.TW,1301.TW,1303.TW,2885.TW,2618.TW,2603.TW,2327.TW,2303.TW,2412.TW,1101.TW,2609.TW,2887.TW,4904.TW",2019,123,20
2019-03-19,-0.002878219732925946,-0.0052329662270477195,-0.003190770162634804,-0.001532835116933451,0.40368265561116606,0.4036826556111659,0.403682655611166,0.0023615435353253208,"2885.TW,2892.TW,1303.TW,2412.TW,5880.TW,2880.TW,1326.TW,3711.TW,2883.TW,2327.TW",2019,123,10
2019-03-19,-0.0009165445031875513,-0.002504879220452949,-0.003190770162634804,-0.001532835116933451,0.27175928756075884,0.2717592875607588,0.27175928756075884,0.001589791832230439,"2885.TW,2892.TW,1303.TW,2412.TW,5880.TW,2880.TW,1326.TW,3711.TW,2883.TW,2327.TW,1102.TW,2886.TW,2891.TW,1301.TW,3045.TW",2019,123,15
2019-03-19,0.0017815920084292669,-0.0017614888100384585,-0.003190770162634804,-0.001532835116933451,0.6045777299116227,0.6045777299116227,0.6045777299116227,0.003536779719982993,"2885.TW,2892.TW,1303.TW,2412.TW,5880.TW",2019,123,5
2019-03-19,0.0012378070366931464,-0.002682617097450324,-0.003190770162634804,-0.001532835116933451,0.669329470919483,0.669329470919483,0.669329470919483,0.003915577404878976,"2885.TW,2892.TW,1303.TW",2019,123,3
2019-03-19,-0.004250619276183853,-0.006311814422154227,-0.003190770162634804,-0.001532835116933451,0.3538451114447137,0.3538451114447135,0.3538451114447136,0.002069993901951574,"2885.TW,2892.TW,1303.TW,2412.TW,5880.TW,2880.TW,1326.TW,3711.TW,2883.TW,2327.TW,1102.TW,2886.TW,2891.TW,1301.TW,3045.TW,2887.TW,2615.TW,2382.TW,2454.TW,2207.TW",2019,123,20
2019-03-22,0.0033250252908351378,0.0012482572748500065,0.0025608375264913885,0.008349180487570393,0.35382659727110327,0.35382659727110316,0.3538265972711032,0.0020698855940359537,"2887.TW,2882.TW,2880.TW,2892.TW,2881.TW,3045.TW,5880.TW,2886.TW,2327.TW,2883.TW,2891.TW,1326.TW,2885.TW,2412.TW,4904.TW,3037.TW,2345.TW,1303.TW,3017.TW,3008.TW",2019,123,20
2019-03-22,-0.007299694508019527,-0.011947597491927753,0.0025608375264913885,0.008349180487570393,0.8003556825630767,0.8003556825630768,0.8003556825630767,0.004682080742994,"2887.TW,2882.TW,2880.TW,2892.TW,2881.TW",2019,123,5
2019-03-22,-0.005326244625346033,-0.01114508609428777,0.0025608375264913885,0.008349180487570393,1.0,1.0,1.0,0.00585,"2887.TW,2882.TW,2880.TW",2019,123,3
2019-03-22,-0.0019211031355323648,-0.004869838021886785,0.0025608375264913885,0.008349180487570393,0.5050274553586838,0.5050274553586839,0.5050274553586838,0.0029544106138483005,"2887.TW,2882.TW,2880.TW,2892.TW,2881.TW,3045.TW,5880.TW,2886.TW,2327.TW,2883.TW",2019,123,10
2019-03-22,-0.0010317787589651554,-0.002621778380204276,0.0025608375264913885,0.008349180487570393,0.2720755288008637,0.2720755288008638,0.2720755288008637,0.001591641843485053,"2887.TW,2882.TW,2880.TW,2892.TW,2881.TW,3045.TW,5880.TW,2886.TW,2327.TW,2883.TW,2891.TW,1326.TW,2885.TW,2412.TW,4904.TW",2019,123,15
2019-03-27,0.01311046547774632,0.011007035897117712,0.022988568067037418,0.019063044625263523,0.3549076081291125,0.35490760812911243,0.3549076081291125,0.002076209507555308,"6669.TW,2880.TW,2882.TW,2884.TW,5880.TW,2330.TW,2881.TW,1102.TW,2886.TW,2892.TW,5871.TW,9910.TW,4904.TW,2891.TW,2885.TW,2615.TW,2883.TW,2412.TW,2887.TW,3045.TW",2019,123,20
2019-03-27,0.015698329147242417,0.013296167403760606,0.022988568067037418,0.019063044625263523,0.40427942753577295,0.40427942753577306,0.404279427535773,0.0023650346510842722,"6669.TW,2880.TW,2882.TW,2884.TW,5880.TW,2330.TW,2881.TW,1102.TW,2886.TW,2892.TW,5871.TW,9910.TW,4904.TW,2891.TW,2885.TW",2019,123,15
2019-03-27,0.013840473125050724,0.010260381490097448,0.022988568067037418,0.019063044625263523,0.6036269928877775,0.6036269928877774,0.6036269928877775,0.0035312179083934986,"6669.TW,2880.TW,2882.TW,2884.TW,5880.TW",2019,123,5
2019-03-27,0.01769926636806625,0.015289419918298686,0.022988568067037418,0.019063044625263523,0.40477533754441025,0.40477533754441014,0.4047753375444102,0.0023679357246347995,"6669.TW,2880.TW,2882.TW,2884.TW,5880.TW,2330.TW,2881.TW,1102.TW,2886.TW,2892.TW",2019,123,10
2019-03-27,0.01422237099627351,0.012204918545305476,0.022988568067037418,0.019063044625263523,0.3400276672001929,0.340027667200193,0.34002766720019295,0.001989161853121129,"6669.TW,2880.TW,2882.TW",2019,123,3
2019-04-01,0.0057818162859334015,-0.00010200733933940498,0.010611683159176488,0.009848937179812152,1.0,1.0,1.0,0.00585,"3008.TW,1301.TW,5880.TW",2019,123,3
2019-04-01,-0.00430662611262856,-0.006662893709690532,0.010611683159176488,0.009848937179812152,0.4045229147704549,0.4045229147704549,0.4045229147704549,0.002366459051407161,"3008.TW,1301.TW,5880.TW,6669.TW,2308.TW,2880.TW,2395.TW,2886.TW,9910.TW,1303.TW,4904.TW,2892.TW,1216.TW,3045.TW,2615.TW,1326.TW,2883.TW,2303.TW,2887.TW,2884.TW",2019,123,20
2019-04-01,-0.0063887329974531525,-0.009886252989643962,0.010611683159176488,0.009848937179812152,0.6017108351995296,0.6017108351995295,0.6017108351995295,0.0035200083859172476,"3008.TW,1301.TW,5880.TW,6669.TW,2308.TW",2019,123,5
2019-04-01,-0.007188516617932995,-0.010695139615448102,0.010611683159176488,0.009848937179812152,0.6037628942163382,0.6037628942163383,0.6037628942163382,0.0035320129311655793,"3008.TW,1301.TW,5880.TW,6669.TW,2308.TW,2880.TW,2395.TW,2886.TW,9910.TW,1303.TW",2019,123,10
2019-04-01,-0.006872246265172821,-0.009995872318404375,0.010611683159176488,0.009848937179812152,0.5376480210975494,0.5376480210975496,0.5376480210975495,0.0031452409234206647,"3008.TW,1301.TW,5880.TW,6669.TW,2308.TW,2880.TW,2395.TW,2886.TW,9910.TW,1303.TW,4904.TW,2892.TW,1216.TW,3045.TW,2615.TW",2019,123,15
2019-04-08,0.008253857916778812,0.006737968839473973,0.002470805281731936,0.004142301799601494,0.2570050547946627,0.2570050547946627,0.2570050547946627,0.001503479570548777,"6669.TW,3034.TW,1303.TW,1216.TW,1326.TW,5880.TW,2886.TW,2892.TW,1301.TW,2884.TW,2412.TW,2881.TW,2880.TW,2882.TW,2615.TW,9910.TW,3045.TW,5876.TW,2887.TW,4904.TW",2019,123,20
2019-04-08,0.007692332034673222,0.004699230052165992,0.002470805281731936,0.004142301799601494,0.5077356929947727,0.507735692994773,0.5077356929947728,0.0029702538040194213,"6669.TW,3034.TW,1303.TW,1216.TW,1326.TW,5880.TW,2886.TW,2892.TW,1301.TW,2884.TW",2019,123,10
2019-04-08,0.013866165682071736,0.007935048612831563,0.002470805281731936,0.004142301799601494,1.0,1.0,1.0,0.00585,"6669.TW,3034.TW,1303.TW",2019,123,3
2019-04-08,0.010540473577047526,0.005718804489299956,0.002470805281731936,0.004142301799601494,0.8156199178831509,0.8156199178831508,0.8156199178831509,0.004771376519616432,"6669.TW,3034.TW,1303.TW,1216.TW,1326.TW",2019,123,5
2019-04-08,0.005938387923571167,0.0035483271669389804,0.002470805281731936,0.004142301799601494,0.40614554449946483,0.4061455444994648,0.40614554449946483,0.002375951435321869,"6669.TW,3034.TW,1303.TW,1216.TW,1326.TW,5880.TW,2886.TW,2892.TW,1301.TW,2884.TW,2412.TW,2881.TW,2880.TW,2882.TW,2615.TW",2019,123,15
2019-04-11,-0.006166524050224775,-0.010093485543116731,0.014171187293683385,0.009602626728369302,0.6754405895101299,0.6754405895101299,0.6754405895101299,0.00395132744863426,"1590.TW,2454.TW,1303.TW",2019,123,3
2019-04-11,0.0076511897070427725,0.004483680253473565,0.014171187293683385,0.009602626728369302,0.5373432919829711,0.5373432919829713,0.5373432919829713,0.003143458258100382,"1590.TW,2454.TW,1303.TW,2884.TW,2382.TW,1216.TW,2880.TW,5880.TW,2887.TW,2408.TW,2892.TW,3037.TW,2412.TW,2330.TW,2357.TW",2019,123,15
2019-04-11,-0.0012407175081395883,-0.005941924738605553,0.014171187293683385,0.009602626728369302,0.8046234780376804,0.8046234780376803,0.8046234780376804,0.00470704734652043,"1590.TW,2454.TW,1303.TW,2884.TW,2382.TW",2019,123,5
2019-04-11,0.0027710807425883393,-0.0007795273798378854,0.014171187293683385,0.009602626728369302,0.6052643230792292,0.6052643230792292,0.6052643230792292,0.0035407962900134904,"1590.TW,2454.TW,1303.TW,2884.TW,2382.TW,1216.TW,2880.TW,5880.TW,2887.TW,2408.TW",2019,123,10
2019-04-11,0.008425085423248952,0.005744981297161056,0.014171187293683385,0.009602626728369302,0.4543098580879221,0.45430985808792224,0.4543098580879222,0.002657712669814345,"1590.TW,2454.TW,1303.TW,2884.TW,2382.TW,1216.TW,2880.TW,5880.TW,2887.TW,2408.TW,2892.TW,3037.TW,2412.TW,2330.TW,2357.TW,4904.TW,2886.TW,3045.TW,1101.TW,2207.TW",2019,123,20
2019-04-16,0.002912047302170974,-4.442794019943186e-05,0.008505649191750342,0.000375956064891374,0.5039129649211264,0.5039129649211264,0.5039129649211264,0.0029478908447885897,"1590.TW,2886.TW,2887.TW,2892.TW,2884.TW,3034.TW,1301.TW,2379.TW,2308.TW,2880.TW,1101.TW,3017.TW,2618.TW,2881.TW,2382.TW,5876.TW,3045.TW,5871.TW,1102.TW,4904.TW",2019,123,20
2019-04-16,0.011099161353162114,0.007530151901395721,0.008505649191750342,0.000375956064891374,0.6033899632114658,0.6033899632114658,0.6033899632114658,0.0035298312847870748,"1590.TW,2886.TW,2887.TW,2892.TW,2884.TW,3034.TW,1301.TW,2379.TW,2308.TW,2880.TW",2019,123,10
2019-04-16,0.005288982884798732,0.001332989441323651,0.008505649191750342,0.000375956064891374,0.6726804003414693,0.6726804003414693,0.6726804003414693,0.003935180341997595,"1590.TW,2886.TW,2887.TW",2019,123,3
2019-04-16,0.00719102074854503,0.0036288132759305647,0.008505649191750342,0.000375956064891374,0.6045768297661189,0.6045768297661188,0.6045768297661189,0.0035367744541317954,"1590.TW,2886.TW,2887.TW,2892.TW,2884.TW",2019,123,5
2019-04-16,0.00487800165150826,0.0013270910682365855,0.008505649191750342,0.000375956064891374,0.6040467211941415,0.6040467211941417,0.6040467211941416,0.0035336733189857287,"1590.TW,2886.TW,2887.TW,2892.TW,2884.TW,3034.TW,1301.TW,2379.TW,2308.TW,2880.TW,1101.TW,3017.TW,2618.TW,2881.TW,2382.TW",2019,123,15
2019-04-19,-0.019670093933260763,-0.02540502388375121,0.0012046310258551074,-0.0009448254388424271,1.0,1.0,1.0,0.00585,"2317.TW,3017.TW,2308.TW",2019,123,3
2019-04-19,-0.010336862698597262,-0.016126392051810434,0.0012046310258551074,-0.0009448254388424271,1.0,1.0,1.0,0.00585,"2317.TW,3017.TW,2308.TW,3008.TW,1101.TW",2019,123,5
2019-04-19,-0.0034133538094535134,-0.008100791276045682,0.0012046310258551074,-0.0009448254388424271,0.804015752040721,0.804015752040721,0.804015752040721,0.004703492149438218,"2317.TW,3017.TW,2308.TW,3008.TW,1101.TW,4904.TW,6669.TW,3045.TW,2886.TW,9910.TW",2019,123,10
2019-04-19,-0.0014677634921958452,-0.004121518960510939,0.0012046310258551074,-0.0009448254388424271,0.45430021866266135,0.45430021866266135,0.45430021866266135,0.002657656279176569,"2317.TW,3017.TW,2308.TW,3008.TW,1101.TW,4904.TW,6669.TW,3045.TW,2886.TW,9910.TW,2887.TW,2884.TW,5876.TW,2412.TW,5880.TW,3231.TW,1102.TW,2892.TW,2885.TW,2395.TW",2019,123,20
2019-04-19,-0.0009433422268255349,-0.004477604634515742,0.0012046310258551074,-0.0009448254388424271,0.6047178760257454,0.6047178760257456,0.6047178760257454,0.0035375995747506115,"2317.TW,3017.TW,2308.TW,3008.TW,1101.TW,4904.TW,6669.TW,3045.TW,2886.TW,9910.TW,2887.TW,2884.TW,5876.TW,2412.TW,5880.TW",2019,123,15
2019-04-24,0.007355503341760642,0.003414788424873416,-0.0036102022390522848,0.0029680899878364044,0.6687077990684736,0.6687077990684737,0.6687077990684736,0.003911940624550571,"3711.TW,3045.TW,2884.TW,4904.TW,2412.TW,2357.TW,2892.TW,2317.TW,1303.TW,2327.TW,2603.TW,3231.TW,5871.TW,2330.TW,2880.TW",2019,123,15
2019-04-24,0.009207058232234699,0.005057697939630623,-0.0036102022390522848,0.0029680899878364044,0.7028214397871153,0.7028214397871156,0.7028214397871155,0.004111505422754626,"3711.TW,3045.TW,2884.TW,4904.TW,2412.TW,2357.TW,2892.TW,2317.TW,1303.TW,2327.TW",2019,123,10
2019-04-24,0.018318826955981783,0.012361661818289127,-0.0036102022390522848,0.0029680899878364044,1.0,1.0,1.0,0.00585,"3711.TW,3045.TW,2884.TW",2019,123,3
2019-04-24,0.013233112156117532,0.007305698450004172,-0.0036102022390522848,0.0029680899878364044,1.0,1.0000000000000002,1.0,0.005850000000000001,"3711.TW,3045.TW,2884.TW,4904.TW,2412.TW",2019,123,5
2019-04-24,0.006627173267093644,0.0036703365303765167,-0.0036102022390522848,0.0029680899878364044,0.5021145769154693,0.5021145769154698,0.5021145769154696,0.0029373702749554975,"3711.TW,3045.TW,2884.TW,4904.TW,2412.TW,2357.TW,2892.TW,2317.TW,1303.TW,2327.TW,2603.TW,3231.TW,5871.TW,2330.TW,2880.TW,2887.TW,2609.TW,2885.TW,1301.TW,1101.TW",2019,123,20
2019-04-29,0.009231536306188604,0.0056672751901998275,-0.0024154331906788284,0.005802319032884335,0.6037023046985703,0.6037023046985702,0.6037023046985703,0.003531658482486636,"3037.TW,3711.TW,2330.TW,2379.TW,2327.TW,2408.TW,3231.TW,3045.TW,4904.TW,2345.TW",2019,123,10
2019-04-29,0.0063726575146765725,0.0031977086467838145,-0.0024154331906788284,0.005802319032884335,0.5392895943180714,0.5392895943180718,0.5392895943180716,0.0031548441267607195,"3037.TW,3711.TW,2330.TW,2379.TW,2327.TW,2408.TW,3231.TW,3045.TW,4904.TW,2345.TW,1590.TW,2885.TW,5880.TW,1303.TW,2454.TW",2019,123,15
2019-04-29,-0.0031736495022782014,-0.007098902209049518,-0.0024154331906788284,0.005802319032884335,0.6731196144081018,0.6731196144081019,0.6731196144081018,0.0039377497442873955,"3037.TW,3711.TW,2330.TW",2019,123,3
2019-04-29,0.006403660265199335,0.004012674264944671,-0.0024154331906788284,0.005802319032884335,0.4061149335360958,0.40611493353609585,0.40611493353609585,0.002375772361186161,"3037.TW,3711.TW,2330.TW,2379.TW,2327.TW,2408.TW,3231.TW,3045.TW,4904.TW,2345.TW,1590.TW,2885.TW,5880.TW,1303.TW,2454.TW,2412.TW,2615.TW,2357.TW,2609.TW,2880.TW",2019,123,20
2019-04-29,0.0013494891037955092,-0.0033537402582979325,-0.0024154331906788284,0.005802319032884335,0.8028873434055878,0.8028873434055877,0.8028873434055877,0.004696890958922688,"3037.TW,3711.TW,2330.TW,2379.TW,2327.TW",2019,123,5
2019-05-03,-0.0075987690501469795,-0.01340431625120364,-0.005448186692232904,0.002141747306595623,1.0,1.0,1.0,0.00585,"1301.TW,5880.TW,4904.TW,2412.TW,3045.TW",2019,123,5
2019-05-03,-0.011202649651628316,-0.01698711415116627,-0.005448186692232904,0.002141747306595623,1.0,1.0,1.0,0.00585,"1301.TW,5880.TW,4904.TW",2019,123,3
2019-05-03,-0.0024719516687197116,-0.006760464034765712,-0.005448186692232904,0.002141747306595623,0.7348956634926487,0.7348956634926488,0.7348956634926487,0.004299139631431996,"1301.TW,5880.TW,4904.TW,2412.TW,3045.TW,2892.TW,2880.TW,9910.TW,2884.TW,1326.TW,2886.TW,2615.TW,2382.TW,2882.TW,1303.TW",2019,123,15
2019-05-03,-0.0078769503393998,-0.011371259111428222,-0.005448186692232904,0.002141747306595623,0.602060136605641,0.6020601366056407,0.6020601366056408,0.0035220517991429987,"1301.TW,5880.TW,4904.TW,2412.TW,3045.TW,2892.TW,2880.TW,9910.TW,2884.TW,1326.TW,2886.TW,2615.TW,2382.TW,2882.TW,1303.TW,2308.TW,2881.TW,2603.TW,2357.TW,2887.TW",2019,123,20
2019-05-03,-0.0010801753794170803,-0.005758379742389352,-0.005448186692232904,0.002141747306595623,0.8005577963209313,0.8005577963209313,0.8005577963209313,0.0046832631084774475,"1301.TW,5880.TW,4904.TW,2412.TW,3045.TW,2892.TW,2880.TW,9910.TW,2884.TW,1326.TW",2019,123,10
2019-05-08,-0.016875754173086583,-0.020716800747366038,-0.03104037774755508,-0.04294407996649231,0.6678597957313297,0.6678597957313298,0.6678597957313297,0.003906979805028279,"2891.TW,2603.TW,5880.TW",2019,123,3
2019-05-08,-0.019979006230074446,-0.021913298971879436,-0.03104037774755508,-0.04294407996649231,0.337389029453883,0.33738902945388305,0.33738902945388305,0.001973725822305216,"2891.TW,2603.TW,5880.TW,1301.TW,2884.TW,3711.TW,2892.TW,4904.TW,2357.TW,2880.TW,1303.TW,1326.TW,3045.TW,2412.TW,2345.TW",2019,123,15
2019-05-08,-0.02702856002113682,-0.029048686258022816,-0.03104037774755508,-0.04294407996649231,0.3549135257880828,0.354913525788083,0.3549135257880829,0.0020762441258602854,"2891.TW,2603.TW,5880.TW,1301.TW,2884.TW,3711.TW,2892.TW,4904.TW,2357.TW,2880.TW,1303.TW,1326.TW,3045.TW,2412.TW,2345.TW,2330.TW,2207.TW,3017.TW,2885.TW,2615.TW",2019,123,20
2019-05-08,-0.01447133974022441,-0.017945788592665712,-0.03104037774755508,-0.04294407996649231,0.6026439460448076,0.6026439460448076,0.6026439460448076,0.003525467084362125,"2891.TW,2603.TW,5880.TW,1301.TW,2884.TW",2019,123,5
2019-05-08,-0.018364394632090324,-0.020680883501175584,-0.03104037774755508,-0.04294407996649231,0.4033889980121957,0.4033889980121957,0.4033889980121957,0.002359825638371345,"2891.TW,2603.TW,5880.TW,1301.TW,2884.TW,3711.TW,2892.TW,4904.TW,2357.TW,2880.TW",2019,123,10
2019-05-13,0.01593050965853173,0.011175954873329896,-0.0012566045135491422,0.009061628902959784,0.7999999999999999,0.8,0.8,0.00468,"2379.TW,2886.TW,3034.TW,2454.TW,2207.TW,2408.TW,3231.TW,1101.TW,2880.TW,2303.TW,5871.TW,2891.TW,1590.TW,3008.TW,4904.TW",2019,123,15
2019-05-13,0.013371705112397455,0.009188605288372509,-0.0012566045135491422,0.009061628902959784,0.7056243976136213,0.7056243976136211,0.7056243976136212,0.004127902726039683,"2379.TW,2886.TW,3034.TW,2454.TW,2207.TW,2408.TW,3231.TW,1101.TW,2880.TW,2303.TW,5871.TW,2891.TW,1590.TW,3008.TW,4904.TW,5876.TW,3017.TW,2317.TW,2327.TW,2884.TW",2019,123,20
2019-05-13,0.015406857078988551,0.009466726965076333,-0.0012566045135491422,0.009061628902959784,1.0,0.9999999999999999,1.0,0.005849999999999999,"2379.TW,2886.TW,3034.TW",2019,123,3
2019-05-13,0.02317524525116566,0.01778822758491838,-0.0012566045135491422,0.009061628902959784,0.8999999999999999,0.8999999999999999,0.8999999999999999,0.005265,"2379.TW,2886.TW,3034.TW,2454.TW,2207.TW,2408.TW,3231.TW,1101.TW,2880.TW,2303.TW",2019,123,10
2019-05-13,0.029743148451090697,0.023719151032651764,-0.0012566045135491422,0.009061628902959784,1.0,0.9999999999999999,1.0,0.005849999999999999,"2379.TW,2886.TW,3034.TW,2454.TW,2207.TW",2019,123,5
2019-05-16,0.002734165876281206,0.0007788342528223247,-0.016351808102944454,0.0009173924748712902,0.3333333333333333,0.3333333333333334,0.33333333333333337,0.0019500000000000003,"2379.TW,1216.TW,2886.TW",2019,123,3
2019-05-16,-0.008221922975435282,-0.011727995966930194,-0.016351808102944454,0.0009173924748712902,0.6042972015401853,0.6042972015401853,0.6042972015401853,0.003535138629010084,"2379.TW,1216.TW,2886.TW,2880.TW,2884.TW,5876.TW,3045.TW,3017.TW,3034.TW,4904.TW",2019,123,10
2019-05-16,-0.0034467199660983393,-0.006954502513554783,-0.016351808102944454,0.0009173924748712902,0.6016948218390661,0.6016948218390662,0.6016948218390661,0.0035199147077585374,"2379.TW,1216.TW,2886.TW,2880.TW,2884.TW,5876.TW,3045.TW,3017.TW,3034.TW,4904.TW,9910.TW,2345.TW,3037.TW,2912.TW,2207.TW",2019,123,15
2019-05-16,-0.002382143340190206,-0.004451018682700036,-0.016351808102944454,0.0009173924748712902,0.3544983706352578,0.3544983706352579,0.35449837063525785,0.0020738154682162584,"2379.TW,1216.TW,2886.TW,2880.TW,2884.TW,5876.TW,3045.TW,3017.TW,3034.TW,4904.TW,9910.TW,2345.TW,3037.TW,2912.TW,2207.TW,1101.TW,1590.TW,2317.TW,2412.TW,2303.TW",2019,123,20
2019-05-16,0.014104112826194082,0.010514550076451634,-0.016351808102944454,0.0009173924748712902,0.6050665432480924,0.6050665432480923,0.6050665432480924,0.0035396392780013405,"2379.TW,1216.TW,2886.TW,2880.TW,2884.TW",2019,123,5
2019-05-21,-0.021521902581510433,-0.026176928407611655,-0.008951634958116239,-0.013192051972830321,0.8132332369462683,0.813233236946268,0.8132332369462681,0.004757414436135669,"2379.TW,9910.TW,3034.TW,2412.TW,4904.TW",2019,123,5
2019-05-21,-0.015005377132222306,-0.018182113159340152,-0.008951634958116239,-0.013192051972830321,0.5513043288767564,0.5513043288767564,0.5513043288767564,0.0032251303239290248,"2379.TW,9910.TW,3034.TW,2412.TW,4904.TW,2891.TW,1101.TW,1301.TW,3711.TW,2886.TW,2880.TW,2885.TW,2395.TW,3037.TW,2887.TW",2019,123,15
2019-05-21,-0.019315586652671392,-0.022844832412285743,-0.008951634958116239,-0.013192051972830321,0.6151722870552897,0.6151722870552897,0.6151722870552897,0.003598757879273445,"2379.TW,9910.TW,3034.TW,2412.TW,4904.TW,2891.TW,1101.TW,1301.TW,3711.TW,2886.TW",2019,123,10
2019-05-21,-0.014674772956969442,-0.01767174783246661,-0.008951634958116239,-0.013192051972830321,0.5199333006608532,0.5199333006608532,0.5199333006608532,0.0030416098088659914,"2379.TW,9910.TW,3034.TW,2412.TW,4904.TW,2891.TW,1101.TW,1301.TW,3711.TW,2886.TW,2880.TW,2885.TW,2395.TW,3037.TW,2887.TW,2618.TW,1303.TW,2892.TW,3017.TW,2330.TW",2019,123,20
2019-05-21,-0.035695544230118295,-0.03956083917850395,-0.008951634958116239,-0.013192051972830321,0.6851924983419229,0.685192498341923,0.6851924983419229,0.0040083761153002495,"2379.TW,9910.TW,3034.TW",2019,123,3
2019-05-24,0.0019908660603685123,-0.0009636405262544168,-0.009677219789462344,-0.004464668390787074,0.5040403840674808,0.5040403840674808,0.5040403840674808,0.0029486362467947627,"1102.TW,9910.TW,2412.TW,3045.TW,2886.TW,4904.TW,1101.TW,2880.TW,2207.TW,1216.TW",2019,123,10
2019-05-24,-0.004452305785758038,-0.00799121990988172,-0.009677219789462344,-0.004464668390787074,0.6076480201159393,0.6076480201159392,0.6076480201159393,0.0035547409176782444,"1102.TW,9910.TW,2412.TW,3045.TW,2886.TW",2019,123,5
2019-05-24,-0.0008743903886109626,-0.0029513328257920746,-0.009677219789462344,-0.004464668390787074,0.35534360427688205,0.35534360427688205,0.35534360427688205,0.00207876008501976,"1102.TW,9910.TW,2412.TW,3045.TW,2886.TW,4904.TW,1101.TW,2880.TW,2207.TW,1216.TW,2892.TW,2618.TW,2884.TW,2887.TW,2891.TW,1303.TW,2912.TW,2379.TW,5880.TW,3017.TW",2019,123,20
2019-05-24,0.0013376144635566616,-0.0014134556267317855,-0.009677219789462344,-0.004464668390787074,0.4696401939861485,0.4696401939861485,0.4696401939861485,0.0027473951348189686,"1102.TW,9910.TW,2412.TW,3045.TW,2886.TW,4904.TW,1101.TW,2880.TW,2207.TW,1216.TW,2892.TW,2618.TW,2884.TW,2887.TW,2891.TW",2019,123,15
2019-05-24,-0.007202242436989007,-0.011120817694111995,-0.009677219789462344,-0.004464668390787074,0.6747012865327018,0.674701286532702,0.6747012865327019,0.0039470025262163064,"1102.TW,9910.TW,2412.TW",2019,123,3
2019-05-29,0.019409899283113246,0.015434200675909171,0.02214947515360355,0.015341234665145254,0.6666666666666666,0.6666666666666667,0.6666666666666667,0.0039000000000000003,"5876.TW,2880.TW,2412.TW",2019,123,3
2019-05-29,0.012996265848092272,0.011207235705976482,0.02214947515360355,0.015341234665145254,0.301893628457103,0.30189362845710305,0.301893628457103,0.0017660777264740528,"5876.TW,2880.TW,2412.TW,2892.TW,1216.TW,3045.TW,2886.TW,1101.TW,2884.TW,4904.TW",2019,123,10
2019-05-29,0.010184830746517512,0.008597050614758572,0.02214947515360355,0.015341234665145254,0.26867895743169534,0.2686789574316954,0.26867895743169534,0.001571771900975418,"5876.TW,2880.TW,2412.TW,2892.TW,1216.TW,3045.TW,2886.TW,1101.TW,2884.TW,4904.TW,9910.TW,5880.TW,2912.TW,2207.TW,1303.TW",2019,123,15
2019-05-29,0.002825768860564842,0.0013496210554078125,0.02214947515360355,0.015341234665145254,0.2516219327243682,0.2516219327243682,0.2516219327243682,0.0014719883064375542,"5876.TW,2880.TW,2412.TW,2892.TW,1216.TW,3045.TW,2886.TW,1101.TW,2884.TW,4904.TW,9910.TW,5880.TW,2912.TW,2207.TW,1303.TW,2408.TW,2395.TW,6669.TW,2891.TW,2615.TW",2019,123,20
2019-05-29,0.014101910750506399,0.009355913808194005,0.02214947515360355,0.015341234665145254,0.8,0.7999999999999999,0.8,0.00468,"5876.TW,2880.TW,2412.TW,2892.TW,1216.TW",2019,123,5
2019-06-03,0.022498773820488104,0.018893376860811717,0.0025497047606664047,0.007449096214449136,0.6027461238818539,0.602746123881854,0.6027461238818539,0.0035260648247088457,"2615.TW,2892.TW,2412.TW,5880.TW,6669.TW,3045.TW,2618.TW,2395.TW,2886.TW,1303.TW",2019,123,10
2019-06-03,0.017045362361216555,0.016097897022435248,0.0025497047606664047,0.007449096214449136,0.15924548989158172,0.1592454898915817,0.15924548989158172,0.000931586115865753,"2615.TW,2892.TW,2412.TW,5880.TW,6669.TW,3045.TW,2618.TW,2395.TW,2886.TW,1303.TW,1216.TW,4904.TW,2884.TW,1301.TW,2880.TW,2887.TW,9910.TW,2912.TW,2891.TW,5876.TW",2019,123,20
2019-06-03,0.03482101892809224,0.0311684611937304,0.0025497047606664047,0.007449096214449136,0.6033592592923671,0.6033592592923671,0.6033592592923671,0.0035296516668603473,"2615.TW,2892.TW,2412.TW,5880.TW,6669.TW",2019,123,5
2019-06-03,0.01858650021825771,0.016585519671231896,0.0025497047606664047,0.007449096214449136,0.3358064893686107,0.33580648936861085,0.3358064893686108,0.0019644679628063734,"2615.TW,2892.TW,2412.TW,5880.TW,6669.TW,3045.TW,2618.TW,2395.TW,2886.TW,1303.TW,1216.TW,4904.TW,2884.TW,1301.TW,2880.TW",2019,123,15
2019-06-03,0.009684041580301598,0.00572603030136265,0.0025497047606664047,0.007449096214449136,0.6700939073435528,0.6700939073435528,0.6700939073435528,0.003920049357959784,"2615.TW,2892.TW,2412.TW",2019,123,3
2019-06-06,-0.0033486592098281595,-0.004843350971702964,0.009535918441822666,0.003767227702121041,0.2563613320132342,0.25636133201323397,0.2563613320132341,0.0014997137922774192,"1303.TW,4904.TW,2887.TW,3045.TW,1101.TW,1216.TW,2412.TW,3034.TW,2454.TW,5880.TW,2892.TW,2884.TW,2891.TW,2615.TW,2912.TW,1301.TW,1326.TW,2395.TW,2618.TW,2885.TW",2019,123,20
2019-06-06,-0.0004407234290536139,-0.006288145196993722,0.009535918441822666,0.003767227702121041,1.0,0.9999999999999999,1.0,0.005849999999999999,"1303.TW,4904.TW,2887.TW,3045.TW,1101.TW",2019,123,5
2019-06-06,0.0006831899321317002,-0.00286378526007236,0.009535918441822666,0.003767227702121041,0.6059065963894452,0.6059065963894452,0.6059065963894452,0.0035445535888782545,"1303.TW,4904.TW,2887.TW,3045.TW,1101.TW,1216.TW,2412.TW,3034.TW,2454.TW,5880.TW",2019,123,10
2019-06-06,-0.008402213757101113,-0.014203060806622148,0.009535918441822666,0.003767227702121041,1.0,1.0,1.0,0.00585,"1303.TW,4904.TW,2887.TW",2019,123,3
2019-06-06,-0.006805579608947179,-0.00916067191427472,0.009535918441822666,0.003767227702121041,0.4053384443038401,0.40533844430384014,0.40533844430384014,0.002371229899177465,"1303.TW,4904.TW,2887.TW,3045.TW,1101.TW,1216.TW,2412.TW,3034.TW,2454.TW,5880.TW,2892.TW,2884.TW,2891.TW,2615.TW,2912.TW",2019,123,15
2019-06-12,0.013733560084912073,0.007803218758415165,-0.007556789726272273,0.0012201174611299347,1.0,1.0,1.0,0.00585,"2884.TW,2880.TW,2886.TW",2019,123,3
2019-06-12,0.004074502252215766,0.0016760624867588891,-0.007556789726272273,0.0012201174611299347,0.40832597837835144,0.4083259783783515,0.4083259783783515,0.0023887069735133563,"2884.TW,2880.TW,2886.TW,2892.TW,5876.TW,2412.TW,5880.TW,1303.TW,1216.TW,2885.TW,2887.TW,1101.TW,4904.TW,9910.TW,2618.TW",2019,123,15
2019-06-12,0.0031268555320078375,0.001907750177656542,-0.007556789726272273,0.0012201174611299347,0.20774449065705883,0.20774449065705866,0.20774449065705874,0.0012153052703437934,"2884.TW,2880.TW,2886.TW,2892.TW,5876.TW,2412.TW,5880.TW,1303.TW,1216.TW,2885.TW,2887.TW,1101.TW,4904.TW,9910.TW,2618.TW,3045.TW,1301.TW,2912.TW,2395.TW,2891.TW",2019,123,20
2019-06-12,0.00689307002279147,0.0010027455631580473,-0.007556789726272273,0.0012201174611299347,1.0,1.0,1.0,0.00585,"2884.TW,2880.TW,2886.TW,2892.TW,5876.TW",2019,123,5
2019-06-12,0.005394587793149985,0.0018357523750700544,-0.007556789726272273,0.0012201174611299347,0.6050837572637517,0.6050837572637517,0.6050837572637517,0.0035397399799929475,"2884.TW,2880.TW,2886.TW,2892.TW,5876.TW,2412.TW,5880.TW,1303.TW,1216.TW,2885.TW",2019,123,10
2019-06-17,0.029439649251718082,0.02341742730359564,0.029188006316960502,0.02915449374377037,1.0,1.0,1.0,0.00585,"5876.TW,2454.TW,3045.TW",2019,123,3
2019-06-17,0.023455408902711045,0.019837355943191692,0.029188006316960502,0.02915449374377037,0.604296568263679,0.6042965682636791,0.604296568263679,0.0035351349243425228,"5876.TW,2454.TW,3045.TW,2886.TW,2412.TW,3034.TW,1216.TW,4904.TW,3231.TW,3017.TW,1301.TW,1326.TW,2382.TW,2891.TW,1303.TW",2019,123,15
2019-06-17,0.022465434662773513,0.01883438185190811,0.029188006316960502,0.02915449374377037,0.607055033001529,0.6070550330015292,0.6070550330015291,0.003551271943058945,"5876.TW,2454.TW,3045.TW,2886.TW,2412.TW",2019,123,5
2019-06-17,0.023525200543058684,0.020806289204756245,0.029188006316960502,0.02915449374377037,0.4540886425600196,0.45408864256001985,0.4540886425600197,0.002656418558976116,"5876.TW,2454.TW,3045.TW,2886.TW,2412.TW,3034.TW,1216.TW,4904.TW,3231.TW,3017.TW,1301.TW,1326.TW,2382.TW,2891.TW,1303.TW,2330.TW,2395.TW,2345.TW,2887.TW,2303.TW",2019,123,20
2019-06-17,0.031514519161906576,0.027857410038378605,0.029188006316960502,0.02915449374377037,0.6060475612410031,0.6060475612410031,0.6060475612410031,0.003545378233259868,"5876.TW,2454.TW,3045.TW,2886.TW,2412.TW,3034.TW,1216.TW,4904.TW,3231.TW,3017.TW",2019,123,10
2019-06-20,0.003147120800593947,-0.002721289856089548,-0.006165378108562436,-0.00797756379111144,1.0,0.9999999999999998,0.9999999999999999,0.005849999999999999,"2615.TW,1326.TW,1301.TW",2019,123,3
2019-06-20,0.006057516339217161,0.003259527272635676,-0.006165378108562436,-0.00797756379111144,0.47540893195702566,0.4754089319570258,0.4754089319570257,0.0027811422519486008,"2615.TW,1326.TW,1301.TW,4904.TW,1303.TW,3045.TW,2891.TW,2412.TW,2881.TW,2887.TW,2002.TW,2303.TW,2395.TW,5880.TW,3231.TW",2019,123,15
2019-06-20,0.003960696553240633,0.0018473084488652702,-0.006165378108562436,-0.00797756379111144,0.3598377158240419,0.35983771582404184,0.3598377158240419,0.002105050637570645,"2615.TW,1326.TW,1301.TW,4904.TW,1303.TW,3045.TW,2891.TW,2412.TW,2881.TW,2887.TW,2002.TW,2303.TW,2395.TW,5880.TW,3231.TW,1101.TW,2880.TW,1102.TW,1216.TW,2886.TW",2019,123,20
2019-06-20,0.004415497626802123,0.00026118302420452544,-0.006165378108562436,-0.00797756379111144,0.7070174145910298,0.70701741459103,0.70701741459103,0.004136051875357525,"2615.TW,1326.TW,1301.TW,4904.TW,1303.TW,3045.TW,2891.TW,2412.TW,2881.TW,2887.TW",2019,123,10
2019-06-20,0.004693755623753249,-0.0011837028466458177,-0.006165378108562436,-0.00797756379111144,1.0,1.0,1.0,0.00585,"2615.TW,1326.TW,1301.TW,4904.TW,1303.TW",2019,123,5
2019-06-25,0.00932914709107704,0.0061674233269810586,0.017989944317478024,0.020369301195888482,0.5354701211768077,0.5354701211768076,0.5354701211768076,0.0031325002088843246,"1326.TW,2308.TW,2379.TW,2382.TW,2207.TW,2357.TW,2885.TW,1101.TW,3045.TW,1303.TW,2887.TW,2881.TW,1301.TW,4904.TW,2618.TW",2019,123,15
2019-06-25,0.02265344393011153,0.01784201117446038,0.017989944317478024,0.020369301195888482,0.8042481474050149,0.8042481474050148,0.8042481474050149,0.004704851662319337,"1326.TW,2308.TW,2379.TW,2382.TW,2207.TW",2019,123,5
2019-06-25,0.0163951705222956,0.013409624935770026,0.017989944317478024,0.020369301195888482,0.502117372958495,0.5021173729584949,0.5021173729584949,0.0029373866318071953,"1326.TW,2308.TW,2379.TW,2382.TW,2207.TW,2357.TW,2885.TW,1101.TW,3045.TW,1303.TW,2887.TW,2881.TW,1301.TW,4904.TW,2618.TW,2317.TW,3034.TW,5871.TW,5880.TW,3231.TW",2019,123,20
2019-06-25,0.03743617368494556,0.03335025536182079,0.017989944317478024,0.020369301195888482,0.6732439009926354,0.6732439009926356,0.6732439009926355,0.003938476820806919,"1326.TW,2308.TW,2379.TW",2019,123,3
2019-06-25,0.01289059023048348,0.00873037792371778,0.017989944317478024,0.020369301195888482,0.7020969586696693,0.7020969586696694,0.7020969586696693,0.004107267208217566,"1326.TW,2308.TW,2379.TW,2382.TW,2207.TW,2357.TW,2885.TW,1101.TW,3045.TW,1303.TW",2019,123,10
2019-06-28,0.004741010406680214,0.0014694960588830241,-0.0030467409004836243,-0.0014869356423603786,0.5565944019935227,0.5565944019935225,0.5565944019935226,0.003256077251662107,"5876.TW,2885.TW,2207.TW,2603.TW,2882.TW,1102.TW,9910.TW,2382.TW,3045.TW,1301.TW,6669.TW,2002.TW,2357.TW,5871.TW,2615.TW,5880.TW,2412.TW,2884.TW,2883.TW,1303.TW",2019,123,20
2019-06-28,-0.005493667819383096,-0.011311529862639724,-0.0030467409004836243,-0.0014869356423603786,1.0,0.9999999999999999,1.0,0.005849999999999999,"5876.TW,2885.TW,2207.TW",2019,123,3
2019-06-28,0.006796436030517516,0.0032420961044228314,-0.0030467409004836243,-0.0014869356423603786,0.6034779750925612,0.6034779750925614,0.6034779750925613,0.0035303461542914843,"5876.TW,2885.TW,2207.TW,2603.TW,2882.TW,1102.TW,9910.TW,2382.TW,3045.TW,1301.TW,6669.TW,2002.TW,2357.TW,5871.TW,2615.TW",2019,123,15
2019-06-28,0.011445101601218345,0.0066672435398877905,-0.0030467409004836243,-0.0014869356423603786,0.8074861131254063,0.8074861131254061,0.8074861131254062,0.004723793761783626,"5876.TW,2885.TW,2207.TW,2603.TW,2882.TW",2019,123,5
2019-06-28,0.003804142001879685,0.00024694448731588103,-0.0030467409004836243,-0.0014869356423603786,0.6057635406791992,0.605763540679199,0.6057635406791991,0.0035437167129733146,"5876.TW,2885.TW,2207.TW,2603.TW,2882.TW,1102.TW,9910.TW,2382.TW,3045.TW,1301.TW",2019,123,10
2019-07-03,0.003632193644491373,-0.00031736707152540955,-0.0006113175351928346,0.0006268268629640605,0.6726952246149657,0.6726952246149658,0.6726952246149658,0.0039352670639975496,"2345.TW,2207.TW,2881.TW,2883.TW,2885.TW,1303.TW,2317.TW,2408.TW,1101.TW,1301.TW,3231.TW,2892.TW,2382.TW,3045.TW,2891.TW",2019,123,15
2019-07-03,-0.002905343906024667,-0.006818184443593389,-0.0006113175351928346,0.0006268268629640605,0.6708105657428884,0.6708105657428884,0.6708105657428884,0.0039242418095958975,"2345.TW,2207.TW,2881.TW",2019,123,3
2019-07-03,-0.0016567031851528308,-0.005202231187646511,-0.0006113175351928346,0.0006268268629640605,0.6070789123872116,0.6070789123872118,0.6070789123872117,0.0035514116374651887,"2345.TW,2207.TW,2881.TW,2883.TW,2885.TW",2019,123,5
2019-07-03,0.0003085100428020678,-0.002938704814864468,-0.0006113175351928346,0.0006268268629640605,0.5549082680754239,0.5549082680754239,0.5549082680754239,0.0032462133682412304,"2345.TW,2207.TW,2881.TW,2883.TW,2885.TW,1303.TW,2317.TW,2408.TW,1101.TW,1301.TW,3231.TW,2892.TW,2382.TW,3045.TW,2891.TW,3037.TW,2330.TW,2882.TW,2379.TW,2357.TW",2019,123,20
2019-07-03,0.0046646512282027324,0.0005131201203045777,-0.0006113175351928346,0.0006268268629640605,0.7063684746745983,0.7063684746745983,0.7063684746745983,0.0041322555768464,"2345.TW,2207.TW,2881.TW,2883.TW,2885.TW,1303.TW,2317.TW,2408.TW,1101.TW,1301.TW",2019,123,10
2019-07-08,0.02202322610161478,0.016044390228920236,0.013455606425972544,0.009213223609721544,1.0,1.0,1.0,0.00585,"2303.TW,2882.TW,2603.TW",2019,123,3
2019-07-08,0.0024923406781981626,-0.0010487637786189552,0.013455606425972544,0.009213223609721544,0.6038120957171865,0.6038120957171867,0.6038120957171866,0.003532300759945542,"2303.TW,2882.TW,2603.TW,2885.TW,2379.TW,3045.TW,2881.TW,1101.TW,2330.TW,3017.TW,2891.TW,2207.TW,1102.TW,9910.TW,2327.TW",2019,123,15
2019-07-08,0.009929094819819807,0.005201281423220738,0.013455606425972544,0.009213223609721544,0.8002276935412491,0.8002276935412491,0.8002276935412491,0.004681332007216307,"2303.TW,2882.TW,2603.TW,2885.TW,2379.TW",2019,123,5
2019-07-08,0.007959441869231367,0.005275051072755499,0.013455606425972544,0.009213223609721544,0.4552467118804563,0.45524671188045623,0.4552467118804563,0.002663193264500669,"2303.TW,2882.TW,2603.TW,2885.TW,2379.TW,3045.TW,2881.TW,1101.TW,2330.TW,3017.TW,2891.TW,2207.TW,1102.TW,9910.TW,2327.TW,2892.TW,3034.TW,3711.TW,2382.TW,2887.TW",2019,123,20
2019-07-08,0.007036875006305421,0.002897305491086133,0.013455606425972544,0.009213223609721544,0.7026740908031653,0.7026740908031653,0.7026740908031653,0.004110643431198518,"2303.TW,2882.TW,2603.TW,2885.TW,2379.TW,3045.TW,2881.TW,1101.TW,2330.TW,3017.TW",2019,123,10
2019-07-11,-0.004624008740084529,-0.00760689094157363,0.004827918211023574,-0.002565674359864467,0.5122631024800309,0.5122631024800308,0.5122631024800308,0.0029967391495081806,"1102.TW,1101.TW,2379.TW,2891.TW,2882.TW,1590.TW,2881.TW,4904.TW,2892.TW,3045.TW",2019,123,10
2019-07-11,-9.027569779489469e-05,-0.0036512360120353193,0.004827918211023574,-0.002565674359864467,0.6087661216138498,0.6087661216138497,0.6087661216138498,0.0035612818114410206,"1102.TW,1101.TW,2379.TW,2891.TW,2882.TW",2019,123,5
2019-07-11,-0.00409044876040361,-0.006479461869123293,0.004827918211023574,-0.002565674359864467,0.4100556206881736,0.4100556206881735,0.4100556206881736,0.0023988253810258153,"1102.TW,1101.TW,2379.TW,2891.TW,2882.TW,1590.TW,2881.TW,4904.TW,2892.TW,3045.TW,2357.TW,2887.TW,2603.TW,5880.TW,2885.TW",2019,123,15
2019-07-11,-0.002481422559873037,-0.004875087968338354,0.004827918211023574,-0.002565674359864467,0.410191432370778,0.41019143237077826,0.41019143237077815,0.002399619879369053,"1102.TW,1101.TW,2379.TW,2891.TW,2882.TW,1590.TW,2881.TW,4904.TW,2892.TW,3045.TW,2357.TW,2887.TW,2603.TW,5880.TW,2885.TW,2308.TW,2880.TW,2382.TW,2412.TW,5871.TW",2019,123,20
2019-07-11,0.006576266424376031,0.0006877952657933228,0.004827918211023574,-0.002565674359864467,1.0,1.0,1.0,0.00585,"1102.TW,1101.TW,2379.TW",2019,123,3
2019-07-16,0.004977204587374595,0.0014328246640458175,0.006719535588466163,0.004081267958451002,0.602876271426989,0.6028762714269889,0.6028762714269889,0.003526826187847885,"2885.TW,2303.TW,2891.TW,2357.TW,2887.TW,2454.TW,2408.TW,3045.TW,2882.TW,2892.TW",2019,123,10
2019-07-16,0.0038981198794246627,0.0019158337356264266,0.006719535588466163,0.004081267958451002,0.33753657424307115,0.337536574243071,0.33753657424307104,0.001974588959321966,"2885.TW,2303.TW,2891.TW,2357.TW,2887.TW,2454.TW,2408.TW,3045.TW,2882.TW,2892.TW,2881.TW,2880.TW,5880.TW,1590.TW,5876.TW",2019,123,15
2019-07-16,0.004202487063604648,0.0021203852423299363,0.006719535588466163,0.004081267958451002,0.354425373197669,0.354425373197669,0.354425373197669,0.002073388433206364,"2885.TW,2303.TW,2891.TW,2357.TW,2887.TW,2454.TW,2408.TW,3045.TW,2882.TW,2892.TW,2881.TW,2880.TW,5880.TW,1590.TW,5876.TW,4904.TW,3231.TW,2412.TW,1216.TW,2886.TW",2019,123,20
2019-07-16,-0.002647493257171729,-0.008482005421617256,0.006719535588466163,0.004081267958451002,1.0,1.0000000000000002,1.0,0.005850000000000001,"2885.TW,2303.TW,2891.TW",2019,123,3
2019-07-16,0.006498855828625172,0.0017774295320545086,0.006719535588466163,0.004081267958451002,0.8018701795271996,0.8018701795271996,0.8018701795271996,0.004690940550234118,"2885.TW,2303.TW,2891.TW,2357.TW,2887.TW",2019,123,5
2019-07-19,0.01146899175701636,0.008493951286749013,0.0054152159139782,0.008217925459293689,0.5027874612923369,0.5027874612923369,0.5027874612923369,0.0029413066485601707,"2382.TW,2880.TW,1590.TW,2887.TW,2886.TW,2892.TW,3231.TW,5880.TW,6669.TW,2454.TW,2883.TW,2891.TW,2327.TW,2207.TW,2308.TW,2884.TW,2615.TW,1102.TW,2881.TW,3008.TW",2019,123,20
2019-07-19,0.01836380635285247,0.01240637808568823,0.0054152159139782,0.008217925459293689,1.0,1.0,1.0,0.00585,"2382.TW,2880.TW,1590.TW",2019,123,3
2019-07-19,0.010865212802885483,0.006134363606967952,0.0054152159139782,0.008217925459293689,0.8,0.8,0.8,0.00468,"2382.TW,2880.TW,1590.TW,2887.TW,2886.TW",2019,123,5
2019-07-19,0.014948714882922376,0.010775980155234288,0.0054152159139782,0.008217925459293689,0.7027822954790955,0.7027822954790953,0.7027822954790954,0.004111276428552708,"2382.TW,2880.TW,1590.TW,2887.TW,2886.TW,2892.TW,3231.TW,5880.TW,6669.TW,2454.TW",2019,123,10
2019-07-19,0.008749110692364764,0.00558497780919609,0.0054152159139782,0.008217925459293689,0.5361862629599069,0.5361862629599068,0.5361862629599068,0.003136689638315455,"2382.TW,2880.TW,1590.TW,2887.TW,2886.TW,2892.TW,3231.TW,5880.TW,6669.TW,2454.TW,2883.TW,2891.TW,2327.TW,2207.TW,2308.TW",2019,123,15
2019-07-24,0.003488106978971461,0.0005088139402993352,0.0005984942034100715,0.002526839773607412,0.5075106100107947,0.5075106100107948,0.5075106100107947,0.0029689370685631496,"5876.TW,1102.TW,2609.TW,2887.TW,2207.TW,2382.TW,5880.TW,2892.TW,2880.TW,5871.TW",2019,123,10
2019-07-24,0.005521689192040353,0.002349273908568872,0.0005984942034100715,0.002526839773607412,0.5393152794999413,0.539315279499941,0.5393152794999412,0.003154994385074655,"5876.TW,1102.TW,2609.TW,2887.TW,2207.TW,2382.TW,5880.TW,2892.TW,2880.TW,5871.TW,2002.TW,3037.TW,2886.TW,2603.TW,2379.TW",2019,123,15
2019-07-24,-0.01190403138537029,-0.017684392801765925,0.0005984942034100715,0.002526839773607412,1.0,1.0,1.0,0.00585,"5876.TW,1102.TW,2609.TW",2019,123,3
2019-07-24,0.005531434640031002,0.0025414962058427637,0.0005984942034100715,0.002526839773607412,0.5082890195508254,0.5082890195508255,0.5082890195508254,0.002973490764372329,"5876.TW,1102.TW,2609.TW,2887.TW,2207.TW,2382.TW,5880.TW,2892.TW,2880.TW,5871.TW,2002.TW,3037.TW,2886.TW,2603.TW,2379.TW,2884.TW,2412.TW,2883.TW,2912.TW,2317.TW",2019,123,20
2019-07-24,-0.005555839054658619,-0.010234048655412775,0.0005984942034100715,0.002526839773607412,0.804161742059661,0.8041617420596612,0.8041617420596611,0.004704346191049018,"5876.TW,1102.TW,2609.TW,2887.TW,2207.TW",2019,123,5
2019-07-29,-0.030500187494990907,-0.036171761398145263,-0.030502414398042133,-0.031124608538406675,1.0,1.0000000000000002,1.0,0.005850000000000001,"2886.TW,2892.TW,2382.TW,5880.TW,2330.TW",2019,123,5
2019-07-29,-0.02915272926117241,-0.03199709017748109,-0.030502414398042133,-0.031124608538406675,0.5008156853336313,0.5008156853336313,0.5008156853336313,0.0029297717592017434,"2886.TW,2892.TW,2382.TW,5880.TW,2330.TW,2395.TW,3034.TW,2609.TW,2880.TW,2884.TW",2019,123,10
2019-07-29,-0.027819532194773094,-0.03038909881007179,-0.030502414398042133,-0.031124608538406675,0.4518113364825634,0.4518113364825634,0.4518113364825634,0.002643096318422996,"2886.TW,2892.TW,2382.TW,5880.TW,2330.TW,2395.TW,3034.TW,2609.TW,2880.TW,2884.TW,3008.TW,2002.TW,2408.TW,2887.TW,1216.TW,3231.TW,2912.TW,3711.TW,2317.TW,9910.TW",2019,123,20
2019-07-29,-0.03035940584963487,-0.03301595604559604,-0.030502414398042133,-0.031124608538406675,0.46832934527320874,0.4683293452732088,0.4683293452732088,0.0027397266698482715,"2886.TW,2892.TW,2382.TW,5880.TW,2330.TW,2395.TW,3034.TW,2609.TW,2880.TW,2884.TW,3008.TW,2002.TW,2408.TW,2887.TW,1216.TW",2019,123,15
2019-07-29,-0.03039122001618932,-0.036063431379094624,-0.030502414398042133,-0.031124608538406675,1.0,0.9999999999999999,1.0,0.005849999999999999,"2886.TW,2892.TW,2382.TW",2019,123,3
2019-08-01,-0.010138475111706811,-0.013231190680756177,-0.011104488571277327,-0.01162324188209155,0.5340841266683887,0.5340841266683887,0.5340841266683887,0.003124392141010074,"2884.TW,2330.TW,3037.TW,2880.TW,2603.TW,2317.TW,2357.TW,3711.TW,2892.TW,2615.TW,2886.TW,5880.TW,2609.TW,2454.TW,3017.TW",2019,123,15
2019-08-01,-0.010781729780228393,-0.012530182958371938,-0.011104488571277327,-0.01162324188209155,0.30213846038887127,0.3021384603888711,0.30213846038887116,0.0017675099932748962,"2884.TW,2330.TW,3037.TW,2880.TW,2603.TW,2317.TW,2357.TW,3711.TW,2892.TW,2615.TW,2886.TW,5880.TW,2609.TW,2454.TW,3017.TW,2887.TW,2002.TW,2382.TW,2395.TW,2912.TW",2019,123,20
2019-08-01,-0.00233312097451673,-0.008169472216815854,-0.011104488571277327,-0.01162324188209155,1.0,1.0,1.0,0.00585,"2884.TW,2330.TW,3037.TW",2019,123,3
2019-08-01,-0.008930353365169608,-0.013579921583615429,-0.011104488571277327,-0.01162324188209155,0.8019597701915808,0.8019597701915808,0.8019597701915808,0.004691464655620748,"2884.TW,2330.TW,3037.TW,2880.TW,2603.TW",2019,123,5
2019-08-01,-0.01352703564698682,-0.016996003639968338,-0.011104488571277327,-0.01162324188209155,0.60111731708243,0.6011173170824301,0.60111731708243,0.003516536304932216,"2884.TW,2330.TW,3037.TW,2880.TW,2603.TW,2317.TW,2357.TW,3711.TW,2892.TW,2615.TW",2019,123,10
2019-08-06,0.004547718855230886,0.0009849104825565558,0.0,0.008012145570619928,0.6062699270733459,0.6062699270733459,0.6062699270733459,0.003546679073379074,"2408.TW,3711.TW,2615.TW,2603.TW,3037.TW",2019,123,5
2019-08-06,0.00618951698457697,0.004407858151899591,0.0,0.008012145570619928,0.3026836001309555,0.30268360013095535,0.3026836001309554,0.0017706990607660891,"2408.TW,3711.TW,2615.TW,2603.TW,3037.TW,2884.TW,1590.TW,2330.TW,2454.TW,2880.TW",2019,123,10
2019-08-06,0.008733462144985967,0.006350120937164361,0.0,0.008012145570619928,0.4038814699449579,0.40388146994495794,0.4038814699449579,0.002362706599178004,"2408.TW,3711.TW,2615.TW,2603.TW,3037.TW,2884.TW,1590.TW,2330.TW,2454.TW,2880.TW,6669.TW,5871.TW,2395.TW,3008.TW,2317.TW",2019,123,15
2019-08-06,-0.007696210477876756,-0.013501187646581148,0.0,0.008012145570619928,1.0,0.9999999999999999,1.0,0.005849999999999999,"2408.TW,3711.TW,2615.TW",2019,123,3
2019-08-06,0.007444819322103287,0.005059811319808372,0.0,0.008012145570619928,0.40468089942665375,0.40468089942665353,0.40468089942665364,0.0023673832616459235,"2408.TW,3711.TW,2615.TW,2603.TW,3037.TW,2884.TW,1590.TW,2330.TW,2454.TW,2880.TW,6669.TW,5871.TW,2395.TW,3008.TW,2317.TW,2892.TW,2308.TW,2327.TW,3034.TW,2357.TW",2019,123,20
2019-08-12,-0.00670266678521845,-0.009056236298379261,-0.008733453607953856,-0.0034330182770850003,0.4050343854213171,0.4050343854213169,0.405034385421317,0.0023694511547147044,"2880.TW,3711.TW,2615.TW,5880.TW,2892.TW,2884.TW,2912.TW,2395.TW,1101.TW,5871.TW,2886.TW,2308.TW,3008.TW,2887.TW,2603.TW,2303.TW,6669.TW,2412.TW,2330.TW,2379.TW",2019,123,20
2019-08-12,-0.012700288468231081,-0.01617825305265097,-0.008733453607953856,-0.0034330182770850003,0.6021716137870707,0.6021716137870707,0.6021716137870707,0.003522703940654364,"2880.TW,3711.TW,2615.TW,5880.TW,2892.TW",2019,123,5
2019-08-12,-0.007103886221074152,-0.010601787947606689,-0.008733453607953856,-0.0034330182770850003,0.6022099500316128,0.6022099500316128,0.6022099500316128,0.003522928207684935,"2880.TW,3711.TW,2615.TW,5880.TW,2892.TW,2884.TW,2912.TW,2395.TW,1101.TW,5871.TW",2019,123,10
2019-08-12,-0.01440794536888079,-0.01632984987541153,-0.008733453607953856,-0.0034330182770850003,0.3333333333333333,0.33333333333333337,0.33333333333333337,0.0019500000000000001,"2880.TW,3711.TW,2615.TW",2019,123,3
2019-08-12,-0.010835277472781398,-0.013568623223188303,-0.008733453607953856,-0.0034330182770850003,0.4723567057864917,0.4723567057864918,0.47235670578649175,0.002763286728850977,"2880.TW,3711.TW,2615.TW,5880.TW,2892.TW,2884.TW,2912.TW,2395.TW,1101.TW,5871.TW,2886.TW,2308.TW,3008.TW,2887.TW,2603.TW",2019,123,15
2019-08-15,0.009012881526063174,0.005453719721987937,0.018879787260008607,0.014616368269277567,0.6029692368963822,0.602969236896382,0.6029692368963822,0.0035273700358438354,"2615.TW,2880.TW,3711.TW,2454.TW,5880.TW,6669.TW,9910.TW,2345.TW,3045.TW,2603.TW",2019,123,10
2019-08-15,0.017013857022150247,0.014210812272265283,0.018879787260008607,0.014616368269277567,0.47113708961769707,0.47113708961769696,0.471137089617697,0.0027561519742635276,"2615.TW,2880.TW,3711.TW,2454.TW,5880.TW,6669.TW,9910.TW,2345.TW,3045.TW,2603.TW,2884.TW,2327.TW,2308.TW,2395.TW,3034.TW",2019,123,15
2019-08-15,-0.00046767769616281284,-0.0005115352566411602,0.018879787260008607,0.014616368269277567,0.007500526714223521,0.0075005267142234655,0.007500526714223493,4.387808127820735e-05,"2615.TW,2880.TW,3711.TW",2019,123,3
2019-08-15,0.014289102297603811,0.011888363485667686,0.018879787260008607,0.014616368269277567,0.404601313339016,0.40460131333901594,0.40460131333901594,0.0023669176830332433,"2615.TW,2880.TW,3711.TW,2454.TW,5880.TW,6669.TW,9910.TW,2345.TW,3045.TW,2603.TW,2884.TW,2327.TW,2308.TW,2395.TW,3034.TW,3008.TW,1301.TW,2912.TW,2609.TW,2887.TW",2019,123,20
2019-08-15,0.02373461085491253,0.02250786457983378,0.018879787260008607,0.014616368269277567,0.2048384568995476,0.20483845689954763,0.2048384568995476,0.0011983049728623537,"2615.TW,2880.TW,3711.TW,2454.TW,5880.TW",2019,123,5
2019-08-20,-0.006551856244461226,-0.009345706168337298,-0.014206193773305786,-0.012888452477177213,0.4807308630757006,0.4807308630757007,0.4807308630757007,0.002812275548992849,"2327.TW,2408.TW,2615.TW,9910.TW,5880.TW,2880.TW,3045.TW,3017.TW,2881.TW,2884.TW,2412.TW,2345.TW,2887.TW,3008.TW,2891.TW",2019,123,15
2019-08-20,-0.005525836732240741,-0.008518174999247452,-0.014206193773305786,-0.012888452477177213,0.5143530458269278,0.514353045826928,0.5143530458269279,0.0030089653180875287,"2327.TW,2408.TW,2615.TW,9910.TW,5880.TW,2880.TW,3045.TW,3017.TW,2881.TW,2884.TW",2019,123,10
2019-08-20,-0.01641801930963412,-0.020355108058688454,-0.014206193773305786,-0.012888452477177213,0.6842404974698627,0.6842404974698628,0.6842404974698628,0.004002806910198697,"2327.TW,2408.TW,2615.TW",2019,123,3
2019-08-20,-0.00881224523811186,-0.012390789359203236,-0.014206193773305786,-0.012888452477177213,0.6171554691202392,0.6171554691202392,0.6171554691202392,0.0036103594943534,"2327.TW,2408.TW,2615.TW,9910.TW,5880.TW",2019,123,5
2019-08-20,-0.00909753167131897,-0.011485099158099144,-0.014206193773305786,-0.012888452477177213,0.4118782699267866,0.41187826992678706,0.41187826992678683,0.0024094878790717035,"2327.TW,2408.TW,2615.TW,9910.TW,5880.TW,2880.TW,3045.TW,3017.TW,2881.TW,2884.TW,2412.TW,2345.TW,2887.TW,3008.TW,2891.TW,4904.TW,2912.TW,2454.TW,2883.TW,2207.TW",2019,123,20
2019-08-23,0.011441098413841423,0.00934874684469289,0.008145041136579545,0.0061523713834990956,0.3536211208523023,0.3536211208523024,0.35362112085230235,0.002068683556985969,"6669.TW,1590.TW,5880.TW,2412.TW,3231.TW,2880.TW,2454.TW,4904.TW,2885.TW,2881.TW,2345.TW,3045.TW,2327.TW,3037.TW,2887.TW,2330.TW,3711.TW,2883.TW,3008.TW,2912.TW",2019,123,20
2019-08-23,0.010967737858315774,0.006236408845138763,0.008145041136579545,0.0061523713834990956,0.8,0.7999999999999999,0.8,0.00468,"6669.TW,1590.TW,5880.TW,2412.TW,3231.TW",2019,123,5
2019-08-23,0.012386500128126254,0.006464039102376695,0.008145041136579545,0.0061523713834990956,1.0,1.0,1.0,0.00585,"6669.TW,1590.TW,5880.TW",2019,123,3
2019-08-23,0.015522205516942146,0.011359703336368598,0.008145041136579545,0.0061523713834990956,0.7006629992141673,0.7006629992141673,0.7006629992141673,0.004098878545402879,"6669.TW,1590.TW,5880.TW,2412.TW,3231.TW,2880.TW,2454.TW,4904.TW,2885.TW,2881.TW",2019,123,10
2019-08-23,0.012689246629102069,0.009911015228039055,0.008145041136579545,0.0061523713834990956,0.4689605939727828,0.46896059397278295,0.4689605939727829,0.00274341947474078,"6669.TW,1590.TW,5880.TW,2412.TW,3231.TW,2880.TW,2454.TW,4904.TW,2885.TW,2881.TW,2345.TW,3045.TW,2327.TW,3037.TW,2887.TW",2019,123,15
2019-08-28,0.02156707805213868,0.019139721010805966,0.01740234188729395,0.024735908009221586,0.406172865681447,0.4061728656814473,0.40617286568144717,0.0023761112642364662,"3017.TW,2885.TW,3231.TW,3711.TW,2881.TW,2412.TW,3008.TW,2379.TW,5880.TW,2880.TW",2019,123,10
2019-08-28,0.022528619315797527,0.020106084192922147,0.01740234188729395,0.024735908009221586,0.40498481919263823,0.4049848191926384,0.4049848191926383,0.0023691611922769342,"3017.TW,2885.TW,3231.TW,3711.TW,2881.TW,2412.TW,3008.TW,2379.TW,5880.TW,2880.TW,4904.TW,3045.TW,5876.TW,2395.TW,3037.TW",2019,123,15
2019-08-28,0.024064684115250274,0.021345977840161234,0.01740234188729395,0.024735908009221586,0.453815196059954,0.4538151960599542,0.45381519605995413,0.0026548188969507318,"3017.TW,2885.TW,3231.TW,3711.TW,2881.TW,2412.TW,3008.TW,2379.TW,5880.TW,2880.TW,4904.TW,3045.TW,5876.TW,2395.TW,3037.TW,2615.TW,2308.TW,9910.TW,2207.TW,2884.TW",2019,123,20
2019-08-28,0.010165406672107904,0.005434752798911147,0.01740234188729395,0.024735908009221586,0.8005211586160839,0.800521158616084,0.8005211586160839,0.004683048777904091,"3017.TW,2885.TW,3231.TW,3711.TW,2881.TW",2019,123,5
2019-08-28,0.006314365665003614,0.00042742662586325864,0.01740234188729395,0.024735908009221586,1.0,1.0,1.0,0.00585,"3017.TW,2885.TW,3231.TW",2019,123,3
2019-09-02,0.008627634743936654,0.0058502492232870296,0.017104451530799647,0.013536002838608445,0.47070567899631915,0.47070567899631927,0.4707056789963192,0.0027536282221284677,"3045.TW,4904.TW,2412.TW,1101.TW,3231.TW,2345.TW,5880.TW,2881.TW,2615.TW,2395.TW,2330.TW,2880.TW,2884.TW,2887.TW,2891.TW",2019,123,15
2019-09-02,0.003319053615630785,-0.0013764795552902997,0.017104451530799647,0.013536002838608445,0.8,0.7999999999999999,0.8,0.00468,"3045.TW,4904.TW,2412.TW,1101.TW,3231.TW",2019,123,5
2019-09-02,0.007835280734835692,0.005451719499168783,0.017104451530799647,0.013536002838608445,0.40427872774424534,0.4042787277442453,0.40427872774424534,0.0023650305573038348,"3045.TW,4904.TW,2412.TW,1101.TW,3231.TW,2345.TW,5880.TW,2881.TW,2615.TW,2395.TW,2330.TW,2880.TW,2884.TW,2887.TW,2891.TW,2454.TW,2382.TW,3711.TW,5876.TW,2892.TW",2019,123,20
2019-09-02,-0.003452039996683494,-0.00928184556270295,0.017104451530799647,0.013536002838608445,1.0,1.0,1.0,0.00585,"3045.TW,4904.TW,2412.TW",2019,123,3
2019-09-02,0.006808168665582538,0.003259411674945367,0.017104451530799647,0.013536002838608445,0.6025230480684892,0.6025230480684891,0.6025230480684891,0.003524759831200662,"3045.TW,4904.TW,2412.TW,1101.TW,3231.TW,2345.TW,5880.TW,2881.TW,2615.TW,2395.TW",2019,123,10
2019-09-05,0.02162310371324156,0.019606778401761504,0.010210190176528355,0.012246803752018033,0.3373758797766266,0.33737587977662664,0.33737587977662664,0.001973648896693266,"2412.TW,3045.TW,4904.TW,3231.TW,2884.TW,1102.TW,5880.TW,2881.TW,2395.TW,2880.TW,5876.TW,2892.TW,2891.TW,2382.TW,2883.TW",2019,123,15
2019-09-05,0.01718034298349246,0.015372519272939256,0.010210190176528355,0.012246803752018033,0.3038101318447233,0.3038101318447233,0.3038101318447233,0.0017772892712916313,"2412.TW,3045.TW,4904.TW,3231.TW,2884.TW,1102.TW,5880.TW,2881.TW,2395.TW,2880.TW",2019,123,10
2019-09-05,0.008574449753358563,0.008570333130506702,0.010210190176528355,0.012246803752018033,0.0006977137029212099,0.0006977137029212099,0.0006977137029212099,4.081625162089079e-06,"2412.TW,3045.TW,4904.TW",2019,123,3
2019-09-05,0.016237356578193283,0.015024647260525326,0.010210190176528355,0.012246803752018033,0.20398850398581847,0.20398850398581853,0.2039885039858185,0.0011933327483170382,"2412.TW,3045.TW,4904.TW,3231.TW,2884.TW,1102.TW,5880.TW,2881.TW,2395.TW,2880.TW,5876.TW,2892.TW,2891.TW,2382.TW,2883.TW,3034.TW,2615.TW,2357.TW,2345.TW,1101.TW",2019,123,20
2019-09-05,0.016201126739513017,0.01498809973316817,0.010210190176528355,0.012246803752018033,0.20404921660039063,0.20404921660039052,0.20404921660039058,0.0011936879171122847,"2412.TW,3045.TW,4904.TW,3231.TW,2884.TW",2019,123,5
2019-09-11,0.0053755899690149786,0.0029793146278251914,0.0035671904107483776,0.00142646249176974,0.4074295422821208,0.4074295422821208,0.4074295422821208,0.0023834628223504068,"2615.TW,1102.TW,3231.TW,2412.TW,4904.TW,6669.TW,3045.TW,5880.TW,2892.TW,2883.TW,2327.TW,2887.TW,2882.TW,2382.TW,1101.TW",2019,123,15
2019-09-11,0.005244828866502111,0.0028542308963528384,0.0035671904107483776,0.00142646249176974,0.40651711297766036,0.4065171129776602,0.40651711297766024,0.0023781251109193124,"2615.TW,1102.TW,3231.TW,2412.TW,4904.TW,6669.TW,3045.TW,5880.TW,2892.TW,2883.TW,2327.TW,2887.TW,2882.TW,2382.TW,1101.TW,5871.TW,2317.TW,2308.TW,2881.TW,3037.TW",2019,123,20
2019-09-11,0.008333453102792031,0.0059360331628675045,0.0035671904107483776,0.00142646249176974,0.40642842215043506,0.40642842215043484,0.40642842215043495,0.002377606269580044,"2615.TW,1102.TW,3231.TW,2412.TW,4904.TW,6669.TW,3045.TW,5880.TW,2892.TW,2883.TW",2019,123,10
2019-09-11,0.0032419740120240475,-0.002626991535946366,0.0035671904107483776,0.00142646249176974,1.0,1.0000000000000002,1.0,0.005850000000000001,"2615.TW,1102.TW,3231.TW",2019,123,3
2019-09-11,0.0047639027847650615,0.0023754209397459647,0.0035671904107483776,0.00142646249176974,0.4063516749989281,0.40635167499892794,0.406351674998928,0.002377157298743729,"2615.TW,1102.TW,3231.TW,2412.TW,4904.TW",2019,123,5
2019-09-17,0.005047694758814682,0.0015095103794975362,0.0029621001036832517,0.0061291920860307965,0.6017802396566565,0.6017802396566564,0.6017802396566565,0.00352041440199144,"1101.TW,5871.TW,3017.TW,2317.TW,5876.TW,2412.TW,2357.TW,3045.TW,2618.TW,2330.TW,2882.TW,2885.TW,4904.TW,2891.TW,5880.TW",2019,123,15
2019-09-17,0.011124745161906825,0.005209665402709618,0.0029621001036832517,0.0061291920860307965,1.0,0.9999999999999998,0.9999999999999999,0.005849999999999999,"1101.TW,5871.TW,3017.TW,2317.TW,5876.TW",2019,123,5
2019-09-17,0.006797848400037577,0.0020815035967962636,0.0029621001036832517,0.0061291920860307965,0.8007692787187083,0.8007692787187083,0.8007692787187083,0.004684500280504444,"1101.TW,5871.TW,3017.TW,2317.TW,5876.TW,2412.TW,2357.TW,3045.TW,2618.TW,2330.TW",2019,123,10
2019-09-17,0.013260835437673311,0.007333259550362792,0.0029621001036832517,0.0061291920860307965,1.0,1.0,1.0,0.00585,"1101.TW,5871.TW,3017.TW",2019,123,3
2019-09-17,0.0033183539726598776,0.0006530919992431272,0.0029621001036832517,0.0061291920860307965,0.45409349438514546,0.45409349438514557,0.4540934943851455,0.0026564469421531014,"1101.TW,5871.TW,3017.TW,2317.TW,5876.TW,2412.TW,2357.TW,3045.TW,2618.TW,2330.TW,2882.TW,2885.TW,4904.TW,2891.TW,5880.TW,1102.TW,2883.TW,2002.TW,2303.TW,2308.TW",2019,123,20
2019-09-20,-0.0044007509889326295,-0.010225006595647401,-0.0023627125866393373,-0.004387987089076866,1.0,1.0,1.0,0.00585,"2885.TW,2883.TW,2882.TW",2019,123,3
2019-09-20,-0.0046410788948142885,-0.007279010647323392,-0.0023627125866393373,-0.004387987089076866,0.45303105758246837,0.4530310575824683,0.4530310575824683,0.0026502316868574397,"2885.TW,2883.TW,2882.TW,9910.TW,2881.TW,2886.TW,3045.TW,5880.TW,2357.TW,2345.TW,2330.TW,2880.TW,2891.TW,1102.TW,2412.TW,4904.TW,2887.TW,2912.TW,2892.TW,1301.TW",2019,123,20
2019-09-20,-0.0008513676678843511,-0.005531329847406452,-0.0023627125866393373,-0.004387987089076866,0.8006752039421525,0.8006752039421525,0.8006752039421525,0.004683949943061592,"2885.TW,2883.TW,2882.TW,9910.TW,2881.TW,2886.TW,3045.TW,5880.TW,2357.TW,2345.TW",2019,123,10
2019-09-20,-0.002305640569712911,-0.005047025778495584,-0.0023627125866393373,-0.004387987089076866,0.46969580590768056,0.46969580590768084,0.4696958059076807,0.0027477204645599326,"2885.TW,2883.TW,2882.TW,9910.TW,2881.TW,2886.TW,3045.TW,5880.TW,2357.TW,2345.TW,2330.TW,2880.TW,2891.TW,1102.TW,2412.TW",2019,123,15
2019-09-20,0.009570854100020166,0.0036648646035348786,-0.0023627125866393373,-0.004387987089076866,1.0,0.9999999999999999,1.0,0.005849999999999999,"2885.TW,2883.TW,2882.TW,9910.TW,2881.TW",2019,123,5
2019-09-25,0.0007547512395379102,-0.00219943392059585,0.013617408600677283,-0.008566103537723215,0.5046080627013543,0.5046080627013542,0.5046080627013543,0.002951957166802922,"2345.TW,3711.TW,5876.TW,2454.TW,2881.TW,2892.TW,2891.TW,3037.TW,2308.TW,2886.TW,5880.TW,1101.TW,5871.TW,2327.TW,2884.TW,2880.TW,2379.TW,1301.TW,2412.TW,2887.TW",2019,123,20
2019-09-25,0.0008716031192006472,-0.003059959172624027,0.013617408600677283,-0.008566103537723215,0.6714766690672167,0.6714766690672167,0.6714766690672167,0.003928138514043218,"2345.TW,3711.TW,5876.TW,2454.TW,2881.TW,2892.TW,2891.TW,3037.TW,2308.TW,2886.TW,5880.TW,1101.TW,5871.TW,2327.TW,2884.TW",2019,123,15
2019-09-25,-0.0058283173207028145,-0.010503627889503098,0.013617408600677283,-0.008566103537723215,0.8038836769875255,0.8038836769875256,0.8038836769875255,0.004702719510377025,"2345.TW,3711.TW,5876.TW,2454.TW,2881.TW",2019,123,5
2019-09-25,-0.012122119494777685,-0.016192416389651187,0.013617408600677283,-0.008566103537723215,0.7043150380400184,0.7043150380400185,0.7043150380400185,0.0041202429725341085,"2345.TW,3711.TW,5876.TW,2454.TW,2881.TW,2892.TW,2891.TW,3037.TW,2308.TW,2886.TW",2019,123,10
2019-09-25,-0.003859090990927812,-0.00968651530863096,0.013617408600677283,-0.008566103537723215,1.0,1.0,1.0,0.00585,"2345.TW,3711.TW,5876.TW",2019,123,3
2019-10-01,0.014015887474800494,0.009261183851031918,-0.00233620336466156,0.004902174713506862,0.8015356171991415,0.8015356171991416,0.8015356171991415,0.004688983360614978,"6669.TW,2357.TW,5876.TW,1216.TW,2317.TW",2019,123,5
2019-10-01,0.019183842855034793,0.015189867721583816,-0.00233620336466156,0.004902174713506862,0.6698799209084574,0.6698799209084574,0.6698799209084574,0.003918797537314476,"6669.TW,2357.TW,5876.TW",2019,123,3
2019-10-01,0.00317469458617935,0.00022264215457634684,-0.00233620336466156,0.004902174713506862,0.5030273889541222,0.5030273889541221,0.5030273889541221,0.0029427102253816147,"6669.TW,2357.TW,5876.TW,1216.TW,2317.TW,1101.TW,2912.TW,2382.TW,5880.TW,2345.TW,2884.TW,2883.TW,2886.TW,2885.TW,2412.TW,2880.TW,2887.TW,9910.TW,2881.TW,1102.TW",2019,123,20
2019-10-01,0.009931478267000826,0.0052041978277543866,-0.00233620336466156,0.004902174713506862,0.8001355970739368,0.8001355970739368,0.8001355970739368,0.004680793242882531,"6669.TW,2357.TW,5876.TW,1216.TW,2317.TW,1101.TW,2912.TW,2382.TW,5880.TW,2345.TW",2019,123,10
2019-10-01,0.005549665885907054,0.0019992643129647103,-0.00233620336466156,0.004902174713506862,0.6035567136809233,0.6035567136809237,0.6035567136809235,0.003530806775033403,"6669.TW,2357.TW,5876.TW,1216.TW,2317.TW,1101.TW,2912.TW,2382.TW,5880.TW,2345.TW,2884.TW,2883.TW,2886.TW,2885.TW,2412.TW",2019,123,15
2019-10-04,0.01927649632394362,0.013313728820448567,0.018735329208019236,0.005420899023226806,1.0,0.9999999999999999,1.0,0.005849999999999999,"2408.TW,2327.TW,2884.TW,1101.TW,2880.TW",2019,123,5
2019-10-04,0.012893230973982775,0.008529105485197919,0.018735329208019236,0.005420899023226806,0.7365083843436239,0.736508384343624,0.736508384343624,0.0043085740484102,"2408.TW,2327.TW,2884.TW,1101.TW,2880.TW,2618.TW,2615.TW,5880.TW,2412.TW,2330.TW,2887.TW,3008.TW,1102.TW,2881.TW,2395.TW",2019,123,15
2019-10-04,0.023164636001367162,0.01717912288075918,0.018735329208019236,0.005420899023226806,1.0,1.0,1.0,0.00585,"2408.TW,2327.TW,2884.TW",2019,123,3
2019-10-04,0.01572491850224781,0.010947873071086134,0.018735329208019236,0.005420899023226806,0.8039469621320714,0.8039469621320713,0.8039469621320714,0.004703089728472618,"2408.TW,2327.TW,2884.TW,1101.TW,2880.TW,2618.TW,2615.TW,5880.TW,2412.TW,2330.TW",2019,123,10
2019-10-04,0.009925888431352305,0.007231437365499804,0.018735329208019236,0.005420899023226806,0.4560630943941063,0.4560630943941063,0.4560630943941063,0.002667969102205522,"2408.TW,2327.TW,2884.TW,1101.TW,2880.TW,2618.TW,2615.TW,5880.TW,2412.TW,2330.TW,2887.TW,3008.TW,1102.TW,2881.TW,2395.TW,2886.TW,2382.TW,3045.TW,4904.TW,2883.TW",2019,123,20
2019-10-09,0.013254245703485653,0.009095685039662627,0.01206898760639552,0.009043206231501493,0.7015663381162786,0.7015663381162787,0.7015663381162787,0.00410416307798023,"2207.TW,2408.TW,3037.TW",2019,123,3
2019-10-09,0.0021057019819228436,-0.001073626662383309,0.01206898760639552,0.009043206231501493,0.5423329902801821,0.5423329902801821,0.5423329902801821,0.0031726479931390656,"2207.TW,2408.TW,3037.TW,2379.TW,2454.TW,9910.TW,3034.TW,2880.TW,2395.TW,2618.TW,2412.TW,3711.TW,3008.TW,2884.TW,3231.TW",2019,123,15
2019-10-09,0.00607497858521216,0.003089773966220122,0.01206898760639552,0.009043206231501493,0.507210097382099,0.5072100973820991,0.507210097382099,0.00296717906968528,"2207.TW,2408.TW,3037.TW,2379.TW,2454.TW,9910.TW,3034.TW,2880.TW,2395.TW,2618.TW,2412.TW,3711.TW,3008.TW,2884.TW,3231.TW,5871.TW,2303.TW,2330.TW,3045.TW,5880.TW",2019,123,20
2019-10-09,0.0017079466050801471,-0.002465506602776446,0.01206898760639552,0.009043206231501493,0.7121944147290242,0.712194414729024,0.7121944147290241,0.004166337326164791,"2207.TW,2408.TW,3037.TW,2379.TW,2454.TW,9910.TW,3034.TW,2880.TW,2395.TW,2618.TW",2019,123,10
2019-10-09,0.00034099227714568057,-0.004459146012301574,0.01206898760639552,0.009043206231501493,0.8202567585146583,0.8202567585146581,0.8202567585146582,0.00479850203731075,"2207.TW,2408.TW,3037.TW,2379.TW,2454.TW",2019,123,5
2019-10-16,0.022366208136108012,0.0163853658185118,0.0017034881841291316,0.011572893358655112,1.0,0.9999999999999999,1.0,0.005849999999999999,"2454.TW,2327.TW,3008.TW",2019,123,3
2019-10-16,0.010372640903668427,0.005631955986358905,0.0017034881841291316,0.011572893358655112,0.8020540712717439,0.8020540712717439,0.8020540712717439,0.004692016316939702,"2454.TW,2327.TW,3008.TW,6669.TW,2880.TW,2884.TW,2412.TW,3045.TW,2345.TW,4904.TW",2019,123,10
2019-10-16,0.01093327423357029,0.00851858673355066,0.0017034881841291316,0.011572893358655112,0.40830300529321095,0.40830300529321106,0.408303005293211,0.002388572580965285,"2454.TW,2327.TW,3008.TW,6669.TW,2880.TW,2884.TW,2412.TW,3045.TW,2345.TW,4904.TW,2886.TW,1101.TW,2618.TW,5880.TW,2891.TW,3231.TW,9910.TW,2408.TW,2892.TW,2379.TW",2019,123,20
2019-10-16,0.011364274483135336,0.00778902875327292,0.0017034881841291316,0.011572893358655112,0.6042858459956311,0.6042858459956308,0.604285845995631,0.003535072199074441,"2454.TW,2327.TW,3008.TW,6669.TW,2880.TW,2884.TW,2412.TW,3045.TW,2345.TW,4904.TW,2886.TW,1101.TW,2618.TW,5880.TW,2891.TW",2019,123,15
2019-10-16,0.017018906494979988,0.012236408971403767,0.0017034881841291316,0.011572893358655112,0.8038404585992882,0.8038404585992881,0.8038404585992882,0.004702466682805836,"2454.TW,2327.TW,3008.TW,6669.TW,2880.TW",2019,123,5
2019-10-21,0.008909283577274397,0.0059310784390544935,0.011337562462853557,0.013737935201839198,0.5045992773672483,0.5045992773672483,0.5045992773672483,0.0029519057725984022,"1590.TW,2330.TW,3037.TW,2412.TW,2880.TW,3045.TW,2884.TW,3711.TW,1303.TW,2345.TW",2019,123,10
2019-10-21,0.009005684437292083,0.0054415359840875865,0.011337562462853557,0.013737935201839198,0.6038183483442636,0.6038183483442637,0.6038183483442636,0.0035323373378139426,"1590.TW,2330.TW,3037.TW,2412.TW,2880.TW,3045.TW,2884.TW,3711.TW,1303.TW,2345.TW,2881.TW,5880.TW,2002.TW,3017.TW,2883.TW",2019,123,15
2019-10-21,0.01011590177816293,0.006258762165703535,0.011337562462853557,0.013737935201839198,0.6527370805006081,0.6527370805006081,0.6527370805006081,0.0038185119209285575,"1590.TW,2330.TW,3037.TW,2412.TW,2880.TW,3045.TW,2884.TW,3711.TW,1303.TW,2345.TW,2881.TW,5880.TW,2002.TW,3017.TW,2883.TW,2395.TW,2618.TW,2887.TW,2882.TW,2303.TW",2019,123,20
2019-10-21,0.010609927240351147,0.0046978591659951885,0.011337562462853557,0.013737935201839198,1.0,1.0,1.0,0.00585,"1590.TW,2330.TW,3037.TW",2019,123,3
2019-10-21,0.007774375440961135,0.003043729008535223,0.011337562462853557,0.013737935201839198,0.8024192016814852,0.8024192016814852,0.8024192016814852,0.004694152329836688,"1590.TW,2330.TW,3037.TW,2412.TW,2880.TW",2019,123,5
2019-10-24,0.0018287041671609884,-0.0005265586703803171,0.002802772467606074,-0.006876585921769367,0.40187412317462295,0.4018741231746229,0.4018741231746229,0.002350963620571544,"2412.TW,2880.TW,2618.TW,2002.TW,2330.TW",2019,123,5
2019-10-24,-0.0007688588880175871,-0.006614361063522756,0.002802772467606074,-0.006876585921769367,1.0,1.0,1.0,0.00585,"2412.TW,2880.TW,2618.TW",2019,123,3
2019-10-24,-0.004816565585371901,-0.007169237526508554,0.002802772467606074,-0.006876585921769367,0.4041125785223617,0.4041125785223618,0.40411257852236177,0.002364058584355817,"2412.TW,2880.TW,2618.TW,2002.TW,2330.TW,2603.TW,2881.TW,1101.TW,2887.TW,2882.TW,2886.TW,2408.TW,2891.TW,3045.TW,4904.TW,2345.TW,5880.TW,1102.TW,2317.TW,2883.TW",2019,123,20
2019-10-24,-0.003990996891367282,-0.007499121530309849,0.002802772467606074,-0.006876585921769367,0.6020823341843505,0.6020823341843508,0.6020823341843506,0.0035221816549784518,"2412.TW,2880.TW,2618.TW,2002.TW,2330.TW,2603.TW,2881.TW,1101.TW,2887.TW,2882.TW,2886.TW,2408.TW,2891.TW,3045.TW,4904.TW",2019,123,15
2019-10-24,-0.0037870876228937806,-0.007874001105124817,0.002802772467606074,-0.006876585921769367,0.7012734733614908,0.7012734733614909,0.7012734733614909,0.0041024498191647215,"2412.TW,2880.TW,2618.TW,2002.TW,2330.TW,2603.TW,2881.TW,1101.TW,2887.TW,2882.TW",2019,123,10
2019-10-29,0.00180411996965008,-0.0002710624390179772,0.012297513898467338,0.01036293286476215,0.3540932090402121,0.3540932090402121,0.3540932090402121,0.0020714452728852403,"2345.TW,2603.TW,3037.TW,3017.TW,9910.TW,2379.TW,2308.TW,1101.TW,2887.TW,2881.TW,2412.TW,2880.TW,2618.TW,3231.TW,3045.TW,2891.TW,2382.TW,1102.TW,5880.TW,2408.TW",2019,123,20
2019-10-29,-0.0007087866448115909,-0.0034526505482338488,0.012297513898467338,0.01036293286476215,0.4693692473415727,0.4693692473415727,0.4693692473415727,0.0027458100969482008,"2345.TW,2603.TW,3037.TW,3017.TW,9910.TW,2379.TW,2308.TW,1101.TW,2887.TW,2881.TW,2412.TW,2880.TW,2618.TW,3231.TW,3045.TW",2019,123,15
2019-10-29,-0.014329016100214753,-0.020095191356028552,0.012297513898467338,0.01036293286476215,1.0,1.0,1.0,0.00585,"2345.TW,2603.TW,3037.TW",2019,123,3
2019-10-29,-0.005036132262470174,-0.008550663980165019,0.012297513898467338,0.01036293286476215,0.6038155475570586,0.6038155475570584,0.6038155475570585,0.0035323209532087917,"2345.TW,2603.TW,3037.TW,3017.TW,9910.TW,2379.TW,2308.TW,1101.TW,2887.TW,2881.TW",2019,123,10
2019-10-29,-0.009798670530403798,-0.015591348307800956,0.012297513898467338,0.01036293286476215,1.0,0.9999999999999998,0.9999999999999999,0.005849999999999999,"2345.TW,2603.TW,3037.TW,3017.TW,9910.TW",2019,123,5
2019-11-01,0.012100365994180134,0.008135127878316606,0.029265734967521606,0.012698221770880693,0.669714688501613,0.6697146885016132,0.6697146885016131,0.003917830927734437,"2345.TW,6669.TW,2886.TW,2618.TW,2912.TW,2885.TW,5880.TW,2002.TW,2887.TW,2892.TW,1216.TW,3045.TW,1303.TW,2882.TW,1101.TW",2019,123,15
2019-11-01,-0.011698081437249229,-0.015609683327163948,0.029265734967521606,0.012698221770880693,0.6765644011743941,0.6765644011743941,0.6765644011743941,0.003957901746870205,"2345.TW,6669.TW,2886.TW",2019,123,3
2019-11-01,-0.002354246006784865,-0.007063069176398318,0.029265734967521606,0.012698221770880693,0.8068265056197705,0.8068265056197707,0.8068265056197705,0.004719935057875659,"2345.TW,6669.TW,2886.TW,2618.TW,2912.TW",2019,123,5
2019-11-01,0.007792007421196368,0.0030526920265185886,0.029265734967521606,0.012698221770880693,0.8038755792265361,0.8038755792265362,0.8038755792265362,0.004702672138475236,"2345.TW,6669.TW,2886.TW,2618.TW,2912.TW,2885.TW,5880.TW,2002.TW,2887.TW,2892.TW",2019,123,10
2019-11-01,0.013423293934603276,0.009848879266011856,0.029265734967521606,0.012698221770880693,0.6029179101339209,0.6029179101339209,0.6029179101339209,0.0035270697742834376,"2345.TW,6669.TW,2886.TW,2618.TW,2912.TW,2885.TW,5880.TW,2002.TW,2887.TW,2892.TW,1216.TW,3045.TW,1303.TW,2882.TW,1101.TW,2883.TW,2880.TW,2884.TW,2330.TW,3017.TW",2019,123,20
2019-11-06,0.008203227443754891,0.005789916826316244,-0.0177038824077983,-0.007844502254875516,0.4091751724725623,0.40917517247256235,0.4091751724725623,0.0023936747589644895,"3037.TW,3231.TW,5880.TW,6669.TW,2892.TW,2887.TW,2002.TW,2618.TW,1301.TW,1303.TW",2019,123,10
2019-11-06,0.029012380028641743,0.022992657605474198,-0.0177038824077983,-0.007844502254875516,1.0,1.0,1.0,0.00585,"3037.TW,3231.TW,5880.TW",2019,123,3
2019-11-06,0.019118914318008145,0.014257838471251727,-0.0177038824077983,-0.007844502254875516,0.815364256833305,0.8153642568333052,0.815364256833305,0.004769880902474835,"3037.TW,3231.TW,5880.TW,6669.TW,2892.TW",2019,123,5
2019-11-06,0.001917042825529277,-0.0008614668348280174,-0.0177038824077983,-0.007844502254875516,0.4740501418769781,0.47405014187697825,0.47405014187697814,0.0027731933299803223,"3037.TW,3231.TW,5880.TW,6669.TW,2892.TW,2887.TW,2002.TW,2618.TW,1301.TW,1303.TW,2412.TW,2880.TW,1326.TW,2884.TW,2912.TW",2019,123,15
2019-11-06,-0.0024915808085886116,-0.004869210982608396,-0.0177038824077983,-0.007844502254875516,0.40744769724240065,0.4074476972424006,0.4074476972424006,0.0023835690288680437,"3037.TW,3231.TW,5880.TW,6669.TW,2892.TW,2887.TW,2002.TW,2618.TW,1301.TW,1303.TW,2412.TW,2880.TW,1326.TW,2884.TW,2912.TW,1101.TW,4904.TW,2327.TW,2395.TW,1216.TW",2019,123,20
2019-11-11,0.01695842884570793,0.013648339779773089,0.004915419317370606,0.0044758126247299405,0.5563916623419162,0.5563916623419163,0.5563916623419163,0.00325489122470021,"2454.TW,2327.TW,2330.TW,2880.TW,2884.TW,2317.TW,3008.TW,2357.TW,2395.TW,3711.TW,2887.TW,2382.TW,1301.TW,2891.TW,5880.TW,2892.TW,1303.TW,2303.TW,2883.TW,3034.TW",2019,123,20
2019-11-11,0.024047624719014653,0.018056946114408445,0.004915419317370606,0.0044758126247299405,0.9999999999999999,1.0,1.0,0.00585,"2454.TW,2327.TW,2330.TW,2880.TW,2884.TW,2317.TW,3008.TW,2357.TW,2395.TW,3711.TW",2019,123,10
2019-11-11,0.0632206932181815,0.05700085216285511,0.004915419317370606,0.0044758126247299405,1.0,1.0,1.0,0.00585,"2454.TW,2327.TW,2330.TW",2019,123,3
2019-11-11,0.019659805294346685,0.015658756194084633,0.004915419317370606,0.0044758126247299405,0.6707531409864289,0.670753140986429,0.6707531409864289,0.00392390587477061,"2454.TW,2327.TW,2330.TW,2880.TW,2884.TW,2317.TW,3008.TW,2357.TW,2395.TW,3711.TW,2887.TW,2382.TW,1301.TW,2891.TW,5880.TW",2019,123,15
2019-11-11,0.0336589020053066,0.027611997428575563,0.004915419317370606,0.0044758126247299405,1.0,1.0,1.0,0.00585,"2454.TW,2327.TW,2330.TW,2880.TW,2884.TW",2019,123,5
2019-11-14,0.01374112230149609,0.008939978064354426,0.017391163718824654,0.006559094724682317,0.8095838262357664,0.8095838262357664,0.8095838262357664,0.004736065383479234,"3008.TW,2880.TW,2883.TW,2408.TW,2885.TW",2019,123,5
2019-11-14,0.0012375559346455842,-0.004619683767572158,0.017391163718824654,0.006559094724682317,1.0,1.0,1.0,0.00585,"3008.TW,2880.TW,2883.TW",2019,123,3
2019-11-14,0.009970388646390051,0.006370119764876447,0.017391163718824654,0.006559094724682317,0.6093550711534701,0.6093550711534702,0.6093550711534701,0.0035647271662478004,"3008.TW,2880.TW,2883.TW,2408.TW,2885.TW,2912.TW,2886.TW,2884.TW,2892.TW,4904.TW,2882.TW,2887.TW,2330.TW,2395.TW,2207.TW",2019,123,15
2019-11-14,0.007758607668580431,0.00475017891253815,0.017391163718824654,0.006559094724682317,0.5103020920941808,0.5103020920941808,0.5103020920941808,0.002985267238750957,"3008.TW,2880.TW,2883.TW,2408.TW,2885.TW,2912.TW,2886.TW,2884.TW,2892.TW,4904.TW,2882.TW,2887.TW,2330.TW,2395.TW,2207.TW,5871.TW,1303.TW,5880.TW,2618.TW,3045.TW",2019,123,20
2019-11-14,0.009451138103524293,0.005249188765996227,0.017391163718824654,0.006559094724682317,0.7115569153633643,0.7115569153633645,0.7115569153633644,0.0041626079548756825,"3008.TW,2880.TW,2883.TW,2408.TW,2885.TW,2912.TW,2886.TW,2884.TW,2892.TW,4904.TW",2019,123,10
2019-11-19,-0.009986216272295493,-0.01577779690710257,-0.006410134738924933,-0.003160990763843132,1.0,1.0,1.0,0.00585,"2885.TW,2886.TW,2618.TW",2019,123,3
2019-11-19,-0.0021360752897641943,-0.006233116092190016,-0.006410134738924933,-0.003160990763843132,0.701848055403843,0.7018480554038433,0.7018480554038431,0.004105811124112483,"2885.TW,2886.TW,2618.TW,3045.TW,2891.TW,2887.TW,2883.TW,2881.TW,2412.TW,2882.TW",2019,123,10
2019-11-19,-0.007308556236051755,-0.010427794561044035,-0.006410134738924933,-0.003160990763843132,0.5371287682863314,0.5371287682863315,0.5371287682863315,0.003142203294475039,"2885.TW,2886.TW,2618.TW,3045.TW,2891.TW,2887.TW,2883.TW,2881.TW,2412.TW,2882.TW,3008.TW,2892.TW,3037.TW,1101.TW,2345.TW",2019,123,15
2019-11-19,-0.007208172291030091,-0.009268124507421982,-0.006410134738924933,-0.003160990763843132,0.3546852161456721,0.35468521614567217,0.35468521614567217,0.002074908514452182,"2885.TW,2886.TW,2618.TW,3045.TW,2891.TW,2887.TW,2883.TW,2881.TW,2412.TW,2882.TW,3008.TW,2892.TW,3037.TW,1101.TW,2345.TW,2880.TW,2912.TW,3711.TW,5880.TW,2884.TW",2019,123,20
2019-11-19,-0.00605443515875721,-0.010710187635297297,-0.006410134738924933,-0.003160990763843132,0.8007029281548046,0.8007029281548048,0.8007029281548047,0.004684112129705608,"2885.TW,2886.TW,2618.TW,3045.TW,2891.TW",2019,123,5
2019-11-22,0.0078041894320960035,0.005141581035658094,0.002688264635545723,0.0028367134074999867,0.45162218931667264,0.4516221893166726,0.45162218931667264,0.002641989807502535,"1590.TW,5871.TW,3037.TW,2330.TW,2891.TW,2886.TW,1101.TW,2327.TW,2885.TW,2884.TW,2207.TW,2618.TW,2887.TW,3045.TW,3231.TW,2382.TW,2883.TW,2317.TW,2412.TW,2408.TW",2019,123,20
2019-11-22,0.014210645712781933,0.010048598718090496,0.002688264635545723,0.0028367134074999867,0.7014923652606242,0.7014923652606243,0.7014923652606242,0.004103730336774652,"1590.TW,5871.TW,3037.TW,2330.TW,2891.TW,2886.TW,1101.TW,2327.TW,2885.TW,2884.TW",2019,123,10
2019-11-22,0.013442808306751063,0.00869637115215971,0.002688264635545723,0.0028367134074999867,0.8005945396348602,0.8005945396348603,0.8005945396348602,0.004683478056863932,"1590.TW,5871.TW,3037.TW,2330.TW,2891.TW",2019,123,5
2019-11-22,0.013342832808586998,0.010564486533790385,0.002688264635545723,0.0028367134074999867,0.46867750159972354,0.4686775015997233,0.46867750159972343,0.002741763384358382,"1590.TW,5871.TW,3037.TW,2330.TW,2891.TW,2886.TW,1101.TW,2327.TW,2885.TW,2884.TW,2207.TW,2618.TW,2887.TW,3045.TW,3231.TW",2019,123,15
2019-11-22,0.019911171507453213,0.013944691154134548,0.002688264635545723,0.0028367134074999867,1.0,1.0,1.0,0.00585,"1590.TW,5871.TW,3037.TW",2019,123,3
2019-11-27,-0.010454958739880633,-0.016243797231252355,-0.016622188781512448,-0.014619592390039494,1.0,1.0,1.0,0.00585,"2395.TW,2382.TW,1101.TW",2019,123,3
2019-11-27,-0.012805005231436484,-0.01744665230670317,-0.016622188781512448,-0.014619592390039494,0.8037357854271244,0.8037357854271248,0.8037357854271245,0.004701854344748679,"2395.TW,2382.TW,1101.TW,6669.TW,2357.TW,5871.TW,2883.TW,3231.TW,3045.TW,2892.TW",2019,123,10
2019-11-27,-0.014420484815406299,-0.017050777005535367,-0.016622188781512448,-0.014619592390039494,0.45620123965244874,0.4562012396524489,0.45620123965244885,0.0026687772519668257,"2395.TW,2382.TW,1101.TW,6669.TW,2357.TW,5871.TW,2883.TW,3231.TW,3045.TW,2892.TW,1102.TW,2887.TW,2881.TW,2884.TW,2885.TW,2345.TW,2912.TW,2891.TW,2886.TW,2002.TW",2019,123,20
2019-11-27,-0.007632810824882586,-0.013438158881556972,-0.016622188781512448,-0.014619592390039494,1.0,1.0,1.0,0.00585,"2395.TW,2382.TW,1101.TW,6669.TW,2357.TW",2019,123,5
2019-11-27,-0.014273625481303589,-0.01738779680207614,-0.016622188781512448,-0.014619592390039494,0.5400453834561977,0.5400453834561978,0.5400453834561978,0.003159265493218757,"2395.TW,2382.TW,1101.TW,6669.TW,2357.TW,5871.TW,2883.TW,3231.TW,3045.TW,2892.TW,1102.TW,2887.TW,2881.TW,2884.TW,2885.TW",2019,123,15
2019-12-02,0.01111463124948462,0.006381437233276888,0.01744815155953927,0.016323529992794746,0.800199076561382,0.800199076561382,0.800199076561382,0.004681164597884085,"1102.TW,2357.TW,2379.TW,2885.TW,3034.TW",2019,123,5
2019-12-02,0.012436126273458395,0.006513374934758787,0.01744815155953927,0.016323529992794746,1.0,1.0,1.0,0.00585,"1102.TW,2357.TW,2379.TW",2019,123,3
2019-12-02,0.020119472142528058,0.01800523441316293,0.01744815155953927,0.016323529992794746,0.35428022769408035,0.35428022769408024,0.3542802276940803,0.0020725393320103697,"1102.TW,2357.TW,2379.TW,2885.TW,3034.TW,3037.TW,2454.TW,1101.TW,2892.TW,2317.TW,2886.TW,2883.TW,2891.TW,3231.TW,2330.TW,2887.TW,2303.TW,6669.TW,5871.TW,2881.TW",2019,123,20
2019-12-02,0.014674366094892456,0.011488124296764823,0.01744815155953927,0.016323529992794746,0.5367798141238638,0.5367798141238638,0.5367798141238638,0.0031401619126246033,"1102.TW,2357.TW,2379.TW,2885.TW,3034.TW,3037.TW,2454.TW,1101.TW,2892.TW,2317.TW,2886.TW,2883.TW,2891.TW,3231.TW,2330.TW",2019,123,15
2019-12-02,0.012836966555256811,0.008687081344194825,0.01744815155953927,0.016323529992794746,0.7003911890910614,0.7003911890910615,0.7003911890910615,0.00409728845618271,"1102.TW,2357.TW,2379.TW,2885.TW,3034.TW,3037.TW,2454.TW,1101.TW,2892.TW,2317.TW",2019,123,10
2019-12-05,0.004844882302039011,0.002071571913387471,-0.003215382614774609,-0.001102813681662076,0.4717844119583981,0.47178441195839815,0.47178441195839815,0.0027599388099566295,"2885.TW,2892.TW,2412.TW,1102.TW,2454.TW,2379.TW,2308.TW,1101.TW,2615.TW,3045.TW,2207.TW,2891.TW,1301.TW,1303.TW,2886.TW",2019,123,15
2019-12-05,0.006908821608559413,0.004527837012140434,-0.003215382614774609,-0.001102813681662076,0.4042132764986108,0.4042132764986106,0.4042132764986107,0.0023646476675168726,"2885.TW,2892.TW,2412.TW,1102.TW,2454.TW,2379.TW,2308.TW,1101.TW,2615.TW,3045.TW",2019,123,10
2019-12-05,-0.00200655164382509,-0.00784481331670872,-0.003215382614774609,-0.001102813681662076,1.0,0.9999999999999998,0.9999999999999999,0.005849999999999999,"2885.TW,2892.TW,2412.TW",2019,123,3
2019-12-05,0.0028422444082515153,-0.00042386039870934145,-0.003215382614774609,-0.001102813681662076,0.5567261621889861,0.5567261621889856,0.5567261621889859,0.003256848048805567,"2885.TW,2892.TW,2412.TW,1102.TW,2454.TW,2379.TW,2308.TW,1101.TW,2615.TW,3045.TW,2207.TW,2891.TW,1301.TW,1303.TW,2886.TW,2002.TW,5880.TW,2887.TW,2603.TW,2884.TW",2019,123,20
2019-12-05,0.005225328844908228,0.0016840595654281643,-0.003215382614774609,-0.001102813681662076,0.602198490834961,0.6021984908349609,0.6021984908349609,0.0035228611713845216,"2885.TW,2892.TW,2412.TW,1102.TW,2454.TW",2019,123,5
2019-12-10,0.01571253845637642,0.013326472280153379,0.04247314267366242,0.016067769092563126,0.401564955236232,0.4015649552362319,0.4015649552362319,0.002349154988131957,"2892.TW,1102.TW,2395.TW,2207.TW,2317.TW,2615.TW,2330.TW,1101.TW,2308.TW,4904.TW,2885.TW,1301.TW,5871.TW,2887.TW,2884.TW,2412.TW,2002.TW,2382.TW,1590.TW,3231.TW",2019,123,20
2019-12-10,0.02150214812639354,0.01851144710639918,0.04247314267366242,0.016067769092563126,0.5004697684938249,0.5004697684938249,0.5004697684938249,0.0029277481456888754,"2892.TW,1102.TW,2395.TW,2207.TW,2317.TW,2615.TW,2330.TW,1101.TW,2308.TW,4904.TW",2019,123,10
2019-12-10,0.017255967348765697,0.014476713032647304,0.04247314267366242,0.016067769092563126,0.46702720173929596,0.46702720173929624,0.4670272017392961,0.002732109130174883,"2892.TW,1102.TW,2395.TW,2207.TW,2317.TW,2615.TW,2330.TW,1101.TW,2308.TW,4904.TW,2885.TW,1301.TW,5871.TW,2887.TW,2884.TW",2019,123,15
2019-12-10,0.009725398633079566,0.005787469578410587,0.04247314267366242,0.016067769092563126,0.6666666666666666,0.6666666666666667,0.6666666666666667,0.0039000000000000003,"2892.TW,1102.TW,2395.TW",2019,123,3
2019-12-10,0.0247118604394315,0.021111488131362544,0.04247314267366242,0.016067769092563126,0.6006061621318894,0.6006061621318894,0.6006061621318894,0.0035135460484715534,"2892.TW,1102.TW,2395.TW,2207.TW,2317.TW",2019,123,5
2019-12-13,0.016702491759154788,0.013090831241933554,0.012377558688938306,0.013831452658846837,0.6072355199242491,0.6072355199242488,0.607235519924249,0.003552327791556856,"2615.TW,5880.TW,2884.TW,3017.TW,2892.TW,1101.TW,2887.TW,1301.TW,2002.TW,2317.TW",2019,123,10
2019-12-13,0.012203242165661607,0.009512602571758011,0.012377558688938306,0.013831452658846837,0.4543933203930719,0.45439332039307206,0.454393320393072,0.0026582009242994715,"2615.TW,5880.TW,2884.TW,3017.TW,2892.TW,1101.TW,2887.TW,1301.TW,2002.TW,2317.TW,1303.TW,3045.TW,2886.TW,2880.TW,2345.TW,1102.TW,3231.TW,1326.TW,2327.TW,2382.TW",2019,123,20
2019-12-13,0.01897403606557848,0.014191661794686228,0.012377558688938306,0.013831452658846837,0.8022774343914825,0.8022774343914825,0.8022774343914825,0.004693322991190172,"2615.TW,5880.TW,2884.TW,3017.TW,2892.TW",2019,123,5
2019-12-13,0.015738105119066443,0.0097960372041197,0.012377558688938306,0.013831452658846837,1.0,1.0,1.0,0.00585,"2615.TW,5880.TW,2884.TW",2019,123,3
2019-12-13,0.01332821639170653,0.010133815392437073,0.012377558688938306,0.013831452658846837,0.538869286410439,0.5388692864104393,0.5388692864104392,0.0031523853255010694,"2615.TW,5880.TW,2884.TW,3017.TW,2892.TW,1101.TW,2887.TW,1301.TW,2002.TW,2317.TW,1303.TW,3045.TW,2886.TW,2880.TW,2345.TW",2019,123,15
2019-12-18,0.003601905123307759,-0.0011084813562763918,-0.00866020333801698,-0.003062781027909338,0.8023044455216226,0.8023044455216225,0.8023044455216226,0.004693481006301492,"1303.TW,1101.TW,2886.TW,2882.TW,2884.TW",2019,123,5
2019-12-18,0.00695515297904999,0.0010644653341225219,-0.00866020333801698,-0.003062781027909338,1.0,1.0,1.0,0.00585,"1303.TW,1101.TW,2886.TW",2019,123,3
2019-12-18,-0.008705697161742831,-0.01161756005300274,-0.00866020333801698,-0.003062781027909338,0.5021256946208177,0.5021256946208176,0.5021256946208177,0.002937435313531783,"1303.TW,1101.TW,2886.TW,2882.TW,2884.TW,2887.TW,3034.TW,1326.TW,2408.TW,2885.TW,2002.TW,2303.TW,2883.TW,2891.TW,3037.TW,5880.TW,1102.TW,2881.TW,2330.TW,2317.TW",2019,123,20
2019-12-18,-0.004711115764832496,-0.008803406891944698,-0.00866020333801698,-0.003062781027909338,0.7028481437759339,0.7028481437759339,0.7028481437759339,0.004111661641089213,"1303.TW,1101.TW,2886.TW,2882.TW,2884.TW,2887.TW,3034.TW,1326.TW,2408.TW,2885.TW",2019,123,10
2019-12-18,-0.009442163462412735,-0.012933523092713228,-0.00866020333801698,-0.003062781027909338,0.6025025394814658,0.6025025394814658,0.6025025394814658,0.0035246398559665754,"1303.TW,1101.TW,2886.TW,2882.TW,2884.TW,2887.TW,3034.TW,1326.TW,2408.TW,2885.TW,2002.TW,2303.TW,2883.TW,2891.TW,3037.TW",2019,123,15
2019-12-23,0.009901035450790909,0.003993114393403774,0.0030831975508198717,0.0004840500533136538,1.0,1.0000000000000002,1.0,0.005850000000000001,"3037.TW,3008.TW,3034.TW,3231.TW,2303.TW",2019,123,5
2019-12-23,0.016501700240659185,0.010555165294251267,0.0030831975508198717,0.0004840500533136538,1.0,0.9999999999999999,1.0,0.005849999999999999,"3037.TW,3008.TW,3034.TW",2019,123,3
2019-12-23,0.007091903835040004,0.004101420405758782,0.0030831975508198717,0.0004840500533136538,0.5075939411770108,0.5075939411770108,0.5075939411770108,0.002969424555885514,"3037.TW,3008.TW,3034.TW,3231.TW,2303.TW,1101.TW,2408.TW,2884.TW,2887.TW,2881.TW",2019,123,10
2019-12-23,0.004712628429705523,0.002699277886122342,0.0030831975508198717,0.0004840500533136538,0.3425481837732015,0.3425481837732015,0.3425481837732015,0.002003906875073229,"3037.TW,3008.TW,3034.TW,3231.TW,2303.TW,1101.TW,2408.TW,2884.TW,2887.TW,2881.TW,2891.TW,2882.TW,1303.TW,2317.TW,2892.TW",2019,123,15
2019-12-23,0.004048132354762091,0.0025382755451788253,0.0030831975508198717,0.0004840500533136538,0.25705459012213744,0.2570545901221376,0.2570545901221375,0.0015037693522145048,"3037.TW,3008.TW,3034.TW,3231.TW,2303.TW,1101.TW,2408.TW,2884.TW,2887.TW,2881.TW,2891.TW,2882.TW,1303.TW,2317.TW,2892.TW,1102.TW,1326.TW,2327.TW,2379.TW,2885.TW",2019,123,20
2019-12-26,0.008889852401148231,0.006213635096041337,-0.005635191044061738,0.002667144376525672,0.4534420110572529,0.45344201105725296,0.4534420110572529,0.0026526357646849295,"3711.TW,2892.TW,2382.TW,1102.TW,6669.TW,1101.TW,2884.TW,2303.TW,1590.TW,2891.TW,1301.TW,2881.TW,2308.TW,2345.TW,1303.TW,2317.TW,2379.TW,2886.TW,2887.TW,2207.TW",2019,123,20
2019-12-26,0.005872792163526453,-1.1563670630265754e-05,-0.005635191044061738,0.002667144376525672,1.0,1.0,1.0,0.00585,"3711.TW,2892.TW,2382.TW,1102.TW,6669.TW",2019,123,5
2019-12-26,0.013728954765958456,0.010553806872806382,-0.005635191044061738,0.002667144376525672,0.5354097079539808,0.5354097079539808,0.5354097079539808,0.0031321467915307877,"3711.TW,2892.TW,2382.TW,1102.TW,6669.TW,1101.TW,2884.TW,2303.TW,1590.TW,2891.TW,1301.TW,2881.TW,2308.TW,2345.TW,1303.TW",2019,123,15
2019-12-26,-0.005192585112699747,-0.011012208489790454,-0.005635191044061738,0.002667144376525672,1.0,1.0,1.0,0.00585,"3711.TW,2892.TW,2382.TW",2019,123,3
2019-12-26,0.01057524645890483,0.006422415610151777,-0.005635191044061738,0.002667144376525672,0.7024569596959018,0.7024569596959022,0.702456959695902,0.004109373214221028,"3711.TW,2892.TW,2382.TW,1102.TW,6669.TW,1101.TW,2884.TW,2303.TW,1590.TW,2891.TW",2019,123,10
2019-12-31,-0.0201791179104943,-0.02309156720126715,-0.0061823329308535735,-0.010880287412725429,0.5081077457316487,0.5081077457316486,0.5081077457316487,0.0029724303125301444,"2207.TW,2454.TW,2330.TW,2892.TW,2885.TW,3711.TW,2382.TW,2002.TW,2303.TW,2891.TW",2019,123,10
2019-12-31,-0.015434490821729784,-0.020053784970157196,-0.0061823329308535735,-0.010880287412725429,0.8020014148313398,0.8020014148313397,0.8020014148313397,0.004691708276763337,"2207.TW,2454.TW,2330.TW,2892.TW,2885.TW",2019,123,5
2019-12-31,-0.014422148022186741,-0.017546000763078884,-0.0061823329308535735,-0.010880287412725429,0.5418059267955553,0.5418059267955553,0.5418059267955553,0.0031695646717539985,"2207.TW,2454.TW,2330.TW,2892.TW,2885.TW,3711.TW,2382.TW,2002.TW,2303.TW,2891.TW,2884.TW,2886.TW,1303.TW,1216.TW,5876.TW",2019,123,15
2019-12-31,-0.018573535875446596,-0.024314880690575302,-0.0061823329308535735,-0.010880287412725429,1.0,1.0,1.0,0.00585,"2207.TW,2454.TW,2330.TW",2019,123,3
2019-12-31,-0.013459322409629704,-0.015811965252279236,-0.0061823329308535735,-0.010880287412725429,0.4076478333016708,0.4076478333016708,0.4076478333016708,0.002384739824814774,"2207.TW,2454.TW,2330.TW,2892.TW,2885.TW,3711.TW,2382.TW,2002.TW,2303.TW,2891.TW,2884.TW,2886.TW,1303.TW,1216.TW,5876.TW,2887.TW,2881.TW,1101.TW,2408.TW,2395.TW",2019,123,20
2020-01-02,-0.02146006408023915,-0.022854483488924826,-0.03153633994031002,-0.028515013544410567,1.0,0.0,0.5,0.001425,"2395.TW,2207.TW,2454.TW",2020,123,3
2020-01-02,-0.020734630411280895,-0.02213008356294477,-0.03153633994031002,-0.028515013544410567,1.0,0.0,0.5,0.001425,"2395.TW,2207.TW,2454.TW,2382.TW,2912.TW",2020,123,5
2020-01-02,-0.020224924410835385,-0.021621103893549876,-0.03153633994031002,-0.028515013544410567,1.0000000000000002,0.0,0.5000000000000001,0.0014250000000000003,"2395.TW,2207.TW,2454.TW,2382.TW,2912.TW,2892.TW,3231.TW,2885.TW,3711.TW,2412.TW,3017.TW,1326.TW,2884.TW,5871.TW,2887.TW,2615.TW,2886.TW,2317.TW,2883.TW,1216.TW",2020,123,20
2020-01-02,-0.020602430327284364,-0.021998071864067992,-0.03153633994031002,-0.028515013544410567,0.9999999999999999,0.0,0.49999999999999994,0.0014249999999999998,"2395.TW,2207.TW,2454.TW,2382.TW,2912.TW,2892.TW,3231.TW,2885.TW,3711.TW,2412.TW,3017.TW,1326.TW,2884.TW,5871.TW,2887.TW",2020,123,15
2020-01-02,-0.021304439391274077,-0.022699080565141472,-0.03153633994031002,-0.028515013544410567,0.9999999999999999,0.0,0.49999999999999994,0.0014249999999999998,"2395.TW,2207.TW,2454.TW,2382.TW,2912.TW,2892.TW,3231.TW,2885.TW,3711.TW,2412.TW",2020,123,10
2020-01-07,0.03595098661257309,0.0331723771943202,0.027836318060386667,0.025012818855222788,0.4584927038732115,0.45849270387321145,0.4584927038732115,0.0026821823176582872,"2207.TW,3008.TW,2454.TW,2408.TW,2382.TW,2330.TW,2303.TW,2308.TW,2317.TW,2327.TW,3017.TW,3711.TW,2892.TW,2885.TW,2345.TW,1216.TW,1590.TW,1101.TW,2615.TW,2884.TW",2020,123,20
2020-01-07,0.036654476058938595,0.034179325491037416,0.027836318060386667,0.025012818855222788,0.40814241480750113,0.4081424148075011,0.40814241480750113,0.002387633126623881,"2207.TW,3008.TW,2454.TW,2408.TW,2382.TW",2020,123,5
2020-01-07,0.028215732159862235,0.0249515250987995,0.027836318060386667,0.025012818855222788,0.5426722190197308,0.5426722190197308,0.5426722190197308,0.0031746324812654257,"2207.TW,3008.TW,2454.TW,2408.TW,2382.TW,2330.TW,2303.TW,2308.TW,2317.TW,2327.TW,3017.TW,3711.TW,2892.TW,2885.TW,2345.TW",2020,123,15
2020-01-07,0.03225395747626601,0.02800333320495385,0.027836318060386667,0.025012818855222788,0.7038989139038648,0.7038989139038647,0.7038989139038647,0.004117808646337609,"2207.TW,3008.TW,2454.TW,2408.TW,2382.TW,2330.TW,2303.TW,2308.TW,2317.TW,2327.TW",2020,123,10
2020-01-07,0.039123513175842284,0.03704591637992838,0.027836318060386667,0.025012818855222788,0.3417733762494127,0.3417733762494127,0.3417733762494127,0.001999374251059064,"2207.TW,3008.TW,2454.TW",2020,123,3
2020-01-10,0.023554522191081118,0.017566728236263263,-0.0071537596501117795,0.002298050798696498,1.0,1.0,1.0,0.00585,"2327.TW,1101.TW,2884.TW,2891.TW,2892.TW",2020,123,5
2020-01-10,0.007061718585236226,0.0029011306216755184,-0.0071537596501117795,0.002298050798696498,0.7062244593130025,0.7062244593130024,0.7062244593130025,0.004131413086981064,"2327.TW,1101.TW,2884.TW,2891.TW,2892.TW,2882.TW,1303.TW,2357.TW,2886.TW,2345.TW,1301.TW,2609.TW,1102.TW,1326.TW,2880.TW,9910.TW,4904.TW,3045.TW,2881.TW,3017.TW",2020,123,20
2020-01-10,0.016222579563496386,0.01086546666472099,-0.0071537596501117795,0.002298050798696498,0.9011271871717517,0.9011271871717518,0.9011271871717517,0.0052715940449547475,"2327.TW,1101.TW,2884.TW,2891.TW,2892.TW,2882.TW,1303.TW,2357.TW,2886.TW,2345.TW",2020,123,10
2020-01-10,0.03056392062326603,0.024535121687619732,-0.0071537596501117795,0.002298050798696498,1.0,1.0,1.0,0.00585,"2327.TW,1101.TW,2884.TW",2020,123,3
2020-01-10,0.010132642087753945,0.005395584598988146,-0.0071537596501117795,0.002298050798696498,0.8016307791117528,0.8016307791117532,0.801630779111753,0.0046895400578037556,"2327.TW,1101.TW,2884.TW,2891.TW,2892.TW,2882.TW,1303.TW,2357.TW,2886.TW,2345.TW,1301.TW,2609.TW,1102.TW,1326.TW,2880.TW",2020,123,15
2020-01-15,-0.02260399274200125,-0.025200185558683086,-0.02213067577886041,-0.027300017295578852,0.45405714836330063,0.45405714836330074,0.4540571483633007,0.0026562343179253093,"2454.TW,2308.TW,2357.TW,1301.TW,1102.TW,2618.TW,2412.TW,2912.TW,5880.TW,1101.TW,1326.TW,2881.TW,4904.TW,2887.TW,2330.TW,2884.TW,2891.TW,1303.TW,2880.TW,2002.TW",2020,123,20
2020-01-15,-0.008073081304889634,-0.013875853779256042,-0.02213067577886041,-0.027300017295578852,1.0,1.0,1.0,0.00585,"2454.TW,2308.TW,2357.TW",2020,123,3
2020-01-15,-0.01902511797720885,-0.024763821037042222,-0.02213067577886041,-0.027300017295578852,1.0,1.0,1.0,0.00585,"2454.TW,2308.TW,2357.TW,1301.TW,1102.TW",2020,123,5
2020-01-15,-0.022333210636909955,-0.026174588092903295,-0.02213067577886041,-0.027300017295578852,0.6716457244098449,0.6716457244098447,0.6716457244098448,0.003929127487797592,"2454.TW,2308.TW,2357.TW,1301.TW,1102.TW,2618.TW,2412.TW,2912.TW,5880.TW,1101.TW,1326.TW,2881.TW,4904.TW,2887.TW,2330.TW",2020,123,15
2020-01-15,-0.02576669893548953,-0.03033879629285474,-0.02213067577886041,-0.027300017295578852,0.8022258148732355,0.8022258148732357,0.8022258148732356,0.004693021017008429,"2454.TW,2308.TW,2357.TW,1301.TW,1102.TW,2618.TW,2412.TW,2912.TW,5880.TW,1101.TW",2020,123,10
2020-01-20,0.003197130588145896,-0.0026715726257947603,0.05368614737702382,0.013493325838200669,1.0,1.0,1.0,0.00585,"2330.TW,2603.TW,2912.TW",2020,123,3
2020-01-20,0.003938641615660465,-0.0019343994377912788,0.05368614737702382,0.013493325838200669,1.0,1.0,1.0,0.00585,"2330.TW,2603.TW,2912.TW,2887.TW,3008.TW",2020,123,5
2020-01-20,0.0162591052222682,0.013265839979807126,0.05368614737702382,0.013493325838200669,0.5034830877147894,0.5034830877147892,0.5034830877147893,0.0029453760631315174,"2330.TW,2603.TW,2912.TW,2887.TW,3008.TW,2880.TW,2882.TW,2609.TW,2883.TW,2395.TW,2881.TW,2615.TW,1303.TW,3711.TW,1102.TW,2002.TW,5876.TW,1216.TW,1101.TW,5880.TW",2020,123,20
2020-01-20,0.023735534172401714,0.019733963995292036,0.05368614737702382,0.013493325838200669,0.6681697247689918,0.668169724768992,0.668169724768992,0.003908792889898603,"2330.TW,2603.TW,2912.TW,2887.TW,3008.TW,2880.TW,2882.TW,2609.TW,2883.TW,2395.TW,2881.TW,2615.TW,1303.TW,3711.TW,1102.TW",2020,123,15
2020-01-20,0.013740346798250015,0.008403003872357262,0.05368614737702382,0.013493325838200669,0.8999999999999999,0.9000000000000001,0.9,0.005265000000000001,"2330.TW,2603.TW,2912.TW,2887.TW,3008.TW,2880.TW,2882.TW,2609.TW,2883.TW,2395.TW",2020,123,10
2020-02-03,-0.08052082802809707,-0.0848312812220724,-0.05466737494653251,-0.015434075890509116,0.8013554067000144,0.8013554067000144,0.8013554067000144,0.004687929129195085,"3017.TW,3037.TW,5871.TW,2618.TW,2603.TW,2207.TW,2317.TW,2609.TW,3034.TW,3711.TW",2020,123,10
2020-02-03,-0.088902047276591,-0.0931701677102017,-0.05466737494653251,-0.015434075890509116,0.8007846295053103,0.8007846295053103,0.8007846295053103,0.004684590082606065,"3017.TW,3037.TW,5871.TW,2618.TW,2603.TW",2020,123,5
2020-02-03,-0.09726887955492099,-0.10254985660952476,-0.05466737494653251,-0.015434075890509116,1.0,1.0,1.0,0.00585,"3017.TW,3037.TW,5871.TW",2020,123,3
2020-02-03,-0.05265713323319882,-0.05636778057963843,-0.05466737494653251,-0.015434075890509116,0.6695555684753061,0.6695555684753061,0.6695555684753061,0.00391690007558054,"3017.TW,3037.TW,5871.TW,2618.TW,2603.TW,2207.TW,2317.TW,2609.TW,3034.TW,3711.TW,3008.TW,6669.TW,1101.TW,1102.TW,2454.TW",2020,123,15
2020-02-03,-0.039896541977398864,-0.04355898446928208,-0.05466737494653251,-0.015434075890509116,0.6520740451351653,0.6520740451351654,0.6520740451351654,0.003814633164040718,"3017.TW,3037.TW,5871.TW,2618.TW,2603.TW,2207.TW,2317.TW,2609.TW,3034.TW,3711.TW,3008.TW,6669.TW,1101.TW,1102.TW,2454.TW,2379.TW,2308.TW,2382.TW,3231.TW,1303.TW",2020,123,20
2020-02-06,-0.005111081829513864,-0.009227127613393948,0.003818990168055425,0.0005565753133735707,0.707212189264175,0.7072121892641751,0.707212189264175,0.004137191307195424,"3034.TW,3008.TW,4904.TW,9910.TW,2454.TW,2357.TW,5880.TW,5871.TW,3017.TW,2885.TW",2020,123,10
2020-02-06,-0.0024843957281844298,-0.006358532472589773,0.003818990168055425,0.0005565753133735707,0.6638949751745518,0.6638949751745515,0.6638949751745516,0.0038837856047711267,"3034.TW,3008.TW,4904.TW,9910.TW,2454.TW,2357.TW,5880.TW,5871.TW,3017.TW,2885.TW,2603.TW,2886.TW,2884.TW,2412.TW,2891.TW,2002.TW,2317.TW,2880.TW,1216.TW,2892.TW",2020,123,20
2020-02-06,-0.005255318248778673,-0.011074574637023327,0.003818990168055425,0.0005565753133735707,1.0,0.9999999999999999,1.0,0.005849999999999999,"3034.TW,3008.TW,4904.TW",2020,123,3
2020-02-06,-0.0040601852463903135,-0.007627110058319064,0.003818990168055425,0.0005565753133735707,0.6122164492767894,0.6122164492767895,0.6122164492767894,0.003581466228269219,"3034.TW,3008.TW,4904.TW,9910.TW,2454.TW,2357.TW,5880.TW,5871.TW,3017.TW,2885.TW,2603.TW,2886.TW,2884.TW,2412.TW,2891.TW",2020,123,15
2020-02-06,-0.0015428067630708364,-0.007383781343506923,0.003818990168055425,0.0005565753133735707,1.0,1.0,1.0,0.00585,"3034.TW,3008.TW,4904.TW,9910.TW,2454.TW",2020,123,5
2020-02-11,0.02932843896504559,0.02330686759710021,0.0032608293348226347,0.007225258800177714,1.0,1.0,1.0,0.00585,"3037.TW,2207.TW,2379.TW",2020,123,3
2020-02-11,0.018319235753560783,0.012362068224402556,0.0032608293348226347,0.007225258800177714,1.0,1.0,1.0,0.00585,"3037.TW,2207.TW,2379.TW,2395.TW,3711.TW",2020,123,5
2020-02-11,0.013076442182169858,0.008899003545892459,0.0032608293348226347,0.007225258800177714,0.7048748197511755,0.7048748197511755,0.7048748197511755,0.004123517695544377,"3037.TW,2207.TW,2379.TW,2395.TW,3711.TW,3008.TW,5871.TW,2886.TW,2885.TW,2308.TW",2020,123,10
2020-02-11,0.011183655630577945,0.008493246520631992,0.0032608293348226347,0.007225258800177714,0.45481252648053133,0.45481252648053117,0.4548125264805313,0.002660653279911108,"3037.TW,2207.TW,2379.TW,2395.TW,3711.TW,3008.TW,5871.TW,2886.TW,2885.TW,2308.TW,3034.TW,2884.TW,5880.TW,6669.TW,9910.TW,2618.TW,2892.TW,1301.TW,2603.TW,2891.TW",2020,123,20
2020-02-11,0.013620213621249247,0.01081836736892372,0.0032608293348226347,0.007225258800177714,0.47251235806509795,0.47251235806509817,0.47251235806509806,0.0027641972946808244,"3037.TW,2207.TW,2379.TW,2395.TW,3711.TW,3008.TW,5871.TW,2886.TW,2885.TW,2308.TW,3034.TW,2884.TW,5880.TW,6669.TW,9910.TW",2020,123,15
2020-02-14,0.009359697569531566,0.004626075178769673,0.0005416163554292641,0.01358203285787845,0.8016628983616979,0.801662898361698,0.801662898361698,0.004689727955415933,"2303.TW,3037.TW,2618.TW,2382.TW,2317.TW",2020,123,5
2020-02-14,0.01836811086523013,0.015160488820403994,0.0005416163554292641,0.01358203285787845,0.5384216716960721,0.5384216716960722,0.5384216716960721,0.0031497667794220226,"2303.TW,3037.TW,2618.TW,2382.TW,2317.TW,2884.TW,2892.TW,2603.TW,1216.TW,2885.TW,2395.TW,3231.TW,2886.TW,5871.TW,5880.TW",2020,123,15
2020-02-14,0.013745807181359499,0.009754795252113091,0.0005416163554292641,0.01358203285787845,0.6729736947632792,0.6729736947632792,0.6729736947632792,0.003936896114365184,"2303.TW,3037.TW,2618.TW",2020,123,3
2020-02-14,0.017226712627158816,0.012450715302863236,0.0005416163554292641,0.01358203285787845,0.802583916535536,0.8025839165355361,0.802583916535536,0.004695115911732886,"2303.TW,3037.TW,2618.TW,2382.TW,2317.TW,2884.TW,2892.TW,2603.TW,1216.TW,2885.TW",2020,123,10
2020-02-14,0.02057314461871095,0.01815190123113397,0.0005416163554292641,0.01358203285787845,0.4055444342647287,0.40554443426472847,0.4055444342647286,0.002372434940448662,"2303.TW,3037.TW,2618.TW,2382.TW,2317.TW,2884.TW,2892.TW,2603.TW,1216.TW,2885.TW,2395.TW,3231.TW,2886.TW,5871.TW,5880.TW,3017.TW,3034.TW,2880.TW,2891.TW,2609.TW",2020,123,20
2020-02-19,-0.045929484486383856,-0.04855359266560877,-0.03086083668227424,-0.037802214494543324,0.4701596930502683,0.47015969305026833,0.4701596930502683,0.00275043420434407,"3037.TW,3017.TW,2303.TW,2379.TW,5871.TW,2395.TW,2618.TW,1590.TW,2454.TW,1216.TW,2330.TW,3034.TW,5880.TW,2887.TW,2382.TW",2020,123,15
2020-02-19,-0.05393165370686151,-0.05727347651951742,-0.03086083668227424,-0.037802214494543324,0.6038165900861632,0.6038165900861633,0.6038165900861632,0.003532327052004055,"3037.TW,3017.TW,2303.TW,2379.TW,5871.TW,2395.TW,2618.TW,1590.TW,2454.TW,1216.TW",2020,123,10
2020-02-19,-0.0402020680150745,-0.042205608774361414,-0.03086083668227424,-0.037802214494543324,0.3568309416647958,0.3568309416647958,0.3568309416647958,0.002087461008739055,"3037.TW,3017.TW,2303.TW,2379.TW,5871.TW,2395.TW,2618.TW,1590.TW,2454.TW,1216.TW,2330.TW,3034.TW,5880.TW,2887.TW,2382.TW,2327.TW,3008.TW,2892.TW,2891.TW,2317.TW",2020,123,20
2020-02-19,-0.03881553838968477,-0.04074327644541231,-0.03086083668227424,-0.037802214494543324,0.3428352058686781,0.3428352058686782,0.34283520586867816,0.0020055859543317675,"3037.TW,3017.TW,2303.TW",2020,123,3
2020-02-19,-0.057978992279416185,-0.06131225103555504,-0.03086083668227424,-0.037802214494543324,0.604856809871927,0.6048568098719269,0.6048568098719269,0.0035384123377507726,"3037.TW,3017.TW,2303.TW,2379.TW,5871.TW",2020,123,5
2020-02-24,-0.05691087943435154,-0.06242795078966068,-0.02234623375027145,-0.035182403336353,1.0,1.0,1.0,0.00585,"1590.TW,2886.TW,2345.TW",2020,123,3
2020-02-24,-0.03757022115742104,-0.040993177296894445,-0.02234623375027145,-0.035182403336353,0.6079619733981535,0.6079619733981535,0.6079619733981535,0.003556577544379198,"1590.TW,2886.TW,2345.TW,2379.TW,5871.TW,2891.TW,2207.TW,2912.TW,3008.TW,6669.TW,2884.TW,2892.TW,2454.TW,5880.TW,2395.TW",2020,123,15
2020-02-24,-0.03159034825295698,-0.03419590845053333,-0.02234623375027145,-0.035182403336353,0.45992406701556876,0.4599240670155686,0.45992406701556865,0.0026905557920410767,"1590.TW,2886.TW,2345.TW,2379.TW,5871.TW,2891.TW,2207.TW,2912.TW,3008.TW,6669.TW,2884.TW,2892.TW,2454.TW,5880.TW,2395.TW,3017.TW,2880.TW,2618.TW,3045.TW,5876.TW",2020,123,20
2020-02-24,-0.04345257086267241,-0.047413145937211354,-0.02234623375027145,-0.035182403336353,0.7077760701041743,0.7077760701041743,0.7077760701041743,0.00414049001010942,"1590.TW,2886.TW,2345.TW,2379.TW,5871.TW,2891.TW,2207.TW,2912.TW,3008.TW,6669.TW",2020,123,10
2020-02-24,-0.055793013865438605,-0.05917460019672616,-0.02234623375027145,-0.035182403336353,0.6122057493830853,0.6122057493830851,0.6122057493830853,0.0035814036338910485,"1590.TW,2886.TW,2345.TW,2379.TW,5871.TW",2020,123,5
2020-02-27,0.04631476441446858,0.04379757215449609,0.026285466013146852,0.03529141872071182,0.41124266792675535,0.41124266792675535,0.41124266792675535,0.002405769607371519,"2345.TW,6669.TW,2327.TW,1590.TW,2379.TW,2884.TW,2408.TW,2886.TW,2454.TW,3008.TW",2020,123,10
2020-02-27,0.03517436772650069,0.031081144239619718,0.026285466013146852,0.03529141872071182,0.6759212209634234,0.6759212209634234,0.6759212209634234,0.003954139142636027,"2345.TW,6669.TW,2327.TW",2020,123,3
2020-02-27,0.04908050959331213,0.046564176802340373,0.026285466013146852,0.03529141872071182,0.4100184432916682,0.4100184432916683,0.41001844329166826,0.0023986078932562594,"2345.TW,6669.TW,2327.TW,1590.TW,2379.TW,2884.TW,2408.TW,2886.TW,2454.TW,3008.TW,2891.TW,3034.TW,3037.TW,2609.TW,2303.TW",2020,123,15
2020-02-27,0.04369422152746816,0.041195073256889536,0.026285466013146852,0.03529141872071182,0.4093199174297957,0.40931991742979573,0.4093199174297957,0.002394521516964305,"2345.TW,6669.TW,2327.TW,1590.TW,2379.TW,2884.TW,2408.TW,2886.TW,2454.TW,3008.TW,2891.TW,3034.TW,3037.TW,2609.TW,2303.TW,2892.TW,3017.TW,5876.TW,9910.TW,2887.TW",2020,123,20
2020-02-27,0.051012803843445156,0.04846435836060525,0.026285466013146852,0.03529141872071182,0.41448753514257647,0.4144875351425764,0.4144875351425764,0.002424752080584072,"2345.TW,6669.TW,2327.TW,1590.TW,2379.TW",2020,123,5
2020-03-04,-0.0568926443948213,-0.058059895936525496,-0.0534518092943389,-0.05397003792723499,0.21156677114563582,0.2115667711456355,0.21156677114563566,0.0012376656112019681,"2327.TW,6669.TW,2609.TW,1590.TW,2303.TW,3008.TW,3017.TW,2891.TW,2884.TW,2886.TW,2892.TW,3037.TW,3034.TW,2379.TW,2887.TW",2020,123,15
2020-03-04,-0.06725473325162279,-0.06914905299416652,-0.0534518092943389,-0.05397003792723499,0.34716374571869557,0.3471637457186956,0.34716374571869557,0.002030907912454369,"2327.TW,6669.TW,2609.TW",2020,123,3
2020-03-04,-0.05879219299329479,-0.059401974046264794,-0.0534518092943389,-0.05397003792723499,0.11074714495014157,0.11074714495014168,0.11074714495014162,0.0006478707979583287,"2327.TW,6669.TW,2609.TW,1590.TW,2303.TW,3008.TW,3017.TW,2891.TW,2884.TW,2886.TW,2892.TW,3037.TW,3034.TW,2379.TW,2887.TW,2454.TW,5871.TW,9910.TW,2408.TW,2882.TW",2020,123,20
2020-03-04,-0.059685955996131516,-0.061946588253431134,-0.0534518092943389,-0.05397003792723499,0.410961494151713,0.410961494151713,0.410961494151713,0.0024041247407875213,"2327.TW,6669.TW,2609.TW,1590.TW,2303.TW,3008.TW,3017.TW,2891.TW,2884.TW,2886.TW",2020,123,10
2020-03-04,-0.07211510556623218,-0.07436344143109397,-0.0534518092943389,-0.05397003792723499,0.41420107103362136,0.41420107103362136,0.41420107103362136,0.002423076265546685,"2327.TW,6669.TW,2609.TW,1590.TW,2303.TW",2020,123,5
2020-03-09,-0.14467452497707373,-0.14804123664491586,-0.08235322260497846,-0.10263780711620926,0.6728506104553553,0.6728506104553555,0.6728506104553554,0.00393617607116383,"2327.TW,2207.TW,5876.TW",2020,123,3
2020-03-09,-0.11490411017210926,-0.11753866119066492,-0.08235322260497846,-0.10263780711620926,0.5088156059001607,0.5088156059001607,0.5088156059001607,0.0029765712945159406,"2327.TW,2207.TW,5876.TW,1590.TW,6669.TW,5871.TW,3231.TW,2308.TW,3037.TW,2881.TW,2408.TW,2884.TW,3017.TW,2345.TW,1326.TW,2891.TW,1303.TW,2886.TW,2885.TW,3711.TW",2020,123,20
2020-03-09,-0.1385593747700682,-0.14061155050428387,-0.08235322260497846,-0.10263780711620926,0.40722396939714356,0.4072239693971435,0.40722396939714356,0.0023822602209732898,"2327.TW,2207.TW,5876.TW,1590.TW,6669.TW",2020,123,5
2020-03-09,-0.12724579977586337,-0.13085142313994835,-0.08235322260497846,-0.10263780711620926,0.7062078578874514,0.7062078578874514,0.7062078578874514,0.0041313159686415905,"2327.TW,2207.TW,5876.TW,1590.TW,6669.TW,5871.TW,3231.TW,2308.TW,3037.TW,2881.TW",2020,123,10
2020-03-09,-0.12092819789754464,-0.12404681809109619,-0.08235322260497846,-0.10263780711620926,0.6064322251130876,0.6064322251130878,0.6064322251130877,0.0035476285169115636,"2327.TW,2207.TW,5876.TW,1590.TW,6669.TW,5871.TW,3231.TW,2308.TW,3037.TW,2881.TW,2408.TW,2884.TW,3017.TW,2345.TW,1326.TW",2020,123,15
2020-03-12,-0.03483735635000783,-0.03691346163741693,-0.039102394043946664,-0.03282409278685168,0.3676994701923046,0.3676994701923044,0.36769947019230453,0.002151041900624981,"3037.TW,2207.TW,2408.TW,2327.TW,1590.TW,6669.TW,2379.TW,9910.TW,3008.TW,2454.TW,3711.TW,5876.TW,2308.TW,2345.TW,2609.TW,3017.TW,2395.TW,5871.TW,3231.TW,1301.TW",2020,123,20
2020-03-12,-0.0985646923701741,-0.10074398907646553,-0.039102394043946664,-0.03282409278685168,0.41326243641634197,0.41326243641634197,0.41326243641634197,0.0024175852530356006,"3037.TW,2207.TW,2408.TW,2327.TW,1590.TW",2020,123,5
2020-03-12,-0.10364667149817637,-0.10719882447678064,-0.039102394043946664,-0.03282409278685168,0.6774177303308946,0.6774177303308946,0.6774177303308946,0.003962893722435733,"3037.TW,2207.TW,2408.TW",2020,123,3
2020-03-12,-0.02918107236344547,-0.03156957218941814,-0.039102394043946664,-0.03282409278685168,0.42056304931787203,0.4205630493178721,0.42056304931787203,0.002460293838509552,"3037.TW,2207.TW,2408.TW,2327.TW,1590.TW,6669.TW,2379.TW,9910.TW,3008.TW,2454.TW,3711.TW,5876.TW,2308.TW,2345.TW,2609.TW",2020,123,15
2020-03-12,-0.031141874379300143,-0.03409219901020555,-0.039102394043946664,-0.03282409278685168,0.520539574783312,0.520539574783312,0.520539574783312,0.003045156512482376,"3037.TW,2207.TW,2408.TW,2327.TW,1590.TW,6669.TW,2379.TW,9910.TW,3008.TW,2454.TW",2020,123,10
2020-03-17,-0.09795389470150907,-0.1002533596086197,-0.05270187482504718,-0.07418167561625752,0.4357548045311167,0.4357548045311166,0.43575480453111665,0.002549165606507032,"2327.TW,1590.TW,2207.TW,3037.TW,2408.TW,3017.TW,2615.TW,2609.TW,9910.TW,2618.TW",2020,123,10
2020-03-17,-0.12344466742354224,-0.12693015486731885,-0.05270187482504718,-0.07418167561625752,0.6797172948543149,0.6797172948543149,0.6797172948543149,0.003976346174897742,"2327.TW,1590.TW,2207.TW",2020,123,3
2020-03-17,-0.08757845523709563,-0.08906915526908676,-0.05270187482504718,-0.07418167561625752,0.27927937448614815,0.27927937448614804,0.2792793744861481,0.0016337843407439661,"2327.TW,1590.TW,2207.TW,3037.TW,2408.TW,3017.TW,2615.TW,2609.TW,9910.TW,2618.TW,2884.TW,5871.TW,2603.TW,2379.TW,5876.TW,3231.TW,2395.TW,3008.TW,2454.TW,1303.TW",2020,123,20
2020-03-17,-0.11491179929321411,-0.11499153248633143,-0.05270187482504718,-0.07418167561625752,0.015399149655570349,0.015399149655570349,0.015399149655570349,9.008502548508654e-05,"2327.TW,1590.TW,2207.TW,3037.TW,2408.TW",2020,123,5
2020-03-17,-0.09163586121004913,-0.09395075205311543,-0.05270187482504718,-0.07418167561625752,0.43562688081094436,0.4356268808109444,0.43562688081094436,0.002548417252744025,"2327.TW,1590.TW,2207.TW,3037.TW,2408.TW,3017.TW,2615.TW,2609.TW,9910.TW,2618.TW,2884.TW,5871.TW,2603.TW,2379.TW,5876.TW",2020,123,15
2020-03-20,0.16545654398281429,0.15863862320051458,0.09014081541277985,0.12120233169226688,1.0,1.0,1.0,0.00585,"2618.TW,3034.TW,2345.TW,1303.TW,2379.TW",2020,123,5
2020-03-20,0.15865745139420853,0.15446795178682748,0.09014081541277985,0.12120233169226688,0.6180893051503359,0.6180893051503359,0.6180893051503359,0.0036158224351294653,"2618.TW,3034.TW,2345.TW,1303.TW,2379.TW,2887.TW,2408.TW,6669.TW,9910.TW,2615.TW",2020,123,10
2020-03-20,0.14805482757162744,0.14522637381654202,0.09014081541277985,0.12120233169226688,0.421143970461176,0.4211439704611759,0.42114397046117596,0.0024636922271978794,"2618.TW,3034.TW,2345.TW,1303.TW,2379.TW,2887.TW,2408.TW,6669.TW,9910.TW,2615.TW,2891.TW,1301.TW,2207.TW,2603.TW,2357.TW,2327.TW,2883.TW,2395.TW,5876.TW,2609.TW",2020,123,20
2020-03-20,0.15545221480952662,0.1517146358311543,0.09014081541277985,0.12120233169226688,0.5529457482330081,0.5529457482330082,0.5529457482330082,0.003234732627163098,"2618.TW,3034.TW,2345.TW,1303.TW,2379.TW,2887.TW,2408.TW,6669.TW,9910.TW,2615.TW,2891.TW,1301.TW,2207.TW,2603.TW,2357.TW",2020,123,15
2020-03-20,0.1432741915943061,0.1365860375734793,0.09014081541277985,0.12120233169226688,1.0,1.0,1.0,0.00585,"2618.TW,3034.TW,2345.TW",2020,123,3
2020-03-25,-0.009925745876164838,-0.015717680262789302,-0.007751828363849134,0.005002222169354009,1.0,1.0000000000000002,1.0,0.005850000000000001,"1216.TW,4904.TW,1102.TW,2002.TW,2912.TW",2020,123,5
2020-03-25,-0.0008535828755047005,-0.005975588963956446,-0.007751828363849134,0.005002222169354009,0.8763045949124634,0.8763045949124633,0.8763045949124633,0.0051263818802379105,"1216.TW,4904.TW,1102.TW,2002.TW,2912.TW,3045.TW,2882.TW,2412.TW,2886.TW,2881.TW,2603.TW,2395.TW,3017.TW,2357.TW,2317.TW",2020,123,15
2020-03-25,-0.0014272037334894239,-0.00726885459164861,-0.007751828363849134,0.005002222169354009,0.9999999999999999,1.0,1.0,0.00585,"1216.TW,4904.TW,1102.TW,2002.TW,2912.TW,3045.TW,2882.TW,2412.TW,2886.TW,2881.TW",2020,123,10
2020-03-25,-0.0006194880589294955,-0.005087219421445743,-0.007751828363849134,0.005002222169354009,0.764188168268314,0.7641881682683139,0.764188168268314,0.0044705007843696375,"1216.TW,4904.TW,1102.TW,2002.TW,2912.TW,3045.TW,2882.TW,2412.TW,2886.TW,2881.TW,2603.TW,2395.TW,3017.TW,2357.TW,2317.TW,2308.TW,2303.TW,2609.TW,1101.TW,2883.TW",2020,123,20
2020-03-25,-0.015189805413961309,-0.02095094505228967,-0.007751828363849134,0.005002222169354009,1.0,1.0,1.0,0.00585,"1216.TW,4904.TW,1102.TW",2020,123,3
2020-03-30,0.038106839942935136,0.033248499932002185,0.022135397621409147,0.022621444094662005,0.8,0.8,0.8,0.00468,"1101.TW,2395.TW,6669.TW,2454.TW,2912.TW",2020,123,5
2020-03-30,0.023122702425491973,0.01773596139722189,0.022135397621409147,0.022621444094662005,0.8999999999999999,0.8999999999999999,0.8999999999999999,0.005265,"1101.TW,2395.TW,6669.TW,2454.TW,2912.TW,2883.TW,5880.TW,2330.TW,2892.TW,2880.TW",2020,123,10
2020-03-30,0.021491635614573425,0.018487027915789156,0.022135397621409147,0.022621444094662005,0.5028021138218325,0.5028021138218325,0.5028021138218325,0.00294139236585772,"1101.TW,2395.TW,6669.TW,2454.TW,2912.TW,2883.TW,5880.TW,2330.TW,2892.TW,2880.TW,2886.TW,2881.TW,2885.TW,3008.TW,2317.TW,1102.TW,3017.TW,2308.TW,1326.TW,3034.TW",2020,123,20
2020-03-30,0.01635902808923266,0.012378728939838934,0.022135397621409147,0.022621444094662005,0.6694416030027743,0.6694416030027744,0.6694416030027743,0.003916233377566231,"1101.TW,2395.TW,6669.TW,2454.TW,2912.TW,2883.TW,5880.TW,2330.TW,2892.TW,2880.TW,2886.TW,2881.TW,2885.TW,3008.TW,2317.TW",2020,123,15
2020-03-30,0.048067129210501935,0.041935936504620575,0.022135397621409147,0.022621444094662005,1.0,1.0,1.0,0.00585,"1101.TW,2395.TW,6669.TW",2020,123,3
2020-04-06,0.021831248691571874,0.019091560788827344,0.0063694080340654935,0.016155745973966885,0.45831708417369527,0.4583170841736954,0.4583170841736953,0.0026811549424161176,"1101.TW,2884.TW,5880.TW,1102.TW,2615.TW,2357.TW,2454.TW,2892.TW,5871.TW,2887.TW,2330.TW,2885.TW,2891.TW,2883.TW,2618.TW,3008.TW,3037.TW,1326.TW,2881.TW,5876.TW",2020,123,20
2020-04-06,0.02161399604785319,0.01799612669275863,0.0063694080340654935,0.016155745973966885,0.605355064037434,0.6053550640374342,0.6053550640374341,0.00354132712461899,"1101.TW,2884.TW,5880.TW,1102.TW,2615.TW,2357.TW,2454.TW,2892.TW,5871.TW,2887.TW",2020,123,10
2020-04-06,0.02379203215127019,0.020565404437302703,0.0063694080340654935,0.016155745973966885,0.5387425137768368,0.538742513776837,0.5387425137768369,0.0031516437055944964,"1101.TW,2884.TW,5880.TW,1102.TW,2615.TW,2357.TW,2454.TW,2892.TW,5871.TW,2887.TW,2330.TW,2885.TW,2891.TW,2883.TW,2618.TW",2020,123,15
2020-04-06,0.0361004213447448,0.031217385726656444,0.0063694080340654935,0.016155745973966885,0.8056235921414112,0.8056235921414112,0.8056235921414112,0.004712898014027256,"1101.TW,2884.TW,5880.TW,1102.TW,2615.TW",2020,123,5
2020-04-06,0.028108587058920016,0.024024075378015652,0.0063694080340654935,0.016155745973966885,0.6791180753953867,0.6791180753953867,0.6791180753953867,0.003972840741063012,"1101.TW,2884.TW,5880.TW",2020,123,3
2020-04-09,0.030133913310190254,0.024107629917325735,0.028481022565516545,0.03136489835497581,1.0,1.0,1.0,0.00585,"2330.TW,3008.TW,5871.TW",2020,123,3
2020-04-09,0.03652979361738918,0.03287567210536113,0.028481022565516545,0.03136489835497581,0.6026224810406186,0.6026224810406184,0.6026224810406184,0.003525341514087618,"2330.TW,3008.TW,5871.TW,2395.TW,2892.TW,5876.TW,2880.TW,2885.TW,5880.TW,2887.TW",2020,123,10
2020-04-09,0.035540777973884094,0.032269517786930546,0.028481022565516545,0.03136489835497581,0.5399978324771814,0.5399978324771815,0.5399978324771815,0.0031589873199915114,"2330.TW,3008.TW,5871.TW,2395.TW,2892.TW,5876.TW,2880.TW,2885.TW,5880.TW,2887.TW,2002.TW,2881.TW,2891.TW,2412.TW,6669.TW",2020,123,15
2020-04-09,0.03260309822964298,0.02656237010499951,0.028481022565516545,0.03136489835497581,1.0,1.0,1.0,0.00585,"2330.TW,3008.TW,5871.TW,2395.TW,2892.TW",2020,123,5
2020-04-09,0.0325920276048627,0.029823229585261624,0.028481022565516545,0.03136489835497581,0.4583599273638402,0.4583599273638401,0.4583599273638401,0.002681405575078465,"2330.TW,3008.TW,5871.TW,2395.TW,2892.TW,5876.TW,2880.TW,2885.TW,5880.TW,2887.TW,2002.TW,2881.TW,2891.TW,2412.TW,6669.TW,1326.TW,4904.TW,2382.TW,2886.TW,1590.TW",2020,123,20
2020-04-14,-0.00034659869024016314,-0.0050514727413421,0.024615503297723773,0.006439532024575077,0.8045308238771605,0.8045308238771605,0.8045308238771605,0.004706505319681389,"2880.TW,6669.TW,3008.TW,1216.TW,2886.TW",2020,123,5
2020-04-14,0.0017441457074991893,-0.0014462925493776702,0.024615503297723773,0.006439532024575077,0.5444245053405246,0.5444245053405243,0.5444245053405244,0.0031848833562420674,"2880.TW,6669.TW,3008.TW,1216.TW,2886.TW,2330.TW,2887.TW,2357.TW,2412.TW,1326.TW,2002.TW,2912.TW,2408.TW,9910.TW,3034.TW",2020,123,15
2020-04-14,0.007203258153293141,0.004494807702860593,0.024615503297723773,0.006439532024575077,0.45967184799302996,0.4596718479930299,0.45967184799302996,0.002689080310759225,"2880.TW,6669.TW,3008.TW,1216.TW,2886.TW,2330.TW,2887.TW,2357.TW,2412.TW,1326.TW,2002.TW,2912.TW,2408.TW,9910.TW,3034.TW,2609.TW,4904.TW,5871.TW,2345.TW,2317.TW",2020,123,20
2020-04-14,0.004825671645539197,0.0012604121069301755,0.024615503297723773,0.006439532024575077,0.6065192124101002,0.6065192124101002,0.6065192124101002,0.0035481373925990863,"2880.TW,6669.TW,3008.TW,1216.TW,2886.TW,2330.TW,2887.TW,2357.TW,2412.TW,1326.TW",2020,123,10
2020-04-14,-0.0001739911368969409,-0.0041129130369228495,0.024615503297723773,0.006439532024575077,0.6734371550066263,0.6734371550066263,0.6734371550066263,0.003939607356788764,"2880.TW,6669.TW,3008.TW",2020,123,3
2020-04-17,-0.022567861789180365,-0.026398769540536215,-0.02522527245204964,-0.022198577658336483,0.6699759505263637,0.6699759505263639,0.6699759505263638,0.003919359310579229,"2207.TW,2327.TW,3037.TW,3231.TW,2408.TW,6669.TW,2618.TW,2002.TW,2454.TW,1590.TW,5871.TW,2912.TW,1216.TW,5876.TW,1303.TW",2020,123,15
2020-04-17,-0.003289967370015302,-0.009120721060900783,-0.02522527245204964,-0.022198577658336483,1.0,0.9999999999999999,1.0,0.005849999999999999,"2207.TW,2327.TW,3037.TW",2020,123,3
2020-04-17,-0.018279639319612663,-0.02346124124654181,-0.02522527245204964,-0.022198577658336483,0.9022364765047094,0.9022364765047096,0.9022364765047095,0.005278083387552551,"2207.TW,2327.TW,3037.TW,3231.TW,2408.TW,6669.TW,2618.TW,2002.TW,2454.TW,1590.TW",2020,123,10
2020-04-17,-0.007811799178108969,-0.013616100152917032,-0.02522527245204964,-0.022198577658336483,1.0,0.9999999999999999,1.0,0.005849999999999999,"2207.TW,2327.TW,3037.TW,3231.TW,2408.TW",2020,123,5
2020-04-17,-0.015770446911616293,-0.019540519850329785,-0.02522527245204964,-0.022198577658336483,0.654783135274062,0.6547831352740615,0.6547831352740617,0.003830481341353261,"2207.TW,2327.TW,3037.TW,3231.TW,2408.TW,6669.TW,2618.TW,2002.TW,2454.TW,1590.TW,5871.TW,2912.TW,1216.TW,5876.TW,1303.TW,3017.TW,2379.TW,2884.TW,2382.TW,2886.TW",2020,123,20
2020-04-22,0.02861883445352616,0.02457191625663202,0.02156496691334464,0.03348542765732547,0.6725337561269531,0.6725337561269531,0.6725337561269531,0.003934322473342676,"2207.TW,1102.TW,2891.TW",2020,123,3
2020-04-22,0.03748636948256135,0.03342329360584628,0.02156496691334464,0.03348542765732547,0.6694477203155429,0.6694477203155428,0.6694477203155429,0.0039162691638459255,"2207.TW,1102.TW,2891.TW,2454.TW,2892.TW,5880.TW,2884.TW,2408.TW,2885.TW,1326.TW,1590.TW,3034.TW,2603.TW,9910.TW,3037.TW",2020,123,15
2020-04-22,0.04471086175677419,0.03980557324203193,0.02156496691334464,0.03348542765732547,0.8026248102856566,0.8026248102856566,0.8026248102856566,0.004695355140171091,"2207.TW,1102.TW,2891.TW,2454.TW,2892.TW",2020,123,5
2020-04-22,0.039212872073730747,0.035834278007101705,0.02156496691334464,0.03348542765732547,0.555745086311889,0.5557450863118889,0.5557450863118889,0.0032511087549245503,"2207.TW,1102.TW,2891.TW,2454.TW,2892.TW,5880.TW,2884.TW,2408.TW,2885.TW,1326.TW,1590.TW,3034.TW,2603.TW,9910.TW,3037.TW,1303.TW,2618.TW,2615.TW,3711.TW,6669.TW",2020,123,20
2020-04-22,0.038210519667137906,0.0339295892028777,0.02156496691334464,0.03348542765732547,0.7048502894945244,0.7048502894945242,0.7048502894945243,0.004123374193542967,"2207.TW,1102.TW,2891.TW,2454.TW,2892.TW,5880.TW,2884.TW,2408.TW,2885.TW,1326.TW",2020,123,10
2020-04-27,0.017455361715639064,0.011503247849602438,-0.0060312613346931165,0.014730472732242405,1.0,1.0,1.0,0.00585,"2379.TW,2345.TW,1101.TW",2020,123,3
2020-04-27,0.010110118565026034,0.006543419805524309,-0.0060312613346931165,0.014730472732242405,0.6035897318873115,0.6035897318873109,0.6035897318873111,0.00353099993154077,"2379.TW,2345.TW,1101.TW,3034.TW,2382.TW,2885.TW,5876.TW,2412.TW,1216.TW,2330.TW,2207.TW,1303.TW,3008.TW,2618.TW,3037.TW,4904.TW,3017.TW,2891.TW,2408.TW,2317.TW",2020,123,20
2020-04-27,0.0031235419234672225,-0.0021654582950110246,-0.0060312613346931165,0.014730472732242405,0.9012873924937305,0.9012873924937304,0.9012873924937304,0.005272531246088324,"2379.TW,2345.TW,1101.TW,3034.TW,2382.TW,2885.TW,5876.TW,2412.TW,1216.TW,2330.TW",2020,123,10
2020-04-27,0.0170186421426934,0.011069083086158615,-0.0060312613346931165,0.014730472732242405,1.0,1.0,1.0,0.00585,"2379.TW,2345.TW,1101.TW,3034.TW,2382.TW",2020,123,5
2020-04-27,0.0144485836683318,0.010076710996103522,-0.0060312613346931165,0.014730472732242405,0.7366846126562345,0.7366846126562346,0.7366846126562345,0.004309604984038973,"2379.TW,2345.TW,1101.TW,3034.TW,2382.TW,2885.TW,5876.TW,2412.TW,1216.TW,2330.TW,2207.TW,1303.TW,3008.TW,2618.TW,3037.TW",2020,123,15
2020-04-30,0.02143063220181906,0.016627111772558045,0.013349368394178995,0.017970470103757658,0.8038868009298314,0.8038868009298317,0.8038868009298316,0.004702737785439515,"2345.TW,2412.TW,4904.TW,2327.TW,3017.TW,3045.TW,2002.TW,2883.TW,5880.TW,1101.TW,2912.TW,2615.TW,2308.TW,2408.TW,2357.TW",2020,123,15
2020-04-30,0.030339943512188328,0.026098773032617872,0.013349368394178995,0.017970470103757658,0.703638067541942,0.7036380675419421,0.703638067541942,0.004116282695120361,"2345.TW,2412.TW,4904.TW,2327.TW,3017.TW,3045.TW,2002.TW,2883.TW,5880.TW,1101.TW",2020,123,10
2020-04-30,0.016280461302965465,0.012963546104996171,0.013349368394178995,0.017970470103757658,0.5579110024490284,0.5579110024490284,0.5579110024490284,0.003263779364326816,"2345.TW,2412.TW,4904.TW,2327.TW,3017.TW,3045.TW,2002.TW,2883.TW,5880.TW,1101.TW,2912.TW,2615.TW,2308.TW,2408.TW,2357.TW,2609.TW,2317.TW,9910.TW,2330.TW,1216.TW",2020,123,20
2020-04-30,0.04451927786540799,0.03963092764499776,0.013349368394178995,0.017970470103757658,0.8,0.8,0.8,0.00468,"2345.TW,2412.TW,4904.TW,2327.TW,3017.TW",2020,123,5
2020-04-30,0.01447854379031921,0.010522077469536928,0.013349368394178995,0.017970470103757658,0.6666666666666666,0.6666666666666666,0.6666666666666666,0.0039,"2345.TW,2412.TW,4904.TW",2020,123,3
2020-05-06,0.00988893510245908,0.007782863038191534,0.013173584037356356,0.012869908511220688,0.35648704146036203,0.3564870414603623,0.35648704146036214,0.002085449192543119,"9910.TW,2357.TW,2609.TW,3045.TW,2618.TW,4904.TW,2317.TW,3017.TW,2408.TW,2892.TW,2603.TW,2345.TW,5880.TW,2330.TW,2412.TW,2880.TW,2885.TW,2886.TW,1303.TW,2002.TW",2020,123,20
2020-05-06,0.009851418049532623,0.003943787253942732,0.013173584037356356,0.012869908511220688,1.0,1.0,1.0,0.00585,"9910.TW,2357.TW,2609.TW,3045.TW,2618.TW",2020,123,5
2020-05-06,0.007799611189869485,0.005026794843333349,0.013173584037356356,0.012869908511220688,0.4703174073494195,0.47031740734941974,0.4703174073494196,0.0027513568329941055,"9910.TW,2357.TW,2609.TW,3045.TW,2618.TW,4904.TW,2317.TW,3017.TW,2408.TW,2892.TW,2603.TW,2345.TW,5880.TW,2330.TW,2412.TW",2020,123,15
2020-05-06,0.0009869804179395427,-0.004868793417505346,0.013173584037356356,0.012869908511220688,1.0,1.0000000000000002,1.0,0.005850000000000001,"9910.TW,2357.TW,2609.TW",2020,123,3
2020-05-06,0.01059362219576705,0.006442777261167931,0.013173584037356356,0.012869908511220688,0.7021082728830503,0.7021082728830504,0.7021082728830503,0.004107333396365845,"9910.TW,2357.TW,2609.TW,3045.TW,2618.TW,4904.TW,2317.TW,3017.TW,2408.TW,2892.TW",2020,123,10
2020-05-11,0.001182418042034983,-0.0029634369325926,-0.006501078636304336,-0.007833555871852384,0.7078561761421659,0.7078561761421658,0.7078561761421658,0.0041409586304316705,"3017.TW,2884.TW,2345.TW,3045.TW,1101.TW,2412.TW,9910.TW,2454.TW,2912.TW,3008.TW",2020,123,10
2020-05-11,-0.004822998171386711,-0.008349543287622496,-0.006501078636304336,-0.007833555871852384,0.6057497549580465,0.6057497549580464,0.6057497549580464,0.003543636066504572,"3017.TW,2884.TW,2345.TW,3045.TW,1101.TW,2412.TW,9910.TW,2454.TW,2912.TW,3008.TW,4904.TW,3037.TW,2892.TW,2882.TW,2308.TW,2330.TW,2327.TW,2303.TW,1590.TW,2891.TW",2020,123,20
2020-05-11,0.004887035123130912,0.00017269435699884816,-0.006501078636304336,-0.007833555871852384,0.8019510534675096,0.8019510534675098,0.8019510534675097,0.004691413662784932,"3017.TW,2884.TW,2345.TW,3045.TW,1101.TW",2020,123,5
2020-05-11,0.00737442434219493,0.0014812839597930783,-0.006501078636304336,-0.007833555871852384,1.0,1.0,1.0,0.00585,"3017.TW,2884.TW,2345.TW",2020,123,3
2020-05-11,9.150764106288594e-05,-0.0030696800204399466,-0.006501078636304336,-0.007833555871852384,0.5403245154094276,0.5403245154094278,0.5403245154094277,0.0031608984151451527,"3017.TW,2884.TW,2345.TW,3045.TW,1101.TW,2412.TW,9910.TW,2454.TW,2912.TW,3008.TW,4904.TW,3037.TW,2892.TW,2882.TW,2308.TW",2020,123,15
2020-05-14,0.012823543682481396,0.006898525951938739,-0.0005949217910149462,0.0055594044999139934,1.0,0.9999999999999999,1.0,0.005849999999999999,"2615.TW,1590.TW,2408.TW",2020,123,3
2020-05-14,0.002686825190164127,-0.0008716789303153671,-0.0005949217910149462,0.0055594044999139934,0.6066613097571297,0.6066613097571295,0.6066613097571296,0.003548968662079208,"2615.TW,1590.TW,2408.TW,9910.TW,1301.TW,3017.TW,3037.TW,2327.TW,5871.TW,1101.TW,5876.TW,3034.TW,2603.TW,3711.TW,1303.TW,2887.TW,2395.TW,2454.TW,2303.TW,2881.TW",2020,123,20
2020-05-14,0.03178022004128074,0.025744305754039187,-0.0005949217910149462,0.0055594044999139934,1.0,0.9999999999999998,0.9999999999999999,0.005849999999999999,"2615.TW,1590.TW,2408.TW,9910.TW,1301.TW",2020,123,5
2020-05-14,-0.003813866633170117,-0.007923850360021745,-0.0005949217910149462,0.0055594044999139934,0.7052510542933119,0.7052510542933117,0.7052510542933118,0.004125718667615874,"2615.TW,1590.TW,2408.TW,9910.TW,1301.TW,3017.TW,3037.TW,2327.TW,5871.TW,1101.TW",2020,123,10
2020-05-14,-0.007435191432492753,-0.011719355052420055,-0.0005949217910149462,0.0055594044999139934,0.7378215056636577,0.7378215056636576,0.7378215056636577,0.004316255808132397,"2615.TW,1590.TW,2408.TW,9910.TW,1301.TW,3017.TW,3037.TW,2327.TW,5871.TW,1101.TW,5876.TW,3034.TW,2603.TW,3711.TW,1303.TW",2020,123,15
2020-05-19,-0.005048400607435639,-0.008651399902261048,-0.010119000358103092,-0.00786846568018057,0.6190223883561822,0.6190223883561823,0.6190223883561823,0.0036212809718836666,"3037.TW,3711.TW,3017.TW,2317.TW,3008.TW,2303.TW,2345.TW,2330.TW,2327.TW,2883.TW,3034.TW,2912.TW,4904.TW,2884.TW,1102.TW,2408.TW,2412.TW,2882.TW,1101.TW,2885.TW",2020,123,20
2020-05-19,-0.004508629389853931,-0.008503094893698715,-0.010119000358103092,-0.00786846568018057,0.6859071170283885,0.6859071170283886,0.6859071170283886,0.004012556634616074,"3037.TW,3711.TW,3017.TW,2317.TW,3008.TW,2303.TW,2345.TW,2330.TW,2327.TW,2883.TW,3034.TW,2912.TW,4904.TW,2884.TW,1102.TW",2020,123,15
2020-05-19,-0.004465823523430269,-0.008653450511512006,-0.010119000358103092,-0.00786846568018057,0.7190448003602227,0.7190448003602227,0.7190448003602227,0.004206412082107303,"3037.TW,3711.TW,3017.TW,2317.TW,3008.TW,2303.TW,2345.TW,2330.TW,2327.TW,2883.TW",2020,123,10
2020-05-19,-0.005880178016656634,-0.011695778975259197,-0.010119000358103092,-0.00786846568018057,1.0,1.0,1.0,0.00585,"3037.TW,3711.TW,3017.TW,2317.TW,3008.TW",2020,123,5
2020-05-19,-0.006167171643033931,-0.011981093688922195,-0.010119000358103092,-0.00786846568018057,1.0,1.0,1.0,0.00585,"3037.TW,3711.TW,3017.TW",2020,123,3
2020-05-22,0.02035262072713902,0.018359082283335493,0.02104627300488815,0.0219739076074365,0.3339784653237982,0.3339784653237983,0.33397846532379827,0.00195377402214422,"3037.TW,3711.TW,6669.TW",2020,123,3
2020-05-22,0.023402886066706888,0.02039648907710978,0.02104627300488815,0.0219739076074365,0.502161975808864,0.5021619758088638,0.5021619758088639,0.0029376475584818535,"3037.TW,3711.TW,6669.TW,2884.TW,5871.TW,2454.TW,3017.TW,2317.TW,1303.TW,2883.TW",2020,123,10
2020-05-22,0.01937325622619416,0.016080835989664255,0.02104627300488815,0.0219739076074365,0.5521106960593194,0.5521106960593193,0.5521106960593194,0.003229847571947018,"3037.TW,3711.TW,6669.TW,2884.TW,5871.TW,2454.TW,3017.TW,2317.TW,1303.TW,2883.TW,4904.TW,2881.TW,3045.TW,2880.TW,2882.TW,2887.TW,1326.TW,2891.TW,1301.TW,3008.TW",2020,123,20
2020-05-22,0.02071806640817514,0.017516130345458736,0.02104627300488815,0.0219739076074365,0.5362298522120664,0.5362298522120664,0.5362298522120664,0.0031369446354405886,"3037.TW,3711.TW,6669.TW,2884.TW,5871.TW,2454.TW,3017.TW,2317.TW,1303.TW,2883.TW,4904.TW,2881.TW,3045.TW,2880.TW,2882.TW",2020,123,15
2020-05-22,0.02255642799505373,0.01896459472335299,0.02104627300488815,0.0219739076074365,0.6004447056843127,0.6004447056843126,0.6004447056843127,0.003512601528253229,"3037.TW,3711.TW,6669.TW,2884.TW,5871.TW",2020,123,5
2020-05-27,0.018995185878795885,0.016188891590499965,0.001177871859451285,0.00783690490418108,0.47076613510790455,0.47076613510790477,0.47076613510790466,0.0027539818903812427,"3017.TW,2412.TW,5876.TW,3037.TW,1102.TW,2327.TW,1101.TW,1301.TW,2884.TW,4904.TW,3008.TW,3711.TW,3045.TW,6669.TW,5871.TW",2020,123,15
2020-05-27,0.02695430585197594,0.022739578741993505,0.001177871859451285,0.00783690490418108,0.7015562119376639,0.701556211937664,0.7015562119376639,0.0041041038398353345,"3017.TW,2412.TW,5876.TW,3037.TW,1102.TW,2327.TW,1101.TW,1301.TW,2884.TW,4904.TW",2020,123,10
2020-05-27,0.04876300455696887,0.04385479369564238,0.001177871859451285,0.00783690490418108,0.8,0.7999999999999998,0.7999999999999999,0.004679999999999999,"3017.TW,2412.TW,5876.TW,3037.TW,1102.TW",2020,123,5
2020-05-27,0.016025740350032517,0.013624613137329655,0.001177871859451285,0.00783690490418108,0.40397509618914273,0.4039750961891431,0.40397509618914296,0.002363254312706487,"3017.TW,2412.TW,5876.TW,3037.TW,1102.TW,2327.TW,1101.TW,1301.TW,2884.TW,4904.TW,3008.TW,3711.TW,3045.TW,6669.TW,5871.TW,2883.TW,5880.TW,2887.TW,2382.TW,9910.TW",2020,123,20
2020-05-27,0.03530256263087812,0.02924604263948738,0.001177871859451285,0.00783690490418108,1.0,1.0,1.0,0.00585,"3017.TW,2412.TW,5876.TW",2020,123,3
2020-06-01,0.01692291189432562,0.010973912859743917,0.03176452739479929,0.020924931132616096,1.0,1.0,1.0,0.00585,"1590.TW,3045.TW,2883.TW,2618.TW,2912.TW",2020,123,5
2020-06-01,0.019765701382189783,0.014955277801212752,0.03176452739479929,0.020924931132616096,0.8063564288466287,0.8063564288466286,0.8063564288466287,0.004717185108752777,"1590.TW,3045.TW,2883.TW,2618.TW,2912.TW,1301.TW,2886.TW,4904.TW,2395.TW,2357.TW",2020,123,10
2020-06-01,0.01990270228971869,0.015496730297921868,0.03176452739479929,0.020924931132616096,0.7384602509087358,0.7384602509087357,0.7384602509087357,0.0043199924678161035,"1590.TW,3045.TW,2883.TW,2618.TW,2912.TW,1301.TW,2886.TW,4904.TW,2395.TW,2357.TW,2412.TW,2454.TW,2881.TW,2882.TW,2891.TW",2020,123,15
2020-06-01,0.01624669169183838,0.010301648545441244,0.03176452739479929,0.020924931132616096,1.0,1.0,1.0,0.00585,"1590.TW,3045.TW,2883.TW",2020,123,3
2020-06-01,0.019994733901234043,0.01608662916166237,0.03176452739479929,0.020924931132616096,0.6549564130388852,0.6549564130388852,0.6549564130388852,0.0038314950162774784,"1590.TW,3045.TW,2883.TW,2618.TW,2912.TW,1301.TW,2886.TW,4904.TW,2395.TW,2357.TW,2412.TW,2454.TW,2881.TW,2882.TW,2891.TW,2880.TW,2382.TW,1303.TW,1101.TW,2892.TW",2020,123,20
2020-06-04,0.014542980027586978,0.012142969241448531,0.02223490873962075,0.013978585799258677,0.40437740156615537,0.40437740156615537,0.40437740156615537,0.002365607799162009,"6669.TW,1590.TW,2912.TW,9910.TW,2892.TW,3045.TW,2412.TW,3017.TW,1102.TW,1101.TW,2886.TW,4904.TW,2207.TW,2408.TW,5880.TW,2882.TW,2881.TW,2883.TW,2395.TW,1216.TW",2020,123,20
2020-06-04,0.02077832346453308,0.017169678961013846,0.02223490873962075,0.013978585799258677,0.6043058459551378,0.6043058459551376,0.6043058459551377,0.003535189198837555,"6669.TW,1590.TW,2912.TW,9910.TW,2892.TW",2020,123,5
2020-06-04,0.024105148089324846,0.020102698966541377,0.02223490873962075,0.013978585799258677,0.6680752835823662,0.6680752835823665,0.6680752835823663,0.0039082404089568435,"6669.TW,1590.TW,2912.TW",2020,123,3
2020-06-04,0.018171649864872748,0.01457858779483856,0.02223490873962075,0.013978585799258677,0.6032368358830325,0.6032368358830326,0.6032368358830325,0.0035289354899157403,"6669.TW,1590.TW,2912.TW,9910.TW,2892.TW,3045.TW,2412.TW,3017.TW,1102.TW,1101.TW,2886.TW,4904.TW,2207.TW,2408.TW,5880.TW",2020,123,15
2020-06-04,0.010297220602072213,0.00613803040937011,0.02223490873962075,0.013978585799258677,0.7037262579911602,0.7037262579911603,0.7037262579911603,0.004116798609248288,"6669.TW,1590.TW,2912.TW,9910.TW,2892.TW,3045.TW,2412.TW,3017.TW,1102.TW,1101.TW",2020,123,10
2020-06-09,-0.012752301896094904,-0.01453534064564943,-0.01728945600733689,-0.0206687504890182,0.3087299663774157,0.30872996637741557,0.3087299663774156,0.0018060703033078813,"2345.TW,2912.TW,3017.TW,2892.TW,2412.TW,1102.TW,3045.TW,1101.TW,5880.TW,2395.TW,1216.TW,3037.TW,2880.TW,2887.TW,2886.TW,2603.TW,2883.TW,2884.TW,2881.TW,9910.TW",2020,123,20
2020-06-09,-0.005659065757332327,-0.007449740598086452,-0.01728945600733689,-0.0206687504890182,0.3078403521724792,0.307840352172479,0.30784035217247907,0.0018008660602090024,"2345.TW,2912.TW,3017.TW,2892.TW,2412.TW,1102.TW,3045.TW,1101.TW,5880.TW,2395.TW",2020,123,10
2020-06-09,0.012356963999202013,0.008346161642447392,-0.01728945600733689,-0.0206687504890182,0.6772386271364934,0.6772386271364934,0.6772386271364934,0.003961845968748486,"2345.TW,2912.TW,3017.TW",2020,123,3
2020-06-09,-0.007466147199999081,-0.009849009700641176,-0.01728945600733689,-0.0206687504890182,0.410390962522434,0.41039096252243407,0.410390962522434,0.0024007871307562393,"2345.TW,2912.TW,3017.TW,2892.TW,2412.TW,1102.TW,3045.TW,1101.TW,5880.TW,2395.TW,1216.TW,3037.TW,2880.TW,2887.TW,2886.TW",2020,123,15
2020-06-09,0.003937452609619662,0.0003586661603509622,-0.01728945600733689,-0.0206687504890182,0.6093590450342763,0.6093590450342762,0.6093590450342763,0.0035647504134505162,"2345.TW,2912.TW,3017.TW,2892.TW,2412.TW",2020,123,5
2020-06-12,0.018103587872017605,0.01292227316165473,0.010783384390869122,0.01772388804440708,0.869945684147421,0.869945684147421,0.869945684147421,0.0050891822522624135,"2609.TW,2303.TW,2603.TW,2382.TW,2618.TW,2408.TW,2891.TW,1326.TW,2883.TW,3008.TW,2880.TW,2327.TW,5876.TW,3017.TW,2615.TW",2020,123,15
2020-06-12,0.01225334501181068,0.006331662943491523,0.010783384390869122,0.01772388804440708,0.9999999999999999,1.0000000000000002,1.0,0.005850000000000001,"2609.TW,2303.TW,2603.TW,2382.TW,2618.TW,2408.TW,2891.TW,1326.TW,2883.TW,3008.TW",2020,123,10
2020-06-12,0.015396094796453253,0.009456027641894016,0.010783384390869122,0.01772388804440708,1.0,1.0,1.0,0.00585,"2609.TW,2303.TW,2603.TW,2382.TW,2618.TW",2020,123,5
2020-06-12,0.017554781953540047,0.013649455755631257,0.010783384390869122,0.01772388804440708,0.6560601352253664,0.6560601352253663,0.6560601352253663,0.0038379517910683936,"2609.TW,2303.TW,2603.TW,2382.TW,2618.TW,2408.TW,2891.TW,1326.TW,2883.TW,3008.TW,2880.TW,2327.TW,5876.TW,3017.TW,2615.TW,2882.TW,1216.TW,2887.TW,1101.TW,1301.TW",2020,123,20
2020-06-12,0.01628778141952817,0.010342497898223835,0.010783384390869122,0.01772388804440708,1.0,1.0,1.0,0.00585,"2609.TW,2303.TW,2603.TW",2020,123,3
2020-06-17,0.002125177758217433,-0.0014221641592694345,0.006176266271620712,0.007024424603508241,0.6050972944467333,0.605097294446733,0.6050972944467332,0.0035398191725133886,"2303.TW,1102.TW,2408.TW,1326.TW,1301.TW,1303.TW,2615.TW,1101.TW,2892.TW,2618.TW",2020,123,10
2020-06-17,0.0053252558881296645,0.0020519058819987723,0.006176266271620712,0.007024424603508241,0.5565830623649312,0.556583062364931,0.556583062364931,0.003256010914834847,"2303.TW,1102.TW,2408.TW,1326.TW,1301.TW,1303.TW,2615.TW,1101.TW,2892.TW,2618.TW,4904.TW,2886.TW,2382.TW,2330.TW,5880.TW,3034.TW,2412.TW,2317.TW,2345.TW,3008.TW",2020,123,20
2020-06-17,0.006799057222471723,0.0028223211243154633,0.006176266271620712,0.007024424603508241,0.6751932707189232,0.6751932707189232,0.6751932707189232,0.003949880633705701,"2303.TW,1102.TW,2408.TW",2020,123,3
2020-06-17,0.0011206527600452782,-0.0024278157354234997,0.006176266271620712,0.007024424603508241,0.6058968112574052,0.6058968112574056,0.6058968112574055,0.0035444963458558226,"2303.TW,1102.TW,2408.TW,1326.TW,1301.TW,1303.TW,2615.TW,1101.TW,2892.TW,2618.TW,4904.TW,2886.TW,2382.TW,2330.TW,5880.TW",2020,123,15
2020-06-17,0.0070530304531197345,0.002310891038364904,0.006176266271620712,0.007024424603508241,0.8049448218387898,0.8049448218387898,0.8049448218387898,0.00470892720775692,"2303.TW,1102.TW,2408.TW,1326.TW,1301.TW",2020,123,5
2020-06-22,-0.0033026118752647847,-0.006250240932050732,-0.0005580763621951812,-0.002140049539069284,0.505537810009917,0.5055378100099172,0.505537810009917,0.0029573961885580153,"9910.TW,3008.TW,2603.TW,1216.TW,2886.TW,1590.TW,1102.TW,2618.TW,2207.TW,4904.TW,2408.TW,2330.TW,2881.TW,2884.TW,2615.TW,2883.TW,2002.TW,2412.TW,5880.TW,2882.TW",2020,123,20
2020-06-22,-0.026445130688919107,-0.03214042667438888,-0.0005580763621951812,-0.002140049539069284,1.0,1.0,1.0,0.00585,"9910.TW,3008.TW,2603.TW",2020,123,3
2020-06-22,-0.007317838832510773,-0.011976924250649335,-0.0005580763621951812,-0.002140049539069284,0.8022959301140011,0.8022959301140012,0.8022959301140011,0.0046934311911669075,"9910.TW,3008.TW,2603.TW,1216.TW,2886.TW,1590.TW,1102.TW,2618.TW,2207.TW,4904.TW",2020,123,10
2020-06-22,-0.015429612037194732,-0.021189348806777142,-0.0005580763621951812,-0.002140049539069284,1.0,1.0,1.0,0.00585,"9910.TW,3008.TW,2603.TW,1216.TW,2886.TW",2020,123,5
2020-06-22,-0.004949287986601709,-0.008075334573283466,-0.0005580763621951812,-0.002140049539069284,0.5370248284261657,0.5370248284261656,0.5370248284261656,0.003141595246293069,"9910.TW,3008.TW,2603.TW,1216.TW,2886.TW,1590.TW,1102.TW,2618.TW,2207.TW,4904.TW,2408.TW,2330.TW,2881.TW,2884.TW,2615.TW",2020,123,15
2020-06-29,0.044770665401354576,0.04103761398095562,0.02847575354806864,0.02707261146277941,0.6107832743239581,0.610783274323958,0.6107832743239581,0.0035730821547951546,"9910.TW,2357.TW,6669.TW,2395.TW,3008.TW",2020,123,5
2020-06-29,0.023714945718156077,0.020090808299861873,0.02847575354806864,0.02707261146277941,0.6051593486888834,0.6051593486888834,0.6051593486888834,0.003540182189829968,"9910.TW,2357.TW,6669.TW,2395.TW,3008.TW,2886.TW,2912.TW,2330.TW,2885.TW,2618.TW,1303.TW,2609.TW,2327.TW,2882.TW,2408.TW",2020,123,15
2020-06-29,0.03338305083521975,0.02927680800178334,0.02847575354806864,0.02707261146277941,0.6792465304149663,0.6792465304149663,0.6792465304149663,0.003973592202927553,"9910.TW,2357.TW,6669.TW",2020,123,3
2020-06-29,0.022322769903497297,0.019004162278454473,0.02847575354806864,0.02707261146277941,0.5548965272110142,0.5548965272110141,0.5548965272110142,0.003246144684184433,"9910.TW,2357.TW,6669.TW,2395.TW,3008.TW,2886.TW,2912.TW,2330.TW,2885.TW,2618.TW,1303.TW,2609.TW,2327.TW,2882.TW,2408.TW,1590.TW,2379.TW,2454.TW,2887.TW,5880.TW",2020,123,20
2020-06-29,0.03030694332537726,0.02664848401939035,0.02847575354806864,0.02707261146277941,0.6069818933031997,0.6069818933031996,0.6069818933031996,0.003550844075823718,"9910.TW,2357.TW,6669.TW,2395.TW,3008.TW,2886.TW,2912.TW,2330.TW,2885.TW,2618.TW",2020,123,10
2020-07-02,0.017078196564572025,0.011128289114669343,0.026058621918424896,0.01898700896936285,1.0,1.0,1.0,0.00585,"2327.TW,2609.TW,2883.TW",2020,123,3
2020-07-02,0.022987263268128767,0.01700278777801012,0.026058621918424896,0.01898700896936285,1.0,1.0000000000000002,1.0,0.005850000000000001,"2327.TW,2609.TW,2883.TW,2002.TW,1590.TW",2020,123,5
2020-07-02,0.018128162351256725,0.014124210330840548,0.026058621918424896,0.01898700896936285,0.6722495930429285,0.6722495930429286,0.6722495930429286,0.0039326601193011325,"2327.TW,2609.TW,2883.TW,2002.TW,1590.TW,9910.TW,1301.TW,2891.TW,2618.TW,2615.TW,3017.TW,2881.TW,2880.TW,2603.TW,2882.TW",2020,123,15
2020-07-02,0.02396408036073937,0.019154308024392774,0.026058621918424896,0.01898700896936285,0.8029415495402297,0.8029415495402298,0.8029415495402297,0.004697208064810344,"2327.TW,2609.TW,2883.TW,2002.TW,1590.TW,9910.TW,1301.TW,2891.TW,2618.TW,2615.TW",2020,123,10
2020-07-02,0.013922381017628577,0.010323303234046177,0.026058621918424896,0.01898700896936285,0.6067791608811923,0.6067791608811922,0.6067791608811923,0.003549658091154975,"2327.TW,2609.TW,2883.TW,2002.TW,1590.TW,9910.TW,1301.TW,2891.TW,2618.TW,2615.TW,3017.TW,2881.TW,2880.TW,2603.TW,2882.TW,2887.TW,2884.TW,2892.TW,5880.TW,2412.TW",2020,123,20
2020-07-07,0.004058206115209533,0.0004757378172923765,0.009523732671794738,-0.0026777977569998625,0.6099125922221829,0.609912592222183,0.6099125922221829,0.00356798866449977,"3017.TW,3231.TW,2412.TW,3034.TW,9910.TW,2379.TW,3037.TW,1301.TW,2883.TW,2002.TW,2207.TW,2609.TW,1326.TW,3045.TW,2884.TW",2020,123,15
2020-07-07,0.009426730931629393,0.005811782895904338,0.009523732671794738,-0.0026777977569998625,0.6121690819464988,0.6121690819464988,0.6121690819464988,0.003581189129387018,"3017.TW,3231.TW,2412.TW,3034.TW,9910.TW,2379.TW,3037.TW,1301.TW,2883.TW,2002.TW",2020,123,10
2020-07-07,0.004875244469582428,-0.0010032757105647994,0.009523732671794738,-0.0026777977569998625,1.0,1.0,1.0,0.00585,"3017.TW,3231.TW,2412.TW",2020,123,3
2020-07-07,0.02411341461634702,0.018122351140841486,0.009523732671794738,-0.0026777977569998625,1.0,1.0,1.0,0.00585,"3017.TW,3231.TW,2412.TW,3034.TW,9910.TW",2020,123,5
2020-07-07,0.004154670015913017,0.0011642132961242613,0.009523732671794738,-0.0026777977569998625,0.5090741477722388,0.5090741477722389,0.5090741477722389,0.0029780837644675976,"3017.TW,3231.TW,2412.TW,3034.TW,9910.TW,2379.TW,3037.TW,1301.TW,2883.TW,2002.TW,2207.TW,2609.TW,1326.TW,3045.TW,2884.TW,5880.TW,3711.TW,4904.TW,2887.TW,2886.TW",2020,123,20
2020-07-10,0.0017624174623733706,-0.0021974380486992073,0.016771569883894832,0.0055326071773386535,0.6757074992649501,0.6757074992649503,0.6757074992649502,0.003952888870699959,"2603.TW,3231.TW,1326.TW,2609.TW,6669.TW,3008.TW,2912.TW,2327.TW,1301.TW,2883.TW,2618.TW,1303.TW,2317.TW,5871.TW,2891.TW",2020,123,15
2020-07-10,0.020929530500503054,0.016860723381815212,0.016771569883894832,0.0055326071773386535,0.6812640477253131,0.6812640477253132,0.6812640477253131,0.003985394679193083,"2603.TW,3231.TW,1326.TW",2020,123,3
2020-07-10,-0.00026779429048697217,-0.0041175072214938435,0.016771569883894832,0.0055326071773386535,0.6582468612480801,0.6582468612480797,0.6582468612480799,0.003850744138301267,"2603.TW,3231.TW,1326.TW,2609.TW,6669.TW,3008.TW,2912.TW,2327.TW,1301.TW,2883.TW,2618.TW,1303.TW,2317.TW,5871.TW,2891.TW,2454.TW,9910.TW,3037.TW,2882.TW,2408.TW",2020,123,20
2020-07-10,0.00396792904533172,-0.0008031805495387623,0.016771569883894832,0.0055326071773386535,0.8123509388362473,0.8123509388362472,0.8123509388362473,0.004752252992192047,"2603.TW,3231.TW,1326.TW,2609.TW,6669.TW",2020,123,5
2020-07-10,0.0021967031575108042,-0.0019718849051987286,0.016771569883894832,0.0055326071773386535,0.7110172621539005,0.7110172621539007,0.7110172621539006,0.004159450983600319,"2603.TW,3231.TW,1326.TW,2609.TW,6669.TW,3008.TW,2912.TW,2327.TW,1301.TW,2883.TW",2020,123,10
2020-07-15,0.003872396280657926,0.0010973747458093985,0.00882273461779115,0.0004443846795869755,0.4725328211903863,0.47253282119038637,0.4725328211903863,0.0027643170039637604,"6669.TW,3008.TW,1301.TW,2609.TW,2412.TW,2912.TW,3034.TW,2618.TW,2379.TW,2357.TW,2327.TW,2345.TW,2891.TW,3045.TW,2454.TW",2020,123,15
2020-07-15,0.0037208524483799427,0.0007457804956529923,0.00882273461779115,0.0004443846795869755,0.5066740487835392,0.5066740487835392,0.5066740487835392,0.0029640431853837045,"6669.TW,3008.TW,1301.TW,2609.TW,2412.TW,2912.TW,3034.TW,2618.TW,2379.TW,2357.TW,2327.TW,2345.TW,2891.TW,3045.TW,2454.TW,3017.TW,2886.TW,4904.TW,1102.TW,5871.TW",2020,123,20
2020-07-15,0.007247249631358544,0.0042541039720842555,0.00882273461779115,0.0004443846795869755,0.5079674636316255,0.5079674636316254,0.5079674636316254,0.002971609662245009,"6669.TW,3008.TW,1301.TW,2609.TW,2412.TW,2912.TW,3034.TW,2618.TW,2379.TW,2357.TW",2020,123,10
2020-07-15,0.00906143497357459,0.0031584255789789406,0.00882273461779115,0.0004443846795869755,1.0,1.0000000000000002,1.0,0.005850000000000001,"6669.TW,3008.TW,1301.TW",2020,123,3
2020-07-15,0.0029595372688725925,-0.0006203261304938978,0.00882273461779115,0.0004443846795869755,0.6101367390119524,0.6101367390119523,0.6101367390119523,0.0035692999232199213,"6669.TW,3008.TW,1301.TW,2609.TW,2412.TW",2020,123,5
2020-07-20,0.0028649866822452923,-0.0014686513050269356,0.019042819393053856,0.007107106408157207,0.7386765199449896,0.7386765199449897,0.7386765199449896,0.00432125764167819,"2345.TW,2615.TW,3231.TW,3045.TW,1102.TW,2885.TW,1303.TW,2882.TW,2887.TW,4904.TW,5876.TW,2609.TW,3034.TW,2881.TW,2892.TW",2020,123,15
2020-07-20,-0.0025462372712196876,-0.00838134178318306,0.019042819393053856,0.007107106408157207,0.9999999999999999,0.9999999999999998,0.9999999999999998,0.005849999999999999,"2345.TW,2615.TW,3231.TW,3045.TW,1102.TW,2885.TW,1303.TW,2882.TW,2887.TW,4904.TW",2020,123,10
2020-07-20,0.0006622059628456682,-0.0028851624281533983,0.019042819393053856,0.007107106408157207,0.6059864712904531,0.6059864712904529,0.605986471290453,0.00354502085704915,"2345.TW,2615.TW,3231.TW,3045.TW,1102.TW,2885.TW,1303.TW,2882.TW,2887.TW,4904.TW,5876.TW,2609.TW,3034.TW,2881.TW,2892.TW,2891.TW,5880.TW,2880.TW,2886.TW,2317.TW",2020,123,20
2020-07-20,0.004399412386079881,-0.0014763241763787738,0.019042819393053856,0.007107106408157207,1.0,0.9999999999999999,1.0,0.005849999999999999,"2345.TW,2615.TW,3231.TW,3045.TW,1102.TW",2020,123,5
2020-07-20,0.018883323279446862,0.012922855838262137,0.019042819393053856,0.007107106408157207,1.0,1.0,1.0,0.00585,"2345.TW,2615.TW,3231.TW",2020,123,3
2020-07-23,-0.021176897115409026,-0.024078023391335135,0.03838379794845337,-0.01677744022928466,0.5066482595929227,0.5066482595929228,0.5066482595929227,0.0029638923186185986,"3008.TW,1102.TW,2615.TW,4904.TW,2618.TW,1326.TW,1216.TW,1303.TW,2884.TW,3045.TW,2002.TW,2412.TW,3017.TW,2603.TW,2882.TW,5880.TW,1301.TW,2885.TW,2887.TW,2891.TW",2020,123,20
2020-07-23,-0.033547058145405526,-0.03699753479310375,0.03838379794845337,-0.01677744022928466,0.610298797218988,0.6102987972189879,0.6102987972189879,0.0035702479637310797,"3008.TW,1102.TW,2615.TW,4904.TW,2618.TW",2020,123,5
2020-07-23,-0.0237879348440795,-0.027258488315033302,0.03838379794845337,-0.01677744022928466,0.6077132466981904,0.6077132466981903,0.6077132466981903,0.0035551224931844134,"3008.TW,1102.TW,2615.TW,4904.TW,2618.TW,1326.TW,1216.TW,1303.TW,2884.TW,3045.TW,2002.TW,2412.TW,3017.TW,2603.TW,2882.TW",2020,123,15
2020-07-23,-0.023933056372800132,-0.026831008729277905,0.03838379794845337,-0.01677744022928466,0.5075230489333942,0.5075230489333942,0.5075230489333942,0.002969009836260356,"3008.TW,1102.TW,2615.TW,4904.TW,2618.TW,1326.TW,1216.TW,1303.TW,2884.TW,3045.TW",2020,123,10
2020-07-23,-0.024527113620176788,-0.028408198801575413,0.03838379794845337,-0.01677744022928466,0.6801146127226473,0.6801146127226474,0.6801146127226474,0.003978670484427488,"3008.TW,1102.TW,2615.TW",2020,123,3
2020-07-28,0.014309704424451487,0.010697852093188853,0.006322963531274928,0.017683646904255695,0.608700333067441,0.6087003330674411,0.608700333067441,0.0035608969484445304,"2207.TW,2618.TW,1102.TW,2615.TW,5876.TW,9910.TW,2317.TW,1303.TW,1326.TW,2345.TW,5871.TW,4904.TW,2609.TW,1301.TW,2357.TW",2020,123,15
2020-07-28,0.015114107873344943,0.01178339710347287,0.006322963531274928,0.017683646904255695,0.5608751409701149,0.560875140970115,0.5608751409701149,0.003281119574675173,"2207.TW,2618.TW,1102.TW,2615.TW,5876.TW,9910.TW,2317.TW,1303.TW,1326.TW,2345.TW,5871.TW,4904.TW,2609.TW,1301.TW,2357.TW,2408.TW,2887.TW,3231.TW,3017.TW,2883.TW",2020,123,20
2020-07-28,0.01462687396383604,0.011582057972639559,0.006322963531274928,0.017683646904255695,0.5129781000015553,0.5129781000015553,0.5129781000015553,0.0030009218850090987,"2207.TW,2618.TW,1102.TW,2615.TW,5876.TW,9910.TW,2317.TW,1303.TW,1326.TW,2345.TW",2020,123,10
2020-07-28,0.014729316115218143,0.010719958886438175,0.006322963531274928,0.017683646904255695,0.6754118553228394,0.6754118553228394,0.6754118553228394,0.003951159353638611,"2207.TW,2618.TW,1102.TW",2020,123,3
2020-07-28,0.014222770396051,0.011767218974242155,0.006322963531274928,0.017683646904255695,0.413866057880415,0.41386605788041475,0.41386605788041486,0.002421116438600427,"2207.TW,2618.TW,1102.TW,2615.TW,5876.TW",2020,123,5
2020-07-31,0.029718834860458156,0.026663330506082383,0.01933288915096476,0.02064981087870543,0.5072340322066717,0.5072340322066716,0.5072340322066717,0.0029673190884090296,"2207.TW,2912.TW,2345.TW,1303.TW,5876.TW,2882.TW,2881.TW,1326.TW,2002.TW,1102.TW,2887.TW,3008.TW,5871.TW,2317.TW,2885.TW,2891.TW,2883.TW,2330.TW,1590.TW,2303.TW",2020,123,20
2020-07-31,0.035816076978607336,0.031709077190411605,0.01933288915096476,0.02064981087870543,0.6777759695458938,0.677775969545894,0.6777759695458939,0.00396498942184348,"2207.TW,2912.TW,2345.TW",2020,123,3
2020-07-31,0.022748373788656448,0.0199078204500589,0.01933288915096476,0.02064981087870543,0.4747645517790633,0.47476455177906357,0.4747645517790634,0.0027773726279075217,"2207.TW,2912.TW,2345.TW,1303.TW,5876.TW,2882.TW,2881.TW,1326.TW,2002.TW,1102.TW,2887.TW,3008.TW,5871.TW,2317.TW,2885.TW",2020,123,15
2020-07-31,0.021817484847173833,0.018161005329370594,0.01933288915096476,0.02064981087870543,0.6116936175798755,0.6116936175798754,0.6116936175798755,0.0035784076628422716,"2207.TW,2912.TW,2345.TW,1303.TW,5876.TW",2020,123,5
2020-07-31,0.01799137501818009,0.015551895710945063,0.01933288915096476,0.02064981087870543,0.40963511088327653,0.40963511088327653,0.40963511088327653,0.002396365398667168,"2207.TW,2912.TW,2345.TW,1303.TW,5876.TW,2882.TW,2881.TW,1326.TW,2002.TW,1102.TW",2020,123,10
2020-08-05,0.017507351584149605,0.014175600243088615,-0.000474060761425088,0.007284992362158382,0.559730740897756,0.5597307408977558,0.5597307408977559,0.0032744248342518713,"3711.TW,2408.TW,2207.TW,2618.TW,5876.TW,2881.TW,2891.TW,2884.TW,2317.TW,1216.TW,2886.TW,2412.TW,5880.TW,1303.TW,2609.TW,2892.TW,2303.TW,3045.TW,2887.TW,2883.TW",2020,123,20
2020-08-05,-0.023460729376591972,-0.027329572728427287,-0.000474060761425088,0.007284992362158382,0.6772290309239547,0.6772290309239547,0.6772290309239547,0.003961789830905135,"3711.TW,2408.TW,2207.TW",2020,123,3
2020-08-05,0.021959705926281853,0.017935081502496786,-0.000474060761425088,0.007284992362158382,0.6731869984524125,0.6731869984524125,0.6731869984524125,0.003938143940946613,"3711.TW,2408.TW,2207.TW,2618.TW,5876.TW,2881.TW,2891.TW,2884.TW,2317.TW,1216.TW,2886.TW,2412.TW,5880.TW,1303.TW,2609.TW",2020,123,15
2020-08-05,0.003254854841344334,-0.00031325588749986366,-0.000474060761425088,0.007284992362158382,0.6079546537739143,0.6079546537739142,0.6079546537739142,0.0035565347245773986,"3711.TW,2408.TW,2207.TW,2618.TW,5876.TW",2020,123,5
2020-08-05,0.005003587484470528,0.0008572682392051778,-0.000474060761425088,0.007284992362158382,0.7052437716488594,0.7052437716488595,0.7052437716488595,0.004125676064145828,"3711.TW,2408.TW,2207.TW,2618.TW,5876.TW,2881.TW,2891.TW,2884.TW,2317.TW,1216.TW",2020,123,10
2020-08-10,0.007382630626124832,0.004372284962043338,-0.015180188071167167,0.003058969138609864,0.5108178231019049,0.510817823101905,0.5108178231019049,0.0029882842651461445,"2345.TW,2408.TW,2303.TW,2327.TW,3045.TW,3034.TW,3711.TW,1590.TW,2395.TW,3017.TW,2880.TW,2887.TW,3037.TW,2886.TW,2884.TW,4904.TW,2207.TW,5880.TW,1101.TW,2892.TW",2020,123,20
2020-08-10,-0.02036762273544168,-0.024260340881669507,-0.015180188071167167,0.003058969138609864,0.6792567505743048,0.6792567505743048,0.6792567505743048,0.003973651990859683,"2345.TW,2408.TW,2303.TW",2020,123,3
2020-08-10,0.012760552791119406,0.008356176566901796,-0.015180188071167167,0.003058969138609864,0.7433986469730378,0.7433986469730378,0.7433986469730378,0.004348882084792271,"2345.TW,2408.TW,2303.TW,2327.TW,3045.TW,3034.TW,3711.TW,1590.TW,2395.TW,3017.TW,2880.TW,2887.TW,3037.TW,2886.TW,2884.TW",2020,123,15
2020-08-10,-0.017660988710881086,-0.02233119562061847,-0.015180188071167167,0.003058969138609864,0.8126786764060567,0.8126786764060566,0.8126786764060567,0.004754170256975432,"2345.TW,2408.TW,2303.TW,2327.TW,3045.TW",2020,123,5
2020-08-10,0.013152858596341781,0.008365654528959432,-0.015180188071167167,0.003058969138609864,0.8077018928195662,0.807701892819566,0.8077018928195661,0.004725056072994461,"2345.TW,2408.TW,2303.TW,2327.TW,3045.TW,3034.TW,3711.TW,1590.TW,2395.TW,3017.TW",2020,123,10
2020-08-13,0.01368563443846436,0.011828736053514755,0.011560488753857845,0.017352123877094842,0.31313310217488366,0.31313310217488366,0.31313310217488366,0.0018318286477230696,"3008.TW,2327.TW,3037.TW,1101.TW,2886.TW,2303.TW,3711.TW,2892.TW,1590.TW,2382.TW,2379.TW,2345.TW,1216.TW,3231.TW,2317.TW,2207.TW,2880.TW,2884.TW,2887.TW,5880.TW",2020,123,20
2020-08-13,0.013302650202277277,0.00854887890914302,0.011560488753857845,0.017352123877094842,0.8019425166771526,0.8019425166771526,0.8019425166771526,0.004691363722561343,"3008.TW,2327.TW,3037.TW,1101.TW,2886.TW",2020,123,5
2020-08-13,0.019489535381163603,0.015815181258135746,0.011560488753857845,0.017352123877094842,0.6160874634679501,0.6160874634679501,0.6160874634679501,0.003604111661287508,"3008.TW,2327.TW,3037.TW,1101.TW,2886.TW,2303.TW,3711.TW,2892.TW,1590.TW,2382.TW",2020,123,10
2020-08-13,0.0163882629254598,0.013143737134924116,0.011560488753857845,0.017352123877094842,0.5456770935721,0.5456770935721003,0.5456770935721001,0.0031922109973967863,"3008.TW,2327.TW,3037.TW,1101.TW,2886.TW,2303.TW,3711.TW,2892.TW,1590.TW,2382.TW,2379.TW,2345.TW,1216.TW,3231.TW,2317.TW",2020,123,15
2020-08-13,0.004229678380487231,-0.0016450652380387565,0.011560488753857845,0.017352123877094842,1.0,1.0,1.0,0.00585,"3008.TW,2327.TW,3037.TW",2020,123,3
2020-08-18,-0.046307320593308346,-0.048976741921336386,-0.02047608843986304,-0.023529168002178233,0.47846790478494783,0.478467904784948,0.47846790478494794,0.002799037242991946,"2454.TW,3034.TW,3008.TW,3231.TW,2379.TW,3711.TW,2327.TW,2886.TW,2609.TW,5876.TW,3037.TW,2303.TW,2891.TW,6669.TW,2207.TW",2020,123,15
2020-08-18,-0.037990085880201495,-0.04029562435992384,-0.02047608843986304,-0.023529168002178233,0.40967264063331954,0.4096726406333196,0.40967264063331954,0.0023965849477049195,"2454.TW,3034.TW,3008.TW,3231.TW,2379.TW,3711.TW,2327.TW,2886.TW,2609.TW,5876.TW,3037.TW,2303.TW,2891.TW,6669.TW,2207.TW,2912.TW,2883.TW,2317.TW,2887.TW,2892.TW",2020,123,20
2020-08-18,-0.040547028217971806,-0.04508653467288104,-0.02047608843986304,-0.023529168002178233,0.8087775349165109,0.8087775349165109,0.8087775349165109,0.004731348579261589,"2454.TW,3034.TW,3008.TW,3231.TW,2379.TW",2020,123,5
2020-08-18,-0.04763750026915633,-0.051054881732180424,-0.02047608843986304,-0.023529168002178233,0.6133880445966862,0.613388044596686,0.6133880445966862,0.0035883200608906136,"2454.TW,3034.TW,3008.TW,3231.TW,2379.TW,3711.TW,2327.TW,2886.TW,2609.TW,5876.TW",2020,123,10
2020-08-18,-0.03368599059525024,-0.037521036169704036,-0.02047608843986304,-0.023529168002178233,0.6784164771286897,0.6784164771286897,0.6784164771286897,0.0039687363912028345,"2454.TW,3034.TW,3008.TW",2020,123,3
2020-08-21,0.028543837508095176,0.024893133464378492,0.021876421335902396,0.01867852906868711,0.6067334716591312,0.6067334716591312,0.6067334716591312,0.0035493908092059175,"2308.TW,2303.TW,3231.TW,3008.TW,2382.TW",2020,123,5
2020-08-21,0.033093313547278916,0.030300831374857173,0.021876421335902396,0.01867852906868711,0.4620564024967798,0.4620564024967797,0.46205640249677976,0.0027030299546061615,"2308.TW,2303.TW,3231.TW,3008.TW,2382.TW,5876.TW,2379.TW,3037.TW,3034.TW,3711.TW,6669.TW,2408.TW,2603.TW,2618.TW,2609.TW,1326.TW,2345.TW,2327.TW,2882.TW,1216.TW",2020,123,20
2020-08-21,0.018426354917680254,0.016015882175799412,0.021876421335902396,0.01867852906868711,0.40459147640286974,0.40459147640286963,0.4045914764028697,0.0023668601369567876,"2308.TW,2303.TW,3231.TW,3008.TW,2382.TW,5876.TW,2379.TW,3037.TW,3034.TW,3711.TW",2020,123,10
2020-08-21,0.043697239937036704,0.03759161108340514,0.021876421335902396,0.01867852906868711,1.0,0.9999999999999999,1.0,0.005849999999999999,"2308.TW,2303.TW,3231.TW",2020,123,3
2020-08-21,0.04288877191150589,0.040798351023678014,0.021876421335902396,0.01867852906868711,0.34264143360873656,0.34264143360873645,0.3426414336087365,0.0020044523866111085,"2308.TW,2303.TW,3231.TW,3008.TW,2382.TW,5876.TW,2379.TW,3037.TW,3034.TW,3711.TW,6669.TW,2408.TW,2603.TW,2618.TW,2609.TW",2020,123,15
2020-08-26,-0.016520519812731713,-0.02030864800543053,-0.025214003120997086,-0.018425691399003952,0.6584207335773862,0.6584207335773862,0.6584207335773862,0.0038517612914277096,"3034.TW,2454.TW,2885.TW,2207.TW,3017.TW,2412.TW,2603.TW,2884.TW,1102.TW,9910.TW,3008.TW,1590.TW,5880.TW,4904.TW,1216.TW,2303.TW,5876.TW,1101.TW,2002.TW,3711.TW",2020,123,20
2020-08-26,-0.015149116180107901,-0.019794956496797855,-0.025214003120997086,-0.018425691399003952,0.8063766311661666,0.8063766311661669,0.8063766311661668,0.004717303292322076,"3034.TW,2454.TW,2885.TW,2207.TW,3017.TW,2412.TW,2603.TW,2884.TW,1102.TW,9910.TW,3008.TW,1590.TW,5880.TW,4904.TW,1216.TW",2020,123,15
2020-08-26,-0.023582000991710286,-0.029294046285908815,-0.025214003120997086,-0.018425691399003952,1.0,1.0000000000000002,1.0,0.005850000000000001,"3034.TW,2454.TW,2885.TW,2207.TW,3017.TW",2020,123,5
2020-08-26,-0.037018079136053296,-0.0426515233731074,-0.025214003120997086,-0.018425691399003952,1.0,0.9999999999999999,1.0,0.005849999999999999,"3034.TW,2454.TW,2885.TW",2020,123,3
2020-08-26,-0.013185827551806108,-0.018400569639711928,-0.025214003120997086,-0.018425691399003952,0.9033199246662907,0.9033199246662909,0.9033199246662909,0.005284421559297802,"3034.TW,2454.TW,2885.TW,2207.TW,3017.TW,2412.TW,2603.TW,2884.TW,1102.TW,9910.TW",2020,123,10
2020-08-31,0.0017446324967687133,-0.002213648715165717,-0.004392365974047352,-0.00840913899624219,0.6754508534883817,0.6754508534883819,0.6754508534883819,0.0039513874929070335,"2303.TW,2330.TW,9910.TW,2308.TW,2395.TW,1101.TW,2357.TW,3034.TW,2379.TW,5871.TW,3037.TW,1590.TW,2454.TW,2207.TW,3231.TW",2020,123,15
2020-08-31,-0.019097983456131007,-0.024836260252912634,-0.004392365974047352,-0.00840913899624219,1.0,0.9999999999999998,0.9999999999999999,0.005849999999999999,"2303.TW,2330.TW,9910.TW",2020,123,3
2020-08-31,-0.01736907603438309,-0.023117466939581943,-0.004392365974047352,-0.00840913899624219,1.0,1.0,1.0,0.00585,"2303.TW,2330.TW,9910.TW,2308.TW,2395.TW",2020,123,5
2020-08-31,-0.0027268624610272793,-0.007441454740211961,-0.004392365974047352,-0.00840913899624219,0.8081168335746328,0.8081168335746329,0.8081168335746329,0.004727483476411602,"2303.TW,2330.TW,9910.TW,2308.TW,2395.TW,1101.TW,2357.TW,3034.TW,2379.TW,5871.TW",2020,123,10
2020-08-31,-0.0025048536005598475,-0.0057621729720152,-0.004392365974047352,-0.00840913899624219,0.558204951846797,0.558204951846797,0.558204951846797,0.003265498968303762,"2303.TW,2330.TW,9910.TW,2308.TW,2395.TW,1101.TW,2357.TW,3034.TW,2379.TW,5871.TW,3037.TW,1590.TW,2454.TW,2207.TW,3231.TW,2382.TW,1102.TW,1326.TW,2884.TW,2880.TW",2020,123,20
2020-09-03,0.016666137497053812,0.0126971389363697,-0.0024508922235227937,0.0008714441482861268,0.6673393235019683,0.6673393235019685,0.6673393235019685,0.003903935042486515,"2615.TW,2303.TW,3017.TW",2020,123,3
2020-09-03,-0.006565039567024752,-0.010493010784818124,-0.0024508922235227937,0.0008714441482861268,0.6758852850568384,0.6758852850568384,0.6758852850568384,0.003953928917582505,"2615.TW,2303.TW,3017.TW,1101.TW,9910.TW,2382.TW,2884.TW,6669.TW,2609.TW,1102.TW,2395.TW,2345.TW,2885.TW,3231.TW,1216.TW",2020,123,15
2020-09-03,-0.003811686239634615,-0.007927874615786923,-0.0024508922235227937,0.0008714441482861268,0.70631419273071,0.7063141927307102,0.7063141927307102,0.004131938027474654,"2615.TW,2303.TW,3017.TW,1101.TW,9910.TW,2382.TW,2884.TW,6669.TW,2609.TW,1102.TW",2020,123,10
2020-09-03,0.010495255894553336,0.006929673151029991,-0.0024508922235227937,0.0008714441482861268,0.6031708908317626,0.6031708908317625,0.6031708908317626,0.0035285497113658106,"2615.TW,2303.TW,3017.TW,1101.TW,9910.TW",2020,123,5
2020-09-03,-0.0014878549483158922,-0.004753040304937839,-0.0024508922235227937,0.0008714441482861268,0.5589830286775275,0.5589830286775274,0.5589830286775275,0.0032700507177635353,"2615.TW,2303.TW,3017.TW,1101.TW,9910.TW,2382.TW,2884.TW,6669.TW,2609.TW,1102.TW,2395.TW,2345.TW,2885.TW,3231.TW,1216.TW,2887.TW,2912.TW,2603.TW,2207.TW,2412.TW",2020,123,20
2020-09-08,-3.905754382508588e-05,-0.002831045543981947,0.017198838929594507,0.007386095518467461,0.47728154745467866,0.47728154745467855,0.4772815474546786,0.0027920970526098695,"3017.TW,2609.TW,6669.TW,3037.TW,2615.TW,2454.TW,2603.TW,2382.TW,1590.TW,2345.TW,2379.TW,2884.TW,3231.TW,3008.TW,2887.TW",2020,123,15
2020-09-08,0.0019177184956043086,-0.000493827910788891,0.017198838929594507,0.007386095518467461,0.41144112668050314,0.4114411266805032,0.41144112668050314,0.0024069305910809436,"3017.TW,2609.TW,6669.TW,3037.TW,2615.TW,2454.TW,2603.TW,2382.TW,1590.TW,2345.TW,2379.TW,2884.TW,3231.TW,3008.TW,2887.TW,2330.TW,3034.TW,2395.TW,5876.TW,2885.TW",2020,123,20
2020-09-08,-0.0386279390339355,-0.042447373874575756,0.017198838929594507,0.007386095518467461,0.6791281659442179,0.6791281659442181,0.679128165944218,0.003972899770773676,"3017.TW,2609.TW,6669.TW",2020,123,3
2020-09-08,-0.0031442946260531583,-0.006142801156662325,0.017198838929594507,0.007386095518467461,0.5141819584763954,0.5141819584763956,0.5141819584763955,0.003007964457086914,"3017.TW,2609.TW,6669.TW,3037.TW,2615.TW,2454.TW,2603.TW,2382.TW,1590.TW,2345.TW",2020,123,10
2020-09-08,-0.01600506027752007,-0.019518505192218982,0.017198838929594507,0.007386095518467461,0.6103576858605575,0.6103576858605574,0.6103576858605575,0.0035705924622842613,"3017.TW,2609.TW,6669.TW,3037.TW,2615.TW",2020,123,5
2020-09-11,-0.02445939339176247,-0.026393686866495236,0.024637743574201565,0.0063960121542670275,0.3389386920231543,0.33893869202315424,0.3389386920231543,0.0019827913483354523,"2609.TW,2603.TW,3017.TW",2020,123,3
2020-09-11,0.00580705954707928,0.003004177671423358,0.024637743574201565,0.0063960121542670275,0.4763588626684314,0.47635886266843136,0.4763588626684314,0.0027866993466103235,"2609.TW,2603.TW,3017.TW,3037.TW,6669.TW,2345.TW,2408.TW,2618.TW,2454.TW,2395.TW,2327.TW,1101.TW,1326.TW,2615.TW,2885.TW",2020,123,15
2020-09-11,0.009209896854581803,0.007359990109238934,0.024637743574201565,0.0063960121542670275,0.313337568584927,0.313337568584927,0.313337568584927,0.0018330247762218229,"2609.TW,2603.TW,3017.TW,3037.TW,6669.TW,2345.TW,2408.TW,2618.TW,2454.TW,2395.TW",2020,123,10
2020-09-11,0.010846554518823062,0.00958229087724316,0.024637743574201565,0.0063960121542670275,0.213794509205177,0.21379450920517687,0.21379450920517695,0.001250697878850285,"2609.TW,2603.TW,3017.TW,3037.TW,6669.TW",2020,123,5
2020-09-11,0.0061671982918611945,0.003763142778097972,0.024637743574201565,0.0063960121542670275,0.40843078682150097,0.4084307868215011,0.408430786821501,0.002389320102905781,"2609.TW,2603.TW,3017.TW,3037.TW,6669.TW,2345.TW,2408.TW,2618.TW,2454.TW,2395.TW,2327.TW,1101.TW,1326.TW,2615.TW,2885.TW,2412.TW,3034.TW,2883.TW,1102.TW,2379.TW",2020,123,20
2020-09-16,0.00047095461951511823,-0.0031222523427665294,-0.0165015867935856,-0.006772786203657164,0.6139342771719438,0.6139342771719439,0.6139342771719438,0.0035915155214558724,"2603.TW,2609.TW,2618.TW,2345.TW,1326.TW,2912.TW,1301.TW,9910.TW,2002.TW,2412.TW,1303.TW,2887.TW,3045.TW,2395.TW,2883.TW",2020,123,15
2020-09-16,-0.001996483090711732,-0.005566876979420821,-0.0165015867935856,-0.006772786203657164,0.6115446802730568,0.6115446802730565,0.6115446802730566,0.0035775363795973814,"2603.TW,2609.TW,2618.TW,2345.TW,1326.TW,2912.TW,1301.TW,9910.TW,2002.TW,2412.TW,1303.TW,2887.TW,3045.TW,2395.TW,2883.TW,2882.TW,2891.TW,3008.TW,2317.TW,2207.TW",2020,123,20
2020-09-16,-0.000767116834255387,-0.0044669910972324756,-0.0165015867935856,-0.006772786203657164,0.6329426799553569,0.6329426799553567,0.6329426799553568,0.003702714677738837,"2603.TW,2609.TW,2618.TW,2345.TW,1326.TW",2020,123,5
2020-09-16,-0.008835134897714408,-0.010957882834206623,-0.0165015867935856,-0.006772786203657164,0.36609741517565875,0.3660974151756588,0.36609741517565875,0.002141669878777604,"2603.TW,2609.TW,2618.TW",2020,123,3
2020-09-16,0.003244331860809491,-0.00039793369565566117,-0.0165015867935856,-0.006772786203657164,0.6205960772056751,0.620596077205675,0.6205960772056751,0.003630487051653199,"2603.TW,2609.TW,2618.TW,2345.TW,1326.TW,2912.TW,1301.TW,9910.TW,2002.TW,2412.TW",2020,123,10
2020-09-21,-0.02690633583974899,-0.031112054255508337,-0.034036524845615146,-0.031786493502340474,0.7388047537402535,0.7388047537402537,0.7388047537402536,0.004322007809380484,"2603.TW,2881.TW,1102.TW,2382.TW,2885.TW,2303.TW,2882.TW,2330.TW,2884.TW,2887.TW,2883.TW,2317.TW,1101.TW,5880.TW,2002.TW",2020,123,15
2020-09-21,-0.032138389378041074,-0.03670523454008068,-0.034036524845615146,-0.031786493502340474,0.8065794573200247,0.8065794573200246,0.8065794573200247,0.004718489825322144,"2603.TW,2881.TW,1102.TW,2382.TW,2885.TW",2020,123,5
2020-09-21,-0.03394241124815659,-0.03775717849740523,-0.034036524845615146,-0.031786493502340474,0.6750083776331033,0.6750083776331034,0.6750083776331033,0.003948799009153655,"2603.TW,2881.TW,1102.TW",2020,123,3
2020-09-21,-0.024046000419221836,-0.02920538813895246,-0.034036524845615146,-0.031786493502340474,0.903676422388993,0.9036764223889933,0.9036764223889932,0.00528650707097561,"2603.TW,2881.TW,1102.TW,2382.TW,2885.TW,2303.TW,2882.TW,2330.TW,2884.TW,2887.TW",2020,123,10
2020-09-21,-0.029457086012172385,-0.03317809330116728,-0.034036524845615146,-0.031786493502340474,0.6553750616105053,0.6553750616105052,0.6553750616105052,0.0038339441104214556,"2603.TW,2881.TW,1102.TW,2382.TW,2885.TW,2303.TW,2882.TW,2330.TW,2884.TW,2887.TW,2883.TW,2317.TW,1101.TW,5880.TW,2002.TW,2327.TW,1216.TW,2609.TW,1590.TW,2357.TW",2020,123,20
2020-09-24,0.023874602364011194,0.020848980991648336,0.019851060928288033,0.023542198519170953,0.505140212871579,0.5051402128715788,0.505140212871579,0.0029550702452987364,"2609.TW,3037.TW,2603.TW,2357.TW,2330.TW,2207.TW,5871.TW,1590.TW,5876.TW,2382.TW,3017.TW,2615.TW,2345.TW,2881.TW,1303.TW,2885.TW,2303.TW,5880.TW,1301.TW,2618.TW",2020,123,20
2020-09-24,0.02445863659010805,0.020448365684546665,0.019851060928288033,0.023542198519170953,0.6691498998873919,0.669149899887392,0.6691498998873919,0.003914526914341243,"2609.TW,3037.TW,2603.TW",2020,123,3
2020-09-24,0.014630598245877827,0.010461945561151653,0.019851060928288033,0.023542198519170953,0.7023149151516366,0.7023149151516366,0.7023149151516366,0.004108542253637074,"2609.TW,3037.TW,2603.TW,2357.TW,2330.TW,2207.TW,5871.TW,1590.TW,5876.TW,2382.TW",2020,123,10
2020-09-24,0.015919969999910147,0.011154410624862443,0.019851060928288033,0.023542198519170953,0.8018599478817842,0.8018599478817843,0.8018599478817843,0.004690880695108438,"2609.TW,3037.TW,2603.TW,2357.TW,2330.TW",2020,123,5
2020-09-24,0.022563244052212758,0.01816455504669756,0.019851060928288033,0.023542198519170953,0.7353214139946546,0.7353214139946548,0.7353214139946547,0.0043016302718687305,"2609.TW,3037.TW,2603.TW,2357.TW,2330.TW,2207.TW,5871.TW,1590.TW,5876.TW,2382.TW,3017.TW,2615.TW,2345.TW,2881.TW,1303.TW",2020,123,15
2020-09-29,0.05076814428172667,0.047070370403365924,0.012165561805724368,0.013080202773487714,0.6015581099455471,0.6015581099455469,0.601558109945547,0.00351911494318145,"1590.TW,3037.TW,2379.TW,6669.TW,2603.TW",2020,123,5
2020-09-29,0.03800272319524881,0.033927375891994904,0.012165561805724368,0.013080202773487714,0.6711355848030243,0.6711355848030243,0.6711355848030243,0.0039261431710976916,"1590.TW,3037.TW,2379.TW",2020,123,3
2020-09-29,0.02101149544688907,0.01777557999271817,0.012165561805724368,0.013080202773487714,0.5417646552958643,0.5417646552958642,0.5417646552958642,0.0031693232334808054,"1590.TW,3037.TW,2379.TW,6669.TW,2603.TW,2207.TW,2357.TW,3711.TW,2303.TW,3231.TW,2454.TW,2330.TW,2618.TW,1301.TW,5876.TW",2020,123,15
2020-09-29,0.020625738222144172,0.017892074146675707,0.012165561805724368,0.013080202773487714,0.4578495200087407,0.4578495200087407,0.4578495200087407,0.002678419692051133,"1590.TW,3037.TW,2379.TW,6669.TW,2603.TW,2207.TW,2357.TW,3711.TW,2303.TW,3231.TW,2454.TW,2330.TW,2618.TW,1301.TW,5876.TW,2327.TW,2002.TW,2615.TW,3008.TW,9910.TW",2020,123,20
2020-09-29,0.02901943472110772,0.02596017520397953,0.012165561805724368,0.013080202773487714,0.5082025928401933,0.5082025928401933,0.5082025928401933,0.002972985168115131,"1590.TW,3037.TW,2379.TW,6669.TW,2603.TW,2207.TW,2357.TW,3711.TW,2303.TW,3231.TW",2020,123,10
2020-10-06,0.003446832355641634,-0.0005121706349601185,0.03221144548396393,0.012282539597718585,0.6744280076876468,0.6744280076876468,0.6744280076876468,0.003945403844972733,"3008.TW,2303.TW,2357.TW,2412.TW,2002.TW,2881.TW,2408.TW,3231.TW,2618.TW,5876.TW,4904.TW,2882.TW,2382.TW,3045.TW,2886.TW",2020,123,15
2020-10-06,0.008809015741184891,0.004623780458634874,0.03221144548396393,0.012282539597718585,0.70917767730127,0.7091776773012702,0.7091776773012701,0.0041486894122124305,"3008.TW,2303.TW,2357.TW,2412.TW,2002.TW,2881.TW,2408.TW,3231.TW,2618.TW,5876.TW",2020,123,10
2020-10-06,0.033246004750749014,0.02720151562295703,0.03221144548396393,0.012282539597718585,1.0,1.0,1.0,0.00585,"3008.TW,2303.TW,2357.TW",2020,123,3
2020-10-06,0.016125853118741932,0.010181516877997288,0.03221144548396393,0.012282539597718585,1.0,1.0,1.0,0.00585,"3008.TW,2303.TW,2357.TW,2412.TW,2002.TW",2020,123,5
2020-10-06,0.008012787741570411,0.004707867136457544,0.03221144548396393,0.012282539597718585,0.5604529030305438,0.560452903030544,0.5604529030305438,0.003278649482728682,"3008.TW,2303.TW,2357.TW,2412.TW,2002.TW,2881.TW,2408.TW,3231.TW,2618.TW,5876.TW,4904.TW,2882.TW,2382.TW,3045.TW,2886.TW,2884.TW,2330.TW,3711.TW,2317.TW,2880.TW",2020,123,20
2020-10-12,0.010891662356217073,0.006891566122124493,-0.015370246119520536,-0.005555118983436704,0.6764099057253464,0.6764099057253465,0.6764099057253465,0.003956997948493277,"3008.TW,1102.TW,2382.TW,3231.TW,2609.TW,2615.TW,1590.TW,2603.TW,2884.TW,2891.TW,1101.TW,2345.TW,2002.TW,9910.TW,2618.TW",2020,123,15
2020-10-12,-0.008880907983026357,-0.01290721167828468,-0.015370246119520536,-0.005555118983436704,0.6944241589816047,0.6944241589816049,0.6944241589816048,0.004062381330042389,"3008.TW,1102.TW,2382.TW",2020,123,3
2020-10-12,0.00946988145408254,0.004665453272112208,-0.015370246119520536,-0.005555118983436704,0.813565406738818,0.813565406738818,0.813565406738818,0.004759357629422086,"3008.TW,1102.TW,2382.TW,3231.TW,2609.TW",2020,123,5
2020-10-12,0.0052391236407569415,0.002219407429292497,-0.015370246119520536,-0.005555118983436704,0.5135005127028934,0.5135005127028932,0.5135005127028933,0.003003977999311926,"3008.TW,1102.TW,2382.TW,3231.TW,2609.TW,2615.TW,1590.TW,2603.TW,2884.TW,2891.TW,1101.TW,2345.TW,2002.TW,9910.TW,2618.TW,4904.TW,5876.TW,2412.TW,2880.TW,2892.TW",2020,123,20
2020-10-12,0.016544747302042594,0.01172797729651398,-0.015370246119520536,-0.005555118983436704,0.8099785969184714,0.8099785969184714,0.8099785969184714,0.0047383747919730575,"3008.TW,1102.TW,2382.TW,3231.TW,2609.TW,2615.TW,1590.TW,2603.TW,2884.TW,2891.TW",2020,123,10
2020-10-15,0.009291083303305147,0.005423050629175252,0.0028383989596818537,0.008626572446410003,0.6551154344432214,0.6551154344432215,0.6551154344432215,0.003832425291492846,"2207.TW,2912.TW,2303.TW,1301.TW,2357.TW,1303.TW,9910.TW,3034.TW,5880.TW,2002.TW,3008.TW,4904.TW,2330.TW,2412.TW,2885.TW,2615.TW,2892.TW,2883.TW,2379.TW,2882.TW",2020,123,20
2020-10-15,-0.0005385887920520416,-0.006385438047618597,0.0028383989596818537,0.008626572446410003,1.0,1.0,1.0,0.00585,"2207.TW,2912.TW,2303.TW,1301.TW,2357.TW",2020,123,5
2020-10-15,0.007404173817283829,0.001510859400452702,0.0028383989596818537,0.008626572446410003,1.0,1.0,1.0,0.00585,"2207.TW,2912.TW,2303.TW",2020,123,3
2020-10-15,0.006115415544046921,0.00022964036311412528,0.0028383989596818537,0.008626572446410003,0.9999999999999999,1.0,1.0,0.00585,"2207.TW,2912.TW,2303.TW,1301.TW,2357.TW,1303.TW,9910.TW,3034.TW,5880.TW,2002.TW",2020,123,10
2020-10-15,0.007905249625950324,0.0031584619692117677,0.0028383989596818537,0.008626572446410003,0.8050525520734596,0.8050525520734597,0.8050525520734597,0.004709557429629739,"2207.TW,2912.TW,2303.TW,1301.TW,2357.TW,1303.TW,9910.TW,3034.TW,5880.TW,2002.TW,3008.TW,4904.TW,2330.TW,2412.TW,2885.TW",2020,123,15
2020-10-20,0.020932355977617705,0.014959901695148714,0.0009431796861885111,0.0025437022439845827,1.0,0.9999999999999998,0.9999999999999999,0.005849999999999999,"2357.TW,2395.TW,2330.TW",2020,123,3
2020-10-20,0.02093223974211411,0.018509615362118703,0.0009431796861885111,0.0025437022439845827,0.4056330180589269,0.4056330180589269,0.4056330180589269,0.002372953155644722,"2357.TW,2395.TW,2330.TW,2912.TW,2303.TW",2020,123,5
2020-10-20,0.008629574141541484,0.005065286703233696,0.0009431796861885111,0.0025437022439845827,0.6040670624820863,0.6040670624820864,0.6040670624820863,0.0035337923155202055,"2357.TW,2395.TW,2330.TW,2912.TW,2303.TW,1326.TW,2892.TW,2379.TW,1303.TW,3017.TW",2020,123,10
2020-10-20,0.0036643740828185,0.001286262443288999,0.0009431796861885111,0.0025437022439845827,0.40503062644571086,0.40503062644571075,0.4050306264457108,0.0023694291647074085,"2357.TW,2395.TW,2330.TW,2912.TW,2303.TW,1326.TW,2892.TW,2379.TW,1303.TW,3017.TW,2885.TW,2887.TW,2884.TW,2308.TW,3008.TW,2412.TW,2880.TW,2207.TW,5880.TW,2881.TW",2020,123,20
2020-10-20,0.005626377934787477,0.0024638236847678296,0.0009431796861885111,0.0025437022439845827,0.5375829194298919,0.537582919429892,0.537582919429892,0.003144860078664868,"2357.TW,2395.TW,2330.TW,2912.TW,2303.TW,1326.TW,2892.TW,2379.TW,1303.TW,3017.TW,2885.TW,2887.TW,2884.TW,2308.TW,3008.TW",2020,123,15
2020-10-23,-0.05325571645189793,-0.05768647969890306,-0.019792550201206516,-0.019187150778528655,0.8,0.8,0.8,0.00468,"2345.TW,2308.TW,2454.TW,2303.TW,3037.TW",2020,123,5
2020-10-23,-0.00823769341443914,-0.01403950290796474,-0.019792550201206516,-0.019187150778528655,1.0,0.9999999999999998,0.9999999999999999,0.005849999999999999,"2345.TW,2308.TW,2454.TW",2020,123,3
2020-10-23,-0.0268365198682918,-0.030660976456394207,-0.019792550201206516,-0.019187150778528655,0.6717815416121005,0.6717815416121007,0.6717815416121006,0.003929922018430789,"2345.TW,2308.TW,2454.TW,2303.TW,3037.TW,2379.TW,2615.TW,2327.TW,2395.TW,2002.TW,2382.TW,2408.TW,2207.TW,2881.TW,2885.TW",2020,123,15
2020-10-23,-0.02923397690702381,-0.03323553287425296,-0.019792550201206516,-0.019187150778528655,0.7046256716787653,0.7046256716787656,0.7046256716787654,0.004122060179320778,"2345.TW,2308.TW,2454.TW,2303.TW,3037.TW,2379.TW,2615.TW,2327.TW,2395.TW,2002.TW",2020,123,10
2020-10-23,-0.023912165573859213,-0.026797843295014334,-0.019792550201206516,-0.019187150778528655,0.5053625560475321,0.505362556047532,0.5053625560475321,0.0029563709528780623,"2345.TW,2308.TW,2454.TW,2303.TW,3037.TW,2379.TW,2615.TW,2327.TW,2395.TW,2002.TW,2382.TW,2408.TW,2207.TW,2881.TW,2885.TW,1303.TW,1590.TW,6669.TW,2357.TW,5880.TW",2020,123,20
2020-10-28,0.016526772520045134,0.013262306680386082,0.001923047348681317,0.0075791660774569515,0.5489558797121048,0.5489558797121049,0.5489558797121048,0.0032113918963158137,"3037.TW,2408.TW,2317.TW,3711.TW,2303.TW,2603.TW,5871.TW,2330.TW,6669.TW,2207.TW,3017.TW,2002.TW,2609.TW,2615.TW,2454.TW",2020,123,15
2020-10-28,0.011364824422280363,0.008332822669833151,0.001923047348681317,0.0075791660774569515,0.5124668026202018,0.5124668026202018,0.5124668026202018,0.0029979307953281807,"3037.TW,2408.TW,2317.TW,3711.TW,2303.TW,2603.TW,5871.TW,2330.TW,6669.TW,2207.TW,3017.TW,2002.TW,2609.TW,2615.TW,2454.TW,3008.TW,2308.TW,2883.TW,2885.TW,1301.TW",2020,123,20
2020-10-28,0.006516702658612447,0.0006285799480594267,0.001923047348681317,0.0075791660774569515,1.0,1.0,1.0,0.00585,"3037.TW,2408.TW,2317.TW",2020,123,3
2020-10-28,0.012617398690897483,0.008867458868791589,0.001923047348681317,0.0075791660774569515,0.6330281852107802,0.6330281852107801,0.6330281852107802,0.0037032148834830634,"3037.TW,2408.TW,2317.TW,3711.TW,2303.TW",2020,123,5
2020-10-28,0.013906256562581053,0.009049303223121585,0.001923047348681317,0.0075791660774569515,0.8188611409800637,0.8188611409800639,0.8188611409800638,0.004790337674733374,"3037.TW,2408.TW,2317.TW,3711.TW,2303.TW,2603.TW,5871.TW,2330.TW,6669.TW,2207.TW",2020,123,10
2020-11-02,0.03125781222131651,0.028477383742680606,0.020633357369550964,0.02025200180978807,0.4608807941063603,0.4608807941063604,0.46088079410636035,0.0026961526455222084,"3037.TW,2303.TW,3034.TW,3017.TW,9910.TW,2308.TW,2454.TW,6669.TW,2379.TW,2609.TW,2327.TW,2395.TW,1590.TW,2603.TW,2615.TW,2618.TW,2408.TW,2357.TW,2330.TW,3231.TW",2020,123,20
2020-11-02,0.03547892000655657,0.031163371260875206,0.020633357369550964,0.02025200180978807,0.7124245854109099,0.7124245854109099,0.7124245854109099,0.004167683824653823,"3037.TW,2303.TW,3034.TW,3017.TW,9910.TW,2308.TW,2454.TW,6669.TW,2379.TW,2609.TW",2020,123,10
2020-11-02,0.03472300029190703,0.03182602797770562,0.020633357369550964,0.02025200180978807,0.4785908329657519,0.478590832965752,0.47859083296575194,0.002799756372849649,"3037.TW,2303.TW,3034.TW,3017.TW,9910.TW,2308.TW,2454.TW,6669.TW,2379.TW,2609.TW,2327.TW,2395.TW,1590.TW,2603.TW,2615.TW",2020,123,15
2020-11-02,0.027511166797255106,0.023461409005554934,0.020633357369550964,0.02025200180978807,0.673731158890795,0.6737311588907952,0.673731158890795,0.003941327279511152,"3037.TW,2303.TW,3034.TW",2020,123,3
2020-11-02,0.0338945915228289,0.03015767408344483,0.020633357369550964,0.02025200180978807,0.6178476133981089,0.6178476133981089,0.6178476133981089,0.0036144085383789373,"3037.TW,2303.TW,3034.TW,3017.TW,9910.TW",2020,123,5
2020-11-05,0.027314510244107148,0.023978727817118406,0.0070522923220137645,0.02660436238721964,0.5550580787116492,0.5550580787116491,0.5550580787116492,0.0032470897604631476,"2308.TW,2303.TW,2609.TW,2379.TW,2395.TW,3034.TW,2912.TW,3037.TW,2883.TW,2412.TW,2603.TW,2382.TW,1102.TW,1301.TW,3045.TW,2881.TW,2002.TW,2618.TW,1101.TW,2882.TW",2020,123,20
2020-11-05,0.0358790551217932,0.03182410006767755,0.0070522923220137645,0.02660436238721964,0.6691463705902556,0.6691463705902555,0.6691463705902556,0.003914506267952995,"2308.TW,2303.TW,2609.TW",2020,123,3
2020-11-05,0.027858037967171893,0.02541309992968155,0.0070522923220137645,0.02660436238721964,0.40661074839992795,0.4066107483999279,0.40661074839992795,0.0023786728781395785,"2308.TW,2303.TW,2609.TW,2379.TW,2395.TW,3034.TW,2912.TW,3037.TW,2883.TW,2412.TW",2020,123,10
2020-11-05,0.023445168957583973,0.01863919962041316,0.0070522923220137645,0.02660436238721964,0.8027134671669824,0.8027134671669826,0.8027134671669824,0.004695873782926848,"2308.TW,2303.TW,2609.TW,2379.TW,2395.TW",2020,123,5
2020-11-05,0.022917219477880498,0.020084915469589237,0.0070522923220137645,0.02660436238721964,0.4733076363490648,0.4733076363490647,0.47330763634906475,0.0027688496726420283,"2308.TW,2303.TW,2609.TW,2379.TW,2395.TW,3034.TW,2912.TW,3037.TW,2883.TW,2412.TW,2603.TW,2382.TW,1102.TW,1301.TW,3045.TW",2020,123,15
2020-11-10,0.013910707661222524,0.01147723329199124,0.030812124720102974,0.018424589611588972,0.4102713597082645,0.41027135970826456,0.41027135970826456,0.0024000874542933477,"2382.TW,2379.TW,2603.TW,2609.TW,2002.TW,2615.TW,2412.TW,2883.TW,3045.TW,2357.TW,1102.TW,2330.TW,2912.TW,1101.TW,4904.TW,5880.TW,2885.TW,2887.TW,2886.TW,2882.TW",2020,123,20
2020-11-10,0.011536452754485905,0.00794323520671636,0.030812124720102974,0.018424589611588972,0.6072200563492968,0.6072200563492967,0.6072200563492967,0.0035522373296433857,"2382.TW,2379.TW,2603.TW,2609.TW,2002.TW,2615.TW,2412.TW,2883.TW,3045.TW,2357.TW",2020,123,10
2020-11-10,0.01658473931422116,0.014147173262767376,0.030812124720102974,0.018424589611588972,0.4098802012260788,0.40988020122607904,0.40988020122607893,0.002397799177172562,"2382.TW,2379.TW,2603.TW,2609.TW,2002.TW,2615.TW,2412.TW,2883.TW,3045.TW,2357.TW,1102.TW,2330.TW,2912.TW,1101.TW,4904.TW",2020,123,15
2020-11-10,0.030955689963133137,0.02492459917684875,0.030812124720102974,0.018424589611588972,1.0,1.0,1.0,0.00585,"2382.TW,2379.TW,2603.TW",2020,123,3
2020-11-10,0.012725842529625433,0.009129272374105657,0.030812124720102974,0.018424589611588972,0.6070728042716886,0.6070728042716884,0.6070728042716885,0.003551375904989378,"2382.TW,2379.TW,2603.TW,2609.TW,2002.TW",2020,123,5
2020-11-13,0.029404394105742103,0.026362754077379202,0.0366848546778642,0.020623951894857977,0.5050866980594926,0.5050866980594926,0.5050866980594926,0.002954757183648032,"6669.TW,2454.TW,3045.TW,2382.TW,2412.TW,2615.TW,1590.TW,4904.TW,2883.TW,3711.TW",2020,123,10
2020-11-13,0.02619558077668604,0.020192336629142327,0.0366848546778642,0.020623951894857977,1.0,1.0,1.0,0.00585,"6669.TW,2454.TW,3045.TW",2020,123,3
2020-11-13,0.027145075993868607,0.02428016707751257,0.0366848546778642,0.020623951894857977,0.47678563752648084,0.4767856375264806,0.47678563752648073,0.0027891959795299124,"6669.TW,2454.TW,3045.TW,2382.TW,2412.TW,2615.TW,1590.TW,4904.TW,2883.TW,3711.TW,2609.TW,5871.TW,2885.TW,2317.TW,2357.TW",2020,123,15
2020-11-13,0.02483585248887052,0.02238572758786317,0.0366848546778642,0.020623951894857977,0.4086749779350957,0.40867497793509594,0.40867497793509583,0.0023907486209203107,"6669.TW,2454.TW,3045.TW,2382.TW,2412.TW,2615.TW,1590.TW,4904.TW,2883.TW,3711.TW,2609.TW,5871.TW,2885.TW,2317.TW,2357.TW,2887.TW,1101.TW,1301.TW,2618.TW,2882.TW",2020,123,20
2020-11-13,0.024543302298818404,0.019748439644059923,0.0366848546778642,0.020623951894857977,0.8,0.8,0.8,0.00468,"6669.TW,2454.TW,3045.TW,2382.TW,2412.TW",2020,123,5
2020-11-18,0.0025936432803766785,-0.0009731097385996534,0.013106240111026235,0.014649648104629633,0.6081241137439296,0.6081241137439295,0.6081241137439295,0.0035575260654019877,"6669.TW,2884.TW,4904.TW,1101.TW,2412.TW",2020,123,5
2020-11-18,0.0018065432342975255,-0.0008844832297359995,0.013106240111026235,0.014649648104629633,0.4591750042690865,0.45917500426908653,0.45917500426908653,0.002686173774974156,"6669.TW,2884.TW,4904.TW,1101.TW,2412.TW,2883.TW,3045.TW,2887.TW,2881.TW,2892.TW,2002.TW,2880.TW,2886.TW,2618.TW,2317.TW,5880.TW,2882.TW,2891.TW,2912.TW,1301.TW",2020,123,20
2020-11-18,-0.00045115079259704376,-0.0034511623693924687,0.013106240111026235,0.014649648104629633,0.5130539564590159,0.5130539564590157,0.5130539564590157,0.003001365645285242,"6669.TW,2884.TW,4904.TW,1101.TW,2412.TW,2883.TW,3045.TW,2887.TW,2881.TW,2892.TW",2020,123,10
2020-11-18,0.0011965946474008133,-0.0027523864982444968,0.013106240111026235,0.014649648104629633,0.6742327288017391,0.6742327288017392,0.6742327288017391,0.003944261463490174,"6669.TW,2884.TW,4904.TW",2020,123,3
2020-11-18,0.003260015831088067,-0.0003154009568192562,0.013106240111026235,0.014649648104629633,0.6091963671062147,0.6091963671062147,0.6091963671062147,0.003563798747571356,"6669.TW,2884.TW,4904.TW,1101.TW,2412.TW,2883.TW,3045.TW,2887.TW,2881.TW,2892.TW,2002.TW,2880.TW,2886.TW,2618.TW,2317.TW",2020,123,15
2020-11-23,-0.0019396714067198523,-0.0035194853414369787,-0.012505364157078591,-0.0013388299589929752,0.270578497428954,0.27057849742895407,0.270578497428954,0.0015828842099593812,"2345.TW,6669.TW,2880.TW,1590.TW,2892.TW,5880.TW,2887.TW,4904.TW,3045.TW,3231.TW,2884.TW,2412.TW,2883.TW,2317.TW,1101.TW",2020,123,15
2020-11-23,-0.001979723796766109,-0.004906287049759039,-0.012505364157078591,-0.0013388299589929752,0.5012595782492472,0.5012595782492475,0.5012595782492473,0.0029323685327580975,"2345.TW,6669.TW,2880.TW,1590.TW,2892.TW,5880.TW,2887.TW,4904.TW,3045.TW,3231.TW",2020,123,10
2020-11-23,-0.004220093047564367,-0.008883357055120222,-0.012505364157078591,-0.0013388299589929752,0.8005174045240404,0.8005174045240403,0.8005174045240404,0.004683026816465636,"2345.TW,6669.TW,2880.TW,1590.TW,2892.TW",2020,123,5
2020-11-23,-0.000873793010602736,-0.0026503671416389096,-0.012505364157078591,-0.0013388299589929752,0.3039534780718892,0.3039534780718892,0.3039534780718892,0.001778127846720552,"2345.TW,6669.TW,2880.TW,1590.TW,2892.TW,5880.TW,2887.TW,4904.TW,3045.TW,3231.TW,2884.TW,2412.TW,2883.TW,2317.TW,1101.TW,2886.TW,2615.TW,1102.TW,3008.TW,2891.TW",2020,123,20
2020-11-23,-0.0071327340338394425,-0.011007230490982844,-0.012505364157078591,-0.0013388299589929752,0.6670650845223466,0.6670650845223466,0.6670650845223466,0.003902330744455728,"2345.TW,6669.TW,2880.TW",2020,123,3
2020-11-26,0.003780095799111873,-0.0020920177613129587,0.004366733258587274,0.0013526567231844533,1.0,1.0,1.0,0.00585,"3008.TW,2615.TW,2395.TW,1216.TW,2886.TW",2020,123,5
2020-11-26,-0.005161708369082378,-0.008660830597625901,0.004366733258587274,0.0013526567231844533,0.6012439980644417,0.6012439980644415,0.6012439980644416,0.003517277388676983,"3008.TW,2615.TW,2395.TW,1216.TW,2886.TW,2609.TW,2412.TW,2892.TW,6669.TW,2883.TW,2887.TW,5876.TW,2880.TW,2882.TW,2912.TW",2020,123,15
2020-11-26,-0.0007671232885977041,-0.005452408282264898,0.004366733258587274,0.0013526567231844533,0.8015182810605239,0.8015182810605239,0.8015182810605239,0.0046888819442040645,"3008.TW,2615.TW,2395.TW,1216.TW,2886.TW,2609.TW,2412.TW,2892.TW,6669.TW,2883.TW",2020,123,10
2020-11-26,-0.004499613371970036,-0.00656114548180009,0.004366733258587274,0.0013526567231844533,0.3539914760321175,0.35399147603211756,0.35399147603211756,0.0020708501347878874,"3008.TW,2615.TW,2395.TW,1216.TW,2886.TW,2609.TW,2412.TW,2892.TW,6669.TW,2883.TW,2887.TW,5876.TW,2880.TW,2882.TW,2912.TW,2317.TW,1301.TW,1101.TW,4904.TW,1102.TW",2020,123,20
2020-11-26,0.014088742257197584,0.008156323114993036,0.004366733258587274,0.0013526567231844533,1.0,1.0,1.0,0.00585,"3008.TW,2615.TW,2395.TW",2020,123,3
2020-12-01,-0.022438148264587236,-0.027013137730709014,0.030434783362798923,0.01938260806459089,0.8,0.8,0.8,0.00468,"2454.TW,2207.TW,2615.TW,3017.TW,3037.TW",2020,123,5
2020-12-01,-0.0134649284244604,-0.017523527651587045,0.030434783362798923,0.01938260806459089,0.703246813673506,0.703246813673506,0.703246813673506,0.0041139938599900104,"2454.TW,2207.TW,2615.TW,3017.TW,3037.TW,2603.TW,2912.TW,2609.TW,2882.TW,6669.TW",2020,123,10
2020-12-01,-0.0006827201648232481,-0.0030464787056466713,0.030434783362798923,0.01938260806459089,0.40433733828388474,0.40433733828388485,0.4043373382838848,0.0023653734289607264,"2454.TW,2207.TW,2615.TW,3017.TW,3037.TW,2603.TW,2912.TW,2609.TW,2882.TW,6669.TW,1102.TW,2880.TW,2884.TW,4904.TW,2357.TW,2887.TW,2883.TW,5880.TW,1216.TW,2412.TW",2020,123,20
2020-12-01,-0.018395712492589457,-0.022227543597904686,0.030434783362798923,0.01938260806459089,0.6672891230128397,0.6672891230128398,0.6672891230128397,0.003903641369625113,"2454.TW,2207.TW,2615.TW",2020,123,3
2020-12-01,-0.0058084027912764105,-0.009322779661324665,0.030434783362798923,0.01938260806459089,0.6042579565155004,0.6042579565155005,0.6042579565155004,0.003534909045615678,"2454.TW,2207.TW,2615.TW,3017.TW,3037.TW,2603.TW,2912.TW,2609.TW,2882.TW,6669.TW,1102.TW,2880.TW,2884.TW,4904.TW,2357.TW",2020,123,15
2020-12-04,0.030347317336188225,0.02621865223536224,0.005485378114445494,0.008158048149371065,0.6849677834019299,0.6849677834019301,0.68496778340193,0.004007061532901291,"3037.TW,2615.TW,3017.TW",2020,123,3
2020-12-04,0.031171648534927463,0.028305015262932054,0.005485378114445494,0.008158048149371065,0.47520971143250057,0.4752097114325008,0.4752097114325007,0.0027799768118801295,"3037.TW,2615.TW,3017.TW,2609.TW,1590.TW,2887.TW,6669.TW,2603.TW,2207.TW,2454.TW,2317.TW,3045.TW,2883.TW,2618.TW,2892.TW",2020,123,15
2020-12-04,0.060161547243081454,0.05759976481639306,0.005485378114445494,0.008158048149371065,0.4130611292858366,0.41306112928583655,0.4130611292858366,0.0024164076063221437,"3037.TW,2615.TW,3017.TW,2609.TW,1590.TW",2020,123,5
2020-12-04,0.04747035719907803,0.04618914360688242,0.005485378114445494,0.008158048149371065,0.20908550676927412,0.209085506769274,0.20908550676927407,0.0012231502146002533,"3037.TW,2615.TW,3017.TW,2609.TW,1590.TW,2887.TW,6669.TW,2603.TW,2207.TW,2454.TW",2020,123,10
2020-12-04,0.01885759125019414,0.016724096482885864,0.005485378114445494,0.008158048149371065,0.35794988755603424,0.3579498875560342,0.3579498875560342,0.0020940068422028004,"3037.TW,2615.TW,3017.TW,2609.TW,1590.TW,2887.TW,6669.TW,2603.TW,2207.TW,2454.TW,2317.TW,3045.TW,2883.TW,2618.TW,2892.TW,4904.TW,2886.TW,1101.TW,5880.TW,2880.TW",2020,123,20
2020-12-09,0.003104184407049516,-0.0016731916682649617,-0.010071460138596167,-0.0011135450193014917,0.8141183095976152,0.8141183095976153,0.8141183095976152,0.004762592111146049,"2892.TW,5880.TW,5876.TW,2880.TW,5871.TW,2891.TW,2887.TW,2886.TW,2207.TW,2412.TW",2020,123,10
2020-12-09,-7.64253476865199e-05,-0.003118139962312916,-0.010071460138596167,-0.0011135450193014917,0.5199909566651171,0.5199909566651171,0.5199909566651171,0.0030419470964909347,"2892.TW,5880.TW,5876.TW,2880.TW,5871.TW,2891.TW,2887.TW,2886.TW,2207.TW,2412.TW,2883.TW,2303.TW,2884.TW,1101.TW,3017.TW,1102.TW,1216.TW,2885.TW,2881.TW,4904.TW",2020,123,20
2020-12-09,-0.002744034843062849,-0.006740532456571469,-0.010071460138596167,-0.0011135450193014917,0.6850417636836468,0.685041763683647,0.6850417636836469,0.004007494317549334,"2892.TW,5880.TW,5876.TW,2880.TW,5871.TW,2891.TW,2887.TW,2886.TW,2207.TW,2412.TW,2883.TW,2303.TW,2884.TW,1101.TW,3017.TW",2020,123,15
2020-12-09,0.00520045667195701,-0.0006799659995739837,-0.010071460138596167,-0.0011135450193014917,1.0,1.0000000000000002,1.0,0.005850000000000001,"2892.TW,5880.TW,5876.TW,2880.TW,5871.TW",2020,123,5
2020-12-09,0.011074586160626954,0.0051597998315873195,-0.010071460138596167,-0.0011135450193014917,1.0,1.0,1.0,0.00585,"2892.TW,5880.TW,5876.TW",2020,123,3
2020-12-14,0.012571957822358322,0.008192574492516203,0.005086989442287582,0.009978429568998382,0.7393178620369182,0.7393178620369182,0.7393178620369182,0.004325009492915971,"3008.TW,5871.TW,3711.TW,3231.TW,1102.TW,2303.TW,2382.TW,2330.TW,2207.TW,2308.TW,2408.TW,1101.TW,1326.TW,1590.TW,1216.TW",2020,123,15
2020-12-14,0.009104236804312117,0.005813883264149666,0.005086989442287582,0.009978429568998382,0.5573790854254916,0.5573790854254919,0.5573790854254917,0.003260667649739127,"3008.TW,5871.TW,3711.TW,3231.TW,1102.TW,2303.TW,2382.TW,2330.TW,2207.TW,2308.TW,2408.TW,1101.TW,1326.TW,1590.TW,1216.TW,2892.TW,4904.TW,2454.TW,3017.TW,1301.TW",2020,123,20
2020-12-14,0.01760028638794939,0.012816474376074583,0.005086989442287582,0.009978429568998382,0.8036020174072225,0.8036020174072225,0.8036020174072225,0.004701071801832252,"3008.TW,5871.TW,3711.TW,3231.TW,1102.TW",2020,123,5
2020-12-14,0.011676301731974802,0.006916552631244688,0.005086989442287582,0.009978429568998382,0.8042417555083621,0.8042417555083623,0.8042417555083622,0.004704814269723919,"3008.TW,5871.TW,3711.TW,3231.TW,1102.TW,2303.TW,2382.TW,2330.TW,2207.TW,2308.TW",2020,123,10
2020-12-14,0.031913553995760124,0.02587685970488507,0.005086989442287582,0.009978429568998382,1.0,1.0,1.0,0.00585,"3008.TW,5871.TW,3711.TW",2020,123,3
2020-12-17,-0.010482865354469583,-0.01322055434154612,-0.0059047281111856975,-0.006988576246391202,0.4729387769515675,0.47293877695156744,0.4729387769515675,0.0027666918451666697,"3231.TW,2382.TW,1102.TW,2345.TW,3037.TW,2327.TW,1101.TW,2207.TW,1590.TW,2891.TW,2357.TW,2603.TW,3008.TW,2882.TW,2303.TW",2020,123,15
2020-12-17,-0.002896198261913896,-0.008729255502081701,-0.0059047281111856975,-0.006988576246391202,1.0,1.0,1.0,0.00585,"3231.TW,2382.TW,1102.TW",2020,123,3
2020-12-17,0.002840126628670409,0.00017238941053832058,-0.0059047281111856975,-0.006988576246391202,0.45473195974320096,0.45473195974320124,0.45473195974320113,0.0026601819644977267,"3231.TW,2382.TW,1102.TW,2345.TW,3037.TW,2327.TW,1101.TW,2207.TW,1590.TW,2891.TW,2357.TW,2603.TW,3008.TW,2882.TW,2303.TW,2454.TW,2317.TW,2609.TW,2330.TW,1301.TW",2020,123,20
2020-12-17,-0.01511358528928588,-0.01861916106970274,-0.0059047281111856975,-0.006988576246391202,0.608439424280402,0.608439424280402,0.608439424280402,0.003559370632040352,"3231.TW,2382.TW,1102.TW,2345.TW,3037.TW",2020,123,5
2020-12-17,-0.014763177845079977,-0.01825714734317141,-0.0059047281111856975,-0.006988576246391202,0.6062093192550141,0.6062093192550142,0.6062093192550142,0.003546324517641833,"3231.TW,2382.TW,1102.TW,2345.TW,3037.TW,2327.TW,1101.TW,2207.TW,1590.TW,2891.TW",2020,123,10
2020-12-22,0.0272034499576578,0.02177605631687407,0.010182349446603567,0.022788948807585988,0.9031897203552345,0.9031897203552346,0.9031897203552346,0.005283659864078122,"3037.TW,2618.TW,2408.TW,2881.TW,2603.TW,9910.TW,2303.TW,2308.TW,2002.TW,2883.TW",2020,123,10
2020-12-22,0.024222789685349223,0.01823108636569004,0.010182349446603567,0.022788948807585988,1.0,1.0,1.0,0.00585,"3037.TW,2618.TW,2408.TW",2020,123,3
2020-12-22,0.029909332248061738,0.02667042840013889,0.010182349446603567,0.022788948807585988,0.537580115148772,0.5375801151487721,0.537580115148772,0.0031448436736203167,"3037.TW,2618.TW,2408.TW,2881.TW,2603.TW,9910.TW,2303.TW,2308.TW,2002.TW,2883.TW,2357.TW,2615.TW,2327.TW,1102.TW,3008.TW",2020,123,15
2020-12-22,0.027185407323744352,0.024725181990222778,0.010182349446603567,0.022788948807585988,0.40942106075984036,0.40942106075984047,0.4094210607598404,0.0023951132054450667,"3037.TW,2618.TW,2408.TW,2881.TW,2603.TW,9910.TW,2303.TW,2308.TW,2002.TW,2883.TW,2357.TW,2615.TW,2327.TW,1102.TW,3008.TW,2345.TW,2454.TW,2207.TW,2882.TW,2317.TW",2020,123,20
2020-12-22,0.04449343438405791,0.039566645820753754,0.010182349446603567,0.022788948807585988,0.8063105534922956,0.8063105534922959,0.8063105534922957,0.0047169167379299305,"3037.TW,2618.TW,2408.TW,2881.TW,2603.TW",2020,123,5
2020-12-25,0.023259433938046425,0.01962498324222417,0.026039618825969724,0.029810472849475043,0.6071516202166862,0.607151620216686,0.6071516202166861,0.0035518369782676137,"2618.TW,3037.TW,2395.TW,5871.TW,2002.TW,2412.TW,2357.TW,2886.TW,2207.TW,1101.TW,2408.TW,3017.TW,5876.TW,2887.TW,2883.TW,3045.TW,2330.TW,3008.TW,2884.TW,2912.TW",2020,123,20
2020-12-25,0.04234953060423237,0.040277035837177566,0.026039618825969724,0.029810472849475043,0.33987889796197907,0.33987889796197923,0.3398788979619791,0.001988291553077578,"2618.TW,3037.TW,2395.TW",2020,123,3
2020-12-25,0.025719511611620588,0.022074895930029204,0.026039618825969724,0.029810472849475043,0.6073894671688339,0.607389467168834,0.607389467168834,0.003553228382937679,"2618.TW,3037.TW,2395.TW,5871.TW,2002.TW,2412.TW,2357.TW,2886.TW,2207.TW,1101.TW,2408.TW,3017.TW,5876.TW,2887.TW,2883.TW",2020,123,15
2020-12-25,0.028817112863072623,0.02456808810992217,0.026039618825969724,0.029810472849475043,0.7059845803023914,0.7059845803023914,0.7059845803023914,0.00413000979476899,"2618.TW,3037.TW,2395.TW,5871.TW,2002.TW,2412.TW,2357.TW,2886.TW,2207.TW,1101.TW",2020,123,10
2020-12-25,0.04012096256104303,0.03639947029864854,0.026039618825969724,0.029810472849475043,0.6116139818198547,0.6116139818198545,0.6116139818198546,0.003577941793646149,"2618.TW,3037.TW,2395.TW,5871.TW,2002.TW",2020,123,5
2020-12-30,0.047787498830035004,0.04165794196187944,0.03233731722637212,0.01395043440645645,1.0,1.0,1.0,0.00585,"3017.TW,2379.TW,2609.TW",2020,123,3
2020-12-30,0.034764534876881865,0.029904437934034522,0.03233731722637212,0.01395043440645645,0.8028742522519605,0.8028742522519606,0.8028742522519605,0.00469681437567397,"3017.TW,2379.TW,2609.TW,3008.TW,2603.TW,2615.TW,3045.TW,2886.TW,4904.TW,1101.TW",2020,123,10
2020-12-30,0.05839542164041396,0.052203808423817444,0.03233731722637212,0.01395043440645645,1.0,0.9999999999999999,1.0,0.005849999999999999,"3017.TW,2379.TW,2609.TW,3008.TW,2603.TW",2020,123,5
2020-12-30,0.016354075409882814,0.0130456019156735,0.03233731722637212,0.01395043440645645,0.5564507865263987,0.5564507865263983,0.5564507865263986,0.003255237101179431,"3017.TW,2379.TW,2609.TW,3008.TW,2603.TW,2615.TW,3045.TW,2886.TW,4904.TW,1101.TW,2412.TW,1102.TW,2882.TW,5880.TW,2887.TW,1216.TW,2408.TW,2891.TW,2880.TW,2357.TW",2020,123,20
2020-12-30,0.020002564361499758,0.01598982951330563,0.03233731722637212,0.01395043440645645,0.6724861337160374,0.6724861337160376,0.6724861337160375,0.00393404388223882,"3017.TW,2379.TW,2609.TW,3008.TW,2603.TW,2615.TW,3045.TW,2886.TW,4904.TW,1101.TW,2412.TW,1102.TW,2882.TW,5880.TW,2887.TW",2020,123,15
2021-01-04,0.008865330598048782,0.007427697501946717,0.05152981468173312,0.007086949016190242,0.9999999999999999,0.0,0.49999999999999994,0.0014249999999999998,"2303.TW,3017.TW,2618.TW,2345.TW,2379.TW,3034.TW,3231.TW,4904.TW,2412.TW,3045.TW",2021,123,10
2021-01-04,0.0051223203706521675,0.0036900210641239717,0.05152981468173312,0.007086949016190242,0.9999999999999999,0.0,0.49999999999999994,0.0014249999999999998,"2303.TW,3017.TW,2618.TW,2345.TW,2379.TW,3034.TW,3231.TW,4904.TW,2412.TW,3045.TW,2395.TW,1102.TW,1101.TW,1303.TW,2891.TW",2021,123,15
2021-01-04,-0.0013298785513880538,-0.0027529834744524084,0.05152981468173312,0.007086949016190242,1.0000000000000002,0.0,0.5000000000000001,0.0014250000000000003,"2303.TW,3017.TW,2618.TW,2345.TW,2379.TW,3034.TW,3231.TW,4904.TW,2412.TW,3045.TW,2395.TW,1102.TW,1101.TW,1303.TW,2891.TW,2892.TW,3008.TW,2880.TW,2884.TW,2886.TW",2021,123,20
2021-01-04,0.005127848768339493,0.0036955415838446637,0.05152981468173312,0.007086949016190242,1.0,0.0,0.5,0.001425,"2303.TW,3017.TW,2618.TW,2345.TW,2379.TW",2021,123,5
2021-01-04,0.004423039158939232,0.002991736328137762,0.05152981468173312,0.007086949016190242,1.0,0.0,0.5,0.001425,"2303.TW,3017.TW,2618.TW",2021,123,3
2021-01-07,0.014162943325238335,0.010857971503414277,0.016462263742828442,0.014549891220793351,0.557062799319691,0.5570627993196909,0.557062799319691,0.003258817376020192,"2615.TW,2603.TW,3008.TW,2609.TW,2618.TW,2303.TW,3034.TW,6669.TW,3231.TW,2207.TW,1101.TW,2884.TW,9910.TW,2887.TW,3017.TW,3045.TW,2882.TW,3037.TW,5880.TW,1216.TW",2021,123,20
2021-01-07,0.011449578867685923,0.007877010134045959,0.016462263742828442,0.014549891220793351,0.6037824551843618,0.6037824551843618,0.6037824551843618,0.0035321273628285167,"2615.TW,2603.TW,3008.TW,2609.TW,2618.TW,2303.TW,3034.TW,6669.TW,3231.TW,2207.TW,1101.TW,2884.TW,9910.TW,2887.TW,3017.TW",2021,123,15
2021-01-07,0.013641382292708273,0.010056359884669686,0.016462263742828442,0.014549891220793351,0.6045770762321402,0.6045770762321402,0.6045770762321402,0.0035367758959580203,"2615.TW,2603.TW,3008.TW,2609.TW,2618.TW,2303.TW,3034.TW,6669.TW,3231.TW,2207.TW",2021,123,10
2021-01-07,0.006877145084536777,0.0009869137857922983,0.016462263742828442,0.014549891220793351,1.0,0.9999999999999998,0.9999999999999999,0.005849999999999999,"2615.TW,2603.TW,3008.TW",2021,123,3
2021-01-07,-0.0005750936610725119,-0.005289569014456763,0.016462263742828442,0.014549891220793351,0.8063569535732882,0.8063569535732884,0.8063569535732883,0.004717188178403737,"2615.TW,2603.TW,3008.TW,2609.TW,2618.TW",2021,123,5
2021-01-12,-0.03390831719923549,-0.03565879652627857,0.013936165929867794,-0.011200540515256168,0.3097296464912062,0.30972964649120605,0.30972964649120616,0.0018119184319735555,"3008.TW,2615.TW,2603.TW,2408.TW,2345.TW,2618.TW,2317.TW,2609.TW,6669.TW,3034.TW",2021,123,10
2021-01-12,-0.02632547558982987,-0.028927772216162606,0.013936165929867794,-0.011200540515256168,0.4568641974193723,0.45686419741937234,0.45686419741937234,0.0026726555549033285,"3008.TW,2615.TW,2603.TW,2408.TW,2345.TW,2618.TW,2317.TW,2609.TW,6669.TW,3034.TW,2308.TW,9910.TW,2912.TW,2327.TW,2303.TW,1102.TW,1101.TW,3045.TW,2002.TW,2880.TW",2021,123,20
2021-01-12,-0.0782912739379784,-0.08046900653035671,0.013936165929867794,-0.011200540515256168,0.4038824534010814,0.40388245340108125,0.4038824534010813,0.0023627123523963255,"3008.TW,2615.TW,2603.TW,2408.TW,2345.TW",2021,123,5
2021-01-12,-0.10718560517112861,-0.107244922841503,0.013936165929867794,-0.011200540515256168,0.011357089191532832,0.011357089191532999,0.011357089191532915,6.643897177046781e-05,"3008.TW,2615.TW,2603.TW",2021,123,3
2021-01-12,-0.030144467450463987,-0.032452770471474324,0.013936165929867794,-0.011200540515256168,0.4068458649258481,0.4068458649258482,0.4068458649258482,0.002380048309816212,"3008.TW,2615.TW,2603.TW,2408.TW,2345.TW,2618.TW,2317.TW,2609.TW,6669.TW,3034.TW,2308.TW,9910.TW,2912.TW,2327.TW,2303.TW",2021,123,15
2021-01-15,-0.019158858082980314,-0.021053764580734935,0.028231673079358366,-0.007058359165414689,0.33024271393096416,0.33024271393096405,0.3302427139309641,0.00193191987649614,"2408.TW,2345.TW,2603.TW,9910.TW,2615.TW,2609.TW,2618.TW,3008.TW,2002.TW,1301.TW",2021,123,10
2021-01-15,-0.00161656488211126,-0.002932598019516286,0.028231673079358366,-0.007058359165414689,0.22532718548598132,0.22532718548598135,0.22532718548598135,0.001318164035092991,"2408.TW,2345.TW,2603.TW,9910.TW,2615.TW",2021,123,5
2021-01-15,-0.009904673552778168,-0.013813840446296632,0.028231673079358366,-0.007058359165414689,0.6749185044732482,0.6749185044732483,0.6749185044732482,0.003948273251168503,"2408.TW,2345.TW,2603.TW",2021,123,3
2021-01-15,-0.010072313912230063,-0.01214836909846706,0.028231673079358366,-0.007058359165414689,0.35849207311202763,0.35849207311202747,0.3584920731120276,0.0020971786277053607,"2408.TW,2345.TW,2603.TW,9910.TW,2615.TW,2609.TW,2618.TW,3008.TW,2002.TW,1301.TW,2308.TW,2454.TW,1102.TW,1326.TW,2327.TW",2021,123,15
2021-01-15,-0.011449158113250861,-0.013591590345627291,0.028231673079358366,-0.007058359165414689,0.37046929354808267,0.37046929354808267,0.37046929354808267,0.0021672453672562835,"2408.TW,2345.TW,2603.TW,9910.TW,2615.TW,2609.TW,2618.TW,3008.TW,2002.TW,1301.TW,2308.TW,2454.TW,1102.TW,1326.TW,2327.TW,2883.TW,2886.TW,1101.TW,1216.TW,2882.TW",2021,123,20
2021-01-20,0.05951826968113583,0.05574681053163655,0.0007522427946937693,0.016093775717198344,0.6084782963707487,0.6084782963707485,0.6084782963707486,0.003559598033768879,"2603.TW,2615.TW,2002.TW,5876.TW,2609.TW",2021,123,5
2021-01-20,0.031729275926280255,0.02922505398284403,0.0007522427946937693,0.016093775717198344,0.41490741522167285,0.4149074152216727,0.41490741522167274,0.0024272083790467854,"2603.TW,2615.TW,2002.TW,5876.TW,2609.TW,2408.TW,1303.TW,2207.TW,1301.TW,1326.TW",2021,123,10
2021-01-20,0.025646911338824744,0.022365412258561035,0.0007522427946937693,0.016093775717198344,0.546913374884602,0.546913374884602,0.546913374884602,0.003199443243074922,"2603.TW,2615.TW,2002.TW,5876.TW,2609.TW,2408.TW,1303.TW,2207.TW,1301.TW,1326.TW,2382.TW,3017.TW,3037.TW,1216.TW,2883.TW",2021,123,15
2021-01-20,0.06788497668810349,0.06364864294587047,0.0007522427946937693,0.016093775717198344,0.6781251069781122,0.6781251069781123,0.6781251069781122,0.003967031875821958,"2603.TW,2615.TW,2002.TW",2021,123,3
2021-01-20,0.027807565752281427,0.02534368379887142,0.0007522427946937693,0.016093775717198344,0.40978137963405725,0.4097813796340572,0.40978137963405725,0.002397221070859235,"2603.TW,2615.TW,2002.TW,5876.TW,2609.TW,2408.TW,1303.TW,2207.TW,1301.TW,1326.TW,2382.TW,3017.TW,3037.TW,1216.TW,2883.TW,2618.TW,3008.TW,3231.TW,2345.TW,2881.TW",2021,123,20
2021-01-25,-0.031444805528575696,-0.03605625088761644,-0.029140429917088873,-0.025040854183126102,0.8138733470794999,0.8138733470795,0.8138733470794999,0.004761159080415075,"2395.TW,3017.TW,2408.TW,5876.TW,2207.TW",2021,123,5
2021-01-25,-0.024807124414990403,-0.028292406565839978,-0.029140429917088873,-0.025040854183126102,0.6109301468015148,0.6109301468015148,0.6109301468015148,0.003573941358788862,"2395.TW,3017.TW,2408.TW,5876.TW,2207.TW,3711.TW,2330.TW,6669.TW,2609.TW,2618.TW",2021,123,10
2021-01-25,-0.026796995396022285,-0.029875211394893464,-0.029140429917088873,-0.025040854183126102,0.5406793511205036,0.5406793511205037,0.5406793511205037,0.0031629742040549464,"2395.TW,3017.TW,2408.TW,5876.TW,2207.TW,3711.TW,2330.TW,6669.TW,2609.TW,2618.TW,9910.TW,2454.TW,3037.TW,2615.TW,2884.TW",2021,123,15
2021-01-25,-0.03866804792404136,-0.044291839843685676,-0.029140429917088873,-0.025040854183126102,1.0,0.9999999999999999,1.0,0.005849999999999999,"2395.TW,3017.TW,2408.TW",2021,123,3
2021-01-25,-0.029053753776954384,-0.032228890367446694,-0.029140429917088873,-0.025040854183126102,0.5589994231384653,0.5589994231384653,0.5589994231384653,0.0032701466253600223,"2395.TW,3017.TW,2408.TW,5876.TW,2207.TW,3711.TW,2330.TW,6669.TW,2609.TW,2618.TW,9910.TW,2454.TW,3037.TW,2615.TW,2884.TW,2379.TW,2883.TW,3034.TW,2880.TW,1590.TW",2021,123,20
2021-01-28,0.023308906011234476,0.02007792116410534,0.02925530971221635,0.011292787576777452,0.5397247095466227,0.5397247095466225,0.5397247095466227,0.003157389550847742,"2330.TW,3711.TW,2327.TW,3037.TW,2395.TW,2454.TW,2303.TW,3034.TW,6669.TW,2408.TW,2308.TW,2379.TW,1590.TW,2345.TW,2317.TW",2021,123,15
2021-01-28,0.020161809718442655,0.017422437723769058,0.02925530971221635,0.011292787576777452,0.4590141608687175,0.45901416086871755,0.4590141608687175,0.0026852328410819975,"2330.TW,3711.TW,2327.TW,3037.TW,2395.TW,2454.TW,2303.TW,3034.TW,6669.TW,2408.TW,2308.TW,2379.TW,1590.TW,2345.TW,2317.TW,3017.TW,2885.TW,5871.TW,2357.TW,1303.TW",2021,123,20
2021-01-28,0.03392201863765,0.030866912354229337,0.02925530971221635,0.011292787576777452,0.5051061694347663,0.5051061694347663,0.5051061694347663,0.002954871091193383,"2330.TW,3711.TW,2327.TW,3037.TW,2395.TW,2454.TW,2303.TW,3034.TW,6669.TW,2408.TW",2021,123,10
2021-01-28,0.02696069156995939,0.02095297152427511,0.02925530971221635,0.011292787576777452,1.0,1.0,1.0,0.00585,"2330.TW,3711.TW,2327.TW",2021,123,3
2021-01-28,0.0223483583177956,0.01756376800086845,0.02925530971221635,0.011292787576777452,0.8,0.7999999999999998,0.7999999999999999,0.004679999999999999,"2330.TW,3711.TW,2327.TW,3037.TW,2395.TW",2021,123,5
2021-02-02,0.001906914638730994,-0.002244093050531082,0.026208778986326786,0.021524770851288698,0.7082234423267404,0.7082234423267406,0.7082234423267405,0.004143107137611433,"1590.TW,3037.TW,2395.TW,2308.TW,6669.TW,3017.TW,3231.TW,2345.TW,1216.TW,1303.TW",2021,123,10
2021-02-02,0.016224560708635018,0.014076455033210422,0.026208778986326786,0.021524770851288698,0.3613350489173156,0.3613350489173158,0.3613350489173157,0.002113810036166297,"1590.TW,3037.TW,2395.TW,2308.TW,6669.TW,3017.TW,3231.TW,2345.TW,1216.TW,1303.TW,2618.TW,2881.TW,2379.TW,2885.TW,5871.TW,2887.TW,2883.TW,2357.TW,4904.TW,2303.TW",2021,123,20
2021-02-02,0.02627246555436054,0.020268771630867377,0.026208778986326786,0.021524770851288698,1.0,0.9999999999999999,1.0,0.005849999999999999,"1590.TW,3037.TW,2395.TW",2021,123,3
2021-02-02,0.013089929027253559,0.009860990307659634,0.026208778986326786,0.021524770851288698,0.5448236339815115,0.5448236339815113,0.5448236339815113,0.0031872182587918416,"1590.TW,3037.TW,2395.TW,2308.TW,6669.TW,3017.TW,3231.TW,2345.TW,1216.TW,1303.TW,2618.TW,2881.TW,2379.TW,2885.TW,5871.TW",2021,123,15
2021-02-02,0.018341714541611355,0.014745209582288865,0.026208778986326786,0.021524770851288698,0.6037140222724553,0.6037140222724555,0.6037140222724554,0.0035317270302938648,"1590.TW,3037.TW,2395.TW,2308.TW,6669.TW",2021,123,5
2021-02-05,0.06278711311291155,0.058634314883705185,0.005755463091802859,0.023228443008752247,0.6679418958151971,0.6679418958151973,0.6679418958151973,0.003907460090518904,"2308.TW,3037.TW,2615.TW",2021,123,3
2021-02-05,0.027586733672753598,0.02510968530712221,0.005755463091802859,0.023228443008752247,0.4120596901194775,0.41205969011947774,0.41205969011947763,0.0024105491871989444,"2308.TW,3037.TW,2615.TW,3231.TW,1590.TW,2345.TW,2395.TW,2454.TW,2912.TW,1301.TW,3008.TW,2317.TW,2881.TW,1216.TW,3017.TW",2021,123,15
2021-02-05,0.026569077753879865,0.024087585227998032,0.005755463091802859,0.023228443008752247,0.4132081958762128,0.41320819587621266,0.4132081958762127,0.0024172679458758445,"2308.TW,3037.TW,2615.TW,3231.TW,1590.TW,2345.TW,2395.TW,2454.TW,2912.TW,1301.TW",2021,123,10
2021-02-05,0.02411685923371324,0.02106267660622052,0.005755463091802859,0.023228443008752247,0.5097880146380575,0.5097880146380573,0.5097880146380573,0.002982259885632636,"2308.TW,3037.TW,2615.TW,3231.TW,1590.TW,2345.TW,2395.TW,2454.TW,2912.TW,1301.TW,3008.TW,2317.TW,2881.TW,1216.TW,3017.TW,2412.TW,1326.TW,9910.TW,1303.TW,2886.TW",2021,123,20
2021-02-05,0.03221799109046819,0.029748020078075976,0.005755463091802859,0.023228443008752247,0.40903885683055363,0.4090388568305534,0.4090388568305535,0.002392877312458738,"2308.TW,3037.TW,2615.TW,3231.TW,1590.TW",2021,123,5
2021-02-19,-0.00502737438403885,-0.010847964243892227,-0.01394861526702329,0.01201943327139483,1.0,1.0,1.0,0.00585,"2317.TW,1590.TW,2912.TW",2021,123,3
2021-02-19,-0.00264755167197087,-0.005931151394211298,-0.01394861526702329,0.01201943327139483,0.5627891110708616,0.5627891110708614,0.5627891110708615,0.0032923162997645396,"2317.TW,1590.TW,2912.TW,6669.TW,1216.TW,3034.TW,2454.TW,2345.TW,3711.TW,3045.TW,2379.TW,5876.TW,2303.TW,2357.TW,4904.TW,2330.TW,2886.TW,2412.TW,1303.TW,2883.TW",2021,123,20
2021-02-19,-0.006337996329849645,-0.009912229938834116,-0.01394861526702329,0.01201943327139483,0.6148771934955906,0.6148771934955908,0.6148771934955907,0.003597031581949206,"2317.TW,1590.TW,2912.TW,6669.TW,1216.TW,3034.TW,2454.TW,2345.TW,3711.TW,3045.TW,2379.TW,5876.TW,2303.TW,2357.TW,4904.TW",2021,123,15
2021-02-19,-0.0042486700727336416,-0.008981391138694783,-0.01394861526702329,0.01201943327139483,0.8124640396780907,0.8124640396780909,0.8124640396780908,0.0047529146321168315,"2317.TW,1590.TW,2912.TW,6669.TW,1216.TW",2021,123,5
2021-02-19,-0.014524788096391461,-0.01806443626297194,-0.01394861526702329,0.01201943327139483,0.6139860803749004,0.6139860803749005,0.6139860803749004,0.003591818570193168,"2317.TW,1590.TW,2912.TW,6669.TW,1216.TW,3034.TW,2454.TW,2345.TW,3711.TW,3045.TW",2021,123,10
2021-02-24,-0.02481579133582089,-0.027552580665132997,-0.02974241180174375,-0.01560380236226851,0.47973216918748773,0.47973216918748784,0.4797321691874878,0.002806433189746804,"2330.TW,6669.TW,2382.TW,3711.TW,2379.TW,2303.TW,2308.TW,1590.TW,2317.TW,2454.TW,3034.TW,2395.TW,2327.TW,2603.TW,3017.TW",2021,123,15
2021-02-24,-0.017360948707504487,-0.02310938715756561,-0.02974241180174375,-0.01560380236226851,1.0,1.0,1.0,0.00585,"2330.TW,6669.TW,2382.TW",2021,123,3
2021-02-24,-0.025069206647212672,-0.027973698134835856,-0.02974241180174375,-0.01560380236226851,0.5092610416798321,0.5092610416798321,0.5092610416798321,0.0029791770938270177,"2330.TW,6669.TW,2382.TW,3711.TW,2379.TW,2303.TW,2308.TW,1590.TW,2317.TW,2454.TW",2021,123,10
2021-02-24,-0.02200636781815135,-0.02660400224485604,-0.02974241180174375,-0.01560380236226851,0.8036048384772948,0.8036048384772948,0.8036048384772948,0.004701088305092175,"2330.TW,6669.TW,2382.TW,3711.TW,2379.TW",2021,123,5
2021-02-24,-0.024451088109112482,-0.02709991773038012,-0.02974241180174375,-0.01560380236226851,0.46414011920042264,0.4641401192004231,0.46414011920042286,0.0027152196973224746,"2330.TW,6669.TW,2382.TW,3711.TW,2379.TW,2303.TW,2308.TW,1590.TW,2317.TW,2454.TW,3034.TW,2395.TW,2327.TW,2603.TW,3017.TW,2408.TW,2886.TW,2345.TW,3008.TW,2882.TW",2021,123,20
2021-03-02,-0.007105200491382146,-0.012913635068507623,6.939824892526758e-08,-0.0044351932627780186,1.0,1.0,1.0,0.00585,"2609.TW,2408.TW,2603.TW,2618.TW,1301.TW",2021,123,5
2021-03-02,-0.014320797817201115,-0.01897440374705961,6.939824892526758e-08,-0.0044351932627780186,0.8070457318938964,0.8070457318938965,0.8070457318938964,0.004721217531579294,"2609.TW,2408.TW,2603.TW,2618.TW,1301.TW,2615.TW,2303.TW,2327.TW,1102.TW,2330.TW",2021,123,10
2021-03-02,-0.007153171643047779,-0.011072330478288928,6.939824892526758e-08,-0.0044351932627780186,0.6747684155334109,0.6747684155334113,0.674768415533411,0.003947395230870456,"2609.TW,2408.TW,2603.TW,2618.TW,1301.TW,2615.TW,2303.TW,2327.TW,1102.TW,2330.TW,2891.TW,2002.TW,2881.TW,2454.TW,3008.TW",2021,123,15
2021-03-02,-0.004019696956457199,-0.007858711802152918,6.939824892526758e-08,-0.0044351932627780186,0.658890393675171,0.658890393675171,0.658890393675171,0.0038545088029997504,"2609.TW,2408.TW,2603.TW,2618.TW,1301.TW,2615.TW,2303.TW,2327.TW,1102.TW,2330.TW,2891.TW,2002.TW,2881.TW,2454.TW,3008.TW,2880.TW,3231.TW,2885.TW,2884.TW,1326.TW",2021,123,20
2021-03-02,-0.01963044015913969,-0.025365602084208794,6.939824892526758e-08,-0.0044351932627780186,1.0,1.0,1.0,0.00585,"2609.TW,2408.TW,2603.TW",2021,123,3
2021-03-05,-0.017771779193084626,-0.021635494611145445,-0.012710031829909485,0.009484385938226245,0.6724141701863587,0.6724141701863587,0.6724141701863587,0.003933622895590199,"2303.TW,2618.TW,2408.TW",2021,123,3
2021-03-05,-0.005343153195065354,-0.00832777901535442,-0.012710031829909485,0.009484385938226245,0.5129331281954375,0.5129331281954375,0.5129331281954375,0.0030006587999433093,"2303.TW,2618.TW,2408.TW,1303.TW,2454.TW,2327.TW,2609.TW,1326.TW,3034.TW,2308.TW",2021,123,10
2021-03-05,0.0020765252444299095,-0.0007248967205312207,-0.012710031829909485,0.009484385938226245,0.477883213010313,0.477883213010313,0.477883213010313,0.002795616796110331,"2303.TW,2618.TW,2408.TW,1303.TW,2454.TW,2327.TW,2609.TW,1326.TW,3034.TW,2308.TW,5871.TW,2357.TW,3711.TW,2002.TW,3008.TW",2021,123,15
2021-03-05,0.0011738610050868008,-0.001223529108964061,-0.012710031829909485,0.009484385938226245,0.40932977963960493,0.40932977963960504,0.409329779639605,0.0023945792108916895,"2303.TW,2618.TW,2408.TW,1303.TW,2454.TW,2327.TW,2609.TW,1326.TW,3034.TW,2308.TW,5871.TW,2357.TW,3711.TW,2002.TW,3008.TW,2330.TW,3037.TW,6669.TW,2880.TW,2884.TW",2021,123,20
2021-03-05,-0.01058403256109941,-0.01409445379074048,-0.012710031829909485,0.009484385938226245,0.606491126901992,0.606491126901992,0.606491126901992,0.0035479730923766535,"2303.TW,2618.TW,2408.TW,1303.TW,2454.TW",2021,123,5
2021-03-10,0.017189675046005732,0.011239115446986414,0.02574757826693652,0.018152765953821075,1.0,1.0,1.0,0.00585,"2454.TW,3008.TW,2603.TW",2021,123,3
2021-03-10,0.01662143674939727,0.013424371196392615,0.02574757826693652,0.018152765953821075,0.5375717178313407,0.5375717178313408,0.5375717178313408,0.0031447945493133437,"2454.TW,3008.TW,2603.TW,2618.TW,2357.TW,2395.TW,2317.TW,3711.TW,1101.TW,2615.TW,2609.TW,1102.TW,2880.TW,1326.TW,5880.TW",2021,123,15
2021-03-10,0.01667813350190982,0.011902037831378776,0.02574757826693652,0.018152765953821075,0.8030335102565902,0.8030335102565902,0.8030335102565902,0.004697746035001053,"2454.TW,3008.TW,2603.TW,2618.TW,2357.TW,2395.TW,2317.TW,3711.TW,1101.TW,2615.TW",2021,123,10
2021-03-10,0.027493539896773278,0.023856744342536595,0.02574757826693652,0.018152765953821075,0.6050397686959121,0.605039768695912,0.6050397686959121,0.003539482646871086,"2454.TW,3008.TW,2603.TW,2618.TW,2357.TW",2021,123,5
2021-03-10,0.016225561376874195,0.013231611137837662,0.02574757826693652,0.018152765953821075,0.5036149306792544,0.5036149306792546,0.5036149306792546,0.002946147344473639,"2454.TW,3008.TW,2603.TW,2618.TW,2357.TW,2395.TW,2317.TW,3711.TW,1101.TW,2615.TW,2609.TW,1102.TW,2880.TW,1326.TW,5880.TW,3034.TW,2002.TW,2887.TW,2382.TW,4904.TW",2021,123,20
2021-03-15,-0.005175932005432902,-0.008330895426544749,-0.014765665034982667,0.00016997497311858513,0.5421159417685069,0.5421159417685066,0.5421159417685067,0.0031713782593457644,"1101.TW,1301.TW,1326.TW,3711.TW,4904.TW,2303.TW,1102.TW,3045.TW,2912.TW,2002.TW,1216.TW,2880.TW,2618.TW,3008.TW,1303.TW",2021,123,15
2021-03-15,0.001707213127571272,-0.004152774069225096,-0.014765665034982667,0.00016997497311858513,1.0,1.0,1.0,0.00585,"1101.TW,1301.TW,1326.TW,3711.TW,4904.TW",2021,123,5
2021-03-15,-0.004844127310023528,-0.009522047565864722,-0.014765665034982667,0.00016997497311858513,0.8035369233329164,0.8035369233329163,0.8035369233329164,0.004700691001497561,"1101.TW,1301.TW,1326.TW,3711.TW,4904.TW,2303.TW,1102.TW,3045.TW,2912.TW,2002.TW",2021,123,10
2021-03-15,-0.012779316808728828,-0.01855455780539772,-0.014765665034982667,0.00016997497311858513,1.0,1.0,1.0,0.00585,"1101.TW,1301.TW,1326.TW",2021,123,3
2021-03-15,-0.0023663011223938606,-0.00533765351748039,-0.014765665034982667,0.00016997497311858513,0.5091282370583655,0.5091282370583655,0.5091282370583655,0.002978400186791438,"1101.TW,1301.TW,1326.TW,3711.TW,4904.TW,2303.TW,1102.TW,3045.TW,2912.TW,2002.TW,1216.TW,2880.TW,2618.TW,3008.TW,1303.TW,3037.TW,3231.TW,5880.TW,2412.TW,2885.TW",2021,123,20
2021-03-18,-0.002864365421890824,-0.0069767403038826226,-0.012364126845453072,0.0007766194141379779,0.7049894125939677,0.7049894125939677,0.7049894125939677,0.004124188063674711,"6669.TW,1301.TW,2882.TW,1326.TW,5876.TW,2885.TW,2454.TW,2881.TW,2002.TW,2618.TW",2021,123,10
2021-03-18,0.004654136249422199,0.0006955198478386659,-0.012364126845453072,0.0007766194141379779,0.6735517626986118,0.6735517626986118,0.6735517626986118,0.00394027781178688,"6669.TW,1301.TW,2882.TW",2021,123,3
2021-03-18,-0.00424935382729578,-0.0077634325069695365,-0.012364126845453072,0.0007766194141379779,0.6032606782727229,0.6032606782727229,0.6032606782727229,0.003529074967895429,"6669.TW,1301.TW,2882.TW,1326.TW,5876.TW,2885.TW,2454.TW,2881.TW,2002.TW,2618.TW,5871.TW,2883.TW,2884.TW,4904.TW,2880.TW",2021,123,15
2021-03-18,-0.005088146680185297,-0.00860268754768756,-0.012364126845453072,0.0007766194141379779,0.6038486873609766,0.6038486873609764,0.6038486873609765,0.003532514821061712,"6669.TW,1301.TW,2882.TW,1326.TW,5876.TW,2885.TW,2454.TW,2881.TW,2002.TW,2618.TW,5871.TW,2883.TW,2884.TW,4904.TW,2880.TW,2330.TW,1303.TW,2892.TW,2891.TW,2887.TW",2021,123,20
2021-03-18,0.0016179495805403125,-0.001963130557697479,-0.012364126845453072,0.0007766194141379779,0.611161622290417,0.6111616222904169,0.611161622290417,0.0035752954903989394,"6669.TW,1301.TW,2882.TW,1326.TW,5876.TW",2021,123,5
2021-03-23,0.02670113565793051,0.02367699597149997,0.025796613087613496,0.024131983946992216,0.5035028568602087,0.5035028568602088,0.5035028568602087,0.002945491712632221,"5871.TW,2609.TW,2618.TW,2454.TW,2891.TW,4904.TW,2603.TW,2884.TW,2615.TW,5876.TW,2357.TW,9910.TW,3008.TW,2886.TW,2327.TW,1590.TW,2317.TW,2887.TW,2880.TW,2885.TW",2021,123,20
2021-03-23,0.04115310504631362,0.03686571333522992,0.025796613087613496,0.024131983946992216,0.7039190186610642,0.7039190186610641,0.7039190186610642,0.004117926259167225,"5871.TW,2609.TW,2618.TW,2454.TW,2891.TW,4904.TW,2603.TW,2884.TW,2615.TW,5876.TW",2021,123,10
2021-03-23,0.058461080467685195,0.052269083146949225,0.025796613087613496,0.024131983946992216,1.0,1.0,1.0,0.00585,"5871.TW,2609.TW,2618.TW",2021,123,3
2021-03-23,0.02931562290524744,0.02567431050910529,0.025796613087613496,0.024131983946992216,0.6047188535681975,0.6047188535681977,0.6047188535681975,0.0035376052933739563,"5871.TW,2609.TW,2618.TW,2454.TW,2891.TW,4904.TW,2603.TW,2884.TW,2615.TW,5876.TW,2357.TW,9910.TW,3008.TW,2886.TW,2327.TW",2021,123,15
2021-03-23,0.05926210397524092,0.05306542066698583,0.025796613087613496,0.024131983946992216,1.0,1.0,1.0,0.00585,"5871.TW,2609.TW,2618.TW,2454.TW,2891.TW",2021,123,5
2021-03-26,0.007379559559257877,0.001486389135836097,0.0036982055076935083,0.014192708212492825,0.9999999999999999,1.0,1.0,0.00585,"3711.TW,2317.TW,3008.TW,6669.TW,2345.TW,3017.TW,3231.TW,2357.TW,9910.TW,5880.TW",2021,123,10
2021-03-26,-0.016197930026832636,-0.021953172136175758,0.0036982055076935083,0.014192708212492825,1.0,0.9999999999999999,1.0,0.005849999999999999,"3711.TW,2317.TW,3008.TW",2021,123,3
2021-03-26,-0.005205313118827902,-0.01102486203708275,0.0036982055076935083,0.014192708212492825,1.0,1.0,1.0,0.00585,"3711.TW,2317.TW,3008.TW,6669.TW,2345.TW",2021,123,5
2021-03-26,0.007633161202307719,0.002879226092997955,0.0036982055076935083,0.014192708212492825,0.8064824695271472,0.8064824695271471,0.8064824695271471,0.004717922446733811,"3711.TW,2317.TW,3008.TW,6669.TW,2345.TW,3017.TW,3231.TW,2357.TW,9910.TW,5880.TW,2892.TW,2880.TW,3037.TW,2887.TW,2308.TW",2021,123,15
2021-03-26,0.008736700490535584,0.005430430287665544,0.0036982055076935083,0.014192708212492825,0.5602794003412264,0.5602794003412261,0.5602794003412263,0.0032776344919961736,"3711.TW,2317.TW,3008.TW,6669.TW,2345.TW,3017.TW,3231.TW,2357.TW,9910.TW,5880.TW,2892.TW,2880.TW,3037.TW,2887.TW,2308.TW,2885.TW,2412.TW,4904.TW,2886.TW,1102.TW",2021,123,20
2021-03-31,0.005955932531745811,0.003869397107422623,0.02321308379754128,0.018757446650462282,0.35456098082630283,0.3545609808263028,0.35456098082630283,0.0020741817378338717,"2412.TW,2317.TW,2884.TW,2887.TW,3008.TW,2885.TW,2912.TW,2892.TW,3045.TW,2345.TW,2382.TW,2880.TW,2379.TW,2357.TW,5880.TW,4904.TW,3231.TW,2308.TW,5871.TW,2327.TW",2021,123,20
2021-03-31,-0.002300459003762479,-0.005049950112603341,0.02321308379754128,0.018757446650462282,0.4710821853986384,0.4710821853986387,0.47108218539863855,0.0027558307845820364,"2412.TW,2317.TW,2884.TW,2887.TW,3008.TW,2885.TW,2912.TW,2892.TW,3045.TW,2345.TW,2382.TW,2880.TW,2379.TW,2357.TW,5880.TW",2021,123,15
2021-03-31,-0.0030862258777006987,-0.007202596262086081,0.02321308379754128,0.018757446650462282,0.7058314123299277,0.7058314123299276,0.7058314123299276,0.004129113762130077,"2412.TW,2317.TW,2884.TW,2887.TW,3008.TW,2885.TW,2912.TW,2892.TW,3045.TW,2345.TW",2021,123,10
2021-03-31,-0.002738895687000549,-0.006650245720018377,0.02321308379754128,0.018757446650462282,0.6704431170124502,0.6704431170124503,0.6704431170124503,0.003922092234522834,"2412.TW,2317.TW,2884.TW",2021,123,3
2021-03-31,-0.012366602914345638,-0.01587219576467469,0.02321308379754128,0.018757446650462282,0.6067500783693167,0.6067500783693166,0.6067500783693167,0.0035494879584605024,"2412.TW,2317.TW,2884.TW,2887.TW,3008.TW",2021,123,5
2021-04-08,0.003963740770561949,0.0008247469882931568,-0.010802939543184564,0.006336133446961592,0.5344616662244286,0.5344616662244285,0.5344616662244286,0.003126600747412907,"5880.TW,2412.TW,2887.TW,3045.TW,2345.TW,2886.TW,2882.TW,5876.TW,1102.TW,5871.TW,1326.TW,2892.TW,1301.TW,2891.TW,2379.TW",2021,123,15
2021-04-08,0.01258734634467474,0.009901316198550836,-0.010802939543184564,0.006336133446961592,0.4534428106240842,0.4534428106240841,0.45344281062408415,0.0026526404421508922,"5880.TW,2412.TW,2887.TW,3045.TW,2345.TW,2886.TW,2882.TW,5876.TW,1102.TW,5871.TW,1326.TW,2892.TW,1301.TW,2891.TW,2379.TW,2880.TW,2884.TW,2883.TW,2912.TW,2615.TW",2021,123,20
2021-04-08,0.004101193330391087,0.00018519867640254262,-0.010802939543184564,0.006336133446961592,0.6666666666666666,0.6666666666666669,0.6666666666666667,0.0039000000000000007,"5880.TW,2412.TW,2887.TW",2021,123,3
2021-04-08,0.004598758126011637,0.0010700365560618597,-0.010802939543184564,0.006336133446961592,0.6004389946616,0.6004389946616,0.6004389946616,0.00351256811877036,"5880.TW,2412.TW,2887.TW,3045.TW,2345.TW,2886.TW,2882.TW,5876.TW,1102.TW,5871.TW",2021,123,10
2021-04-08,-0.005327608346633839,-0.008818908441337148,-0.010802939543184564,0.006336133446961592,0.6000000000000001,0.5999999999999999,0.6,0.0035099999999999997,"5880.TW,2412.TW,2887.TW,3045.TW,2345.TW",2021,123,5
2021-04-13,0.02383667855521269,0.019015077324596952,0.013833134125806668,0.030062187420687236,0.8050164209098956,0.8050164209098957,0.8050164209098956,0.00470934606232289,"2382.TW,2454.TW,1590.TW,2345.TW,3034.TW,3037.TW,2609.TW,2379.TW,3017.TW,2884.TW,2408.TW,3231.TW,1216.TW,2887.TW,2308.TW",2021,123,15
2021-04-13,0.03245314588539096,0.02698865630507985,0.013833134125806668,0.030062187420687236,0.9047391512939923,0.9047391512939924,0.9047391512939924,0.005292724035069855,"2382.TW,2454.TW,1590.TW,2345.TW,3034.TW,3037.TW,2609.TW,2379.TW,3017.TW,2884.TW",2021,123,10
2021-04-13,0.011370941740598642,0.0054544217314160814,0.013833134125806668,0.030062187420687236,1.0,0.9999999999999998,0.9999999999999999,0.005849999999999999,"2382.TW,2454.TW,1590.TW",2021,123,3
2021-04-13,0.027662344463561455,0.02371784211427297,0.013833134125806668,0.030062187420687236,0.6561239783610875,0.6561239783610873,0.6561239783610874,0.003838325273412361,"2382.TW,2454.TW,1590.TW,2345.TW,3034.TW,3037.TW,2609.TW,2379.TW,3017.TW,2884.TW,2408.TW,3231.TW,1216.TW,2887.TW,2308.TW,6669.TW,1102.TW,2327.TW,5880.TW,1301.TW",2021,123,20
2021-04-13,0.018858689001837493,0.014045269057298526,0.013833134125806668,0.030062187420687236,0.8075769849226191,0.8075769849226191,0.8075769849226191,0.004724325361797322,"2382.TW,2454.TW,1590.TW,2345.TW,3034.TW",2021,123,5
2021-04-16,0.012256113345379726,0.007882018959403991,-0.0050268163225263285,0.02283609215337352,0.7386553977689008,0.7386553977689009,0.7386553977689008,0.00432113407694807,"2408.TW,2327.TW,2886.TW,2330.TW,3231.TW,4904.TW,2303.TW,2883.TW,1216.TW,5880.TW,9910.TW,3045.TW,2618.TW,3034.TW,2412.TW",2021,123,15
2021-04-16,0.009435779305671752,0.006140915066336516,-0.0050268163225263285,0.02283609215337352,0.5579598701009446,0.5579598701009445,0.5579598701009445,0.0032640652400905256,"2408.TW,2327.TW,2886.TW,2330.TW,3231.TW,4904.TW,2303.TW,2883.TW,1216.TW,5880.TW,9910.TW,3045.TW,2618.TW,3034.TW,2412.TW,2884.TW,5876.TW,2891.TW,1590.TW,2887.TW",2021,123,20
2021-04-16,0.00278110826274706,-0.0030851612205899936,-0.0050268163225263285,0.02283609215337352,1.0,0.9999999999999998,0.9999999999999999,0.005849999999999999,"2408.TW,2327.TW,2886.TW",2021,123,3
2021-04-16,0.00878117538661254,0.0028798055106007414,-0.0050268163225263285,0.02283609215337352,0.9999999999999999,0.9999999999999998,0.9999999999999998,0.005849999999999999,"2408.TW,2327.TW,2886.TW,2330.TW,3231.TW,4904.TW,2303.TW,2883.TW,1216.TW,5880.TW",2021,123,10
2021-04-16,-0.0007004477676455512,-0.006546350148204816,-0.0050268163225263285,0.02283609215337352,1.0,1.0,1.0,0.00585,"2408.TW,2327.TW,2886.TW,2330.TW,3231.TW",2021,123,5
2021-04-21,0.025440869369373065,0.021414125231254966,0.019126484431767565,0.01842116017690064,0.6712550200242602,0.6712550200242602,0.6712550200242602,0.003926841867141922,"5871.TW,1590.TW,2408.TW",2021,123,3
2021-04-21,0.03729603194890813,0.03302017851834216,0.019126484431767565,0.01842116017690064,0.7046350258978664,0.7046350258978663,0.7046350258978664,0.004122114901502518,"5871.TW,1590.TW,2408.TW,2379.TW,3034.TW,2303.TW,2330.TW,1301.TW,9910.TW,1326.TW",2021,123,10
2021-04-21,0.02249588582451551,0.01945133734927973,0.019126484431767565,0.01842116017690064,0.5089855558418618,0.5089855558418617,0.5089855558418617,0.002977565501674891,"5871.TW,1590.TW,2408.TW,2379.TW,3034.TW,2303.TW,2330.TW,1301.TW,9910.TW,1326.TW,2357.TW,2317.TW,1303.TW,5880.TW,2886.TW,2884.TW,2308.TW,5876.TW,2454.TW,2002.TW",2021,123,20
2021-04-21,0.04700252742350877,0.04208990261706025,0.019126484431767565,0.01842116017690064,0.8020658042208937,0.8020658042208936,0.8020658042208937,0.004692084954692228,"5871.TW,1590.TW,2408.TW,2379.TW,3034.TW",2021,123,5
2021-04-21,0.024077733540351497,0.020830644369960405,0.019126484431767565,0.01842116017690064,0.5420076617872606,0.5420076617872609,0.5420076617872607,0.003170744821455476,"5871.TW,1590.TW,2408.TW,2379.TW,3034.TW,2303.TW,2330.TW,1301.TW,9910.TW,1326.TW,2357.TW,2317.TW,1303.TW,5880.TW,2886.TW",2021,123,15
2021-04-26,-0.010030710688825606,-0.01472979820744258,-0.005665838788834865,0.0061247217205964224,0.8114017600022015,0.8114017600022017,0.8114017600022017,0.0047467002960128795,"1101.TW,2317.TW,2408.TW,3017.TW,2618.TW,6669.TW,2412.TW,2892.TW,1301.TW,4904.TW",2021,123,10
2021-04-26,-0.0074453067720132325,-0.0109999948746613,-0.005665838788834865,0.0061247217205964224,0.6121969862733658,0.612196986273366,0.6121969862733659,0.0035813523696991913,"1101.TW,2317.TW,2408.TW,3017.TW,2618.TW,6669.TW,2412.TW,2892.TW,1301.TW,4904.TW,5880.TW,1326.TW,2884.TW,2002.TW,1303.TW,2395.TW,3045.TW,2887.TW,2327.TW,2912.TW",2021,123,20
2021-04-26,-0.016311206691086988,-0.020994380839178484,-0.005665838788834865,0.0061247217205964224,0.8138169254978427,0.8138169254978428,0.8138169254978427,0.00476082901416238,"1101.TW,2317.TW,2408.TW,3017.TW,2618.TW",2021,123,5
2021-04-26,-0.010789034930487714,-0.014346795361276365,-0.005665838788834865,0.0061247217205964224,0.6147972451563738,0.6147972451563739,0.6147972451563739,0.003596563884164787,"1101.TW,2317.TW,2408.TW,3017.TW,2618.TW,6669.TW,2412.TW,2892.TW,1301.TW,4904.TW,5880.TW,1326.TW,2884.TW,2002.TW,1303.TW",2021,123,15
2021-04-26,-0.028452065004888245,-0.03233490056619559,-0.005665838788834865,0.0061247217205964224,0.6831701768639946,0.6831701768639946,0.6831701768639946,0.003996545534654368,"1101.TW,2317.TW,2408.TW",2021,123,3
2021-04-29,-0.03455027728534362,-0.038324855348389586,-0.029202019714694494,-0.03018709741701425,0.6683175769214038,0.6683175769214038,0.6683175769214038,0.003909657824990213,"2408.TW,2880.TW,1326.TW",2021,123,3
2021-04-29,-0.0276787425315919,-0.029989066423458888,-0.029202019714694494,-0.03018709741701425,0.4061694197977,0.4061694197976998,0.40616941979769994,0.002376091105816544,"2408.TW,2880.TW,1326.TW,4904.TW,2883.TW,2303.TW,2618.TW,1101.TW,1216.TW,1303.TW,2308.TW,2884.TW,3045.TW,2892.TW,2891.TW,5880.TW,1301.TW,2886.TW,2912.TW,3711.TW",2021,123,20
2021-04-29,-0.033266132818954006,-0.0366881151552092,-0.029202019714694494,-0.03018709741701425,0.6050830175417463,0.6050830175417464,0.6050830175417463,0.0035397356526192165,"2408.TW,2880.TW,1326.TW,4904.TW,2883.TW,2303.TW,2618.TW,1101.TW,1216.TW,1303.TW",2021,123,10
2021-04-29,-0.030267296687757468,-0.032948929937442806,-0.029202019714694494,-0.03018709741701425,0.4727063906727482,0.47270639067274817,0.4727063906727482,0.002765332385435577,"2408.TW,2880.TW,1326.TW,4904.TW,2883.TW,2303.TW,2618.TW,1101.TW,1216.TW,1303.TW,2308.TW,2884.TW,3045.TW,2892.TW,2891.TW",2021,123,15
2021-04-29,-0.028974340673371637,-0.03353832005385371,-0.029202019714694494,-0.03018709741701425,0.8034467554730056,0.8034467554730054,0.8034467554730055,0.004700163519517082,"2408.TW,2880.TW,1326.TW,4904.TW,2883.TW",2021,123,5
2021-05-05,-0.04096865113847473,-0.04657898452931464,-0.004035232330982574,0.010513833213720535,1.0,1.0,1.0,0.00585,"2303.TW,2379.TW,3034.TW",2021,123,3
2021-05-05,-0.03311070137936344,-0.03768368574954195,-0.004035232330982574,0.010513833213720535,0.8084759352081153,0.8084759352081152,0.8084759352081152,0.004729584220967474,"2303.TW,2379.TW,3034.TW,3711.TW,2618.TW,3037.TW,2454.TW,2308.TW,2345.TW,1590.TW",2021,123,10
2021-05-05,-0.01835250039882532,-0.024095138271492234,-0.004035232330982574,0.010513833213720535,1.0,1.0,1.0,0.00585,"2303.TW,2379.TW,3034.TW,3711.TW,2618.TW",2021,123,5
2021-05-05,-0.013116722019242596,-0.016661080390969696,-0.004035232330982574,0.010513833213720535,0.6139259215901482,0.6139259215901486,0.6139259215901485,0.003591466641302369,"2303.TW,2379.TW,3034.TW,3711.TW,2618.TW,3037.TW,2454.TW,2308.TW,2345.TW,1590.TW,2408.TW,2891.TW,2615.TW,1216.TW,2886.TW",2021,123,15
2021-05-05,-0.0009889399395468972,-0.004576825503115445,-0.004035232330982574,0.010513833213720535,0.6139209024503389,0.6139209024503387,0.6139209024503388,0.003591437279334482,"2303.TW,2379.TW,3034.TW,3711.TW,2618.TW,3037.TW,2454.TW,2308.TW,2345.TW,1590.TW,2408.TW,2891.TW,2615.TW,1216.TW,2886.TW,2327.TW,2885.TW,5871.TW,2603.TW,5876.TW",2021,123,20
2021-05-10,-0.04448078656729002,-0.046824515290212365,-0.05340708257033988,-0.06770410980044947,0.41928763221248116,0.41928763221248116,0.41928763221248116,0.002452832648443015,"2345.TW,2454.TW,3037.TW,3034.TW,6669.TW,2308.TW,2303.TW,3711.TW,2379.TW,2408.TW,3008.TW,2327.TW,2317.TW,1301.TW,3045.TW",2021,123,15
2021-05-10,-0.03449222565853108,-0.039059618623520254,-0.05340708257033988,-0.06770410980044947,0.8086428249826485,0.8086428249826485,0.8086428249826485,0.004730560526148494,"2345.TW,2454.TW,3037.TW,3034.TW,6669.TW",2021,123,5
2021-05-10,-0.04454757375018962,-0.047173312458449135,-0.05340708257033988,-0.06770410980044947,0.46977139970834725,0.4697713997083473,0.46977139970834725,0.002748162688293832,"2345.TW,2454.TW,3037.TW,3034.TW,6669.TW,2308.TW,2303.TW,3711.TW,2379.TW,2408.TW,3008.TW,2327.TW,2317.TW,1301.TW,3045.TW,3017.TW,2886.TW,2357.TW,5880.TW,2382.TW",2021,123,20
2021-05-10,-0.018834680130326333,-0.02457449725156391,-0.05340708257033988,-0.06770410980044947,1.0,1.0,1.0,0.00585,"2345.TW,2454.TW,3037.TW",2021,123,3
2021-05-10,-0.04317455879250736,-0.0443802231346182,-0.05340708257033988,-0.06770410980044947,0.2153961003344833,0.21539610033448303,0.21539610033448317,0.001260067186956726,"2345.TW,2454.TW,3037.TW,3034.TW,6669.TW,2308.TW,2303.TW,3711.TW,2379.TW,2408.TW",2021,123,10
2021-05-13,-0.013872379300476445,-0.01964122588156869,0.028793801635293548,0.014139794572553002,1.0,1.0,1.0,0.00585,"2609.TW,2615.TW,2002.TW,2603.TW,2881.TW",2021,123,5
2021-05-13,0.00584991981908688,0.0016702024276364913,0.028793801635293548,0.014139794572553002,0.7103262537463192,0.7103262537463189,0.7103262537463191,0.004155408584415966,"2609.TW,2615.TW,2002.TW,2603.TW,2881.TW,2327.TW,1303.TW,2882.TW,2618.TW,3034.TW,2207.TW,1301.TW,1326.TW,2883.TW,2454.TW,2885.TW,6669.TW,3017.TW,2887.TW,2395.TW",2021,123,20
2021-05-13,-0.0038849036347176416,-0.009712176948454498,0.028793801635293548,0.014139794572553002,1.0,1.0,1.0,0.00585,"2609.TW,2615.TW,2002.TW",2021,123,3
2021-05-13,0.007191086589466204,0.0028241369931147897,0.028793801635293548,0.014139794572553002,0.7411573835657534,0.7411573835657536,0.7411573835657534,0.004335770693859658,"2609.TW,2615.TW,2002.TW,2603.TW,2881.TW,2327.TW,1303.TW,2882.TW,2618.TW,3034.TW,2207.TW,1301.TW,1326.TW,2883.TW,2454.TW",2021,123,15
2021-05-13,0.00035430650275262206,-0.0049125589209843,0.028793801635293548,0.014139794572553002,0.8999999999999999,0.8999999999999999,0.8999999999999999,0.005265,"2609.TW,2615.TW,2002.TW,2603.TW,2881.TW,2327.TW,1303.TW,2882.TW,2618.TW,3034.TW",2021,123,10
2021-05-18,0.04109471189731219,0.03615790100785654,-0.004916805553356163,0.017384350022227338,0.8105884005547426,0.8105884005547426,0.8105884005547426,0.0047419421432452445,"1102.TW,5871.TW,2603.TW,1216.TW,2912.TW,2609.TW,5876.TW,2886.TW,3037.TW,3045.TW,9910.TW,2882.TW,1101.TW,2887.TW,2357.TW",2021,123,15
2021-05-18,0.028575633806361675,0.02429193762197035,-0.004916805553356163,0.017384350022227338,0.7119124096939927,0.7119124096939926,0.7119124096939926,0.004164687596709857,"1102.TW,5871.TW,2603.TW,1216.TW,2912.TW,2609.TW,5876.TW,2886.TW,3037.TW,3045.TW,9910.TW,2882.TW,1101.TW,2887.TW,2357.TW,5880.TW,3008.TW,2002.TW,2883.TW,1590.TW",2021,123,20
2021-05-18,0.04969533338399648,0.044703258177499317,-0.004916805553356163,0.017384350022227338,0.8129465398248559,0.8129465398248559,0.8129465398248559,0.004755737257975407,"1102.TW,5871.TW,2603.TW,1216.TW,2912.TW",2021,123,5
2021-05-18,0.05009268964749922,0.04508841831178367,-0.004916805553356163,0.017384350022227338,0.8146242764963603,0.8146242764963603,0.8146242764963603,0.004765552017503708,"1102.TW,5871.TW,2603.TW,1216.TW,2912.TW,2609.TW,5876.TW,2886.TW,3037.TW,3045.TW",2021,123,10
2021-05-18,0.07659696011255535,0.0702988678958969,-0.004916805553356163,0.017384350022227338,1.0,0.9999999999999998,0.9999999999999999,0.005849999999999999,"1102.TW,5871.TW,2603.TW",2021,123,3
2021-05-21,0.010217093982056944,0.006586083974621015,0.014823250375115116,0.023291276469644642,0.6144080070056593,0.6144080070056595,0.6144080070056595,0.0035942868409831077,"2412.TW,1590.TW,2891.TW,3711.TW,1102.TW,2357.TW,2912.TW,6669.TW,1216.TW,3045.TW",2021,123,10
2021-05-21,0.011456200756159407,0.008219663146662226,0.014823250375115116,0.023291276469644642,0.5469878891524101,0.5469878891524103,0.5469878891524103,0.0031998791515416,"2412.TW,1590.TW,2891.TW,3711.TW,1102.TW,2357.TW,2912.TW,6669.TW,1216.TW,3045.TW,3037.TW,2883.TW,1101.TW,1301.TW,2345.TW",2021,123,15
2021-05-21,0.014385842030722195,0.01135199972501999,0.014823250375115116,0.023291276469644642,0.5112507498172987,0.5112507498172986,0.5112507498172987,0.0029908168864311965,"2412.TW,1590.TW,2891.TW,3711.TW,1102.TW,2357.TW,2912.TW,6669.TW,1216.TW,3045.TW,3037.TW,2883.TW,1101.TW,1301.TW,2345.TW,2379.TW,2886.TW,2395.TW,2885.TW,4904.TW",2021,123,20
2021-05-21,0.01575339860155811,0.010961818672180934,0.014823250375115116,0.023291276469644642,0.8063704175923978,0.8063704175923978,0.8063704175923978,0.004717266942915527,"2412.TW,1590.TW,2891.TW,3711.TW,1102.TW",2021,123,5
2021-05-21,0.019906408002558013,0.013939955515742897,0.014823250375115116,0.023291276469644642,1.0,1.0,1.0,0.00585,"2412.TW,1590.TW,2891.TW",2021,123,3
2021-05-26,0.02638044701321589,0.02277785164419943,0.027715422276846757,0.03680010295107196,0.6000000000000001,0.6000000000000001,0.6000000000000001,0.003510000000000001,"1101.TW,1590.TW,2454.TW,2881.TW,3711.TW",2021,123,5
2021-05-26,0.026629405264799982,0.02378476232380966,0.027715422276846757,0.03680010295107196,0.47365071378526974,0.4736507137852699,0.4736507137852698,0.002770856675643829,"1101.TW,1590.TW,2454.TW,2881.TW,3711.TW,1102.TW,2883.TW,1216.TW,2912.TW,1303.TW,5871.TW,1301.TW,1326.TW,2882.TW,2408.TW",2021,123,15
2021-05-26,0.018948263084575125,0.01497436485854542,0.027715422276846757,0.03680010295107196,0.6666666666666666,0.6666666666666667,0.6666666666666667,0.0039000000000000003,"1101.TW,1590.TW,2454.TW",2021,123,3
2021-05-26,0.02596018883533715,0.023215871099132146,0.027715422276846757,0.03680010295107196,0.45724400229756174,0.4572440022975619,0.4572440022975618,0.002674877413440737,"1101.TW,1590.TW,2454.TW,2881.TW,3711.TW,1102.TW,2883.TW,1216.TW,2912.TW,1303.TW,5871.TW,1301.TW,1326.TW,2882.TW,2408.TW,2317.TW,3045.TW,2885.TW,2886.TW,2207.TW",2021,123,20
2021-05-26,0.024452868840863264,0.02141182762220284,0.027715422276846757,0.03680010295107196,0.5074280345781835,0.5074280345781836,0.5074280345781836,0.0029684540022823745,"1101.TW,1590.TW,2454.TW,2881.TW,3711.TW,1102.TW,2883.TW,1216.TW,2912.TW,1303.TW",2021,123,10
2021-05-31,0.008379202996334444,0.004022588210691902,-0.0014577109906835917,0.00545549141868888,0.7385321652463233,0.7385321652463231,0.7385321652463233,0.00432041316669099,"9910.TW,2615.TW,2609.TW,2881.TW,2885.TW,4904.TW,2886.TW,1326.TW,1590.TW,5876.TW,5871.TW,2887.TW,2891.TW,2412.TW,5880.TW",2021,123,15
2021-05-31,0.026174162529805405,0.021371667449165743,-0.0014577109906835917,0.00545549141868888,0.8,0.8000000000000002,0.8,0.004680000000000001,"9910.TW,2615.TW,2609.TW,2881.TW,2885.TW",2021,123,5
2021-05-31,0.03918285939420037,0.03310363966674412,-0.0014577109906835917,0.00545549141868888,1.0,1.0000000000000002,1.0,0.005850000000000001,"9910.TW,2615.TW,2609.TW",2021,123,3
2021-05-31,0.012892409480186917,0.008115575986050505,-0.0014577109906835917,0.00545549141868888,0.8061593969881486,0.8061593969881486,0.8061593969881486,0.0047160324723806695,"9910.TW,2615.TW,2609.TW,2881.TW,2885.TW,4904.TW,2886.TW,1326.TW,1590.TW,5876.TW",2021,123,10
2021-05-31,0.004764262341542191,0.0014926567040731697,-0.0014577109906835917,0.00545549141868888,0.5565970525409617,0.5565970525409616,0.5565970525409616,0.0032560927573646254,"9910.TW,2615.TW,2609.TW,2881.TW,2885.TW,4904.TW,2886.TW,1326.TW,1590.TW,5876.TW,5871.TW,2887.TW,2891.TW,2412.TW,5880.TW,2882.TW,2912.TW,2357.TW,2892.TW,1216.TW",2021,123,20
2021-06-03,0.011819145581541391,0.008796354896909886,-0.005109503382339287,0.001281476580256964,0.510680548597734,0.510680548597734,0.510680548597734,0.002987481209296744,"9910.TW,6669.TW,2882.TW,2317.TW,2615.TW,5871.TW,1590.TW,2357.TW,2609.TW,2886.TW",2021,123,10
2021-06-03,0.006043022390198765,0.003048786738851339,-0.005109503382339287,0.001281476580256964,0.5087607017644636,0.5087607017644636,0.5087607017644636,0.0029762501053221123,"9910.TW,6669.TW,2882.TW,2317.TW,2615.TW,5871.TW,1590.TW,2357.TW,2609.TW,2886.TW,2345.TW,2395.TW,2308.TW,2382.TW,2881.TW,2891.TW,2330.TW,2883.TW,2327.TW,3231.TW",2021,123,20
2021-06-03,0.014369878030890515,0.010735977887969206,-0.005109503382339287,0.001281476580256964,0.6123796901543694,0.6123796901543693,0.6123796901543694,0.0035824211874030606,"9910.TW,6669.TW,2882.TW,2317.TW,2615.TW",2021,123,5
2021-06-03,0.008933316189171321,0.005737573493698411,-0.005109503382339287,0.001281476580256964,0.5414439129716584,0.5414439129716584,0.5414439129716584,0.003167446890884202,"9910.TW,6669.TW,2882.TW,2317.TW,2615.TW,5871.TW,1590.TW,2357.TW,2609.TW,2886.TW,2345.TW,2395.TW,2308.TW,2382.TW,2881.TW",2021,123,15
2021-06-03,0.011371207959979219,0.007281625832523897,-0.005109503382339287,0.001281476580256964,0.691213930591484,0.6912139305914841,0.691213930591484,0.004043601493960182,"9910.TW,6669.TW,2882.TW",2021,123,3
2021-06-08,0.01708459207841853,0.012312359581147625,0.01687448762599475,0.00820246428984765,0.802063314303777,0.8020633143037769,0.802063314303777,0.004692070388677095,"2882.TW,2345.TW,2883.TW,6669.TW,2408.TW,1303.TW,3008.TW,1301.TW,2881.TW,1326.TW",2021,123,10
2021-06-08,0.016709832908862927,0.012704617589035738,0.01687448762599475,0.00820246428984765,0.6733997933949438,0.673399793394944,0.6733997933949439,0.003939388791360422,"2882.TW,2345.TW,2883.TW",2021,123,3
2021-06-08,0.00865563922939057,0.005681153440997289,0.01687448762599475,0.00820246428984765,0.5040958374213161,0.504095837421316,0.504095837421316,0.002948960648914699,"2882.TW,2345.TW,2883.TW,6669.TW,2408.TW,1303.TW,3008.TW,1301.TW,2881.TW,1326.TW,1102.TW,5871.TW,9910.TW,3017.TW,5876.TW,1590.TW,3034.TW,1101.TW,2317.TW,2891.TW",2021,123,20
2021-06-08,0.022422396696111062,0.018806066029637192,0.01687448762599475,0.00820246428984765,0.604619171392188,0.6046191713921879,0.604619171392188,0.0035370221526443,"2882.TW,2345.TW,2883.TW,6669.TW,2408.TW",2021,123,5
2021-06-08,0.008892054022870742,0.0053252248817989845,0.01687448762599475,0.00820246428984765,0.6043405542327472,0.6043405542327474,0.6043405542327474,0.003535392242261572,"2882.TW,2345.TW,2883.TW,6669.TW,2408.TW,1303.TW,3008.TW,1301.TW,2881.TW,1326.TW,1102.TW,5871.TW,9910.TW,3017.TW,5876.TW",2021,123,15
2021-06-11,0.02473846003566989,0.01874374004446122,0.0018039155103342086,0.006177746327552396,1.0,1.0,1.0,0.00585,"2618.TW,2002.TW,3037.TW",2021,123,3
2021-06-11,0.007053337282262756,0.003774388583137833,0.0018039155103342086,0.006177746327552396,0.5565783165419119,0.5565783165419117,0.5565783165419118,0.0032559831517701837,"2618.TW,2002.TW,3037.TW,3034.TW,3017.TW,2357.TW,2408.TW,2882.TW,9910.TW,2883.TW,2327.TW,1590.TW,2303.TW,2454.TW,3231.TW,1301.TW,2885.TW,2887.TW,1102.TW,2886.TW",2021,123,20
2021-06-11,0.0053185943764365905,0.0011705136689474926,0.0018039155103342086,0.006177746327552396,0.7053223019829304,0.7053223019829302,0.7053223019829303,0.004126135466600143,"2618.TW,2002.TW,3037.TW,3034.TW,3017.TW,2357.TW,2408.TW,2882.TW,9910.TW,2883.TW",2021,123,10
2021-06-11,0.019625854168394442,0.013661042921509381,0.0018039155103342086,0.006177746327552396,1.0,1.0,1.0,0.00585,"2618.TW,2002.TW,3037.TW,3034.TW,3017.TW",2021,123,5
2021-06-11,0.011947512574056277,0.007957110475160567,0.0018039155103342086,0.006177746327552396,0.6740665977528326,0.6740665977528327,0.6740665977528326,0.003943289596854071,"2618.TW,2002.TW,3037.TW,3034.TW,3017.TW,2357.TW,2408.TW,2882.TW,9910.TW,2883.TW,2327.TW,1590.TW,2303.TW,2454.TW,3231.TW",2021,123,15
2021-06-17,0.007222939985904944,0.0030638879216511317,-0.027727899537351997,0.001562391793588338,0.7058507531833772,0.7058507531833769,0.7058507531833771,0.004129226906122755,"2002.TW,6669.TW,5871.TW,3034.TW,2207.TW,2881.TW,9910.TW,2887.TW,2615.TW,2454.TW,2603.TW,2345.TW,2882.TW,1101.TW,2891.TW,2892.TW,1216.TW,2884.TW,2912.TW,3045.TW",2021,123,20
2021-06-17,0.00958732465480952,0.005599874826880402,-0.027727899537351997,0.001562391793588338,0.6751425444397103,0.6751425444397103,0.6751425444397103,0.003949583884972305,"2002.TW,6669.TW,5871.TW,3034.TW,2207.TW,2881.TW,9910.TW,2887.TW,2615.TW,2454.TW,2603.TW,2345.TW,2882.TW,1101.TW,2891.TW",2021,123,15
2021-06-17,0.0029973675219824893,-0.001143832151260793,-0.027727899537351997,0.001562391793588338,0.7057818923199514,0.7057818923199513,0.7057818923199513,0.0041288240700717155,"2002.TW,6669.TW,5871.TW,3034.TW,2207.TW,2881.TW,9910.TW,2887.TW,2615.TW,2454.TW",2021,123,10
2021-06-17,0.00570281912557365,0.0017147050494028537,-0.027727899537351997,0.001562391793588338,0.6778631708542537,0.6778631708542537,0.6778631708542537,0.003965499549497384,"2002.TW,6669.TW,5871.TW",2021,123,3
2021-06-17,-0.007970875349953242,-0.011504145032267155,-0.027727899537351997,0.001562391793588338,0.6088306365859169,0.6088306365859166,0.6088306365859167,0.0035616592240276124,"2002.TW,6669.TW,5871.TW,3034.TW,2207.TW",2021,123,5
2021-06-22,0.0210954544038792,0.015122045995616507,0.014814796077754266,0.026972185454000663,1.0,1.0,1.0,0.00585,"2327.TW,2379.TW,2454.TW",2021,123,3
2021-06-22,0.036864626811461514,0.03345225776008842,0.014814796077754266,0.026972185454000663,0.5625719441759915,0.5625719441759918,0.5625719441759917,0.003291045873429552,"2327.TW,2379.TW,2454.TW,6669.TW,2618.TW,9910.TW,2330.TW,2881.TW,3034.TW,3711.TW,2883.TW,2308.TW,2609.TW,2207.TW,2887.TW,2615.TW,2357.TW,2603.TW,1102.TW,2303.TW",2021,123,20
2021-06-22,0.02850945633952743,0.02519331045221551,0.014814796077754266,0.026972185454000663,0.5511495702306023,0.5511495702306021,0.5511495702306022,0.0032242249858490226,"2327.TW,2379.TW,2454.TW,6669.TW,2618.TW,9910.TW,2330.TW,2881.TW,3034.TW,3711.TW,2883.TW,2308.TW,2609.TW,2207.TW,2887.TW",2021,123,15
2021-06-22,0.012720859930547878,0.007965304454973454,0.014814796077754266,0.026972185454000663,0.8027043759777046,0.8027043759777044,0.8027043759777045,0.004695820599469571,"2327.TW,2379.TW,2454.TW,6669.TW,2618.TW",2021,123,5
2021-06-22,0.024403226238085905,0.02128066968633724,0.014814796077754266,0.026972185454000663,0.5210549294016368,0.5210549294016367,0.5210549294016367,0.0030481713369995746,"2327.TW,2379.TW,2454.TW,6669.TW,2618.TW,9910.TW,2330.TW,2881.TW,3034.TW,3711.TW",2021,123,10
2021-06-25,0.046690895665802847,0.04300751053151952,0.01459863638583303,0.014256003465061744,0.6015515058935665,0.6015515058935664,0.6015515058935665,0.0035190763094773638,"3037.TW,3017.TW,2379.TW,2609.TW,2357.TW,2002.TW,3034.TW,6669.TW,2454.TW,2303.TW",2021,123,10
2021-06-25,0.014399939140740595,0.010440547889621232,0.01459863638583303,0.014256003465061744,0.6672112163755495,0.6672112163755494,0.6672112163755495,0.003903185615796964,"3037.TW,3017.TW,2379.TW",2021,123,3
2021-06-25,0.04214457590835616,0.03934319012892562,0.01459863638583303,0.014256003465061744,0.4595037723895628,0.45950377238956275,0.45950377238956275,0.002688097068478942,"3037.TW,3017.TW,2379.TW,2609.TW,2357.TW,2002.TW,3034.TW,6669.TW,2454.TW,2303.TW,1101.TW,2603.TW,2615.TW,2395.TW,3008.TW,2892.TW,3045.TW,2887.TW,2618.TW,4904.TW",2021,123,20
2021-06-25,0.04998101361619176,0.045067102472468035,0.01459863638583303,0.014256003465061744,0.8,0.7999999999999999,0.8,0.00468,"3037.TW,3017.TW,2379.TW,2609.TW,2357.TW",2021,123,5
2021-06-25,0.05851671961323662,0.05437866264029867,0.01459863638583303,0.014256003465061744,0.6682560163741502,0.6682560163741503,0.6682560163741502,0.003909297695788779,"3037.TW,3017.TW,2379.TW,2609.TW,2357.TW,2002.TW,3034.TW,6669.TW,2454.TW,2303.TW,1101.TW,2603.TW,2615.TW,2395.TW,3008.TW",2021,123,15
2021-06-30,0.019195228653937302,0.01436442543938976,0.006115060042267251,0.015067097633520831,0.8102258566925569,0.8102258566925569,0.8102258566925569,0.004739821261651457,"1590.TW,3711.TW,5871.TW,2618.TW,3017.TW",2021,123,5
2021-06-30,0.012899723382279864,0.008954261211316483,0.006115060042267251,0.015067097633520831,0.6658487137210145,0.6658487137210145,0.6658487137210145,0.003895214975267935,"1590.TW,3711.TW,5871.TW,2618.TW,3017.TW,2303.TW,2412.TW,2317.TW,2345.TW,5880.TW,3045.TW,1301.TW,2330.TW,2884.TW,2882.TW,5876.TW,2395.TW,1101.TW,4904.TW,1216.TW",2021,123,20
2021-06-30,0.015826439179966866,0.01063171415583275,0.006115060042267251,0.015067097633520831,0.874152462825745,0.8741524628257451,0.8741524628257451,0.005113791907530609,"1590.TW,3711.TW,5871.TW,2618.TW,3017.TW,2303.TW,2412.TW,2317.TW,2345.TW,5880.TW,3045.TW,1301.TW,2330.TW,2884.TW,2882.TW",2021,123,15
2021-06-30,0.03452586512519207,0.028473888814209758,0.006115060042267251,0.015067097633520831,1.0,1.0,1.0,0.00585,"1590.TW,3711.TW,5871.TW",2021,123,3
2021-06-30,0.017317845031069538,0.012502665000736934,0.006115060042267251,0.015067097633520831,0.8090959000798976,0.8090959000798977,0.8090959000798976,0.004733211015467402,"1590.TW,3711.TW,5871.TW,2618.TW,3017.TW,2303.TW,2412.TW,2317.TW,2345.TW,5880.TW",2021,123,10
2021-07-05,-0.0018392653127908163,-0.005395509465655146,-0.013943554210350761,-0.011483113878114466,0.6090251422143148,0.6090251422143147,0.6090251422143147,0.003562797081953741,"2615.TW,2618.TW,2884.TW,1101.TW,3017.TW",2021,123,5
2021-07-05,-0.014324658651878529,-0.018582118145143767,-0.013943554210350761,-0.011483113878114466,0.7383474284283625,0.7383474284283628,0.7383474284283627,0.004319332456305922,"2615.TW,2618.TW,2884.TW,1101.TW,3017.TW,2330.TW,2609.TW,2880.TW,2603.TW,2454.TW,2408.TW,2395.TW,3034.TW,5876.TW,2912.TW",2021,123,15
2021-07-05,-0.016612886373653313,-0.02123902268024136,-0.013943554210350761,-0.011483113878114466,0.8041518137496878,0.8041518137496879,0.8041518137496879,0.004704288110435674,"2615.TW,2618.TW,2884.TW,1101.TW,3017.TW,2330.TW,2609.TW,2880.TW,2603.TW,2454.TW",2021,123,10
2021-07-05,-0.014000772509493987,-0.01749339427713792,-0.013943554210350761,-0.011483113878114466,0.6055069267244055,0.6055069267244054,0.6055069267244055,0.003542215521337772,"2615.TW,2618.TW,2884.TW,1101.TW,3017.TW,2330.TW,2609.TW,2880.TW,2603.TW,2454.TW,2408.TW,2395.TW,3034.TW,5876.TW,2912.TW,2891.TW,2892.TW,2885.TW,3008.TW,2345.TW",2021,123,20
2021-07-05,-0.023235850788943413,-0.028949921061828143,-0.013943554210350761,-0.011483113878114466,1.0,1.0,1.0,0.00585,"2615.TW,2618.TW,2884.TW",2021,123,3
2021-07-08,-0.06997035826911353,-0.073597473871864,0.01667854644948563,0.0037371400763592934,0.6666666666666666,0.6666666666666666,0.6666666666666666,0.0039,"1590.TW,2618.TW,2603.TW",2021,123,3
2021-07-08,-0.03380727922488911,-0.03835159834364166,0.01667854644948563,0.0037371400763592934,0.8039873104643807,0.8039873104643805,0.8039873104643807,0.004703325766216626,"1590.TW,2618.TW,2603.TW,2327.TW,2207.TW",2021,123,5
2021-07-08,-0.027515680001832153,-0.03157475949648436,0.01667854644948563,0.0037371400763592934,0.7134919591062381,0.7134919591062381,0.7134919591062381,0.004173927960771493,"1590.TW,2618.TW,2603.TW,2327.TW,2207.TW,1301.TW,9910.TW,2609.TW,2885.TW,2303.TW",2021,123,10
2021-07-08,-0.010932900038538902,-0.01388702188675306,0.01667854644948563,0.0037371400763592934,0.5105599951019584,0.5105599951019584,0.5105599951019584,0.0029867759713464565,"1590.TW,2618.TW,2603.TW,2327.TW,2207.TW,1301.TW,9910.TW,2609.TW,2885.TW,2303.TW,3711.TW,2408.TW,2330.TW,2884.TW,2615.TW,3231.TW,5876.TW,5880.TW,2317.TW,2892.TW",2021,123,20
2021-07-08,-0.01764023121645215,-0.020783644741109608,0.01667854644948563,0.0037371400763592934,0.5469845796982998,0.5469845796982999,0.5469845796982999,0.0031998597912350547,"1590.TW,2618.TW,2603.TW,2327.TW,2207.TW,1301.TW,9910.TW,2609.TW,2885.TW,2303.TW,3711.TW,2408.TW,2330.TW,2884.TW,2615.TW",2021,123,15
2021-07-13,0.10136456945339334,0.09898049362549544,-0.008558909276241367,0.009416495326089892,0.37002672943933235,0.37002672943933246,0.3700267294393324,0.0021646563672200947,"2603.TW,2609.TW,2618.TW",2021,123,3
2021-07-13,0.024297467540863833,0.02206507896781784,-0.008558909276241367,0.009416495326089892,0.3725527948414693,0.3725527948414692,0.37255279484146925,0.002179433849822595,"2603.TW,2609.TW,2618.TW,2615.TW,2002.TW,3231.TW,2883.TW,3037.TW,1590.TW,2885.TW,3008.TW,2327.TW,9910.TW,3017.TW,2884.TW,2379.TW,2303.TW,1301.TW,2308.TW,2408.TW",2021,123,20
2021-07-13,0.03010467951771541,0.027524534244080856,-0.008558909276241367,0.009416495326089892,0.4281608295693249,0.42816082956932483,0.4281608295693249,0.0025047408529805504,"2603.TW,2609.TW,2618.TW,2615.TW,2002.TW,3231.TW,2883.TW,3037.TW,1590.TW,2885.TW,3008.TW,2327.TW,9910.TW,3017.TW,2884.TW",2021,123,15
2021-07-13,0.08381165543513402,0.07977818988100727,-0.008558909276241367,0.009416495326089892,0.636163384888959,0.6361633848889591,0.636163384888959,0.0037215558016004107,"2603.TW,2609.TW,2618.TW,2615.TW,2002.TW",2021,123,5
2021-07-13,0.04541354434401413,0.04216409345033889,-0.008558909276241367,0.009416495326089892,0.5313320209325356,0.5313320209325356,0.5313320209325356,0.0031082923224553336,"2603.TW,2609.TW,2618.TW,2615.TW,2002.TW,3231.TW,2883.TW,3037.TW,1590.TW,2885.TW",2021,123,10
2021-07-16,0.001693454374174416,-0.002290028226601293,-0.0060977573862828205,-0.015057293530535486,0.67978601012146,0.6797860101214601,0.6797860101214601,0.003976748159210542,"3231.TW,2618.TW,6669.TW,2327.TW,4904.TW,5880.TW,2884.TW,2303.TW,3045.TW,2412.TW,2892.TW,2886.TW,1590.TW,2880.TW,2891.TW",2021,123,15
2021-07-16,0.00023511229818796108,-0.00364050171511876,-0.0060977573862828205,-0.015057293530535486,0.6623423970896325,0.6623423970896323,0.6623423970896324,0.003874703022974349,"3231.TW,2618.TW,6669.TW,2327.TW,4904.TW,5880.TW,2884.TW,2303.TW,3045.TW,2412.TW,2892.TW,2886.TW,1590.TW,2880.TW,2891.TW,1102.TW,1216.TW,1101.TW,3017.TW,5876.TW",2021,123,20
2021-07-16,-0.0064932923814253985,-0.01119357463089421,-0.0060977573862828205,-0.015057293530535486,0.8087182955384015,0.8087182955384017,0.8087182955384016,0.00473100202889965,"3231.TW,2618.TW,6669.TW,2327.TW,4904.TW,5880.TW,2884.TW,2303.TW,3045.TW,2412.TW",2021,123,10
2021-07-16,-0.012366099866462666,-0.017054778523304504,-0.0060977573862828205,-0.015057293530535486,0.8115188542796097,0.8115188542796098,0.8115188542796097,0.004747385297535717,"3231.TW,2618.TW,6669.TW,2327.TW,4904.TW",2021,123,5
2021-07-16,-0.033943577337770606,-0.037847987973507524,-0.0060977573862828205,-0.015057293530535486,0.6908712636620253,0.6908712636620253,0.6908712636620253,0.004041596892422848,"3231.TW,2618.TW,6669.TW",2021,123,3
2021-07-21,-0.01935587791322557,-0.02396264087354294,-0.009433964788626126,-0.007890438688673734,0.8030240840497576,0.8030240840497579,0.8030240840497578,0.004697690891691083,"2609.TW,2615.TW,2303.TW,2408.TW,2883.TW,6669.TW,3037.TW,2603.TW,3017.TW,2317.TW,1303.TW,2345.TW,5871.TW,2882.TW,2880.TW",2021,123,15
2021-07-21,-0.03302825125960454,-0.03757022770878682,-0.009433964788626126,-0.007890438688673734,0.802925454276022,0.802925454276022,0.802925454276022,0.004697113907514729,"2609.TW,2615.TW,2303.TW,2408.TW,2883.TW,6669.TW,3037.TW,2603.TW,3017.TW,2317.TW",2021,123,10
2021-07-21,-0.01218629010477143,-0.015411352031999281,-0.009433964788626126,-0.007890438688673734,0.5580937292229214,0.5580937292229214,0.5580937292229214,0.0032648483159540905,"2609.TW,2615.TW,2303.TW,2408.TW,2883.TW,6669.TW,3037.TW,2603.TW,3017.TW,2317.TW,1303.TW,2345.TW,5871.TW,2882.TW,2880.TW,2618.TW,3231.TW,5880.TW,2892.TW,4904.TW",2021,123,20
2021-07-21,-0.044952500416416234,-0.05053952828898012,-0.009433964788626126,-0.007890438688673734,1.0,1.0,1.0,0.00585,"2609.TW,2615.TW,2303.TW,2408.TW,2883.TW",2021,123,5
2021-07-21,-0.08370499556808295,-0.08906532134400968,-0.009433964788626126,-0.007890438688673734,1.0,0.9999999999999999,1.0,0.005849999999999999,"2609.TW,2615.TW,2303.TW",2021,123,3
2021-07-26,0.0056343692534603,0.0028567879667633633,0.0007326537329168659,0.002894637632715138,0.4721400087993069,0.47214000879930695,0.47214000879930695,0.002762019051475946,"2615.TW,2609.TW,2603.TW,1590.TW,2881.TW,2882.TW,2382.TW,3711.TW,2308.TW,2892.TW,2880.TW,2884.TW,5880.TW,5876.TW,6669.TW,1303.TW,2883.TW,2885.TW,2379.TW,2618.TW",2021,123,20
2021-07-26,0.04765356221946006,0.04369153255327185,0.0007326537329168659,0.002894637632715138,0.6464637288813855,0.6464637288813853,0.6464637288813854,0.003781812813956104,"2615.TW,2609.TW,2603.TW,1590.TW,2881.TW",2021,123,5
2021-07-26,0.007065850984207508,0.0033673519771595384,0.0007326537329168659,0.002894637632715138,0.6277862086862906,0.6277862086862906,0.6277862086862906,0.0036725493208148003,"2615.TW,2609.TW,2603.TW,1590.TW,2881.TW,2882.TW,2382.TW,3711.TW,2308.TW,2892.TW,2880.TW,2884.TW,5880.TW,5876.TW,6669.TW",2021,123,15
2021-07-26,0.01502883659200321,0.010648109628940361,0.0007326537329168659,0.002894637632715138,0.7377546222454752,0.7377546222454753,0.7377546222454752,0.0043158645401360305,"2615.TW,2609.TW,2603.TW,1590.TW,2881.TW,2882.TW,2382.TW,3711.TW,2308.TW,2892.TW",2021,123,10
2021-07-26,0.10945147125407365,0.10694717337153659,0.0007326537329168659,0.002894637632715138,0.38585293653458114,0.38585293653458114,0.38585293653458114,0.0022572396787273,"2615.TW,2609.TW,2603.TW",2021,123,3
2021-07-29,0.013485371356878151,0.008654991434655201,0.015007192036445183,0.007981362825182558,0.8147191789312986,0.8147191789312989,0.8147191789312987,0.004766107196748098,"2454.TW,2207.TW,2881.TW,1102.TW,5880.TW",2021,123,5
2021-07-29,0.009096232203637322,0.0043128825540927895,0.015007192036445183,0.007981362825182558,0.8102959664948679,0.810295966494868,0.8102959664948679,0.004740231403994977,"2454.TW,2207.TW,2881.TW,1102.TW,5880.TW,2412.TW,2327.TW,2880.TW,2884.TW,2308.TW",2021,123,10
2021-07-29,0.005765412892526109,0.00218763728111937,0.015007192036445183,0.007981362825182558,0.6080797438048385,0.6080797438048385,0.6080797438048385,0.0035572665012583056,"2454.TW,2207.TW,2881.TW,1102.TW,5880.TW,2412.TW,2327.TW,2880.TW,2884.TW,2308.TW,6669.TW,3045.TW,2395.TW,1101.TW,3008.TW",2021,123,15
2021-07-29,0.008850256537627443,0.005273603867683718,0.015007192036445183,0.007981362825182558,0.6060300969661144,0.6060300969661143,0.6060300969661143,0.003545276067251769,"2454.TW,2207.TW,2881.TW,1102.TW,5880.TW,2412.TW,2327.TW,2880.TW,2884.TW,2308.TW,6669.TW,3045.TW,2395.TW,1101.TW,3008.TW,2892.TW,2379.TW,2886.TW,2303.TW,2912.TW",2021,123,20
2021-07-29,0.017399496830667067,0.011447709774207615,0.015007192036445183,0.007981362825182558,1.0,1.0,1.0,0.00585,"2454.TW,2207.TW,2881.TW",2021,123,3
2021-08-03,-0.0030046519116043616,-0.007102332298175695,-0.003245409527580123,-0.0031008491943010984,0.7025691615128661,0.7025691615128665,0.7025691615128663,0.004110029594850269,"1102.TW,2327.TW,2412.TW,2618.TW,2886.TW,5871.TW,2395.TW,9910.TW,3008.TW,2892.TW",2021,123,10
2021-08-03,-0.0022004329284016407,-0.004563528067294098,-0.003245409527580123,-0.0031008491943010984,0.40483870741264616,0.4048387074126461,0.40483870741264616,0.00236830643836398,"1102.TW,2327.TW,2412.TW,2618.TW,2886.TW,5871.TW,2395.TW,9910.TW,3008.TW,2892.TW,3045.TW,5880.TW,2880.TW,1101.TW,2891.TW",2021,123,15
2021-08-03,-0.0015917528941524208,-0.003665568626372462,-0.003245409527580123,-0.0031008491943010984,0.35506358925990195,0.3550635892599023,0.3550635892599021,0.002077121997170428,"1102.TW,2327.TW,2412.TW,2618.TW,2886.TW,5871.TW,2395.TW,9910.TW,3008.TW,2892.TW,3045.TW,5880.TW,2880.TW,1101.TW,2891.TW,2887.TW,1303.TW,2884.TW,2379.TW,3231.TW",2021,123,20
2021-08-03,0.0017875206531863697,-0.0029120011065603135,-0.003245409527580123,-0.0031008491943010984,0.8019036336411423,0.8019036336411423,0.8019036336411423,0.004691136256800682,"1102.TW,2327.TW,2412.TW,2618.TW,2886.TW",2021,123,5
2021-08-03,-0.015020385579692356,-0.020782516324051148,-0.003245409527580123,-0.0031008491943010984,1.0,1.0,1.0,0.00585,"1102.TW,2327.TW,2412.TW",2021,123,3
2021-08-06,0.003863474119872349,-0.002009127203728811,-0.0072359036786870945,-0.012018474674398517,1.0,1.0,1.0,0.00585,"2207.TW,3711.TW,2912.TW",2021,123,3
2021-08-06,-0.01648468458253425,-0.019584649369116747,-0.0072359036786870945,-0.012018474674398517,0.5387902986563989,0.5387902986563988,0.5387902986563988,0.0031519232471399336,"2207.TW,3711.TW,2912.TW,3037.TW,2303.TW,3034.TW,2412.TW,1101.TW,2886.TW,1102.TW,5880.TW,9910.TW,2002.TW,2379.TW,2891.TW",2021,123,15
2021-08-06,-0.01149171474018913,-0.01727448820895905,-0.0072359036786870945,-0.012018474674398517,1.0,1.0,1.0,0.00585,"2207.TW,3711.TW,2912.TW,3037.TW,2303.TW",2021,123,5
2021-08-06,-0.021106736946777352,-0.025146062982648765,-0.0072359036786870945,-0.012018474674398517,0.7053711667207758,0.7053711667207757,0.7053711667207758,0.004126421325316538,"2207.TW,3711.TW,2912.TW,3037.TW,2303.TW,3034.TW,2412.TW,1101.TW,2886.TW,1102.TW",2021,123,10
2021-08-06,-0.010970115287083576,-0.01331049401279738,-0.0072359036786870945,-0.012018474674398517,0.4045021749311159,0.4045021749311158,0.40450217493111584,0.0023663377233470277,"2207.TW,3711.TW,2912.TW,3037.TW,2303.TW,3034.TW,2412.TW,1101.TW,2886.TW,1102.TW,5880.TW,9910.TW,2002.TW,2379.TW,2891.TW,3045.TW,2884.TW,2892.TW,2880.TW,2883.TW",2021,123,20
2021-08-11,-0.00937598398371764,-0.015171134477412918,-0.013119458218946445,-0.02355419231945152,1.0,1.0,1.0,0.00585,"2379.TW,2408.TW,3034.TW",2021,123,3
2021-08-11,-0.025042516312784917,-0.029616409506467378,-0.013119458218946445,-0.02355419231945152,0.8019448001293645,0.8019448001293645,0.8019448001293645,0.004691377080756783,"2379.TW,2408.TW,3034.TW,2303.TW,3017.TW",2021,123,5
2021-08-11,-0.017350397446052594,-0.01933986726737813,-0.013119458218946445,-0.02355419231945152,0.34608502405517855,0.3460850240551786,0.3460850240551786,0.0020245973907227948,"2379.TW,2408.TW,3034.TW,2303.TW,3017.TW,3037.TW,3045.TW,1101.TW,3711.TW,5880.TW,2412.TW,2886.TW,1216.TW,2880.TW,2891.TW",2021,123,15
2021-08-11,-0.016179060037827864,-0.017970028836754914,-0.013119458218946445,-0.02355419231945152,0.31118316372578253,0.3111831637257827,0.3111831637257826,0.0018204215077958286,"2379.TW,2408.TW,3034.TW,2303.TW,3017.TW,3037.TW,3045.TW,1101.TW,3711.TW,5880.TW,2412.TW,2886.TW,1216.TW,2880.TW,2891.TW,2454.TW,2884.TW,2892.TW,2885.TW,2317.TW",2021,123,20
2021-08-11,-0.01787140481515507,-0.020810281262260588,-0.013119458218946445,-0.02355419231945152,0.5115135071957763,0.5115135071957763,0.5115135071957763,0.0029923540170952913,"2379.TW,2408.TW,3034.TW,2303.TW,3017.TW,3037.TW,3045.TW,1101.TW,3711.TW,5880.TW",2021,123,10
2021-08-16,0.029424338444826642,0.024583192681426613,-0.02363376603386036,-0.006432194334835906,0.8038922856555903,0.8038922856555902,0.8038922856555903,0.004702769871085203,"2345.TW,2887.TW,2395.TW,3017.TW,5871.TW",2021,123,5
2021-08-16,0.003849577544342798,-0.0008645621704138629,-0.02363376603386036,-0.006432194334835906,0.8027456171746639,0.802745617174664,0.8027456171746639,0.004696061860471784,"2345.TW,2887.TW,2395.TW,3017.TW,5871.TW,9910.TW,2880.TW,3045.TW,2618.TW,2327.TW",2021,123,10
2021-08-16,0.0007054082892575524,-0.00284641789738338,-0.02363376603386036,-0.006432194334835906,0.6067217889149955,0.6067217889149956,0.6067217889149956,0.0035493224651527242,"2345.TW,2887.TW,2395.TW,3017.TW,5871.TW,9910.TW,2880.TW,3045.TW,2618.TW,2327.TW,2884.TW,2303.TW,1216.TW,2412.TW,1303.TW",2021,123,15
2021-08-16,0.03690582668436648,0.03083992759826293,-0.02363376603386036,-0.006432194334835906,1.0,1.0,1.0,0.00585,"2345.TW,2887.TW,2395.TW",2021,123,3
2021-08-16,-0.0018250951273979799,-0.005069616480902428,-0.02363376603386036,-0.006432194334835906,0.5556331180835385,0.5556331180835385,0.5556331180835385,0.0032504537407887007,"2345.TW,2887.TW,2395.TW,3017.TW,5871.TW,9910.TW,2880.TW,3045.TW,2618.TW,2327.TW,2884.TW,2303.TW,1216.TW,2412.TW,1303.TW,2892.TW,5880.TW,2882.TW,2881.TW,2002.TW",2021,123,20
2021-08-19,0.03324315377547687,0.028955985898991177,0.02231456335844917,0.02267066837082649,0.7092708110165857,0.709270811016586,0.7092708110165858,0.004149234244447028,"2327.TW,5871.TW,2379.TW,2303.TW,2880.TW,2883.TW,2002.TW,3037.TW,2884.TW,3711.TW",2021,123,10
2021-08-19,0.046934608599633984,0.04081004113932618,0.02231456335844917,0.02267066837082649,1.0,1.0,1.0,0.00585,"2327.TW,5871.TW,2379.TW",2021,123,3
2021-08-19,0.025901300126578576,0.02314471466126866,0.02231456335844917,0.02267066837082649,0.4593143517735463,0.4593143517735461,0.4593143517735462,0.002686988957875245,"2327.TW,5871.TW,2379.TW,2303.TW,2880.TW,2883.TW,2002.TW,3037.TW,2884.TW,3711.TW,2207.TW,3034.TW,2892.TW,9910.TW,2603.TW,1303.TW,2912.TW,2412.TW,2887.TW,2317.TW",2021,123,20
2021-08-19,0.028390830035114393,0.024731630027380325,0.02231456335844917,0.02267066837082649,0.608235951311382,0.6082359513113822,0.6082359513113821,0.0035581803151715856,"2327.TW,5871.TW,2379.TW,2303.TW,2880.TW,2883.TW,2002.TW,3037.TW,2884.TW,3711.TW,2207.TW,3034.TW,2892.TW,9910.TW,2603.TW",2021,123,15
2021-08-19,0.04121400318367035,0.03632724600441817,0.02231456335844917,0.02267066837082649,0.8022780187456802,0.80227801874568,0.8022780187456802,0.004693326409662229,"2327.TW,5871.TW,2379.TW,2303.TW,2880.TW",2021,123,5
2021-08-24,0.023743153833721754,0.017754256383794464,0.025897161477018926,0.016372057532190183,1.0,1.0000000000000002,1.0,0.005850000000000001,"3034.TW,2892.TW,3037.TW",2021,123,3
2021-08-24,0.013395849560155344,0.010678391507567442,0.025897161477018926,0.016372057532190183,0.4583823233869957,0.4583823233869956,0.45838232338699564,0.0026815365918139242,"3034.TW,2892.TW,3037.TW,1590.TW,2408.TW,2884.TW,2412.TW,2880.TW,2609.TW,3711.TW,2618.TW,2454.TW,2603.TW,2912.TW,3045.TW,3008.TW,2395.TW,4904.TW,2887.TW,2303.TW",2021,123,20
2021-08-24,0.015006232798408183,0.009068446336537361,0.025897161477018926,0.016372057532190183,1.0,1.0,1.0,0.00585,"3034.TW,2892.TW,3037.TW,1590.TW,2408.TW",2021,123,5
2021-08-24,0.021070695329066316,0.01746278031213566,0.025897161477018926,0.016372057532190183,0.6040106846205835,0.6040106846205835,0.6040106846205835,0.0035334625050304136,"3034.TW,2892.TW,3037.TW,1590.TW,2408.TW,2884.TW,2412.TW,2880.TW,2609.TW,3711.TW",2021,123,10
2021-08-24,0.014480571947968339,0.011267654522777892,0.025897161477018926,0.016372057532190183,0.5413772023490958,0.5413772023490958,0.5413772023490958,0.0031670566337422103,"3034.TW,2892.TW,3037.TW,1590.TW,2408.TW,2884.TW,2412.TW,2880.TW,2609.TW,3711.TW,2618.TW,2454.TW,2603.TW,2912.TW,3045.TW",2021,123,15
2021-08-27,-0.027929249201130893,-0.032514884425290935,0.016227981493941224,0.004994409327696578,0.8063911689997747,0.8063911689997746,0.8063911689997747,0.0047173883386486815,"3034.TW,2609.TW,3008.TW,2379.TW,2603.TW",2021,123,5
2021-08-27,-0.023242724372843658,-0.02712867891984938,0.016227981493941224,0.004994409327696578,0.6800724715404534,0.6800724715404532,0.6800724715404534,0.003978423958511652,"3034.TW,2609.TW,3008.TW",2021,123,3
2021-08-27,-0.008626377484201097,-0.012137823430085293,0.016227981493941224,0.004994409327696578,0.6054701846044311,0.6054701846044312,0.6054701846044312,0.003542000579935923,"3034.TW,2609.TW,3008.TW,2379.TW,2603.TW,2884.TW,2615.TW,2454.TW,1590.TW,3017.TW",2021,123,10
2021-08-27,-0.006004085759554083,-0.00809579813100747,0.016227981493941224,0.004994409327696578,0.3597174447212058,0.35971744472120604,0.3597174447212059,0.002104347051619055,"3034.TW,2609.TW,3008.TW,2379.TW,2603.TW,2884.TW,2615.TW,2454.TW,1590.TW,3017.TW,9910.TW,2408.TW,2345.TW,2912.TW,2412.TW,4904.TW,2880.TW,2618.TW,5876.TW,3231.TW",2021,123,20
2021-08-27,-0.006991328985910447,-0.00936880042805055,0.016227981493941224,0.004994409327696578,0.40926669281725786,0.4092666928172579,0.4092666928172579,0.0023942101529809585,"3034.TW,2609.TW,3008.TW,2379.TW,2603.TW,2884.TW,2615.TW,2454.TW,1590.TW,3017.TW,9910.TW,2408.TW,2345.TW,2912.TW,2412.TW",2021,123,15
2021-09-01,-0.014379874336556697,-0.018005533261738815,0.013484673674689862,-0.000506652517575219,0.6288130084845628,0.6288130084845628,0.6288130084845628,0.0036785560996346924,"2603.TW,2609.TW,2615.TW,2912.TW,5871.TW,2618.TW,2308.TW,9910.TW,2884.TW,2881.TW",2021,123,10
2021-09-01,-0.04413070156392496,-0.048027801974140805,0.013484673674689862,-0.000506652517575219,0.6969268825594216,0.6969268825594217,0.6969268825594217,0.004077022262972617,"2603.TW,2609.TW,2615.TW",2021,123,3
2021-09-01,-0.004768705723083677,-0.008379708820706933,0.013484673674689862,-0.000506652517575219,0.6202231484508098,0.6202231484508101,0.62022314845081,0.0036283054184372385,"2603.TW,2609.TW,2615.TW,2912.TW,5871.TW,2618.TW,2308.TW,9910.TW,2884.TW,2881.TW,2887.TW,2002.TW,4904.TW,2880.TW,3711.TW",2021,123,15
2021-09-01,-0.029634143000847525,-0.033240832565499145,0.013484673674689862,-0.000506652517575219,0.6353563723030056,0.6353563723030055,0.6353563723030056,0.003716834777972582,"2603.TW,2609.TW,2615.TW,2912.TW,5871.TW",2021,123,5
2021-09-01,-0.0017391939494301953,-0.004752995032899943,0.013484673674689862,-0.000506652517575219,0.516077230785206,0.5160772307852061,0.516077230785206,0.0030190518000934555,"2603.TW,2609.TW,2615.TW,2912.TW,5871.TW,2618.TW,2308.TW,9910.TW,2884.TW,2881.TW,2887.TW,2002.TW,4904.TW,2880.TW,3711.TW,5876.TW,1303.TW,2882.TW,2395.TW,2330.TW",2021,123,20
2021-09-06,0.017410943967107358,0.014976852541903174,-0.014705789957323856,-0.007599224977804582,0.4089635626347622,0.40896356263476197,0.4089635626347621,0.0023924368414133578,"2609.TW,2603.TW,2615.TW,2618.TW,3034.TW",2021,123,5
2021-09-06,0.005926200072093656,0.0028958872288145088,-0.014705789957323856,-0.007599224977804582,0.5149504957671823,0.5149504957671822,0.5149504957671822,0.003012460400238016,"2609.TW,2603.TW,2615.TW,2618.TW,3034.TW,5871.TW,1301.TW,2883.TW,2885.TW,6669.TW",2021,123,10
2021-09-06,0.03413450025696958,0.03410837255943222,-0.014705789957323856,-0.007599224977804582,0.004318851254068834,0.004318851254068834,0.004318851254068834,2.526527983630268e-05,"2609.TW,2603.TW,2615.TW",2021,123,3
2021-09-06,-0.0006359887582710793,-0.004207556585513528,-0.014705789957323856,-0.007599224977804582,0.6109129486808912,0.610912948680891,0.6109129486808911,0.0035738407497832125,"2609.TW,2603.TW,2615.TW,2618.TW,3034.TW,5871.TW,1301.TW,2883.TW,2885.TW,6669.TW,1590.TW,2454.TW,1326.TW,2881.TW,1303.TW,2327.TW,3037.TW,2887.TW,2379.TW,3045.TW",2021,123,20
2021-09-06,0.008868805374741972,0.005250421303666375,-0.014705789957323856,-0.007599224977804582,0.6130898173693482,0.6130898173693483,0.6130898173693482,0.0035865754316106876,"2609.TW,2603.TW,2615.TW,2618.TW,3034.TW,5871.TW,1301.TW,2883.TW,2885.TW,6669.TW,1590.TW,2454.TW,1326.TW,2881.TW,1303.TW",2021,123,15
2021-09-09,0.01426956705636451,0.01123947430671568,0.004264594392728638,0.008753097006574683,0.5106774268036282,0.5106774268036282,0.5106774268036282,0.002987462946801225,"6669.TW,2379.TW,2317.TW,2618.TW,2454.TW,1303.TW,3037.TW,5880.TW,2207.TW,2880.TW,2892.TW,1216.TW,1301.TW,1326.TW,2884.TW,1101.TW,2609.TW,2615.TW,2886.TW,2882.TW",2021,123,20
2021-09-09,-0.0008789672808503144,-0.0067238253222573485,0.004264594392728638,0.008753097006574683,1.0,1.0,1.0,0.00585,"6669.TW,2379.TW,2317.TW",2021,123,3
2021-09-09,0.015460054115443047,0.010651522971795613,0.004264594392728638,0.008753097006574683,0.8094568883679606,0.8094568883679607,0.8094568883679607,0.00473532279695257,"6669.TW,2379.TW,2317.TW,2618.TW,2454.TW,1303.TW,3037.TW,5880.TW,2207.TW,2880.TW",2021,123,10
2021-09-09,0.01668194621148859,0.013052665436199762,0.004264594392728638,0.008753097006574683,0.6102103793910486,0.6102103793910485,0.6102103793910485,0.003569730719437634,"6669.TW,2379.TW,2317.TW,2618.TW,2454.TW,1303.TW,3037.TW,5880.TW,2207.TW,2880.TW,2892.TW,1216.TW,1301.TW,1326.TW,2884.TW",2021,123,15
2021-09-09,0.011790214214989582,0.00701825002207368,0.004264594392728638,0.008753097006574683,0.806214928151171,0.806214928151171,0.806214928151171,0.00471635732968435,"6669.TW,2379.TW,2317.TW,2618.TW,2454.TW",2021,123,5
2021-09-14,-0.0008827625098672963,-0.0067275983491845714,-0.0297241218184211,-0.022527153283623598,1.0,1.0,1.0,0.00585,"2395.TW,3037.TW,2603.TW",2021,123,3
2021-09-14,0.00200202096496529,-0.0038596908576796762,-0.0297241218184211,-0.022527153283623598,1.0,1.0000000000000002,1.0,0.005850000000000001,"2395.TW,3037.TW,2603.TW,2615.TW,2609.TW",2021,123,5
2021-09-14,-0.014326077997413544,-0.01895471142455496,-0.0297241218184211,-0.022527153283623598,0.8027192072277151,0.8027192072277151,0.8027192072277151,0.004695907362282133,"2395.TW,3037.TW,2603.TW,2615.TW,2609.TW,1590.TW,2303.TW,2327.TW,2330.TW,2891.TW,2379.TW,3008.TW,9910.TW,2886.TW,2880.TW",2021,123,15
2021-09-14,-0.004043740529538386,-0.009304261969729666,-0.0297241218184211,-0.022527153283623598,0.9028854687843947,0.9028854687843948,0.9028854687843948,0.00528187999238871,"2395.TW,3037.TW,2603.TW,2615.TW,2609.TW,1590.TW,2303.TW,2327.TW,2330.TW,2891.TW",2021,123,10
2021-09-14,-0.018063742811797283,-0.02125977688208769,-0.0297241218184211,-0.022527153283623598,0.5563809323738557,0.5563809323738557,0.5563809323738557,0.0032548284543870557,"2395.TW,3037.TW,2603.TW,2615.TW,2609.TW,1590.TW,2303.TW,2327.TW,2330.TW,2891.TW,2379.TW,3008.TW,9910.TW,2886.TW,2880.TW,2884.TW,2618.TW,5876.TW,5880.TW,2881.TW",2021,123,20
2021-09-17,0.0183183626411491,0.015315758857857409,0.020058241419343537,0.025108348635992823,0.5040325528946129,0.5040325528946129,0.5040325528946129,0.0029485904344334858,"3711.TW,2002.TW,2395.TW,5871.TW,2881.TW,5880.TW,9910.TW,2330.TW,5876.TW,2882.TW,2615.TW,1101.TW,2886.TW,2891.TW,2887.TW,2892.TW,2883.TW,2884.TW,1303.TW,2885.TW",2021,123,20
2021-09-17,0.014226471922539032,0.009461466895752668,0.020058241419343537,0.025108348635992823,0.8031054171418399,0.8031054171418398,0.8031054171418399,0.004698166690279763,"3711.TW,2002.TW,2395.TW,5871.TW,2881.TW,5880.TW,9910.TW,2330.TW,5876.TW,2882.TW",2021,123,10
2021-09-17,0.004279793510451786,0.00036310231576086593,0.020058241419343537,0.025108348635992823,0.6666666666666666,0.6666666666666667,0.6666666666666667,0.0039000000000000003,"3711.TW,2002.TW,2395.TW",2021,123,3
2021-09-17,0.018808404021121085,0.015214753529551484,0.020058241419343537,0.025108348635992823,0.6029585414721705,0.6029585414721707,0.6029585414721705,0.0035273074676121985,"3711.TW,2002.TW,2395.TW,5871.TW,2881.TW,5880.TW,9910.TW,2330.TW,5876.TW,2882.TW,2615.TW,1101.TW,2886.TW,2891.TW,2887.TW",2021,123,15
2021-09-17,0.011113036056661231,0.006380278262664074,0.020058241419343537,0.025108348635992823,0.8001265906722506,0.8001265906722506,0.8001265906722506,0.004680740555432666,"3711.TW,2002.TW,2395.TW,5871.TW,2881.TW",2021,123,5
2021-09-24,-0.026160233493931335,-0.03185719612799187,-0.025384277622075846,-0.024434469262471958,1.0,1.0,1.0,0.00585,"5871.TW,1590.TW,2881.TW",2021,123,3
2021-09-24,-0.030878576670544215,-0.03315566817940718,-0.025384277622075846,-0.024434469262471958,0.4016487536042681,0.401648753604268,0.40164875360426805,0.002349645208584968,"5871.TW,1590.TW,2881.TW,3008.TW,2002.TW",2021,123,5
2021-09-24,-0.022603871399053652,-0.026048684909453,-0.025384277622075846,-0.024434469262471958,0.6024752841691402,0.6024752841691403,0.6024752841691403,0.0035244804123894706,"5871.TW,1590.TW,2881.TW,3008.TW,2002.TW,3037.TW,2883.TW,2454.TW,2891.TW,2887.TW,1101.TW,2382.TW,2912.TW,3231.TW,1102.TW",2021,123,15
2021-09-24,-0.021445302149368576,-0.024035610990567835,-0.025384277622075846,-0.024434469262471958,0.45249165639387506,0.4524916563938751,0.4524916563938751,0.0026470761899041696,"5871.TW,1590.TW,2881.TW,3008.TW,2002.TW,3037.TW,2883.TW,2454.TW,2891.TW,2887.TW,1101.TW,2382.TW,2912.TW,3231.TW,1102.TW,5880.TW,2327.TW,2886.TW,1303.TW,2884.TW",2021,123,20
2021-09-24,-0.02519118665485084,-0.02919086745566113,-0.025384277622075846,-0.024434469262471958,0.7013745776984072,0.7013745776984073,0.7013745776984073,0.004103041279535683,"5871.TW,1590.TW,2881.TW,3008.TW,2002.TW,3037.TW,2883.TW,2454.TW,2891.TW,2887.TW",2021,123,10
2021-09-29,-0.04848298178761107,-0.05185318721959409,-0.0315479613073999,-0.04186223194587473,0.6054578968319142,0.6054578968319139,0.605457896831914,0.0035419286964666966,"3711.TW,2303.TW,5871.TW,3017.TW,3037.TW,2357.TW,1101.TW,2880.TW,1303.TW,1590.TW,5880.TW,2886.TW,2912.TW,6669.TW,2881.TW",2021,123,15
2021-09-29,-0.04105450409943654,-0.04304171707644466,-0.0315479613073999,-0.04186223194587473,0.35423757391474525,0.3542375739147453,0.3542375739147453,0.00207228980740126,"3711.TW,2303.TW,5871.TW,3017.TW,3037.TW,2357.TW,1101.TW,2880.TW,1303.TW,1590.TW,5880.TW,2886.TW,2912.TW,6669.TW,2881.TW,2883.TW,2887.TW,2454.TW,2884.TW,2207.TW",2021,123,20
2021-09-29,-0.058911876625529325,-0.06258212030668975,-0.0315479613073999,-0.04186223194587473,0.6666666666666666,0.6666666666666667,0.6666666666666667,0.0039000000000000003,"3711.TW,2303.TW,5871.TW",2021,123,3
2021-09-29,-0.059789799319012765,-0.06368218941955739,-0.0315479613073999,-0.04186223194587473,0.7076777391598276,0.7076777391598276,0.7076777391598276,0.004139914774084991,"3711.TW,2303.TW,5871.TW,3017.TW,3037.TW,2357.TW,1101.TW,2880.TW,1303.TW,1590.TW",2021,123,10
2021-09-29,-0.07359995031741824,-0.07793550254993276,-0.0315479613073999,-0.04186223194587473,0.8,0.8,0.8,0.00468,"3711.TW,2303.TW,5871.TW,3017.TW,3037.TW",2021,123,5
2021-10-04,0.056380900233233944,0.05258111571189339,0.027651311348517726,0.026983528434194107,0.6148689506506528,0.6148689506506528,0.6148689506506528,0.0035969833613063193,"2609.TW,2603.TW,2615.TW,3711.TW,3037.TW,1301.TW,2303.TW,6669.TW,1590.TW,2327.TW",2021,123,10
2021-10-04,0.07867301008796135,0.07236277297894667,0.027651311348517726,0.026983528434194107,1.0,0.9999999999999999,1.0,0.005849999999999999,"2609.TW,2603.TW,2615.TW",2021,123,3
2021-10-04,0.048134495932546116,0.044751107016172575,0.027651311348517726,0.026983528434194107,0.5517966272137652,0.5517966272137652,0.5517966272137652,0.0032280102692005264,"2609.TW,2603.TW,2615.TW,3711.TW,3037.TW,1301.TW,2303.TW,6669.TW,1590.TW,2327.TW,2618.TW,2880.TW,3017.TW,2379.TW,2345.TW",2021,123,15
2021-10-04,0.04053144255023786,0.03799792436744398,0.027651311348517726,0.026983528434194107,0.4162104224216278,0.41621042242162776,0.41621042242162776,0.0024348309711665224,"2609.TW,2603.TW,2615.TW,3711.TW,3037.TW,1301.TW,2303.TW,6669.TW,1590.TW,2327.TW,2618.TW,2880.TW,3017.TW,2379.TW,2345.TW,1303.TW,5880.TW,2884.TW,1101.TW,2887.TW",2021,123,20
2021-10-04,0.05999368479452152,0.056239291820161075,0.027651311348517726,0.026983528434194107,0.6054532079011021,0.6054532079011021,0.6054532079011021,0.0035419012662214473,"2609.TW,2603.TW,2615.TW,3711.TW,3037.TW",2021,123,5
2021-10-07,-0.011598592345083193,-0.0168025257563863,-0.01584951802957213,-0.018089232442359434,0.8999999999999999,0.8999999999999999,0.8999999999999999,0.005265,"1303.TW,1326.TW,4904.TW,2887.TW,1301.TW,5880.TW,2891.TW,3231.TW,2454.TW,2912.TW",2021,123,10
2021-10-07,-0.013249182898751358,-0.019021675178793607,-0.01584951802957213,-0.018089232442359434,1.0,1.0,1.0,0.00585,"1303.TW,1326.TW,4904.TW",2021,123,3
2021-10-07,-0.006230560370206662,-0.010914338936340084,-0.01584951802957213,-0.018089232442359434,0.8056656572564931,0.8056656572564932,0.8056656572564931,0.004713144094950486,"1303.TW,1326.TW,4904.TW,2887.TW,1301.TW,5880.TW,2891.TW,3231.TW,2454.TW,2912.TW,2880.TW,2618.TW,2884.TW,2886.TW,2207.TW",2021,123,15
2021-10-07,-0.007296417558642137,-0.011116663945770933,-0.01584951802957213,-0.018089232442359434,0.6578333976022842,0.6578333976022841,0.6578333976022841,0.003848325375973362,"1303.TW,1326.TW,4904.TW,2887.TW,1301.TW,5880.TW,2891.TW,3231.TW,2454.TW,2912.TW,2880.TW,2618.TW,2884.TW,2886.TW,2207.TW,3045.TW,2412.TW,2892.TW,2002.TW,2382.TW",2021,123,20
2021-10-07,-0.014385865820115407,-0.020151708505067756,-0.01584951802957213,-0.018089232442359434,1.0,1.0000000000000002,1.0,0.005850000000000001,"1303.TW,1326.TW,4904.TW,2887.TW,1301.TW",2021,123,5
2021-10-13,0.05787874553824494,0.05169015487684625,0.020224717045435936,0.010091532631991362,1.0,1.0,1.0,0.00585,"1301.TW,2303.TW,3037.TW",2021,123,3
2021-10-13,0.018078256148303162,0.015060972483784907,0.020224717045435936,0.010091532631991362,0.50661624710368,0.50661624710368,0.50661624710368,0.002963705045556528,"1301.TW,2303.TW,3037.TW,2912.TW,2379.TW,2408.TW,2002.TW,5880.TW,3017.TW,2886.TW,2454.TW,6669.TW,2412.TW,2887.TW,4904.TW,2615.TW,2327.TW,1326.TW,2609.TW,5871.TW",2021,123,20
2021-10-13,0.04284598462908695,0.0379468643335954,0.020224717045435936,0.010091532631991362,0.8030490341923693,0.8030490341923693,0.8030490341923693,0.00469783685002536,"1301.TW,2303.TW,3037.TW,2912.TW,2379.TW",2021,123,5
2021-10-13,0.03319717750408944,0.028955342101278925,0.020224717045435936,0.010091532631991362,0.7018022161153412,0.7018022161153412,0.7018022161153412,0.004105542964274746,"1301.TW,2303.TW,3037.TW,2912.TW,2379.TW,2408.TW,2002.TW,5880.TW,3017.TW,2886.TW",2021,123,10
2021-10-13,0.022877044811020784,0.019657460654836756,0.020224717045435936,0.010091532631991362,0.5380473330653714,0.5380473330653716,0.5380473330653714,0.0031475768984324235,"1301.TW,2303.TW,3037.TW,2912.TW,2379.TW,2408.TW,2002.TW,5880.TW,3017.TW,2886.TW,2454.TW,6669.TW,2412.TW,2887.TW,4904.TW",2021,123,15
2021-10-18,0.0027157433001308248,-0.001406105674585545,0.0003670474881702912,0.005327427120705817,0.7026812663862623,0.7026812663862622,0.7026812663862623,0.004110685408359634,"2345.TW,2408.TW,2891.TW,3231.TW,2883.TW,5880.TW,2609.TW,4904.TW,2379.TW,1101.TW",2021,123,10
2021-10-18,0.007129078935730737,0.0012373738239568333,0.0003670474881702912,0.005327427120705817,1.0,1.0,1.0,0.00585,"2345.TW,2408.TW,2891.TW,3231.TW,2883.TW",2021,123,5
2021-10-18,0.003025115451153293,-0.0012887089073011504,0.0003670474881702912,0.005327427120705817,0.7351818632262307,0.7351818632262306,0.7351818632262306,0.004300813899873449,"2345.TW,2408.TW,2891.TW,3231.TW,2883.TW,5880.TW,2609.TW,4904.TW,2379.TW,1101.TW,2395.TW,2884.TW,2327.TW,2892.TW,3045.TW",2021,123,15
2021-10-18,0.0034583070707125854,0.0001981866756439743,0.0003670474881702912,0.005327427120705817,0.5553649152054703,0.5553649152054702,0.5553649152054703,0.0032488847539520007,"2345.TW,2408.TW,2891.TW,3231.TW,2883.TW,5880.TW,2609.TW,4904.TW,2379.TW,1101.TW,2395.TW,2884.TW,2327.TW,2892.TW,3045.TW,2412.TW,1326.TW,2357.TW,2886.TW,2382.TW",2021,123,20
2021-10-18,0.0036494198527516524,-0.002221929253386934,0.0003670474881702912,0.005327427120705817,1.0,0.9999999999999998,0.9999999999999999,0.005849999999999999,"2345.TW,2408.TW,2891.TW",2021,123,3
2021-10-21,0.002881295315804955,-0.0012444419522700256,0.005137408837536661,0.012554089290156556,0.7032280262410375,0.7032280262410376,0.7032280262410375,0.00411388395351007,"1326.TW,2379.TW,2886.TW,2382.TW,2912.TW,2892.TW,5876.TW,1101.TW,2884.TW,4904.TW",2021,123,10
2021-10-21,0.006333542236453927,0.00044649101437066463,0.005137408837536661,0.012554089290156556,1.0,1.0,1.0,0.00585,"1326.TW,2379.TW,2886.TW,2382.TW,2912.TW",2021,123,5
2021-10-21,0.0010411765034593994,-0.0017135997494081012,0.005137408837536661,0.012554089290156556,0.4704121414984344,0.4704121414984346,0.47041214149843447,0.002751911027765842,"1326.TW,2379.TW,2886.TW,2382.TW,2912.TW,2892.TW,5876.TW,1101.TW,2884.TW,4904.TW,3045.TW,5880.TW,2883.TW,1301.TW,1102.TW",2021,123,15
2021-10-21,0.004763648628193368,0.0023874864950648167,0.005137408837536661,0.012554089290156556,0.40425582849574027,0.4042558284957403,0.40425582849574027,0.002364896596700081,"1326.TW,2379.TW,2886.TW,2382.TW,2912.TW,2892.TW,5876.TW,1101.TW,2884.TW,4904.TW,3045.TW,5880.TW,2883.TW,1301.TW,1102.TW,2317.TW,2880.TW,1216.TW,3231.TW,3008.TW",2021,123,20
2021-10-21,0.009706665686996036,0.0037998816927269363,0.005137408837536661,0.012554089290156556,1.0,1.0000000000000002,1.0,0.005850000000000001,"1326.TW,2379.TW,2886.TW",2021,123,3
2021-10-26,-0.004248633013930149,-0.00716949313322468,-0.0054762698755679295,0.010463438585573888,0.5014226890752558,0.5014226890752558,0.5014226890752558,0.0029333227310902464,"1301.TW,5876.TW,2892.TW,2912.TW,5880.TW,4904.TW,2887.TW,2880.TW,2412.TW,2884.TW",2021,123,10
2021-10-26,-0.007920025608301443,-0.013723693458492892,-0.0054762698755679295,0.010463438585573888,1.0,1.0,1.0,0.00585,"1301.TW,5876.TW,2892.TW",2021,123,3
2021-10-26,-6.905839658709152e-05,-0.002425151641560097,-0.0054762698755679295,0.010463438585573888,0.40277879730459215,0.4027787973045922,0.4027787973045922,0.0023562559642318643,"1301.TW,5876.TW,2892.TW,2912.TW,5880.TW,4904.TW,2887.TW,2880.TW,2412.TW,2884.TW,2885.TW,2330.TW,2891.TW,2886.TW,2327.TW,1590.TW,2883.TW,1216.TW,2618.TW,3231.TW",2021,123,20
2021-10-26,-0.002715213237651315,-0.0054489878119052815,-0.0054762698755679295,0.010463438585573888,0.46858419905510007,0.4685841990551,0.46858419905510007,0.0027412175644723354,"1301.TW,5876.TW,2892.TW,2912.TW,5880.TW,4904.TW,2887.TW,2880.TW,2412.TW,2884.TW,2885.TW,2330.TW,2891.TW,2886.TW,2327.TW",2021,123,15
2021-10-26,-0.006693087930284692,-0.011349078572750693,-0.0054762698755679295,0.010463438585573888,0.801258731463566,0.801258731463566,0.801258731463566,0.004687363579061861,"1301.TW,5876.TW,2892.TW,2912.TW,5880.TW",2021,123,5
2021-10-29,0.002604923761044503,0.000822490910959317,0.007709395022993393,0.010585431276907663,0.3038977456244468,0.30389774562444677,0.3038977456244468,0.0017778018119030139,"2454.TW,2207.TW,5876.TW,2887.TW,3008.TW,2330.TW,2357.TW,2892.TW,2884.TW,5880.TW,4904.TW,2891.TW,3231.TW,2880.TW,2886.TW,1301.TW,2885.TW,2882.TW,2317.TW,2912.TW",2021,123,20
2021-10-29,0.0035734983953746415,0.0006290541724145449,0.007709395022993393,0.010585431276907663,0.5015315765126835,0.5015315765126833,0.5015315765126834,0.002933959722599198,"2454.TW,2207.TW,5876.TW,2887.TW,3008.TW,2330.TW,2357.TW,2892.TW,2884.TW,5880.TW",2021,123,10
2021-10-29,0.0024414718297814278,-0.0022540050139057133,0.007709395022993393,0.010585431276907663,0.8006907503940448,0.8006907503940447,0.8006907503940448,0.004684040889805161,"2454.TW,2207.TW,5876.TW,2887.TW,3008.TW",2021,123,5
2021-10-29,0.0037533313901084793,0.0017813705607443442,0.007709395022993393,0.010585431276907663,0.3358268517943544,0.3358268517943543,0.33582685179435434,0.001964587082996973,"2454.TW,2207.TW,5876.TW,2887.TW,3008.TW,2330.TW,2357.TW,2892.TW,2884.TW,5880.TW,4904.TW,2891.TW,3231.TW,2880.TW,2886.TW",2021,123,15
2021-10-29,0.007485541003133736,0.0035519834525978844,0.007709395022993393,0.010585431276907663,0.6674070969019514,0.6674070969019514,0.6674070969019514,0.003904331516876416,"2454.TW,2207.TW,5876.TW",2021,123,3
2021-11-03,0.01048498811209364,0.00722623069994488,0.021129116750450594,0.01663957521745753,0.5512724638552084,0.5512724638552083,0.5512724638552084,0.003224943913552969,"5871.TW,3037.TW,3008.TW,2379.TW,2327.TW,9910.TW,1590.TW,6669.TW,2395.TW,2308.TW,3711.TW,2303.TW,3231.TW,2886.TW,2357.TW,2912.TW,2887.TW,2207.TW,5876.TW,5880.TW",2021,123,20
2021-11-03,-0.0037929769304576367,-0.008463627964403586,0.021129116750450594,0.01663957521745753,0.801441736160962,0.8014417361609619,0.801441736160962,0.004688434156541627,"5871.TW,3037.TW,3008.TW,2379.TW,2327.TW",2021,123,5
2021-11-03,0.002411496566288685,-0.002871083911318184,0.021129116750450594,0.01663957521745753,0.9008328545118899,0.9008328545118898,0.9008328545118898,0.0052698721988945554,"5871.TW,3037.TW,3008.TW,2379.TW,2327.TW,9910.TW,1590.TW,6669.TW,2395.TW,2308.TW",2021,123,10
2021-11-03,-0.008571435199271542,-0.014371292303355765,0.021129116750450594,0.01663957521745753,1.0,1.0,1.0,0.00585,"5871.TW,3037.TW,3008.TW",2021,123,3
2021-11-03,0.012877550501792458,0.008527468567884444,0.021129116750450594,0.01663957521745753,0.7341496995540825,0.7341496995540826,0.7341496995540826,0.004294775742391383,"5871.TW,3037.TW,3008.TW,2379.TW,2327.TW,9910.TW,1590.TW,6669.TW,2395.TW,2308.TW,3711.TW,2303.TW,3231.TW,2886.TW,2357.TW",2021,123,15
2021-11-08,0.01019932004057249,0.007807766157291729,-0.0017836113533773457,0.003876069729750282,0.40468511660077866,0.40468511660077855,0.4046851166007786,0.002367407932114555,"3037.TW,3008.TW,3231.TW,1590.TW,5871.TW",2021,123,5
2021-11-08,0.015532909240504987,0.01354573360701039,-0.0017836113533773457,0.003876069729750282,0.33449250082081283,0.3344925008208129,0.33449250082081283,0.001956781129801755,"3037.TW,3008.TW,3231.TW",2021,123,3
2021-11-08,0.01964129456295428,0.016000071818932815,-0.0017836113533773457,0.003876069729750282,0.6104413793490606,0.6104413793490605,0.6104413793490606,0.0035710820691920043,"3037.TW,3008.TW,3231.TW,1590.TW,5871.TW,2892.TW,3017.TW,2207.TW,5880.TW,2884.TW",2021,123,10
2021-11-08,0.018461892755127572,0.01481431934287758,-0.0017836113533773457,0.003876069729750282,0.6122141898899532,0.6122141898899534,0.6122141898899534,0.0035814530108562274,"3037.TW,3008.TW,3231.TW,1590.TW,5871.TW,2892.TW,3017.TW,2207.TW,5880.TW,2884.TW,6669.TW,4904.TW,2880.TW,2885.TW,2317.TW",2021,123,15
2021-11-08,0.016342834494818263,0.01359798975190274,-0.0017836113533773457,0.003876069729750282,0.461659406288253,0.4616594062882529,0.46165940628825297,0.00270070752678628,"3037.TW,3008.TW,3231.TW,1590.TW,5871.TW,2892.TW,3017.TW,2207.TW,5880.TW,2884.TW,6669.TW,4904.TW,2880.TW,2885.TW,2317.TW,2886.TW,3045.TW,2327.TW,2308.TW,2412.TW",2021,123,20
2021-11-11,0.008839851963530806,0.004118481456341527,0.010007067278123394,0.015475630265419371,0.8,0.8,0.8,0.00468,"2609.TW,2603.TW,2615.TW,2357.TW,3037.TW",2021,123,5
2021-11-11,0.029433490761410736,0.023411304840456282,0.010007067278123394,0.015475630265419371,1.0,1.0,1.0,0.00585,"2609.TW,2603.TW,2615.TW",2021,123,3
2021-11-11,0.017981471531356062,0.01262179908374339,0.010007067278123394,0.015475630265419371,0.8999999999999999,0.9,0.8999999999999999,0.005265,"2609.TW,2603.TW,2615.TW,2357.TW,3037.TW,3034.TW,2345.TW,1301.TW,2303.TW,2308.TW",2021,123,10
2021-11-11,0.022552336706925462,0.01815232630777408,0.010007067278123394,0.015475630265419371,0.735550155008875,0.7355501550088751,0.735550155008875,0.004302968406801919,"2609.TW,2603.TW,2615.TW,2357.TW,3037.TW,3034.TW,2345.TW,1301.TW,2303.TW,2308.TW,3711.TW,2454.TW,2892.TW,3231.TW,2317.TW",2021,123,15
2021-11-11,0.02092368359819775,0.01731975506528216,0.010007067278123394,0.015475630265419371,0.6034301773678954,0.6034301773678954,0.6034301773678954,0.003530066537602188,"2609.TW,2603.TW,2615.TW,2357.TW,3037.TW,3034.TW,2345.TW,1301.TW,2303.TW,2308.TW,3711.TW,2454.TW,2892.TW,3231.TW,2317.TW,1216.TW,2886.TW,2880.TW,2408.TW,2412.TW",2021,123,20
2021-11-16,0.006594060495708282,0.0007054852418082458,0.009907979735834793,0.005644570499688313,1.0,1.0,1.0,0.00585,"2357.TW,2308.TW,3037.TW",2021,123,3
2021-11-16,0.012793266753739018,0.00974574436428699,0.009907979735834793,0.005644570499688313,0.5143636073595379,0.514363607359538,0.5143636073595379,0.0030090271030532973,"2357.TW,2308.TW,3037.TW,3017.TW,2002.TW,2912.TW,5880.TW,2615.TW,2303.TW,2330.TW",2021,123,10
2021-11-16,0.017883271865271944,0.014237569945147799,0.009907979735834793,0.005644570499688313,0.6122479135362058,0.6122479135362058,0.6122479135362058,0.003581650294186804,"2357.TW,2308.TW,3037.TW,3017.TW,2002.TW",2021,123,5
2021-11-16,0.01315839889429132,0.009141748356743307,0.009907979735834793,0.005644570499688313,0.6776896191599637,0.6776896191599638,0.6776896191599637,0.003964484272085789,"2357.TW,2308.TW,3037.TW,3017.TW,2002.TW,2912.TW,5880.TW,2615.TW,2303.TW,2330.TW,3045.TW,2886.TW,4904.TW,2327.TW,1102.TW",2021,123,15
2021-11-16,0.00919953260085798,0.005310749441091556,0.009907979735834793,0.005644570499688313,0.6586896214335322,0.658689621433532,0.658689621433532,0.003853334285386163,"2357.TW,2308.TW,3037.TW,3017.TW,2002.TW,2912.TW,5880.TW,2615.TW,2303.TW,2330.TW,3045.TW,2886.TW,4904.TW,2327.TW,1102.TW,2884.TW,6669.TW,9910.TW,2395.TW,3034.TW",2021,123,20
2021-11-19,0.01023737095376116,0.0043274823336816315,-0.015416931264264688,-0.0003268297493155803,1.0,1.0,1.0,0.00585,"9910.TW,2618.TW,2609.TW,2603.TW,3034.TW",2021,123,5
2021-11-19,0.011749917934428143,0.0058311809145115134,-0.015416931264264688,-0.0003268297493155803,1.0,1.0,1.0,0.00585,"9910.TW,2618.TW,2609.TW",2021,123,3
2021-11-19,0.006913749183308303,0.0015904578210093057,-0.015416931264264688,-0.0003268297493155803,0.903716267827067,0.903716267827067,0.903716267827067,0.0052867401667883425,"9910.TW,2618.TW,2609.TW,2603.TW,3034.TW,1301.TW,2615.TW,2382.TW,3008.TW,2884.TW",2021,123,10
2021-11-19,0.0085991866788786,0.0034657255850256696,-0.015416931264264688,-0.0003268297493155803,0.8700331395144248,0.8700331395144248,0.8700331395144248,0.005089693866159385,"9910.TW,2618.TW,2609.TW,2603.TW,3034.TW,1301.TW,2615.TW,2382.TW,3008.TW,2884.TW,2395.TW,2408.TW,2317.TW,2882.TW,3045.TW",2021,123,15
2021-11-19,0.008055501375137702,0.004474407888103604,-0.015416931264264688,-0.0003268297493155803,0.6072609414772177,0.6072609414772177,0.6072609414772177,0.0035524765076417235,"9910.TW,2618.TW,2609.TW,2603.TW,3034.TW,1301.TW,2615.TW,2382.TW,3008.TW,2884.TW,2395.TW,2408.TW,2317.TW,2882.TW,3045.TW,2002.TW,2880.TW,2887.TW,2883.TW,5880.TW",2021,123,20
2021-11-24,-0.018759724645110408,-0.024499980255936582,-0.012099569915187458,-0.01632719937085364,1.0,1.0,1.0,0.00585,"2454.TW,2207.TW,3711.TW",2021,123,3
2021-11-24,-0.020230922989712363,-0.024833713848115835,-0.012099569915187458,-0.01632719937085364,0.8030482637176306,0.8030482637176305,0.8030482637176306,0.004697832342748139,"2454.TW,2207.TW,3711.TW,3034.TW,2887.TW",2021,123,5
2021-11-24,-0.008639661209131016,-0.011861421764159386,-0.012099569915187458,-0.01632719937085364,0.5555278726164719,0.555527872616472,0.5555278726164719,0.003249838054806361,"2454.TW,2207.TW,3711.TW,3034.TW,2887.TW,9910.TW,1590.TW,2379.TW,2303.TW,2330.TW,6669.TW,2882.TW,2603.TW,2609.TW,2883.TW,1102.TW,2912.TW,2615.TW,3017.TW,2382.TW",2021,123,20
2021-11-24,-0.013583769687466152,-0.018232206973538445,-0.012099569915187458,-0.01632719937085364,0.8055470296084807,0.8055470296084806,0.8055470296084806,0.004712450123209612,"2454.TW,2207.TW,3711.TW,3034.TW,2887.TW,9910.TW,1590.TW,2379.TW,2303.TW,2330.TW",2021,123,10
2021-11-24,-0.007932775646724942,-0.011825984317033855,-0.012099569915187458,-0.01632719937085364,0.6708272779016541,0.6708272779016542,0.6708272779016542,0.003924339575724677,"2454.TW,2207.TW,3711.TW,3034.TW,2887.TW,9910.TW,1590.TW,2379.TW,2303.TW,2330.TW,6669.TW,2882.TW,2603.TW,2609.TW,2883.TW",2021,123,15
2021-11-29,0.016998233213362763,0.012965968191165356,0.022694545738179528,0.020019539609014692,0.6777554273546742,0.6777554273546741,0.6777554273546742,0.003964869250024844,"2883.TW,2207.TW,2618.TW",2021,123,3
2021-11-29,0.01576899097057065,0.010992410130705066,0.022694545738179528,0.020019539609014692,0.8038338958309917,0.8038338958309919,0.8038338958309919,0.004702428290611302,"2883.TW,2207.TW,2618.TW,5876.TW,2408.TW,2345.TW,2882.TW,2379.TW,2891.TW,5880.TW",2021,123,10
2021-11-29,0.026626142727365232,0.023582572426964044,0.022694545738179528,0.020019539609014692,0.5067749648736228,0.506774964873623,0.5067749648736228,0.0029646335445106943,"2883.TW,2207.TW,2618.TW,5876.TW,2408.TW,2345.TW,2882.TW,2379.TW,2891.TW,5880.TW,2892.TW,2395.TW,2615.TW,2886.TW,2884.TW,2382.TW,2887.TW,2603.TW,2303.TW,9910.TW",2021,123,20
2021-11-29,0.02236657681736185,0.017543845534381264,0.022694545738179528,0.020019539609014692,0.8063629314619827,0.8063629314619828,0.8063629314619827,0.0047172231490526,"2883.TW,2207.TW,2618.TW,5876.TW,2408.TW",2021,123,5
2021-11-29,0.022662324307845323,0.018237078301374776,0.022694545738179528,0.020019539609014692,0.7396892315460956,0.7396892315460957,0.7396892315460957,0.0043271820045446595,"2883.TW,2207.TW,2618.TW,5876.TW,2408.TW,2345.TW,2882.TW,2379.TW,2891.TW,5880.TW,2892.TW,2395.TW,2615.TW,2886.TW,2884.TW",2021,123,15
2021-12-02,0.026574384984692296,0.022570744883251947,0.008101250782565517,0.02320682587257452,0.6666666666666666,0.6666666666666667,0.6666666666666667,0.0039000000000000003,"2345.TW,2618.TW,2395.TW",2021,123,3
2021-12-02,0.025341084606187617,0.022302359564438268,0.008101250782565517,0.02320682587257452,0.5066023256800847,0.5066023256800849,0.5066023256800848,0.0029636236052284965,"2345.TW,2618.TW,2395.TW,6669.TW,3017.TW,3037.TW,2882.TW,3231.TW,1590.TW,2883.TW,5880.TW,2303.TW,3034.TW,2880.TW,2886.TW,3711.TW,2881.TW,2891.TW,1301.TW,2887.TW",2021,123,20
2021-12-02,0.025250542195274762,0.02045236965780073,0.008101250782565517,0.02320682587257452,0.8,0.8000000000000003,0.8000000000000002,0.004680000000000002,"2345.TW,2618.TW,2395.TW,6669.TW,3017.TW",2021,123,5
2021-12-02,0.026914075081483496,0.02327261197247732,0.008101250782565517,0.02320682587257452,0.6061581406180084,0.6061581406180085,0.6061581406180085,0.00354602512261535,"2345.TW,2618.TW,2395.TW,6669.TW,3017.TW,3037.TW,2882.TW,3231.TW,1590.TW,2883.TW",2021,123,10
2021-12-02,0.027340968119265285,0.02409369191960775,0.008101250782565517,0.02320682587257452,0.5403171545622413,0.5403171545622413,0.5403171545622413,0.0031608553541891114,"2345.TW,2618.TW,2395.TW,6669.TW,3017.TW,3037.TW,2882.TW,3231.TW,1590.TW,2883.TW,5880.TW,2303.TW,3034.TW,2880.TW,2886.TW",2021,123,15
2021-12-07,-0.005973651770835509,-0.009203398641904115,-0.0062892249050920945,0.000912013783792982,0.555411316025472,0.555411316025472,0.555411316025472,0.003249156198749011,"2303.TW,2379.TW,2395.TW,2454.TW,2408.TW,2327.TW,3017.TW,3037.TW,2207.TW,3231.TW,5880.TW,2412.TW,2884.TW,2880.TW,3711.TW,3045.TW,2382.TW,2892.TW,2885.TW,1301.TW",2021,123,20
2021-12-07,-0.013320741093037724,-0.016814612679239338,-0.0062892249050920945,0.000912013783792982,0.6053061324608421,0.6053061324608421,0.6053061324608421,0.0035410408748959266,"2303.TW,2379.TW,2395.TW,2454.TW,2408.TW,2327.TW,3017.TW,3037.TW,2207.TW,3231.TW",2021,123,10
2021-12-07,-0.008644723640028804,-0.011772109437396816,-0.0062892249050920945,0.000912013783792982,0.539257595683431,0.5392575956834312,0.5392575956834311,0.0031546569347480724,"2303.TW,2379.TW,2395.TW,2454.TW,2408.TW,2327.TW,3017.TW,3037.TW,2207.TW,3231.TW,5880.TW,2412.TW,2884.TW,2880.TW,3711.TW",2021,123,15
2021-12-07,-0.01898642323727937,-0.023607310196744558,-0.0062892249050920945,0.000912013783792982,0.8051827471672655,0.8051827471672653,0.8051827471672655,0.004710319070928503,"2303.TW,2379.TW,2395.TW,2454.TW,2408.TW",2021,123,5
2021-12-07,-0.027035711324295462,-0.03088182095145764,-0.0062892249050920945,0.000912013783792982,0.6757232971177023,0.6757232971177023,0.6757232971177023,0.0039529812881385585,"2303.TW,2379.TW,2395.TW",2021,123,3
2021-12-10,-0.0012463047007368333,-0.004213576247127926,-0.005977452297456498,-0.009336448270277107,0.5078588522408631,0.5078588522408632,0.5078588522408631,0.0029709742856090502,"2303.TW,3711.TW,2603.TW,2609.TW,2327.TW,2379.TW,3017.TW,3034.TW,2454.TW,5871.TW,5876.TW,6669.TW,2892.TW,2884.TW,2885.TW,1590.TW,2207.TW,2002.TW,4904.TW,2883.TW",2021,123,20
2021-12-10,-0.0017369316168470046,-0.006461263403214734,-0.005977452297456498,-0.009336448270277107,0.8089832316924228,0.8089832316924227,0.8089832316924228,0.0047325519054006735,"2303.TW,3711.TW,2603.TW,2609.TW,2327.TW",2021,123,5
2021-12-10,-0.00214938270270717,-0.005115364302692882,-0.005977452297456498,-0.009336448270277107,0.5080974976797685,0.5080974976797684,0.5080974976797685,0.0029723703614266453,"2303.TW,3711.TW,2603.TW,2609.TW,2327.TW,2379.TW,3017.TW,3034.TW,2454.TW,5871.TW",2021,123,10
2021-12-10,-0.0039814080134422,-0.007139348041835469,-0.005977452297456498,-0.009336448270277107,0.5419766384035927,0.5419766384035927,0.5419766384035927,0.003170563334661017,"2303.TW,3711.TW,2603.TW,2609.TW,2327.TW,2379.TW,3017.TW,3034.TW,2454.TW,5871.TW,5876.TW,6669.TW,2892.TW,2884.TW,2885.TW",2021,123,15
2021-12-10,-0.0028180494374994147,-0.006779034490360991,-0.005977452297456498,-0.009336448270277107,0.6790049314928648,0.6790049314928648,0.6790049314928648,0.003972178849233259,"2303.TW,3711.TW,2603.TW",2021,123,3
2021-12-15,-0.009595762969846522,-0.013476830122912231,-0.004598612064568908,-0.0036245140248400086,0.6698580819531864,0.6698580819531864,0.6698580819531864,0.0039186697794261404,"2454.TW,9910.TW,2345.TW,6669.TW,2891.TW,5880.TW,5871.TW,5876.TW,2382.TW,2308.TW,2883.TW,2886.TW,2395.TW,2892.TW,2412.TW",2021,123,15
2021-12-15,-0.017571415442292883,-0.02219231071736305,-0.004598612064568908,-0.0036245140248400086,0.804024476316249,0.804024476316249,0.804024476316249,0.004703543186450056,"2454.TW,9910.TW,2345.TW,6669.TW,2891.TW,5880.TW,5871.TW,5876.TW,2382.TW,2308.TW",2021,123,10
2021-12-15,-0.03068350660446687,-0.03635400809083078,-0.004598612064568908,-0.0036245140248400086,1.0,1.0,1.0,0.00585,"2454.TW,9910.TW,2345.TW",2021,123,3
2021-12-15,-0.02495216865888941,-0.030656198472234886,-0.004598612064568908,-0.0036245140248400086,1.0,1.0,1.0,0.00585,"2454.TW,9910.TW,2345.TW,6669.TW,2891.TW",2021,123,5
2021-12-15,-0.010477670676698048,-0.013680872297581859,-0.004598612064568908,-0.0036245140248400086,0.5533536903650976,0.5533536903650975,0.5533536903650975,0.0032371190886358206,"2454.TW,9910.TW,2345.TW,6669.TW,2891.TW,5880.TW,5871.TW,5876.TW,2382.TW,2308.TW,2883.TW,2886.TW,2395.TW,2892.TW,2412.TW,2357.TW,2207.TW,3711.TW,3017.TW,2881.TW",2021,123,20
2021-12-20,0.022868033720108365,0.021022529058198902,0.016346952643092605,0.018884699586961005,0.30841796984340825,0.3084179698434081,0.3084179698434082,0.0018042451235839375,"6669.TW,2345.TW,2454.TW,2382.TW,9910.TW,3017.TW,2308.TW,2883.TW,5880.TW,3037.TW,1216.TW,2891.TW,2615.TW,2892.TW,2379.TW,5876.TW,5871.TW,2880.TW,2603.TW,2412.TW",2021,123,20
2021-12-20,0.03321243295942047,0.031332299432919264,0.016346952643092605,0.018884699586961005,0.31105930993294306,0.31105930993294295,0.311059309932943,0.0018196969631077166,"6669.TW,2345.TW,2454.TW,2382.TW,9910.TW,3017.TW,2308.TW,2883.TW,5880.TW,3037.TW",2021,123,10
2021-12-20,0.025982508581129604,0.02389092447875929,0.016346952643092605,0.018884699586961005,0.3484813249783204,0.3484813249783204,0.3484813249783204,0.0020386157511231746,"6669.TW,2345.TW,2454.TW",2021,123,3
2021-12-20,0.027463243942076904,0.025399597186590794,0.016346952643092605,0.018884699586961005,0.3433311422309523,0.3433311422309522,0.34333114223095224,0.0020084871820510706,"6669.TW,2345.TW,2454.TW,2382.TW,9910.TW,3017.TW,2308.TW,2883.TW,5880.TW,3037.TW,1216.TW,2891.TW,2615.TW,2892.TW,2379.TW",2021,123,15
2021-12-20,0.03155293033866502,0.03025572088925177,0.016346952643092605,0.018884699586961005,0.21496250798794705,0.21496250798794703,0.21496250798794703,0.0012575306717294901,"6669.TW,2345.TW,2454.TW,2382.TW,9910.TW",2021,123,5
2021-12-23,0.009306532068625797,0.0034020888560244433,0.0171328719564956,0.01245738499534731,1.0,0.9999999999999999,1.0,0.005849999999999999,"2618.TW,2615.TW,2609.TW,2412.TW,2886.TW",2021,123,5
2021-12-23,0.009764255745111474,0.004437521088346497,0.0171328719564956,0.01245738499534731,0.9017480343552308,0.9017480343552307,0.9017480343552307,0.0052752260009781,"2618.TW,2615.TW,2609.TW,2412.TW,2886.TW,2002.TW,2603.TW,2408.TW,2883.TW,4904.TW",2021,123,10
2021-12-23,0.01092736325800606,0.007353641844582315,0.0171328719564956,0.01245738499534731,0.6042892610349565,0.6042892610349565,0.6042892610349565,0.0035350921770544957,"2618.TW,2615.TW,2609.TW,2412.TW,2886.TW,2002.TW,2603.TW,2408.TW,2883.TW,4904.TW,2357.TW,5880.TW,2884.TW,3231.TW,2892.TW,2207.TW,2891.TW,2379.TW,3045.TW,2882.TW",2021,123,20
2021-12-23,0.011685930526797375,0.005767567833215637,0.0171328719564956,0.01245738499534731,1.0,1.0,1.0,0.00585,"2618.TW,2615.TW,2609.TW",2021,123,3
2021-12-23,0.009066986855562315,0.004711925190330701,0.0171328719564956,0.01245738499534731,0.7377656738424574,0.7377656738424573,0.7377656738424574,0.0043159291919783755,"2618.TW,2615.TW,2609.TW,2412.TW,2886.TW,2002.TW,2603.TW,2408.TW,2883.TW,4904.TW,2357.TW,5880.TW,2884.TW,3231.TW,2892.TW",2021,123,15
2021-12-28,0.0018559399350989375,-0.0008071835648210124,0.015469227277705278,-0.00501862599188669,0.45439146304867695,0.45439146304867695,0.45439146304867695,0.0026581900588347604,"3008.TW,2884.TW,2327.TW,2412.TW,2892.TW,5876.TW,6669.TW,4904.TW,2886.TW,2880.TW,9910.TW,3045.TW,2002.TW,2615.TW,2891.TW,3231.TW,2885.TW,2357.TW,2330.TW,1101.TW",2021,123,20
2021-12-28,0.03817995694267721,0.03210660419456257,0.015469227277705278,-0.00501862599188669,1.0,1.0,1.0,0.00585,"3008.TW,2884.TW,2327.TW",2021,123,3
2021-12-28,0.009388683798917883,0.0052475587077065455,0.015469227277705278,-0.00501862599188669,0.7013003438002906,0.7013003438002906,0.7013003438002906,0.004102607011231701,"3008.TW,2884.TW,2327.TW,2412.TW,2892.TW,5876.TW,6669.TW,4904.TW,2886.TW,2880.TW",2021,123,10
2021-12-28,-4.2946889596968984e-05,-0.0031840812150911724,0.015469227277705278,-0.00501862599188669,0.5369690996986674,0.5369690996986676,0.5369690996986675,0.003141269233237205,"3008.TW,2884.TW,2327.TW,2412.TW,2892.TW,5876.TW,6669.TW,4904.TW,2886.TW,2880.TW,9910.TW,3045.TW,2002.TW,2615.TW,2891.TW",2021,123,15
2021-12-28,0.021191241608106544,0.016411298811353836,0.015469227277705278,-0.00501862599188669,0.8001285219352754,0.8001285219352754,0.8001285219352754,0.004680751853321361,"3008.TW,2884.TW,2327.TW,2412.TW,2892.TW",2021,123,5
2022-01-03,0.010045911792059938,0.00860659636775618,0.004062219795726962,0.004261600326577872,0.9999999999999999,0.0,0.49999999999999994,0.0014249999999999998,"2609.TW,2615.TW,2618.TW,9910.TW,2454.TW,3045.TW,2884.TW,2002.TW,2892.TW,2317.TW",2022,123,10
2022-01-03,0.014437487531845296,0.012991914112112424,0.004062219795726962,0.004261600326577872,1.0,0.0,0.5,0.001425,"2609.TW,2615.TW,2618.TW",2022,123,3
2022-01-03,0.009940022184311033,0.008500857652698368,0.004062219795726962,0.004261600326577872,0.9999999999999999,0.0,0.49999999999999994,0.0014249999999999998,"2609.TW,2615.TW,2618.TW,9910.TW,2454.TW,3045.TW,2884.TW,2002.TW,2892.TW,2317.TW,1590.TW,1326.TW,2880.TW,2886.TW,3711.TW",2022,123,15
2022-01-03,0.00699230601294414,0.00555734197687574,0.004062219795726962,0.004261600326577872,1.0,0.0,0.5,0.001425,"2609.TW,2615.TW,2618.TW,9910.TW,2454.TW",2022,123,5
2022-01-03,0.007257291839165109,0.005821950198294346,0.004062219795726962,0.004261600326577872,1.0000000000000002,0.0,0.5000000000000001,0.0014250000000000003,"2609.TW,2615.TW,2618.TW,9910.TW,2454.TW,3045.TW,2884.TW,2002.TW,2892.TW,2317.TW,1590.TW,1326.TW,2880.TW,2886.TW,3711.TW,2303.TW,3017.TW,2379.TW,2885.TW,1303.TW",2022,123,20
2022-01-06,-0.038605838449015994,-0.040499203150274665,0.0070803022072192245,0.0017461576341881613,0.3366486906505818,0.33664869065058195,0.3366486906505819,0.0019693948403059045,"2615.TW,2609.TW,2603.TW",2022,123,3
2022-01-06,0.004012803830248682,0.0008766670643343133,0.0070803022072192245,0.0017461576341881613,0.5339491217761294,0.5339491217761293,0.5339491217761294,0.0031236023623903565,"2615.TW,2609.TW,2603.TW,2618.TW,6669.TW,5876.TW,2891.TW,2892.TW,2887.TW,1326.TW,2379.TW,2303.TW,2880.TW,2886.TW,3231.TW",2022,123,15
2022-01-06,-0.019899243581397563,-0.022195690774844512,0.0070803022072192245,0.0017461576341881613,0.40052522481191727,0.40052522481191716,0.4005252248119172,0.0023430725651497155,"2615.TW,2609.TW,2603.TW,2618.TW,6669.TW",2022,123,5
2022-01-06,0.007596200375714614,0.005223327631148411,0.0070803022072192245,0.0017461576341881613,0.4025613360036089,0.40256133600360916,0.402561336003609,0.0023549838156211133,"2615.TW,2609.TW,2603.TW,2618.TW,6669.TW,5876.TW,2891.TW,2892.TW,2887.TW,1326.TW,2379.TW,2303.TW,2880.TW,2886.TW,3231.TW,1303.TW,3045.TW,2884.TW,1216.TW,5880.TW",2022,123,20
2022-01-06,0.0010544828242006884,-0.0024625221208395276,0.0070803022072192245,0.0017461576341881613,0.6005641419301073,0.6005641419301074,0.6005641419301073,0.003513300230291128,"2615.TW,2609.TW,2603.TW,2618.TW,6669.TW,5876.TW,2891.TW,2892.TW,2887.TW,1326.TW",2022,123,10
2022-01-11,-0.036368500371329285,-0.040397326155570346,0.01171721689303662,-0.01176428420670898,0.7146800083971049,0.7146800083971045,0.7146800083971048,0.004180878049123062,"2454.TW,3037.TW,2603.TW,2618.TW,2379.TW,2615.TW,2408.TW,3034.TW,9910.TW,3008.TW",2022,123,10
2022-01-11,-0.03365424352063027,-0.037497665370391564,0.01171721689303662,-0.01176428420670898,0.6798758969946423,0.6798758969946425,0.6798758969946423,0.003977273997418658,"2454.TW,3037.TW,2603.TW,2618.TW,2379.TW,2615.TW,2408.TW,3034.TW,9910.TW,3008.TW,2609.TW,2317.TW,2395.TW,2412.TW,3017.TW",2022,123,15
2022-01-11,-0.022288921129605257,-0.025795990424572257,0.01171721689303662,-0.01176428420670898,0.6131658295959266,0.6131658295959267,0.6131658295959266,0.0035870201031361713,"2454.TW,3037.TW,2603.TW,2618.TW,2379.TW",2022,123,5
2022-01-11,-0.007560876870558619,-0.011472498003398446,0.01171721689303662,-0.01176428420670898,0.6737473055197244,0.6737473055197245,0.6737473055197245,0.003941421737290388,"2454.TW,3037.TW,2603.TW",2022,123,3
2022-01-11,-0.025293455593874928,-0.02878442571079154,0.01171721689303662,-0.01176428420670898,0.6122325041906329,0.6122325041906326,0.6122325041906327,0.0035815601495152016,"2454.TW,3037.TW,2603.TW,2618.TW,2379.TW,2615.TW,2408.TW,3034.TW,9910.TW,3008.TW,2609.TW,2317.TW,2395.TW,2412.TW,3017.TW,1326.TW,3231.TW,1101.TW,2912.TW,2303.TW",2022,123,20
2022-01-14,0.008060400370798547,0.005242274407956993,-0.01720710097919531,9.290728421433414e-05,0.47787903744839405,0.47787903744839416,0.4778790374483941,0.002795592369073106,"3008.TW,3034.TW,2454.TW,2379.TW,1590.TW,2615.TW,3017.TW,2317.TW,2412.TW,5880.TW,2308.TW,3711.TW,2382.TW,3045.TW,2892.TW",2022,123,15
2022-01-14,0.01185228398958289,0.008270741190786968,-0.01720710097919531,9.290728421433414e-05,0.6050582164441947,0.6050582164441947,0.6050582164441947,0.0035395905661985386,"3008.TW,3034.TW,2454.TW,2379.TW,1590.TW",2022,123,5
2022-01-14,0.013568123284917927,0.009593890270586769,-0.01720710097919531,9.290728421433414e-05,0.6702618750716649,0.6702618750716649,0.6702618750716649,0.00392103196916924,"3008.TW,3034.TW,2454.TW",2022,123,3
2022-01-14,0.012452030061965456,0.009400557419360966,-0.01720710097919531,9.290728421433414e-05,0.5152039204407007,0.5152039204407007,0.5152039204407007,0.0030139429345780993,"3008.TW,3034.TW,2454.TW,2379.TW,1590.TW,2615.TW,3017.TW,2317.TW,2412.TW,5880.TW",2022,123,10
2022-01-14,0.00831310974549737,0.005301966904067257,-0.01720710097919531,9.290728421433414e-05,0.5104815826199877,0.5104815826199877,0.5104815826199877,0.002986317258326928,"3008.TW,3034.TW,2454.TW,2379.TW,1590.TW,2615.TW,3017.TW,2317.TW,2412.TW,5880.TW,2308.TW,3711.TW,2382.TW,3045.TW,2892.TW,2357.TW,3231.TW,4904.TW,1303.TW,1101.TW",2022,123,20
2022-01-19,-0.028589554057962104,-0.032586587815750856,-0.019013192186574712,-0.027196211274191997,0.7033624526730713,0.7033624526730712,0.7033624526730713,0.004114670348137467,"1590.TW,5871.TW,2327.TW,2603.TW,2330.TW,3008.TW,5880.TW,2882.TW,2880.TW,2892.TW,2883.TW,3037.TW,2885.TW,1326.TW,2891.TW,1216.TW,2002.TW,2412.TW,1303.TW,2884.TW",2022,123,20
2022-01-19,-0.03291156237072946,-0.03707627262377455,-0.019013192186574712,-0.027196211274191997,0.7361439294187226,0.7361439294187229,0.7361439294187228,0.004306441987099528,"1590.TW,5871.TW,2327.TW,2603.TW,2330.TW,3008.TW,5880.TW,2882.TW,2880.TW,2892.TW,2883.TW,3037.TW,2885.TW,1326.TW,2891.TW",2022,123,15
2022-01-19,-0.040511808885769864,-0.045009511567678406,-0.019013192186574712,-0.027196211274191997,0.8013001852484303,0.8013001852484303,0.8013001852484303,0.004687606083703317,"1590.TW,5871.TW,2327.TW,2603.TW,2330.TW",2022,123,5
2022-01-19,-0.04080071641345891,-0.04641203222244028,-0.019013192186574712,-0.027196211274191997,1.0,1.0,1.0,0.00585,"1590.TW,5871.TW,2327.TW",2022,123,3
2022-01-19,-0.03332824999082279,-0.0373111661235046,-0.019013192186574712,-0.027196211274191997,0.7043139147849703,0.7043139147849703,0.7043139147849703,0.004120236401492077,"1590.TW,5871.TW,2327.TW,2603.TW,2330.TW,3008.TW,5880.TW,2882.TW,2880.TW,2892.TW",2022,123,10
2022-01-24,0.035886676844097166,0.03219538103688402,0.005261224396558628,0.018292764232972148,0.6091310472281671,0.6091310472281671,0.6091310472281671,0.0035634166262847778,"2883.TW,2327.TW,9910.TW,2603.TW,2882.TW",2022,123,5
2022-01-24,0.034221217437288835,0.03176581907146114,0.005261224396558628,0.018292764232972148,0.4058379477273393,0.4058379477273395,0.4058379477273394,0.002374151994204936,"2883.TW,2327.TW,9910.TW,2603.TW,2882.TW,2887.TW,2618.TW,2881.TW,5880.TW,2880.TW,2330.TW,2454.TW,2891.TW,5871.TW,3711.TW",2022,123,15
2022-01-24,0.029959830513613298,0.02751569027460765,0.005261224396558628,0.018292764232972148,0.40564858733278414,0.40564858733278414,0.40564858733278414,0.0023730442358967873,"2883.TW,2327.TW,9910.TW,2603.TW,2882.TW,2887.TW,2618.TW,2881.TW,5880.TW,2880.TW,2330.TW,2454.TW,2891.TW,5871.TW,3711.TW,2892.TW,3034.TW,5876.TW,2885.TW,2884.TW",2022,123,20
2022-01-24,0.01915122802921913,0.015146204287482146,0.005261224396558628,0.018292764232972148,0.6717545190578371,0.6717545190578371,0.6717545190578371,0.003929763936488347,"2883.TW,2327.TW,9910.TW",2022,123,3
2022-01-24,0.03650605017689861,0.033437780432255204,0.005261224396558628,0.018292764232972148,0.506017841912625,0.5060178419126249,0.5060178419126249,0.002960204375188856,"2883.TW,2327.TW,9910.TW,2603.TW,2882.TW,2887.TW,2618.TW,2881.TW,5880.TW,2880.TW",2022,123,10
2022-02-07,0.013854614578030047,0.008504925651640516,0.009769538130882216,0.020179471655488994,0.9019801521881673,0.9019801521881673,0.9019801521881673,0.005276583890300779,"1590.TW,2303.TW,3017.TW,2330.TW,9910.TW,3034.TW,2454.TW,2379.TW,2395.TW,3231.TW",2022,123,10
2022-02-07,0.024739751390184143,0.01992093108168591,0.009769538130882216,0.020179471655488994,0.8038430890840116,0.8038430890840115,0.8038430890840116,0.004702482071141467,"1590.TW,2303.TW,3017.TW,2330.TW,9910.TW",2022,123,5
2022-02-07,0.013492232752811877,0.010192326208996905,0.009769538130882216,0.020179471655488994,0.5565771206299198,0.5565771206299199,0.5565771206299199,0.0032559761556850315,"1590.TW,2303.TW,3017.TW,2330.TW,9910.TW,3034.TW,2454.TW,2379.TW,2395.TW,3231.TW,2412.TW,2880.TW,4904.TW,2887.TW,2357.TW,2892.TW,5880.TW,6669.TW,2881.TW,1102.TW",2022,123,20
2022-02-07,0.014134186501208441,0.01015415489774174,0.009769538130882216,0.020179471655488994,0.670865149503626,0.6708651495036261,0.670865149503626,0.003924561124596213,"1590.TW,2303.TW,3017.TW,2330.TW,9910.TW,3034.TW,2454.TW,2379.TW,2395.TW,3231.TW,2412.TW,2880.TW,4904.TW,2887.TW,2357.TW",2022,123,15
2022-02-07,0.03697077472249499,0.03090449569036835,0.009769538130882216,0.020179471655488994,1.0,1.0,1.0,0.00585,"1590.TW,2303.TW,3017.TW",2022,123,3
2022-02-10,0.004983813009546057,0.0017257880773551282,-0.005528291526459728,0.002740064870172123,0.5541654816989444,0.5541654816989444,0.5541654816989444,0.003241868067938825,"1590.TW,2882.TW,3037.TW,2207.TW,2317.TW,2891.TW,5880.TW,3017.TW,2887.TW,2884.TW,1102.TW,2308.TW,2885.TW,2880.TW,4904.TW,2912.TW,2615.TW,2412.TW,3231.TW,1303.TW",2022,123,20
2022-02-10,0.014729615105529526,0.009940889398774466,-0.005528291526459728,0.002740064870172123,0.8067031637912734,0.8067031637912734,0.8067031637912734,0.004719213508178949,"1590.TW,2882.TW,3037.TW,2207.TW,2317.TW",2022,123,5
2022-02-10,0.002524382324918339,-0.0013962377220796407,-0.005528291526459728,0.002740064870172123,0.6685039015919831,0.6685039015919831,0.6685039015919831,0.003910747824313101,"1590.TW,2882.TW,3037.TW,2207.TW,2317.TW,2891.TW,5880.TW,3017.TW,2887.TW,2884.TW,1102.TW,2308.TW,2885.TW,2880.TW,4904.TW",2022,123,15
2022-02-10,0.02666330124798303,0.022569393924748438,-0.005528291526459728,0.002740064870172123,0.6816384853693234,0.6816384853693234,0.6816384853693234,0.003987585139410541,"1590.TW,2882.TW,3037.TW",2022,123,3
2022-02-10,0.00774261819998644,0.003012741466406288,-0.005528291526459728,0.002740064870172123,0.8023139269512123,0.8023139269512123,0.8023139269512123,0.004693536472664592,"1590.TW,2882.TW,3037.TW,2207.TW,2317.TW,2891.TW,5880.TW,3017.TW,2887.TW,2884.TW",2022,123,10
2022-02-15,-0.00012252478615083144,-0.002889170275079511,-0.0031273131489141237,0.004959127351533694,0.47298880566058915,0.4729888056605892,0.4729888056605892,0.002766984513114447,"2609.TW,2345.TW,2454.TW,2327.TW,2884.TW,2882.TW,2886.TW,2892.TW,5880.TW,2308.TW,2891.TW,2880.TW,2887.TW,2885.TW,2412.TW",2022,123,15
2022-02-15,0.016127647648019883,0.01018330090927888,-0.0031273131489141237,0.004959127351533694,1.0,1.0000000000000002,1.0,0.005850000000000001,"2609.TW,2345.TW,2454.TW",2022,123,3
2022-02-15,0.0013032341010261852,-0.0028141869993928426,-0.0031273131489141237,0.004959127351533694,0.7029166018525755,0.7029166018525754,0.7029166018525754,0.004112062120837567,"2609.TW,2345.TW,2454.TW,2327.TW,2884.TW,2882.TW,2886.TW,2892.TW,5880.TW,2308.TW",2022,123,10
2022-02-15,0.00803789263931356,0.005644677872697512,-0.0031273131489141237,0.004959127351533694,0.40583448726395766,0.40583448726395754,0.4058344872639576,0.002374131750494152,"2609.TW,2345.TW,2454.TW,2327.TW,2884.TW,2882.TW,2886.TW,2892.TW,5880.TW,2308.TW,2891.TW,2880.TW,2887.TW,2885.TW,2412.TW,2408.TW,1303.TW,1590.TW,1301.TW,3017.TW",2022,123,20
2022-02-15,0.006244461046108852,0.0003579309489889493,-0.0031273131489141237,0.004959127351533694,1.0,1.0,1.0,0.00585,"2609.TW,2345.TW,2454.TW,2327.TW,2884.TW",2022,123,5
2022-02-18,-0.012726470482288765,-0.016202408459724316,-0.016381965274116728,-0.013119161514681555,0.6018366888966559,0.6018366888966559,0.6018366888966559,0.003520744630045437,"2345.TW,3017.TW,5871.TW,2618.TW,2892.TW,3231.TW,1216.TW,2886.TW,2887.TW,1101.TW,5880.TW,2330.TW,2303.TW,2885.TW,5876.TW",2022,123,15
2022-02-18,-0.011149320784423234,-0.015205391514922062,-0.016381965274116728,-0.013119161514681555,0.7011629142702259,0.701162914270226,0.701162914270226,0.004101803048480822,"2345.TW,3017.TW,5871.TW,2618.TW,2892.TW,3231.TW,1216.TW,2886.TW,2887.TW,1101.TW",2022,123,10
2022-02-18,-0.015250680757756463,-0.019859307571810203,-0.016381965274116728,-0.013119161514681555,0.8,0.7999999999999998,0.7999999999999999,0.004679999999999999,"2345.TW,3017.TW,5871.TW,2618.TW,2892.TW",2022,123,5
2022-02-18,-0.011076806428355852,-0.014284459151002737,-0.016381965274116728,-0.013119161514681555,0.554458332345963,0.554458332345963,0.554458332345963,0.0032435812442238835,"2345.TW,3017.TW,5871.TW,2618.TW,2892.TW,3231.TW,1216.TW,2886.TW,2887.TW,1101.TW,5880.TW,2330.TW,2303.TW,2885.TW,5876.TW,3045.TW,2881.TW,2317.TW,1303.TW,2884.TW",2022,123,20
2022-02-18,-0.021565720062338773,-0.025381613754095755,-0.016381965274116728,-0.013119161514681555,0.6666666666666666,0.6666666666666666,0.6666666666666666,0.0039,"2345.TW,3017.TW,5871.TW",2022,123,3
2022-02-23,0.03540683473835241,0.03132221128708923,-0.007796003416982722,0.0069059686447446225,0.674349644564219,0.674349644564219,0.674349644564219,0.003944945420700681,"1590.TW,2345.TW,2609.TW",2022,123,3
2022-02-23,0.021662267252100784,0.01684584754531837,-0.007796003416982722,0.0069059686447446225,0.805862792810601,0.805862792810601,0.805862792810601,0.004714297337942016,"1590.TW,2345.TW,2609.TW,2395.TW,2408.TW",2022,123,5
2022-02-23,0.006590040294416331,0.0024484216571696304,-0.007796003416982722,0.0069059686447446225,0.7033339984298715,0.7033339984298714,0.7033339984298714,0.004114503890814749,"1590.TW,2345.TW,2609.TW,2395.TW,2408.TW,3231.TW,2892.TW,1102.TW,2382.TW,2330.TW",2022,123,10
2022-02-23,0.007320652862790433,0.004061730794381768,-0.007796003416982722,0.0069059686447446225,0.5530321391418517,0.5530321391418518,0.5530321391418518,0.0032352380139798326,"1590.TW,2345.TW,2609.TW,2395.TW,2408.TW,3231.TW,2892.TW,1102.TW,2382.TW,2330.TW,2002.TW,5871.TW,2327.TW,2887.TW,2884.TW,2881.TW,2317.TW,2891.TW,2912.TW,3711.TW",2022,123,20
2022-02-23,0.007725294856549078,0.004169433044449944,-0.007796003416982722,0.0069059686447446225,0.6031798835479234,0.6031798835479237,0.6031798835479236,0.0035286023187553537,"1590.TW,2345.TW,2609.TW,2395.TW,2408.TW,3231.TW,2892.TW,1102.TW,2382.TW,2330.TW,2002.TW,5871.TW,2327.TW,2887.TW,2884.TW",2022,123,15
2022-03-01,-0.030747556301702318,-0.0353268652479487,-0.02214283044738352,-0.017930188171894776,0.8076202016807776,0.8076202016807774,0.8076202016807775,0.004724578179832548,"3017.TW,2883.TW,2395.TW,2891.TW,2412.TW",2022,123,5
2022-03-01,-0.021940616533784985,-0.026154680774291617,-0.02214283044738352,-0.017930188171894776,0.7365123977157275,0.7365123977157275,0.7365123977157275,0.0043085975266370065,"3017.TW,2883.TW,2395.TW,2891.TW,2412.TW,3045.TW,5880.TW,3037.TW,2357.TW,2207.TW,2887.TW,2882.TW,2002.TW,2884.TW,2317.TW",2022,123,15
2022-03-01,-0.027049955593292204,-0.03218602588478414,-0.02214283044738352,-0.017930188171894776,0.9023697965127735,0.9023697965127734,0.9023697965127735,0.005278863309599725,"3017.TW,2883.TW,2395.TW,2891.TW,2412.TW,3045.TW,5880.TW,3037.TW,2357.TW,2207.TW",2022,123,10
2022-03-01,-0.02099502892857258,-0.024169062309886913,-0.02214283044738352,-0.017930188171894776,0.5542053664731671,0.554205366473167,0.554205366473167,0.0032421013938680274,"3017.TW,2883.TW,2395.TW,2891.TW,2412.TW,3045.TW,5880.TW,3037.TW,2357.TW,2207.TW,2887.TW,2882.TW,2002.TW,2884.TW,2317.TW,2881.TW,2382.TW,3008.TW,2880.TW,2892.TW",2022,123,20
2022-03-01,-0.03538144128158993,-0.04102445985009262,-0.02214283044738352,-0.017930188171894776,1.0,1.0000000000000002,1.0,0.005850000000000001,"3017.TW,2883.TW,2395.TW",2022,123,3
2022-03-04,-0.006872917802975372,-0.009226366089181037,-0.012417879942745791,-0.007830125940842035,0.4050829541903867,0.40508295419038676,0.40508295419038676,0.0023697352820137626,"2615.TW,2883.TW,3037.TW,2345.TW,1303.TW,3045.TW,2880.TW,2412.TW,2891.TW,1102.TW,3017.TW,2887.TW,2892.TW,2357.TW,2884.TW",2022,123,15
2022-03-04,-0.01310924407156494,-0.016031243302784715,-0.012417879942745791,-0.007830125940842035,0.5061219239021517,0.5061219239021516,0.5061219239021517,0.0029608132548275875,"2615.TW,2883.TW,3037.TW,2345.TW,1303.TW,3045.TW,2880.TW,2412.TW,2891.TW,1102.TW",2022,123,10
2022-03-04,-0.023866580138995785,-0.028478055162923788,-0.012417879942745791,-0.007830125940842035,0.8075600249285895,0.8075600249285895,0.8075600249285895,0.004724226145832249,"2615.TW,2883.TW,3037.TW,2345.TW,1303.TW",2022,123,5
2022-03-04,-0.0172925615967194,-0.02118869865705919,-0.012417879942745791,-0.007830125940842035,0.6777259528868109,0.6777259528868109,0.6777259528868109,0.003964696824387844,"2615.TW,2883.TW,3037.TW",2022,123,3
2022-03-04,-0.008682549776699073,-0.010460694151580685,-0.012417879942745791,-0.007830125940842035,0.30661853408321066,0.30661853408321055,0.3066185340832106,0.001793718424386782,"2615.TW,2883.TW,3037.TW,2345.TW,1303.TW,3045.TW,2880.TW,2412.TW,2891.TW,1102.TW,3017.TW,2887.TW,2892.TW,2357.TW,2884.TW,2886.TW,1101.TW,2207.TW,2882.TW,2881.TW",2022,123,20
2022-03-09,0.010812362572630097,0.007230462673495586,-0.01516271468509578,0.003923126471913809,0.6057410887717176,0.6057410887717176,0.6057410887717176,0.003543585369314548,"2618.TW,2002.TW,2615.TW,4904.TW,2308.TW,2303.TW,1303.TW,3045.TW,2412.TW,1301.TW",2022,123,10
2022-03-09,0.02039310361895037,0.015561524753667122,-0.01516271468509578,0.003923126471913809,0.8094046443603647,0.8094046443603647,0.8094046443603647,0.0047350171695081334,"2618.TW,2002.TW,2615.TW,4904.TW,2308.TW",2022,123,5
2022-03-09,0.008151219664304326,0.004191929664558058,-0.01516271468509578,0.003923126471913809,0.6713295546909065,0.6713295546909065,0.6713295546909065,0.003927277894941803,"2618.TW,2002.TW,2615.TW,4904.TW,2308.TW,2303.TW,1303.TW,3045.TW,2412.TW,1301.TW,2395.TW,2357.TW,2327.TW,2603.TW,1326.TW",2022,123,15
2022-03-09,0.009193372676326658,0.005627994588443208,-0.01516271468509578,0.003923126471913809,0.6039143303060667,0.6039143303060664,0.6039143303060666,0.003532898832290489,"2618.TW,2002.TW,2615.TW,4904.TW,2308.TW,2303.TW,1303.TW,3045.TW,2412.TW,1301.TW,2395.TW,2357.TW,2327.TW,2603.TW,1326.TW,5876.TW,1102.TW,2881.TW,3034.TW,2891.TW",2022,123,20
2022-03-09,0.026713389478387306,0.022602298895365802,-0.01516271468509578,0.003923126471913809,0.6844661170428759,0.684466117042876,0.6844661170428759,0.0040041267847008245,"2618.TW,2002.TW,2615.TW",2022,123,3
2022-03-14,0.003470269649119468,-0.0009378037748818402,0.025910811292953806,0.013512211011558552,0.7509109610981317,0.7509109610981318,0.7509109610981317,0.004392829122424072,"2615.TW,3037.TW,2345.TW,2408.TW,2002.TW,1590.TW,5871.TW,3008.TW,2912.TW,2881.TW,4904.TW,2330.TW,3045.TW,1216.TW,9910.TW,2887.TW,2207.TW,3017.TW,2454.TW,2884.TW",2022,123,20
2022-03-14,0.003018868567704405,-0.0012872451649024175,0.025910811292953806,0.013512211011558552,0.7338723533593712,0.7338723533593712,0.7338723533593712,0.004293153267152321,"2615.TW,3037.TW,2345.TW,2408.TW,2002.TW,1590.TW,5871.TW,3008.TW,2912.TW,2881.TW,4904.TW,2330.TW,3045.TW,1216.TW,9910.TW",2022,123,15
2022-03-14,-0.018212232066658184,-0.02166218407853282,0.025910811292953806,0.013512211011558552,0.6006750194969519,0.6006750194969519,0.6006750194969519,0.003513948864057169,"2615.TW,3037.TW,2345.TW,2408.TW,2002.TW",2022,123,5
2022-03-14,-0.024629575366418403,-0.028433520022489445,0.025910811292953806,0.013512211011558552,0.6666666666666666,0.6666666666666666,0.6666666666666666,0.0039,"2615.TW,3037.TW,2345.TW",2022,123,3
2022-03-14,0.002176084703793225,-0.002514099372620482,0.025910811292953806,0.013512211011558552,0.7999999999999999,0.7999999999999999,0.7999999999999999,0.00468,"2615.TW,3037.TW,2345.TW,2408.TW,2002.TW,1590.TW,5871.TW,3008.TW,2912.TW,2881.TW",2022,123,10
2022-03-17,0.01279722566702159,0.010367325669466743,0.007320447849278544,0.005467705722674276,0.4101191338433976,0.41011913384339765,0.4101191338433976,0.002399196932983876,"2207.TW,3017.TW,3037.TW,2408.TW,5871.TW,9910.TW,2357.TW,2379.TW,3008.TW,2912.TW,1216.TW,3231.TW,2345.TW,2615.TW,2327.TW",2022,123,15
2022-03-17,0.049147929061846576,0.045465419830839515,0.007320447849278544,0.005467705722674276,0.6000000000000001,0.6,0.6000000000000001,0.00351,"2207.TW,3017.TW,3037.TW,2408.TW,5871.TW",2022,123,5
2022-03-17,0.06890567216961463,0.06473694004815322,0.007320447849278544,0.005467705722674276,0.6666666666666666,0.6666666666666667,0.6666666666666667,0.0039000000000000003,"2207.TW,3017.TW,3037.TW",2022,123,3
2022-03-17,0.023387318421125604,0.020378574625489643,0.007320447849278544,0.005467705722674276,0.5025616103340452,0.5025616103340451,0.5025616103340451,0.002939985420454164,"2207.TW,3017.TW,3037.TW,2408.TW,5871.TW,9910.TW,2357.TW,2379.TW,3008.TW,2912.TW",2022,123,10
2022-03-17,0.007694354172900604,0.0052660403913245,0.007320447849278544,0.005467705722674276,0.41192686175135557,0.4119268617513557,0.4119268617513556,0.002409772141245431,"2207.TW,3017.TW,3037.TW,2408.TW,5871.TW,9910.TW,2357.TW,2379.TW,3008.TW,2912.TW,1216.TW,3231.TW,2345.TW,2615.TW,2327.TW,2454.TW,2382.TW,3034.TW,3711.TW,2317.TW",2022,123,20
2022-03-22,-0.06636816403218884,-0.07182991027260055,-0.004360395569386388,-0.01947580550511292,1.0,1.0,1.0,0.00585,"2603.TW,2618.TW,3711.TW",2022,123,3
2022-03-22,-0.024739552040986244,-0.02876661942621317,-0.004360395569386388,-0.01947580550511292,0.7058500000270829,0.7058500000270829,0.7058500000270829,0.004129222500158435,"2603.TW,2618.TW,3711.TW,2883.TW,5876.TW,2395.TW,2891.TW,2327.TW,2885.TW,2887.TW,2615.TW,2345.TW,2303.TW,2880.TW,2892.TW,2882.TW,2884.TW,2317.TW,5880.TW,3008.TW",2022,123,20
2022-03-22,-0.031718881911704216,-0.03629256796561908,-0.004360395569386388,-0.01947580550511292,0.8074376968399889,0.807437696839989,0.807437696839989,0.004723510526513936,"2603.TW,2618.TW,3711.TW,2883.TW,5876.TW,2395.TW,2891.TW,2327.TW,2885.TW,2887.TW,2615.TW,2345.TW,2303.TW,2880.TW,2892.TW",2022,123,15
2022-03-22,-0.030973999599778115,-0.03664280170211942,-0.004360395569386388,-0.01947580550511292,0.9999999999999999,1.0000000000000002,1.0,0.005850000000000001,"2603.TW,2618.TW,3711.TW,2883.TW,5876.TW,2395.TW,2891.TW,2327.TW,2885.TW,2887.TW",2022,123,10
2022-03-22,-0.044716003348596316,-0.05030441472900704,-0.004360395569386388,-0.01947580550511292,1.0,1.0,1.0,0.00585,"2603.TW,2618.TW,3711.TW,2883.TW,5876.TW",2022,123,5
2022-03-25,0.019631841707720036,0.016351176257025646,0.011313775388188896,0.02228226313832119,0.5499999999999999,0.5499999999999998,0.5499999999999998,0.003217499999999999,"1590.TW,2303.TW,3017.TW,2454.TW,9910.TW,2609.TW,2408.TW,2002.TW,2887.TW,2883.TW,5876.TW,2327.TW,1326.TW,3711.TW,2885.TW,2892.TW,4904.TW,1216.TW,2357.TW,2884.TW",2022,123,20
2022-03-25,0.030576879528779,0.024548004783535804,0.011313775388188896,0.02228226313832119,1.0,1.0,1.0,0.00585,"1590.TW,2303.TW,3017.TW",2022,123,3
2022-03-25,0.019175643758445323,0.01599581574991893,0.011313775388188896,0.02228226313832119,0.5333333333333333,0.5333333333333333,0.5333333333333333,0.0031200000000000004,"1590.TW,2303.TW,3017.TW,2454.TW,9910.TW,2609.TW,2408.TW,2002.TW,2887.TW,2883.TW,5876.TW,2327.TW,1326.TW,3711.TW,2885.TW",2022,123,15
2022-03-25,0.014395163944088395,0.008460952235015418,0.011313775388188896,0.02228226313832119,1.0,1.0,1.0,0.00585,"1590.TW,2303.TW,3017.TW,2454.TW,9910.TW",2022,123,5
2022-03-25,0.017471548947949556,0.01270978209887308,0.011313775388188896,0.02228226313832119,0.7999999999999999,0.7999999999999997,0.7999999999999998,0.004679999999999998,"1590.TW,2303.TW,3017.TW,2454.TW,9910.TW,2609.TW,2408.TW,2002.TW,2887.TW,2883.TW",2022,123,10
2022-03-30,-0.041817528669142415,-0.04742289612642803,-0.024900599953329494,-0.008627880727732306,1.0,1.0000000000000002,1.0,0.005850000000000001,"2327.TW,2454.TW,2609.TW",2022,123,3
2022-03-30,-0.015174484951149658,-0.018281324985581993,-0.024900599953329494,-0.008627880727732306,0.5392668634740639,0.5392668634740638,0.5392668634740638,0.0031547111513232735,"2327.TW,2454.TW,2609.TW,2303.TW,2618.TW,2308.TW,2891.TW,2395.TW,5876.TW,5871.TW,2883.TW,3034.TW,1326.TW,4904.TW,2603.TW",2022,123,15
2022-03-30,-0.03222101452368991,-0.03569273624515046,-0.024900599953329494,-0.008627880727732306,0.6132151177379667,0.6132151177379666,0.6132151177379666,0.0035873084387671047,"2327.TW,2454.TW,2609.TW,2303.TW,2618.TW",2022,123,5
2022-03-30,-0.009466845164067974,-0.012969780799157005,-0.024900599953329494,-0.008627880727732306,0.6045152687026573,0.6045152687026571,0.6045152687026571,0.0035364143219105445,"2327.TW,2454.TW,2609.TW,2303.TW,2618.TW,2308.TW,2891.TW,2395.TW,5876.TW,5871.TW,2883.TW,3034.TW,1326.TW,4904.TW,2603.TW,2379.TW,5880.TW,1301.TW,2886.TW,2207.TW",2022,123,20
2022-03-30,-0.017002205150568665,-0.021067515218321065,-0.024900599953329494,-0.008627880727732306,0.7069444118263046,0.7069444118263046,0.7069444118263046,0.004135624809183882,"2327.TW,2454.TW,2609.TW,2303.TW,2618.TW,2308.TW,2891.TW,2395.TW,5876.TW,5871.TW",2022,123,10
2022-04-06,-0.0259499828075357,-0.029430882608934006,-0.021835738744345967,-0.01517207701961322,0.6108778774951423,0.6108778774951424,0.6108778774951424,0.003573635583346583,"2327.TW,2308.TW,9910.TW,3017.TW,2395.TW,3037.TW,6669.TW,2609.TW,2454.TW,2615.TW,3008.TW,2412.TW,3711.TW,2207.TW,2303.TW",2022,123,15
2022-04-06,-0.02160085527547996,-0.024517765669108238,-0.021835738744345967,-0.01517207701961322,0.5096255081502177,0.5096255081502175,0.5096255081502176,0.0029813092226787723,"2327.TW,2308.TW,9910.TW,3017.TW,2395.TW,3037.TW,6669.TW,2609.TW,2454.TW,2615.TW",2022,123,10
2022-04-06,-0.019214004462830437,-0.02383539036109894,-0.021835738744345967,-0.01517207701961322,0.8054565410039964,0.8054565410039963,0.8054565410039964,0.004711920764873379,"2327.TW,2308.TW,9910.TW,3017.TW,2395.TW",2022,123,5
2022-04-06,-0.019662995200389725,-0.022883681278012658,-0.021835738744345967,-0.01517207701961322,0.5615871133682612,0.5615871133682611,0.5615871133682611,0.0032852846132043275,"2327.TW,2308.TW,9910.TW,3017.TW,2395.TW,3037.TW,6669.TW,2609.TW,2454.TW,2615.TW,3008.TW,2412.TW,3711.TW,2207.TW,2303.TW,2603.TW,4904.TW,2357.TW,2330.TW,1216.TW",2022,123,20
2022-04-06,-0.016231667894394564,-0.02010201340688411,-0.021835738744345967,-0.01517207701961322,0.6725135399372282,0.6725135399372282,0.6725135399372282,0.003934204208632785,"2327.TW,2308.TW,9910.TW",2022,123,3
2022-04-11,-0.0031831481675179017,-0.007493718951247064,0.005297104880880754,0.0021081847254277044,0.7392026983350088,0.7392026983350091,0.739202698335009,0.004324335785259803,"2887.TW,1590.TW,2881.TW,2882.TW,3017.TW,2885.TW,4904.TW,3037.TW,1101.TW,5871.TW,1303.TW,1102.TW,2912.TW,2308.TW,2412.TW",2022,123,15
2022-04-11,-0.004248326993762514,-0.008082897170817005,0.005297104880880754,0.0021081847254277044,0.6582786645678794,0.6582786645678791,0.6582786645678793,0.0038509301877220933,"2887.TW,1590.TW,2881.TW,2882.TW,3017.TW,2885.TW,4904.TW,3037.TW,1101.TW,5871.TW,1303.TW,1102.TW,2912.TW,2308.TW,2412.TW,2002.TW,2880.TW,3008.TW,1301.TW,9910.TW",2022,123,20
2022-04-11,-0.005855368422205665,-0.010538122401210326,0.005297104880880754,0.0021081847254277044,0.8051854229413316,0.8051854229413313,0.8051854229413314,0.004710334724206789,"2887.TW,1590.TW,2881.TW,2882.TW,3017.TW",2022,123,5
2022-04-11,-0.004692963093240899,-0.009396229874203299,0.005297104880880754,0.0021081847254277044,0.8077680531763951,0.8077680531763953,0.8077680531763952,0.004725443111081912,"2887.TW,1590.TW,2881.TW,2882.TW,3017.TW,2885.TW,4904.TW,3037.TW,1101.TW,5871.TW",2022,123,10
2022-04-11,-0.009258977890832446,-0.015054812870171075,0.005297104880880754,0.0021081847254277044,1.0,1.0,1.0,0.00585,"2887.TW,1590.TW,2881.TW",2022,123,3
2022-04-14,-0.00576583192277167,-0.010047483078341468,-0.00489277341670058,-0.005551413676253636,0.7361507016548509,0.7361507016548511,0.736150701654851,0.004306481604680879,"2327.TW,9910.TW,2615.TW,2345.TW,2884.TW,5880.TW,2892.TW,6669.TW,3037.TW,2891.TW,2880.TW,2308.TW,2609.TW,2887.TW,1303.TW",2022,123,15
2022-04-14,-3.658572451388335e-05,-0.005886371698025528,-0.00489277341670058,-0.005551413676253636,1.0,1.0,1.0,0.00585,"2327.TW,9910.TW,2615.TW,2345.TW,2884.TW",2022,123,5
2022-04-14,-0.008603218607968961,-0.01182709639173618,-0.00489277341670058,-0.005551413676253636,0.5558725121878989,0.5558725121878989,0.5558725121878989,0.003251854196299209,"2327.TW,9910.TW,2615.TW,2345.TW,2884.TW,5880.TW,2892.TW,6669.TW,3037.TW,2891.TW,2880.TW,2308.TW,2609.TW,2887.TW,1303.TW,2883.TW,2886.TW,1101.TW,2885.TW,1102.TW",2022,123,20
2022-04-14,-0.003321768474155019,-0.00856927936313856,-0.00489277341670058,-0.005551413676253636,0.8999999999999999,0.9000000000000001,0.9,0.005265000000000001,"2327.TW,9910.TW,2615.TW,2345.TW,2884.TW,5880.TW,2892.TW,6669.TW,3037.TW,2891.TW",2022,123,10
2022-04-14,0.015378162130527118,0.009438199882063403,-0.00489277341670058,-0.005551413676253636,1.0,1.0,1.0,0.00585,"2327.TW,9910.TW,2615.TW",2022,123,3
2022-04-19,-0.016806158576472448,-0.019716605485976313,-0.01664148293587331,-0.014129059153227345,0.5060164855208569,0.5060164855208567,0.5060164855208568,0.002960196440297012,"2345.TW,2609.TW,3037.TW,2303.TW,2454.TW,9910.TW,2379.TW,2002.TW,2412.TW,2886.TW,2880.TW,5880.TW,3034.TW,2882.TW,4904.TW,2883.TW,5876.TW,2395.TW,1303.TW,2887.TW",2022,123,20
2022-04-19,-0.017914503768430227,-0.021387947386214412,-0.01664148293587331,-0.014129059153227345,0.6045818292332034,0.6045818292332035,0.6045818292332035,0.00353680370101424,"2345.TW,2609.TW,3037.TW,2303.TW,2454.TW,9910.TW,2379.TW,2002.TW,2412.TW,2886.TW,2880.TW,5880.TW,3034.TW,2882.TW,4904.TW",2022,123,15
2022-04-19,-0.018018440521409457,-0.022066148502092653,-0.01664148293587331,-0.014129059153227345,0.7046119017767328,0.7046119017767329,0.7046119017767329,0.004121979625393887,"2345.TW,2609.TW,3037.TW,2303.TW,2454.TW,9910.TW,2379.TW,2002.TW,2412.TW,2886.TW",2022,123,10
2022-04-19,-0.02680230156405135,-0.03249550809990176,-0.01664148293587331,-0.014129059153227345,1.0,0.9999999999999999,1.0,0.005849999999999999,"2345.TW,2609.TW,3037.TW",2022,123,3
2022-04-19,-0.023391389977949827,-0.027987101047338925,-0.01664148293587331,-0.014129059153227345,0.8044078535978225,0.8044078535978226,0.8044078535978225,0.0047057859435472625,"2345.TW,2609.TW,3037.TW,2303.TW,2454.TW",2022,123,5
2022-04-22,-0.001771568534069671,-0.005287781882960418,-0.020384652935361847,-0.005112146836888726,0.6021288233984786,0.602128823398479,0.6021288233984787,0.003522453616881102,"2345.TW,2886.TW,3017.TW,2618.TW,2880.TW,2883.TW,2002.TW,2887.TW,6669.TW,2454.TW,1590.TW,2412.TW,2357.TW,1303.TW,1216.TW",2022,123,15
2022-04-22,0.002331387159975185,-0.0023595237319333773,-0.020384652935361847,-0.005112146836888726,0.8,0.7999999999999998,0.7999999999999999,0.004679999999999999,"2345.TW,2886.TW,3017.TW,2618.TW,2880.TW",2022,123,5
2022-04-22,0.002835142955374718,-0.001075914102151132,-0.020384652935361847,-0.005112146836888726,0.6666666666666666,0.6666666666666667,0.6666666666666667,0.0039000000000000003,"2345.TW,2886.TW,3017.TW",2022,123,3
2022-04-22,-0.0004133936982656122,-0.002777802453165168,-0.020384652935361847,-0.005112146836888726,0.40433958817266563,0.4043395881726656,0.4043395881726656,0.0023653865908100937,"2345.TW,2886.TW,3017.TW,2618.TW,2880.TW,2883.TW,2002.TW,2887.TW,6669.TW,2454.TW,1590.TW,2412.TW,2357.TW,1303.TW,1216.TW,5876.TW,2303.TW,3231.TW,3045.TW,3037.TW",2022,123,20
2022-04-22,-0.0028279952359230864,-0.006340958940339814,-0.020384652935361847,-0.005112146836888726,0.6022096621953017,0.6022096621953016,0.6022096621953017,0.0035229265238425145,"2345.TW,2886.TW,3017.TW,2618.TW,2880.TW,2883.TW,2002.TW,2887.TW,6669.TW,2454.TW",2022,123,10
2022-04-27,-0.009844813935048637,-0.015637221773528664,0.007459900520445428,0.015881849812812113,1.0,0.9999999999999999,1.0,0.005849999999999999,"2412.TW,2884.TW,2912.TW,1216.TW,3045.TW",2022,123,5
2022-04-27,0.015624544616684317,0.012035528881870317,0.007459900520445428,0.015881849812812113,0.6040686654019256,0.6040686654019254,0.6040686654019255,0.003533801692601264,"2412.TW,2884.TW,2912.TW,1216.TW,3045.TW,1590.TW,1102.TW,4904.TW,1301.TW,2885.TW,2002.TW,2882.TW,3711.TW,3017.TW,3034.TW,2330.TW,3231.TW,1326.TW,2603.TW,2618.TW",2022,123,20
2022-04-27,0.0007475057900246378,-0.005106867118847114,0.007459900520445428,0.015881849812812113,0.9999999999999999,0.9999999999999998,0.9999999999999998,0.005849999999999999,"2412.TW,2884.TW,2912.TW,1216.TW,3045.TW,1590.TW,1102.TW,4904.TW,1301.TW,2885.TW",2022,123,10
2022-04-27,0.013232633998771694,0.009264216744131248,0.007459900520445428,0.015881849812812113,0.6695026404676329,0.6695026404676327,0.6695026404676327,0.003916590446735652,"2412.TW,2884.TW,2912.TW,1216.TW,3045.TW,1590.TW,1102.TW,4904.TW,1301.TW,2885.TW,2002.TW,2882.TW,3711.TW,3017.TW,3034.TW",2022,123,15
2022-04-27,-0.014792175208699316,-0.02055564098372853,0.007459900520445428,0.015881849812812113,1.0,0.9999999999999998,0.9999999999999999,0.005849999999999999,"2412.TW,2884.TW,2912.TW",2022,123,3
2022-05-03,-0.020412442881508563,-0.026143030090651775,-0.021823902631610825,-0.02678448254182559,1.0,1.0,1.0,0.00585,"3017.TW,2609.TW,2308.TW",2022,123,3
2022-05-03,-0.016952009930815446,-0.021565583719014514,-0.021823902631610825,-0.02678448254182559,0.8022447530199708,0.8022447530199708,0.8022447530199708,0.00469313180516683,"3017.TW,2609.TW,2308.TW,2884.TW,2603.TW",2022,123,5
2022-05-03,-0.022292573196779963,-0.025481125364876678,-0.021823902631610825,-0.02678448254182559,0.5574793007845243,0.5574793007845243,0.5574793007845243,0.0032612539095894675,"3017.TW,2609.TW,2308.TW,2884.TW,2603.TW,2412.TW,2357.TW,2345.TW,2886.TW,2615.TW,3037.TW,4904.TW,3034.TW,3045.TW,5871.TW,2002.TW,2330.TW,2303.TW,5880.TW,1101.TW",2022,123,20
2022-05-03,-0.025564618436082927,-0.029034468476291986,-0.021823902631610825,-0.02678448254182559,0.6086978882664849,0.6086978882664851,0.608697888266485,0.0035608826463589373,"3017.TW,2609.TW,2308.TW,2884.TW,2603.TW,2412.TW,2357.TW,2345.TW,2886.TW,2615.TW,3037.TW,4904.TW,3034.TW,3045.TW,5871.TW",2022,123,15
2022-05-03,-0.02169375593218361,-0.026308898040132145,-0.021823902631610825,-0.02678448254182559,0.8064071814216195,0.8064071814216197,0.8064071814216196,0.004717482011316475,"3017.TW,2609.TW,2308.TW,2884.TW,2603.TW,2412.TW,2357.TW,2345.TW,2886.TW,2615.TW",2022,123,10
2022-05-06,-0.01849815909086779,-0.024239944860186324,-0.019920340196641018,-0.022097087715846,1.0,1.0,1.0,0.00585,"2615.TW,2618.TW,2912.TW",2022,123,3
2022-05-06,-0.014794977813653711,-0.01940573731748585,-0.019920340196641018,-0.022097087715846,0.7999999999999999,0.8,0.8,0.00468,"2615.TW,2618.TW,2912.TW,1216.TW,2454.TW,1326.TW,2412.TW,2881.TW,2207.TW,5876.TW",2022,123,10
2022-05-06,-0.020824631947800806,-0.02540717267028514,-0.019920340196641018,-0.022097087715846,0.7999999999999999,0.8,0.8,0.00468,"2615.TW,2618.TW,2912.TW,1216.TW,2454.TW,1326.TW,2412.TW,2881.TW,2207.TW,5876.TW,6669.TW,2885.TW,2887.TW,3045.TW,1102.TW",2022,123,15
2022-05-06,-0.010295906518085565,-0.016085675464954763,-0.019920340196641018,-0.022097087715846,1.0,1.0000000000000002,1.0,0.005850000000000001,"2615.TW,2618.TW,2912.TW,1216.TW,2454.TW",2022,123,5
2022-05-06,-0.023984819100931077,-0.02828824346445369,-0.019920340196641018,-0.022097087715846,0.753705588524782,0.7537055885247816,0.7537055885247819,0.0044091776928699734,"2615.TW,2618.TW,2912.TW,1216.TW,2454.TW,1326.TW,2412.TW,2881.TW,2207.TW,5876.TW,6669.TW,2885.TW,2887.TW,3045.TW,1102.TW,2882.TW,2891.TW,2884.TW,2892.TW,2886.TW",2022,123,20
2022-05-11,-0.007069323113577937,-0.010568607993715062,0.0012194521429751415,-0.0009733590720879603,0.602427107453966,0.602427107453966,0.602427107453966,0.003524198578605701,"5871.TW,3017.TW,2912.TW,2379.TW,2609.TW,2882.TW,2303.TW,2454.TW,1216.TW,4904.TW,2317.TW,3045.TW,2357.TW,2618.TW,2885.TW",2022,123,15
2022-05-11,-0.006913311078196083,-0.011572784113841994,0.0012194521429751415,-0.0009733590720879603,0.8020358404654495,0.8020358404654496,0.8020358404654495,0.00469190966672288,"5871.TW,3017.TW,2912.TW,2379.TW,2609.TW",2022,123,5
2022-05-11,-0.002064073622347851,-0.006153924953350209,0.0012194521429751415,-0.0009733590720879603,0.7005659052471858,0.7005659052471855,0.7005659052471856,0.004098310545696036,"5871.TW,3017.TW,2912.TW,2379.TW,2609.TW,2882.TW,2303.TW,2454.TW,1216.TW,4904.TW",2022,123,10
2022-05-11,-0.005928597733041458,-0.009156742406989715,0.0012194521429751415,-0.0009733590720879603,0.555110630006975,0.5551106300069747,0.5551106300069748,0.0032473971855408027,"5871.TW,3017.TW,2912.TW,2379.TW,2609.TW,2882.TW,2303.TW,2454.TW,1216.TW,4904.TW,2317.TW,3045.TW,2357.TW,2618.TW,2885.TW,1326.TW,1101.TW,1102.TW,2327.TW,1301.TW",2022,123,20
2022-05-11,-0.008121281022412125,-0.011993297307090534,0.0012194521429751415,-0.0009733590720879603,0.6673024765248671,0.6673024765248672,0.6673024765248672,0.003903719487670473,"5871.TW,3017.TW,2912.TW",2022,123,3
2022-05-16,0.003337396472986639,-0.0005922699412463928,0.004872023939330061,0.004018910597867336,0.6695034501337065,0.6695034501337064,0.6695034501337065,0.003916595183282183,"3037.TW,3034.TW,2345.TW,3017.TW,2615.TW,2382.TW,2885.TW,1102.TW,1326.TW,3231.TW,4904.TW,2609.TW,1301.TW,2327.TW,3045.TW",2022,123,15
2022-05-16,0.006308514786152242,0.0004216099746530144,0.004872023939330061,0.004018910597867336,1.0,1.0000000000000002,1.0,0.005850000000000001,"3037.TW,3034.TW,2345.TW",2022,123,3
2022-05-16,0.01348147398258557,0.008738380684347069,0.004872023939330061,0.004018910597867336,0.8,0.8,0.8,0.00468,"3037.TW,3034.TW,2345.TW,3017.TW,2615.TW",2022,123,5
2022-05-16,-0.00023700820220026102,-0.005500760354015699,0.004872023939330061,0.004018910597867336,0.8999999999999999,0.9000000000000001,0.9,0.005265000000000001,"3037.TW,3034.TW,2345.TW,3017.TW,2615.TW,2382.TW,2885.TW,1102.TW,1326.TW,3231.TW",2022,123,10
2022-05-16,0.0028391056947501725,-0.00011093876466616859,0.004872023939330061,0.004018910597867336,0.5028534500799755,0.5028534500799755,0.5028534500799755,0.002941692682967857,"3037.TW,3034.TW,2345.TW,3017.TW,2615.TW,2382.TW,2885.TW,1102.TW,1326.TW,3231.TW,4904.TW,2609.TW,1301.TW,2327.TW,3045.TW,2892.TW,2308.TW,1216.TW,2886.TW,5876.TW",2022,123,20
2022-05-19,0.03529429230938012,0.0292378206993702,-0.000403951506930067,-0.0027932764859485235,1.0,1.0,1.0,0.00585,"2615.TW,1102.TW,2883.TW",2022,123,3
2022-05-19,0.03565280309596899,0.030773781355664998,-0.000403951506930067,-0.0027932764859485235,0.8053092772164203,0.8053092772164203,0.8053092772164203,0.0047110592717160595,"2615.TW,1102.TW,2883.TW,2603.TW,2207.TW",2022,123,5
2022-05-19,0.012947483476440725,0.007790004394970573,-0.000403951506930067,-0.0027932764859485235,0.870351494216802,0.870351494216802,0.870351494216802,0.0050915562411682925,"2615.TW,1102.TW,2883.TW,2603.TW,2207.TW,1101.TW,1216.TW,1590.TW,2892.TW,2887.TW,2880.TW,2882.TW,2886.TW,2357.TW,2002.TW",2022,123,15
2022-05-19,0.017636097033545666,0.012844794660918923,-0.000403951506930067,-0.0027932764859485235,0.8048319521981734,0.8048319521981735,0.8048319521981735,0.004708266920359315,"2615.TW,1102.TW,2883.TW,2603.TW,2207.TW,1101.TW,1216.TW,1590.TW,2892.TW,2887.TW",2022,123,10
2022-05-19,0.010920478110005443,0.0073385343679377435,-0.000403951506930067,-0.0027932764859485235,0.6056837197638614,0.6056837197638616,0.6056837197638615,0.00354324976061859,"2615.TW,1102.TW,2883.TW,2603.TW,2207.TW,1101.TW,1216.TW,1590.TW,2892.TW,2887.TW,2880.TW,2882.TW,2886.TW,2357.TW,2002.TW,2382.TW,2618.TW,2408.TW,2885.TW,1301.TW",2022,123,20
2022-05-24,0.013521265228906119,0.008185075767475958,0.028698526201161423,0.02311093319362469,0.8999999999999999,0.9000000000000001,0.9,0.005265000000000001,"2603.TW,3017.TW,6669.TW,4904.TW,3037.TW,2881.TW,2379.TW,2882.TW,2303.TW,2382.TW",2022,123,10
2022-05-24,-0.004624581881182466,-0.009282938837978483,0.028698526201161423,0.02311093319362469,0.8,0.7999999999999999,0.8,0.00468,"2603.TW,3017.TW,6669.TW,4904.TW,3037.TW",2022,123,5
2022-05-24,-0.009409956878845199,-0.015204908631103908,0.028698526201161423,0.02311093319362469,1.0,0.9999999999999998,0.9999999999999999,0.005849999999999999,"2603.TW,3017.TW,6669.TW",2022,123,3
2022-05-24,0.012713766916496371,0.007958995784624001,0.028698526201161423,0.02311093319362469,0.8025776054554794,0.8025776054554794,0.8025776054554794,0.004695078991914555,"2603.TW,3017.TW,6669.TW,4904.TW,3037.TW,2881.TW,2379.TW,2882.TW,2303.TW,2382.TW,2615.TW,2395.TW,2408.TW,9910.TW,3045.TW",2022,123,15
2022-05-24,0.01621086782639912,0.012315250842572567,0.028698526201161423,0.02311093319362469,0.6552945399581009,0.6552945399581008,0.6552945399581009,0.00383347305875489,"2603.TW,3017.TW,6669.TW,4904.TW,3037.TW,2881.TW,2379.TW,2882.TW,2303.TW,2382.TW,2615.TW,2395.TW,2408.TW,9910.TW,3045.TW,2317.TW,1101.TW,1102.TW,1326.TW,2891.TW",2022,123,20
2022-05-27,0.008345047962063912,0.00450250147682385,0.009430276862683495,0.004956370866885471,0.6514095094333111,0.6514095094333109,0.651409509433311,0.003810745630184869,"4904.TW,2382.TW,2303.TW,3008.TW,2408.TW,1303.TW,2002.TW,1101.TW,2887.TW,2412.TW,1216.TW,3231.TW,5876.TW,9910.TW,1301.TW,2345.TW,2912.TW,2892.TW,2207.TW,2317.TW",2022,123,20
2022-05-27,0.0003558236552819727,-0.003742702493193084,0.009430276862683495,0.004956370866885471,0.7003535580600844,0.7003535580600844,0.7003535580600844,0.004097068314651494,"4904.TW,2382.TW,2303.TW,3008.TW,2408.TW,1303.TW,2002.TW,1101.TW,2887.TW,2412.TW",2022,123,10
2022-05-27,0.004914885019626092,0.00021188335773425493,0.009430276862683495,0.004956370866885471,0.8,0.7999999999999999,0.8,0.00468,"4904.TW,2382.TW,2303.TW,3008.TW,2408.TW",2022,123,5
2022-05-27,0.0028692805998939606,-0.0029975046916154158,0.009430276862683495,0.004956370866885471,1.0,1.0,1.0,0.00585,"4904.TW,2382.TW,2303.TW",2022,123,3
2022-05-27,0.003944978598779921,2.1221642087398962e-05,0.009430276862683495,0.004956370866885471,0.6680920759630374,0.6680920759630375,0.6680920759630375,0.003908338644383769,"4904.TW,2382.TW,2303.TW,3008.TW,2408.TW,1303.TW,2002.TW,1101.TW,2887.TW,2412.TW,1216.TW,3231.TW,5876.TW,9910.TW,1301.TW",2022,123,15
2022-06-01,0.009999315924124239,0.006133895142616641,0.0003892427038860724,0.009505068310831366,0.6542139967114816,0.6542139967114813,0.6542139967114815,0.0038271518807621663,"2603.TW,2609.TW,3037.TW,1102.TW,3711.TW,2207.TW,6669.TW,3008.TW,1101.TW,2615.TW,2884.TW,2002.TW,2330.TW,5876.TW,2886.TW,3045.TW,1301.TW,1303.TW,2880.TW,5880.TW",2022,123,20
2022-06-01,0.01374658996129652,0.008987092554593401,0.0003892427038860724,0.009505068310831366,0.8025568799419497,0.8025568799419497,0.8025568799419497,0.004694957747660405,"2603.TW,2609.TW,3037.TW,1102.TW,3711.TW,2207.TW,6669.TW,3008.TW,1101.TW,2615.TW",2022,123,10
2022-06-01,0.0094932517533862,0.0035877162306288124,0.0003892427038860724,0.009505068310831366,1.0,1.0,1.0,0.00585,"2603.TW,2609.TW,3037.TW,1102.TW,3711.TW",2022,123,5
2022-06-01,0.011273815883066033,0.006914201234090811,0.0003892427038860724,0.009505068310831366,0.7369253130304408,0.7369253130304411,0.736925313030441,0.00431101308122808,"2603.TW,2609.TW,3037.TW,1102.TW,3711.TW,2207.TW,6669.TW,3008.TW,1101.TW,2615.TW,2884.TW,2002.TW,2330.TW,5876.TW,2886.TW",2022,123,15
2022-06-01,0.014802197732884492,0.00886560487614707,0.0003892427038860724,0.009505068310831366,1.0,1.0,1.0,0.00585,"2603.TW,2609.TW,3037.TW",2022,123,3
2022-06-07,-0.023481529601016484,-0.02721844838709031,-0.034241346720445875,-0.026710027008018528,0.654149978156581,0.6541499781565812,0.6541499781565812,0.0038267773722159997,"3017.TW,2345.TW,2207.TW,2454.TW,2308.TW,3711.TW,2395.TW,2317.TW,2330.TW,2887.TW,5871.TW,3037.TW,2883.TW,2412.TW,2886.TW,2881.TW,2891.TW,2880.TW,1101.TW,2357.TW",2022,123,20
2022-06-07,-0.020095564299415707,-0.023942551637142317,-0.034241346720445875,-0.026710027008018528,0.671090617775911,0.6710906177759112,0.6710906177759111,0.00392588011398908,"3017.TW,2345.TW,2207.TW,2454.TW,2308.TW,3711.TW,2395.TW,2317.TW,2330.TW,2887.TW,5871.TW,3037.TW,2883.TW,2412.TW,2886.TW",2022,123,15
2022-06-07,-0.0076007334547087985,-0.013406269163998785,-0.034241346720445875,-0.026710027008018528,1.0,0.9999999999999999,1.0,0.005849999999999999,"3017.TW,2345.TW,2207.TW,2454.TW,2308.TW",2022,123,5
2022-06-07,-0.009449797281971189,-0.015244515967871686,-0.034241346720445875,-0.026710027008018528,1.0,0.9999999999999999,1.0,0.005849999999999999,"3017.TW,2345.TW,2207.TW",2022,123,3
2022-06-07,-0.018755051530614214,-0.023362881929721135,-0.034241346720445875,-0.026710027008018528,0.8027183399163607,0.8027183399163609,0.8027183399163608,0.004695902288510711,"3017.TW,2345.TW,2207.TW,2454.TW,2308.TW,3711.TW,2395.TW,2317.TW,2330.TW,2887.TW",2022,123,10
2022-06-10,0.009617393197449413,0.00605491854240392,4.765521532945627e-08,0.008751319124414021,0.6031691119889679,0.6031691119889682,0.603169111988968,0.0035285393051354636,"5871.TW,2609.TW,2615.TW,2618.TW,2207.TW,2395.TW,2881.TW,2882.TW,2883.TW,2317.TW,2891.TW,2330.TW,2408.TW,2379.TW,2303.TW",2022,123,15
2022-06-10,0.004734003947335563,0.0014739009167408224,4.765521532945627e-08,0.008751319124414021,0.5546568217488549,0.5546568217488547,0.5546568217488548,0.0032447424072308,"5871.TW,2609.TW,2615.TW,2618.TW,2207.TW,2395.TW,2881.TW,2882.TW,2883.TW,2317.TW,2891.TW,2330.TW,2408.TW,2379.TW,2303.TW,2887.TW,2327.TW,3034.TW,2603.TW,3008.TW",2022,123,20
2022-06-10,0.009890077560761545,0.0057477555836462635,4.765521532945627e-08,0.008751319124414021,0.7011547519781287,0.7011547519781287,0.7011547519781287,0.004101755299072053,"5871.TW,2609.TW,2615.TW,2618.TW,2207.TW,2395.TW,2881.TW,2882.TW,2883.TW,2317.TW",2022,123,10
2022-06-10,0.013500096091717281,0.007571120529580755,4.765521532945627e-08,0.008751319124414021,1.0,0.9999999999999999,1.0,0.005849999999999999,"5871.TW,2609.TW,2615.TW",2022,123,3
2022-06-10,0.01224435916482962,0.0074983734458518025,4.765521532945627e-08,0.008751319124414021,0.8014661704324539,0.8014661704324538,0.8014661704324539,0.004688577097029855,"5871.TW,2609.TW,2615.TW,2618.TW,2207.TW",2022,123,5
2022-06-15,-0.06920290387394304,-0.07284990966102634,-0.02538262946910319,-0.03853283365504559,0.6697698083271555,0.6697698083271554,0.6697698083271555,0.0039181533787138595,"1590.TW,3008.TW,2609.TW",2022,123,3
2022-06-15,-0.041215305920191916,-0.04626654256398621,-0.02538262946910319,-0.03853283365504559,0.9005768038236783,0.9005768038236783,0.9005768038236783,0.005268374302368518,"1590.TW,3008.TW,2609.TW,2454.TW,2891.TW,1326.TW,3711.TW,2912.TW,5880.TW,2892.TW",2022,123,10
2022-06-15,-0.04207005708931289,-0.04618190069209849,-0.02538262946910319,-0.03853283365504559,0.7337480716008451,0.7337480716008453,0.7337480716008452,0.004292426218864945,"1590.TW,3008.TW,2609.TW,2454.TW,2891.TW,1326.TW,3711.TW,2912.TW,5880.TW,2892.TW,6669.TW,1301.TW,2618.TW,4904.TW,2317.TW",2022,123,15
2022-06-15,-0.056333553639568164,-0.06075883412459249,-0.02538262946910319,-0.03853283365504559,0.8016160853083214,0.8016160853083214,0.8016160853083214,0.00468945409905368,"1590.TW,3008.TW,2609.TW,2454.TW,2891.TW",2022,123,5
2022-06-15,-0.03995463362792847,-0.04389305611917149,-0.02538262946910319,-0.03853283365504559,0.7012529172780579,0.7012529172780578,0.7012529172780579,0.004102329566076639,"1590.TW,3008.TW,2609.TW,2454.TW,2891.TW,1326.TW,3711.TW,2912.TW,5880.TW,2892.TW,6669.TW,1301.TW,2618.TW,4904.TW,2317.TW,3231.TW,2880.TW,3017.TW,2883.TW,2382.TW",2022,123,20
2022-06-20,-0.007979984180834888,-0.012644494022109654,-0.019016262857099786,-0.004549375355843804,0.8037661507879784,0.8037661507879785,0.8037661507879785,0.004702031982109675,"5876.TW,4904.TW,3008.TW,1301.TW,2327.TW,2379.TW,3034.TW,2412.TW,1590.TW,2317.TW",2022,123,10
2022-06-20,-0.012718431444348715,-0.015831195596914593,-0.019016262857099786,-0.004549375355843804,0.5389510482956749,0.538951048295675,0.538951048295675,0.0031528636325296984,"5876.TW,4904.TW,3008.TW,1301.TW,2327.TW,2379.TW,3034.TW,2412.TW,1590.TW,2317.TW,3231.TW,3017.TW,6669.TW,2303.TW,1326.TW",2022,123,15
2022-06-20,-0.011786670184087428,-0.01471396000565961,-0.019016262857099786,-0.004549375355843804,0.5063597174753816,0.5063597174753818,0.5063597174753817,0.002962204347230983,"5876.TW,4904.TW,3008.TW,1301.TW,2327.TW,2379.TW,3034.TW,2412.TW,1590.TW,2317.TW,3231.TW,3017.TW,6669.TW,2303.TW,1326.TW,2603.TW,2886.TW,1102.TW,2330.TW,2912.TW",2022,123,20
2022-06-20,0.013619897741573348,0.009666780140381137,-0.019016262857099786,-0.004549375355843804,0.6666666666666666,0.6666666666666667,0.6666666666666667,0.0039000000000000003,"5876.TW,4904.TW,3008.TW",2022,123,3
2022-06-20,0.0004648214975294003,-0.00421735386707911,-0.019016262857099786,-0.004549375355843804,0.8,0.8,0.8,0.00468,"5876.TW,4904.TW,3008.TW,1301.TW,2327.TW",2022,123,5
2022-06-23,0.014436142930850307,0.008501691494704922,0.0004214211008704005,-0.0025419464352406207,1.0,1.0,1.0,0.00585,"2618.TW,1301.TW,1590.TW",2022,123,3
2022-06-23,0.01520953659039196,0.012239511407858839,0.0004214211008704005,-0.0025419464352406207,0.5000904681253642,0.5000904681253643,0.5000904681253642,0.002925529238533381,"2618.TW,1301.TW,1590.TW,4904.TW,6669.TW,2395.TW,2382.TW,3045.TW,5876.TW,3008.TW,1326.TW,2317.TW,2412.TW,2002.TW,3037.TW,1303.TW,2912.TW,1216.TW,2615.TW,2609.TW",2022,123,20
2022-06-23,0.0022117860172009007,-0.0007203563555515657,0.0004214211008704005,-0.0025419464352406207,0.5001147715604971,0.5001147715604972,0.5001147715604972,0.002925671413628909,"2618.TW,1301.TW,1590.TW,4904.TW,6669.TW,2395.TW,2382.TW,3045.TW,5876.TW,3008.TW",2022,123,10
2022-06-23,0.0034829500451450278,-3.927510951351465e-05,0.0004214211008704005,-0.0025419464352406207,0.6000000000000001,0.6000000000000001,0.6000000000000001,0.003510000000000001,"2618.TW,1301.TW,1590.TW,4904.TW,6669.TW",2022,123,5
2022-06-23,0.0034580355346655496,0.001109604312631074,0.0004214211008704005,-0.0025419464352406207,0.4000578203770284,0.4000578203770284,0.4000578203770284,0.002340338249205616,"2618.TW,1301.TW,1590.TW,4904.TW,6669.TW,2395.TW,2382.TW,3045.TW,5876.TW,3008.TW,1326.TW,2317.TW,2412.TW,2002.TW,3037.TW",2022,123,15
2022-06-28,-0.04529719387528118,-0.04755107957746585,-0.0627632028146703,-0.043111537323713305,0.40355973056679184,0.40355973056679184,0.40355973056679184,0.0023608244238157326,"6669.TW,3008.TW,5871.TW,2412.TW,3045.TW,2618.TW,3711.TW,1590.TW,1301.TW,2882.TW",2022,123,10
2022-06-28,-0.03946966918708652,-0.044003196011181744,-0.0627632028146703,-0.043111537323713305,0.806806225074456,0.806806225074456,0.806806225074456,0.004719816416685568,"6669.TW,3008.TW,5871.TW,2412.TW,3045.TW",2022,123,5
2022-06-28,-0.0672694790761565,-0.07272595262356107,-0.0627632028146703,-0.043111537323713305,1.0,1.0,1.0,0.00585,"6669.TW,3008.TW,5871.TW",2022,123,3
2022-06-28,-0.04606279136993803,-0.048340555631153026,-0.0627632028146703,-0.043111537323713305,0.4081625170409867,0.4081625170409868,0.40816251704098677,0.0023877507246897727,"6669.TW,3008.TW,5871.TW,2412.TW,3045.TW,2618.TW,3711.TW,1590.TW,1301.TW,2882.TW,1216.TW,2327.TW,1303.TW,2382.TW,3037.TW,2885.TW,2303.TW,2408.TW,2317.TW,2207.TW",2022,123,20
2022-06-28,-0.042718660623627315,-0.0449840010251078,-0.0627632028146703,-0.043111537323713305,0.4045181489895311,0.40451814898953126,0.4045181489895312,0.0023664311715887575,"6669.TW,3008.TW,5871.TW,2412.TW,3045.TW,2618.TW,3711.TW,1590.TW,1301.TW,2882.TW,1216.TW,2327.TW,1303.TW,2382.TW,3037.TW",2022,123,15
2022-07-01,-0.008531093081975777,-0.011693130607564717,-0.01617986687956474,-0.012551656490274503,0.5451701322874839,0.545170132287484,0.545170132287484,0.0031892452738817812,"3045.TW,1102.TW,2884.TW,1216.TW,5876.TW,1303.TW,2408.TW,2912.TW,2603.TW,1301.TW,1590.TW,5871.TW,2609.TW,2317.TW,2327.TW",2022,123,15
2022-07-01,-0.008564229775799138,-0.013204149180448432,-0.01617986687956474,-0.012551656490274503,0.8,0.7999999999999998,0.7999999999999999,0.004679999999999999,"3045.TW,1102.TW,2884.TW,1216.TW,5876.TW",2022,123,5
2022-07-01,-0.006267819069547986,-0.012081152327991118,-0.01617986687956474,-0.012551656490274503,1.0,1.0,1.0,0.00585,"3045.TW,1102.TW,2884.TW",2022,123,3
2022-07-01,-0.008932538970393464,-0.011617821714181353,-0.01617986687956474,-0.012551656490274503,0.46315988496779215,0.46315988496779215,0.46315988496779215,0.002709485327061584,"3045.TW,1102.TW,2884.TW,1216.TW,5876.TW,1303.TW,2408.TW,2912.TW,2603.TW,1301.TW,1590.TW,5871.TW,2609.TW,2317.TW,2327.TW,2615.TW,2882.TW,1101.TW,2382.TW,2330.TW",2022,123,20
2022-07-01,-0.019017797559308505,-0.023608794266731015,-0.01617986687956474,-0.012551656490274503,0.7999999999999999,0.7999999999999998,0.7999999999999998,0.004679999999999999,"3045.TW,1102.TW,2884.TW,1216.TW,5876.TW,1303.TW,2408.TW,2912.TW,2603.TW,1301.TW",2022,123,10
2022-07-06,0.008859925638877171,0.005620765973504804,0.01370489825496879,0.005139780898147563,0.5488398268477747,0.5488398268477748,0.5488398268477748,0.003210712987059482,"3037.TW,3045.TW,3231.TW,1216.TW,2327.TW,2912.TW,1303.TW,2883.TW,2345.TW,3034.TW,2303.TW,1301.TW,2308.TW,4904.TW,2408.TW",2022,123,15
2022-07-06,0.01417770140795307,0.010560045291451603,0.01370489825496879,0.005139780898147563,0.6097577910646373,0.6097577910646373,0.6097577910646373,0.0035670830777281286,"3037.TW,3045.TW,3231.TW,1216.TW,2327.TW,2912.TW,1303.TW,2883.TW,2345.TW,3034.TW",2022,123,10
2022-07-06,0.006692438431483904,0.0033601631150173006,0.01370489825496879,0.005139780898147563,0.5658329103018062,0.5658329103018063,0.5658329103018063,0.0033101225252655667,"3037.TW,3045.TW,3231.TW,1216.TW,2327.TW,2912.TW,1303.TW,2883.TW,2345.TW,3034.TW,2303.TW,1301.TW,2308.TW,4904.TW,2408.TW,2382.TW,5876.TW,2412.TW,3711.TW,2395.TW",2022,123,20
2022-07-06,0.021355507949731335,0.017770550116827932,0.01370489825496879,0.005139780898147563,0.6000000000000001,0.6,0.6000000000000001,0.00351,"3037.TW,3045.TW,3231.TW,1216.TW,2327.TW",2022,123,5
2022-07-06,0.004041518857099432,0.00012575693355687534,0.01370489825496879,0.005139780898147563,0.6666666666666666,0.6666666666666666,0.6666666666666666,0.0039,"3037.TW,3045.TW,3231.TW",2022,123,3
2022-07-11,0.005739975960410093,-0.00014360289895842815,0.032897779871084776,0.017455642294796625,1.0,1.0,1.0,0.00585,"1590.TW,9910.TW,2609.TW",2022,123,3
2022-07-11,0.03447020851249606,0.029023722864677914,0.032897779871084776,0.017455642294796625,0.8999999999999999,0.8999999999999999,0.8999999999999999,0.005265,"1590.TW,9910.TW,2609.TW,2618.TW,2345.TW,2308.TW,6669.TW,5871.TW,2317.TW,3017.TW",2022,123,10
2022-07-11,0.024201439701366782,0.020563974531579765,0.032897779871084776,0.017455642294796625,0.6070963130979574,0.6070963130979575,0.6070963130979574,0.0035515134316230516,"1590.TW,9910.TW,2609.TW,2618.TW,2345.TW,2308.TW,6669.TW,5871.TW,2317.TW,3017.TW,3037.TW,4904.TW,2303.TW,2603.TW,2884.TW,2408.TW,2880.TW,2412.TW,1102.TW,3231.TW",2022,123,20
2022-07-11,0.029709609022708493,0.023685807809925574,0.032897779871084776,0.017455642294796625,1.0,1.0,1.0,0.00585,"1590.TW,9910.TW,2609.TW,2618.TW,2345.TW",2022,123,5
2022-07-11,0.030014162615920187,0.02596263281328315,0.032897779871084776,0.017455642294796625,0.6723880332606861,0.6723880332606862,0.6723880332606862,0.0039334699945750146,"1590.TW,9910.TW,2609.TW,2618.TW,2345.TW,2308.TW,6669.TW,5871.TW,2317.TW,3017.TW,3037.TW,4904.TW,2303.TW,2603.TW,2884.TW",2022,123,15
2022-07-14,0.04029833387746096,0.0360095806606624,0.026911208660486574,0.02606648847031356,0.7047211209761582,0.7047211209761582,0.7047211209761582,0.004122618557710525,"2615.TW,2603.TW,2609.TW,2345.TW,1590.TW,2357.TW,3037.TW,5876.TW,2882.TW,1101.TW",2022,123,10
2022-07-14,0.0253615924456174,0.022325950809626294,0.026911208660486574,0.02606648847031356,0.5060781523245246,0.5060781523245246,0.5060781523245246,0.0029605571910984686,"2615.TW,2603.TW,2609.TW,2345.TW,1590.TW,2357.TW,3037.TW,5876.TW,2882.TW,1101.TW,4904.TW,2884.TW,5880.TW,2880.TW,2303.TW,2885.TW,2412.TW,2002.TW,2891.TW,3008.TW",2022,123,20
2022-07-14,0.05464948965417338,0.05213449433422168,0.026911208660486574,0.02606648847031356,0.4076365978683899,0.4076365978683899,0.4076365978683899,0.002384674097530081,"2615.TW,2603.TW,2609.TW,2345.TW,1590.TW",2022,123,5
2022-07-14,0.028729304505713742,0.025878576434877454,0.026911208660486574,0.02606648847031356,0.4736950153926375,0.47369501539263736,0.4736950153926374,0.002771115840046929,"2615.TW,2603.TW,2609.TW,2345.TW,1590.TW,2357.TW,3037.TW,5876.TW,2882.TW,1101.TW,4904.TW,2884.TW,5880.TW,2880.TW,2303.TW",2022,123,15
2022-07-14,0.06224607309054645,0.05810331340549335,0.026911208660486574,0.02606648847031356,0.6666666666666666,0.6666666666666667,0.6666666666666667,0.0039000000000000003,"2615.TW,2603.TW,2609.TW",2022,123,3
2022-07-19,0.010000940281350715,0.0078880943871944,0.0038844283982824024,0.0026419907817475186,0.35759396245384095,0.35759396245384084,0.3575939624538409,0.002091924680354969,"2603.TW,2609.TW,3034.TW",2022,123,3
2022-07-19,-0.0017497734472215146,-0.005276172546103797,0.0038844283982824024,0.0026419907817475186,0.6038598827548874,0.6038598827548876,0.6038598827548876,0.003532580314116092,"2603.TW,2609.TW,3034.TW,2886.TW,2345.TW,2327.TW,2885.TW,2882.TW,2883.TW,2887.TW,1590.TW,2891.TW,2382.TW,2892.TW,2880.TW",2022,123,15
2022-07-19,0.0006493762170425414,-0.0023076141240976344,0.0038844283982824024,0.0026419907817475186,0.5051404082155632,0.5051404082155633,0.5051404082155633,0.0029550713880610448,"2603.TW,2609.TW,3034.TW,2886.TW,2345.TW,2327.TW,2885.TW,2882.TW,2883.TW,2887.TW,1590.TW,2891.TW,2382.TW,2892.TW,2880.TW,5880.TW,2884.TW,2395.TW,2317.TW,2881.TW",2022,123,20
2022-07-19,-0.004629526374298521,-0.007027287526551795,0.0038844283982824024,0.0026419907817475186,0.41178004783172456,0.4117800478317244,0.4117800478317245,0.002408913279815588,"2603.TW,2609.TW,3034.TW,2886.TW,2345.TW",2022,123,5
2022-07-19,-0.0014778249057267661,-0.005012723787330975,0.0038844283982824024,0.0026419907817475186,0.6051505255960615,0.6051505255960613,0.6051505255960614,0.003540130574736959,"2603.TW,2609.TW,3034.TW,2886.TW,2345.TW,2327.TW,2885.TW,2882.TW,2883.TW,2887.TW",2022,123,10
2022-07-22,0.019323903606104302,0.01610980846549026,0.013327526392378441,0.016083874669275574,0.5390023434267185,0.5390023434267184,0.5390023434267184,0.0031531637090463026,"3017.TW,2603.TW,2609.TW,2883.TW,2886.TW,1303.TW,2207.TW,2882.TW,9910.TW,1101.TW,1590.TW,2382.TW,2881.TW,2412.TW,2330.TW",2022,123,15
2022-07-22,0.04573682663579781,0.04367462361086161,0.013327526392378441,0.016083874669275574,0.3370956521919595,0.33709565219195947,0.33709565219195947,0.001972009565322963,"3017.TW,2603.TW,2609.TW",2022,123,3
2022-07-22,0.02358144475546732,0.020535647606956475,0.013327526392378441,0.016083874669275574,0.5086542823565334,0.5086542823565334,0.5086542823565334,0.0029756275517857206,"3017.TW,2603.TW,2609.TW,2883.TW,2886.TW,1303.TW,2207.TW,2882.TW,9910.TW,1101.TW,1590.TW,2382.TW,2881.TW,2412.TW,2330.TW,2308.TW,1326.TW,1301.TW,5880.TW,2345.TW",2022,123,20
2022-07-22,0.0337493303743512,0.031330356941275284,0.013327526392378441,0.016083874669275574,0.4,0.4,0.4,0.00234,"3017.TW,2603.TW,2609.TW,2883.TW,2886.TW",2022,123,5
2022-07-22,0.023943428986176542,0.02093169388675009,0.013327526392378441,0.016083874669275574,0.5027880429217059,0.5027880429217059,0.5027880429217059,0.0029413100510919795,"3017.TW,2603.TW,2609.TW,2883.TW,2886.TW,1303.TW,2207.TW,2882.TW,9910.TW,1101.TW",2022,123,10
2022-07-27,-0.016762234598241887,-0.02028027580304026,-0.00909358930568549,-0.01034751932241257,0.6116267967769347,0.6116267967769347,0.6116267967769347,0.003578016761145068,"3034.TW,2603.TW,2408.TW,2609.TW,6669.TW",2022,123,5
2022-07-27,-0.013972623788998039,-0.017843063586128083,-0.00909358930568549,-0.01034751932241257,0.6709891190622199,0.6709891190622199,0.6709891190622199,0.003925286346513987,"3034.TW,2603.TW,2408.TW,2609.TW,6669.TW,2615.TW,2379.TW,2330.TW,2454.TW,2881.TW,2395.TW,2885.TW,1102.TW,2357.TW,9910.TW",2022,123,15
2022-07-27,-0.016870801431833872,-0.02149458530694215,-0.00909358930568549,-0.01034751932241257,0.8039537500793875,0.8039537500793876,0.8039537500793876,0.004703129437964418,"3034.TW,2603.TW,2408.TW,2609.TW,6669.TW,2615.TW,2379.TW,2330.TW,2454.TW,2881.TW",2022,123,10
2022-07-27,-0.01055715829192115,-0.014645914958189565,-0.00909358930568549,-0.01034751932241257,0.7063902370127081,0.7063902370127081,0.7063902370127081,0.004132382886524342,"3034.TW,2603.TW,2408.TW,2609.TW,6669.TW,2615.TW,2379.TW,2330.TW,2454.TW,2881.TW,2395.TW,2885.TW,1102.TW,2357.TW,9910.TW,2912.TW,3008.TW,1590.TW,2887.TW,2002.TW",2022,123,20
2022-07-27,-0.022934796471558383,-0.02681314178260541,-0.00909358930568549,-0.01034751932241257,0.6785268864772174,0.6785268864772174,0.6785268864772174,0.003969382285891722,"3034.TW,2603.TW,2408.TW",2022,123,3
2022-08-01,-0.0027886451301936273,-0.0055475824434608745,0.012440805117009068,0.005235752870929431,0.47293205561693197,0.47293205561693175,0.47293205561693186,0.002766652525359051,"2345.TW,2618.TW,2615.TW,2408.TW,1590.TW,6669.TW,9910.TW,3034.TW,4904.TW,2884.TW,2609.TW,2881.TW,2882.TW,2603.TW,2303.TW",2022,123,15
2022-08-01,-0.010796176015224103,-0.014291408768591363,0.012440805117009068,0.005235752870929431,0.6039965372652011,0.603996537265201,0.603996537265201,0.0035333797430014257,"2345.TW,2618.TW,2615.TW,2408.TW,1590.TW,6669.TW,9910.TW,3034.TW,4904.TW,2884.TW",2022,123,10
2022-08-01,-0.001300116341007635,-0.003966618449025794,0.012440805117009068,0.005235752870929431,0.45640570667430946,0.45640570667430946,0.45640570667430946,0.0026699733840447105,"2345.TW,2618.TW,2615.TW,2408.TW,1590.TW,6669.TW,9910.TW,3034.TW,4904.TW,2884.TW,2609.TW,2881.TW,2882.TW,2603.TW,2303.TW,2395.TW,2885.TW,3037.TW,2891.TW,2412.TW",2022,123,20
2022-08-01,-0.005108717687042642,-0.009769581873767419,0.012440805117009068,0.005235752870929431,0.8008200845376605,0.8008200845376605,0.8008200845376605,0.004684797494545314,"2345.TW,2618.TW,2615.TW,2408.TW,1590.TW",2022,123,5
2022-08-01,0.01339221321733234,0.0074638687700108175,0.012440805117009068,0.005235752870929431,1.0,1.0,1.0,0.00585,"2345.TW,2618.TW,2615.TW",2022,123,3
2022-08-04,0.014246364448432304,0.011221431229669232,1.5402711839307415e-07,0.013609368334727414,0.5098195267173904,0.5098195267173904,0.5098195267173904,0.0029824442312967343,"2379.TW,2618.TW,2454.TW,2408.TW,3034.TW,5871.TW,3037.TW,9910.TW,6669.TW,2395.TW",2022,123,10
2022-08-04,-0.019773299837172575,-0.023670241840076933,1.5402711839307415e-07,0.013609368334727414,0.6795815009015242,0.6795815009015242,0.6795815009015242,0.0039755517802739174,"2379.TW,2618.TW,2454.TW",2022,123,3
2022-08-04,0.011208984138814894,0.008201918419415088,1.5402711839307415e-07,0.013609368334727414,0.5083304600387052,0.5083304600387051,0.5083304600387051,0.002973733191226425,"2379.TW,2618.TW,2454.TW,2408.TW,3034.TW,5871.TW,3037.TW,9910.TW,6669.TW,2395.TW,2883.TW,3017.TW,2615.TW,2327.TW,3008.TW,1303.TW,2887.TW,2882.TW,2881.TW,1326.TW",2022,123,20
2022-08-04,-0.0038709334157954745,-0.007391668724574529,1.5402711839307415e-07,0.013609368334727414,0.6041738121160631,0.604173812116063,0.6041738121160631,0.003534416800878969,"2379.TW,2618.TW,2454.TW,2408.TW,3034.TW",2022,123,5
2022-08-04,0.014349123069821014,0.01073751747765006,1.5402711839307415e-07,0.013609368334727414,0.6086350973773001,0.6086350973773003,0.6086350973773003,0.0035605153196572063,"2379.TW,2618.TW,2454.TW,2408.TW,3034.TW,5871.TW,3037.TW,9910.TW,6669.TW,2395.TW,2883.TW,3017.TW,2615.TW,2327.TW,3008.TW",2022,123,15
2022-08-09,0.024588122470754835,0.0197930500575918,0.029237271151930866,0.024158766016322154,0.8,0.7999999999999998,0.7999999999999999,0.004679999999999999,"6669.TW,3034.TW,3008.TW,2882.TW,3037.TW",2022,123,5
2022-08-09,0.020139922340899,0.016137388059798363,0.029237271151930866,0.024158766016322154,0.6706863237301822,0.6706863237301822,0.6706863237301822,0.003923514993821566,"6669.TW,3034.TW,3008.TW,2882.TW,3037.TW,2308.TW,4904.TW,2887.TW,2885.TW,2891.TW,2357.TW,3711.TW,1101.TW,2395.TW,1301.TW",2022,123,15
2022-08-09,0.014110145436186715,0.0081776010853849,0.029237271151930866,0.024158766016322154,1.0,1.0000000000000002,1.0,0.005850000000000001,"6669.TW,3034.TW,3008.TW",2022,123,3
2022-08-09,0.02684512204519631,0.022640191270421273,0.029237271151930866,0.024158766016322154,0.7,0.7000000000000002,0.7000000000000001,0.0040950000000000005,"6669.TW,3034.TW,3008.TW,2882.TW,3037.TW,2308.TW,4904.TW,2887.TW,2885.TW,2891.TW",2022,123,10
2022-08-09,0.01925729190929013,0.015651802663201764,0.029237271151930866,0.024158766016322154,0.6046784780855506,0.6046784780855508,0.6046784780855508,0.0035373690968004716,"6669.TW,3034.TW,3008.TW,2882.TW,3037.TW,2308.TW,4904.TW,2887.TW,2885.TW,2891.TW,2357.TW,3711.TW,1101.TW,2395.TW,1301.TW,2207.TW,3045.TW,2345.TW,1326.TW,1216.TW",2022,123,20
2022-08-12,-0.011539405236527345,-0.01616540082002038,-0.000411760490683144,-0.004592638083698139,0.8,0.8,0.8,0.00468,"2379.TW,3017.TW,2303.TW,2327.TW,3037.TW",2022,123,5
2022-08-12,-0.006796395246834346,-0.011078043027458073,-0.000411760490683144,-0.004592638083698139,0.7369139620745869,0.736913962074587,0.736913962074587,0.004310946678136334,"2379.TW,3017.TW,2303.TW,2327.TW,3037.TW,2618.TW,3008.TW,2345.TW,3045.TW,2308.TW,2395.TW,3231.TW,9910.TW,2912.TW,1216.TW",2022,123,15
2022-08-12,-0.0026977201027089674,-0.006808980085284189,-0.000411760490683144,-0.004592638083698139,0.7046805149921853,0.7046805149921853,0.7046805149921853,0.004122381012704284,"2379.TW,3017.TW,2303.TW,2327.TW,3037.TW,2618.TW,3008.TW,2345.TW,3045.TW,2308.TW",2022,123,10
2022-08-12,-0.0074512814148240195,-0.01038316314963772,-0.000411760490683144,-0.004592638083698139,0.5049388060666935,0.5049388060666936,0.5049388060666935,0.0029538920154901574,"2379.TW,3017.TW,2303.TW,2327.TW,3037.TW,2618.TW,3008.TW,2345.TW,3045.TW,2308.TW,2395.TW,3231.TW,9910.TW,2912.TW,1216.TW,5880.TW,1326.TW,3034.TW,2885.TW,2609.TW",2022,123,20
2022-08-12,-0.00536019643747491,-0.011178839288315645,-0.000411760490683144,-0.004592638083698139,1.0,0.9999999999999999,1.0,0.005849999999999999,"2379.TW,3017.TW,2303.TW",2022,123,3
2022-08-17,0.009606304360681625,0.003700107480171466,-0.023476040762671957,-0.013500762740631202,1.0,1.0,1.0,0.00585,"3037.TW,2609.TW,2357.TW",2022,123,3
2022-08-17,-0.0054312325014273955,-0.009525122809537212,-0.023476040762671957,-0.013500762740631202,0.7036318975094014,0.7036318975094016,0.7036318975094015,0.00411624660043,"3037.TW,2609.TW,2357.TW,2615.TW,2618.TW,2408.TW,9910.TW,2395.TW,2912.TW,2327.TW",2022,123,10
2022-08-17,-0.012325090818319628,-0.015245266220719644,-0.023476040762671957,-0.013500762740631202,0.5054044380606117,0.5054044380606116,0.5054044380606117,0.0029566159626545786,"3037.TW,2609.TW,2357.TW,2615.TW,2618.TW,2408.TW,9910.TW,2395.TW,2912.TW,2327.TW,1101.TW,1216.TW,4904.TW,5880.TW,2207.TW,2454.TW,2330.TW,2345.TW,2412.TW,2880.TW",2022,123,20
2022-08-17,-0.007490651016545713,-0.010613228841260036,-0.023476040762671957,-0.013500762740631202,0.5378024778077592,0.537802477807759,0.5378024778077591,0.0031461444951753907,"3037.TW,2609.TW,2357.TW,2615.TW,2618.TW,2408.TW,9910.TW,2395.TW,2912.TW,2327.TW,1101.TW,1216.TW,4904.TW,5880.TW,2207.TW",2022,123,15
2022-08-17,-0.0061053856144639655,-0.010772647980824335,-0.023476040762671957,-0.013500762740631202,0.8027235636260304,0.8027235636260303,0.8027235636260304,0.004695932847212278,"3037.TW,2609.TW,2357.TW,2615.TW,2618.TW",2022,123,5
2022-08-22,0.015068068042148719,0.009129919844102163,0.010965692190914256,0.006421956245886573,0.9999999999999999,1.0,1.0,0.00585,"3017.TW,2303.TW,2345.TW,1590.TW,2880.TW,5871.TW,2308.TW,2881.TW,2603.TW,5880.TW",2022,123,10
2022-08-22,0.03182332333258797,0.025787156891092344,0.010965692190914256,0.006421956245886573,1.0,1.0,1.0,0.00585,"3017.TW,2303.TW,2345.TW",2022,123,3
2022-08-22,0.012296672886520144,0.008695228648998299,0.010965692190914256,0.006421956245886573,0.6081532322318552,0.6081532322318551,0.6081532322318552,0.0035576964085563528,"3017.TW,2303.TW,2345.TW,1590.TW,2880.TW,5871.TW,2308.TW,2881.TW,2603.TW,5880.TW,2454.TW,2330.TW,2615.TW,3008.TW,3711.TW,2609.TW,2885.TW,3231.TW,2408.TW,2884.TW",2022,123,20
2022-08-22,0.013166847570108537,0.008009682461497913,0.010965692190914256,0.006421956245886573,0.8701100784603022,0.8701100784603021,0.8701100784603022,0.005090143958992767,"3017.TW,2303.TW,2345.TW,1590.TW,2880.TW,5871.TW,2308.TW,2881.TW,2603.TW,5880.TW,2454.TW,2330.TW,2615.TW,3008.TW,3711.TW",2022,123,15
2022-08-22,0.02747141263607529,0.021460704872154235,0.010965692190914256,0.006421956245886573,1.0,0.9999999999999998,0.9999999999999999,0.005849999999999999,"3017.TW,2303.TW,2345.TW,1590.TW,2880.TW",2022,123,5
2022-08-25,-0.041804778516530375,-0.04629112936480606,-0.03254066078145279,-0.028345881520748274,0.8003562987034147,0.8003562987034147,0.8003562987034147,0.0046820843474149765,"2303.TW,2887.TW,9910.TW,3037.TW,2454.TW",2022,123,5
2022-08-25,-0.031412231302570176,-0.034835623143502525,-0.03254066078145279,-0.028345881520748274,0.604173628241399,0.604173628241399,0.604173628241399,0.003534415725212184,"2303.TW,2887.TW,9910.TW,3037.TW,2454.TW,2891.TW,2881.TW,2603.TW,3711.TW,2883.TW,2308.TW,2885.TW,2357.TW,3231.TW,2379.TW,1102.TW,1101.TW,2882.TW,2327.TW,2002.TW",2022,123,20
2022-08-25,-0.04026397669136595,-0.04421157284289434,-0.03254066078145279,-0.028345881520748274,0.7031128816220509,0.703112881622051,0.7031128816220509,0.004113210357488998,"2303.TW,2887.TW,9910.TW,3037.TW,2454.TW,2891.TW,2881.TW,2603.TW,3711.TW,2883.TW",2022,123,10
2022-08-25,-0.044092177121969556,-0.04783138622453931,-0.03254066078145279,-0.028345881520748274,0.6686638898402149,0.6686638898402149,0.6686638898402149,0.003911683755565257,"2303.TW,2887.TW,9910.TW",2022,123,3
2022-08-25,-0.03372477715699669,-0.03713907250306814,-0.03254066078145279,-0.028345881520748274,0.6040103443618087,0.6040103443618084,0.6040103443618086,0.0035334605145165795,"2303.TW,2887.TW,9910.TW,3037.TW,2454.TW,2891.TW,2881.TW,2603.TW,3711.TW,2883.TW,2308.TW,2885.TW,2357.TW,3231.TW,2379.TW",2022,123,15
2022-08-30,-0.016876138484982494,-0.01995887238067484,-0.0159551147932121,-0.019373673659521244,0.5360088181367627,0.5360088181367628,0.5360088181367628,0.0031356515861000627,"6669.TW,3034.TW,9910.TW,2379.TW,3037.TW,1590.TW,2303.TW,2408.TW,2887.TW,5880.TW,3231.TW,2882.TW,2880.TW,2881.TW,5876.TW",2022,123,15
2022-08-30,-0.01600671576112628,-0.018906324659392904,-0.0159551147932121,-0.019373673659521244,0.5037225849693866,0.5037225849693864,0.5037225849693865,0.0029467771220709105,"6669.TW,3034.TW,9910.TW,2379.TW,3037.TW,1590.TW,2303.TW,2408.TW,2887.TW,5880.TW,3231.TW,2882.TW,2880.TW,2881.TW,5876.TW,2886.TW,2330.TW,2308.TW,3017.TW,1101.TW",2022,123,20
2022-08-30,-0.021506240251388663,-0.02494957513273821,-0.0159551147932121,-0.019373673659521244,0.6015411415330386,0.6015411415330385,0.6015411415330385,0.0035190156779682756,"6669.TW,3034.TW,9910.TW,2379.TW,3037.TW,1590.TW,2303.TW,2408.TW,2887.TW,5880.TW",2022,123,10
2022-08-30,-0.021691212420570594,-0.025513922351224183,-0.0159551147932121,-0.019373673659521244,0.6679431865448364,0.6679431865448364,0.6679431865448364,0.003907467641287294,"6669.TW,3034.TW,9910.TW",2022,123,3
2022-08-30,-0.03419849681472038,-0.03759547461701773,-0.0159551147932121,-0.019373673659521244,0.6012415224966444,0.6012415224966444,0.6012415224966444,0.00351726290660537,"6669.TW,3034.TW,9910.TW,2379.TW,3037.TW",2022,123,5
2022-09-02,0.006848816405922329,0.0021288337316138772,-0.009202382768561446,0.0012485530802080612,0.8013463710083345,0.8013463710083344,0.8013463710083344,0.004687876270398756,"1102.TW,2345.TW,1101.TW,2002.TW,2454.TW,2308.TW,2618.TW,6669.TW,1216.TW,2892.TW,2609.TW,2207.TW,2615.TW,1301.TW,2886.TW,2885.TW,2357.TW,2603.TW,2884.TW,2327.TW",2022,123,20
2022-09-02,0.0130904253118723,0.007745621613442166,-0.009202382768561446,0.0012485530802080612,0.9018362379350426,0.9018362379350426,0.9018362379350426,0.00527574199192,"1102.TW,2345.TW,1101.TW,2002.TW,2454.TW,2308.TW,2618.TW,6669.TW,1216.TW,2892.TW",2022,123,10
2022-09-02,0.019899482708638772,0.013933070734793107,-0.009202382768561446,0.0012485530802080612,1.0,1.0,1.0,0.00585,"1102.TW,2345.TW,1101.TW,2002.TW,2454.TW",2022,123,5
2022-09-02,0.026434810399910504,0.020430166759071167,-0.009202382768561446,0.0012485530802080612,1.0,1.0,1.0,0.00585,"1102.TW,2345.TW,1101.TW",2022,123,3
2022-09-02,0.007755543508190692,0.002244164379521685,-0.009202382768561446,0.0012485530802080612,0.9348656987696417,0.934865698769642,0.9348656987696418,0.005468964337802406,"1102.TW,2345.TW,1101.TW,2002.TW,2454.TW,2308.TW,2618.TW,6669.TW,1216.TW,2892.TW,2609.TW,2207.TW,2615.TW,1301.TW,2886.TW",2022,123,15
2022-09-07,0.0037537224779817797,-0.00016091703968235116,-9.834511438544524e-08,0.0012118082099592776,0.6666666666666666,0.6666666666666667,0.6666666666666667,0.0039000000000000003,"1102.TW,2002.TW,1216.TW",2022,123,3
2022-09-07,0.005674253608587665,0.0033129422038855605,-9.834511438544524e-08,0.0012118082099592776,0.4013655253819757,0.40136552538197556,0.4013655253819756,0.0023479883234845574,"1102.TW,2002.TW,1216.TW,1101.TW,2382.TW,2892.TW,2357.TW,5880.TW,2345.TW,2912.TW",2022,123,10
2022-09-07,0.0031276644625354566,0.0004648896836527694,-9.834511438544524e-08,0.0012118082099592776,0.4537559794258851,0.453755979425885,0.4537559794258851,0.0026544724796414274,"1102.TW,2002.TW,1216.TW,1101.TW,2382.TW,2892.TW,2357.TW,5880.TW,2345.TW,2912.TW,2885.TW,2330.TW,2882.TW,2887.TW,2884.TW,2880.TW,2886.TW,2883.TW,2317.TW,2308.TW",2022,123,20
2022-09-07,-8.424391375294409e-06,-0.0023592414438712295,-9.834511438544524e-08,0.0012118082099592776,0.4018524541650613,0.4018524541650612,0.40185245416506127,0.0023508368568656082,"1102.TW,2002.TW,1216.TW,1101.TW,2382.TW",2022,123,5
2022-09-07,0.0026685092834387945,-0.0008531316675000067,-9.834511438544524e-08,0.0012118082099592776,0.6003877658166478,0.6003877658166478,0.6003877658166478,0.00351226843002739,"1102.TW,2002.TW,1216.TW,1101.TW,2382.TW,2892.TW,2357.TW,5880.TW,2345.TW,2912.TW,2885.TW,2330.TW,2882.TW,2887.TW,2884.TW",2022,123,15
2022-09-13,0.03350607266452784,0.0274600621394403,-0.000884607630386558,0.0065944652984196335,1.0,0.9999999999999999,1.0,0.005849999999999999,"3008.TW,2345.TW,2618.TW",2022,123,3
2022-09-13,0.005509415956526883,0.00196128680265506,-0.000884607630386558,0.0065944652984196335,0.6031945543778708,0.6031945543778706,0.6031945543778707,0.0035286881431105437,"3008.TW,2345.TW,2618.TW,3034.TW,1590.TW,2891.TW,3037.TW,3045.TW,2887.TW,2412.TW,1102.TW,1101.TW,2382.TW,4904.TW,5880.TW,2885.TW,5876.TW,2882.TW,2454.TW,1303.TW",2022,123,20
2022-09-13,0.006561026393543751,0.003017349209570863,-0.000884607630386558,0.0065944652984196335,0.6018083034225173,0.6018083034225176,0.6018083034225175,0.003520578575021727,"3008.TW,2345.TW,2618.TW,3034.TW,1590.TW,2891.TW,3037.TW,3045.TW,2887.TW,2412.TW,1102.TW,1101.TW,2382.TW,4904.TW,5880.TW",2022,123,15
2022-09-13,0.026002660185630272,0.02000054462354428,-0.000884607630386558,0.0065944652984196335,1.0,1.0,1.0,0.00585,"3008.TW,2345.TW,2618.TW,3034.TW,1590.TW",2022,123,5
2022-09-13,0.00877616716224933,0.0034649606421399692,-0.000884607630386558,0.0065944652984196335,0.8999999999999999,0.8999999999999999,0.8999999999999999,0.005265,"3008.TW,2345.TW,2618.TW,3034.TW,1590.TW,2891.TW,3037.TW,3045.TW,2887.TW,2412.TW",2022,123,10
2022-09-16,-0.007732693325529134,-0.013537457069574876,-0.022576199868541202,-0.020676601427864566,1.0,1.0,1.0,0.00585,"2912.TW,1216.TW,2408.TW",2022,123,3
2022-09-16,-0.017975856335084393,-0.023146213451480158,-0.022576199868541202,-0.020676601427864566,0.8999999999999999,0.9000000000000001,0.9,0.005265000000000001,"2912.TW,1216.TW,2408.TW,2345.TW,2885.TW,1101.TW,2002.TW,2308.TW,1102.TW,2382.TW",2022,123,10
2022-09-16,-0.018688424253693946,-0.0210199697978104,-0.022576199868541202,-0.020676601427864566,0.4061450040094968,0.40614500400949677,0.4061450040094968,0.002375948273455556,"2912.TW,1216.TW,2408.TW,2345.TW,2885.TW,1101.TW,2002.TW,2308.TW,1102.TW,2382.TW,2412.TW,3034.TW,3008.TW,1326.TW,2886.TW,2357.TW,3045.TW,2891.TW,5876.TW,4904.TW",2022,123,20
2022-09-16,-0.018746362932416005,-0.021834551017789416,-0.022576199868541202,-0.020676601427864566,0.5379805783820656,0.5379805783820656,0.5379805783820656,0.003147186383535084,"2912.TW,1216.TW,2408.TW,2345.TW,2885.TW,1101.TW,2002.TW,2308.TW,1102.TW,2382.TW,2412.TW,3034.TW,3008.TW,1326.TW,2886.TW",2022,123,15
2022-09-16,-0.00984765878467002,-0.01448157174155773,-0.022576199868541202,-0.020676601427864566,0.8,0.8,0.8,0.00468,"2912.TW,1216.TW,2408.TW,2345.TW,2885.TW",2022,123,5
2022-09-21,-0.05672861731199045,-0.062246754900715295,-0.023550810297840008,-0.02595068202145423,1.0,1.0,1.0,0.00585,"2002.TW,1102.TW,2603.TW",2022,123,3
2022-09-21,-0.04478917179065749,-0.04927224742126857,-0.023550810297840008,-0.02595068202145423,0.8022707574106818,0.8022707574106815,0.8022707574106817,0.0046932839308524875,"2002.TW,1102.TW,2603.TW,2345.TW,1101.TW",2022,123,5
2022-09-21,-0.033369404927841934,-0.03603913418988214,-0.023550810297840008,-0.02595068202145423,0.47211828256176835,0.4721182825617685,0.47211828256176847,0.0027618919529863455,"2002.TW,1102.TW,2603.TW,2345.TW,1101.TW,2382.TW,2395.TW,2357.TW,3034.TW,2886.TW,2317.TW,5880.TW,2303.TW,2880.TW,2885.TW",2022,123,15
2022-09-21,-0.03800851568468617,-0.04085020438206355,-0.023550810297840008,-0.02595068202145423,0.5049511971867142,0.5049511971867142,0.5049511971867142,0.002953964503542278,"2002.TW,1102.TW,2603.TW,2345.TW,1101.TW,2382.TW,2395.TW,2357.TW,3034.TW,2886.TW",2022,123,10
2022-09-21,-0.026778324253580607,-0.029094697911196787,-0.023550810297840008,-0.02595068202145423,0.4068562372396014,0.40685623723960146,0.4068562372396014,0.0023801089878516687,"2002.TW,1102.TW,2603.TW,2345.TW,1101.TW,2382.TW,2395.TW,2357.TW,3034.TW,2886.TW,2317.TW,5880.TW,2303.TW,2880.TW,2885.TW,1216.TW,2408.TW,3711.TW,2412.TW,6669.TW",2022,123,20
2022-09-26,-0.09834188534415698,-0.1036165853148937,-0.041743954310608955,-0.03507571889586849,1.0,0.9999999999999998,0.9999999999999999,0.005849999999999999,"2609.TW,2327.TW,3017.TW,2615.TW,2618.TW",2022,123,5
2022-09-26,-0.07111410483530076,-0.07548031888746132,-0.041743954310608955,-0.03507571889586849,0.8035016790790596,0.8035016790790594,0.8035016790790594,0.0047004848226124985,"2609.TW,2327.TW,3017.TW,2615.TW,2618.TW,1102.TW,3711.TW,1590.TW,2308.TW,1101.TW",2022,123,10
2022-09-26,-0.08833025509227313,-0.09366352309998327,-0.041743954310608955,-0.03507571889586849,1.0,1.0,1.0,0.00585,"2609.TW,2327.TW,3017.TW",2022,123,3
2022-09-26,-0.06337462036018371,-0.06705712983987355,-0.041743954310608955,-0.03507571889586849,0.6720817240603187,0.6720817240603189,0.6720817240603187,0.003931678085752865,"2609.TW,2327.TW,3017.TW,2615.TW,2618.TW,1102.TW,3711.TW,1590.TW,2308.TW,1101.TW,2881.TW,2412.TW,2317.TW,3034.TW,2303.TW",2022,123,15
2022-09-26,-0.04882349631153328,-0.05137545728744497,-0.041743954310608955,-0.03507571889586849,0.45862428662123017,0.4586242866212302,0.4586242866212302,0.002682952076734197,"2609.TW,2327.TW,3017.TW,2615.TW,2618.TW,1102.TW,3711.TW,1590.TW,2308.TW,1101.TW,2881.TW,2412.TW,2317.TW,3034.TW,2303.TW,4904.TW,2002.TW,5880.TW,2382.TW,2603.TW",2022,123,20
2022-09-29,0.045646209525242856,0.04196011854775805,0.03097769251814264,0.03281508720465103,0.6025948509662284,0.6025948509662283,0.6025948509662284,0.003525179878152436,"2615.TW,1590.TW,2603.TW,2609.TW,2317.TW,1101.TW,2887.TW,6669.TW,2883.TW,2886.TW",2022,123,10
2022-09-29,0.04460643546592792,0.041737443153125886,0.03097769251814264,0.03281508720465103,0.4694840274056561,0.4694840274056562,0.46948402740565615,0.0027464815603230885,"2615.TW,1590.TW,2603.TW,2609.TW,2317.TW,1101.TW,2887.TW,6669.TW,2883.TW,2886.TW,1102.TW,2303.TW,2891.TW,2308.TW,1303.TW",2022,123,15
2022-09-29,0.09152814471322,0.0876968809252765,0.03097769251814264,0.03281508720465103,0.6000000000000001,0.5999999999999999,0.6,0.0035099999999999997,"2615.TW,1590.TW,2603.TW,2609.TW,2317.TW",2022,123,5
2022-09-29,0.049711197238318024,0.04721268439536819,0.03097769251814264,0.03281508720465103,0.4068702073424331,0.40687020734243307,0.40687020734243307,0.0023801907129532337,"2615.TW,1590.TW,2603.TW,2609.TW,2317.TW,1101.TW,2887.TW,6669.TW,2883.TW,2886.TW,1102.TW,2303.TW,2891.TW,2308.TW,1303.TW,2882.TW,3037.TW,3711.TW,2881.TW,3017.TW",2022,123,20
2022-09-29,0.09927651491985363,0.09284574730757233,0.03097769251814264,0.03281508720465103,1.0,1.0,1.0,0.00585,"2615.TW,1590.TW,2603.TW",2022,123,3
2022-10-04,-0.0126864595742617,-0.01737231033679032,-0.042253464389499285,-0.02670597983140877,0.8112925606199718,0.8112925606199719,0.8112925606199719,0.004746061479626836,"2618.TW,1216.TW,5876.TW,3008.TW,2912.TW,2883.TW,4904.TW,2382.TW,9910.TW,2887.TW",2022,123,10
2022-10-04,-0.011824473871195755,-0.016512988525654193,-0.042253464389499285,-0.02670597983140877,0.8110456849992375,0.8110456849992375,0.8110456849992375,0.0047446172572455396,"2618.TW,1216.TW,5876.TW,3008.TW,2912.TW,2883.TW,4904.TW,2382.TW,9910.TW,2887.TW,5880.TW,2885.TW,2881.TW,2882.TW,1102.TW",2022,123,15
2022-10-04,0.0021564904703467542,-0.0037061249989047695,-0.042253464389499285,-0.02670597983140877,1.0,1.0,1.0,0.00585,"2618.TW,1216.TW,5876.TW",2022,123,3
2022-10-04,-0.01657091081554595,-0.020379935183013842,-0.042253464389499285,-0.02670597983140877,0.662086655409192,0.6620866554091921,0.662086655409192,0.0038732069341437738,"2618.TW,1216.TW,5876.TW,3008.TW,2912.TW,2883.TW,4904.TW,2382.TW,9910.TW,2887.TW,5880.TW,2885.TW,2881.TW,2882.TW,1102.TW,2330.TW,1326.TW,3231.TW,2317.TW,3711.TW",2022,123,20
2022-10-04,-0.0041845123169929055,-0.010010032919938516,-0.042253464389499285,-0.02670597983140877,1.0,1.0,1.0,0.00585,"2618.TW,1216.TW,5876.TW,3008.TW,2912.TW",2022,123,5
2022-10-07,-0.020819693273733515,-0.025989455217290458,-0.002451015597643713,-0.010604577027205953,0.9025099711269521,0.9025099711269521,0.9025099711269521,0.00527968333109267,"2609.TW,2615.TW,3017.TW,2345.TW,2454.TW,5871.TW,1590.TW,2603.TW,2357.TW,2382.TW",2022,123,10
2022-10-07,-0.03358674635040959,-0.03924026388425972,-0.002451015597643713,-0.010604577027205953,1.0,1.0,1.0,0.00585,"2609.TW,2615.TW,3017.TW",2022,123,3
2022-10-07,-0.026858561139278866,-0.03255143855661413,-0.002451015597643713,-0.010604577027205953,1.0,1.0,1.0,0.00585,"2609.TW,2615.TW,3017.TW,2345.TW,2454.TW",2022,123,5
2022-10-07,-0.022373159896539895,-0.02734033207560882,-0.002451015597643713,-0.010604577027205953,0.868520816479873,0.8685208164798731,0.868520816479873,0.005080846776407258,"2609.TW,2615.TW,3017.TW,2345.TW,2454.TW,5871.TW,1590.TW,2603.TW,2357.TW,2382.TW,2330.TW,2882.TW,2880.TW,3711.TW,2379.TW",2022,123,15
2022-10-07,-0.024992739828542065,-0.029020595521059067,-0.002451015597643713,-0.010604577027205953,0.7061715012051387,0.7061715012051386,0.7061715012051386,0.004131103282050061,"2609.TW,2615.TW,3017.TW,2345.TW,2454.TW,5871.TW,1590.TW,2603.TW,2357.TW,2382.TW,2330.TW,2882.TW,2880.TW,3711.TW,2379.TW,2892.TW,3045.TW,5880.TW,2618.TW,2207.TW",2022,123,20
2022-10-13,-0.012907050371348013,-0.016789323190107952,-0.009336557718444993,-0.007212713161248212,0.6723139695454905,0.6723139695454904,0.6723139695454905,0.003933036721841119,"3034.TW,2603.TW,2615.TW,9910.TW,2609.TW,5876.TW,6669.TW,1590.TW,3037.TW,2317.TW,2308.TW,2618.TW,5871.TW,2883.TW,2884.TW",2022,123,15
2022-10-13,-0.008863841116866444,-0.012781872989532594,-0.009336557718444993,-0.007212713161248212,0.6757386783439518,0.675738678343952,0.6757386783439518,0.003953071268312119,"3034.TW,2603.TW,2615.TW",2022,123,3
2022-10-13,-0.01160318043060631,-0.015127722006308186,-0.009336557718444993,-0.007212713161248212,0.6095585573602949,0.6095585573602947,0.6095585573602949,0.0035659175605577244,"3034.TW,2603.TW,2615.TW,9910.TW,2609.TW,5876.TW,6669.TW,1590.TW,3037.TW,2317.TW,2308.TW,2618.TW,5871.TW,2883.TW,2884.TW,2882.TW,1216.TW,2886.TW,2892.TW,1301.TW",2022,123,20
2022-10-13,-0.009994902857872846,-0.013505136373962334,-0.009336557718444993,-0.007212713161248212,0.606097805973328,0.606097805973328,0.606097805973328,0.003545672164943969,"3034.TW,2603.TW,2615.TW,9910.TW,2609.TW,5876.TW,6669.TW,1590.TW,3037.TW,2317.TW",2022,123,10
2022-10-13,-0.000169489539590817,-0.0037298535419812984,-0.009336557718444993,-0.007212713161248212,0.6087124015625367,0.6087124015625366,0.6087124015625367,0.003560967549140839,"3034.TW,2603.TW,2615.TW,9910.TW,2609.TW",2022,123,5
2022-10-18,0.002151990084920544,0.0001229509124913708,-0.0004961116906938567,0.0023671313708154163,0.34609950028631314,0.3460995002863132,0.3460995002863132,0.002024682076674932,"3008.TW,2615.TW,2603.TW",2022,123,3
2022-10-18,0.008398119131619149,0.004058578538879365,-0.0004961116906938567,0.0023671313708154163,0.7356239531302895,0.7356239531302897,0.7356239531302896,0.004303400125812195,"3008.TW,2615.TW,2603.TW,2609.TW,3017.TW,2303.TW,2912.TW,2880.TW,2887.TW,2892.TW,9910.TW,2891.TW,2886.TW,5880.TW,1216.TW",2022,123,15
2022-10-18,0.008642371314761279,0.004490030861449723,-0.0004961116906938567,0.0023671313708154163,0.7037199775433094,0.7037199775433094,0.7037199775433094,0.00411676186862836,"3008.TW,2615.TW,2603.TW,2609.TW,3017.TW,2303.TW,2912.TW,2880.TW,2887.TW,2892.TW",2022,123,10
2022-10-18,-0.0035874317490162786,-0.005973435015896644,-0.0004961116906938567,0.0023671313708154163,0.4093322578420025,0.40933225784200244,0.40933225784200244,0.0023945937083757144,"3008.TW,2615.TW,2603.TW,2609.TW,3017.TW",2022,123,5
2022-10-18,0.010960508494449649,0.00738625654083136,-0.0004961116906938567,0.0023671313708154163,0.6043591562687852,0.6043591562687852,0.6043591562687852,0.003535501064172394,"3008.TW,2615.TW,2603.TW,2609.TW,3017.TW,2303.TW,2912.TW,2880.TW,2887.TW,2892.TW,9910.TW,2891.TW,2886.TW,5880.TW,1216.TW,2884.TW,4904.TW,2002.TW,3045.TW,2885.TW",2022,123,20
2022-10-21,-0.007287443031688526,-0.011190289552349797,-0.022332360634757964,-0.0045343377443298975,0.672050783192021,0.672050783192021,0.672050783192021,0.003931497081673323,"2379.TW,3711.TW,2603.TW",2022,123,3
2022-10-21,-0.010237975368671104,-0.014882203850681397,-0.022332360634757964,-0.0045343377443298975,0.8020970605492463,0.8020970605492463,0.8020970605492463,0.004692267804213091,"2379.TW,3711.TW,2603.TW,3037.TW,2618.TW",2022,123,5
2022-10-21,-0.01236469578322242,-0.016996429173448457,-0.022332360634757964,-0.0045343377443298975,0.8016615992706115,0.8016615992706116,0.8016615992706115,0.004689720355733078,"2379.TW,3711.TW,2603.TW,3037.TW,2618.TW,2454.TW,5876.TW,3008.TW,2884.TW,1301.TW,2892.TW,2308.TW,2882.TW,1101.TW,5871.TW",2022,123,15
2022-10-21,-0.004305801847570444,-0.008980447038519856,-0.022332360634757964,-0.0045343377443298975,0.802540227218634,0.8025402272186339,0.8025402272186339,0.004694860329229009,"2379.TW,3711.TW,2603.TW,3037.TW,2618.TW,2454.TW,5876.TW,3008.TW,2884.TW,1301.TW",2022,123,10
2022-10-21,-0.00884698446236611,-0.012639002467156879,-0.022332360634757964,-0.0045343377443298975,0.6539940814239935,0.6539940814239936,0.6539940814239935,0.0038258653763303626,"2379.TW,3711.TW,2603.TW,3037.TW,2618.TW,2454.TW,5876.TW,3008.TW,2884.TW,1301.TW,2892.TW,2308.TW,2882.TW,1101.TW,5871.TW,2880.TW,2883.TW,2615.TW,3017.TW,2345.TW",2022,123,20
2022-10-26,0.027569692984454795,0.022760666821287634,0.0035532025366951103,0.008567680118656926,0.8,0.7999999999999999,0.8,0.00468,"3711.TW,5871.TW,2609.TW,2615.TW,6669.TW",2022,123,5
2022-10-26,0.033166918258732025,0.029072641323699022,0.0035532025366951103,0.008567680118656926,0.6774088356705088,0.6774088356705086,0.6774088356705087,0.003962841688672476,"3711.TW,5871.TW,2609.TW,2615.TW,6669.TW,2330.TW,1590.TW,2603.TW,2327.TW,9910.TW,2345.TW,2454.TW,2002.TW,3017.TW,2308.TW",2022,123,15
2022-10-26,0.02163047637746266,0.017646117519590554,0.0035532025366951103,0.008567680118656926,0.6666666666666666,0.6666666666666666,0.6666666666666666,0.0039,"3711.TW,5871.TW,2609.TW",2022,123,3
2022-10-26,0.025747337123371405,0.02297097869199871,0.0035532025366951103,0.008567680118656926,0.4626784468980455,0.46267844689804566,0.4626784468980456,0.002706668914353567,"3711.TW,5871.TW,2609.TW,2615.TW,6669.TW,2330.TW,1590.TW,2603.TW,2327.TW,9910.TW,2345.TW,2454.TW,2002.TW,3017.TW,2308.TW,5876.TW,2618.TW,2881.TW,2395.TW,1101.TW",2022,123,20
2022-10-26,0.036419333230509866,0.031567604318021525,0.0035532025366951103,0.008567680118656926,0.8002121757715758,0.8002121757715756,0.8002121757715757,0.004681241228263718,"3711.TW,5871.TW,2609.TW,2615.TW,6669.TW,2330.TW,1590.TW,2603.TW,2327.TW,9910.TW",2022,123,10
2022-10-31,-0.0027423592176071825,-0.005727650314939714,-0.007587154814039376,-0.001935223800341539,0.5117094616430534,0.5117094616430533,0.5117094616430533,0.002993500350611862,"2615.TW,2603.TW,3037.TW,3711.TW,1590.TW,9910.TW,2308.TW,2207.TW,2618.TW,2881.TW",2022,123,10
2022-10-31,0.0030419786167249175,0.0003559217753892341,-0.007587154814039376,-0.001935223800341539,0.4577625118403553,0.4577625118403553,0.4577625118403553,0.002677910694266079,"2615.TW,2603.TW,3037.TW,3711.TW,1590.TW,9910.TW,2308.TW,2207.TW,2618.TW,2881.TW,2357.TW,2303.TW,2454.TW,6669.TW,2885.TW,3034.TW,1303.TW,4904.TW,5871.TW,2884.TW",2022,123,20
2022-10-31,-0.018855007711249223,-0.024594705916138437,-0.007587154814039376,-0.001935223800341539,1.0,1.0,1.0,0.00585,"2615.TW,2603.TW,3037.TW",2022,123,3
2022-10-31,0.007212761013263632,0.004399325599001136,-0.007587154814039376,-0.001935223800341539,0.47748514440917933,0.4774851444091794,0.47748514440917933,0.0027932880947936995,"2615.TW,2603.TW,3037.TW,3711.TW,1590.TW,9910.TW,2308.TW,2207.TW,2618.TW,2881.TW,2357.TW,2303.TW,2454.TW,6669.TW,2885.TW",2022,123,15
2022-10-31,-0.012239577300987438,-0.015758721002561815,-0.007587154814039376,-0.001935223800341539,0.6090171382514016,0.6090171382514015,0.6090171382514016,0.003562750258770699,"2615.TW,2603.TW,3037.TW,3711.TW,1590.TW",2022,123,5
2022-11-03,0.056262088677952536,0.050682363205853065,0.04536171536314959,0.04495145814876192,0.9029948496908624,0.9029948496908626,0.9029948496908625,0.005282519870691546,"2882.TW,2883.TW,2379.TW,2603.TW,2609.TW,2395.TW,4904.TW,3034.TW,2317.TW,2408.TW",2022,123,10
2022-11-03,0.034955248019706765,0.028900759818791588,0.04536171536314959,0.04495145814876192,1.0,1.0,1.0,0.00585,"2882.TW,2883.TW,2379.TW",2022,123,3
2022-11-03,0.04531119413682425,0.03958767719062983,0.04536171536314959,0.04495145814876192,0.9359690881042773,0.935969088104277,0.9359690881042771,0.005475419165410021,"2882.TW,2883.TW,2379.TW,2603.TW,2609.TW,2395.TW,4904.TW,3034.TW,2317.TW,2408.TW,2912.TW,5876.TW,2382.TW,1101.TW,3045.TW",2022,123,15
2022-11-03,0.05170936521096839,0.04736034340728845,0.04536171536314959,0.04495145814876192,0.7068706955884625,0.7068706955884625,0.7068706955884625,0.004135193569192506,"2882.TW,2883.TW,2379.TW,2603.TW,2609.TW,2395.TW,4904.TW,3034.TW,2317.TW,2408.TW,2912.TW,5876.TW,2382.TW,1101.TW,3045.TW,2615.TW,3231.TW,3711.TW,2618.TW,1216.TW",2022,123,20
2022-11-03,0.06038301963064701,0.05539484301334907,0.04536171536314959,0.04495145814876192,0.8041243096646931,0.8041243096646931,0.8041243096646931,0.004704127211538455,"2882.TW,2883.TW,2379.TW,2603.TW,2609.TW",2022,123,5
2022-11-08,0.052039004726306855,0.047924263753117646,0.07069729261921331,0.042920977186847946,0.6685821743980612,0.6685821743980613,0.6685821743980613,0.003911205720228659,"2609.TW,6669.TW,2615.TW,2603.TW,2379.TW,2395.TW,2303.TW,2454.TW,9910.TW,2207.TW,3008.TW,2308.TW,2885.TW,2330.TW,2408.TW",2022,123,15
2022-11-08,0.05091629730690049,0.047210208993736735,0.07069729261921331,0.042920977186847946,0.6028257163724989,0.6028257163724989,0.6028257163724989,0.003526530440779119,"2609.TW,6669.TW,2615.TW,2603.TW,2379.TW,2395.TW,2303.TW,2454.TW,9910.TW,2207.TW",2022,123,10
2022-11-08,0.032753552075972796,0.03029820185302179,0.07069729261921331,0.042920977186847946,0.40640672306140824,0.40640672306140807,0.4064067230614081,0.0023774793299092376,"2609.TW,6669.TW,2615.TW,2603.TW,2379.TW",2022,123,5
2022-11-08,0.04522846266121285,0.04211655622476407,0.07069729261921331,0.042920977186847946,0.5089316232759555,0.5089316232759554,0.5089316232759555,0.0029772499961643393,"2609.TW,6669.TW,2615.TW,2603.TW,2379.TW,2395.TW,2303.TW,2454.TW,9910.TW,2207.TW,3008.TW,2308.TW,2885.TW,2330.TW,2408.TW,1102.TW,5876.TW,3711.TW,2912.TW,2317.TW",2022,123,20
2022-11-08,0.010792378715158996,0.004879243299675151,0.07069729261921331,0.042920977186847946,1.0,1.0,1.0,0.00585,"2609.TW,6669.TW,2615.TW",2022,123,3
2022-11-11,0.0037677408468396517,0.00015546776599140166,0.03779591216446798,0.005848540637323967,0.6151647963918786,0.6151647963918785,0.6151647963918785,0.0035987140588924897,"6669.TW,2615.TW,2207.TW,2317.TW,2881.TW,4904.TW,3231.TW,2603.TW,2912.TW,2885.TW",2022,123,10
2022-11-11,-0.0014814382559701139,-0.005061295049785586,0.03779591216446798,0.005848540637323967,0.6128492305714575,0.6128492305714577,0.6128492305714576,0.003585167998843027,"6669.TW,2615.TW,2207.TW,2317.TW,2881.TW,4904.TW,3231.TW,2603.TW,2912.TW,2885.TW,1216.TW,2609.TW,2618.TW,2886.TW,5876.TW",2022,123,15
2022-11-11,-0.0017934605167422954,-0.005082054216524079,0.03779591216446798,0.005848540637323967,0.5631627794028164,0.5631627794028164,0.5631627794028164,0.0032945022595064766,"6669.TW,2615.TW,2207.TW,2317.TW,2881.TW,4904.TW,3231.TW,2603.TW,2912.TW,2885.TW,1216.TW,2609.TW,2618.TW,2886.TW,5876.TW,1101.TW,2412.TW,3045.TW,2382.TW,2884.TW",2022,123,20
2022-11-11,0.011977210948480322,0.008360360592974514,0.03779591216446798,0.005848540637323967,0.6109475701095293,0.610947570109529,0.6109475701095292,0.003574043285140745,"6669.TW,2615.TW,2207.TW,2317.TW,2881.TW",2022,123,5
2022-11-11,0.01683971068797189,0.014798820209003694,0.03779591216446798,0.005848540637323967,0.34309258743342885,0.3430925874334289,0.34309258743342885,0.002007091636485559,"6669.TW,2615.TW,2207.TW",2022,123,3
2022-11-16,-0.011800646420646667,-0.0164254193953981,-0.0048265686037176625,-0.00664836855742203,0.8,0.8,0.8,0.00468,"6669.TW,3017.TW,2408.TW,4904.TW,3034.TW",2022,123,5
2022-11-16,-0.009693722738393145,-0.012912293122154694,-0.0048265686037176625,-0.00664836855742203,0.5555684985704902,0.5555684985704903,0.5555684985704903,0.003250075716637368,"6669.TW,3017.TW,2408.TW,4904.TW,3034.TW,3045.TW,2912.TW,1216.TW,1303.TW,1590.TW,2327.TW,2317.TW,3037.TW,2412.TW,2207.TW,2345.TW,2454.TW,2880.TW,5876.TW,3711.TW",2022,123,20
2022-11-16,-0.008393731125122924,-0.01190157210129894,-0.0048265686037176625,-0.00664836855742203,0.6047066813916403,0.6047066813916404,0.6047066813916404,0.003537534086141096,"6669.TW,3017.TW,2408.TW,4904.TW,3034.TW,3045.TW,2912.TW,1216.TW,1303.TW,1590.TW,2327.TW,2317.TW,3037.TW,2412.TW,2207.TW",2022,123,15
2022-11-16,0.005787004818545808,0.0018644354997534585,-0.0048265686037176625,-0.00664836855742203,0.6666666666666666,0.6666666666666666,0.6666666666666666,0.0039,"6669.TW,3017.TW,2408.TW",2022,123,3
2022-11-16,-0.00939865817315102,-0.013490338973868532,-0.0048265686037176625,-0.00664836855742203,0.706068713996893,0.7060687139968933,0.7060687139968931,0.004130501976881825,"6669.TW,3017.TW,2408.TW,4904.TW,3034.TW,3045.TW,2912.TW,1216.TW,1303.TW,1590.TW",2022,123,10
2022-11-21,0.031471012565308265,0.028196599767856156,0.028659560173221132,0.025020184907547587,0.5426509097265441,0.5426509097265442,0.5426509097265442,0.003174507821900283,"6669.TW,1590.TW,3037.TW,3034.TW,2615.TW,2327.TW,2408.TW,2454.TW,2330.TW,2609.TW,3711.TW,3008.TW,4904.TW,2303.TW,2379.TW",2022,123,15
2022-11-21,0.024529862044936637,0.020495080525170017,0.028659560173221132,0.025020184907547587,0.6731929133998091,0.6731929133998092,0.6731929133998091,0.003938178543388884,"6669.TW,1590.TW,3037.TW",2022,123,3
2022-11-21,0.0370064595175978,0.03328284964956696,0.028659560173221132,0.025020184907547587,0.6137999445556033,0.6137999445556033,0.6137999445556033,0.0035907296756502796,"6669.TW,1590.TW,3037.TW,3034.TW,2615.TW",2022,123,5
2022-11-21,0.034022423674812084,0.03032632463884699,0.028659560173221132,0.025020184907547587,0.611023307187364,0.611023307187364,0.611023307187364,0.0035744863470460794,"6669.TW,1590.TW,3037.TW,3034.TW,2615.TW,2327.TW,2408.TW,2454.TW,2330.TW,2609.TW",2022,123,10
2022-11-21,0.028233532106114737,0.0254746979715037,0.028659560173221132,0.025020184907547587,0.4586463715105775,0.45864637151057747,0.4586463715105775,0.0026830812733368782,"6669.TW,1590.TW,3037.TW,3034.TW,2615.TW,2327.TW,2408.TW,2454.TW,2330.TW,2609.TW,3711.TW,3008.TW,4904.TW,2303.TW,2379.TW,3045.TW,9910.TW,2308.TW,1216.TW,5871.TW",2022,123,20
2022-11-24,-0.011863882027353546,-0.01481123304077614,-0.013287718107728663,-4.2845422805632974e-05,0.5098697202656983,0.5098697202656983,0.5098697202656983,0.0029827378635543353,"2327.TW,3037.TW,6669.TW,3034.TW,3008.TW,2883.TW,2454.TW,2303.TW,3017.TW,3711.TW",2022,123,10
2022-11-24,-0.006010753501124189,-0.007792743128603341,-0.013287718107728663,-4.2845422805632974e-05,0.30645564085106497,0.30645564085106475,0.30645564085106486,0.001792765498978729,"2327.TW,3037.TW,6669.TW,3034.TW,3008.TW,2883.TW,2454.TW,2303.TW,3017.TW,3711.TW,5871.TW,2330.TW,3045.TW,2609.TW,2885.TW,2207.TW,1303.TW,2615.TW,2317.TW,1216.TW",2022,123,20
2022-11-24,-0.020286767921433396,-0.0222514400126419,-0.013287718107728663,-4.2845422805632974e-05,0.3427955978506551,0.3427955978506552,0.34279559785065516,0.002005354247426333,"2327.TW,3037.TW,6669.TW",2022,123,3
2022-11-24,-0.022129996246374264,-0.024496293678521908,-0.013287718107728663,-4.2845422805632974e-05,0.4136493460213809,0.4136493460213809,0.4136493460213809,0.002419848674225078,"2327.TW,3037.TW,6669.TW,3034.TW,3008.TW",2022,123,5
2022-11-24,-0.008394302378083066,-0.010375177755089893,-0.013287718107728663,-4.2845422805632974e-05,0.34147764214022575,0.34147764214022563,0.3414776421402257,0.00199764420652032,"2327.TW,3037.TW,6669.TW,3034.TW,3008.TW,2883.TW,2454.TW,2303.TW,3017.TW,3711.TW,5871.TW,2330.TW,3045.TW,2609.TW,2885.TW",2022,123,15
2022-11-29,0.0258914658040015,0.023451899687509492,0.019113851213366395,0.0132770538318695,0.4064950951182406,0.40649509511824056,0.40649509511824056,0.0023779963064417074,"3037.TW,2379.TW,3008.TW,2330.TW,5876.TW,3034.TW,3017.TW,3711.TW,2891.TW,2454.TW",2022,123,10
2022-11-29,0.035985106354679,0.03190149703443845,0.019113851213366395,0.0132770538318695,0.6738058983406192,0.6738058983406192,0.6738058983406192,0.003941764505292622,"3037.TW,2379.TW,3008.TW",2022,123,3
2022-11-29,0.018991816133895303,0.016572470038433762,0.019113851213366395,0.0132770538318695,0.40585550204976806,0.40585550204976817,0.4058555020497681,0.0023742546869911438,"3037.TW,2379.TW,3008.TW,2330.TW,5876.TW,3034.TW,3017.TW,3711.TW,2891.TW,2454.TW,2603.TW,1101.TW,1590.TW,1216.TW,2207.TW,3045.TW,2912.TW,2317.TW,4904.TW,2615.TW",2022,123,20
2022-11-29,0.02511072007716428,0.02148910584512498,0.019113851213366395,0.0132770538318695,0.6039146248100722,0.6039146248100722,0.6039146248100722,0.003532900555138922,"3037.TW,2379.TW,3008.TW,2330.TW,5876.TW",2022,123,5
2022-11-29,0.0203986193869788,0.01717808133782639,0.019113851213366395,0.0132770538318695,0.5395139842232981,0.5395139842232981,0.5395139842232981,0.003156156807706294,"3037.TW,2379.TW,3008.TW,2330.TW,5876.TW,3034.TW,3017.TW,3711.TW,2891.TW,2454.TW,2603.TW,1101.TW,1590.TW,1216.TW,2207.TW",2022,123,15
2022-12-02,-0.05036019184381235,-0.054077038677924905,-0.027706699528752377,-0.017706843599033538,0.6690520213292487,0.6690520213292487,0.6690520213292487,0.003913954324776105,"2330.TW,2327.TW,2379.TW",2022,123,3
2022-12-02,-0.024724614849926902,-0.027311992870755475,-0.027706699528752377,-0.017706843599033538,0.45349944015987503,0.45349944015987503,0.45349944015987503,0.002652971724935269,"2330.TW,2327.TW,2379.TW,3008.TW,3017.TW,2345.TW,1590.TW,2317.TW,3037.TW,2454.TW,3034.TW,5871.TW,6669.TW,2881.TW,9910.TW,2603.TW,2883.TW,2618.TW,2395.TW,5876.TW",2022,123,20
2022-12-02,-0.04246985815007286,-0.044725575366949544,-0.027706699528752377,-0.017706843599033538,0.4026950899954377,0.40269508999543746,0.40269508999543757,0.0023557662764733095,"2330.TW,2327.TW,2379.TW,3008.TW,3017.TW,2345.TW,1590.TW,2317.TW,3037.TW,2454.TW",2022,123,10
2022-12-02,-0.04221528192116267,-0.04448501560373508,-0.027706699528752377,-0.017706843599033538,0.405089636913229,0.40508963691322897,0.40508963691322897,0.00236977437594239,"2330.TW,2327.TW,2379.TW,3008.TW,3017.TW",2022,123,5
2022-12-02,-0.03125712411889274,-0.03391106884756334,-0.027706699528752377,-0.017706843599033538,0.4683035889911394,0.46830358899113955,0.46830358899113944,0.002739575995598166,"2330.TW,2327.TW,2379.TW,3008.TW,3017.TW,2345.TW,1590.TW,2317.TW,3037.TW,2454.TW,3034.TW,5871.TW,6669.TW,2881.TW,9910.TW",2022,123,15
2022-12-07,0.012287733373223132,0.008688070688370741,0.003945670295884884,0.004910759121791441,0.6078577605847114,0.6078577605847115,0.6078577605847115,0.0035559678994205625,"2379.TW,2615.TW,2603.TW,2330.TW,2345.TW,3037.TW,3711.TW,2408.TW,2609.TW,2882.TW,2308.TW,2357.TW,2327.TW,5871.TW,2880.TW",2022,123,15
2022-12-07,0.0213660246051397,0.017290887205197336,0.003945670295884884,0.004910759121791441,0.6820323634909697,0.6820323634909697,0.6820323634909697,0.003989889326422173,"2379.TW,2615.TW,2603.TW",2022,123,3
2022-12-07,0.012374332868632144,0.008756689606020718,0.003945670295884884,0.004910759121791441,0.6108417979731491,0.6108417979731491,0.6108417979731491,0.003573424518142922,"2379.TW,2615.TW,2603.TW,2330.TW,2345.TW",2022,123,5
2022-12-07,0.009704812190636996,0.006403573381872585,0.003945670295884884,0.004910759121791441,0.5588903999181387,0.5588903999181388,0.5588903999181387,0.003269508839521112,"2379.TW,2615.TW,2603.TW,2330.TW,2345.TW,3037.TW,3711.TW,2408.TW,2609.TW,2882.TW,2308.TW,2357.TW,2327.TW,5871.TW,2880.TW,2883.TW,2912.TW,2881.TW,1101.TW,1326.TW",2022,123,20
2022-12-07,0.013149271286117214,0.009537753817917993,0.003945670295884884,0.004910759121791441,0.6093410229508543,0.6093410229508542,0.6093410229508542,0.0035646449842624975,"2379.TW,2615.TW,2603.TW,2330.TW,2345.TW,3037.TW,3711.TW,2408.TW,2609.TW,2882.TW",2022,123,10
2022-12-12,-0.007076361710930594,-0.009808638330227049,-0.017467229445397137,-0.009493143960908008,0.4703844428189464,0.47038444281894654,0.4703844428189465,0.002751748990490837,"3037.TW,3017.TW,2615.TW,2379.TW,2303.TW,2603.TW,2330.TW,2882.TW,2881.TW,2618.TW,5871.TW,3008.TW,3711.TW,2395.TW,2883.TW",2022,123,15
2022-12-12,-0.006344077774477837,-0.01022682838253064,-0.017467229445397137,-0.009493143960908008,0.6679556150302557,0.6679556150302557,0.6679556150302557,0.0039075403479269955,"3037.TW,3017.TW,2615.TW",2022,123,3
2022-12-12,-0.008008491927867189,-0.011496756373718942,-0.017467229445397137,-0.009493143960908008,0.6010984124423167,0.6010984124423169,0.6010984124423168,0.0035164257127875535,"3037.TW,3017.TW,2615.TW,2379.TW,2303.TW",2022,123,5
2022-12-12,-0.009339240192667686,-0.011969655583111138,-0.017467229445397137,-0.009493143960908008,0.4538825748720368,0.4538825748720371,0.453882574872037,0.0026552130630014166,"3037.TW,3017.TW,2615.TW,2379.TW,2303.TW,2603.TW,2330.TW,2882.TW,2881.TW,2618.TW,5871.TW,3008.TW,3711.TW,2395.TW,2883.TW,2207.TW,2345.TW,1303.TW,5876.TW,1590.TW",2022,123,20
2022-12-12,-0.01034538398985878,-0.012685003605814593,-0.017467229445397137,-0.009493143960908008,0.4041157092752429,0.4041157092752429,0.4041157092752429,0.0023640768992601708,"3037.TW,3017.TW,2615.TW,2379.TW,2303.TW,2603.TW,2330.TW,2882.TW,2881.TW,2618.TW",2022,123,10
2022-12-15,-0.04063256794827637,-0.042920707607050024,-0.015111047945553624,-0.011347048258655932,0.40770091972921674,0.4077009197292167,0.40770091972921674,0.0023850503804159176,"3017.TW,3037.TW,2379.TW,2454.TW,1590.TW",2022,123,5
2022-12-15,-0.027058729944629187,-0.03012227659002531,-0.015111047945553624,-0.011347048258655932,0.5382474804644615,0.5382474804644614,0.5382474804644615,0.003148747760717099,"3017.TW,3037.TW,2379.TW,2454.TW,1590.TW,2002.TW,5876.TW,2881.TW,2330.TW,2891.TW,2618.TW,1102.TW,2382.TW,3711.TW,2887.TW",2022,123,15
2022-12-15,-0.03231538509642889,-0.03517527584936275,-0.015111047945553624,-0.011347048258655932,0.5051958113702788,0.5051958113702789,0.5051958113702788,0.0029553954965161316,"3017.TW,3037.TW,2379.TW,2454.TW,1590.TW,2002.TW,5876.TW,2881.TW,2330.TW,2891.TW",2022,123,10
2022-12-15,-0.06904992249612858,-0.07093809827776099,-0.015111047945553624,-0.011347048258655932,0.34670504753890824,0.34670504753890835,0.3467050475389083,0.0020282245281026136,"3017.TW,3037.TW,2379.TW",2022,123,3
2022-12-15,-0.019782894013816454,-0.022684460734088696,-0.015111047945553624,-0.011347048258655932,0.506004545450796,0.5060045454507962,0.5060045454507961,0.0029601265908871578,"3017.TW,3037.TW,2379.TW,2454.TW,1590.TW,2002.TW,5876.TW,2881.TW,2330.TW,2891.TW,2618.TW,1102.TW,2382.TW,3711.TW,2887.TW,2412.TW,2882.TW,2308.TW,3231.TW,3045.TW",2022,123,20
2022-12-20,0.009012033774447453,0.005714098902503073,-6.838553645582834e-08,0.009824125899242976,0.5587143977370503,0.5587143977370503,0.5587143977370503,0.0032684792267617447,"2609.TW,5871.TW,1101.TW,2885.TW,3711.TW,2892.TW,2002.TW,3034.TW,1102.TW,2891.TW,2327.TW,3037.TW,2881.TW,2303.TW,3008.TW,2382.TW,1216.TW,2330.TW,2357.TW,3017.TW",2022,123,20
2022-12-20,0.020374416394199308,0.014405226058293197,-6.838553645582834e-08,0.009824125899242976,1.0,1.0,1.0,0.00585,"2609.TW,5871.TW,1101.TW",2022,123,3
2022-12-20,0.01100162252136095,0.007400807115543806,-6.838553645582834e-08,0.009824125899242976,0.6088259279538215,0.6088259279538214,0.6088259279538215,0.003561631678529855,"2609.TW,5871.TW,1101.TW,2885.TW,3711.TW,2892.TW,2002.TW,3034.TW,1102.TW,2891.TW,2327.TW,3037.TW,2881.TW,2303.TW,3008.TW",2022,123,15
2022-12-20,0.013783783267769146,0.007853148135652743,-6.838553645582834e-08,0.009824125899242976,1.0,1.0,1.0,0.00585,"2609.TW,5871.TW,1101.TW,2885.TW,3711.TW",2022,123,5
2022-12-20,0.015851700552568484,0.01109751459398245,-6.838553645582834e-08,0.009824125899242976,0.7999999999999999,0.7999999999999999,0.7999999999999999,0.00468,"2609.TW,5871.TW,1101.TW,2885.TW,3711.TW,2892.TW,2002.TW,3034.TW,1102.TW,2891.TW",2022,123,10
2022-12-23,-0.016530248246470345,-0.0194338523961326,-0.014440628809742617,-0.01618534916014744,0.5046851606781689,0.5046851606781687,0.5046851606781688,0.0029524081899672872,"1590.TW,9910.TW,5871.TW,3231.TW,2002.TW,3711.TW,2327.TW,2887.TW,2330.TW,2345.TW,2379.TW,3008.TW,2412.TW,2892.TW,2308.TW,2303.TW,1216.TW,2357.TW,2912.TW,2618.TW",2022,123,20
2022-12-23,-0.017333066171832744,-0.021937029693114618,-0.014440628809742617,-0.01618534916014744,0.8008840882274485,0.8008840882274482,0.8008840882274484,0.004685171916130573,"1590.TW,9910.TW,5871.TW,3231.TW,2002.TW",2022,123,5
2022-12-23,-0.015614403704785618,-0.019474336441170026,-0.014440628809742617,-0.01618534916014744,0.6702836411446502,0.6702836411446503,0.6702836411446502,0.0039211593006962045,"1590.TW,9910.TW,5871.TW",2022,123,3
2022-12-23,-0.01733809642764041,-0.02081142438616479,-0.014440628809742617,-0.01618534916014744,0.6042070754986798,0.6042070754986799,0.6042070754986799,0.0035346113916672776,"1590.TW,9910.TW,5871.TW,3231.TW,2002.TW,3711.TW,2327.TW,2887.TW,2330.TW,2345.TW,2379.TW,3008.TW,2412.TW,2892.TW,2308.TW",2022,123,15
2022-12-23,-0.017206246503859456,-0.021241649125162465,-0.014440628809742617,-0.01618534916014744,0.7018892941108449,0.7018892941108446,0.7018892941108448,0.0041060523705484415,"1590.TW,9910.TW,5871.TW,3231.TW,2002.TW,3711.TW,2327.TW,2887.TW,2330.TW,2345.TW",2022,123,10
2022-12-28,0.020419209114005098,0.01760884239012972,0.010073456417271087,0.011867764297012418,0.4707913805356042,0.4707913805356044,0.4707913805356043,0.0027541295761332853,"1590.TW,3711.TW,2327.TW,3034.TW,2379.TW,2603.TW,3008.TW,2395.TW,3017.TW,1101.TW,2330.TW,2308.TW,2891.TW,2887.TW,2609.TW",2022,123,15
2022-12-28,0.02686265560199996,0.022841010626328373,0.010073456417271087,0.011867764297012418,0.6694767560701302,0.6694767560701302,0.6694767560701302,0.003916439023010262,"1590.TW,3711.TW,2327.TW",2022,123,3
2022-12-28,0.038570717818015195,0.03370207032081329,0.010073456417271087,0.011867764297012418,0.8013392069898055,0.8013392069898055,0.8013392069898055,0.004687834360890363,"1590.TW,3711.TW,2327.TW,3034.TW,2379.TW",2022,123,5
2022-12-28,0.024625942020640883,0.020422670953828437,0.010073456417271087,0.011867764297012418,0.7012391988161596,0.7012391988161597,0.7012391988161597,0.004102249313074534,"1590.TW,3711.TW,2327.TW,3034.TW,2379.TW,2603.TW,3008.TW,2395.TW,3017.TW,1101.TW",2022,123,10
2022-12-28,0.01907179576702665,0.016061068854790417,0.010073456417271087,0.011867764297012418,0.5050224872963537,0.5050224872963538,0.5050224872963538,0.0029543815506836695,"1590.TW,3711.TW,2327.TW,3034.TW,2379.TW,2603.TW,3008.TW,2395.TW,3017.TW,1101.TW,2330.TW,2308.TW,2891.TW,2887.TW,2609.TW,5871.TW,2615.TW,1102.TW,2303.TW,2880.TW",2022,123,20
2023-01-03,0.01663885390210331,0.0151901435352928,0.033544813964261566,0.024399031854569757,1.0,0.0,0.5,0.001425,"3231.TW,2412.TW,2887.TW,2892.TW,2912.TW",2023,123,5
2023-01-03,0.018353740867359896,0.01690258678662393,0.033544813964261566,0.024399031854569757,0.9999999999999999,0.0,0.49999999999999994,0.0014249999999999998,"3231.TW,2412.TW,2887.TW,2892.TW,2912.TW,2382.TW,1216.TW,2357.TW,3045.TW,1301.TW,5880.TW,2891.TW,2618.TW,1101.TW,4904.TW",2023,123,15
2023-01-03,0.018950574703886947,0.017498570134933944,0.033544813964261566,0.024399031854569757,1.0000000000000002,0.0,0.5000000000000001,0.0014250000000000003,"3231.TW,2412.TW,2887.TW,2892.TW,2912.TW,2382.TW,1216.TW,2357.TW,3045.TW,1301.TW,5880.TW,2891.TW,2618.TW,1101.TW,4904.TW,9910.TW,5871.TW,2884.TW,1102.TW,2886.TW",2023,123,20
2023-01-03,0.014855574112128856,0.013409404919018986,0.033544813964261566,0.024399031854569757,0.9999999999999999,0.0,0.49999999999999994,0.0014249999999999998,"3231.TW,2412.TW,2887.TW,2892.TW,2912.TW,2382.TW,1216.TW,2357.TW,3045.TW,1301.TW",2023,123,10
2023-01-03,0.016370876693473736,0.014922548194185703,0.033544813964261566,0.024399031854569757,1.0,0.0,0.5,0.001425,"3231.TW,2412.TW,2887.TW",2023,123,3
2023-01-06,0.004328144359747687,0.001964256096049999,0.021929864177839375,0.006767643278848033,0.40234206932189864,0.4023420693218985,0.40234206932189853,0.0023537011055331063,"3231.TW,2618.TW,2912.TW,1216.TW,2885.TW,2382.TW,2884.TW,2892.TW,2412.TW,2886.TW",2023,123,10
2023-01-06,0.0022224963054876586,0.00044540227477574135,0.021929864177839375,0.006767643278848033,0.30310311184042016,0.3031031118404202,0.30310311184042016,0.0017731532042664583,"3231.TW,2618.TW,2912.TW,1216.TW,2885.TW,2382.TW,2884.TW,2892.TW,2412.TW,2886.TW,2357.TW,2609.TW,2330.TW,4904.TW,3045.TW,1102.TW,1326.TW,5876.TW,5880.TW,2880.TW",2023,123,20
2023-01-06,0.002201615267483866,0.00022652395886835208,0.021929864177839375,0.006767643278848033,0.3368807640836751,0.33688076408367507,0.33688076408367507,0.0019707524698894994,"3231.TW,2618.TW,2912.TW,1216.TW,2885.TW,2382.TW,2884.TW,2892.TW,2412.TW,2886.TW,2357.TW,2609.TW,2330.TW,4904.TW,3045.TW",2023,123,15
2023-01-06,0.0037342153632045445,-0.00018034807671196695,0.021929864177839375,0.006767643278848033,0.6666666666666666,0.6666666666666667,0.6666666666666667,0.0039000000000000003,"3231.TW,2618.TW,2912.TW",2023,123,3
2023-01-06,0.005259701008658357,0.0017226623771315897,0.021929864177839375,0.006767643278848033,0.6014584964347873,0.6014584964347872,0.6014584964347873,0.0035185322041435055,"3231.TW,2618.TW,2912.TW,1216.TW,2885.TW",2023,123,5
2023-01-11,0.0026875171197022762,-0.0012409217666059513,0.015879780971788993,0.0018337407659500204,0.6697281089950768,0.6697281089950768,0.6697281089950768,0.0039179094376211995,"2412.TW,2357.TW,2912.TW",2023,123,3
2023-01-11,0.002109958922193694,3.310460225613987e-05,0.015879780971788993,0.0018337407659500204,0.35427033661036894,0.3542703366103691,0.354270336610369,0.002072481469170659,"2412.TW,2357.TW,2912.TW,1301.TW,2881.TW,2884.TW,1326.TW,2609.TW,2883.TW,1216.TW,2317.TW,2603.TW,2892.TW,1102.TW,3017.TW,3045.TW,2882.TW,5880.TW,2886.TW,5876.TW",2023,123,20
2023-01-11,-4.881449061773231e-05,-0.0031874805185618804,0.015879780971788993,0.0018337407659500204,0.5365502987703842,0.5365502987703841,0.5365502987703841,0.003138819247806747,"2412.TW,2357.TW,2912.TW,1301.TW,2881.TW,2884.TW,1326.TW,2609.TW,2883.TW,1216.TW,2317.TW,2603.TW,2892.TW,1102.TW,3017.TW",2023,123,15
2023-01-11,0.005490173987708725,0.0007719064840232548,0.015879780971788993,0.0018337407659500204,0.8021375787520046,0.8021375787520046,0.8021375787520046,0.004692504835699227,"2412.TW,2357.TW,2912.TW,1301.TW,2881.TW",2023,123,5
2023-01-11,0.004000687824326976,0.00046023534355787987,0.015879780971788993,0.0018337407659500204,0.602793961804668,0.6027939618046682,0.602793961804668,0.0035263446765573083,"2412.TW,2357.TW,2912.TW,1301.TW,2881.TW,2884.TW,1326.TW,2609.TW,2883.TW,1216.TW",2023,123,10
2023-01-16,0.00905394429241534,0.005508519545474266,0.02899057079807088,0.011810955942122576,0.6006175544188611,0.6006175544188612,0.6006175544188612,0.0035136126933503382,"2357.TW,3045.TW,4904.TW,1301.TW,2912.TW,3231.TW,2892.TW,2882.TW,2883.TW,2618.TW",2023,123,10
2023-01-16,0.010253380234664405,0.007588793548462425,0.02899057079807088,0.011810955942122576,0.4508620436572778,0.45086204365727767,0.4508620436572777,0.002637542955395075,"2357.TW,3045.TW,4904.TW,1301.TW,2912.TW,3231.TW,2892.TW,2882.TW,2883.TW,2618.TW,2317.TW,2884.TW,2382.TW,1303.TW,2412.TW,9910.TW,2891.TW,2308.TW,2303.TW,1216.TW",2023,123,20
2023-01-16,0.0010510764920831364,-0.0028582547189540675,0.02899057079807088,0.011810955942122576,0.6675600887601164,0.6675600887601164,0.6675600887601164,0.003905226519246681,"2357.TW,3045.TW,4904.TW",2023,123,3
2023-01-16,0.0015656283515294467,-0.0007903060550464858,0.02899057079807088,0.011810955942122576,0.40209429994793455,0.40209429994793433,0.40209429994793444,0.002352251654695416,"2357.TW,3045.TW,4904.TW,1301.TW,2912.TW",2023,123,5
2023-01-16,0.008721841043305513,0.005963761884047569,0.02899057079807088,0.011810955942122576,0.4673900214775098,0.46739002147750985,0.46739002147750985,0.0027342316256434326,"2357.TW,3045.TW,4904.TW,1301.TW,2912.TW,3231.TW,2892.TW,2882.TW,2883.TW,2618.TW,2317.TW,2884.TW,2382.TW,1303.TW,2412.TW",2023,123,15
2023-01-31,-0.0038067850260722715,-0.009634515333669769,0.008396328864896496,0.0077068514794501365,1.0,0.9999999999999998,0.9999999999999999,0.005849999999999999,"2912.TW,2885.TW,2412.TW",2023,123,3
2023-01-31,-0.005121316632272654,-0.009221974758766405,0.008396328864896496,0.0077068514794501365,0.7045755556217251,0.7045755556217254,0.7045755556217252,0.004121767000387093,"2912.TW,2885.TW,2412.TW,2891.TW,4904.TW,1216.TW,1102.TW,3045.TW,5876.TW,2880.TW",2023,123,10
2023-01-31,-0.0057110511473439825,-0.009211024308099502,0.008396328864896496,0.0077068514794501365,0.6017224782352704,0.6017224782352704,0.6017224782352704,0.003520076497676332,"2912.TW,2885.TW,2412.TW,2891.TW,4904.TW",2023,123,5
2023-01-31,-0.0017906884736148174,-0.005712244483133233,0.008396328864896496,0.0077068514794501365,0.6715539986232544,0.6715539986232546,0.6715539986232545,0.003928590891946039,"2912.TW,2885.TW,2412.TW,2891.TW,4904.TW,1216.TW,1102.TW,3045.TW,5876.TW,2880.TW,2884.TW,1326.TW,5880.TW,3711.TW,2886.TW",2023,123,15
2023-01-31,-0.0029098475980411103,-0.005594073474920802,0.008396328864896496,0.0077068514794501365,0.4601810870667032,0.46018108706670324,0.46018108706670324,0.002692059359340214,"2912.TW,2885.TW,2412.TW,2891.TW,4904.TW,1216.TW,1102.TW,3045.TW,5876.TW,2880.TW,2884.TW,1326.TW,5880.TW,3711.TW,2886.TW,2892.TW,1301.TW,5871.TW,2382.TW,9910.TW",2023,123,20
2023-02-03,-0.0038652486347866555,-0.008551110067048118,0.0033305422826466202,0.0018146908769270632,0.8041100394649907,0.8041100394649907,0.8041100394649907,0.004704043730870196,"2891.TW,1216.TW,1326.TW,2892.TW,2880.TW",2023,123,5
2023-02-03,-0.0013586084408622355,-0.0028380619978405353,0.0033305422826466202,0.0018146908769270632,0.2532421007836351,0.25324210078363507,0.25324210078363507,0.0014814662895842653,"2891.TW,1216.TW,1326.TW,2892.TW,2880.TW,9910.TW,1303.TW,1301.TW,2912.TW,1102.TW,2317.TW,3045.TW,2412.TW,2883.TW,2002.TW,5880.TW,2881.TW,2885.TW,4904.TW,2884.TW",2023,123,20
2023-02-03,-0.0035117168269022487,-0.009341173283464843,0.0033305422826466202,0.0018146908769270632,1.0,1.0,1.0,0.00585,"2891.TW,1216.TW,1326.TW",2023,123,3
2023-02-03,-0.0009597753632886397,-0.0037103661853481462,0.0033305422826466202,0.0018146908769270632,0.47063817223205556,0.4706381722320555,0.4706381722320555,0.002753233307557525,"2891.TW,1216.TW,1326.TW,2892.TW,2880.TW,9910.TW,1303.TW,1301.TW,2912.TW,1102.TW,2317.TW,3045.TW,2412.TW,2883.TW,2002.TW",2023,123,15
2023-02-03,-0.001266611333032097,-0.004208746234431349,0.0033305422826466202,0.0018146908769270632,0.5035668664742612,0.5035668664742611,0.5035668664742612,0.0029458661688744276,"2891.TW,1216.TW,1326.TW,2892.TW,2880.TW,9910.TW,1303.TW,1301.TW,2912.TW,1102.TW",2023,123,10
2023-02-08,0.010726397358598535,0.008351259466168548,0.00622406570232803,0.005044246895755984,0.40169770810328737,0.40169770810328737,0.40169770810328737,0.002349931592404231,"1326.TW,2883.TW,2881.TW,2880.TW,2912.TW,2618.TW,5880.TW,2892.TW,2891.TW,1216.TW,2412.TW,1303.TW,2609.TW,2886.TW,2885.TW",2023,123,15
2023-02-08,0.00941946691191062,0.007929951198852203,0.00622406570232803,0.005044246895755984,0.2522420846382134,0.25224208463821346,0.2522420846382134,0.0014756161951335488,"1326.TW,2883.TW,2881.TW,2880.TW,2912.TW,2618.TW,5880.TW,2892.TW,2891.TW,1216.TW,2412.TW,1303.TW,2609.TW,2886.TW,2885.TW,3045.TW,2884.TW,2603.TW,1102.TW,5876.TW",2023,123,20
2023-02-08,0.013610117600645417,0.009644557220563232,0.00622406570232803,0.005044246895755984,0.6687715103410877,0.6687715103410878,0.6687715103410878,0.003912313335495364,"1326.TW,2883.TW,2881.TW",2023,123,3
2023-02-08,0.011447692358049077,0.00906826065383548,0.00622406570232803,0.005044246895755984,0.40213692248431376,0.4021369224843137,0.40213692248431376,0.0023525009965332353,"1326.TW,2883.TW,2881.TW,2880.TW,2912.TW,2618.TW,5880.TW,2892.TW,2891.TW,1216.TW",2023,123,10
2023-02-08,0.01344364476250166,0.009873524881936602,0.00622406570232803,0.005044246895755984,0.6021813899713577,0.6021813899713577,0.6021813899713577,0.003522761131332443,"1326.TW,2883.TW,2881.TW,2880.TW,2912.TW",2023,123,5
2023-02-13,0.009745987907090758,0.00501954459562981,-0.0160824658358123,0.0008040953237266723,0.8001408644116337,0.8001408644116338,0.8001408644116337,0.0046808240568080575,"2408.TW,2207.TW,1326.TW,2618.TW,1102.TW",2023,123,5
2023-02-13,0.014365943340297414,0.010190277809034143,-0.0160824658358123,0.0008040953237266723,0.7036799533633901,0.7036799533633902,0.7036799533633902,0.004116527727175833,"2408.TW,2207.TW,1326.TW,2618.TW,1102.TW,2327.TW,2317.TW,3008.TW,2308.TW,2880.TW",2023,123,10
2023-02-13,0.009521722862800055,0.005964083773608575,-0.0160824658358123,0.0008040953237266723,0.6024074770033248,0.6024074770033248,0.6024074770033248,0.00352408374046945,"2408.TW,2207.TW,1326.TW,2618.TW,1102.TW,2327.TW,2317.TW,3008.TW,2308.TW,2880.TW,1301.TW,2412.TW,2885.TW,2379.TW,2912.TW",2023,123,15
2023-02-13,0.0003682155365726989,-0.003534914593239624,-0.0160824658358123,0.0008040953237266723,0.6669561479759576,0.6669561479759577,0.6669561479759576,0.0039016934656593526,"2408.TW,2207.TW,1326.TW",2023,123,3
2023-02-13,0.007678355782852506,0.004718401226972535,-0.0160824658358123,0.0008040953237266723,0.5021196841765885,0.5021196841765884,0.5021196841765885,0.0029374001524330425,"2408.TW,2207.TW,1326.TW,2618.TW,1102.TW,2327.TW,2317.TW,3008.TW,2308.TW,2880.TW,1301.TW,2412.TW,2885.TW,2379.TW,2912.TW,3711.TW,1216.TW,2883.TW,5876.TW,3037.TW",2023,123,20
2023-02-16,-0.0008437612201660067,-0.004976026461237071,-0.015087902404493092,0.0021695259300963765,0.7069666377116723,0.7069666377116726,0.7069666377116725,0.004135754830613284,"3711.TW,5871.TW,3231.TW,1216.TW,5880.TW,2881.TW,2207.TW,1326.TW,3008.TW,1301.TW",2023,123,10
2023-02-16,-0.010973622600701486,-0.016759426908487418,-0.015087902404493092,0.0021695259300963765,1.0,1.0,1.0,0.00585,"3711.TW,5871.TW,3231.TW",2023,123,3
2023-02-16,-0.0021884368543636733,-0.005728382668156229,-0.015087902404493092,0.0021695259300963765,0.6064461115493551,0.6064461115493553,0.6064461115493552,0.003547709752563729,"3711.TW,5871.TW,3231.TW,1216.TW,5880.TW,2881.TW,2207.TW,1326.TW,3008.TW,1301.TW,2880.TW,2330.TW,3045.TW,2883.TW,2912.TW",2023,123,15
2023-02-16,-0.0056792216729127055,-0.011495998226126125,-0.015087902404493092,0.0021695259300963765,1.0,1.0000000000000002,1.0,0.005850000000000001,"3711.TW,5871.TW,3231.TW,1216.TW,5880.TW",2023,123,5
2023-02-16,0.000559405881945718,-0.0021236249246968653,-0.015087902404493092,0.0021695259300963765,0.45838132351669547,0.4583813235166957,0.4583813235166956,0.0026815307425726697,"3711.TW,5871.TW,3231.TW,1216.TW,5880.TW,2881.TW,2207.TW,1326.TW,3008.TW,1301.TW,2880.TW,2330.TW,3045.TW,2883.TW,2912.TW,2885.TW,1590.TW,2892.TW,5876.TW,2887.TW",2023,123,20
2023-02-21,0.019261840228567435,0.01526993847284941,-0.001702213569797828,0.0009490018441371473,0.6694809337174438,0.6694809337174439,0.6694809337174439,0.003916463462247046,"2395.TW,4904.TW,3711.TW",2023,123,3
2023-02-21,0.0029761276244313034,-0.0011443623558128335,-0.001702213569797828,0.0009490018441371473,0.7022672246930434,0.7022672246930433,0.7022672246930433,0.004108263264454303,"2395.TW,4904.TW,3711.TW,2885.TW,2880.TW,2891.TW,5880.TW,2881.TW,2317.TW,2912.TW",2023,123,10
2023-02-21,-0.002646598400968963,-0.00499489747552162,-0.001702213569797828,0.0009490018441371473,0.4024838583586258,0.4024838583586257,0.40248385835862577,0.0023545305713979607,"2395.TW,4904.TW,3711.TW,2885.TW,2880.TW,2891.TW,5880.TW,2881.TW,2317.TW,2912.TW,2883.TW,1326.TW,5871.TW,2412.TW,2892.TW,1216.TW,3045.TW,2882.TW,2618.TW,2886.TW",2023,123,20
2023-02-21,-0.0010671055225671907,-0.003807061070355444,-0.001702213569797828,0.0009490018441371473,0.46886880219557286,0.4688688021955731,0.468868802195573,0.0027428824928441026,"2395.TW,4904.TW,3711.TW,2885.TW,2880.TW,2891.TW,5880.TW,2881.TW,2317.TW,2912.TW,2883.TW,1326.TW,5871.TW,2412.TW,2892.TW",2023,123,15
2023-02-21,0.011114607394134215,0.006366357273260181,-0.001702213569797828,0.0009490018441371473,0.8027444974024456,0.8027444974024456,0.8027444974024456,0.0046960553098043065,"2395.TW,4904.TW,3711.TW,2885.TW,2880.TW",2023,123,5
2023-02-24,0.016194011473040337,0.010249276505923,0.024296727313026345,0.01862002463379782,1.0,1.0,1.0,0.00585,"2886.TW,2357.TW,3045.TW,1303.TW,5880.TW",2023,123,5
2023-02-24,0.00928692120784135,0.0069186313970577284,0.024296727313026345,0.01862002463379782,0.4011107808736356,0.40111078087363566,0.4011107808736356,0.0023464980681107686,"2886.TW,2357.TW,3045.TW,1303.TW,5880.TW,2885.TW,2395.TW,2880.TW,4904.TW,2891.TW",2023,123,10
2023-02-24,0.006520298834446538,0.003769411562059455,0.024296727313026345,0.01862002463379782,0.4671909161926776,0.4671909161926778,0.4671909161926777,0.002733066859727165,"2886.TW,2357.TW,3045.TW,1303.TW,5880.TW,2885.TW,2395.TW,2880.TW,4904.TW,2891.TW,2882.TW,2002.TW,2884.TW,2883.TW,2881.TW",2023,123,15
2023-02-24,0.009247309367157258,0.0068782887055773845,0.024296727313026345,0.01862002463379782,0.4012503110909224,0.4012503110909225,0.40125031109092246,0.0023473143198818967,"2886.TW,2357.TW,3045.TW,1303.TW,5880.TW,2885.TW,2395.TW,2880.TW,4904.TW,2891.TW,2882.TW,2002.TW,2884.TW,2883.TW,2881.TW,2892.TW,5876.TW,1301.TW,2887.TW,3008.TW",2023,123,20
2023-02-24,0.01883925360212342,0.012879043968550885,0.024296727313026345,0.01862002463379782,1.0,1.0,1.0,0.00585,"2886.TW,2357.TW,3045.TW",2023,123,3
2023-03-03,0.007460196368625782,0.005672970563163071,0.004993729409887848,0.00843788320882838,0.3032464069505592,0.30324640695055916,0.30324640695055916,0.001773991480660771,"1101.TW,2887.TW,2886.TW,2882.TW,5876.TW,2883.TW,1303.TW,2881.TW,2880.TW,2885.TW,5880.TW,2884.TW,2892.TW,1301.TW,2330.TW,2317.TW,2912.TW,3045.TW,2408.TW,1326.TW",2023,123,20
2023-03-03,0.0054220593654283515,0.0014794177241259643,0.004993729409887848,0.00843788320882838,0.6703213141607975,0.6703213141607977,0.6703213141607975,0.003921379687840666,"1101.TW,2887.TW,2886.TW",2023,123,3
2023-03-03,0.0042241515346745475,0.0018617430760392573,0.004993729409887848,0.00843788320882838,0.4021318399208673,0.40213183992086743,0.4021318399208674,0.002352471263537074,"1101.TW,2887.TW,2886.TW,2882.TW,5876.TW,2883.TW,1303.TW,2881.TW,2880.TW,2885.TW,5880.TW,2884.TW,2892.TW,1301.TW,2330.TW",2023,123,15
2023-03-03,0.0030290858545045205,-0.0004994321522054923,0.004993729409887848,0.00843788320882838,0.6013439487835435,0.6013439487835434,0.6013439487835435,0.0035178621003837287,"1101.TW,2887.TW,2886.TW,2882.TW,5876.TW,2883.TW,1303.TW,2881.TW,2880.TW,2885.TW",2023,123,10
2023-03-03,0.0051008417011450865,0.00038710410218234514,0.004993729409887848,0.00843788320882838,0.8016778789778257,0.8016778789778257,0.8016778789778257,0.004689815592020281,"1101.TW,2887.TW,2886.TW,2882.TW,5876.TW",2023,123,5
2023-03-08,-0.03246184404698249,-0.03435740562738132,-0.026501058935003097,-0.03061362502501952,0.3348990616931586,0.33489906169315875,0.33489906169315864,0.0019591595109049783,"1101.TW,2330.TW,2880.TW,5880.TW,2912.TW,2395.TW,1326.TW,2615.TW,2883.TW,2891.TW,2885.TW,2884.TW,5876.TW,2886.TW,2892.TW",2023,123,15
2023-03-08,-0.024835348129086922,-0.029412376890080028,-0.026501058935003097,-0.03061362502501952,0.8023240765558353,0.8023240765558353,0.8023240765558353,0.004693595847851636,"1101.TW,2330.TW,2880.TW,5880.TW,2912.TW",2023,123,5
2023-03-08,-0.029543127931709174,-0.03335049760508113,-0.026501058935003097,-0.03061362502501952,0.6706453852106968,0.6706453852106968,0.6706453852106968,0.003923275503482577,"1101.TW,2330.TW,2880.TW",2023,123,3
2023-03-08,-0.03110157649966452,-0.035075120046550445,-0.026501058935003097,-0.03061362502501952,0.7010417156929798,0.7010417156929798,0.7010417156929798,0.004101094036803932,"1101.TW,2330.TW,2880.TW,5880.TW,2912.TW,2395.TW,1326.TW,2615.TW,2883.TW,2891.TW",2023,123,10
2023-03-08,-0.03222359678040097,-0.033654718046564835,-0.026501058935003097,-0.03061362502501952,0.2527816477652429,0.2527816477652429,0.2527816477652429,0.0014787726394266713,"1101.TW,2330.TW,2880.TW,5880.TW,2912.TW,2395.TW,1326.TW,2615.TW,2883.TW,2891.TW,2885.TW,2884.TW,5876.TW,2886.TW,2892.TW,2881.TW,2207.TW,2887.TW,2618.TW,2317.TW",2023,123,20
2023-03-13,0.010001103401622406,0.006060643968959445,0.0025521420234078107,-0.0014649309059592897,0.6669129436924256,0.6669129436924255,0.6669129436924255,0.0039014407206006893,"1216.TW,3045.TW,4904.TW,1301.TW,2317.TW,2912.TW,2408.TW,2382.TW,2308.TW,2395.TW,1102.TW,2330.TW,2886.TW,1303.TW,2892.TW",2023,123,15
2023-03-13,0.014460853853254905,0.00852625785821326,0.0025521420234078107,-0.0014649309059592897,1.0,1.0,1.0,0.00585,"1216.TW,3045.TW,4904.TW",2023,123,3
2023-03-13,0.011957386466195496,0.0072214258975336065,0.0025521420234078107,-0.0014649309059592897,0.7999999999999999,0.7999999999999998,0.7999999999999998,0.004679999999999999,"1216.TW,3045.TW,4904.TW,1301.TW,2317.TW,2912.TW,2408.TW,2382.TW,2308.TW,2395.TW",2023,123,10
2023-03-13,0.004926914962299067,0.0013963218730028704,0.0025521420234078107,-0.0014649309059592897,0.600561271888213,0.6005612718882128,0.600561271888213,0.0035132834405460457,"1216.TW,3045.TW,4904.TW,1301.TW,2317.TW,2912.TW,2408.TW,2382.TW,2308.TW,2395.TW,1102.TW,2330.TW,2886.TW,1303.TW,2892.TW,2002.TW,3711.TW,2887.TW,2882.TW,2880.TW",2023,123,20
2023-03-13,0.009291996320865994,0.00338763814238896,0.0025521420234078107,-0.0014649309059592897,1.0,1.0,1.0,0.00585,"1216.TW,3045.TW,4904.TW,1301.TW,2317.TW",2023,123,5
2023-03-16,0.007082533918075231,0.0029572772187524965,0.0135764843766919,0.018888923443273562,0.7002128044171693,0.7002128044171695,0.7002128044171694,0.0040962449058404415,"3034.TW,3711.TW,3045.TW,2317.TW,1303.TW,1102.TW,1216.TW,2412.TW,2303.TW,2345.TW",2023,123,10
2023-03-16,0.006715465911766453,0.003964624229119584,0.0135764843766919,0.018888923443273562,0.4670926030078791,0.46709260300787925,0.46709260300787914,0.0027324917275960933,"3034.TW,3711.TW,3045.TW,2317.TW,1303.TW,1102.TW,1216.TW,2412.TW,2303.TW,2345.TW,4904.TW,2912.TW,2395.TW,2609.TW,2454.TW",2023,123,15
2023-03-16,0.007037064525611503,0.0035023644291265477,0.0135764843766919,0.018888923443273562,0.6000000000000001,0.6000000000000001,0.6000000000000001,0.003510000000000001,"3034.TW,3711.TW,3045.TW,2317.TW,1303.TW",2023,123,5
2023-03-16,0.011173498154889128,0.008511224131069639,0.0135764843766919,0.018888923443273562,0.45006082294648986,0.45006082294648997,0.4500608229464899,0.002632855814236966,"3034.TW,3711.TW,3045.TW,2317.TW,1303.TW,1102.TW,1216.TW,2412.TW,2303.TW,2345.TW,4904.TW,2912.TW,2395.TW,2609.TW,2454.TW,6669.TW,2408.TW,5871.TW,2002.TW,2603.TW",2023,123,20
2023-03-16,0.006550039459690423,0.002624440333388378,0.0135764843766919,0.018888923443273562,0.6666758326817588,0.6666758326817588,0.6666758326817588,0.003900053621188289,"3034.TW,3711.TW,3045.TW",2023,123,3
2023-03-21,0.011604108002896086,0.008043791794282606,0.019255047284807425,0.018597708766176432,0.6016198001636848,0.6016198001636845,0.6016198001636847,0.0035194758309575547,"3045.TW,5871.TW,2412.TW,2912.TW,1102.TW,2609.TW,1303.TW,2408.TW,2002.TW,9910.TW",2023,123,10
2023-03-21,0.007236416080487863,0.0025214501985313387,0.019255047284807425,0.018597708766176432,0.8001865907262011,0.8001865907262014,0.8001865907262012,0.004681091555748277,"3045.TW,5871.TW,2412.TW,2912.TW,1102.TW",2023,123,5
2023-03-21,0.012010890396568863,0.00883684731550849,0.019255047284807425,0.018597708766176432,0.5361320436337593,0.5361320436337594,0.5361320436337593,0.0031363724552574924,"3045.TW,5871.TW,2412.TW,2912.TW,1102.TW,2609.TW,1303.TW,2408.TW,2002.TW,9910.TW,1101.TW,3711.TW,2887.TW,1301.TW,2886.TW",2023,123,15
2023-03-21,0.008574725086931615,0.004640399521261607,0.019255047284807425,0.018597708766176432,0.6668165164182096,0.6668165164182096,0.6668165164182096,0.0039008766210465264,"3045.TW,5871.TW,2412.TW",2023,123,3
2023-03-21,0.010891506615367592,0.009090599541957234,0.019255047284807425,0.018597708766176432,0.30453056629870423,0.3045305662987042,0.30453056629870423,0.0017815038128474194,"3045.TW,5871.TW,2412.TW,2912.TW,1102.TW,2609.TW,1303.TW,2408.TW,2002.TW,9910.TW,1101.TW,3711.TW,2887.TW,1301.TW,2886.TW,1216.TW,4904.TW,2317.TW,2603.TW,5876.TW",2023,123,20
2023-03-24,0.00573442111578563,0.00256309851013925,-0.002874821334610367,0.0014395297695244946,0.5390154865279583,0.5390154865279583,0.5390154865279583,0.003153240596188556,"2002.TW,2609.TW,2603.TW,1102.TW,2885.TW,5871.TW,1326.TW,2882.TW,1301.TW,2892.TW,2412.TW,2912.TW,2880.TW,2357.TW,2881.TW",2023,123,15
2023-03-24,0.004382203268874907,-0.00032538988885699727,-0.002874821334610367,0.0014395297695244946,0.8012057327185071,0.8012057327185068,0.8012057327185069,0.004687053536403266,"2002.TW,2609.TW,2603.TW,1102.TW,2885.TW",2023,123,5
2023-03-24,0.007014478103578814,0.004036299415681288,-0.002874821334610367,0.0014395297695244946,0.5055442449628993,0.5055442449628994,0.5055442449628993,0.0029574338330329614,"2002.TW,2609.TW,2603.TW,1102.TW,2885.TW,5871.TW,1326.TW,2882.TW,1301.TW,2892.TW,2412.TW,2912.TW,2880.TW,2357.TW,2881.TW,1303.TW,2891.TW,2883.TW,5880.TW,5876.TW",2023,123,20
2023-03-24,0.005909731443852041,0.00233593547266997,-0.002874821334610367,0.0014395297695244946,0.6073162184665183,0.6073162184665183,0.6073162184665183,0.003552799878029132,"2002.TW,2609.TW,2603.TW,1102.TW,2885.TW,5871.TW,1326.TW,2882.TW,1301.TW,2892.TW",2023,123,10
2023-03-24,0.0015874521291106745,-0.0042718344658446705,-0.002874821334610367,0.0014395297695244946,1.0,0.9999999999999999,1.0,0.005849999999999999,"2002.TW,2609.TW,2603.TW",2023,123,3
2023-03-29,-0.002260821882466924,-0.005380162023319923,-0.001235558493492439,0.000246294637900748,0.5344287851901334,0.5344287851901336,0.5344287851901335,0.0031264083933622813,"2308.TW,2912.TW,2886.TW,2454.TW,2317.TW,2002.TW,2887.TW,2303.TW,5880.TW,1102.TW,2330.TW,2892.TW,1326.TW,2885.TW,2880.TW",2023,123,15
2023-03-29,-0.01086442339012217,-0.016650866513289952,-0.001235558493492439,0.000246294637900748,1.0,1.0,1.0,0.00585,"2308.TW,2912.TW,2886.TW,2454.TW,2317.TW",2023,123,5
2023-03-29,-0.004859518954066296,-0.01068109076818502,-0.001235558493492439,0.000246294637900748,1.0,1.0,1.0,0.00585,"2308.TW,2912.TW,2886.TW",2023,123,3
2023-03-29,0.002143372745819172,-0.0005037709933547463,-0.001235558493492439,0.000246294637900748,0.45153539461897885,0.4515353946189789,0.45153539461897885,0.0026414820585210263,"2308.TW,2912.TW,2886.TW,2454.TW,2317.TW,2002.TW,2887.TW,2303.TW,5880.TW,1102.TW,2330.TW,2892.TW,1326.TW,2885.TW,2880.TW,2379.TW,2408.TW,5876.TW,2412.TW,2882.TW",2023,123,20
2023-03-29,-0.0032369488642306054,-0.007907089662752331,-0.001235558493492439,0.000246294637900748,0.8009071619421647,0.8009071619421648,0.8009071619421648,0.004685306897361664,"2308.TW,2912.TW,2886.TW,2454.TW,2317.TW,2002.TW,2887.TW,2303.TW,5880.TW,1102.TW",2023,123,10
2023-04-06,0.003043858185036231,-0.0016503870712697433,-0.0032990337219321875,0.014909391782110572,0.8,0.7999999999999999,0.8,0.00468,"1301.TW,2330.TW,2207.TW,2317.TW,5876.TW",2023,123,5
2023-04-06,0.008631292137012131,0.006847003867163526,-0.0032990337219321875,0.014909391782110572,0.3023964695843044,0.30239646958430444,0.30239646958430444,0.001769019347068181,"1301.TW,2330.TW,2207.TW,2317.TW,5876.TW,1303.TW,2308.TW,2886.TW,2912.TW,5880.TW,2885.TW,2379.TW,2002.TW,1102.TW,2891.TW,2882.TW,2883.TW,2892.TW,2303.TW,1101.TW",2023,123,20
2023-04-06,0.00665796563565353,0.003706005051826722,-0.0032990337219321875,0.014909391782110572,0.5012712003817135,0.5012712003817132,0.5012712003817134,0.0029324365222330225,"1301.TW,2330.TW,2207.TW,2317.TW,5876.TW,1303.TW,2308.TW,2886.TW,2912.TW,5880.TW",2023,123,10
2023-04-06,0.004529741156285165,-0.0013467578294790172,-0.0032990337219321875,0.014909391782110572,1.0,1.0,1.0,0.00585,"1301.TW,2330.TW,2207.TW",2023,123,3
2023-04-06,0.0073837088441993885,0.005019657776881958,-0.0032990337219321875,0.014909391782110572,0.40114932374894197,0.40114932374894174,0.40114932374894186,0.0023467235439313095,"1301.TW,2330.TW,2207.TW,2317.TW,5876.TW,1303.TW,2308.TW,2886.TW,2912.TW,5880.TW,2885.TW,2379.TW,2002.TW,1102.TW,2891.TW",2023,123,15
2023-04-11,-0.011994379912365917,-0.015500685835861283,-0.004137258307238656,0.0029348942056692095,0.6066448628881915,0.6066448628881915,0.6066448628881915,0.0035488724478959202,"2330.TW,3711.TW,2317.TW,2002.TW,3037.TW",2023,123,5
2023-04-11,0.005499897121304149,0.003124832409388878,-0.004137258307238656,0.0029348942056692095,0.40377325647778217,0.4037732564777824,0.4037732564777823,0.0023620735503950266,"2330.TW,3711.TW,2317.TW,2002.TW,3037.TW,2303.TW,2912.TW,2891.TW,2881.TW,2327.TW,2892.TW,2885.TW,5876.TW,1303.TW,2886.TW",2023,123,15
2023-04-11,0.0056535031093532424,0.0015110195637404455,-0.004137258307238656,0.0029348942056692095,0.7041360102803569,0.7041360102803568,0.7041360102803569,0.0041191956601400875,"2330.TW,3711.TW,2317.TW,2002.TW,3037.TW,2303.TW,2912.TW,2891.TW,2881.TW,2327.TW",2023,123,10
2023-04-11,0.006076425559206051,0.003985822159526142,-0.004137258307238656,0.0029348942056692095,0.35520969722627416,0.35520969722627416,0.35520969722627416,0.002077976728773704,"2330.TW,3711.TW,2317.TW,2002.TW,3037.TW,2303.TW,2912.TW,2891.TW,2881.TW,2327.TW,2892.TW,2885.TW,5876.TW,1303.TW,2886.TW,1326.TW,5880.TW,2609.TW,1301.TW,2880.TW",2023,123,20
2023-04-11,-0.010032119231752068,-0.0139448034061469,-0.004137258307238656,0.0029348942056692095,0.6756127290583642,0.6756127290583643,0.6756127290583642,0.003952334464991431,"2330.TW,3711.TW,2317.TW",2023,123,3
2023-04-14,0.010729236373208696,0.004816470340425427,-0.012463652298213668,-0.013317445911632525,1.0,1.0,1.0,0.00585,"2912.TW,2382.TW,1102.TW",2023,123,3
2023-04-14,-0.01667713767932302,-0.01959103945511087,-0.012463652298213668,-0.013317445911632525,0.5065506831403201,0.5065506831403201,0.5065506831403201,0.002963321496370873,"2912.TW,2382.TW,1102.TW,2303.TW,2002.TW,1326.TW,1303.TW,2330.TW,3037.TW,2454.TW",2023,123,10
2023-04-14,-0.012243958174279534,-0.0142919966110433,-0.012463652298213668,-0.013317445911632525,0.35443168722650203,0.3544316872265021,0.3544316872265021,0.0020734253702750375,"2912.TW,2382.TW,1102.TW,2303.TW,2002.TW,1326.TW,1303.TW,2330.TW,3037.TW,2454.TW,2885.TW,1216.TW,2892.TW,5880.TW,2880.TW,2886.TW,1101.TW,1301.TW,2884.TW,6669.TW",2023,123,20
2023-04-14,0.00045160025185655376,-0.004230513237322042,-0.012463652298213668,-0.013317445911632525,0.8,0.8,0.8,0.00468,"2912.TW,2382.TW,1102.TW,2303.TW,2002.TW",2023,123,5
2023-04-14,-0.012208156513554655,-0.014933003138614231,-0.012463652298213668,-0.013317445911632525,0.47154241143500975,0.4715424114350099,0.47154241143500986,0.002758523106894808,"2912.TW,2382.TW,1102.TW,2303.TW,2002.TW,1326.TW,1303.TW,2330.TW,3037.TW,2454.TW,2885.TW,1216.TW,2892.TW,5880.TW,2880.TW",2023,123,15
2023-04-19,-0.005143035250030384,-0.010962948493817737,-0.004627773883450925,-0.003471925040036614,1.0,0.9999999999999999,1.0,0.005849999999999999,"2884.TW,2609.TW,1301.TW",2023,123,3
2023-04-19,-0.00013446767123402505,-0.004426663132325204,-0.004627773883450925,-0.003471925040036614,0.7338072991862105,0.7338072991862107,0.7338072991862106,0.004292772700239332,"2884.TW,2609.TW,1301.TW,2883.TW,2882.TW,2885.TW,2603.TW,2912.TW,2327.TW,1303.TW,1102.TW,1101.TW,2317.TW,3034.TW,5871.TW",2023,123,15
2023-04-19,-0.004582331657563565,-0.00924239864258758,-0.004627773883450925,-0.003471925040036614,0.8002597023811338,0.8002597023811338,0.8002597023811338,0.004681519258929632,"2884.TW,2609.TW,1301.TW,2883.TW,2882.TW,2885.TW,2603.TW,2912.TW,2327.TW,1303.TW",2023,123,10
2023-04-19,0.0007597274875950692,-0.0024633351557565852,-0.004627773883450925,-0.003471925040036614,0.55053262443779,0.55053262443779,0.55053262443779,0.003220615852961072,"2884.TW,2609.TW,1301.TW,2883.TW,2882.TW,2885.TW,2603.TW,2912.TW,2327.TW,1303.TW,1102.TW,1101.TW,2317.TW,3034.TW,5871.TW,2357.TW,3045.TW,2881.TW,2892.TW,5880.TW",2023,123,20
2023-04-19,-0.0005524776060598539,-0.006399245612064397,-0.004627773883450925,-0.003471925040036614,1.0,1.0,1.0,0.00585,"2884.TW,2609.TW,1301.TW,2883.TW,2882.TW",2023,123,5
2023-04-24,0.0010538680641342705,-0.001679008995680742,-0.012256880189397634,-0.0035855644038761425,0.4666666666666666,0.46666666666666656,0.46666666666666656,0.00273,"3045.TW,2882.TW,2308.TW,1301.TW,2884.TW,2885.TW,1216.TW,2881.TW,2207.TW,2317.TW,2357.TW,1303.TW,5880.TW,2912.TW,1102.TW",2023,123,15
2023-04-24,0.0008281994209659467,-0.002684707559001631,-0.012256880189397634,-0.0035855644038761425,0.6,0.5999999999999999,0.5999999999999999,0.0035099999999999992,"3045.TW,2882.TW,2308.TW,1301.TW,2884.TW,2885.TW,1216.TW,2881.TW,2207.TW,2317.TW",2023,123,10
2023-04-24,-0.010556621282021356,-0.01634486504752164,-0.012256880189397634,-0.0035855644038761425,1.0,1.0,1.0,0.00585,"3045.TW,2882.TW,2308.TW",2023,123,3
2023-04-24,-0.002682425034050312,-0.004726720007045104,-0.012256880189397634,-0.0035855644038761425,0.3503920324955451,0.35039203249554507,0.35039203249554507,0.0020497933900989387,"3045.TW,2882.TW,2308.TW,1301.TW,2884.TW,2885.TW,1216.TW,2881.TW,2207.TW,2317.TW,2357.TW,1303.TW,5880.TW,2912.TW,1102.TW,1326.TW,2892.TW,5876.TW,2880.TW,2891.TW",2023,123,20
2023-04-24,-0.005202158325225304,-0.007529985274744244,-0.012256880189397634,-0.0035855644038761425,0.4,0.3999999999999999,0.39999999999999997,0.0023399999999999996,"3045.TW,2882.TW,2308.TW,1301.TW,2884.TW",2023,123,5
2023-04-27,0.004474501762788853,0.0029852204583156183,0.0012836192920016032,0.0038728755188154507,0.2534439652951793,0.2534439652951795,0.25344396529517943,0.0014826471969767998,"2880.TW,2886.TW,1303.TW,1102.TW,2891.TW,3045.TW,5880.TW,2892.TW,2912.TW,2885.TW,2881.TW,4904.TW,1216.TW,2317.TW,2887.TW,2884.TW,2883.TW,1301.TW,2412.TW,2882.TW",2023,123,20
2023-04-27,0.0064045601788666915,0.0016940995983734108,0.0012836192920016032,0.0038728755188154507,0.8000827586605261,0.8000827586605262,0.8000827586605261,0.004680484138164079,"2880.TW,2886.TW,1303.TW,1102.TW,2891.TW,3045.TW,5880.TW,2892.TW,2912.TW,2885.TW",2023,123,10
2023-04-27,0.005545858016996333,0.003188394141287798,0.0012836192920016032,0.0038728755188154507,0.4007627048393389,0.4007627048393392,0.40076270483933907,0.002344461823310134,"2880.TW,2886.TW,1303.TW,1102.TW,2891.TW,3045.TW,5880.TW,2892.TW,2912.TW,2885.TW,2881.TW,4904.TW,1216.TW,2317.TW,2887.TW",2023,123,15
2023-04-27,0.002557289946111707,-0.003307670200073054,0.0012836192920016032,0.0038728755188154507,1.0,1.0,1.0,0.00585,"2880.TW,2886.TW,1303.TW",2023,123,3
2023-04-27,0.008043481503123128,0.0021464271363298426,0.0012836192920016032,0.0038728755188154507,1.0,1.0,1.0,0.00585,"2880.TW,2886.TW,1303.TW,1102.TW,2891.TW",2023,123,5
2023-05-03,0.011725903973086527,0.008747334696507014,0.01367528992383904,0.0119953277832543,0.5032560096525849,0.5032560096525848,0.5032560096525849,0.002944047656467621,"2892.TW,3045.TW,1216.TW,2882.TW,2412.TW,2912.TW,1301.TW,1303.TW,1102.TW,4904.TW",2023,123,10
2023-05-03,0.009987593940256306,0.009375335033579457,0.01367528992383904,0.0119953277832543,0.10362468093164962,0.10362468093164949,0.10362468093164956,0.0006062043834501497,"2892.TW,3045.TW,1216.TW,2882.TW,2412.TW,2912.TW,1301.TW,1303.TW,1102.TW,4904.TW,2308.TW,2884.TW,2881.TW,2886.TW,2887.TW,2885.TW,1326.TW,2317.TW,5880.TW,2883.TW",2023,123,20
2023-05-03,0.014527928536673371,0.012531184794259742,0.01367528992383904,0.0119953277832543,0.336435998508406,0.33643599850840616,0.3364359985084061,0.001968150591274176,"2892.TW,3045.TW,1216.TW,2882.TW,2412.TW,2912.TW,1301.TW,1303.TW,1102.TW,4904.TW,2308.TW,2884.TW,2881.TW,2886.TW,2887.TW",2023,123,15
2023-05-03,0.01188775060418649,0.005968207263151948,0.01367528992383904,0.0119953277832543,1.0,1.0,1.0,0.00585,"2892.TW,3045.TW,1216.TW",2023,123,3
2023-05-03,0.01227457014961644,0.006352763914241333,0.01367528992383904,0.0119953277832543,1.0,1.0,1.0,0.00585,"2892.TW,3045.TW,1216.TW,2882.TW,2412.TW",2023,123,5
2023-05-08,-0.006111592972304332,-0.008459696329028321,-0.012226047002142137,-0.010670635588838694,0.4038533766421053,0.4038533766421053,0.4038533766421053,0.0023625422533563164,"2884.TW,2317.TW,1303.TW,3045.TW,1301.TW,5876.TW,2412.TW,2886.TW,2618.TW,2882.TW,3034.TW,1102.TW,2303.TW,2881.TW,2330.TW",2023,123,15
2023-05-08,-0.004120929843294041,-0.008790211840694173,-0.012226047002142137,-0.010670635588838694,0.801470667194403,0.801470667194403,0.801470667194403,0.0046886034030872575,"2884.TW,2317.TW,1303.TW,3045.TW,1301.TW",2023,123,5
2023-05-08,-0.0004614105534837727,-0.006308711301745928,-0.012226047002142137,-0.010670635588838694,1.0,0.9999999999999998,0.9999999999999999,0.005849999999999999,"2884.TW,2317.TW,1303.TW",2023,123,3
2023-05-08,-0.005644409322851596,-0.007403322617060004,-0.012226047002142137,-0.010670635588838694,0.30237567123865516,0.3023756712386554,0.3023756712386553,0.0017688976767461337,"2884.TW,2317.TW,1303.TW,3045.TW,1301.TW,5876.TW,2412.TW,2886.TW,2618.TW,2882.TW,3034.TW,1102.TW,2303.TW,2881.TW,2330.TW,1216.TW,4904.TW,2357.TW,2885.TW,5880.TW",2023,123,20
2023-05-08,0.0008427264103073929,-0.0021008515228460034,-0.012226047002142137,-0.010670635588838694,0.5027520326532168,0.502752032653217,0.5027520326532169,0.0029410993910213195,"2884.TW,2317.TW,1303.TW,3045.TW,1301.TW,5876.TW,2412.TW,2886.TW,2618.TW,2882.TW",2023,123,10
2023-05-11,0.002696103441369552,-5.012654157809937e-05,0.012804103396684807,0.017675211199045925,0.4681787643483426,0.4681787643483426,0.4681787643483426,0.0027388457714378044,"2357.TW,4904.TW,2317.TW,1301.TW,9910.TW,3045.TW,2885.TW,2412.TW,1303.TW,1102.TW,5876.TW,1216.TW,5880.TW,5871.TW,2881.TW",2023,123,15
2023-05-11,0.01611150262045054,0.012121263419566208,0.012804103396684807,0.017675211199045925,0.6712768916918053,0.6712768916918053,0.6712768916918053,0.003926969816397061,"2357.TW,4904.TW,2317.TW",2023,123,3
2023-05-11,0.006446163148855971,0.004669811335956009,0.012804103396684807,0.017675211199045925,0.30170504261942915,0.3017050426194291,0.3017050426194291,0.0017649744993236604,"2357.TW,4904.TW,2317.TW,1301.TW,9910.TW,3045.TW,2885.TW,2412.TW,1303.TW,1102.TW,5876.TW,1216.TW,5880.TW,5871.TW,2881.TW,2892.TW,2891.TW,2880.TW,2884.TW,3231.TW",2023,123,20
2023-05-11,0.011933700429826399,0.008363208705881808,0.012804103396684807,0.017675211199045925,0.6031427408458538,0.6031427408458537,0.6031427408458538,0.0035283850339482446,"2357.TW,4904.TW,2317.TW,1301.TW,9910.TW",2023,123,5
2023-05-11,0.009797482800049495,0.006816188821255675,0.012804103396684807,0.017675211199045925,0.5046783251477194,0.5046783251477195,0.5046783251477194,0.002952368202114159,"2357.TW,4904.TW,2317.TW,1301.TW,9910.TW,3045.TW,2885.TW,2412.TW,1303.TW,1102.TW",2023,123,10
2023-05-16,0.015105626721244492,0.012711848218167843,0.03244838605052314,0.02247481805288519,0.40310377140800446,0.40310377140800446,0.40310377140800446,0.002358157062736826,"3045.TW,1301.TW,2412.TW,5876.TW,2308.TW,1102.TW,4904.TW,2885.TW,2892.TW,3711.TW",2023,123,10
2023-05-16,0.022167950702326453,0.01976711889810856,0.03244838605052314,0.02247481805288519,0.401498206561469,0.4014982065614691,0.40149820656146906,0.002348764508384594,"3045.TW,1301.TW,2412.TW,5876.TW,2308.TW,1102.TW,4904.TW,2885.TW,2892.TW,3711.TW,1216.TW,2880.TW,2882.TW,2408.TW,2881.TW,5880.TW,2454.TW,1101.TW,2330.TW,2883.TW",2023,123,20
2023-05-16,0.020873149462609913,0.01848237924474949,0.03244838605052314,0.02247481805288519,0.4003226746975133,0.4003226746975133,0.4003226746975133,0.0023418876469804527,"3045.TW,1301.TW,2412.TW,5876.TW,2308.TW,1102.TW,4904.TW,2885.TW,2892.TW,3711.TW,1216.TW,2880.TW,2882.TW,2408.TW,2881.TW",2023,123,15
2023-05-16,0.011034729248702656,0.006290396417106159,0.03244838605052314,0.02247481805288519,0.8021456056537772,0.8021456056537772,0.8021456056537772,0.004692551793074597,"3045.TW,1301.TW,2412.TW,5876.TW,2308.TW",2023,123,5
2023-05-16,0.009541274943106748,0.003635458484689602,0.03244838605052314,0.02247481805288519,1.0,0.9999999999999998,0.9999999999999999,0.005849999999999999,"3045.TW,1301.TW,2412.TW",2023,123,3
2023-05-19,-0.002676190133122125,-0.006183956648047273,0.004081699540535277,0.0019292584594394735,0.601227205995952,0.6012272059959518,0.6012272059959519,0.0035171791550763186,"1101.TW,2317.TW,3045.TW,2002.TW,1301.TW",2023,123,5
2023-05-19,-0.0049269471187082525,-0.007293990908331716,0.004081699540535277,0.0019292584594394735,0.4066262962799685,0.4066262962799683,0.4066262962799684,0.002378763833237815,"1101.TW,2317.TW,3045.TW,2002.TW,1301.TW,1102.TW,2609.TW,2303.TW,4904.TW,1216.TW,2379.TW,2412.TW,2327.TW,5876.TW,2308.TW,2883.TW,2892.TW,2887.TW,2345.TW,2885.TW",2023,123,20
2023-05-19,-0.0042341398521518565,-0.008126686430553254,0.004081699540535277,0.0019292584594394735,0.6682219225769701,0.6682219225769703,0.6682219225769702,0.003909098247075277,"1101.TW,2317.TW,3045.TW",2023,123,3
2023-05-19,-0.0065366010078304814,-0.009285910603880732,0.004081699540535277,0.0019292584594394735,0.47305965453084514,0.47305965453084514,0.47305965453084514,0.002767398979005444,"1101.TW,2317.TW,3045.TW,2002.TW,1301.TW,1102.TW,2609.TW,2303.TW,4904.TW,1216.TW,2379.TW,2412.TW,2327.TW,5876.TW,2308.TW",2023,123,15
2023-05-19,-0.004151026218867405,-0.0076658745149477125,0.004081699540535277,0.0019292584594394735,0.6033332205780771,0.603333220578077,0.603333220578077,0.0035294993403817507,"1101.TW,2317.TW,3045.TW,2002.TW,1301.TW,1102.TW,2609.TW,2303.TW,4904.TW,1216.TW",2023,123,10
2023-05-24,0.011330083300427247,0.005413802313119831,0.03048773840350094,0.022209447094626248,1.0,1.0,1.0,0.00585,"4904.TW,2379.TW,5876.TW",2023,123,3
2023-05-24,0.011084577155556151,0.009490726238362779,0.03048773840350094,0.022209447094626248,0.2694662290316549,0.2694662290316549,0.2694662290316549,0.0015763774398351812,"4904.TW,2379.TW,5876.TW,1102.TW,2412.TW,3045.TW,1101.TW,2880.TW,2912.TW,2303.TW,1301.TW,1326.TW,2317.TW,2330.TW,2308.TW",2023,123,15
2023-05-24,0.005894102147798486,9.621650233881951e-06,0.03048773840350094,0.022209447094626248,1.0,1.0,1.0,0.00585,"4904.TW,2379.TW,5876.TW,1102.TW,2412.TW",2023,123,5
2023-05-24,0.011141093825656223,0.009645534743315753,0.03048773840350094,0.022209447094626248,0.2528342748084111,0.252834274808411,0.25283427480841103,0.0014790805076292045,"4904.TW,2379.TW,5876.TW,1102.TW,2412.TW,3045.TW,1101.TW,2880.TW,2912.TW,2303.TW,1301.TW,1326.TW,2317.TW,2330.TW,2308.TW,1216.TW,2327.TW,2892.TW,2609.TW,9910.TW",2023,123,20
2023-05-24,0.005201489706582097,0.0022497840501660704,0.03048773840350094,0.022209447094626248,0.5019541600760334,0.5019541600760334,0.5019541600760334,0.0029364318364447956,"4904.TW,2379.TW,5876.TW,1102.TW,2412.TW,3045.TW,1101.TW,2880.TW,2912.TW,2303.TW",2023,123,10
2023-05-29,0.0011328281576376165,-0.0009638162013347884,-0.007495044956545849,-0.00533962767558831,0.3579951980828273,0.35799519808282737,0.3579951980828273,0.00209427190878454,"1303.TW,2912.TW,2880.TW,2412.TW,1102.TW,3045.TW,1216.TW,1301.TW,4904.TW,5876.TW,2884.TW,9910.TW,1326.TW,1101.TW,2883.TW,2002.TW,2207.TW,2887.TW,5880.TW,2609.TW",2023,123,20
2023-05-29,-4.053792994065388e-05,-0.003569363364481659,-0.007495044956545849,-0.00533962767558831,0.60324247719975,0.6032424771997501,0.60324247719975,0.003528968491618538,"1303.TW,2912.TW,2880.TW,2412.TW,1102.TW",2023,123,5
2023-05-29,0.0017486393307451827,-5.734774278332022e-05,-0.007495044956545849,-0.00533962767558831,0.30817684890585567,0.3081768489058557,0.3081768489058557,0.0018028345660992561,"1303.TW,2912.TW,2880.TW,2412.TW,1102.TW,3045.TW,1216.TW,1301.TW,4904.TW,5876.TW",2023,123,10
2023-05-29,-0.00022569236236829048,-0.002231007101047955,-0.007495044956545849,-0.00533962767558831,0.3428662265073876,0.34286622650738763,0.34286622650738763,0.002005767425068218,"1303.TW,2912.TW,2880.TW,2412.TW,1102.TW,3045.TW,1216.TW,1301.TW,4904.TW,5876.TW,2884.TW,9910.TW,1326.TW,1101.TW,2883.TW",2023,123,15
2023-05-29,-0.0002530078180551139,-0.006101527722319533,-0.007495044956545849,-0.00533962767558831,1.0,1.0,1.0,0.00585,"1303.TW,2912.TW,2880.TW",2023,123,3
2023-06-01,0.013524990918538921,0.01202658917046917,0.009538955164961838,0.015155538773478416,0.25271902838820587,0.25271902838820576,0.2527190283882058,0.0014784063160710038,"2892.TW,2395.TW,2882.TW,2881.TW,2412.TW,1301.TW,2880.TW,3045.TW,2327.TW,1303.TW,1216.TW,1101.TW,5880.TW,2912.TW,1102.TW,1326.TW,2002.TW,5876.TW,2884.TW,9910.TW",2023,123,20
2023-06-01,0.011076055641858644,0.00811066959979767,0.009538955164961838,0.015155538773478416,0.5013506096845225,0.5013506096845224,0.5013506096845224,0.002932901066654456,"2892.TW,2395.TW,2882.TW,2881.TW,2412.TW,1301.TW,2880.TW,3045.TW,2327.TW,1303.TW",2023,123,10
2023-06-01,0.0118486648372911,0.009475000777572129,0.009538955164961838,0.015155538773478416,0.4010031877525254,0.4010031877525254,0.4010031877525254,0.002345868648352274,"2892.TW,2395.TW,2882.TW,2881.TW,2412.TW,1301.TW,2880.TW,3045.TW,2327.TW,1303.TW,1216.TW,1101.TW,5880.TW,2912.TW,1102.TW",2023,123,15
2023-06-01,0.012813031226326895,0.0068880749936528485,0.009538955164961838,0.015155538773478416,1.0,0.9999999999999999,1.0,0.005849999999999999,"2892.TW,2395.TW,2882.TW",2023,123,3
2023-06-01,0.014246500423602317,0.009495146954417555,0.009538955164961838,0.015155538773478416,0.8007887371367868,0.8007887371367866,0.8007887371367867,0.004684614112250202,"2892.TW,2395.TW,2882.TW,2881.TW,2412.TW",2023,123,5
2023-06-06,0.010734227778860942,0.006767430050599765,0.011810927256727943,0.006793596441362892,0.6708836636948164,0.6708836636948166,0.6708836636948166,0.003924669432614677,"2303.TW,2892.TW,2880.TW",2023,123,3
2023-06-06,0.007964159696448236,0.005004538197978858,0.011810927256727943,0.006793596441362892,0.5019208272433978,0.501920827243398,0.5019208272433979,0.002936236839373878,"2303.TW,2892.TW,2880.TW,2412.TW,1216.TW,2317.TW,2308.TW,2395.TW,2603.TW,3045.TW",2023,123,10
2023-06-06,0.008299774971663454,0.004736806443532249,0.011810927256727943,0.006793596441362892,0.6040410445100886,0.6040410445100886,0.6040410445100886,0.003533640110384018,"2303.TW,2892.TW,2880.TW,2412.TW,1216.TW",2023,123,5
2023-06-06,0.0030725954018506305,0.0003185360771864598,0.011810927256727943,0.006793596441362892,0.4693372881440287,0.4693372881440288,0.46933728814402875,0.0027456231356425683,"2303.TW,2892.TW,2880.TW,2412.TW,1216.TW,2317.TW,2308.TW,2395.TW,2603.TW,3045.TW,3008.TW,1102.TW,3037.TW,1301.TW,9910.TW",2023,123,15
2023-06-06,0.0033996813781109253,0.0013228004498868629,0.011810927256727943,0.006793596441362892,0.3538195073028239,0.3538195073028239,0.3538195073028239,0.00206984411772152,"2303.TW,2892.TW,2880.TW,2412.TW,1216.TW,2317.TW,2308.TW,2395.TW,2603.TW,3045.TW,3008.TW,1102.TW,3037.TW,1301.TW,9910.TW,2891.TW,2327.TW,2912.TW,5880.TW,5876.TW",2023,123,20
2023-06-09,0.0005364107057524105,-0.003585593366301043,0.023735508274017603,0.019344915050113973,0.7042383197187876,0.7042383197187875,0.7042383197187876,0.004119794170354907,"3045.TW,2880.TW,1101.TW,3008.TW,2882.TW,2883.TW,2412.TW,1301.TW,2002.TW,4904.TW",2023,123,10
2023-06-09,-0.0007675419888314439,-0.004693867608440594,0.023735508274017603,0.019344915050113973,0.6716823169641977,0.6716823169641977,0.6716823169641977,0.0039293415542405565,"3045.TW,2880.TW,1101.TW",2023,123,3
2023-06-09,0.0017886440019196704,-0.0029145759384040515,0.023735508274017603,0.019344915050113973,0.8025337733481124,0.8025337733481123,0.8025337733481124,0.004694822574086457,"3045.TW,2880.TW,1101.TW,3008.TW,2882.TW",2023,123,5
2023-06-09,-0.00023627318465067784,-0.003373997938357798,0.023735508274017603,0.019344915050113973,0.5364899639542219,0.5364899639542219,0.5364899639542219,0.003138466289132198,"3045.TW,2880.TW,1101.TW,3008.TW,2882.TW,2883.TW,2412.TW,1301.TW,2002.TW,4904.TW,5876.TW,1102.TW,2912.TW,2892.TW,1326.TW",2023,123,15
2023-06-09,0.0006167097598176853,-0.0017459669371245878,0.023735508274017603,0.019344915050113973,0.4036274374716663,0.4036274374716661,0.4036274374716662,0.002361220509209247,"3045.TW,2880.TW,1101.TW,3008.TW,2882.TW,2883.TW,2412.TW,1301.TW,2002.TW,4904.TW,5876.TW,1102.TW,2912.TW,2892.TW,1326.TW,2881.TW,5880.TW,2327.TW,2884.TW,9910.TW",2023,123,20
2023-06-14,0.0011805084020174992,-0.0023456720204589887,-0.003420683789367107,0.001676534154150966,0.6020551530174243,0.6020551530174244,0.6020551530174243,0.003522022645151933,"1102.TW,5880.TW,3045.TW,2884.TW,2912.TW,2883.TW,1303.TW,2002.TW,1101.TW,2892.TW",2023,123,10
2023-06-14,0.0012402158827206817,-0.0026646209592219305,-0.003420683789367107,0.001676534154150966,0.6666666666666666,0.6666666666666667,0.6666666666666667,0.0039000000000000003,"1102.TW,5880.TW,3045.TW",2023,123,3
2023-06-14,0.0006409707518677364,-0.000255121161408578,-0.003420683789367107,0.001676534154150966,0.1530799850404571,0.153079985040457,0.15307998504045706,0.0008955179124866736,"1102.TW,5880.TW,3045.TW,2884.TW,2912.TW,2883.TW,1303.TW,2002.TW,1101.TW,2892.TW,1301.TW,2412.TW,5876.TW,2880.TW,2882.TW,9910.TW,1326.TW,2885.TW,2891.TW,2327.TW",2023,123,20
2023-06-14,-0.00160771776939231,-0.0027920983176763503,-0.003420683789367107,0.001676534154150966,0.20278423319694747,0.20278423319694738,0.20278423319694744,0.0011862877642021424,"1102.TW,5880.TW,3045.TW,2884.TW,2912.TW,2883.TW,1303.TW,2002.TW,1101.TW,2892.TW,1301.TW,2412.TW,5876.TW,2880.TW,2882.TW",2023,123,15
2023-06-14,0.0032377263475257267,-0.001459521935385677,-0.003420683789367107,0.001676534154150966,0.8003570872006271,0.8003570872006271,0.8003570872006271,0.004682088960123669,"1102.TW,5880.TW,3045.TW,2884.TW,2912.TW",2023,123,5
2023-06-19,-0.007810436073256013,-0.009855760225529586,-0.014874212711977641,-0.015353005232215727,0.35238030405599347,0.3523803040559935,0.3523803040559935,0.002061424778727562,"2357.TW,1303.TW,1326.TW,2609.TW,2882.TW,2327.TW,1102.TW,2886.TW,2412.TW,2887.TW,5880.TW,2615.TW,2892.TW,2880.TW,2881.TW,2379.TW,2884.TW,2002.TW,2883.TW,1101.TW",2023,123,20
2023-06-19,0.00022917032847435959,-0.005622170317947095,-0.014874212711977641,-0.015353005232215727,1.0,1.0,1.0,0.00585,"2357.TW,1303.TW,1326.TW",2023,123,3
2023-06-19,-0.006767617044838185,-0.009871412857621165,-0.014874212711977641,-0.015353005232215727,0.5341785023379247,0.5341785023379249,0.5341785023379249,0.00312494423867686,"2357.TW,1303.TW,1326.TW,2609.TW,2882.TW,2327.TW,1102.TW,2886.TW,2412.TW,2887.TW,5880.TW,2615.TW,2892.TW,2880.TW,2881.TW",2023,123,15
2023-06-19,-0.0035494408088643024,-0.008215598456961515,-0.014874212711977641,-0.015353005232215727,0.8004750247187326,0.8004750247187326,0.8004750247187326,0.004682778894604585,"2357.TW,1303.TW,1326.TW,2609.TW,2882.TW,2327.TW,1102.TW,2886.TW,2412.TW,2887.TW",2023,123,10
2023-06-19,-0.006575288582357475,-0.012386823144150738,-0.014874212711977641,-0.015353005232215727,1.0,1.0,1.0,0.00585,"2357.TW,1303.TW,1326.TW,2609.TW,2882.TW",2023,123,5
2023-06-26,8.45446361475997e-06,-0.005256590049136145,-0.0027099826177561237,0.0014679618249435976,0.8999999999999999,0.8999999999999998,0.8999999999999999,0.005264999999999999,"2330.TW,2303.TW,1216.TW,9910.TW,2881.TW,2912.TW,2454.TW,2882.TW,5880.TW,2002.TW",2023,123,10
2023-06-26,-0.0022005513595197254,-0.005420171085309677,-0.0027099826177561237,0.0014679618249435976,0.5515761178649304,0.5515761178649303,0.5515761178649303,0.003226720289509843,"2330.TW,2303.TW,1216.TW,9910.TW,2881.TW,2912.TW,2454.TW,2882.TW,5880.TW,2002.TW,2892.TW,2880.TW,1326.TW,2308.TW,2885.TW,2207.TW,2884.TW,2379.TW,3037.TW,3034.TW",2023,123,20
2023-06-26,-0.004670424383360294,-0.010493102400717658,-0.0027099826177561237,0.0014679618249435976,1.0,0.9999999999999998,0.9999999999999999,0.005849999999999999,"2330.TW,2303.TW,1216.TW,9910.TW,2881.TW",2023,123,5
2023-06-26,-0.009677274563697158,-0.01547066250749951,-0.0027099826177561237,0.0014679618249435976,1.0,1.0,1.0,0.00585,"2330.TW,2303.TW,1216.TW",2023,123,3
2023-06-26,-0.0007417687188017681,-0.004250350160653449,-0.0027099826177561237,0.0014679618249435976,0.6002027230325409,0.600202723032541,0.6002027230325409,0.0035111859297403646,"2330.TW,2303.TW,1216.TW,9910.TW,2881.TW,2912.TW,2454.TW,2882.TW,5880.TW,2002.TW,2892.TW,2880.TW,1326.TW,2308.TW,2885.TW",2023,123,15
2023-06-29,0.0048103926598636925,0.0012835081816275906,0.017080682407009773,0.0307397786885686,0.6000000000000001,0.6,0.6000000000000001,0.00351,"3711.TW,1216.TW,2330.TW,2885.TW,2317.TW",2023,123,5
2023-06-29,0.004057291902898866,0.002099380183688382,0.017080682407009773,0.0307397786885686,0.3333333333333333,0.3333333333333333,0.3333333333333333,0.00195,"3711.TW,1216.TW,2330.TW",2023,123,3
2023-06-29,0.0030205803082605895,0.0006704126373802133,0.017080682407009773,0.0307397786885686,0.4005282356967087,0.40052823569670876,0.4005282356967087,0.0023430901788257462,"3711.TW,1216.TW,2330.TW,2885.TW,2317.TW,2912.TW,5880.TW,2002.TW,2882.TW,2891.TW",2023,123,10
2023-06-29,0.002031718567024384,-0.0003185987025414727,0.017080682407009773,0.0307397786885686,0.4009490202543489,0.4009490202543491,0.400949020254349,0.002345551768487942,"3711.TW,1216.TW,2330.TW,2885.TW,2317.TW,2912.TW,5880.TW,2002.TW,2882.TW,2891.TW,2887.TW,2892.TW,2881.TW,2884.TW,2357.TW",2023,123,15
2023-06-29,0.0022475029439346537,-0.00011392695151801746,0.017080682407009773,0.0307397786885686,0.4027580301334985,0.40275803013349876,0.40275803013349865,0.0023561344762809675,"3711.TW,1216.TW,2330.TW,2885.TW,2317.TW,2912.TW,5880.TW,2002.TW,2882.TW,2891.TW,2887.TW,2892.TW,2881.TW,2884.TW,2357.TW,2303.TW,2880.TW,1101.TW,1102.TW,5876.TW",2023,123,20
2023-07-04,-0.01947366833211217,-0.022371636544257778,-0.022137362669978566,-0.024421218469781777,0.5052176219691102,0.50521762196911,0.5052176219691101,0.002955523088519294,"2891.TW,2887.TW,2881.TW,9910.TW,2884.TW,2002.TW,2885.TW,2882.TW,3711.TW,1101.TW",2023,123,10
2023-07-04,-0.022741229687445776,-0.02845819349377421,-0.022137362669978566,-0.024421218469781777,1.0,1.0,1.0,0.00585,"2891.TW,2887.TW,2881.TW",2023,123,3
2023-07-04,-0.022063656774671415,-0.027784584382539612,-0.022137362669978566,-0.024421218469781777,1.0,1.0,1.0,0.00585,"2891.TW,2887.TW,2881.TW,9910.TW,2884.TW",2023,123,5
2023-07-04,-0.018478310113720347,-0.020414570098950535,-0.022137362669978566,-0.024421218469781777,0.3372157908178452,0.3372157908178452,0.3372157908178452,0.0019727123762843944,"2891.TW,2887.TW,2881.TW,9910.TW,2884.TW,2002.TW,2885.TW,2882.TW,3711.TW,1101.TW,5880.TW,1102.TW,2892.TW,2880.TW,2303.TW",2023,123,15
2023-07-04,-0.01937009814010748,-0.020251031888338655,-0.022137362669978566,-0.024421218469781777,0.15356146618004957,0.15356146618004962,0.1535614661800496,0.0008983345771532903,"2891.TW,2887.TW,2881.TW,9910.TW,2884.TW,2002.TW,2885.TW,2882.TW,3711.TW,1101.TW,5880.TW,1102.TW,2892.TW,2880.TW,2303.TW,2327.TW,2912.TW,1216.TW,5876.TW,2379.TW",2023,123,20
2023-07-07,0.023477908160925102,0.018688031550731843,0.02498044022085444,0.02945491124218209,0.8,0.7999999999999999,0.8,0.00468,"2308.TW,2886.TW,2395.TW,2891.TW,2303.TW",2023,123,5
2023-07-07,0.036459154068818354,0.03160789855175583,0.02498044022085444,0.02945491124218209,0.8001033558395713,0.8001033558395716,0.8001033558395714,0.004680604631661494,"2308.TW,2886.TW,2395.TW,2891.TW,2303.TW,2454.TW,2912.TW,2317.TW,2615.TW,2330.TW,3017.TW,2327.TW,1102.TW,2382.TW,2618.TW",2023,123,15
2023-07-07,0.0347500740736076,0.02869678614027693,0.02498044022085444,0.02945491124218209,1.0,1.0,1.0,0.00585,"2308.TW,2886.TW,2395.TW",2023,123,3
2023-07-07,0.014718332221999947,0.009375521561829636,0.02498044022085444,0.02945491124218209,0.9000536784927997,0.9000536784927998,0.9000536784927997,0.005265314019182879,"2308.TW,2886.TW,2395.TW,2891.TW,2303.TW,2454.TW,2912.TW,2317.TW,2615.TW,2330.TW",2023,123,10
2023-07-07,0.032065862407846736,0.028141238055640283,0.02498044022085444,0.02945491124218209,0.6500321172109456,0.6500321172109454,0.6500321172109456,0.0038026878856840312,"2308.TW,2886.TW,2395.TW,2891.TW,2303.TW,2454.TW,2912.TW,2317.TW,2615.TW,2330.TW,3017.TW,2327.TW,1102.TW,2382.TW,2618.TW,2881.TW,2345.TW,2357.TW,5880.TW,2609.TW",2023,123,20
2023-07-12,0.004304781337843445,-0.001570401632983054,0.012285931702728181,0.011885675209824819,1.0,1.0000000000000002,1.0,0.005850000000000001,"2454.TW,2884.TW,2357.TW,2887.TW,1102.TW",2023,123,5
2023-07-12,0.007601133614006087,0.003252302280276398,0.012285931702728181,0.011885675209824819,0.73778199207792,0.7377819920779201,0.7377819920779201,0.0043160246536558325,"2454.TW,2884.TW,2357.TW,2887.TW,1102.TW,5880.TW,5876.TW,2603.TW,2880.TW,2330.TW,2892.TW,1216.TW,9910.TW,2327.TW,2408.TW",2023,123,15
2023-07-12,0.002148992641515024,-0.0037135789654378915,0.012285931702728181,0.011885675209824819,1.0,1.0,1.0,0.00585,"2454.TW,2884.TW,2357.TW",2023,123,3
2023-07-12,0.004676971380930539,-2.4916845132283427e-05,0.012285931702728181,0.011885675209824819,0.7999999999999999,0.8,0.8,0.00468,"2454.TW,2884.TW,2357.TW,2887.TW,1102.TW,5880.TW,5876.TW,2603.TW,2880.TW,2330.TW",2023,123,10
2023-07-12,0.012220404497499757,0.008628358046204543,0.012285931702728181,0.011885675209824819,0.6066119905123507,0.6066119905123507,0.6066119905123507,0.0035486801444972516,"2454.TW,2884.TW,2357.TW,2887.TW,1102.TW,5880.TW,5876.TW,2603.TW,2880.TW,2330.TW,2892.TW,1216.TW,9910.TW,2327.TW,2408.TW,2303.TW,2885.TW,2883.TW,3711.TW,2891.TW",2023,123,20
2023-07-17,-0.014285428766939457,-0.018911282956479702,-0.027480942474971015,-0.007999381146244336,0.8022041359448957,0.8022041359448958,0.8022041359448957,0.004692894195277641,"2912.TW,2454.TW,1102.TW,3008.TW,2303.TW,2002.TW,2412.TW,1216.TW,2207.TW,1101.TW",2023,123,10
2023-07-17,-0.013050124273188003,-0.01693665814437184,-0.027480942474971015,-0.007999381146244336,0.6731494482591447,0.6731494482591447,0.6731494482591447,0.003937924272315997,"2912.TW,2454.TW,1102.TW",2023,123,3
2023-07-17,-0.030573991022539194,-0.03400112250528442,-0.027480942474971015,-0.007999381146244336,0.6043106292483731,0.6043106292483731,0.6043106292483731,0.0035352171811029827,"2912.TW,2454.TW,1102.TW,3008.TW,2303.TW",2023,123,5
2023-07-17,-0.005554337993323017,-0.008479738930003089,-0.027480942474971015,-0.007999381146244336,0.5028615994719449,0.5028615994719451,0.502861599471945,0.0029417403569108784,"2912.TW,2454.TW,1102.TW,3008.TW,2303.TW,2002.TW,2412.TW,1216.TW,2207.TW,1101.TW,3045.TW,2357.TW,1326.TW,5880.TW,1303.TW,2880.TW,3034.TW,5876.TW,2892.TW,2408.TW",2023,123,20
2023-07-17,-0.00496854898912605,-0.008862896819723187,-0.027480942474971015,-0.007999381146244336,0.6690245651898384,0.6690245651898385,0.6690245651898385,0.003913793706360556,"2912.TW,2454.TW,1102.TW,3008.TW,2303.TW,2002.TW,2412.TW,1216.TW,2207.TW,1101.TW,3045.TW,2357.TW,1326.TW,5880.TW,1303.TW",2023,123,15
2023-07-20,0.03232504845594817,0.026285946922480763,0.013343924237489313,0.019431892381976398,1.0,0.9999999999999999,1.0,0.005849999999999999,"2330.TW,2308.TW,2317.TW,5876.TW,2345.TW",2023,123,5
2023-07-20,0.003922821562946616,0.00039892930526885806,0.013343924237489313,0.019431892381976398,0.600020969703978,0.6000209697039782,0.6000209697039781,0.0035101226727682726,"2330.TW,2308.TW,2317.TW,5876.TW,2345.TW,2454.TW,2912.TW,2327.TW,2002.TW,2883.TW,3045.TW,2408.TW,2880.TW,5880.TW,1216.TW",2023,123,15
2023-07-20,0.032838108375520994,0.026796005441524162,0.013343924237489313,0.019431892381976398,1.0,1.0,1.0,0.00585,"2330.TW,2308.TW,2317.TW",2023,123,3
2023-07-20,0.002993338975914812,0.0006301157244126276,0.013343924237489313,0.019431892381976398,0.40276417687285054,0.4027641768728507,0.4027641768728506,0.0023561704347061768,"2330.TW,2308.TW,2317.TW,5876.TW,2345.TW,2454.TW,2912.TW,2327.TW,2002.TW,2883.TW,3045.TW,2408.TW,2880.TW,5880.TW,1216.TW,2412.TW,2892.TW,5871.TW,3008.TW,4904.TW",2023,123,20
2023-07-20,0.007871339477362207,0.003744106342202347,0.013343924237489313,0.019431892381976398,0.7,0.7,0.7,0.004095,"2330.TW,2308.TW,2317.TW,5876.TW,2345.TW,2454.TW,2912.TW,2327.TW,2002.TW,2883.TW",2023,123,10
2023-07-25,0.01697245104043361,0.013386737494678336,0.009295092956046025,0.01836186197064614,0.6027129700778258,0.6027129700778258,0.6027129700778258,0.003525870874955281,"2379.TW,1216.TW,2002.TW,5876.TW,2880.TW,5880.TW,2882.TW,3034.TW,2412.TW,3045.TW,4904.TW,2881.TW,5871.TW,2886.TW,2887.TW",2023,123,15
2023-07-25,0.019760410614407066,0.013794812212312824,0.009295092956046025,0.01836186197064614,1.0,1.0,1.0,0.00585,"2379.TW,1216.TW,2002.TW",2023,123,3
2023-07-25,0.014118190242076212,0.00933108068098809,0.009295092956046025,0.01836186197064614,0.8069171173099574,0.8069171173099576,0.8069171173099575,0.0047204651362632525,"2379.TW,1216.TW,2002.TW,5876.TW,2880.TW",2023,123,5
2023-07-25,0.017616446385879118,0.012837587228475167,0.009295092956046025,0.01836186197064614,0.8027572708429866,0.8027572708429868,0.8027572708429866,0.004696130034431473,"2379.TW,1216.TW,2002.TW,5876.TW,2880.TW,5880.TW,2882.TW,3034.TW,2412.TW,3045.TW",2023,123,10
2023-07-25,0.02165610673090839,0.019250457446700953,0.009295092956046025,0.01836186197064614,0.4025053999631397,0.40250539996313994,0.40250539996313983,0.0023546565897843686,"2379.TW,1216.TW,2002.TW,5876.TW,2880.TW,5880.TW,2882.TW,3034.TW,2412.TW,3045.TW,4904.TW,2881.TW,5871.TW,2886.TW,2887.TW,2883.TW,2892.TW,2330.TW,2603.TW,2884.TW",2023,123,20
2023-07-28,-0.005396143184927427,-0.009297586086841059,-0.023407574001911846,-0.03287564657568306,0.6705316010959516,0.6705316010959514,0.6705316010959514,0.0039226098664113165,"1216.TW,5876.TW,2880.TW",2023,123,3
2023-07-28,-0.018345098172682137,-0.021258492441863397,-0.023407574001911846,-0.03287564657568306,0.5073230047167455,0.5073230047167455,0.5073230047167455,0.0029678395775929616,"1216.TW,5876.TW,2880.TW,2412.TW,2002.TW,2330.TW,2912.TW,2317.TW,2618.TW,3045.TW,1326.TW,4904.TW,5871.TW,2885.TW,6669.TW,1301.TW,1101.TW,2891.TW,2883.TW,1303.TW",2023,123,20
2023-07-28,-0.013026866237726397,-0.0153794051731716,-0.023407574001911846,-0.03287564657568306,0.4074512203138202,0.40745122031382014,0.4074512203138202,0.002383589638835848,"1216.TW,5876.TW,2880.TW,2412.TW,2002.TW,2330.TW,2912.TW,2317.TW,2618.TW,3045.TW",2023,123,10
2023-07-28,-0.006365552687096066,-0.007570780376311426,-0.023407574001911846,-0.03287564657568306,0.20734167155078606,0.2073416715507861,0.2073416715507861,0.0012129487785720987,"1216.TW,5876.TW,2880.TW,2412.TW,2002.TW",2023,123,5
2023-07-28,-0.022716553542753384,-0.02542240930746753,-0.023407574001911846,-0.03287564657568306,0.47329098700734346,0.4732909870073435,0.4732909870073435,0.0027687522739929596,"1216.TW,5876.TW,2880.TW,2412.TW,2002.TW,2330.TW,2912.TW,2317.TW,2618.TW,3045.TW,1326.TW,4904.TW,5871.TW,2885.TW,6669.TW",2023,123,15
2023-08-02,0.004679837060583625,0.002328461833244866,-0.0035363760881408357,0.005030521827012524,0.40007221054793773,0.4000722105479377,0.40007221054793773,0.0023404224317054357,"2884.TW,5880.TW,2885.TW,2891.TW,2887.TW,1216.TW,2886.TW,1101.TW,2412.TW,2892.TW,2880.TW,1326.TW,2881.TW,1301.TW,2912.TW,5876.TW,9910.TW,2357.TW,2883.TW,3045.TW",2023,123,20
2023-08-02,0.0002138589830455337,-0.00446714187699504,-0.0035363760881408357,0.005030521827012524,0.7999999999999999,0.7999999999999999,0.7999999999999999,0.00468,"2884.TW,5880.TW,2885.TW,2891.TW,2887.TW,1216.TW,2886.TW,1101.TW,2412.TW,2892.TW",2023,123,10
2023-08-02,5.103270601122627e-05,-0.0034591464187868626,-0.0035363760881408357,0.005030521827012524,0.6,0.5999999999999999,0.5999999999999999,0.0035099999999999992,"2884.TW,5880.TW,2885.TW,2891.TW,2887.TW,1216.TW,2886.TW,1101.TW,2412.TW,2892.TW,2880.TW,1326.TW,2881.TW,1301.TW,2912.TW",2023,123,15
2023-08-02,0.004517113972686659,-0.001359311144053521,-0.0035363760881408357,0.005030521827012524,1.0,1.0,1.0,0.00585,"2884.TW,5880.TW,2885.TW,2891.TW,2887.TW",2023,123,5
2023-08-02,0.014116093890021109,0.008183514740764508,-0.0035363760881408357,0.005030521827012524,1.0,1.0,1.0,0.00585,"2884.TW,5880.TW,2885.TW",2023,123,3
2023-08-08,-0.0031887451215277134,-0.005142651774701634,-0.009069369318186249,-0.012636756318088582,0.3350695888113901,0.3350695888113901,0.3350695888113901,0.0019601570945466324,"2884.TW,2886.TW,2887.TW,2880.TW,5876.TW,2308.TW,2002.TW,2892.TW,2891.TW,2412.TW,1101.TW,1301.TW,9910.TW,1326.TW,2883.TW",2023,123,15
2023-08-08,-0.004450475682201654,-0.005925826268221024,-0.009069369318186249,-0.012636756318088582,0.253324094091289,0.253324094091289,0.253324094091289,0.0014819459504340406,"2884.TW,2886.TW,2887.TW,2880.TW,5876.TW,2308.TW,2002.TW,2892.TW,2891.TW,2412.TW,1101.TW,1301.TW,9910.TW,1326.TW,2883.TW,2454.TW,3034.TW,5880.TW,2881.TW,4904.TW",2023,123,20
2023-08-08,-0.0009165004629257064,-0.0044360647332623016,-0.009069369318186249,-0.012636756318088582,0.6021868225078535,0.6021868225078534,0.6021868225078535,0.0035227929116709426,"2884.TW,2886.TW,2887.TW,2880.TW,5876.TW",2023,123,5
2023-08-08,-0.003609844971732246,-0.005954549411533172,-0.009069369318186249,-0.012636756318088582,0.4022562604830072,0.4022562604830072,0.4022562604830072,0.0023531991238255924,"2884.TW,2886.TW,2887.TW,2880.TW,5876.TW,2308.TW,2002.TW,2892.TW,2891.TW,2412.TW",2023,123,10
2023-08-08,-0.0007793162850788797,-0.004707144420373011,-0.009069369318186249,-0.012636756318088582,0.6719472723228399,0.6719472723228399,0.6719472723228399,0.003930891543088614,"2884.TW,2886.TW,2887.TW",2023,123,3
2023-08-11,-0.04616874721814079,-0.04805423196138758,-0.01631527371155228,-0.017710510823136474,0.3379057704134681,0.3379057704134681,0.3379057704134681,0.0019767487569187885,"2884.TW,2880.TW,2886.TW",2023,123,3
2023-08-11,-0.04788866220622554,-0.05013173255241132,-0.01631527371155228,-0.017710510823136474,0.4027163769484348,0.40271637694843476,0.40271637694843476,0.0023558908051483436,"2884.TW,2880.TW,2886.TW,1301.TW,1326.TW",2023,123,5
2023-08-11,-0.0398168189747733,-0.04319456795158472,-0.01631527371155228,-0.017710510823136474,0.6013362855123354,0.6013362855123354,0.6013362855123354,0.0035178172702471622,"2884.TW,2880.TW,2886.TW,1301.TW,1326.TW,2882.TW,2891.TW,5880.TW,3045.TW,4904.TW",2023,123,10
2023-08-11,-0.03549619316307941,-0.03738619643556418,-0.01631527371155228,-0.017710510823136474,0.33496755553049423,0.3349675555304941,0.3349675555304942,0.0019595601998533907,"2884.TW,2880.TW,2886.TW,1301.TW,1326.TW,2882.TW,2891.TW,5880.TW,3045.TW,4904.TW,2412.TW,2883.TW,2892.TW,5876.TW,2912.TW",2023,123,15
2023-08-11,-0.03549557084993777,-0.036633180226765094,-0.01631527371155228,-0.017710510823136474,0.2016197494389353,0.2016197494389352,0.20161974943893524,0.001179475534217771,"2884.TW,2880.TW,2886.TW,1301.TW,1326.TW,2882.TW,2891.TW,5880.TW,3045.TW,4904.TW,2412.TW,2883.TW,2892.TW,5876.TW,2912.TW,1101.TW,2887.TW,2317.TW,2881.TW,2308.TW",2023,123,20
2023-08-16,0.0015014888423627195,-0.004357294867365025,0.0032363344812702532,0.014742977730786143,1.0,1.0,1.0,0.00585,"2412.TW,1216.TW,2912.TW,4904.TW,3045.TW",2023,123,5
2023-08-16,0.007669085697028944,0.004129870929054258,0.0032363344812702532,0.014742977730786143,0.600389538608378,0.6003895386083778,0.600389538608378,0.003512278800859011,"2412.TW,1216.TW,2912.TW,4904.TW,3045.TW,2603.TW,2885.TW,2882.TW,2454.TW,5880.TW",2023,123,10
2023-08-16,0.011398144521220371,0.007844840429152455,0.0032363344812702532,0.014742977730786143,0.6005571714668757,0.6005571714668756,0.6005571714668756,0.003513259453081222,"2412.TW,1216.TW,2912.TW,4904.TW,3045.TW,2603.TW,2885.TW,2882.TW,2454.TW,5880.TW,2881.TW,2308.TW,3017.TW,2357.TW,2887.TW",2023,123,15
2023-08-16,-0.00032849424690939433,-0.00617657255556503,0.0032363344812702532,0.014742977730786143,1.0,1.0,1.0,0.00585,"2412.TW,1216.TW,2912.TW",2023,123,3
2023-08-16,0.010912794153582206,0.008531040913785981,0.0032363344812702532,0.014742977730786143,0.4027422625400282,0.4027422625400282,0.4027422625400282,0.002356042235859165,"2412.TW,1216.TW,2912.TW,4904.TW,3045.TW,2603.TW,2885.TW,2882.TW,2454.TW,5880.TW,2881.TW,2308.TW,3017.TW,2357.TW,2887.TW,2892.TW,2379.TW,9910.TW,2884.TW,1101.TW",2023,123,20
2023-08-21,-0.0029949194470888178,-0.004466614051616524,0.012096844718789468,-0.0035554692620067764,0.2523274275896121,0.2523274275896121,0.2523274275896121,0.0014761154513992306,"2412.TW,2882.TW,3045.TW,2603.TW,1216.TW,4904.TW,2885.TW,5880.TW,2881.TW,2887.TW,2382.TW,1102.TW,2912.TW,2357.TW,2884.TW,2892.TW,5876.TW,2379.TW,2327.TW,2002.TW",2023,123,20
2023-08-21,-0.008710856803213329,-0.011037140181868299,0.012096844718789468,-0.0035554692620067764,0.4011496354334837,0.4011496354334836,0.40114963543348364,0.0023467253672858793,"2412.TW,2882.TW,3045.TW,2603.TW,1216.TW",2023,123,5
2023-08-21,-0.007694750075211143,-0.011572341434248012,0.012096844718789468,-0.0035554692620067764,0.6679760384217641,0.6679760384217642,0.6679760384217641,0.00390765982476732,"2412.TW,2882.TW,3045.TW",2023,123,3
2023-08-21,-0.005444756278029317,-0.006619624887598818,0.012096844718789468,-0.0035554692620067764,0.201931709897251,0.20193170989725104,0.201931709897251,0.0011813005028989186,"2412.TW,2882.TW,3045.TW,2603.TW,1216.TW,4904.TW,2885.TW,5880.TW,2881.TW,2887.TW",2023,123,10
2023-08-21,-0.0038595460902290644,-0.005044037768024867,0.012096844718789468,-0.0035554692620067764,0.20326170780928954,0.20326170780928976,0.20326170780928965,0.0011890809906843448,"2412.TW,2882.TW,3045.TW,2603.TW,1216.TW,4904.TW,2885.TW,5880.TW,2881.TW,2887.TW,2382.TW,1102.TW,2912.TW,2357.TW,2884.TW",2023,123,15
2023-08-24,0.011578910508993633,0.010374154359179988,0.009960199711048556,0.011238743636936766,0.20358394194551405,0.2035839419455139,0.203583941945514,0.0011909660603812565,"5880.TW,2912.TW,4904.TW,2887.TW,1216.TW,2603.TW,1102.TW,2412.TW,2881.TW,3045.TW,2892.TW,2882.TW,2891.TW,2327.TW,5876.TW,9910.TW,3034.TW,2885.TW,2884.TW,1101.TW",2023,123,20
2023-08-24,0.005625494985650903,-0.00025741416001512363,0.009960199711048556,0.011238743636936766,1.0,1.0,1.0,0.00585,"5880.TW,2912.TW,4904.TW",2023,123,3
2023-08-24,0.012288549608772143,0.010692589432121036,0.009960199711048556,0.011238743636936766,0.269501917724835,0.269501917724835,0.269501917724835,0.0015765862186902847,"5880.TW,2912.TW,4904.TW,2887.TW,1216.TW,2603.TW,1102.TW,2412.TW,2881.TW,3045.TW,2892.TW,2882.TW,2891.TW,2327.TW,5876.TW",2023,123,15
2023-08-24,0.008907918792462754,0.007718299462840195,0.009960199711048556,0.011238743636936766,0.20155826688604495,0.20155826688604483,0.2015582668860449,0.0011791158612833624,"5880.TW,2912.TW,4904.TW,2887.TW,1216.TW,2603.TW,1102.TW,2412.TW,2881.TW,3045.TW",2023,123,10
2023-08-24,0.009273472385412696,0.004547249967918665,0.009960199711048556,0.011238743636936766,0.8004780567928913,0.800478056792891,0.8004780567928911,0.004682796632238413,"5880.TW,2912.TW,4904.TW,2887.TW,1216.TW",2023,123,5
2023-08-29,-0.005773584167209493,-0.007345551405756545,-0.006706200021532216,-0.006696802639761112,0.27027279117754976,0.2702727911775496,0.27027279117754965,0.0015810958283886654,"2603.TW,2912.TW,3045.TW,2412.TW,1102.TW,2887.TW,4904.TW,2330.TW,2892.TW,5876.TW,2891.TW,5880.TW,2883.TW,2884.TW,3034.TW",2023,123,15
2023-08-29,-0.0068192095087082245,-0.008571897806262108,-0.006706200021532216,-0.006696802639761112,0.3016619331113882,0.3016619331113882,0.3016619331113882,0.0017647223087016212,"2603.TW,2912.TW,3045.TW,2412.TW,1102.TW,2887.TW,4904.TW,2330.TW,2892.TW,5876.TW",2023,123,10
2023-08-29,-0.006512601059513141,-0.007979267665477185,-0.006706200021532216,-0.006696802639761112,0.25235573254689003,0.25235573254689,0.25235573254689003,0.0014762810353993064,"2603.TW,2912.TW,3045.TW,2412.TW,1102.TW,2887.TW,4904.TW,2330.TW,2892.TW,5876.TW,2891.TW,5880.TW,2883.TW,2884.TW,3034.TW,2345.TW,2881.TW,1216.TW,2886.TW,1301.TW",2023,123,20
2023-08-29,-0.004913261640840783,-0.009570267576361702,-0.006706200021532216,-0.006696802639761112,0.8,0.8,0.8,0.00468,"2603.TW,2912.TW,3045.TW,2412.TW,1102.TW",2023,123,5
2023-08-29,-0.0053519216550279945,-0.009231049160573379,-0.006706200021532216,-0.006696802639761112,0.6666666666666666,0.6666666666666665,0.6666666666666665,0.0038999999999999994,"2603.TW,2912.TW,3045.TW",2023,123,3
2023-09-01,-0.0028655723806767287,-0.0037568215248132697,-0.004765689393317896,0.0014601229988884512,0.15278810642685176,0.15278810642685173,0.15278810642685176,0.0008938104225970827,"2603.TW,2412.TW,3045.TW,2887.TW,4904.TW,2912.TW,2892.TW,2317.TW,2891.TW,1102.TW,2330.TW,2357.TW,2884.TW,5880.TW,2886.TW,2883.TW,2345.TW,2308.TW,5876.TW,3034.TW",2023,123,20
2023-09-01,-0.002192211463257654,-0.0033704405168976104,-0.004765689393317896,0.0014601229988884512,0.20184917190440146,0.20184917190440133,0.20184917190440138,0.0011808176556407479,"2603.TW,2412.TW,3045.TW,2887.TW,4904.TW,2912.TW,2892.TW,2317.TW,2891.TW,1102.TW",2023,123,10
2023-09-01,0.004726139695457616,0.0027669237230514288,-0.004765689393317896,0.0014601229988884512,0.3333333333333333,0.33333333333333337,0.33333333333333337,0.0019500000000000001,"2603.TW,2412.TW,3045.TW",2023,123,3
2023-09-01,0.0022849215466529404,-6.466450670783441e-05,-0.004765689393317896,0.0014601229988884512,0.4007230209353507,0.4007230209353505,0.4007230209353506,0.002344229672471801,"2603.TW,2412.TW,3045.TW,2887.TW,4904.TW",2023,123,5
2023-09-01,-0.0034604419944572603,-0.004644928422340655,-0.004765689393317896,0.0014601229988884512,0.203179402997229,0.20317940299722909,0.20317940299722903,0.00118859950753379,"2603.TW,2412.TW,3045.TW,2887.TW,4904.TW,2912.TW,2892.TW,2317.TW,2891.TW,1102.TW,2330.TW,2357.TW,2884.TW,5880.TW,2886.TW",2023,123,15
2023-09-06,0.006433235838705743,0.002900655180911871,-0.009577095128417423,-0.008340661192442174,0.6000000000000001,0.6000000000000001,0.6000000000000001,0.003510000000000001,"2881.TW,2882.TW,2603.TW,2412.TW,2885.TW",2023,123,5
2023-09-06,0.003479357218356193,0.0007362454019803621,-0.009577095128417423,-0.008340661192442174,0.46728216123857275,0.46728216123857275,0.46728216123857275,0.0027336006432456504,"2881.TW,2882.TW,2603.TW,2412.TW,2885.TW,2887.TW,4904.TW,2454.TW,3045.TW,1301.TW,1102.TW,3711.TW,2330.TW,1326.TW,2912.TW",2023,123,15
2023-09-06,0.0018766700554298688,-0.0010606559043458974,-0.009577095128417423,-0.008340661192442174,0.501166477549852,0.501166477549852,0.501166477549852,0.002931823893666634,"2881.TW,2882.TW,2603.TW,2412.TW,2885.TW,2887.TW,4904.TW,2454.TW,3045.TW,1301.TW,1102.TW,3711.TW,2330.TW,1326.TW,2912.TW,2892.TW,2408.TW,2317.TW,2002.TW,1303.TW",2023,123,20
2023-09-06,0.00800099163557429,0.004069787768195665,-0.009577095128417423,-0.008340661192442174,0.6666666666666666,0.6666666666666665,0.6666666666666665,0.0038999999999999994,"2881.TW,2882.TW,2603.TW",2023,123,3
2023-09-06,0.006683147794741051,0.0037353731406217783,-0.009577095128417423,-0.008340661192442174,0.5005478678888323,0.5005478678888323,0.5005478678888323,0.002928205027149669,"2881.TW,2882.TW,2603.TW,2412.TW,2885.TW,2887.TW,4904.TW,2454.TW,3045.TW,1301.TW",2023,123,10
2023-09-11,0.01733532456289722,0.014945844220495719,0.023368313678692187,0.025977326140408593,0.40149807868294934,0.4014980786829493,0.4014980786829493,0.002348763760295253,"2603.TW,2412.TW,3045.TW,2892.TW,4904.TW,1303.TW,2881.TW,2303.TW,2886.TW,1301.TW,2883.TW,2887.TW,2885.TW,2327.TW,2912.TW",2023,123,15
2023-09-11,0.017211460546022607,0.013614833028449347,0.023368313678692187,0.025977326140408593,0.6044054225775884,0.6044054225775883,0.6044054225775883,0.003535771722078892,"2603.TW,2412.TW,3045.TW,2892.TW,4904.TW",2023,123,5
2023-09-11,0.020781910242221126,0.01898501171653244,0.023368313678692187,0.025977326140408593,0.3009086838838028,0.30090868388380293,0.3009086838838029,0.001760315800720247,"2603.TW,2412.TW,3045.TW,2892.TW,4904.TW,1303.TW,2881.TW,2303.TW,2886.TW,1301.TW,2883.TW,2887.TW,2885.TW,2327.TW,2912.TW,2880.TW,2882.TW,2454.TW,2345.TW,1326.TW",2023,123,20
2023-09-11,0.01891161715949852,0.016513788308686328,0.023368313678692187,0.025977326140408593,0.40227755453977454,0.40227755453977443,0.4022775545397745,0.0023533236940576807,"2603.TW,2412.TW,3045.TW,2892.TW,4904.TW,1303.TW,2881.TW,2303.TW,2886.TW,1301.TW",2023,123,10
2023-09-11,0.01293573508123069,0.008951379020361472,0.023368313678692187,0.025977326140408593,0.6723886644959486,0.6723886644959488,0.6723886644959487,0.0039334736873013,"2603.TW,2412.TW,3045.TW",2023,123,3
2023-09-14,-0.002430569899520085,-0.007118943354984086,-0.015354287167369751,-0.009371392290957872,0.8033840409761168,0.803384040976117,0.8033840409761169,0.004699796639710285,"2412.TW,2912.TW,2317.TW,1216.TW,2002.TW",2023,123,5
2023-09-14,-0.004765495355407889,-0.007507244390278944,-0.015354287167369751,-0.009371392290957872,0.47091921201352316,0.47091921201352305,0.4709192120135231,0.0027548773902791104,"2412.TW,2912.TW,2317.TW,1216.TW,2002.TW,2883.TW,1102.TW,3045.TW,5880.TW,1301.TW,2882.TW,4904.TW,1101.TW,2881.TW,2892.TW",2023,123,15
2023-09-14,-0.005970759775316446,-0.008325589722286475,-0.015354287167369751,-0.009371392290957872,0.4049529102173144,0.4049529102173145,0.40495291021731444,0.00236897452477129,"2412.TW,2912.TW,2317.TW,1216.TW,2002.TW,2883.TW,1102.TW,3045.TW,5880.TW,1301.TW,2882.TW,4904.TW,1101.TW,2881.TW,2892.TW,2885.TW,1303.TW,2880.TW,2308.TW,2395.TW",2023,123,20
2023-09-14,-0.003831790051892359,-0.007933308918397941,-0.015354287167369751,-0.009371392290957872,0.703811192882098,0.7038111928820981,0.703811192882098,0.004117295478360274,"2412.TW,2912.TW,2317.TW,1216.TW,2002.TW,2883.TW,1102.TW,3045.TW,5880.TW,1301.TW",2023,123,10
2023-09-14,-0.0018622343124103564,-0.00577982770905161,-0.015354287167369751,-0.009371392290957872,0.6709235016617279,0.6709235016617279,0.6709235016617279,0.003924902484721108,"2412.TW,2912.TW,2317.TW",2023,123,3
2023-09-19,-0.011929866378656813,-0.014635556638383562,-0.018392776210102046,-0.010075615694434346,0.46809547194155543,0.46809547194155554,0.4680954719415555,0.0027383585108581,"1326.TW,2303.TW,2882.TW,1303.TW,2412.TW,2880.TW,1301.TW,2883.TW,2887.TW,1102.TW,2317.TW,2884.TW,2912.TW,1216.TW,5876.TW",2023,123,15
2023-09-19,-0.013612142823968443,-0.015354509836270402,-0.018392776210102046,-0.010075615694434346,0.3019507111290997,0.3019507111291,0.3019507111290999,0.0017664116601052346,"1326.TW,2303.TW,2882.TW,1303.TW,2412.TW,2880.TW,1301.TW,2883.TW,2887.TW,1102.TW,2317.TW,2884.TW,2912.TW,1216.TW,5876.TW,2881.TW,5880.TW,2002.TW,3045.TW,3711.TW",2023,123,20
2023-09-19,-0.012790537826278182,-0.01626396142314146,-0.018392776210102046,-0.010075615694434346,0.6014403691877774,0.6014403691877777,0.6014403691877775,0.003518426159748499,"1326.TW,2303.TW,2882.TW,1303.TW,2412.TW,2880.TW,1301.TW,2883.TW,2887.TW,1102.TW",2023,123,10
2023-09-19,-0.011655430302535952,-0.016280882888720094,-0.018392776210102046,-0.010075615694434346,0.8,0.7999999999999999,0.8,0.00468,"1326.TW,2303.TW,2882.TW,1303.TW,2412.TW",2023,123,5
2023-09-19,-0.013577739631952374,-0.019348309855105494,-0.018392776210102046,-0.010075615694434346,1.0,1.0,1.0,0.00585,"1326.TW,2303.TW,2882.TW",2023,123,3
2023-09-22,-0.009381145535352473,-0.014017241774247124,1.460928298335773e-07,-0.0012951693255267703,0.7999999999999999,0.7999999999999999,0.7999999999999999,0.00468,"2454.TW,2603.TW,2885.TW,2412.TW,1326.TW,3034.TW,9910.TW,2408.TW,4904.TW,2892.TW,2615.TW,2609.TW,5876.TW,2891.TW,3045.TW",2023,123,15
2023-09-22,-0.005617334665948848,-0.009107617821271341,1.460928298335773e-07,-0.0012951693255267703,0.6000000000000001,0.6000000000000001,0.6000000000000001,0.003510000000000001,"2454.TW,2603.TW,2885.TW,2412.TW,1326.TW",2023,123,5
2023-09-22,-0.014333877863002976,-0.018946795314604192,1.460928298335773e-07,-0.0012951693255267703,0.7999999999999999,0.7999999999999998,0.7999999999999998,0.004679999999999999,"2454.TW,2603.TW,2885.TW,2412.TW,1326.TW,3034.TW,9910.TW,2408.TW,4904.TW,2892.TW",2023,123,10
2023-09-22,-0.008683805627105768,-0.012458049484668887,1.460928298335773e-07,-0.0012951693255267703,0.6508214975645069,0.650821497564507,0.650821497564507,0.003807305760752366,"2454.TW,2603.TW,2885.TW,2412.TW,1326.TW,3034.TW,9910.TW,2408.TW,4904.TW,2892.TW,2615.TW,2609.TW,5876.TW,2891.TW,3045.TW,2880.TW,2881.TW,2327.TW,2886.TW,1301.TW",2023,123,20
2023-09-22,0.0034671444221256267,-0.0024031383727437516,1.460928298335773e-07,-0.0012951693255267703,1.0,1.0,1.0,0.00585,"2454.TW,2603.TW,2885.TW",2023,123,3
2023-09-27,0.012337226179759297,0.008376980595405925,-0.005295349154186835,-0.008940743016217254,0.6687149693280308,0.668714969328031,0.6687149693280309,0.0039119825705689806,"4904.TW,2886.TW,2454.TW",2023,123,3
2023-09-27,-0.0022570129362710313,-0.005759090820864676,-0.005295349154186835,-0.008940743016217254,0.6000000000000001,0.6000000000000001,0.6000000000000001,0.003510000000000001,"4904.TW,2886.TW,2454.TW,2885.TW,2891.TW",2023,123,5
2023-09-27,-0.009062893529277184,-0.011963094549783615,-0.005295349154186835,-0.008940743016217254,0.5002949783280609,0.5002949783280609,0.5002949783280609,0.002926725623219156,"4904.TW,2886.TW,2454.TW,2885.TW,2891.TW,3034.TW,2412.TW,2609.TW,2887.TW,1102.TW",2023,123,10
2023-09-27,-0.01078568375805537,-0.012541764712314385,-0.005295349154186835,-0.008940743016217254,0.3034577781347034,0.3034577781347034,0.3034577781347034,0.001775228002088015,"4904.TW,2886.TW,2454.TW,2885.TW,2891.TW,3034.TW,2412.TW,2609.TW,2887.TW,1102.TW,3045.TW,2408.TW,5876.TW,3008.TW,2892.TW,2327.TW,2395.TW,1216.TW,2603.TW,2884.TW",2023,123,20
2023-09-27,-0.007392966845592688,-0.008967678922180755,-0.005295349154186835,-0.008940743016217254,0.27118642379359936,0.2711864237935993,0.27118642379359936,0.001586440579192556,"4904.TW,2886.TW,2454.TW,2885.TW,2891.TW,3034.TW,2412.TW,2609.TW,2887.TW,1102.TW,3045.TW,2408.TW,5876.TW,3008.TW,2892.TW",2023,123,15
2023-10-03,0.0179696152264023,0.015564845837806818,0.03112195152506536,0.02694160829478497,0.40381528506308617,0.40381528506308606,0.4038152850630861,0.002362319417619054,"2327.TW,2886.TW,3045.TW,2887.TW,5876.TW,4904.TW,3008.TW,2412.TW,2885.TW,2891.TW",2023,123,10
2023-10-03,0.02545175131424973,0.023928208960222186,0.03112195152506536,0.02694160829478497,0.2539705940316537,0.25397059403165334,0.2539705940316535,0.0014857279750851724,"2327.TW,2886.TW,3045.TW,2887.TW,5876.TW,4904.TW,3008.TW,2412.TW,2885.TW,2891.TW,3034.TW,2892.TW,2303.TW,2881.TW,9910.TW,2884.TW,1216.TW,5871.TW,2345.TW,2609.TW",2023,123,20
2023-10-03,0.019325449020099996,0.017714198965020245,0.03112195152506536,0.02694160829478497,0.27020551690087774,0.27020551690087785,0.2702055169008778,0.0015807022738701351,"2327.TW,2886.TW,3045.TW,2887.TW,5876.TW,4904.TW,3008.TW,2412.TW,2885.TW,2891.TW,3034.TW,2892.TW,2303.TW,2881.TW,9910.TW",2023,123,15
2023-10-03,0.020557481830708203,0.015766514643152263,0.03112195152506536,0.02694160829478497,0.8024719475285651,0.802471947528565,0.8024719475285651,0.004694460893042105,"2327.TW,2886.TW,3045.TW,2887.TW,5876.TW",2023,123,5
2023-10-03,0.023313245910180653,0.0192692491118569,0.03112195152506536,0.02694160829478497,0.6755326453065832,0.6755326453065833,0.6755326453065833,0.003951865975043512,"2327.TW,2886.TW,3045.TW",2023,123,3
2023-10-06,0.009356530345192474,0.006981507653577523,0.003177136783407253,-0.008150268796392872,0.4022233697270484,0.4022233697270483,0.40222336972704836,0.002353006712903233,"1590.TW,2886.TW,3045.TW,2891.TW,4904.TW,2881.TW,2609.TW,2412.TW,3034.TW,2885.TW",2023,123,10
2023-10-06,0.03657559610542586,0.0345389559912912,0.003177136783407253,-0.008150268796392872,0.3358593532028061,0.33585935320280613,0.33585935320280613,0.001964777216236416,"1590.TW,2886.TW,3045.TW",2023,123,3
2023-10-06,0.028461570447398325,0.024846286727681965,0.003177136783407253,-0.008150268796392872,0.6008948071600535,0.6008948071600535,0.6008948071600535,0.003515234621886313,"1590.TW,2886.TW,3045.TW,2891.TW,4904.TW",2023,123,5
2023-10-06,0.004457420930535518,0.002950641792595965,0.003177136783407253,-0.008150268796392872,0.25642608441264564,0.2564260844126457,0.2564260844126457,0.0015000925938139773,"1590.TW,2886.TW,3045.TW,2891.TW,4904.TW,2881.TW,2609.TW,2412.TW,3034.TW,2885.TW,2395.TW,2327.TW,2887.TW,5871.TW,2884.TW,2303.TW,2892.TW,2880.TW,2330.TW,2308.TW",2023,123,20
2023-10-06,0.007575843580389038,0.005586545040628499,0.003177136783407253,-0.008150268796392872,0.337494228949888,0.33749422894988806,0.337494228949888,0.0019743412393568452,"1590.TW,2886.TW,3045.TW,2891.TW,4904.TW,2881.TW,2609.TW,2412.TW,3034.TW,2885.TW,2395.TW,2327.TW,2887.TW,5871.TW,2884.TW",2023,123,15
2023-10-13,-0.007634938940437946,-0.010551510753379123,-0.015043495838571785,-0.02012523731370786,0.502395039715637,0.5023950397156369,0.5023950397156369,0.0029390109823364766,"2412.TW,2881.TW,2892.TW,2887.TW,2912.TW,5876.TW,2882.TW,5880.TW,3045.TW,1301.TW,1216.TW,2395.TW,1303.TW,2880.TW,1326.TW,1101.TW,2884.TW,4904.TW,2357.TW,3034.TW",2023,123,20
2023-10-13,-0.0034511764542085013,-0.0073561524547591794,-0.015043495838571785,-0.02012523731370786,0.6698289629968366,0.6698289629968366,0.6698289629968366,0.003918499433531494,"2412.TW,2881.TW,2892.TW,2887.TW,2912.TW,5876.TW,2882.TW,5880.TW,3045.TW,1301.TW,1216.TW,2395.TW,1303.TW,2880.TW,1326.TW",2023,123,15
2023-10-13,0.001020927004919773,-0.004835045418059014,-0.015043495838571785,-0.02012523731370786,1.0,0.9999999999999999,1.0,0.005849999999999999,"2412.TW,2881.TW,2892.TW",2023,123,3
2023-10-13,-0.0018674693812724909,-0.007706544685392003,-0.015043495838571785,-0.02012523731370786,1.0,0.9999999999999999,1.0,0.005849999999999999,"2412.TW,2881.TW,2892.TW,2887.TW,2912.TW",2023,123,5
2023-10-13,-0.002124222971866441,-0.006230264103742167,-0.015043495838571785,-0.02012523731370786,0.7033815121362821,0.7033815121362819,0.703381512136282,0.004114781845997249,"2412.TW,2881.TW,2892.TW,2887.TW,2912.TW,5876.TW,2882.TW,5880.TW,3045.TW,1301.TW",2023,123,10
2023-10-18,-0.019682942174483787,-0.021980068253928065,-0.004823125567318787,-0.011157986677785883,0.40055523012355315,0.4005552301235531,0.4005552301235531,0.002343248096222786,"2379.TW,2883.TW,5876.TW,2884.TW,3045.TW,2882.TW,2881.TW,2892.TW,2887.TW,2880.TW,5880.TW,2412.TW,2317.TW,2454.TW,2891.TW",2023,123,15
2023-10-18,-0.01964338412722535,-0.022226628571340834,-0.004823125567318787,-0.011157986677785883,0.4504281806312225,0.4504281806312224,0.4504281806312225,0.002635004856692651,"2379.TW,2883.TW,5876.TW,2884.TW,3045.TW,2882.TW,2881.TW,2892.TW,2887.TW,2880.TW,5880.TW,2412.TW,2317.TW,2454.TW,2891.TW,2885.TW,2330.TW,1301.TW,3711.TW,2886.TW",2023,123,20
2023-10-18,-0.0235801515286977,-0.02929220764225493,-0.004823125567318787,-0.011157986677785883,1.0,1.0,1.0,0.00585,"2379.TW,2883.TW,5876.TW,2884.TW,3045.TW",2023,123,5
2023-10-18,-0.02084637815565198,-0.023139380578809265,-0.004823125567318787,-0.011157986677785883,0.4003112662162649,0.40031126621626484,0.4003112662162649,0.0023418209073651497,"2379.TW,2883.TW,5876.TW,2884.TW,3045.TW,2882.TW,2881.TW,2892.TW,2887.TW,2880.TW",2023,123,10
2023-10-18,-0.03273149809718197,-0.0383900188333135,-0.004823125567318787,-0.011157986677785883,1.0,1.0,1.0,0.00585,"2379.TW,2883.TW,5876.TW",2023,123,3
2023-10-23,-0.00620826563073933,-0.008552440384117843,-0.01332783169745233,-0.0030688770725792523,0.40321691074486765,0.40321691074486776,0.4032169107448677,0.002358818927857476,"2330.TW,2327.TW,3045.TW,4904.TW,2412.TW,3711.TW,2454.TW,1590.TW,2408.TW,3034.TW,2884.TW,2880.TW,2887.TW,5876.TW,2379.TW,2891.TW,2345.TW,2303.TW,2886.TW,2912.TW",2023,123,20
2023-10-23,-0.002797052876263251,-0.008047326392869758,-0.01332783169745233,-0.0030688770725792523,0.8999999999999999,0.9000000000000002,0.9000000000000001,0.005265000000000001,"2330.TW,2327.TW,3045.TW,4904.TW,2412.TW,3711.TW,2454.TW,1590.TW,2408.TW,3034.TW",2023,123,10
2023-10-23,-0.011874159385524753,-0.01765469555311938,-0.01332783169745233,-0.0030688770725792523,1.0,0.9999999999999998,0.9999999999999999,0.005849999999999999,"2330.TW,2327.TW,3045.TW",2023,123,3
2023-10-23,-0.0073911582289711165,-0.012036567608459503,-0.01332783169745233,-0.0030688770725792523,0.8,0.7999999999999999,0.8,0.00468,"2330.TW,2327.TW,3045.TW,4904.TW,2412.TW",2023,123,5
2023-10-23,-0.0030340522189451404,-0.0057709274749425665,-0.01332783169745233,-0.0030688770725792523,0.4692657007427313,0.46926570074273116,0.4692657007427312,0.0027452043493449776,"2330.TW,2327.TW,3045.TW,4904.TW,2412.TW,3711.TW,2454.TW,1590.TW,2408.TW,3034.TW,2884.TW,2880.TW,2887.TW,5876.TW,2379.TW",2023,123,15
2023-10-26,0.019841336099457076,0.015863954888669207,-0.0012281484602514325,0.0006281636387815737,0.6666666666666666,0.6666666666666665,0.6666666666666665,0.0038999999999999994,"4904.TW,3045.TW,2454.TW",2023,123,3
2023-10-26,0.006605486418834661,0.004241893800963403,-0.0012281484602514325,0.0006281636387815737,0.40138160538869594,0.4013816053886959,0.40138160538869594,0.002348082391523871,"4904.TW,3045.TW,2454.TW,6669.TW,5876.TW,2303.TW,3034.TW,2330.TW,2412.TW,2891.TW",2023,123,10
2023-10-26,0.0019977065117851244,-0.0015193054380713278,-0.0012281484602514325,0.0006281636387815737,0.6000000000000001,0.5999999999999999,0.6,0.0035099999999999997,"4904.TW,3045.TW,2454.TW,6669.TW,5876.TW",2023,123,5
2023-10-26,0.009490963407551468,0.008280532216524916,-0.0012281484602514325,0.0006281636387815737,0.20496598999458668,0.2049659899945867,0.2049659899945867,0.0011990510414683323,"4904.TW,3045.TW,2454.TW,6669.TW,5876.TW,2303.TW,3034.TW,2330.TW,2412.TW,2891.TW,1102.TW,2603.TW,2345.TW,2327.TW,2884.TW,2880.TW,2379.TW,3711.TW,2887.TW,9910.TW",2023,123,20
2023-10-26,0.010094479163833036,0.007715816459062497,-0.0012281484602514325,0.0006281636387815737,0.4025455219784023,0.4025455219784023,0.4025455219784023,0.0023548913035736536,"4904.TW,3045.TW,2454.TW,6669.TW,5876.TW,2303.TW,3034.TW,2330.TW,2412.TW,2891.TW,1102.TW,2603.TW,2345.TW,2327.TW,2884.TW",2023,123,15
2023-10-31,0.015418406604736996,0.011436119046748239,0.03729516572652325,0.036935938084639755,0.6703964705265527,0.6703964705265526,0.6703964705265526,0.003921819352580333,"2412.TW,3045.TW,1102.TW",2023,123,3
2023-10-31,0.025914320272459747,0.022906730589473456,0.03729516572652325,0.036935938084639755,0.5011314145522613,0.5011314145522614,0.5011314145522614,0.002931618775130729,"2412.TW,3045.TW,1102.TW,1590.TW,2881.TW,2891.TW,3711.TW,4904.TW,5876.TW,2327.TW",2023,123,10
2023-10-31,0.014510696647024758,0.009762786586716699,0.03729516572652325,0.036935938084639755,0.8,0.8,0.8,0.00468,"2412.TW,3045.TW,1102.TW,1590.TW,2881.TW",2023,123,5
2023-10-31,0.027970279988000203,0.02584788864021159,0.03729516572652325,0.036935938084639755,0.3529303782957018,0.35293037829570184,0.35293037829570184,0.002064642713029856,"2412.TW,3045.TW,1102.TW,1590.TW,2881.TW,2891.TW,3711.TW,4904.TW,5876.TW,2327.TW,2379.TW,2880.TW,2454.TW,1101.TW,5871.TW,2912.TW,2884.TW,2892.TW,2303.TW,5880.TW",2023,123,20
2023-10-31,0.024993870881653647,0.02218632934195064,0.03729516572652325,0.036935938084639755,0.46821902486663813,0.4682190248666381,0.46821902486663813,0.002739081295469833,"2412.TW,3045.TW,1102.TW,1590.TW,2881.TW,2891.TW,3711.TW,4904.TW,5876.TW,2327.TW,2379.TW,2880.TW,2454.TW,1101.TW,5871.TW",2023,123,15
2023-11-03,0.0006539865733816263,-0.0017170859431244745,0.002765658827051487,0.001372261074967811,0.40504664621489106,0.40504664621489084,0.40504664621489095,0.0023695228803571116,"1301.TW,2412.TW,2887.TW,2379.TW,5880.TW,5871.TW,2912.TW,2408.TW,1102.TW,2884.TW,3045.TW,2002.TW,2881.TW,2609.TW,4904.TW,1303.TW,2880.TW,2395.TW,1590.TW,1326.TW",2023,123,20
2023-11-03,0.0036399820626936254,-0.001057053053359902,0.002765658827051487,0.001372261074967811,0.8,0.8,0.8,0.00468,"1301.TW,2412.TW,2887.TW,2379.TW,5880.TW",2023,123,5
2023-11-03,0.0015896425029091978,-0.002316557102852168,0.002765658827051487,0.001372261074967811,0.6666666666666666,0.6666666666666667,0.6666666666666667,0.0039000000000000003,"1301.TW,2412.TW,2887.TW",2023,123,3
2023-11-03,0.00252231319930013,-0.002182832265799073,0.002765658827051487,0.001372261074967811,0.8022747818307642,0.8022747818307642,0.8022747818307642,0.00469330747370997,"1301.TW,2412.TW,2887.TW,2379.TW,5880.TW,5871.TW,2912.TW,2408.TW,1102.TW,2884.TW",2023,123,10
2023-11-03,-5.7892079618163876e-05,-0.0031978227265799797,0.002765658827051487,0.001372261074967811,0.5367713563420382,0.5367713563420381,0.5367713563420382,0.003140112434600923,"1301.TW,2412.TW,2887.TW,2379.TW,5880.TW,5871.TW,2912.TW,2408.TW,1102.TW,2884.TW,3045.TW,2002.TW,2881.TW,2609.TW,4904.TW",2023,123,15
2023-11-08,0.007545441141169086,0.005170834463746443,0.01812445459152001,0.00767422295695114,0.40287579575024723,0.4028757957502474,0.40287579575024735,0.0023568234051389468,"2882.TW,2615.TW,1301.TW,2002.TW,2603.TW,2880.TW,5880.TW,1102.TW,5871.TW,2885.TW,2883.TW,1326.TW,2891.TW,1303.TW,2892.TW,2412.TW,2884.TW,2881.TW,2887.TW,3711.TW",2023,123,20
2023-11-08,0.00305534426405681,-0.0008696397046140669,0.01812445459152001,0.00767422295695114,0.6688937299210421,0.6688937299210421,0.6688937299210421,0.0039130283200380965,"2882.TW,2615.TW,1301.TW",2023,123,3
2023-11-08,0.010574684054711205,0.005834895544733154,0.01812445459152001,0.00767422295695114,0.8017420888331215,0.8017420888331216,0.8017420888331215,0.004690191219673762,"2882.TW,2615.TW,1301.TW,2002.TW,2603.TW",2023,123,5
2023-11-08,0.006876093227603726,0.002934976292201741,0.01812445459152001,0.00767422295695114,0.6690944468382913,0.6690944468382917,0.6690944468382916,0.003914202514004006,"2882.TW,2615.TW,1301.TW,2002.TW,2603.TW,2880.TW,5880.TW,1102.TW,5871.TW,2885.TW,2883.TW,1326.TW,2891.TW,1303.TW,2892.TW",2023,123,15
2023-11-08,0.004916407805515723,0.0013795475465869789,0.01812445459152001,0.00767422295695114,0.6016336210223112,0.6016336210223112,0.6016336210223112,0.0035195566829805203,"2882.TW,2615.TW,1301.TW,2002.TW,2603.TW,2880.TW,5880.TW,1102.TW,5871.TW,2885.TW",2023,123,10
2023-11-13,0.01822274109934665,0.013455729996015853,0.0108359751397904,0.012854158742052264,0.8002902115477117,0.8002902115477118,0.8002902115477117,0.004681697737554114,"3045.TW,2412.TW,1326.TW,1216.TW,2912.TW,2603.TW,2884.TW,1303.TW,1101.TW,2885.TW",2023,123,10
2023-11-13,0.01862961188150164,0.01652636395861351,0.0108359751397904,0.012854158742052264,0.3529541604469733,0.3529541604469734,0.35295416044697336,0.0020647818386147943,"3045.TW,2412.TW,1326.TW,1216.TW,2912.TW,2603.TW,2884.TW,1303.TW,1101.TW,2885.TW,5880.TW,2395.TW,2002.TW,2887.TW,2882.TW,2886.TW,2880.TW,2207.TW,2892.TW,2881.TW",2023,123,20
2023-11-13,0.013389504614815362,0.007461176012818704,0.0108359751397904,0.012854158742052264,1.0,1.0,1.0,0.00585,"3045.TW,2412.TW,1326.TW",2023,123,3
2023-11-13,0.01626027843462876,0.013084352330540616,0.0108359751397904,0.012854158742052264,0.5342069966194344,0.5342069966194345,0.5342069966194345,0.003125110930223692,"3045.TW,2412.TW,1326.TW,1216.TW,2912.TW,2603.TW,2884.TW,1303.TW,1101.TW,2885.TW,5880.TW,2395.TW,2002.TW,2887.TW,2882.TW",2023,123,15
2023-11-13,0.011163153814706428,0.0052478493648902,0.0108359751397904,0.012854158742052264,1.0,1.0000000000000002,1.0,0.005850000000000001,"3045.TW,2412.TW,1326.TW,1216.TW,2912.TW",2023,123,5
2023-11-16,0.017745706983373025,0.014145809039666446,0.004976969804967313,0.013442466232090609,0.6046374508307473,0.6046374508307472,0.6046374508307473,0.003537129087359871,"2412.TW,3008.TW,2327.TW,2303.TW,2912.TW,2345.TW,2609.TW,1101.TW,2882.TW,2308.TW,3045.TW,2379.TW,5871.TW,2887.TW,6669.TW,4904.TW,2454.TW,2885.TW,1216.TW,3034.TW",2023,123,20
2023-11-16,0.019243289160488286,0.015638120682776036,0.004976969804967313,0.013442466232090609,0.6046329884161885,0.604632988416189,0.6046329884161887,0.003537102982234705,"2412.TW,3008.TW,2327.TW,2303.TW,2912.TW,2345.TW,2609.TW,1101.TW,2882.TW,2308.TW,3045.TW,2379.TW,5871.TW,2887.TW,6669.TW",2023,123,15
2023-11-16,0.02520100323264033,0.021184736143837535,0.004976969804967313,0.013442466232090609,0.6696651491137522,0.6696651491137523,0.6696651491137522,0.00391754112231545,"2412.TW,3008.TW,2327.TW",2023,123,3
2023-11-16,0.021666585824142107,0.01745595681073131,0.004976969804967313,0.013442466232090609,0.7045015010816463,0.7045015010816463,0.7045015010816463,0.004121333781327631,"2412.TW,3008.TW,2327.TW,2303.TW,2912.TW,2345.TW,2609.TW,1101.TW,2882.TW,2308.TW",2023,123,10
2023-11-16,0.021216598807400858,0.01761079701197521,0.004976969804967313,0.013442466232090609,0.6035706587674747,0.6035706587674745,0.6035706587674746,0.0035308883537897265,"2412.TW,3008.TW,2327.TW,2303.TW,2912.TW",2023,123,5
2023-11-21,0.0033107148336473215,0.000330193981432636,-0.00038100252356321196,-0.0018464398910287016,0.5078095314199973,0.5078095314199972,0.5078095314199973,0.002970685758806984,"2609.TW,2615.TW,2603.TW,2412.TW,3045.TW,2327.TW,9910.TW,2912.TW,4904.TW,2882.TW",2023,123,10
2023-11-21,-0.00564757315178092,-0.011464534848843022,-0.00038100252356321196,-0.0018464398910287016,1.0,1.0,1.0,0.00585,"2609.TW,2615.TW,2603.TW",2023,123,3
2023-11-21,0.005237756477635077,0.00206594793372461,-0.00038100252356321196,-0.0018464398910287016,0.5393644351216883,0.5393644351216882,0.5393644351216882,0.003155281945461876,"2609.TW,2615.TW,2603.TW,2412.TW,3045.TW,2327.TW,9910.TW,2912.TW,4904.TW,2882.TW,1216.TW,2357.TW,2308.TW,3034.TW,1102.TW",2023,123,15
2023-11-21,0.0029011173840199867,0.0005169387689845095,-0.00038100252356321196,-0.0018464398910287016,0.4063729643348199,0.40637296433481995,0.40637296433481995,0.002377281841358697,"2609.TW,2615.TW,2603.TW,2412.TW,3045.TW,2327.TW,9910.TW,2912.TW,4904.TW,2882.TW,1216.TW,2357.TW,2308.TW,3034.TW,1102.TW,2885.TW,2317.TW,5876.TW,2891.TW,2887.TW",2023,123,20
2023-11-21,-0.0018969019987385093,-0.0065874199653381815,-0.00038100252356321196,-0.0018464398910287016,0.803321765671428,0.803321765671428,0.803321765671428,0.004699432329177854,"2609.TW,2615.TW,2603.TW,2412.TW,3045.TW",2023,123,5
2023-11-24,-0.0013753863642594012,-0.007217340354028434,0.0007622685822570308,0.006550631230531842,1.0,1.0,1.0,0.00585,"5876.TW,1590.TW,2345.TW,2618.TW,2317.TW",2023,123,5
2023-11-24,0.003037432984906329,-0.0028303359980553777,0.0007622685822570308,0.006550631230531842,1.0,1.0,1.0,0.00585,"5876.TW,1590.TW,2345.TW",2023,123,3
2023-11-24,0.003981945373287137,0.0013073621411061609,0.0007622685822570308,0.006550631230531842,0.4553804149662816,0.4553804149662818,0.4553804149662817,0.0026639754275527483,"5876.TW,1590.TW,2345.TW,2618.TW,2317.TW,2330.TW,2609.TW,9910.TW,2887.TW,1326.TW,3045.TW,2603.TW,1101.TW,2912.TW,1102.TW,5880.TW,2615.TW,2886.TW,2881.TW,2882.TW",2023,123,20
2023-11-24,0.004183555405105414,0.000636611802532494,0.0007622685822570308,0.006550631230531842,0.6037891603337001,0.6037891603337,0.6037891603337,0.0035321665879521455,"5876.TW,1590.TW,2345.TW,2618.TW,2317.TW,2330.TW,2609.TW,9910.TW,2887.TW,1326.TW,3045.TW,2603.TW,1101.TW,2912.TW,1102.TW",2023,123,15
2023-11-24,0.004268707917379743,-0.00045577632695115167,0.0007622685822570308,0.006550631230531842,0.8041713716290654,0.8041713716290654,0.8041713716290654,0.004704402524030033,"5876.TW,1590.TW,2345.TW,2618.TW,2317.TW,2330.TW,2609.TW,9910.TW,2887.TW,1326.TW",2023,123,10
2023-11-29,0.00035145691071758467,-0.005500599112210236,-0.005331305752411364,-0.0038841398298019338,1.0,1.0000000000000002,1.0,0.005850000000000001,"2886.TW,2882.TW,2303.TW",2023,123,3
2023-11-29,0.0038903196248774707,0.0021047373566436267,-0.005331305752411364,-0.0038841398298019338,0.30404490629381326,0.30404490629381314,0.3040449062938132,0.0017786627018188071,"2886.TW,2882.TW,2303.TW,5876.TW,2603.TW,2618.TW,2912.TW,2887.TW,2892.TW,2881.TW,5871.TW,1301.TW,2615.TW,2317.TW,2345.TW,1326.TW,2330.TW,2891.TW,2884.TW,3045.TW",2023,123,20
2023-11-29,0.0058394342758506645,0.0016994249897579472,-0.005331305752411364,-0.0038841398298019338,0.7035853546228118,0.7035853546228119,0.7035853546228119,0.00411597432454345,"2886.TW,2882.TW,2303.TW,5876.TW,2603.TW,2618.TW,2912.TW,2887.TW,2892.TW,2881.TW",2023,123,10
2023-11-29,0.012592452804233267,0.007847363836508858,-0.005331305752411364,-0.0038841398298019338,0.8010392700665212,0.8010392700665212,0.8010392700665212,0.004686079729889149,"2886.TW,2882.TW,2303.TW,5876.TW,2603.TW",2023,123,5
2023-11-29,0.007035911808756462,0.0038698042437501634,-0.005331305752411364,-0.0038841398298019338,0.5374336327341607,0.5374336327341606,0.5374336327341607,0.0031439867514948395,"2886.TW,2882.TW,2303.TW,5876.TW,2603.TW,2618.TW,2912.TW,2887.TW,2892.TW,2881.TW,5871.TW,1301.TW,2615.TW,2317.TW,2345.TW",2023,123,15
2023-12-04,0.011424621908776947,0.005507787870610681,0.004211331095442361,0.004153715914877649,1.0,1.0,1.0,0.00585,"2883.TW,5871.TW,1101.TW",2023,123,3
2023-12-04,0.0050102409614927335,0.002612424737123087,0.004211331095442361,0.004153715914877649,0.4078397399062559,0.4078397399062558,0.4078397399062559,0.002385862478451597,"2883.TW,5871.TW,1101.TW,1326.TW,2892.TW,2884.TW,2887.TW,2886.TW,2317.TW,1301.TW,2330.TW,2454.TW,2912.TW,2880.TW,1102.TW,9910.TW,2002.TW,2882.TW,2891.TW,5880.TW",2023,123,20
2023-12-04,0.0065476136236886666,0.003361517664652869,0.004211331095442361,0.004153715914877649,0.5410889465115327,0.5410889465115327,0.5410889465115327,0.0031653703370924666,"2883.TW,5871.TW,1101.TW,1326.TW,2892.TW,2884.TW,2887.TW,2886.TW,2317.TW,1301.TW,2330.TW,2454.TW,2912.TW,2880.TW,1102.TW",2023,123,15
2023-12-04,0.009790592756852411,0.003883317789224794,0.004211331095442361,0.004153715914877649,1.0,0.9999999999999999,1.0,0.005849999999999999,"2883.TW,5871.TW,1101.TW,1326.TW,2892.TW",2023,123,5
2023-12-04,0.0056917870441138595,0.0015492849969980238,0.004211331095442361,0.004153715914877649,0.7041123504998017,0.7041123504998017,0.7041123504998017,0.00411905725042384,"2883.TW,5871.TW,1101.TW,1326.TW,2892.TW,2884.TW,2887.TW,2886.TW,2317.TW,1301.TW",2023,123,10
2023-12-07,0.005797128079318736,0.0031389236060825887,0.0034311673248694774,0.0028021545473389353,0.4517749299171816,0.45177492991718177,0.4517749299171817,0.002642883340015513,"3711.TW,3008.TW,2379.TW,2891.TW,2886.TW,2881.TW,5876.TW,1303.TW,2207.TW,2330.TW,2892.TW,2887.TW,1301.TW,2883.TW,2317.TW,1326.TW,2912.TW,1102.TW,2395.TW,3045.TW",2023,123,20
2023-12-07,0.024783723872282115,0.018788739087629347,0.0034311673248694774,0.0028021545473389353,1.0,1.0,1.0,0.00585,"3711.TW,3008.TW,2379.TW",2023,123,3
2023-12-07,0.0055296452597557895,0.0023786037506656754,0.0034311673248694774,0.0028021545473389353,0.535677467832687,0.5356774678326871,0.535677467832687,0.0031337131868212193,"3711.TW,3008.TW,2379.TW,2891.TW,2886.TW,2881.TW,5876.TW,1303.TW,2207.TW,2330.TW,2892.TW,2887.TW,1301.TW,2883.TW,2317.TW",2023,123,15
2023-12-07,0.010792029574564321,0.005465681821827495,0.0034311673248694774,0.0028021545473389353,0.9007657052092697,0.9007657052092697,0.9007657052092697,0.005269479375474228,"3711.TW,3008.TW,2379.TW,2891.TW,2886.TW,2881.TW,5876.TW,1303.TW,2207.TW,2330.TW",2023,123,10
2023-12-07,0.0221406412663137,0.01616111851490576,0.0034311673248694774,0.0028021545473389353,1.0,1.0,1.0,0.00585,"3711.TW,3008.TW,2379.TW,2891.TW,2886.TW",2023,123,5
2023-12-12,0.007647599166649477,0.0017528607115246952,0.015577447680871881,0.010658918839856923,1.0,1.0,1.0,0.00585,"1101.TW,2883.TW,4904.TW",2023,123,3
2023-12-12,0.012603912057777793,0.00863223069707253,0.015577447680871881,0.010658918839856923,0.6704693539443302,0.6704693539443304,0.6704693539443303,0.003922245720574332,"1101.TW,2883.TW,4904.TW,2412.TW,3045.TW,2881.TW,5871.TW,2357.TW,2912.TW,2002.TW,5880.TW,2317.TW,2892.TW,1301.TW,2884.TW",2023,123,15
2023-12-12,0.000474026008629558,-0.005378747043520926,0.015577447680871881,0.010658918839856923,1.0,1.0,1.0,0.00585,"1101.TW,2883.TW,4904.TW,2412.TW,3045.TW",2023,123,5
2023-12-12,0.017859588545982366,0.012491412797627222,0.015577447680871881,0.010658918839856923,0.9015358212340421,0.9015358212340422,0.9015358212340421,0.005273984554219147,"1101.TW,2883.TW,4904.TW,2412.TW,3045.TW,2881.TW,5871.TW,2357.TW,2912.TW,2002.TW",2023,123,10
2023-12-12,0.01035294360456504,0.007658216611222457,0.015577447680871881,0.010658918839856923,0.45591700978837985,0.4559170097883799,0.4559170097883799,0.0026671145072620223,"1101.TW,2883.TW,4904.TW,2412.TW,3045.TW,2881.TW,5871.TW,2357.TW,2912.TW,2002.TW,5880.TW,2317.TW,2892.TW,1301.TW,2884.TW,2887.TW,1326.TW,5876.TW,2609.TW,1303.TW",2023,123,20
2023-12-15,-0.013530328460176306,-0.015313898322829478,-0.010849165188927645,-0.009691814050764982,0.3090654948669125,0.3090654948669124,0.3090654948669125,0.001808033144971438,"3045.TW,5876.TW,2892.TW,1101.TW,4904.TW,2618.TW,2317.TW,2912.TW,5880.TW,2886.TW,1301.TW,1216.TW,1303.TW,1326.TW,2880.TW,9910.TW,1102.TW,2412.TW,2884.TW,2887.TW",2023,123,20
2023-12-15,-0.01396679574871414,-0.0197350899935842,-0.010849165188927645,-0.009691814050764982,1.0,1.0,1.0,0.00585,"3045.TW,5876.TW,2892.TW",2023,123,3
2023-12-15,-0.012811589781570355,-0.015139240163968948,-0.010849165188927645,-0.009691814050764982,0.40305270011034744,0.4030527001103474,0.40305270011034744,0.0023578582956455324,"3045.TW,5876.TW,2892.TW,1101.TW,4904.TW",2023,123,5
2023-12-15,-0.013117483373921403,-0.01585323069774791,-0.010849165188927645,-0.009691814050764982,0.473865031860939,0.4738650318609392,0.4738650318609391,0.002772110436386494,"3045.TW,5876.TW,2892.TW,1101.TW,4904.TW,2618.TW,2317.TW,2912.TW,5880.TW,2886.TW,1301.TW,1216.TW,1303.TW,1326.TW,2880.TW",2023,123,15
2023-12-15,-0.014084192341984025,-0.01759154044064637,-0.010849165188927645,-0.009691814050764982,0.6081114420471758,0.6081114420471757,0.6081114420471758,0.0035574519359759782,"3045.TW,5876.TW,2892.TW,1101.TW,4904.TW,2618.TW,2317.TW,2912.TW,5880.TW,2886.TW",2023,123,10
2023-12-20,0.014552038143308365,0.01157366680061278,0.009833550241553413,0.01721170110375146,0.5018207911497667,0.5018207911497669,0.5018207911497667,0.002935651628226136,"2885.TW,2891.TW,2395.TW,2880.TW,2303.TW,2884.TW,2881.TW,2207.TW,2412.TW,5876.TW,3045.TW,2883.TW,5880.TW,1301.TW,1326.TW,2886.TW,3037.TW,1303.TW,2379.TW,2408.TW",2023,123,20
2023-12-20,0.02313972291601566,0.0171543555369571,0.009833550241553413,0.01721170110375146,1.0,1.0,1.0,0.00585,"2885.TW,2891.TW,2395.TW",2023,123,3
2023-12-20,0.02125884963659526,0.01528448536622129,0.009833550241553413,0.01721170110375146,1.0,0.9999999999999999,1.0,0.005849999999999999,"2885.TW,2891.TW,2395.TW,2880.TW,2303.TW",2023,123,5
2023-12-20,0.010524616276889283,0.006970389531647525,0.009833550241553413,0.01721170110375146,0.6012323872229919,0.601232387222992,0.6012323872229919,0.003517209465254503,"2885.TW,2891.TW,2395.TW,2880.TW,2303.TW,2884.TW,2881.TW,2207.TW,2412.TW,5876.TW,3045.TW,2883.TW,5880.TW,1301.TW,1326.TW",2023,123,15
2023-12-20,0.016177885422047945,0.010827708855301044,0.009833550241553413,0.01721170110375146,0.8999999999999999,0.9,0.8999999999999999,0.005265,"2885.TW,2891.TW,2395.TW,2880.TW,2303.TW,2884.TW,2881.TW,2207.TW,2412.TW,5876.TW",2023,123,10
2023-12-25,0.01340051327666415,0.010415797164689655,0.01647935898188524,0.012028541620808202,0.5034612433134735,0.5034612433134737,0.5034612433134736,0.0029452482733838214,"2885.TW,3034.TW,2327.TW,2884.TW,2880.TW,1216.TW,2330.TW,2881.TW,2883.TW,5876.TW,2912.TW,3045.TW,3711.TW,2887.TW,5880.TW,2412.TW,2891.TW,1101.TW,5871.TW,2882.TW",2023,123,20
2023-12-25,0.013623477775715181,0.010846402908546215,0.01647935898188524,0.012028541620808202,0.4683333238780244,0.4683333238780244,0.4683333238780244,0.0027397499446864424,"2885.TW,3034.TW,2327.TW,2884.TW,2880.TW,1216.TW,2330.TW,2881.TW,2883.TW,5876.TW,2912.TW,3045.TW,3711.TW,2887.TW,5880.TW",2023,123,15
2023-12-25,0.014060715140063441,0.011077769440050789,0.01647935898188524,0.012028541620808202,0.502835027777371,0.502835027777371,0.502835027777371,0.0029415849124976206,"2885.TW,3034.TW,2327.TW,2884.TW,2880.TW,1216.TW,2330.TW,2881.TW,2883.TW,5876.TW",2023,123,10
2023-12-25,0.014370390879193186,0.010789334267420347,0.01647935898188524,0.012028541620808202,0.6034742682427005,0.6034742682427003,0.6034742682427003,0.003530324469219797,"2885.TW,3034.TW,2327.TW,2884.TW,2880.TW",2023,123,5
2023-12-25,0.01490306911143239,0.010925880786832654,0.01647935898188524,0.012028541620808202,0.6698780137334273,0.6698780137334275,0.6698780137334274,0.003918786380340551,"2885.TW,3034.TW,2327.TW",2023,123,3
2023-12-28,-0.005635047074098283,-0.009526799961098065,-0.02321289246069813,-0.016175449306848534,0.6690269018463888,0.669026901846389,0.6690269018463889,0.003913807375801375,"2327.TW,3037.TW,2618.TW,2912.TW,1301.TW,2379.TW,1326.TW,4904.TW,1102.TW,3045.TW,2317.TW,1590.TW,2603.TW,1216.TW,3034.TW",2023,123,15
2023-12-28,-0.0050347254425824085,-0.00969801071434473,-0.02321289246069813,-0.016175449306848534,0.801176485131528,0.801176485131528,0.801176485131528,0.004686882438019438,"2327.TW,3037.TW,2618.TW,2912.TW,1301.TW",2023,123,5
2023-12-28,-0.001077559695598456,-0.004985831935287899,-0.02321289246069813,-0.016175449306848534,0.668801398164256,0.668801398164256,0.668801398164256,0.003912488179260897,"2327.TW,3037.TW,2618.TW",2023,123,3
2023-12-28,-0.00999648779294442,-0.013772327144463525,-0.02321289246069813,-0.016175449306848534,0.6519599337101293,0.6519599337101293,0.6519599337101293,0.0038139656122042564,"2327.TW,3037.TW,2618.TW,2912.TW,1301.TW,2379.TW,1326.TW,4904.TW,1102.TW,3045.TW,2317.TW,1590.TW,2603.TW,1216.TW,3034.TW,2412.TW,1101.TW,3231.TW,2615.TW,6669.TW",2023,123,20
2023-12-28,-0.009347015938052362,-0.014566037015528388,-0.02321289246069813,-0.016175449306848534,0.9005578840191778,0.900557884019178,0.9005578840191779,0.005268263621512191,"2327.TW,3037.TW,2618.TW,2912.TW,1301.TW,2379.TW,1326.TW,4904.TW,1102.TW,3045.TW",2023,123,10
2024-01-02,-0.0059025715624439375,-0.007319160397967428,-0.00523574743271471,-0.004180697482252404,0.9999999999999999,0.0,0.49999999999999994,0.0014249999999999998,"6669.TW,2345.TW,3231.TW,2454.TW,2379.TW,3037.TW,2408.TW,2327.TW,2382.TW,1101.TW",2024,123,10
2024-01-02,-0.006676487767161438,-0.008091973772093253,-0.00523574743271471,-0.004180697482252404,0.9999999999999999,0.0,0.49999999999999994,0.0014249999999999998,"6669.TW,2345.TW,3231.TW,2454.TW,2379.TW,3037.TW,2408.TW,2327.TW,2382.TW,1101.TW,2207.TW,3008.TW,2609.TW,3711.TW,2330.TW",2024,123,15
2024-01-02,-0.007418443763192251,-0.008832872480829645,-0.00523574743271471,-0.004180697482252404,1.0000000000000002,0.0,0.5000000000000001,0.0014250000000000003,"6669.TW,2345.TW,3231.TW,2454.TW,2379.TW,3037.TW,2408.TW,2327.TW,2382.TW,1101.TW,2207.TW,3008.TW,2609.TW,3711.TW,2330.TW,2891.TW,2357.TW,2303.TW,2883.TW,1216.TW",2024,123,20
2024-01-02,-0.004383470628282527,-0.005802224182637206,-0.00523574743271471,-0.004180697482252404,1.0,0.0,0.5,0.001425,"6669.TW,2345.TW,3231.TW,2454.TW,2379.TW",2024,123,5
2024-01-02,0.004360110607950976,0.0029288974503345333,-0.00523574743271471,-0.004180697482252404,1.0,0.0,0.5,0.001425,"6669.TW,2345.TW,3231.TW",2024,123,3
2024-01-05,0.00033632408835614997,-0.0014713436994034934,-0.004135318581607095,-0.01231643893693778,0.30889915041748833,0.3088991504174881,0.3088991504174882,0.0018070600299423057,"2357.TW,3017.TW,3037.TW,3008.TW,2382.TW,2454.TW,2303.TW,3711.TW,2408.TW,5871.TW,2395.TW,2379.TW,3231.TW,1590.TW,2207.TW,2885.TW,2345.TW,3034.TW,2330.TW,2891.TW",2024,123,20
2024-01-05,-0.003437261165695175,-0.005827432896372109,-0.004135318581607095,-0.01231643893693778,0.40998559177137045,0.40998559177137045,0.40998559177137045,0.002398415711862517,"2357.TW,3017.TW,3037.TW,3008.TW,2382.TW,2454.TW,2303.TW,3711.TW,2408.TW,5871.TW,2395.TW,2379.TW,3231.TW,1590.TW,2207.TW",2024,123,15
2024-01-05,-0.007612606783857667,-0.01113763115759947,-0.004135318581607095,-0.01231643893693778,0.6071905720838383,0.6071905720838382,0.6071905720838382,0.0035520648466904536,"2357.TW,3017.TW,3037.TW,3008.TW,2382.TW,2454.TW,2303.TW,3711.TW,2408.TW,5871.TW",2024,123,10
2024-01-05,0.010960516675633025,0.00504639765308057,-0.004135318581607095,-0.01231643893693778,1.0,0.9999999999999999,1.0,0.005849999999999999,"2357.TW,3017.TW,3037.TW",2024,123,3
2024-01-05,0.00357202395057612,-0.002298872389534745,-0.004135318581607095,-0.01231643893693778,1.0,1.0,1.0,0.00585,"2357.TW,3017.TW,3037.TW,3008.TW,2382.TW",2024,123,5
2024-01-10,0.014735200041504382,0.009950324865228621,-0.003019888779666524,-0.0022642305849795872,0.8060500715127654,0.8060500715127656,0.8060500715127655,0.004715392918349679,"3008.TW,2609.TW,2615.TW,2618.TW,2308.TW,2603.TW,2408.TW,9910.TW,5876.TW,2317.TW",2024,123,10
2024-01-10,0.008517265975220704,0.0037583379312819964,-0.003019888779666524,-0.0022642305849795872,0.8066217612409541,0.806621761240954,0.8066217612409541,0.004718737303259581,"3008.TW,2609.TW,2615.TW,2618.TW,2308.TW,2603.TW,2408.TW,9910.TW,5876.TW,2317.TW,5871.TW,2891.TW,2885.TW,2327.TW,2880.TW",2024,123,15
2024-01-10,0.00373522300912051,-0.0007066717952901591,-0.003019888779666524,-0.0022642305849795872,0.756472663067363,0.7564726630673627,0.7564726630673628,0.004425365078944072,"3008.TW,2609.TW,2615.TW,2618.TW,2308.TW,2603.TW,2408.TW,9910.TW,5876.TW,2317.TW,5871.TW,2891.TW,2885.TW,2327.TW,2880.TW,1101.TW,2002.TW,3045.TW,2884.TW,5880.TW",2024,123,20
2024-01-10,0.024551638256532442,0.019718014243257365,-0.003019888779666524,-0.0022642305849795872,0.8064605865018322,0.8064605865018323,0.8064605865018322,0.004717794431035718,"3008.TW,2609.TW,2615.TW,2618.TW,2308.TW",2024,123,5
2024-01-10,0.043730557758670255,0.037624733995782034,-0.003019888779666524,-0.0022642305849795872,1.0,1.0,1.0,0.00585,"3008.TW,2609.TW,2615.TW",2024,123,3
2024-01-15,0.002278053402301616,-0.001258311088203956,0.020606693077431126,-0.015267673345987663,0.6031327818281123,0.6031327818281123,0.6031327818281123,0.0035283267736944566,"2609.TW,2615.TW,2618.TW,2357.TW,2412.TW,3231.TW,2603.TW,3045.TW,2330.TW,4904.TW",2024,123,10
2024-01-15,-0.00611311851943357,-0.008486035744253662,0.020606693077431126,-0.015267673345987663,0.40812177280516326,0.40812177280516315,0.4081217728051632,0.002387512370910205,"2609.TW,2615.TW,2618.TW,2357.TW,2412.TW",2024,123,5
2024-01-15,-0.007892425113234996,-0.009838902220207446,0.020606693077431126,-0.015267673345987663,0.3353780757444251,0.3353780757444251,0.3353780757444251,0.0019619617431048866,"2609.TW,2615.TW,2618.TW",2024,123,3
2024-01-15,-0.010625849104959263,-0.013842153301729998,0.020606693077431126,-0.015267673345987663,0.5557003775510099,0.5557003775510096,0.5557003775510098,0.0032508472086734065,"2609.TW,2615.TW,2618.TW,2357.TW,2412.TW,3231.TW,2603.TW,3045.TW,2330.TW,4904.TW,2883.TW,2382.TW,2880.TW,2892.TW,2891.TW,2884.TW,9910.TW,2881.TW,2345.TW,1303.TW",2024,123,20
2024-01-15,-0.0038408001564249022,-0.007367039753969351,0.020606693077431126,-0.015267673345987663,0.6051000680161529,0.6051000680161528,0.6051000680161529,0.003539835397894494,"2609.TW,2615.TW,2618.TW,2357.TW,2412.TW,3231.TW,2603.TW,3045.TW,2330.TW,4904.TW,2883.TW,2382.TW,2880.TW,2892.TW,2891.TW",2024,123,15
2024-01-18,0.08697399437132337,0.0818869560776656,0.01860286717892512,0.023594937907661782,0.8,0.8,0.8,0.00468,"2615.TW,3231.TW,9910.TW,2382.TW,3017.TW",2024,123,5
2024-01-18,0.06577159293981646,0.060780008502534066,0.01860286717892512,0.023594937907661782,0.8006052165621134,0.8006052165621136,0.8006052165621135,0.0046835405168883645,"2615.TW,3231.TW,9910.TW,2382.TW,3017.TW,2303.TW,2207.TW,6669.TW,2345.TW,3008.TW",2024,123,10
2024-01-18,0.04743352814197263,0.04333497680630494,0.01860286717892512,0.023594937907661782,0.6688797399572485,0.6688797399572488,0.6688797399572486,0.003912946478749906,"2615.TW,3231.TW,9910.TW,2382.TW,3017.TW,2303.TW,2207.TW,6669.TW,2345.TW,3008.TW,2609.TW,4904.TW,3034.TW,5871.TW,2308.TW",2024,123,15
2024-01-18,0.06053653420437669,0.05640044172097958,0.01860286717892512,0.023594937907661782,0.6666666666666666,0.6666666666666667,0.6666666666666667,0.0039000000000000003,"2615.TW,3231.TW,9910.TW",2024,123,3
2024-01-18,0.03803591157548542,0.03528299634196852,0.01860286717892512,0.023594937907661782,0.4533405784458432,0.45334057844584313,0.4533405784458432,0.0026520423839081824,"2615.TW,3231.TW,9910.TW,2382.TW,3017.TW,2303.TW,2207.TW,6669.TW,2345.TW,3008.TW,2609.TW,4904.TW,3034.TW,5871.TW,2308.TW,2891.TW,2357.TW,2603.TW,2330.TW,2885.TW",2024,123,20
2024-01-23,0.000310579835004144,-0.004454254831196103,0.011181583512792193,-0.001920990032570522,0.8142487630954247,0.8142487630954248,0.8142487630954247,0.004763355264108236,"2609.TW,2615.TW,2618.TW,2379.TW,2912.TW,2891.TW,2454.TW,2345.TW,2357.TW,2330.TW",2024,123,10
2024-01-23,-0.0022118100737164173,-0.005805437657268486,0.011181583512792193,-0.001920990032570522,0.6156570298482859,0.6156570298482859,0.6156570298482859,0.003601593624612472,"2609.TW,2615.TW,2618.TW,2379.TW,2912.TW,2891.TW,2454.TW,2345.TW,2357.TW,2330.TW,2412.TW,3017.TW,2382.TW,1326.TW,3008.TW",2024,123,15
2024-01-23,0.0011302005346156916,-0.0029591317597553735,0.011181583512792193,-0.001920990032570522,0.6982420079402777,0.6982420079402778,0.6982420079402778,0.004084715746450625,"2609.TW,2615.TW,2618.TW",2024,123,3
2024-01-23,0.0001749049142639736,-0.004642528201817209,0.011181583512792193,-0.001920990032570522,0.8233488325987504,0.8233488325987501,0.8233488325987502,0.004816590670702689,"2609.TW,2615.TW,2618.TW,2379.TW,2912.TW",2024,123,5
2024-01-23,-0.0017292118120525,-0.005018752925870729,0.011181583512792193,-0.001920990032570522,0.5632887658983862,0.5632887658983862,0.5632887658983862,0.003295239280505559,"2609.TW,2615.TW,2618.TW,2379.TW,2912.TW,2891.TW,2454.TW,2345.TW,2357.TW,2330.TW,2412.TW,3017.TW,2382.TW,1326.TW,3008.TW,3045.TW,2886.TW,3711.TW,2327.TW,1590.TW",2024,123,20
2024-01-26,0.009199008463705837,0.0056064291169792835,-0.009583623454675227,0.0033708012151756226,0.6085183620824478,0.6085183620824477,0.6085183620824477,0.0035598324181823193,"2357.TW,2609.TW,2345.TW,3231.TW,3034.TW,6669.TW,2603.TW,2912.TW,1590.TW,3008.TW",2024,123,10
2024-01-26,0.008073638887028877,0.0033331296741685446,-0.009583623454675227,0.0033708012151756226,0.8038534328548428,0.8038534328548427,0.8038534328548428,0.00470254258220083,"2357.TW,2609.TW,2345.TW,3231.TW,3034.TW",2024,123,5
2024-01-26,0.008056966051482845,0.00594043202546346,-0.009583623454675227,0.0033708012151756226,0.3589089708149977,0.3589089708149975,0.3589089708149976,0.0020996174792677355,"2357.TW,2609.TW,2345.TW,3231.TW,3034.TW,6669.TW,2603.TW,2912.TW,1590.TW,3008.TW,5871.TW,2382.TW,2615.TW,2330.TW,2881.TW,2891.TW,3017.TW,4904.TW,2412.TW,2618.TW",2024,123,20
2024-01-26,0.01797803734648451,0.013967818897958395,-0.009583623454675227,0.0033708012151756226,0.6734009987929908,0.673400998792991,0.6734009987929909,0.003939395842938997,"2357.TW,2609.TW,2345.TW",2024,123,3
2024-01-26,0.003145778144772276,0.00034879153440736665,-0.009583623454675227,0.0033708012151756226,0.4766180346962224,0.4766180346962223,0.4766180346962223,0.0027882155029729004,"2357.TW,2609.TW,2345.TW,3231.TW,3034.TW,6669.TW,2603.TW,2912.TW,1590.TW,3008.TW,5871.TW,2382.TW,2615.TW,2330.TW,2881.TW",2024,123,15
2024-01-31,0.029529798419874666,0.02737602449385057,0.05842949548214893,0.018993125392289822,0.3576064370804003,0.35760643708040035,0.3576064370804003,0.002091997656920342,"2603.TW,2330.TW,2609.TW,1590.TW,3034.TW,3231.TW,2382.TW,2408.TW,2303.TW,2308.TW,6669.TW,2412.TW,2615.TW,3008.TW,2357.TW,2883.TW,3711.TW,2886.TW,2881.TW,3045.TW",2024,123,20
2024-01-31,0.027954589940200985,0.023877885889032946,0.05842949548214893,0.018993125392289822,0.6779214706553074,0.6779214706553075,0.6779214706553074,0.003965840603333549,"2603.TW,2330.TW,2609.TW",2024,123,3
2024-01-31,0.01891692015743571,0.015285996757459008,0.05842949548214893,0.018993125392289822,0.6091474725601398,0.6091474725601398,0.6091474725601398,0.003563512714476818,"2603.TW,2330.TW,2609.TW,1590.TW,3034.TW",2024,123,5
2024-01-31,0.04158311588579868,0.0384977890819298,0.05842949548214893,0.018993125392289822,0.5063506533620369,0.506350653362037,0.506350653362037,0.0029621513221679166,"2603.TW,2330.TW,2609.TW,1590.TW,3034.TW,3231.TW,2382.TW,2408.TW,2303.TW,2308.TW",2024,123,10
2024-01-31,0.037824379067297416,0.03616404233851367,0.05842949548214893,0.018993125392289822,0.27347425051972457,0.27347425051972457,0.27347425051972457,0.0015998243655403889,"2603.TW,2330.TW,2609.TW,1590.TW,3034.TW,3231.TW,2382.TW,2408.TW,2303.TW,2308.TW,6669.TW,2412.TW,2615.TW,3008.TW,2357.TW",2024,123,15
2024-02-05,-0.016042365774856696,-0.01959590267227873,-0.011603146042736934,0.005777279664870527,0.6173458933177245,0.6173458933177245,0.6173458933177245,0.003611473475908688,"3711.TW,3008.TW,2609.TW,6669.TW,2603.TW",2024,123,5
2024-02-05,-0.001001665323044317,-0.004990215266190257,-0.011603146042736934,0.005777279664870527,0.6824870326788325,0.6824870326788326,0.6824870326788326,0.003992549141171171,"3711.TW,3008.TW,2609.TW",2024,123,3
2024-02-05,0.011974639737829987,0.009475411103738285,-0.011603146042736934,0.005777279664870527,0.4221633163069204,0.4221633163069204,0.4221633163069204,0.0024696554003954844,"3711.TW,3008.TW,2609.TW,6669.TW,2603.TW,2615.TW,3037.TW,2303.TW,2891.TW,1590.TW,2454.TW,2382.TW,2345.TW,2885.TW,3034.TW",2024,123,15
2024-02-05,0.007632303437572776,0.005181658508781828,-0.011603146042736934,0.005777279664870527,0.4157406045955658,0.41574060459556583,0.41574060459556583,0.00243208253688406,"3711.TW,3008.TW,2609.TW,6669.TW,2603.TW,2615.TW,3037.TW,2303.TW,2891.TW,1590.TW,2454.TW,2382.TW,2345.TW,2885.TW,3034.TW,4904.TW,3231.TW,2317.TW,2002.TW,2881.TW",2024,123,20
2024-02-05,0.006902252676016908,0.0032600194993865905,-0.011603146042736934,0.005777279664870527,0.6183360501602561,0.618336050160256,0.618336050160256,0.0036172658934374973,"3711.TW,3008.TW,2609.TW,6669.TW,2603.TW,2615.TW,3037.TW,2303.TW,2891.TW,1590.TW",2024,123,10
2024-02-19,0.002084535863200528,-0.0037776586715992932,0.020633053195058926,0.012123671372659652,1.0,1.0,1.0,0.00585,"2618.TW,2412.TW,3045.TW",2024,123,3
2024-02-19,0.014310728888586734,0.00837701112458844,0.020633053195058926,0.012123671372659652,1.0,1.0,1.0,0.00585,"2618.TW,2412.TW,3045.TW,3017.TW,2880.TW",2024,123,5
2024-02-19,0.015296499163948521,0.009752980278513457,0.020633053195058926,0.012123671372659652,0.9333333333333332,0.9333333333333336,0.9333333333333333,0.005460000000000001,"2618.TW,2412.TW,3045.TW,3017.TW,2880.TW,1303.TW,3231.TW,2881.TW,2912.TW,9910.TW,2892.TW,2379.TW,2885.TW,1216.TW,4904.TW",2024,123,15
2024-02-19,0.006115042902184942,0.00022926990120719637,0.020633053195058926,0.012123671372659652,0.9999999999999999,0.9999999999999999,0.9999999999999999,0.005849999999999999,"2618.TW,2412.TW,3045.TW,3017.TW,2880.TW,1303.TW,3231.TW,2881.TW,2912.TW,9910.TW",2024,123,10
2024-02-19,0.01516417799205922,0.01068275164808341,0.020633053195058926,0.012123671372659652,0.7546127039374503,0.7546127039374503,0.7546127039374503,0.004414484318034084,"2618.TW,2412.TW,3045.TW,3017.TW,2880.TW,1303.TW,3231.TW,2881.TW,2912.TW,9910.TW,2892.TW,2379.TW,2885.TW,1216.TW,4904.TW,2884.TW,2408.TW,2609.TW,2882.TW,2883.TW",2024,123,20
2024-02-22,-0.028443920261296197,-0.034127523327767584,-0.003137051168429772,-0.01267284189500694,1.0,1.0,1.0,0.00585,"6669.TW,3017.TW,3231.TW",2024,123,3
2024-02-22,-0.04849918331767662,-0.05295220713974991,-0.003137051168429772,-0.01267284189500694,0.8,0.7999999999999998,0.7999999999999999,0.004679999999999999,"6669.TW,3017.TW,3231.TW,2345.TW,3037.TW",2024,123,5
2024-02-22,-0.029670515586043122,-0.03310674185463125,-0.003137051168429772,-0.01267284189500694,0.605350157010135,0.6053501570101347,0.6053501570101348,0.0035412984185092884,"6669.TW,3017.TW,3231.TW,2345.TW,3037.TW,2303.TW,1303.TW,2618.TW,2395.TW,1326.TW",2024,123,10
2024-02-22,-0.01753570064314141,-0.02045520281158475,-0.003137051168429772,-0.01267284189500694,0.5079677704936504,0.50796777049365,0.5079677704936503,0.002971611457387853,"6669.TW,3017.TW,3231.TW,2345.TW,3037.TW,2303.TW,1303.TW,2618.TW,2395.TW,1326.TW,2412.TW,1590.TW,2880.TW,2382.TW,2884.TW,3045.TW,2881.TW,5880.TW,2912.TW,1301.TW",2024,123,20
2024-02-22,-0.022374153802363864,-0.025850245122122084,-0.003137051168429772,-0.01267284189500694,0.6078027158490152,0.6078027158490151,0.6078027158490151,0.003555645887716739,"6669.TW,3017.TW,3231.TW,2345.TW,3037.TW,2303.TW,1303.TW,2618.TW,2395.TW,1326.TW,2412.TW,1590.TW,2880.TW,2382.TW,2884.TW",2024,123,15
2024-02-27,0.06254766395529118,0.061233998557451264,0.03321677295115455,0.014414293149214785,0.21133940178179572,0.21133940178179567,0.2113394017817957,0.0012363355004235048,"2345.TW,3231.TW,2382.TW,6669.TW,3017.TW",2024,123,5
2024-02-27,0.033677809586925365,0.029991828512524465,0.03321677295115455,0.014414293149214785,0.6095537981918654,0.6095537981918655,0.6095537981918655,0.003565889719422413,"2345.TW,3231.TW,2382.TW,6669.TW,3017.TW,2408.TW,2357.TW,4904.TW,5871.TW,1216.TW",2024,123,10
2024-02-27,0.02694812715550043,0.023651442472488515,0.03321677295115455,0.014414293149214785,0.5487481094208654,0.5487481094208655,0.5487481094208655,0.0032101764401120635,"2345.TW,3231.TW,2382.TW,6669.TW,3017.TW,2408.TW,2357.TW,4904.TW,5871.TW,1216.TW,3037.TW,2395.TW,2327.TW,1101.TW,2892.TW",2024,123,15
2024-02-27,0.022486164607223923,0.018821061117065607,0.03321677295115455,0.014414293149214785,0.6127353491983238,0.6127353491983238,0.6127353491983238,0.0035845017928101946,"2345.TW,3231.TW,2382.TW,6669.TW,3017.TW,2408.TW,2357.TW,4904.TW,5871.TW,1216.TW,3037.TW,2395.TW,2327.TW,1101.TW,2892.TW,2002.TW,2618.TW,2615.TW,2308.TW,2885.TW",2024,123,20
2024-02-27,0.0333258020266242,0.029193984226868475,0.03321677295115455,0.014414293149214785,0.683514956849663,0.683514956849663,0.683514956849663,0.003998562497570529,"2345.TW,3231.TW,2382.TW",2024,123,3
2024-03-04,0.01622864738656974,0.0126370198200223,0.05313039637889916,0.013145085403534953,0.6041489105409088,0.6041489105409086,0.6041489105409087,0.0035342711266643156,"3231.TW,3017.TW,6669.TW,2317.TW,2454.TW,3034.TW,1590.TW,2345.TW,3037.TW,1303.TW,2379.TW,2603.TW,2408.TW,2382.TW,1326.TW,2002.TW,2330.TW,1301.TW,2881.TW,2883.TW",2024,123,20
2024-03-04,0.040118330124907044,0.03766856210826375,0.05313039637889916,0.013145085403534953,0.4026116561934541,0.40261165619345396,0.40261165619345407,0.002355278188731706,"3231.TW,3017.TW,6669.TW,2317.TW,2454.TW",2024,123,5
2024-03-04,0.0149685013449722,0.01178292430971939,0.05313039637889916,0.013145085403534953,0.5365122978965461,0.5365122978965462,0.5365122978965462,0.003138596942694795,"3231.TW,3017.TW,6669.TW,2317.TW,2454.TW,3034.TW,1590.TW,2345.TW,3037.TW,1303.TW,2379.TW,2603.TW,2408.TW,2382.TW,1326.TW",2024,123,15
2024-03-04,0.012291822495075587,0.008723922114555416,0.05313039637889916,0.013145085403534953,0.6024917789421267,0.6024917789421266,0.6024917789421267,0.003524576906811441,"3231.TW,3017.TW,6669.TW,2317.TW,2454.TW,3034.TW,1590.TW,2345.TW,3037.TW,1303.TW",2024,123,10
2024-03-04,0.03342220861538987,0.029391862001789892,0.05313039637889916,0.013145085403534953,0.6666666666666666,0.6666666666666665,0.6666666666666665,0.0038999999999999994,"3231.TW,3017.TW,6669.TW",2024,123,3
2024-03-07,0.01790326410553318,0.016041980612976126,-0.0003214098491329809,0.01155909842882794,0.31257205827452295,0.3125720582745229,0.31257205827452295,0.001828546540905959,"3017.TW,2345.TW,3037.TW,6669.TW,3231.TW,2615.TW,2382.TW,1303.TW,9910.TW,2454.TW",2024,123,10
2024-03-07,0.016525294154625274,0.014075264797229092,-0.0003214098491329809,0.01155909842882794,0.4120000157104209,0.4120000157104209,0.4120000157104209,0.0024102000919059624,"3017.TW,2345.TW,3037.TW,6669.TW,3231.TW",2024,123,5
2024-03-07,0.00863887183097049,0.006972131919347424,-0.0003214098491329809,0.01155909842882794,0.28247256115408664,0.28247256115408675,0.2824725611540867,0.0016524644827514074,"3017.TW,2345.TW,3037.TW,6669.TW,3231.TW,2615.TW,2382.TW,1303.TW,9910.TW,2454.TW,1590.TW,2379.TW,2408.TW,1301.TW,2609.TW",2024,123,15
2024-03-07,0.018337679967790524,0.0143661630159162,-0.0003214098491329809,0.01155909842882794,0.6666666666666666,0.6666666666666667,0.6666666666666667,0.0039000000000000003,"3017.TW,2345.TW,3037.TW",2024,123,3
2024-03-07,0.014092906007456947,0.012813484486106974,-0.0003214098491329809,0.01155909842882794,0.21566518439142335,0.21566518439142326,0.2156651843914233,0.0012616413286898262,"3017.TW,2345.TW,3037.TW,6669.TW,3231.TW,2615.TW,2382.TW,1303.TW,9910.TW,2454.TW,1590.TW,2379.TW,2408.TW,1301.TW,2609.TW,2884.TW,2883.TW,1326.TW,2881.TW,2603.TW",2024,123,20
2024-03-12,-0.0014764893059079252,-0.005049427939126772,-0.016393317788713446,-0.005786782910089121,0.6116618529058159,0.6116618529058158,0.6116618529058158,0.0035782218394990227,"2345.TW,1590.TW,3017.TW,2357.TW,3711.TW,2454.TW,2330.TW,2317.TW,2884.TW,2408.TW,5880.TW,2880.TW,2892.TW,1102.TW,2379.TW,2412.TW,2886.TW,2912.TW,2881.TW,3045.TW",2024,123,20
2024-03-12,-0.029331705520600073,-0.03285049608157753,-0.016393317788713446,-0.005786782910089121,0.6196788989783173,0.6196788989783172,0.6196788989783173,0.003625121559023156,"2345.TW,1590.TW,3017.TW,2357.TW,3711.TW",2024,123,5
2024-03-12,-0.015923266217383804,-0.020027265483220758,-0.016393317788713446,-0.005786782910089121,0.7128898712440029,0.712889871244003,0.712889871244003,0.004170405746777418,"2345.TW,1590.TW,3017.TW,2357.TW,3711.TW,2454.TW,2330.TW,2317.TW,2884.TW,2408.TW",2024,123,10
2024-03-12,-0.005824764328168986,-0.009394679678348727,-0.016393317788713446,-0.005786782910089121,0.6138172812052342,0.6138172812052342,0.6138172812052342,0.00359083109505062,"2345.TW,1590.TW,3017.TW,2357.TW,3711.TW,2454.TW,2330.TW,2317.TW,2884.TW,2408.TW,5880.TW,2880.TW,2892.TW,1102.TW,2379.TW",2024,123,15
2024-03-12,-0.02930058282199532,-0.03138273141879211,-0.016393317788713446,-0.005786782910089121,0.3666663755645546,0.3666663755645546,0.3666663755645546,0.0021449982970526446,"2345.TW,1590.TW,3017.TW",2024,123,3
2024-03-15,0.01840535112250254,0.01503259532007517,0.01666663491984477,0.0019770863304730837,0.5661198193537786,0.5661198193537789,0.5661198193537788,0.003311800943219606,"6669.TW,2454.TW,2615.TW,2609.TW,3711.TW,2603.TW,2345.TW,2308.TW,3034.TW,3037.TW,2330.TW,2618.TW,2357.TW,2395.TW,3231.TW,3017.TW,2303.TW,2881.TW,2408.TW,2379.TW",2024,123,20
2024-03-15,0.011677661129763029,0.006940309718803217,0.01666663491984477,0.0019770863304730837,0.8004562036971334,0.8004562036971334,0.8004562036971334,0.004682668791628231,"6669.TW,2454.TW,2615.TW,2609.TW,3711.TW",2024,123,5
2024-03-15,0.028782174409443896,0.024507058767077483,0.01666663491984477,0.0019770863304730837,0.7103437606844336,0.7103437606844336,0.7103437606844336,0.004155511000003937,"6669.TW,2454.TW,2615.TW,2609.TW,3711.TW,2603.TW,2345.TW,2308.TW,3034.TW,3037.TW",2024,123,10
2024-03-15,0.0201494212770815,0.016097742827523076,0.01666663491984477,0.0019770863304730837,0.6789148651332831,0.6789148651332834,0.6789148651332833,0.003971651961029708,"6669.TW,2454.TW,2615.TW,2609.TW,3711.TW,2603.TW,2345.TW,2308.TW,3034.TW,3037.TW,2330.TW,2618.TW,2357.TW,2395.TW,3231.TW",2024,123,15
2024-03-15,0.00931773085484085,0.0034132221293401432,0.01666663491984477,0.0019770863304730837,1.0,0.9999999999999999,1.0,0.005849999999999999,"6669.TW,2454.TW,2615.TW",2024,123,3
2024-03-20,0.002497407536349905,0.00012072877448199293,0.017679244071806544,0.008901758454598724,0.40525777998965984,0.4052577799896597,0.4052577799896598,0.00237075801293951,"2454.TW,2615.TW,2885.TW,2609.TW,2883.TW",2024,123,5
2024-03-20,0.0039210834645976855,0.00035719768433950527,0.017679244071806544,0.008901758454598724,0.606831806327025,0.6068318063270252,0.606831806327025,0.003549966067013097,"2454.TW,2615.TW,2885.TW,2609.TW,2883.TW,3711.TW,2618.TW,2891.TW,2330.TW,5871.TW",2024,123,10
2024-03-20,0.01633419763552929,0.013117581273739631,0.017679244071806544,0.008901758454598724,0.5410119545445687,0.5410119545445689,0.5410119545445689,0.003164919934085728,"2454.TW,2615.TW,2885.TW,2609.TW,2883.TW,3711.TW,2618.TW,2891.TW,2330.TW,5871.TW,1303.TW,2408.TW,2207.TW,2886.TW,2345.TW",2024,123,15
2024-03-20,0.0014991195508737105,-0.00048657074141400525,0.017679244071806544,0.008901758454598724,0.33892614718436226,0.33892614718436226,0.33892614718436226,0.001982717961028519,"2454.TW,2615.TW,2885.TW",2024,123,3
2024-03-20,0.010879262936639851,0.007594669594513936,0.017679244071806544,0.008901758454598724,0.5554263184120439,0.5554263184120439,0.5554263184120439,0.003249243962710457,"2454.TW,2615.TW,2885.TW,2609.TW,2883.TW,3711.TW,2618.TW,2891.TW,2330.TW,5871.TW,1303.TW,2408.TW,2207.TW,2886.TW,2345.TW,1216.TW,9910.TW,2887.TW,2379.TW,2892.TW",2024,123,20
2024-03-25,-0.000344029622910913,-0.0042791645320320315,-0.008843988916494294,-0.0010407885176410426,0.6729041329929232,0.6729041329929233,0.6729041329929233,0.003936489178008601,"2454.TW,3034.TW,9910.TW",2024,123,3
2024-03-25,0.009589216690883418,0.004261279554733877,-0.008843988916494294,-0.0010407885176410426,0.9021079759519158,0.9021079759519158,0.9021079759519158,0.005277331659318708,"2454.TW,3034.TW,9910.TW,2881.TW,2303.TW,3008.TW,2603.TW,2317.TW,2886.TW,2412.TW",2024,123,10
2024-03-25,0.0008556615156690929,-0.003851399484393947,-0.008843988916494294,-0.0010407885176410426,0.8039379132432686,0.8039379132432686,0.8039379132432686,0.004703036792473122,"2454.TW,3034.TW,9910.TW,2881.TW,2303.TW",2024,123,5
2024-03-25,0.006611995771460584,0.003042847643806912,-0.008843988916494294,-0.0010407885176410426,0.6061032389985825,0.6061032389985824,0.6061032389985825,0.0035457039481417074,"2454.TW,3034.TW,9910.TW,2881.TW,2303.TW,3008.TW,2603.TW,2317.TW,2886.TW,2412.TW,2379.TW,1216.TW,5876.TW,2887.TW,2880.TW,2882.TW,5880.TW,2891.TW,2892.TW,2327.TW",2024,123,20
2024-03-25,0.005254467604846121,0.00013809508767326228,-0.008843988916494294,-0.0010407885176410426,0.8700220897927902,0.8700220897927903,0.8700220897927902,0.005089629225287823,"2454.TW,3034.TW,9910.TW,2881.TW,2303.TW,3008.TW,2603.TW,2317.TW,2886.TW,2412.TW,2379.TW,1216.TW,5876.TW,2887.TW,2880.TW",2024,123,15
2024-03-28,0.004656873532573958,0.0007033162405258864,0.011153639511486402,0.003930066461445467,0.6726891311141359,0.6726891311141358,0.6726891311141359,0.003935231417017694,"2379.TW,3037.TW,2308.TW,2330.TW,2345.TW,2883.TW,2408.TW,2615.TW,1102.TW,5871.TW,2887.TW,2609.TW,9910.TW,2317.TW,2881.TW",2024,123,15
2024-03-28,0.0007380756461189044,-0.005116242096411039,0.011153639511486402,0.003930066461445467,1.0,1.0,1.0,0.00585,"2379.TW,3037.TW,2308.TW",2024,123,3
2024-03-28,0.003276543718759884,6.775251234714119e-06,0.011153639511486402,0.003930066461445467,0.5571093875092394,0.5571093875092392,0.5571093875092393,0.00325908991692905,"2379.TW,3037.TW,2308.TW,2330.TW,2345.TW,2883.TW,2408.TW,2615.TW,1102.TW,5871.TW,2887.TW,2609.TW,9910.TW,2317.TW,2881.TW,2892.TW,3008.TW,2880.TW,3034.TW,3017.TW",2024,123,20
2024-03-28,0.002339131131067142,-0.003524552786049573,0.011153639511486402,0.003930066461445467,1.0,1.0,1.0,0.00585,"2379.TW,3037.TW,2308.TW,2330.TW,2345.TW",2024,123,5
2024-03-28,0.0062417212901271345,0.0003552072205799117,0.011153639511486402,0.003930066461445467,0.9999999999999999,0.9999999999999998,0.9999999999999998,0.005849999999999999,"2379.TW,3037.TW,2308.TW,2330.TW,2345.TW,2883.TW,2408.TW,2615.TW,1102.TW,5871.TW",2024,123,10
2024-04-02,0.01779867102691907,0.01419102714505871,0.02584300274841822,0.015238601432291837,0.6059069238460403,0.6059069238460401,0.6059069238460402,0.003544555504499335,"3017.TW,2603.TW,2317.TW,2345.TW,5876.TW,2395.TW,2412.TW,2884.TW,2615.TW,3045.TW,4904.TW,2892.TW,2886.TW,1216.TW,5880.TW,2327.TW,2881.TW,1102.TW,6669.TW,2308.TW",2024,123,20
2024-04-02,0.057021519477509885,0.050837943588566414,0.02584300274841822,0.015238601432291837,1.0,1.0,1.0,0.00585,"3017.TW,2603.TW,2317.TW",2024,123,3
2024-04-02,0.042531010391585425,0.037638502162073095,0.02584300274841822,0.015238601432291837,0.8022074976598381,0.8022074976598378,0.8022074976598379,0.004692913861310052,"3017.TW,2603.TW,2317.TW,2345.TW,5876.TW",2024,123,5
2024-04-02,0.015480823687236163,0.010715578431155004,0.02584300274841822,0.015238601432291837,0.8021538365329358,0.8021538365329358,0.8021538365329358,0.004692599943717675,"3017.TW,2603.TW,2317.TW,2345.TW,5876.TW,2395.TW,2412.TW,2884.TW,2615.TW,3045.TW,4904.TW,2892.TW,2886.TW,1216.TW,5880.TW",2024,123,15
2024-04-02,0.02245913535203824,0.017659402847983285,0.02584300274841822,0.015238601432291837,0.8024448766138182,0.8024448766138181,0.8024448766138181,0.004694302528190837,"3017.TW,2603.TW,2317.TW,2345.TW,5876.TW,2395.TW,2412.TW,2884.TW,2615.TW,3045.TW",2024,123,10
2024-04-09,-0.012260709651943612,-0.01630550204591885,-0.015361032562387855,-0.010999577074651115,0.7,0.7000000000000001,0.7,0.0040950000000000005,"2345.TW,3017.TW,3008.TW,2603.TW,2454.TW,6669.TW,2382.TW,3231.TW,1590.TW,3037.TW",2024,123,10
2024-04-09,0.0059492378978568405,0.0020260358700550096,-0.015361032562387855,-0.010999577074651115,0.6666666666666666,0.6666666666666667,0.6666666666666667,0.0039000000000000003,"2345.TW,3017.TW,3008.TW",2024,123,3
2024-04-09,0.007092716298255698,0.004722864139339533,-0.015361032562387855,-0.010999577074651115,0.40224988880576706,0.40224988880576695,0.402249888805767,0.002353161849513737,"2345.TW,3017.TW,3008.TW,2603.TW,2454.TW",2024,123,5
2024-04-09,-0.009516064934372225,-0.013382994553839622,-0.015361032562387855,-0.010999577074651115,0.667364292103908,0.6673642921039084,0.6673642921039082,0.0039040811088078635,"2345.TW,3017.TW,3008.TW,2603.TW,2454.TW,6669.TW,2382.TW,3231.TW,1590.TW,3037.TW,2317.TW,3045.TW,2327.TW,3034.TW,2887.TW",2024,123,15
2024-04-09,-0.008022689080149685,-0.01094525831535742,-0.015361032562387855,-0.010999577074651115,0.5036249107226288,0.5036249107226287,0.5036249107226287,0.0029462057277273783,"2345.TW,3017.TW,3008.TW,2603.TW,2454.TW,6669.TW,2382.TW,3231.TW,1590.TW,3037.TW,2317.TW,3045.TW,2327.TW,3034.TW,2887.TW,2379.TW,2884.TW,4904.TW,1102.TW,2303.TW",2024,123,20
2024-04-12,-0.06992840654569202,-0.0718685662210573,-0.024337125472311705,-0.02925126367640867,0.3565867712682477,0.3565867712682478,0.3565867712682478,0.0020860326119192495,"3008.TW,2308.TW,2345.TW",2024,123,3
2024-04-12,-0.036484841707198214,-0.040273676546632386,-0.024337125472311705,-0.02925126367640867,0.6721887762145003,0.6721887762145005,0.6721887762145005,0.003932304340854828,"3008.TW,2308.TW,2345.TW,3231.TW,2881.TW,2395.TW,2887.TW,2002.TW,1301.TW,2880.TW,5871.TW,2883.TW,3045.TW,2207.TW,2912.TW",2024,123,15
2024-04-12,-0.05816604946585915,-0.061551173782890656,-0.024337125472311705,-0.02925126367640867,0.6143903912987363,0.614390391298736,0.6143903912987361,0.0035941837890976058,"3008.TW,2308.TW,2345.TW,3231.TW,2881.TW",2024,123,5
2024-04-12,-0.04097139805710152,-0.04493967262180465,-0.024337125472311705,-0.02925126367640867,0.7073173115521703,0.7073173115521701,0.7073173115521703,0.004137806272580195,"3008.TW,2308.TW,2345.TW,3231.TW,2881.TW,2395.TW,2887.TW,2002.TW,1301.TW,2880.TW",2024,123,10
2024-04-12,-0.02873838345534944,-0.03245681306222736,-0.024337125472311705,-0.02925126367640867,0.6544364379290744,0.6544364379290742,0.6544364379290744,0.0038284531618850842,"3008.TW,2308.TW,2345.TW,3231.TW,2881.TW,2395.TW,2887.TW,2002.TW,1301.TW,2880.TW,5871.TW,2883.TW,3045.TW,2207.TW,2912.TW,1326.TW,1101.TW,2885.TW,2379.TW,1102.TW",2024,123,20
2024-04-17,-0.030267178046109455,-0.033726965766060935,-0.026862685180304657,-0.0010955564226889035,0.6098759275504104,0.6098759275504104,0.6098759275504104,0.003567774176169901,"2454.TW,2345.TW,2408.TW,2357.TW,3231.TW",2024,123,5
2024-04-17,-0.003984494795111988,-0.00790518674737739,-0.026862685180304657,-0.0010955564226889035,0.6728848587413693,0.6728848587413694,0.6728848587413694,0.003936376423637011,"2454.TW,2345.TW,2408.TW,2357.TW,3231.TW,2330.TW,3711.TW,2327.TW,2603.TW,1303.TW,2002.TW,2885.TW,2303.TW,1301.TW,2883.TW",2024,123,15
2024-04-17,-0.007085820149142436,-0.010616500570972187,-0.026862685180304657,-0.0010955564226889035,0.6078421751750579,0.6078421751750578,0.6078421751750578,0.0035558767247740883,"2454.TW,2345.TW,2408.TW,2357.TW,3231.TW,2330.TW,3711.TW,2327.TW,2603.TW,1303.TW,2002.TW,2885.TW,2303.TW,1301.TW,2883.TW,2882.TW,3034.TW,3008.TW,3045.TW,3037.TW",2024,123,20
2024-04-17,-0.03344774992393588,-0.037280494974419986,-0.026862685180304657,-0.0010955564226889035,0.6778423970854031,0.6778423970854031,0.6778423970854031,0.003965378022949608,"2454.TW,2345.TW,2408.TW",2024,123,3
2024-04-17,-0.011328106319186168,-0.016003878152961337,-0.026862685180304657,-0.0010955564226889035,0.8084352773163997,0.8084352773163996,0.8084352773163996,0.004729346372300938,"2454.TW,2345.TW,2408.TW,2357.TW,3231.TW,2330.TW,3711.TW,2327.TW,2603.TW,1303.TW",2024,123,10
2024-04-22,0.04092301198807152,0.037605012355265366,0.025303970119302743,0.01067217765035542,0.5448812427809,0.5448812427809002,0.5448812427809001,0.003187555270268266,"3231.TW,2382.TW,6669.TW,3017.TW,2317.TW,2345.TW,2379.TW,3034.TW,2330.TW,2454.TW,3711.TW,3045.TW,2408.TW,2885.TW,3037.TW",2024,123,15
2024-04-22,0.03221090542474797,0.029721675489720933,0.025303970119302743,0.01067217765035542,0.4122310550747274,0.4122310550747274,0.4122310550747274,0.0024115516721871554,"3231.TW,2382.TW,6669.TW,3017.TW,2317.TW,2345.TW,2379.TW,3034.TW,2330.TW,2454.TW,3711.TW,3045.TW,2408.TW,2885.TW,3037.TW,2308.TW,1102.TW,2912.TW,3008.TW,2882.TW",2024,123,20
2024-04-22,0.07938064033419044,0.07432913893742632,0.025303970119302743,0.01067217765035542,0.8,0.8,0.8,0.00468,"3231.TW,2382.TW,6669.TW,3017.TW,2317.TW",2024,123,5
2024-04-22,0.07404743151846982,0.06776425404408681,0.025303970119302743,0.01067217765035542,1.0,1.0,1.0,0.00585,"3231.TW,2382.TW,6669.TW",2024,123,3
2024-04-22,0.05131762508845269,0.04756709544534887,0.025303970119302743,0.01067217765035542,0.6098215829439567,0.6098215829439566,0.6098215829439566,0.0035674562602221464,"3231.TW,2382.TW,6669.TW,3017.TW,2317.TW,2345.TW,2379.TW,3034.TW,2330.TW,2454.TW",2024,123,10
2024-04-25,0.013479741449427674,0.010645549679375144,0.008653911904346279,0.020206633587236737,0.47803345822891274,0.47803345822891263,0.4780334582289127,0.002796495730639139,"6669.TW,2379.TW,3231.TW,1102.TW,2345.TW,2885.TW,2884.TW,2454.TW,1101.TW,3045.TW,2912.TW,2882.TW,1216.TW,2395.TW,2330.TW",2024,123,15
2024-04-25,-0.016793845110691298,-0.01880583301307137,0.008653911904346279,0.020206633587236737,0.3498041120390777,0.3498041120390779,0.3498041120390778,0.0020463540554286055,"6669.TW,2379.TW,3231.TW",2024,123,3
2024-04-25,0.016639126515719638,0.013597325445038555,0.008653911904346279,0.020206633587236737,0.5114558169429404,0.5114558169429404,0.5114558169429404,0.0029920165291162015,"6669.TW,2379.TW,3231.TW,1102.TW,2345.TW,2885.TW,2884.TW,2454.TW,1101.TW,3045.TW",2024,123,10
2024-04-25,0.02124092698250897,0.01758581512187285,0.008653911904346279,0.020206633587236737,0.6118100340031576,0.6118100340031574,0.6118100340031575,0.003579088698918471,"6669.TW,2379.TW,3231.TW,1102.TW,2345.TW",2024,123,5
2024-04-25,0.020052111810820315,0.017575572967515107,0.008653911904346279,0.020206633587236737,0.41501798615274216,0.415017986152742,0.4150179861527421,0.0024278552189935408,"6669.TW,2379.TW,3231.TW,1102.TW,2345.TW,2885.TW,2884.TW,2454.TW,1101.TW,3045.TW,2912.TW,2882.TW,1216.TW,2395.TW,2330.TW,2891.TW,3711.TW,1326.TW,4904.TW,2880.TW",2024,123,20
2024-04-30,0.044794684740883176,0.03868263583514886,0.018430140021274077,0.022534072167795852,1.0,1.0,1.0,0.00585,"2382.TW,3037.TW,2454.TW",2024,123,3
2024-04-30,0.020749178489504576,0.01770523476380803,0.018430140021274077,0.022534072167795852,0.509755257969256,0.5097552579692559,0.5097552579692559,0.0029820682591201473,"2382.TW,3037.TW,2454.TW,2379.TW,3231.TW,1102.TW,2884.TW,5880.TW,2882.TW,1590.TW",2024,123,10
2024-04-30,0.025909355873967775,0.022273002934891428,0.018430140021274077,0.022534072167795852,0.6059003063432948,0.6059003063432948,0.6059003063432948,0.003544516792108275,"2382.TW,3037.TW,2454.TW,2379.TW,3231.TW,1102.TW,2884.TW,5880.TW,2882.TW,1590.TW,2887.TW,2317.TW,2603.TW,2408.TW,3008.TW",2024,123,15
2024-04-30,0.027752402982850567,0.02470219656207795,0.018430140021274077,0.022534072167795852,0.5073233645150622,0.5073233645150623,0.5073233645150623,0.0029678416824131144,"2382.TW,3037.TW,2454.TW,2379.TW,3231.TW,1102.TW,2884.TW,5880.TW,2882.TW,1590.TW,2887.TW,2317.TW,2603.TW,2408.TW,3008.TW,2880.TW,2618.TW,1326.TW,1216.TW,2912.TW",2024,123,20
2024-04-30,0.03327908575455112,0.029544869412634567,0.018430140021274077,0.022534072167795852,0.6177687989771381,0.617768798977138,0.6177687989771381,0.003613947474016258,"2382.TW,3037.TW,2454.TW,2379.TW,3231.TW",2024,123,5
2024-05-06,0.021188591440291903,0.01876379743626777,0.006240331150899836,-0.00012509267896184894,0.4058943715361753,0.40589437153617525,0.40589437153617525,0.0023744820734866254,"3017.TW,1590.TW,2395.TW,2382.TW,6669.TW,2408.TW,2618.TW,2454.TW,2379.TW,1102.TW,2330.TW,2308.TW,3231.TW,2615.TW,2609.TW,3037.TW,3045.TW,2884.TW,5880.TW,2882.TW",2024,123,20
2024-05-06,0.010327266477731911,0.0073246543339957615,0.006240331150899836,-0.00012509267896184894,0.5080205693217238,0.5080205693217237,0.5080205693217237,0.0029719203305320838,"3017.TW,1590.TW,2395.TW,2382.TW,6669.TW,2408.TW,2618.TW,2454.TW,2379.TW,1102.TW",2024,123,10
2024-05-06,0.02888969710458904,0.024074493322139512,0.006240331150899836,-0.00012509267896184894,0.8,0.8,0.8,0.00468,"3017.TW,1590.TW,2395.TW,2382.TW,6669.TW",2024,123,5
2024-05-06,0.025956163008303678,0.022715812025227322,0.006240331150899836,-0.00012509267896184894,0.5398926103519555,0.5398926103519557,0.5398926103519556,0.0031583717705589405,"3017.TW,1590.TW,2395.TW,2382.TW,6669.TW,2408.TW,2618.TW,2454.TW,2379.TW,1102.TW,2330.TW,2308.TW,3231.TW,2615.TW,2609.TW",2024,123,15
2024-05-06,0.012482867733553818,0.006559842957312378,0.006240331150899836,-0.00012509267896184894,1.0,1.0,1.0,0.00585,"3017.TW,1590.TW,2395.TW",2024,123,3
2024-05-09,0.00953505548089394,0.004749423408538567,0.026976800454538763,0.023498225348936516,0.8103302208911402,0.8103302208911399,0.81033022089114,0.004740431792213169,"5871.TW,3034.TW,2408.TW,3231.TW,2881.TW,2880.TW,2327.TW,1102.TW,4904.TW,2884.TW",2024,123,10
2024-05-09,0.007074776586380671,0.0011833891433503663,0.026976800454538763,0.023498225348936516,1.0,1.0,1.0,0.00585,"5871.TW,3034.TW,2408.TW,3231.TW,2881.TW",2024,123,5
2024-05-09,0.0056272784541190335,-0.0002556411248376689,0.026976800454538763,0.023498225348936516,1.0,1.0,1.0,0.00585,"5871.TW,3034.TW,2408.TW",2024,123,3
2024-05-09,0.007980729164490434,0.003950254482942617,0.026976800454538763,0.023498225348936516,0.68351508228228,0.6835150822822802,0.6835150822822801,0.003998563231351339,"5871.TW,3034.TW,2408.TW,3231.TW,2881.TW,2880.TW,2327.TW,1102.TW,4904.TW,2884.TW,2308.TW,2883.TW,2885.TW,2891.TW,3017.TW",2024,123,15
2024-05-09,0.005329242831338542,0.0014258084722897912,0.026976800454538763,0.023498225348936516,0.6637166294997351,0.6637166294997349,0.663716629499735,0.0038827422825734497,"5871.TW,3034.TW,2408.TW,3231.TW,2881.TW,2880.TW,2327.TW,1102.TW,4904.TW,2884.TW,2308.TW,2883.TW,2885.TW,2891.TW,3017.TW,2887.TW,3045.TW,2317.TW,2892.TW,2886.TW",2024,123,20
2024-05-14,0.012731926367144798,0.01062762422755803,0.009963636217427574,0.012755606903991594,0.3551875457714474,0.35518754577144723,0.3551875457714473,0.0020778471427629667,"5871.TW,3034.TW,3711.TW,3231.TW,2317.TW,2408.TW,2891.TW,9910.TW,5876.TW,2885.TW,2884.TW,2882.TW,2303.TW,2892.TW,2395.TW,2880.TW,4904.TW,3045.TW,2327.TW,1326.TW",2024,123,20
2024-05-14,0.015558921983029952,0.012372429041339394,0.009963636217427574,0.012755606903991594,0.5363545495603416,0.5363545495603417,0.5363545495603417,0.0031376741149279986,"5871.TW,3034.TW,3711.TW,3231.TW,2317.TW,2408.TW,2891.TW,9910.TW,5876.TW,2885.TW,2884.TW,2882.TW,2303.TW,2892.TW,2395.TW",2024,123,15
2024-05-14,0.012935718682191923,0.00935922233263975,0.009963636217427574,0.012755606903991594,0.6035594224623964,0.6035594224623961,0.6035594224623962,0.0035308226214050176,"5871.TW,3034.TW,3711.TW,3231.TW,2317.TW,2408.TW,2891.TW,9910.TW,5876.TW,2885.TW",2024,123,10
2024-05-14,0.012581722618894432,0.010175797690748611,0.009963636217427574,0.012755606903991594,0.40615903812955156,0.40615903812955145,0.4061590381295515,0.002376030373057876,"5871.TW,3034.TW,3711.TW,3231.TW,2317.TW",2024,123,5
2024-05-14,0.017001296831109736,0.01497379119184683,0.009963636217427574,0.012755606903991594,0.3407883172201281,0.3407883172201282,0.34078831722012815,0.00199361165573775,"5871.TW,3034.TW,3711.TW",2024,123,3
2024-05-17,0.006214814964349361,0.003230806690743604,0.018236150882106728,-0.005827387088472957,0.5069363686471966,0.5069363686471966,0.5069363686471966,0.0029655777565861003,"2408.TW,3231.TW,2609.TW,5876.TW,2615.TW,1216.TW,1102.TW,2317.TW,5871.TW,1303.TW",2024,123,10
2024-05-17,-0.0010510867283866888,-0.004213726215022473,0.018236150882106728,-0.005827387088472957,0.5411909731170189,0.541190973117019,0.541190973117019,0.0031659671927345614,"2408.TW,3231.TW,2609.TW,5876.TW,2615.TW,1216.TW,1102.TW,2317.TW,5871.TW,1303.TW,2395.TW,1326.TW,2603.TW,9910.TW,2880.TW",2024,123,15
2024-05-17,0.01850713007514533,0.013725709939057307,0.018236150882106728,-0.005827387088472957,0.8024850796472824,0.8024850796472826,0.8024850796472824,0.004694537715936603,"2408.TW,3231.TW,2609.TW,5876.TW,2615.TW",2024,123,5
2024-05-17,-0.002722694423167786,-0.005678040423986119,0.018236150882106728,-0.005827387088472957,0.5065665765601933,0.5065665765601933,0.5065665765601933,0.002963414472877131,"2408.TW,3231.TW,2609.TW,5876.TW,2615.TW,1216.TW,1102.TW,2317.TW,5871.TW,1303.TW,2395.TW,1326.TW,2603.TW,9910.TW,2880.TW,4904.TW,2382.TW,1101.TW,1301.TW,2912.TW",2024,123,20
2024-05-17,0.021730940372273782,0.01575381437109602,0.018236150882106728,-0.005827387088472957,1.0,1.0,1.0,0.00585,"2408.TW,3231.TW,2609.TW",2024,123,3
2024-05-22,0.08150882102380397,0.0772575491654659,0.015560878270301393,0.017988839030024975,0.6719437919050075,0.6719437919050077,0.6719437919050076,0.003930871182644295,"2357.TW,2615.TW,2609.TW",2024,123,3
2024-05-22,0.06417977049178672,0.06042500858813549,0.015560878270301393,0.017988839030024975,0.6031308425955209,0.6031308425955207,0.6031308425955209,0.0035283154291837968,"2357.TW,2615.TW,2609.TW,2603.TW,1303.TW",2024,123,5
2024-05-22,0.02792887142738688,0.024282267008974623,0.015560878270301393,0.017988839030024975,0.6064147043257774,0.6064147043257774,0.6064147043257774,0.003547526020305798,"2357.TW,2615.TW,2609.TW,2603.TW,1303.TW,3008.TW,1590.TW,1102.TW,2618.TW,5871.TW,2345.TW,2454.TW,2207.TW,2412.TW,2885.TW",2024,123,15
2024-05-22,0.031341789363350664,0.02827142872803723,0.015560878270301393,0.017988839030024975,0.5088981919102248,0.5088981919102247,0.5088981919102247,0.0029770544226748147,"2357.TW,2615.TW,2609.TW,2603.TW,1303.TW,3008.TW,1590.TW,1102.TW,2618.TW,5871.TW",2024,123,10
2024-05-22,0.01713907239007901,0.013823111785672193,0.015560878270301393,0.017988839030024975,0.5572796168534178,0.5572796168534178,0.5572796168534178,0.0032600857585924937,"2357.TW,2615.TW,2609.TW,2603.TW,1303.TW,3008.TW,1590.TW,1102.TW,2618.TW,5871.TW,2345.TW,2454.TW,2207.TW,2412.TW,2885.TW,1326.TW,2912.TW,1301.TW,2883.TW,2002.TW",2024,123,20
2024-05-27,-0.013980297517539582,-0.016343814076696495,-0.027175393188754282,-0.014613070095105159,0.4097483281774575,0.4097483281774575,0.4097483281774575,0.002397027719838126,"1303.TW,2603.TW,2609.TW,2615.TW,1590.TW,9910.TW,2357.TW,1326.TW,6669.TW,5876.TW,2618.TW,2002.TW,5871.TW,2886.TW,3045.TW,2412.TW,3034.TW,4904.TW,1102.TW,5880.TW",2024,123,20
2024-05-27,-0.010374740825956649,-0.01423427933673549,-0.027175393188754282,-0.014613070095105159,0.6666666666666666,0.6666666666666666,0.6666666666666666,0.0039,"1303.TW,2603.TW,2609.TW",2024,123,3
2024-05-27,-0.00505990551418669,-0.006294190030204483,-0.027175393188754282,-0.014613070095105159,0.2120618189238172,0.21206181892381715,0.21206181892381717,0.0012405616407043304,"1303.TW,2603.TW,2609.TW,2615.TW,1590.TW",2024,123,5
2024-05-27,-0.011851042221269108,-0.014594642141945724,-0.027175393188754282,-0.014613070095105159,0.4746161352901096,0.47461613529010954,0.4746161352901096,0.002776504391447141,"1303.TW,2603.TW,2609.TW,2615.TW,1590.TW,9910.TW,2357.TW,1326.TW,6669.TW,5876.TW,2618.TW,2002.TW,5871.TW,2886.TW,3045.TW",2024,123,15
2024-05-27,-0.012778300351894744,-0.015146787674770956,-0.027175393188754282,-0.014613070095105159,0.41011013836749405,0.410110138367494,0.410110138367494,0.00239914430944984,"1303.TW,2603.TW,2609.TW,2615.TW,1590.TW,9910.TW,2357.TW,1326.TW,6669.TW,5876.TW",2024,123,10
2024-05-30,-0.006936469440434195,-0.011044473941888455,-0.005052185860196068,-0.007842169687338108,0.7071279632088328,0.7071279632088324,0.7071279632088325,0.004136698584771671,"2891.TW,1590.TW,2357.TW,2885.TW,3711.TW,2382.TW,2330.TW,2317.TW,2308.TW,3037.TW,2892.TW,1101.TW,1102.TW,2880.TW,3231.TW,1216.TW,6669.TW,2603.TW,2884.TW,2609.TW",2024,123,20
2024-05-30,-0.0057904751096902116,-0.010866978406002148,-0.005052185860196068,-0.007842169687338108,0.8728324558604867,0.872832455860487,0.8728324558604869,0.005106069866783849,"2891.TW,1590.TW,2357.TW,2885.TW,3711.TW,2382.TW,2330.TW,2317.TW,2308.TW,3037.TW,2892.TW,1101.TW,1102.TW,2880.TW,3231.TW",2024,123,15
2024-05-30,-0.000251924808090628,-0.006100451047963307,-0.005052185860196068,-0.007842169687338108,1.0,1.0,1.0,0.00585,"2891.TW,1590.TW,2357.TW",2024,123,3
2024-05-30,-0.0020479180462310118,-0.006807978443116869,-0.005052185860196068,-0.007842169687338108,0.8153553188006599,0.8153553188006599,0.8153553188006599,0.004769828614983861,"2891.TW,1590.TW,2357.TW,2885.TW,3711.TW",2024,123,5
2024-05-30,-0.0041715980607028745,-0.008884910334755358,-0.005052185860196068,-0.007842169687338108,0.8090695186559428,0.8090695186559429,0.8090695186559429,0.004733056684137265,"2891.TW,1590.TW,2357.TW,2885.TW,3711.TW,2382.TW,2330.TW,2317.TW,2308.TW,3037.TW",2024,123,10
2024-06-04,0.0016707804553756757,-0.001301289434254449,0.03434895623216816,0.014096483930215483,0.507198717275696,0.507198717275696,0.507198717275696,0.0029671124960628215,"2454.TW,2603.TW,2357.TW,2317.TW,2382.TW,6669.TW,3017.TW,2303.TW,3711.TW,3037.TW",2024,123,10
2024-06-04,0.011893404121226915,0.009775363370886803,0.03434895623216816,0.014096483930215483,0.3578027551585974,0.35780275515859744,0.3578027551585974,0.0020931461176777947,"2454.TW,2603.TW,2357.TW,2317.TW,2382.TW,6669.TW,3017.TW,2303.TW,3711.TW,3037.TW,3231.TW,2330.TW,2408.TW,2308.TW,2379.TW,2609.TW,2880.TW,2885.TW,3034.TW,2618.TW",2024,123,20
2024-06-04,0.0096483213810975,0.005638815909894568,0.03434895623216816,0.014096483930215483,0.678835923478198,0.6788359234781981,0.678835923478198,0.003971190152347459,"2454.TW,2603.TW,2357.TW",2024,123,3
2024-06-04,0.01406659029223356,0.009279501006853597,0.03434895623216816,0.014096483930215483,0.8069547587726764,0.8069547587726763,0.8069547587726764,0.0047206853388201565,"2454.TW,2603.TW,2357.TW,2317.TW,2382.TW",2024,123,5
2024-06-04,0.003413433619861003,0.0006453732192426287,0.03434895623216816,0.014096483930215483,0.47156306882141863,0.4715630688214187,0.47156306882141863,0.002758643952605299,"2454.TW,2603.TW,2357.TW,2317.TW,2382.TW,6669.TW,3017.TW,2303.TW,3711.TW,3037.TW,3231.TW,2330.TW,2408.TW,2308.TW,2379.TW",2024,123,15
2024-06-07,0.006038363082462236,0.0020414433267585963,0.03349701289166496,0.009586975944177184,0.6791332928704037,0.6791332928704037,0.6791332928704037,0.003972929763291862,"3017.TW,2357.TW,2615.TW",2024,123,3
2024-06-07,-0.024035807421621924,-0.02865081501699651,0.03349701289166496,0.009586975944177184,0.808318781818588,0.808318781818588,0.808318781818588,0.00472866487363874,"3017.TW,2357.TW,2615.TW,2609.TW,3231.TW",2024,123,5
2024-06-07,0.008053708295151287,0.0044151009534638685,0.03349701289166496,0.009586975944177184,0.617014902930234,0.6170149029302341,0.6170149029302341,0.003609537182141869,"3017.TW,2357.TW,2615.TW,2609.TW,3231.TW,2379.TW,2382.TW,2345.TW,3037.TW,3045.TW",2024,123,10
2024-06-07,0.010503171507533705,0.006874760902368271,0.03349701289166496,0.009586975944177184,0.6137943418453518,0.613794341845352,0.6137943418453519,0.0035906968997953086,"3017.TW,2357.TW,2615.TW,2609.TW,3231.TW,2379.TW,2382.TW,2345.TW,3037.TW,3045.TW,2327.TW,4904.TW,5871.TW,2412.TW,3008.TW,1216.TW,2884.TW,2882.TW,2395.TW,2330.TW",2024,123,20
2024-06-07,0.009322198957269868,0.005689921340333637,0.03349701289166496,0.009586975944177184,0.615167443441423,0.6151674434414233,0.6151674434414232,0.003598729544132326,"3017.TW,2357.TW,2615.TW,2609.TW,3231.TW,2379.TW,2382.TW,2345.TW,3037.TW,3045.TW,2327.TW,4904.TW,5871.TW,2412.TW,3008.TW",2024,123,15
2024-06-13,0.02288462213075675,0.018040647910867902,0.03241126759158508,0.01962674699205326,0.8095045748686036,0.8095045748686037,0.8095045748686036,0.004735601762981332,"2603.TW,2609.TW,2882.TW,2891.TW,3008.TW,2357.TW,2883.TW,1301.TW,1303.TW,1590.TW,2881.TW,2395.TW,2880.TW,9910.TW,2887.TW",2024,123,15
2024-06-13,0.02001870154753246,0.016086273190895062,0.03241126759158508,0.01962674699205326,0.6590173047550164,0.6590173047550162,0.6590173047550163,0.003855251232816845,"2603.TW,2609.TW,2882.TW,2891.TW,3008.TW,2357.TW,2883.TW,1301.TW,1303.TW,1590.TW,2881.TW,2395.TW,2880.TW,9910.TW,2887.TW,2618.TW,2207.TW,1326.TW,3231.TW,2884.TW",2024,123,20
2024-06-13,0.024055364833596105,0.01917852689932298,0.03241126759158508,0.01962674699205326,0.8140648823881259,0.8140648823881258,0.8140648823881258,0.0047622795619705355,"2603.TW,2609.TW,2882.TW,2891.TW,3008.TW,2357.TW,2883.TW,1301.TW,1303.TW,1590.TW",2024,123,10
2024-06-13,0.019073304006393878,0.013111725177956446,0.03241126759158508,0.01962674699205326,1.0,1.0,1.0,0.00585,"2603.TW,2609.TW,2882.TW",2024,123,3
2024-06-13,0.0418070579769398,0.036794402879385846,0.03241126759158508,0.01962674699205326,0.8224787043619479,0.8224787043619477,0.8224787043619478,0.004811500420517395,"2603.TW,2609.TW,2882.TW,2891.TW,3008.TW",2024,123,5
2024-06-18,0.010088347121138574,0.007394417101733719,0.00947223861640345,0.01044095986370846,0.45590156477937405,0.4559015647793742,0.45590156477937416,0.0026670241539593392,"2603.TW,1590.TW,1303.TW,2317.TW,3017.TW,2884.TW,4904.TW,2887.TW,6669.TW,1326.TW,2207.TW,2609.TW,2891.TW,2454.TW,2892.TW,1101.TW,3045.TW,1301.TW,1216.TW,2357.TW",2024,123,20
2024-06-18,0.01563132101370692,0.010865757593543801,0.00947223861640345,0.01044095986370846,0.8020885224924277,0.8020885224924276,0.8020885224924277,0.004692217856580702,"2603.TW,1590.TW,1303.TW,2317.TW,3017.TW",2024,123,5
2024-06-18,0.01022531634768434,0.006658593041809047,0.00947223861640345,0.01044095986370846,0.6035250569713578,0.6035250569713577,0.6035250569713577,0.003530621583282443,"2603.TW,1590.TW,1303.TW,2317.TW,3017.TW,2884.TW,4904.TW,2887.TW,6669.TW,1326.TW,2207.TW,2609.TW,2891.TW,2454.TW,2892.TW",2024,123,15
2024-06-18,0.008392447042928896,0.004244373938300017,0.00947223861640345,0.01044095986370846,0.7031710001963059,0.7031710001963059,0.7031710001963059,0.0041135503511483896,"2603.TW,1590.TW,1303.TW,2317.TW,3017.TW,2884.TW,4904.TW,2887.TW,6669.TW,1326.TW",2024,123,10
2024-06-18,0.007437276517569461,0.0035082711391509758,0.00947223861640345,0.01044095986370846,0.6666666666666666,0.6666666666666665,0.6666666666666665,0.0038999999999999994,"2603.TW,1590.TW,1303.TW",2024,123,3
2024-06-21,-0.0039689654697090985,-0.007107155896944217,-0.015549531431050867,-0.02046772754805832,0.5385804151447247,0.5385804151447248,0.5385804151447247,0.0031506954285966397,"2615.TW,2892.TW,3045.TW,1590.TW,2891.TW,3008.TW,2886.TW,2884.TW,2887.TW,3034.TW,4904.TW,5880.TW,2412.TW,1216.TW,2317.TW",2024,123,15
2024-06-21,-0.003985318594139942,-0.008086071934186645,-0.015549531431050867,-0.02046772754805832,0.7037882975194852,0.7037882975194852,0.7037882975194852,0.004117161540488988,"2615.TW,2892.TW,3045.TW,1590.TW,2891.TW,3008.TW,2886.TW,2884.TW,2887.TW,3034.TW",2024,123,10
2024-06-21,-0.009533368068949472,-0.012460470691950998,-0.015549531431050867,-0.02046772754805832,0.5051754462033688,0.505175446203369,0.5051754462033688,0.0029552763602897084,"2615.TW,2892.TW,3045.TW,1590.TW,2891.TW,3008.TW,2886.TW,2884.TW,2887.TW,3034.TW,4904.TW,5880.TW,2412.TW,1216.TW,2317.TW,2454.TW,2912.TW,3037.TW,2303.TW,5876.TW",2024,123,20
2024-06-21,-0.015136466419655123,-0.0208979180911002,-0.015549531431050867,-0.02046772754805832,1.0,1.0,1.0,0.00585,"2615.TW,2892.TW,3045.TW",2024,123,3
2024-06-21,-0.010499817626804965,-0.015159404629339845,-0.015549531431050867,-0.02046772754805832,0.8049625587875864,0.8049625587875864,0.8049625587875864,0.00470903096890738,"2615.TW,2892.TW,3045.TW,1590.TW,2891.TW",2024,123,5
2024-06-26,0.005090299853313017,-6.763720821534314e-06,0.0127995227717006,0.005247112471806084,0.8668802383055954,0.8668802383055952,0.8668802383055954,0.005071249394087733,"6669.TW,2379.TW,2408.TW,2454.TW,3037.TW,2382.TW,5871.TW,2317.TW,2883.TW,1301.TW,2207.TW,3008.TW,9910.TW,2330.TW,2885.TW",2024,123,15
2024-06-26,0.007079438085140567,0.00292791487508981,0.0127995227717006,0.005247112471806084,0.7046733955143865,0.7046733955143863,0.7046733955143865,0.004122339363759161,"6669.TW,2379.TW,2408.TW,2454.TW,3037.TW,2382.TW,5871.TW,2317.TW,2883.TW,1301.TW,2207.TW,3008.TW,9910.TW,2330.TW,2885.TW,1326.TW,2308.TW,2303.TW,2881.TW,2891.TW",2024,123,20
2024-06-26,0.015941805407025146,0.009998545845393947,0.0127995227717006,0.005247112471806084,0.9999999999999999,0.9999999999999998,0.9999999999999998,0.005849999999999999,"6669.TW,2379.TW,2408.TW,2454.TW,3037.TW,2382.TW,5871.TW,2317.TW,2883.TW,1301.TW",2024,123,10
2024-06-26,0.013720884566967895,0.007790617392251065,0.0127995227717006,0.005247112471806084,1.0,1.0,1.0,0.00585,"6669.TW,2379.TW,2408.TW,2454.TW,3037.TW",2024,123,5
2024-06-26,0.015621784544393039,0.009680397104808502,0.0127995227717006,0.005247112471806084,1.0,1.0,1.0,0.00585,"6669.TW,2379.TW,2408.TW",2024,123,3
2024-07-01,0.012051080644531887,0.006130581822761494,0.035762336165167996,0.02464472606901019,1.0,1.0,1.0,0.00585,"9910.TW,1590.TW,2615.TW,2357.TW,2207.TW",2024,123,5
2024-07-01,0.00603167294760613,0.00014638766086272348,0.035762336165167996,0.02464472606901019,1.0,1.0,1.0,0.00585,"9910.TW,1590.TW,2615.TW",2024,123,3
2024-07-01,0.021233124026169278,0.017304520269916024,0.035762336165167996,0.02464472606901019,0.6575934346924879,0.6575934346924878,0.6575934346924879,0.0038469215929510534,"9910.TW,1590.TW,2615.TW,2357.TW,2207.TW,3008.TW,2327.TW,1326.TW,2885.TW,1216.TW,2395.TW,1303.TW,1301.TW,1101.TW,3037.TW,5880.TW,2892.TW,2884.TW,2609.TW,2912.TW",2024,123,20
2024-07-01,0.022608672699224883,0.01896895924908648,0.035762336165167996,0.02464472606901019,0.6084177221944069,0.6084177221944072,0.608417722194407,0.0035592436748372817,"9910.TW,1590.TW,2615.TW,2357.TW,2207.TW,3008.TW,2327.TW,1326.TW,2885.TW,1216.TW,2395.TW,1303.TW,1301.TW,1101.TW,3037.TW",2024,123,15
2024-07-01,0.02520479164263877,0.019207343611529426,0.035762336165167996,0.02464472606901019,0.9999999999999999,1.0000000000000002,1.0,0.005850000000000001,"9910.TW,1590.TW,2615.TW,2357.TW,2207.TW,3008.TW,2327.TW,1326.TW,2885.TW,1216.TW",2024,123,10
2024-07-04,-0.06709126794314949,-0.0689714215045022,0.022585623962899426,-0.00010949723763697516,0.3445071957497867,0.34450719574978667,0.3445071957497867,0.002015367095136252,"2615.TW,9910.TW,2609.TW",2024,123,3
2024-07-04,-0.0045876905526626155,-0.008884048389434351,0.022585623962899426,-0.00010949723763697516,0.7378049639004947,0.7378049639004948,0.7378049639004947,0.004316159038817894,"2615.TW,9910.TW,2609.TW,2603.TW,3008.TW,2412.TW,2883.TW,2317.TW,2882.TW,3045.TW,2886.TW,2345.TW,2408.TW,2881.TW,1101.TW",2024,123,15
2024-07-04,-0.010302237761889266,-0.014395750851322608,0.022585623962899426,-0.00010949723763697516,0.7070298165281615,0.7070298165281613,0.7070298165281614,0.004136124426689744,"2615.TW,9910.TW,2609.TW,2603.TW,3008.TW,2412.TW,2883.TW,2317.TW,2882.TW,3045.TW",2024,123,10
2024-07-04,-0.007129318685576258,-0.010927540529159674,0.022585623962899426,-0.00010949723763697516,0.6539307720833046,0.6539307720833043,0.6539307720833045,0.0038254950166873307,"2615.TW,9910.TW,2609.TW,2603.TW,3008.TW,2412.TW,2883.TW,2317.TW,2882.TW,3045.TW,2886.TW,2345.TW,2408.TW,2881.TW,1101.TW,4904.TW,2892.TW,5876.TW,2884.TW,2887.TW",2024,123,20
2024-07-04,-0.029255017729488332,-0.0327136895663489,0.022585623962899426,-0.00010949723763697516,0.6090435344162748,0.6090435344162748,0.6090435344162748,0.0035629046763352074,"2615.TW,9910.TW,2609.TW,2603.TW,3008.TW",2024,123,5
2024-07-09,-0.022249791250970943,-0.024682448980828275,0.0035541816701945006,0.0036074872749798812,0.4253018045506596,0.4253018045506596,0.4253018045506596,0.0024880155566213585,"2615.TW,2609.TW,3045.TW,3017.TW,4904.TW,2603.TW,2317.TW,2618.TW,9910.TW,2408.TW",2024,123,10
2024-07-09,-0.0034571846008701348,-0.006680347443123069,0.0035541816701945006,0.0036074872749798812,0.5528794134169152,0.5528794134169152,0.5528794134169152,0.0032343445684889535,"2615.TW,2609.TW,3045.TW,3017.TW,4904.TW,2603.TW,2317.TW,2618.TW,9910.TW,2408.TW,3037.TW,3034.TW,1590.TW,2892.TW,1326.TW",2024,123,15
2024-07-09,-0.020766826085592254,-0.022784927601822158,0.0035541816701945006,0.0036074872749798812,0.35229057526712076,0.3522905752671209,0.3522905752671208,0.002060899865312657,"2615.TW,2609.TW,3045.TW",2024,123,3
2024-07-09,0.0014372907273561828,-0.0010121328230867643,0.0035541816701945006,0.0036074872749798812,0.41810394349652075,0.41810394349652097,0.41810394349652086,0.0024459080694546474,"2615.TW,2609.TW,3045.TW,3017.TW,4904.TW,2603.TW,2317.TW,2618.TW,9910.TW,2408.TW,3037.TW,3034.TW,1590.TW,2892.TW,1326.TW,2884.TW,5876.TW,2883.TW,5880.TW,1303.TW",2024,123,20
2024-07-09,-0.01970152126621634,-0.02329446366259602,0.0035541816701945006,0.0036074872749798812,0.6265216163638505,0.6265216163638504,0.6265216163638505,0.003665151455728525,"2615.TW,2609.TW,3045.TW,3017.TW,4904.TW",2024,123,5
2024-07-12,-0.026434825686212988,-0.029068533008509312,-0.04091206584189566,-0.01687472109899595,0.4624306535995625,0.46243065359956254,0.4624306535995625,0.0027052193235574404,"6669.TW,2408.TW,3017.TW,4904.TW,3231.TW,2303.TW,2454.TW,2382.TW,3034.TW,2609.TW,2317.TW,2615.TW,2603.TW,3008.TW,3045.TW,2892.TW,5880.TW,2330.TW,2891.TW,1101.TW",2024,123,20
2024-07-12,-0.05029113681427855,-0.05584693366391502,-0.04091206584189566,-0.01687472109899595,1.0,1.0,1.0,0.00585,"6669.TW,2408.TW,3017.TW",2024,123,3
2024-07-12,-0.02955951712915385,-0.03191134521772154,-0.04091206584189566,-0.01687472109899595,0.41426744099993296,0.41426744099993296,0.41426744099993296,0.002423464529849608,"6669.TW,2408.TW,3017.TW,4904.TW,3231.TW,2303.TW,2454.TW,2382.TW,3034.TW,2609.TW,2317.TW,2615.TW,2603.TW,3008.TW,3045.TW",2024,123,15
2024-07-12,-0.034631514978069024,-0.038056891698105666,-0.04091206584189566,-0.01687472109899595,0.6065398768888195,0.6065398768888197,0.6065398768888196,0.0035482582797995953,"6669.TW,2408.TW,3017.TW,4904.TW,3231.TW,2303.TW,2454.TW,2382.TW,3034.TW,2609.TW",2024,123,10
2024-07-12,-0.02490492294551177,-0.028339460159087948,-0.04091206584189566,-0.01687472109899595,0.6020955209440386,0.6020955209440386,0.6020955209440386,0.0035222587975226264,"6669.TW,2408.TW,3017.TW,4904.TW,3231.TW",2024,123,5
2024-07-17,-0.02650110394780075,-0.029136909048242288,-0.02598100605668463,-0.01939723233613682,0.46283049345163396,0.46283049345163396,0.46283049345163396,0.0027075583866920587,"2382.TW,2345.TW,2454.TW,2308.TW,2317.TW,2891.TW,2379.TW,3008.TW,2357.TW,6669.TW,2408.TW,2883.TW,2330.TW,1102.TW,2615.TW,2881.TW,3017.TW,2303.TW,2887.TW,1216.TW",2024,123,20
2024-07-17,-0.03321431743378349,-0.03723650317698013,-0.02598100605668463,-0.01939723233613682,0.7111742870148028,0.7111742870148028,0.7111742870148028,0.004160369579036597,"2382.TW,2345.TW,2454.TW,2308.TW,2317.TW,2891.TW,2379.TW,3008.TW,2357.TW,6669.TW",2024,123,10
2024-07-17,-0.03128028542161811,-0.034365947127682706,-0.02598100605668463,-0.01939723233613682,0.5444955146058943,0.5444955146058943,0.5444955146058943,0.0031852987604444817,"2382.TW,2345.TW,2454.TW,2308.TW,2317.TW,2891.TW,2379.TW,3008.TW,2357.TW,6669.TW,2408.TW,2883.TW,2330.TW,1102.TW,2615.TW",2024,123,15
2024-07-17,-0.023291768125780443,-0.02900551128224471,-0.02598100605668463,-0.01939723233613682,1.0,1.0,1.0,0.00585,"2382.TW,2345.TW,2454.TW,2308.TW,2317.TW",2024,123,5
2024-07-17,-0.010810671051028507,-0.01659742862538005,-0.02598100605668463,-0.01939723233613682,1.0,1.0,1.0,0.00585,"2382.TW,2345.TW,2454.TW",2024,123,3
2024-07-22,0.007096119497627496,0.0035160404684462243,-0.024224206065610154,-0.016904238854838785,0.6076672418645239,0.6076672418645239,0.6076672418645239,0.003554853364907465,"2881.TW,3008.TW,2308.TW,2882.TW,2317.TW",2024,123,5
2024-07-22,-0.020706939069549114,-0.024538109364228067,-0.024224206065610154,-0.016904238854838785,0.6687486424657115,0.6687486424657115,0.6687486424657115,0.003912179558424413,"2881.TW,3008.TW,2308.TW,2882.TW,2317.TW,3037.TW,2330.TW,3017.TW,2327.TW,3711.TW,2382.TW,2887.TW,2207.TW,2880.TW,2892.TW",2024,123,15
2024-07-22,-0.030485441453795673,-0.03446994758625521,-0.024224206065610154,-0.016904238854838785,0.7025290681721466,0.7025290681721468,0.7025290681721467,0.0041097950488070585,"2881.TW,3008.TW,2308.TW,2882.TW,2317.TW,3037.TW,2330.TW,3017.TW,2327.TW,3711.TW",2024,123,10
2024-07-22,0.017623196543948318,0.011670100844166198,-0.024224206065610154,-0.016904238854838785,1.0,1.0,1.0,0.00585,"2881.TW,3008.TW,2308.TW",2024,123,3
2024-07-22,-0.0233297613959561,-0.02593748363544013,-0.024224206065610154,-0.016904238854838785,0.45641247962978193,0.4564124796297819,0.45641247962978193,0.0026700130058342243,"2881.TW,3008.TW,2308.TW,2882.TW,2317.TW,3037.TW,2330.TW,3017.TW,2327.TW,3711.TW,2382.TW,2887.TW,2207.TW,2880.TW,2892.TW,3231.TW,2379.TW,2395.TW,2883.TW,2454.TW",2024,123,20
2024-07-29,0.007770314321355516,0.001874857982575584,-0.006136782628022308,-0.00029191158989044785,1.0,1.0,1.0,0.00585,"3037.TW,6669.TW,3017.TW",2024,123,3
2024-07-29,0.012284071243402117,0.009509176470876124,-0.006136782628022308,-0.00029191158989044785,0.46858485698972435,0.4685848569897242,0.4685848569897243,0.002741221413389887,"3037.TW,6669.TW,3017.TW,2379.TW,2357.TW,2327.TW,3711.TW,3008.TW,3231.TW,2382.TW,1590.TW,3034.TW,2615.TW,2317.TW,2408.TW,2603.TW,2892.TW,1326.TW,1101.TW,2880.TW",2024,123,20
2024-07-29,0.01502205178674855,0.011725504844198653,-0.006136782628022308,-0.00029191158989044785,0.5551724683023461,0.5551724683023463,0.5551724683023462,0.0032477589395687257,"3037.TW,6669.TW,3017.TW,2379.TW,2357.TW,2327.TW,3711.TW,3008.TW,3231.TW,2382.TW,1590.TW,3034.TW,2615.TW,2317.TW,2408.TW",2024,123,15
2024-07-29,0.022303351303086263,0.01919953590368184,-0.006136782628022308,-0.00029191158989044785,0.518991485516185,0.518991485516185,0.518991485516185,0.0030361001902696827,"3037.TW,6669.TW,3017.TW,2379.TW,2357.TW,2327.TW,3711.TW,3008.TW,3231.TW,2382.TW",2024,123,10
2024-07-29,0.023824455730338694,0.017835082664316104,-0.006136782628022308,-0.00029191158989044785,1.0,1.0000000000000002,1.0,0.005850000000000001,"3037.TW,6669.TW,3017.TW,2379.TW,2357.TW",2024,123,5
2024-08-01,-0.03317667047714114,-0.03772407695751123,-0.046589894379250874,-0.053622960808631194,0.804008775287343,0.8040087752873428,0.8040087752873429,0.0047034513354309564,"2454.TW,3711.TW,1216.TW,2207.TW,2892.TW,2886.TW,2883.TW,1101.TW,2887.TW,2882.TW,2912.TW,2880.TW,5880.TW,3045.TW,1303.TW,1301.TW,4904.TW,2885.TW,2881.TW,2412.TW",2024,123,20
2024-08-01,-0.03854966973358076,-0.0441741541656393,-0.046589894379250874,-0.053622960808631194,1.0,0.9999999999999999,1.0,0.005849999999999999,"2454.TW,3711.TW,1216.TW,2207.TW,2892.TW",2024,123,5
2024-08-01,-0.037131734462548714,-0.04240312800313262,-0.046589894379250874,-0.053622960808631194,0.935842363043683,0.9358423630436833,0.9358423630436832,0.005474677823805547,"2454.TW,3711.TW,1216.TW,2207.TW,2892.TW,2886.TW,2883.TW,1101.TW,2887.TW,2882.TW,2912.TW,2880.TW,5880.TW,3045.TW,1303.TW",2024,123,15
2024-08-01,-0.029578088622556023,-0.035255056804114115,-0.046589894379250874,-0.053622960808631194,1.0,1.0,1.0,0.00585,"2454.TW,3711.TW,1216.TW",2024,123,3
2024-08-01,-0.04733954180818216,-0.05238009358857498,-0.046589894379250874,-0.053622960808631194,0.9044489834379649,0.9044489834379648,0.9044489834379648,0.005291026553112094,"2454.TW,3711.TW,1216.TW,2207.TW,2892.TW,2886.TW,2883.TW,1101.TW,2887.TW,2882.TW",2024,123,10
2024-08-06,0.07409330624059249,0.0693380953222611,0.04356789057433996,0.04396730464148425,0.7567839428039942,0.7567839428039937,0.756783942803994,0.004427186065403364,"3037.TW,6669.TW,2408.TW,3017.TW,3711.TW,2382.TW,2317.TW,1590.TW,3231.TW,2454.TW,2327.TW,2345.TW,2379.TW,2882.TW,2308.TW,2357.TW,2618.TW,2883.TW,2881.TW,2891.TW",2024,123,20
2024-08-06,0.061244614401096166,0.05627524102504866,0.04356789057433996,0.04396730464148425,0.8004427281324518,0.8004427281324517,0.8004427281324518,0.004682589959574842,"3037.TW,6669.TW,2408.TW,3017.TW,3711.TW",2024,123,5
2024-08-06,0.06495945895728542,0.05995206108173279,0.04356789057433996,0.04396730464148425,0.8037540223836189,0.803754022383619,0.803754022383619,0.004701961030944172,"3037.TW,6669.TW,2408.TW,3017.TW,3711.TW,2382.TW,2317.TW,1590.TW,3231.TW,2454.TW,2327.TW,2345.TW,2379.TW,2882.TW,2308.TW",2024,123,15
2024-08-06,0.06325813576719552,0.05703807567295738,0.04356789057433996,0.04396730464148425,1.0,1.0,1.0,0.00585,"3037.TW,6669.TW,2408.TW",2024,123,3
2024-08-06,0.05643173716474939,0.05148763663481826,0.04356789057433996,0.04396730464148425,0.7999999999999999,0.7999999999999999,0.7999999999999999,0.00468,"3037.TW,6669.TW,2408.TW,3017.TW,3711.TW,2382.TW,2317.TW,1590.TW,3231.TW,2454.TW",2024,123,10
2024-08-09,0.03576216376794846,0.033722241582969215,0.018899856603929788,0.025561504848987532,0.3366647858003025,0.3366647858003025,0.3366647858003025,0.0019694889969317695,"6669.TW,3037.TW,3008.TW",2024,123,3
2024-08-09,0.0334076993554897,0.03093152374759023,0.018899856603929788,0.025561504848987532,0.4095942791564241,0.40959427915642416,0.4095942791564241,0.0023961265330650814,"6669.TW,3037.TW,3008.TW,2609.TW,2317.TW,2382.TW,2615.TW,3017.TW,2408.TW,1590.TW,2454.TW,2207.TW,1326.TW,3711.TW,1301.TW",2024,123,15
2024-08-09,0.04415496547139389,0.04048006654036551,0.018899856603929788,0.025561504848987532,0.6016231998420161,0.6016231998420158,0.601623199842016,0.003519495719075793,"6669.TW,3037.TW,3008.TW,2609.TW,2317.TW",2024,123,5
2024-08-09,0.029005398683405747,0.025934693856388247,0.018899856603929788,0.025561504848987532,0.5101108397573031,0.5101108397573031,0.5101108397573031,0.0029841484125802233,"6669.TW,3037.TW,3008.TW,2609.TW,2317.TW,2382.TW,2615.TW,3017.TW,2408.TW,1590.TW,2454.TW,2207.TW,1326.TW,3711.TW,1301.TW,2886.TW,2912.TW,2345.TW,2395.TW,3034.TW",2024,123,20
2024-08-09,0.0370154639110198,0.03515862067311293,0.018899856603929788,0.025561504848987532,0.30607942845887604,0.30607942845887587,0.3060794284588759,0.0017905646564844242,"6669.TW,3037.TW,3008.TW,2609.TW,2317.TW,2382.TW,2615.TW,3017.TW,2408.TW,1590.TW",2024,123,10
2024-08-14,0.028983688923773787,0.026549699453268794,0.022148370672097517,0.006920196351857611,0.40434710543357744,0.40434710543357744,0.40434710543357744,0.002365430566786428,"6669.TW,1590.TW,2454.TW,3037.TW,3008.TW,2382.TW,3017.TW,2330.TW,2345.TW,2327.TW",2024,123,10
2024-08-14,0.011516944423184235,0.009115462301974242,0.022148370672097517,0.006920196351857611,0.40583577622959954,0.4058357762295993,0.40583577622959943,0.0023741392909431567,"6669.TW,1590.TW,2454.TW,3037.TW,3008.TW,2382.TW,3017.TW,2330.TW,2345.TW,2327.TW,2002.TW,2880.TW,2609.TW,1303.TW,1102.TW,2317.TW,5880.TW,1326.TW,2891.TW,1301.TW",2024,123,20
2024-08-14,0.017565095140030434,0.01476829780381772,0.022148370672097517,0.006920196351857611,0.4698323645539516,0.4698323645539517,0.46983236455395166,0.002748519332640618,"6669.TW,1590.TW,2454.TW,3037.TW,3008.TW,2382.TW,3017.TW,2330.TW,2345.TW,2327.TW,2002.TW,2880.TW,2609.TW,1303.TW,1102.TW",2024,123,15
2024-08-14,0.027022499511689245,0.024572056811421605,0.022148370672097517,0.006920196351857611,0.40785775799655066,0.4078577579965506,0.40785775799655066,0.0023859678842798214,"6669.TW,1590.TW,2454.TW,3037.TW,3008.TW",2024,123,5
2024-08-14,0.023085503891398147,0.019095470426221617,0.022148370672097517,0.006920196351857611,0.6666666666666666,0.6666666666666667,0.6666666666666667,0.0039000000000000003,"6669.TW,1590.TW,2454.TW",2024,123,3
2024-08-19,-0.015548198662919892,-0.018207721200704352,-0.030335943222290607,-0.013364758447671248,0.4617993858212692,0.46179938582126945,0.46179938582126934,0.002701526407054426,"3037.TW,6669.TW,1590.TW,3711.TW,2327.TW,2382.TW,2317.TW,2002.TW,1102.TW,2357.TW,1301.TW,1326.TW,2882.TW,4904.TW,1303.TW,1216.TW,1101.TW,2395.TW,2303.TW,5871.TW",2024,123,20
2024-08-19,-0.0068143092780807955,-0.008869116030519764,-0.030335943222290607,-0.013364758447671248,0.35365895903678085,0.3536589590367811,0.35365895903678096,0.002068904910365169,"3037.TW,6669.TW,1590.TW",2024,123,3
2024-08-19,-0.01403967581930268,-0.016449026998212934,-0.030335943222290607,-0.013364758447671248,0.41771954943528156,0.41771954943528156,0.41771954943528156,0.0024436593641963974,"3037.TW,6669.TW,1590.TW,3711.TW,2327.TW",2024,123,5
2024-08-19,-0.019004279621612045,-0.021946512553356334,-0.030335943222290607,-0.013364758447671248,0.5126890870677696,0.5126890870677696,0.5126890870677696,0.0029992311593464525,"3037.TW,6669.TW,1590.TW,3711.TW,2327.TW,2382.TW,2317.TW,2002.TW,1102.TW,2357.TW",2024,123,10
2024-08-19,-0.016561151549827242,-0.019324384880614498,-0.030335943222290607,-0.013364758447671248,0.48030193098100527,0.48030193098100527,0.48030193098100527,0.0028097662962388806,"3037.TW,6669.TW,1590.TW,3711.TW,2327.TW,2382.TW,2317.TW,2002.TW,1102.TW,2357.TW,1301.TW,1326.TW,2882.TW,4904.TW,1303.TW",2024,123,15
2024-08-22,0.02338118640980702,0.018537558968624523,0.008379984426510223,0.008935153554091973,0.8090538635666242,0.8090538635666241,0.8090538635666242,0.0047329651018647514,"2408.TW,6669.TW,3017.TW,2357.TW,2891.TW",2024,123,5
2024-08-22,0.015963855942937734,0.011898152372562976,0.008379984426510223,0.008935153554091973,0.6840716421618029,0.6840716421618029,0.6840716421618029,0.004001819106646548,"2408.TW,6669.TW,3017.TW",2024,123,3
2024-08-22,0.019234533127296796,0.01557836039151872,0.008379984426510223,0.008935153554091973,0.6131923243643059,0.6131923243643058,0.6131923243643058,0.003587175097531189,"2408.TW,6669.TW,3017.TW,2357.TW,2891.TW,3231.TW,3711.TW,2317.TW,2883.TW,5871.TW",2024,123,10
2024-08-22,0.016577462467575355,0.013542040756934881,0.008379984426510223,0.008935153554091973,0.5104141349277068,0.5104141349277067,0.5104141349277067,0.0029859226893270844,"2408.TW,6669.TW,3017.TW,2357.TW,2891.TW,3231.TW,3711.TW,2317.TW,2883.TW,5871.TW,2881.TW,2382.TW,2308.TW,2327.TW,2882.TW,2330.TW,2412.TW,4904.TW,2345.TW,2303.TW",2024,123,20
2024-08-22,0.02184620997551616,0.018587646762030285,0.008379984426510223,0.008935153554091973,0.5451107488532619,0.545110748853262,0.545110748853262,0.0031888978807915833,"2408.TW,6669.TW,3017.TW,2357.TW,2891.TW,3231.TW,3711.TW,2317.TW,2883.TW,5871.TW,2881.TW,2382.TW,2308.TW,2327.TW,2882.TW",2024,123,15
2024-08-27,0.01889239405867146,0.015310623493269615,0.00775617579990362,0.004424553599511511,0.6009157358407022,0.6009157358407023,0.6009157358407022,0.003515357054668109,"6669.TW,2603.TW,2379.TW,2303.TW,3017.TW,2609.TW,2615.TW,3231.TW,2454.TW,2317.TW",2024,123,10
2024-08-27,0.013539643318429382,0.00958683870948751,0.00775617579990362,0.004424553599511511,0.6666666666666666,0.6666666666666667,0.6666666666666667,0.0039000000000000003,"6669.TW,2603.TW,2379.TW",2024,123,3
2024-08-27,0.01305214101666032,0.01005626315618402,0.00775617579990362,0.004424553599511511,0.5055177841801629,0.5055177841801631,0.505517784180163,0.002957279037453954,"6669.TW,2603.TW,2379.TW,2303.TW,3017.TW,2609.TW,2615.TW,3231.TW,2454.TW,2317.TW,3037.TW,2408.TW,2382.TW,2883.TW,3711.TW,3008.TW,5876.TW,2330.TW,2880.TW,3034.TW",2024,123,20
2024-08-27,0.008427584096282834,0.004888003276104946,0.00775617579990362,0.004424553599511511,0.6000000000000001,0.6000000000000001,0.6000000000000001,0.003510000000000001,"6669.TW,2603.TW,2379.TW,2303.TW,3017.TW",2024,123,5
2024-08-27,0.0156348626133754,0.012827945036899546,0.00775617579990362,0.004424553599511511,0.4724286138653272,0.47242861386532703,0.4724286138653271,0.0027637073911121633,"6669.TW,2603.TW,2379.TW,2303.TW,3017.TW,2609.TW,2615.TW,3231.TW,2454.TW,2317.TW,3037.TW,2408.TW,2382.TW,2883.TW,3711.TW",2024,123,15
2024-08-30,-0.05507273801593327,-0.05949955146018182,-0.04975246058115801,-0.04593176454737376,0.8008238065766196,0.8008238065766197,0.8008238065766196,0.004684819268473225,"6669.TW,2454.TW,2887.TW,2408.TW,2357.TW,2382.TW,3034.TW,2886.TW,5880.TW,3008.TW",2024,123,10
2024-08-30,-0.077508430803738,-0.08111154509008933,-0.04975246058115801,-0.04593176454737376,0.6676667761446191,0.6676667761446191,0.6676667761446191,0.003905850640446022,"6669.TW,2454.TW,2887.TW",2024,123,3
2024-08-30,-0.05573285231119075,-0.05908689732297523,-0.04975246058115801,-0.04593176454737376,0.6071809540962758,0.6071809540962759,0.6071809540962758,0.003552008581463214,"6669.TW,2454.TW,2887.TW,2408.TW,2357.TW,2382.TW,3034.TW,2886.TW,5880.TW,3008.TW,2912.TW,3037.TW,2412.TW,1102.TW,3017.TW",2024,123,15
2024-08-30,-0.050188629692445114,-0.052732128849044324,-0.04975246058115801,-0.04593176454737376,0.45776055562956663,0.4577605556295666,0.45776055562956663,0.002677899250432965,"6669.TW,2454.TW,2887.TW,2408.TW,2357.TW,2382.TW,3034.TW,2886.TW,5880.TW,3008.TW,2912.TW,3037.TW,2412.TW,1102.TW,3017.TW,5876.TW,2379.TW,2880.TW,1216.TW,2002.TW",2024,123,20
2024-08-30,-0.07124630656794353,-0.07559287385320557,-0.04975246058115801,-0.04593176454737376,0.8,0.7999999999999998,0.7999999999999999,0.004679999999999999,"6669.TW,2454.TW,2887.TW,2408.TW,2357.TW",2024,123,5
2024-09-04,-0.0099978510686025,-0.01319680777814003,0.0031817963379581204,-0.0048849752396813665,0.552352545243269,0.5523525452432689,0.5523525452432689,0.0032312623896731236,"3017.TW,3008.TW,2357.TW,3045.TW,3037.TW,2327.TW,6669.TW,1303.TW,2382.TW,2454.TW,2207.TW,2881.TW,1590.TW,1326.TW,4904.TW",2024,123,15
2024-09-04,0.001264592348349792,-0.003421325943840481,0.0031817963379581204,-0.0048849752396813665,0.8,0.8,0.8,0.00468,"3017.TW,3008.TW,2357.TW,3045.TW,3037.TW",2024,123,5
2024-09-04,-0.008023568183341117,-0.011887475623033161,0.0031817963379581204,-0.0048849752396813665,0.6658394061120338,0.6658394061120336,0.6658394061120337,0.003895160525755397,"3017.TW,3008.TW,2357.TW,3045.TW,3037.TW,2327.TW,6669.TW,1303.TW,2382.TW,2454.TW,2207.TW,2881.TW,1590.TW,1326.TW,4904.TW,2395.TW,2308.TW,3231.TW,2345.TW,2330.TW",2024,123,20
2024-09-04,-0.006813094929674956,-0.009791139860638953,0.0031817963379581204,-0.0048849752396813665,0.5125596269621092,0.5125596269621092,0.5125596269621092,0.0029984738177283392,"3017.TW,3008.TW,2357.TW,3045.TW,3037.TW,2327.TW,6669.TW,1303.TW,2382.TW,2454.TW",2024,123,10
2024-09-04,-0.0015299333185267265,-0.007370983208613291,0.0031817963379581204,-0.0048849752396813665,1.0,1.0,1.0,0.00585,"3017.TW,3008.TW,2357.TW",2024,123,3
2024-09-09,0.007992585720693687,0.0020958290942276747,0.03229530809879777,0.01421018316575426,1.0,1.0,1.0,0.00585,"2881.TW,1102.TW,1590.TW",2024,123,3
2024-09-09,0.0068579766632398415,0.00205753509980644,0.03229530809879777,0.01421018316575426,0.8149990569286545,0.8149990569286545,0.8149990569286545,0.004767744483032629,"2881.TW,1102.TW,1590.TW,2327.TW,3008.TW",2024,123,5
2024-09-09,0.020442404675385203,0.018289670886084464,0.03229530809879777,0.01421018316575426,0.36061680722572254,0.36061680722572265,0.3606168072257226,0.0021096083222704775,"2881.TW,1102.TW,1590.TW,2327.TW,3008.TW,2454.TW,6669.TW,2882.TW,2912.TW,2395.TW,2382.TW,2885.TW,1326.TW,2308.TW,4904.TW,2615.TW,2618.TW,1216.TW,3045.TW,3037.TW",2024,123,20
2024-09-09,0.018443479187485658,0.015991604954564087,0.03229530809879777,0.01421018316575426,0.4115336874990921,0.41153368749909214,0.41153368749909214,0.002407472071869689,"2881.TW,1102.TW,1590.TW,2327.TW,3008.TW,2454.TW,6669.TW,2882.TW,2912.TW,2395.TW,2382.TW,2885.TW,1326.TW,2308.TW,4904.TW",2024,123,15
2024-09-09,0.017370950445888312,0.013744511249569769,0.03229530809879777,0.01421018316575426,0.6093196742556274,0.6093196742556275,0.6093196742556275,0.003564520094395421,"2881.TW,1102.TW,1590.TW,2327.TW,3008.TW,2454.TW,6669.TW,2882.TW,2912.TW,2395.TW",2024,123,10
2024-09-12,0.001108743720609295,-0.002434200618977922,-0.0055865498454148454,0.0010311673010443667,0.6049607645915778,0.6049607645915777,0.6049607645915778,0.0035390204728607297,"3008.TW,2345.TW,2912.TW,2327.TW,1326.TW",2024,123,5
2024-09-12,-0.018406326310735317,-0.024148649301817593,-0.0055865498454148454,0.0010311673010443667,1.0,1.0,1.0,0.00585,"3008.TW,2345.TW,2912.TW",2024,123,3
2024-09-12,0.007130605975908189,0.002985855265561943,-0.0055865498454148454,0.0010311673010443667,0.7034880984919009,0.703488098491901,0.703488098491901,0.00411540537617762,"3008.TW,2345.TW,2912.TW,2327.TW,1326.TW,1216.TW,5876.TW,3045.TW,2885.TW,2891.TW",2024,123,10
2024-09-12,0.012178618616180815,0.008893977145802978,-0.0055865498454148454,0.0010311673010443667,0.5547214336449628,0.5547214336449627,0.5547214336449628,0.003245120386823032,"3008.TW,2345.TW,2912.TW,2327.TW,1326.TW,1216.TW,5876.TW,3045.TW,2885.TW,2891.TW,2357.TW,1301.TW,5871.TW,2382.TW,3231.TW,2207.TW,5880.TW,2412.TW,2892.TW,2395.TW",2024,123,20
2024-09-12,0.0145735972907701,0.010986647056183907,-0.0055865498454148454,0.0010311673010443667,0.604346385408966,0.6043463854089661,0.6043463854089661,0.003535426354642452,"3008.TW,2345.TW,2912.TW,2327.TW,1326.TW,1216.TW,5876.TW,3045.TW,2885.TW,2891.TW,2357.TW,1301.TW,5871.TW,2382.TW,3231.TW",2024,123,15
2024-09-18,0.026481153266236936,0.022228619125338467,0.029213435450929026,0.024413870775123043,0.7081756062067345,0.7081756062067345,0.7081756062067345,0.004142827296309397,"3034.TW,3008.TW,2345.TW,3037.TW,6669.TW,2317.TW,2379.TW,3017.TW,2887.TW,2408.TW,2308.TW,2382.TW,2327.TW,2303.TW,3045.TW,2454.TW,1102.TW,1590.TW,2395.TW,3711.TW",2024,123,20
2024-09-18,0.024395343554270685,0.020339308708185344,0.029213435450929026,0.024413870775123043,0.6768278421917874,0.6768278421917874,0.6768278421917874,0.003959442876821957,"3034.TW,3008.TW,2345.TW,3037.TW,6669.TW,2317.TW,2379.TW,3017.TW,2887.TW,2408.TW,2308.TW,2382.TW,2327.TW,2303.TW,3045.TW",2024,123,15
2024-09-18,0.04645937584241425,0.0442997870706332,0.029213435450929026,0.024413870775123043,0.3527709554052824,0.3527709554052826,0.35277095540528247,0.002063710089120903,"3034.TW,3008.TW,2345.TW",2024,123,3
2024-09-18,0.038028865620824304,0.03429226954628661,0.029213435450929026,0.024413870775123043,0.6153339207323776,0.6153339207323774,0.6153339207323775,0.003599703436284408,"3034.TW,3008.TW,2345.TW,3037.TW,6669.TW",2024,123,5
2024-09-18,0.02907157598921234,0.024206041824685887,0.029213435450929026,0.024413870775123043,0.8082190405462454,0.8082190405462457,0.8082190405462455,0.004728081387195537,"3034.TW,3008.TW,2345.TW,3037.TW,6669.TW,2317.TW,2379.TW,3017.TW,2887.TW,2408.TW",2024,123,10
2024-09-23,0.01818290943488992,0.014585473405957616,0.03820958507041672,0.037698735230638034,0.6039644979636719,0.6039644979636719,0.6039644979636719,0.0035331923130874805,"6669.TW,1102.TW,2887.TW,2412.TW,3045.TW,2379.TW,2886.TW,2892.TW,3231.TW,3034.TW",2024,123,10
2024-09-23,0.017079026511151504,0.013883574212341099,0.03820958507041672,0.037698735230638034,0.5370587220380686,0.5370587220380688,0.5370587220380687,0.003141793523922702,"6669.TW,1102.TW,2887.TW,2412.TW,3045.TW,2379.TW,2886.TW,2892.TW,3231.TW,3034.TW,3008.TW,2303.TW,4904.TW,2884.TW,1326.TW",2024,123,15
2024-09-23,0.022281967597939836,0.016301618087491754,0.03820958507041672,0.037698735230638034,1.0,1.0,1.0,0.00585,"6669.TW,1102.TW,2887.TW",2024,123,3
2024-09-23,0.013309122771542415,0.008549657973520919,0.03820958507041672,0.037698735230638034,0.8028978599662413,0.8028978599662413,0.8028978599662413,0.004696952480802511,"6669.TW,1102.TW,2887.TW,2412.TW,3045.TW",2024,123,5
2024-09-23,0.02095617090321868,0.017346800448186928,0.03820958507041672,0.037698735230638034,0.604322124840781,0.6043221248407808,0.6043221248407808,0.003535284430318568,"6669.TW,1102.TW,2887.TW,2412.TW,3045.TW,2379.TW,2886.TW,2892.TW,3231.TW,3034.TW,3008.TW,2303.TW,4904.TW,2884.TW,1326.TW,2618.TW,2912.TW,1216.TW,5871.TW,5876.TW",2024,123,20
2024-09-26,-0.027316593505512785,-0.030475861629846945,-0.032597293891448054,-0.03045084652113161,0.5552123431053713,0.5552123431053713,0.5552123431053713,0.003247992207166422,"3008.TW,3037.TW,2408.TW,2412.TW,2603.TW,2345.TW,1102.TW,4904.TW,3045.TW,5880.TW,2912.TW,5871.TW,2884.TW,2880.TW,2886.TW,2883.TW,2308.TW,2357.TW,2881.TW,2885.TW",2024,123,20
2024-09-26,-0.024765763619575422,-0.027837646326641985,-0.032597293891448054,-0.03045084652113161,0.5384431098348774,0.5384431098348774,0.5384431098348774,0.0031498921925340326,"3008.TW,3037.TW,2408.TW,2412.TW,2603.TW,2345.TW,1102.TW,4904.TW,3045.TW,5880.TW,2912.TW,5871.TW,2884.TW,2880.TW,2886.TW",2024,123,15
2024-09-26,-0.02080483223902559,-0.026533123970427397,-0.032597293891448054,-0.03045084652113161,1.0,1.0,1.0,0.00585,"3008.TW,3037.TW,2408.TW",2024,123,3
2024-09-26,-0.02804187318405739,-0.032042517586476915,-0.032597293891448054,-0.03045084652113161,0.7036011317285061,0.703601131728506,0.703601131728506,0.004116066620611761,"3008.TW,3037.TW,2408.TW,2412.TW,2603.TW,2345.TW,1102.TW,4904.TW,3045.TW,5880.TW",2024,123,10
2024-09-26,-0.040461153187354396,-0.04496217849779893,-0.032597293891448054,-0.03045084652113161,0.8018498037147623,0.8018498037147623,0.8018498037147623,0.00469082135173136,"3008.TW,3037.TW,2408.TW,2412.TW,2603.TW",2024,123,5
2024-10-01,0.007361426618937938,0.0031717509404141087,0.027173977678962125,0.0036201913624641533,0.7109502684399167,0.7109502684399168,0.7109502684399167,0.004159059070373513,"2345.TW,2330.TW,2603.TW,2881.TW,2408.TW,3711.TW,6669.TW,2207.TW,3231.TW,9910.TW",2024,123,10
2024-10-01,0.031916269731369885,0.025879559553441345,0.027173977678962125,0.0036201913624641533,1.0,1.0,1.0,0.00585,"2345.TW,2330.TW,2603.TW",2024,123,3
2024-10-01,0.006765682975507132,0.0023998506673401643,0.027173977678962125,0.0036201913624641533,0.7412808498284389,0.7412808498284391,0.741280849828439,0.0043364929714963685,"2345.TW,2330.TW,2603.TW,2881.TW,2408.TW,3711.TW,6669.TW,2207.TW,3231.TW,9910.TW,2327.TW,2609.TW,4904.TW,2395.TW,2454.TW",2024,123,15
2024-10-01,0.005192060798395936,0.0016120640536405606,0.027173977678962125,0.0036201913624641533,0.6088043065398694,0.6088043065398693,0.6088043065398694,0.0035615051932582358,"2345.TW,2330.TW,2603.TW,2881.TW,2408.TW,3711.TW,6669.TW,2207.TW,3231.TW,9910.TW,2327.TW,2609.TW,4904.TW,2395.TW,2454.TW,2317.TW,3037.TW,3045.TW,2308.TW,2615.TW",2024,123,20
2024-10-01,0.0165257322880263,0.012868509868822375,0.027173977678962125,0.0036201913624641533,0.6150028529999013,0.6150028529999012,0.6150028529999012,0.003597766690049422,"2345.TW,2330.TW,2603.TW,2881.TW,2408.TW",2024,123,5
2024-10-08,-0.015652535018573478,-0.021410967688714866,0.021163996841307764,0.005739751878185289,1.0,0.9999999999999999,1.0,0.005849999999999999,"2609.TW,9910.TW,1301.TW",2024,123,3
2024-10-08,0.008063090005171332,0.005642808798326238,0.021163996841307764,0.005739751878185289,0.4104140775744868,0.4104140775744868,0.4104140775744868,0.002400922353810748,"2609.TW,9910.TW,1301.TW,2207.TW,3037.TW,1326.TW,2615.TW,2603.TW,6669.TW,2408.TW,2454.TW,1303.TW,3017.TW,2382.TW,3008.TW,2395.TW,2327.TW,5871.TW,2308.TW,2379.TW",2024,123,20
2024-10-08,-0.0006846356396675857,-0.006530630521175529,0.021163996841307764,0.005739751878185289,1.0,1.0,1.0,0.00585,"2609.TW,9910.TW,1301.TW,2207.TW,3037.TW",2024,123,5
2024-10-08,0.0018566862020547132,-0.0011439137297082347,0.021163996841307764,0.005739751878185289,0.5119724929950514,0.5119724929950513,0.5119724929950513,0.0029950390840210502,"2609.TW,9910.TW,1301.TW,2207.TW,3037.TW,1326.TW,2615.TW,2603.TW,6669.TW,2408.TW",2024,123,10
2024-10-08,0.009752971374188135,0.006552806549634305,0.021163996841307764,0.005739751878185289,0.5417530204456746,0.5417530204456745,0.5417530204456746,0.0031692551696071965,"2609.TW,9910.TW,1301.TW,2207.TW,3037.TW,1326.TW,2615.TW,2603.TW,6669.TW,2408.TW,2454.TW,1303.TW,3017.TW,2382.TW,3008.TW",2024,123,15
2024-10-14,0.013339810068258264,0.009115394056563586,0.03264253737327949,0.015288200395625779,0.71261623000169,0.71261623000169,0.71261623000169,0.004168804945509887,"1326.TW,2615.TW,2887.TW,9910.TW,2002.TW,1102.TW,1303.TW,5876.TW,4904.TW,2884.TW",2024,123,10
2024-10-14,0.0220824943341779,0.016103311742323045,0.03264253737327949,0.015288200395625779,1.0,1.0000000000000002,1.0,0.005850000000000001,"1326.TW,2615.TW,2887.TW",2024,123,3
2024-10-14,0.01574950560440618,0.010963577664299562,0.03264253737327949,0.015288200395625779,0.8054223365851918,0.8054223365851918,0.8054223365851918,0.004711720669023372,"1326.TW,2615.TW,2887.TW,9910.TW,2002.TW",2024,123,5
2024-10-14,0.012905775405704702,0.008483082234227446,0.03264253737327949,0.015288200395625779,0.7463832718748443,0.746383271874844,0.7463832718748442,0.0043663421404678375,"1326.TW,2615.TW,2887.TW,9910.TW,2002.TW,1102.TW,1303.TW,5876.TW,4904.TW,2884.TW,2881.TW,1101.TW,2885.TW,5880.TW,2892.TW",2024,123,15
2024-10-14,0.009944762578113059,0.005745607927344354,0.03264253737327949,0.015288200395625779,0.7107361119178895,0.7107361119178893,0.7107361119178894,0.004157806254719653,"1326.TW,2615.TW,2887.TW,9910.TW,2002.TW,1102.TW,1303.TW,5876.TW,4904.TW,2884.TW,2881.TW,1101.TW,2885.TW,5880.TW,2892.TW,2408.TW,3008.TW,2886.TW,2882.TW,2880.TW",2024,123,20
2024-10-17,-0.012902206889498571,-0.018105873478988066,-0.013045705642530936,-0.001177667777587461,0.901142381769463,0.9011423817694634,0.9011423817694633,0.00527168293335136,"2379.TW,2330.TW,1301.TW,2884.TW,2454.TW,2303.TW,2327.TW,2412.TW,1590.TW,2892.TW",2024,123,10
2024-10-17,-0.020806126174639207,-0.0265344103365176,-0.013045705642530936,-0.001177667777587461,1.0,1.0,1.0,0.00585,"2379.TW,2330.TW,1301.TW",2024,123,3
2024-10-17,-0.010294669547384117,-0.013776155956989111,-0.013045705642530936,-0.001177667777587461,0.6013162339052903,0.6013162339052903,0.6013162339052903,0.0035176999683459486,"2379.TW,2330.TW,1301.TW,2884.TW,2454.TW,2303.TW,2327.TW,2412.TW,1590.TW,2892.TW,2880.TW,2912.TW,3231.TW,5876.TW,6669.TW,2408.TW,2887.TW,3711.TW,1326.TW,5880.TW",2024,123,20
2024-10-17,-0.01732114984602493,-0.023069821119425682,-0.013045705642530936,-0.001177667777587461,1.0,0.9999999999999999,1.0,0.005849999999999999,"2379.TW,2330.TW,1301.TW,2884.TW,2454.TW",2024,123,5
2024-10-17,-0.006866307354805017,-0.011519600614333214,-0.013045705642530936,-0.001177667777587461,0.8009342056454352,0.8009342056454354,0.8009342056454353,0.004685465103025797,"2379.TW,2330.TW,1301.TW,2884.TW,2454.TW,2303.TW,2327.TW,2412.TW,1590.TW,2892.TW,2880.TW,2912.TW,3231.TW,5876.TW,6669.TW",2024,123,15
2024-10-22,0.0005072265485089506,-0.0034350379685506027,0.00610073582220072,0.0006383465801887622,0.6735497281336759,0.673549728133676,0.673549728133676,0.003940265909582004,"3008.TW,1301.TW,1303.TW",2024,123,3
2024-10-22,-0.00038988598322593505,-0.003049739260592932,0.00610073582220072,0.0006383465801887622,0.45485311476274937,0.45485311476274937,0.45485311476274937,0.0026608907213620837,"3008.TW,1301.TW,1303.TW,1326.TW,1590.TW,2408.TW,2395.TW,2303.TW,2327.TW,2883.TW,2884.TW,1101.TW,2886.TW,1216.TW,2912.TW,2330.TW,2412.TW,2454.TW,2002.TW,3034.TW",2024,123,20
2024-10-22,0.002092461120819111,-0.0026256138121532047,0.00610073582220072,0.0006383465801887622,0.8048244716348332,0.804824471634833,0.8048244716348331,0.0047082231590637735,"3008.TW,1301.TW,1303.TW,1326.TW,1590.TW",2024,123,5
2024-10-22,-0.0027185198754514084,-0.006239961383555093,0.00610073582220072,0.0006383465801887622,0.6035967029848853,0.6035967029848853,0.6035967029848853,0.0035310407124615794,"3008.TW,1301.TW,1303.TW,1326.TW,1590.TW,2408.TW,2395.TW,2303.TW,2327.TW,2883.TW",2024,123,10
2024-10-22,-0.003332022800896609,-0.006855689656584452,0.00610073582220072,0.0006383465801887622,0.6043499223685448,0.6043499223685449,0.6043499223685449,0.003535447045855988,"3008.TW,1301.TW,1303.TW,1326.TW,1590.TW,2408.TW,2395.TW,2303.TW,2327.TW,2883.TW,2884.TW,1101.TW,2886.TW,1216.TW,2912.TW",2024,123,15
2024-10-25,-0.07002061354434852,-0.0754609929551141,-0.059373502804668465,-0.044654693893001536,1.0,1.0,1.0,0.00585,"3017.TW,2382.TW,6669.TW,3231.TW,3034.TW",2024,123,5
2024-10-25,-0.0509730182091272,-0.053486457126901255,-0.059373502804668465,-0.044654693893001536,0.4527244077309509,0.45272440773095085,0.4527244077309509,0.0026484377852260626,"3017.TW,2382.TW,6669.TW,3231.TW,3034.TW,2408.TW,2884.TW,2454.TW,2330.TW,2880.TW,2615.TW,2395.TW,2883.TW,5871.TW,2357.TW,3008.TW,1326.TW,2891.TW,1303.TW,1216.TW",2024,123,20
2024-10-25,-0.07774088245605482,-0.08313609829368696,-0.059373502804668465,-0.044654693893001536,1.0,1.0,1.0,0.00585,"3017.TW,2382.TW,6669.TW",2024,123,3
2024-10-25,-0.061313786717749626,-0.06626319314945928,-0.059373502804668465,-0.044654693893001536,0.9013154444129686,0.9013154444129688,0.9013154444129687,0.005272695349815867,"3017.TW,2382.TW,6669.TW,3231.TW,3034.TW,2408.TW,2884.TW,2454.TW,2330.TW,2880.TW",2024,123,10
2024-10-25,-0.056625139771774254,-0.060683503931421745,-0.059373502804668465,-0.044654693893001536,0.7353783659443457,0.7353783659443458,0.7353783659443458,0.004301963440774423,"3017.TW,2382.TW,6669.TW,3231.TW,3034.TW,2408.TW,2884.TW,2454.TW,2330.TW,2880.TW,2615.TW,2395.TW,2883.TW,5871.TW,2357.TW",2024,123,15
2024-10-30,0.07757539482458072,0.07503150363151856,0.04243897302502142,0.03706491601408874,0.40354781436527004,0.40354781436527,0.40354781436527,0.0023607547140368293,"2382.TW,6669.TW,3231.TW,2330.TW,2609.TW",2024,123,5
2024-10-30,0.058353391541182034,0.05520354355670598,0.04243897302502142,0.03706491601408874,0.5087483606187612,0.5087483606187612,0.5087483606187612,0.0029761779096197528,"2382.TW,6669.TW,3231.TW,2330.TW,2609.TW,2615.TW,2327.TW,2317.TW,1590.TW,2357.TW,3711.TW,2454.TW,3037.TW,2603.TW,2345.TW,2885.TW,2881.TW,3008.TW,2891.TW,3034.TW",2024,123,20
2024-10-30,0.09131950922819643,0.08918668350554171,0.04243897302502142,0.03706491601408874,0.3340777751458298,0.33407777514582987,0.3340777751458298,0.0019543549846031045,"2382.TW,6669.TW,3231.TW",2024,123,3
2024-10-30,0.06462903765015142,0.06085583586546206,0.04243897302502142,0.03706491601408874,0.6058370899690968,0.6058370899690968,0.6058370899690968,0.0035441469763192166,"2382.TW,6669.TW,3231.TW,2330.TW,2609.TW,2615.TW,2327.TW,2317.TW,1590.TW,2357.TW",2024,123,10
2024-10-30,0.06165253364675352,0.058289638559732904,0.04243897302502142,0.03706491601408874,0.5414708134821958,0.541470813482196,0.541470813482196,0.0031676042588708463,"2382.TW,6669.TW,3231.TW,2330.TW,2609.TW,2615.TW,2327.TW,2317.TW,1590.TW,2357.TW,3711.TW,2454.TW,3037.TW,2603.TW,2345.TW",2024,123,15
2024-11-05,0.016822618974651666,0.014402830321516014,0.024735889841399628,0.009798986466659157,0.4067957166641461,0.4067957166641463,0.4067957166641462,0.0023797549424852556,"3711.TW,6669.TW,3037.TW,2327.TW,2408.TW,2303.TW,2609.TW,2454.TW,3034.TW,2615.TW,5876.TW,2308.TW,2912.TW,3008.TW,2345.TW,2379.TW,1326.TW,2382.TW,5871.TW,3231.TW",2024,123,20
2024-11-05,0.024697539768864508,0.02106781548991621,0.024735889841399628,0.009798986466659157,0.6055110553393707,0.6055110553393708,0.6055110553393708,0.003542239673735319,"3711.TW,6669.TW,3037.TW,2327.TW,2408.TW,2303.TW,2609.TW,2454.TW,3034.TW,2615.TW",2024,123,10
2024-11-05,0.03758431323623497,0.03271124427093541,0.024735889841399628,0.009798986466659157,0.8028294484651778,0.8028294484651778,0.8028294484651778,0.00469655227352129,"3711.TW,6669.TW,3037.TW,2327.TW,2408.TW",2024,123,5
2024-11-05,0.017125725731480284,0.014319341296828325,0.024735889841399628,0.009798986466659157,0.47164654560106484,0.471646545601065,0.4716465456010649,0.00275913229176623,"3711.TW,6669.TW,3037.TW,2327.TW,2408.TW,2303.TW,2609.TW,2454.TW,3034.TW,2615.TW,5876.TW,2308.TW,2912.TW,3008.TW,2345.TW",2024,123,15
2024-11-05,0.054167793025990355,0.050001934792268665,0.024735889841399628,0.009798986466659157,0.6755210349775309,0.6755210349775309,0.6755210349775309,0.003951798054618556,"3711.TW,6669.TW,3037.TW",2024,123,3
2024-11-08,-0.017643843343362622,-0.02111980300998295,-0.03293942602297306,-0.0179431289332879,0.6048530724492598,0.6048530724492598,0.6048530724492598,0.0035383904738281696,"2408.TW,2615.TW,3037.TW,2345.TW,3008.TW",2024,123,5
2024-11-08,-0.026598543607092868,-0.02966167626985905,-0.03293942602297306,-0.0179431289332879,0.537920318021723,0.5379203180217227,0.5379203180217229,0.0031468338604270785,"2408.TW,2615.TW,3037.TW,2345.TW,3008.TW,2609.TW,1326.TW,2002.TW,1216.TW,1102.TW,1590.TW,2891.TW,4904.TW,2882.TW,2912.TW",2024,123,15
2024-11-08,-0.025957620569524734,-0.029394550495300598,-0.03293942602297306,-0.0179431289332879,0.6031661470058641,0.6031661470058642,0.6031661470058642,0.0035285219599843058,"2408.TW,2615.TW,3037.TW,2345.TW,3008.TW,2609.TW,1326.TW,2002.TW,1216.TW,1102.TW",2024,123,10
2024-11-08,-0.04930252416751316,-0.05301024432325985,-0.03293942602297306,-0.0179431289332879,0.6666666666666666,0.6666666666666667,0.6666666666666667,0.0039000000000000003,"2408.TW,2615.TW,3037.TW",2024,123,3
2024-11-08,-0.019510854962540663,-0.022412011140958477,-0.03293942602297306,-0.0179431289332879,0.5057925787071565,0.5057925787071567,0.5057925787071567,0.002958886585436866,"2408.TW,2615.TW,3037.TW,2345.TW,3008.TW,2609.TW,1326.TW,2002.TW,1216.TW,1102.TW,1590.TW,2891.TW,4904.TW,2882.TW,2912.TW,2892.TW,2618.TW,2303.TW,2395.TW,3034.TW",2024,123,20
2024-11-13,-0.021793843126943303,-0.026401147005893577,-0.0083204064886776,-0.0031878808291399083,0.8051199709871151,0.8051199709871153,0.8051199709871152,0.004709951830274625,"5871.TW,1590.TW,2317.TW,3037.TW,2395.TW,2882.TW,3017.TW,2330.TW,2408.TW,2891.TW",2024,123,10
2024-11-13,-0.006910032650820302,-0.009882353232949281,-0.0083204064886776,-0.0031878808291399083,0.5116243292179586,0.5116243292179586,0.5116243292179586,0.0029930023259250585,"5871.TW,1590.TW,2317.TW,3037.TW,2395.TW,2882.TW,3017.TW,2330.TW,2408.TW,2891.TW,2357.TW,2615.TW,1326.TW,2883.TW,2609.TW,9910.TW,2002.TW,2454.TW,2881.TW,1303.TW",2024,123,20
2024-11-13,-0.03446627686701729,-0.039004225191022535,-0.0083204064886776,-0.0031878808291399083,0.8034081499567489,0.8034081499567487,0.8034081499567488,0.00469993767724698,"5871.TW,1590.TW,2317.TW,3037.TW,2395.TW",2024,123,5
2024-11-13,-0.04157824210369432,-0.04718500938738768,-0.0083204064886776,-0.0031878808291399083,1.0,1.0000000000000002,1.0,0.005850000000000001,"5871.TW,1590.TW,2317.TW",2024,123,3
2024-11-13,-0.00980674437141834,-0.012576740179393142,-0.0083204064886776,-0.0031878808291399083,0.4781930741572056,0.47819307415720547,0.4781930741572055,0.002797429483819652,"5871.TW,1590.TW,2317.TW,3037.TW,2395.TW,2882.TW,3017.TW,2330.TW,2408.TW,2891.TW,2357.TW,2615.TW,1326.TW,2883.TW,2609.TW",2024,123,15
2024-11-18,-0.0012432055186448743,-0.007085932766360825,0.002097633087884354,0.004501873735093567,1.0,1.0,1.0,0.00585,"2357.TW,3231.TW,6669.TW",2024,123,3
2024-11-18,0.012801857247539395,0.010089713334847872,0.002097633087884354,0.004501873735093567,0.45775423961975803,0.45775423961975803,0.45775423961975803,0.0026778623017755846,"2357.TW,3231.TW,6669.TW,2317.TW,3037.TW,2382.TW,2891.TW,2609.TW,3017.TW,3711.TW,2330.TW,2454.TW,3045.TW,2885.TW,1590.TW,2603.TW,2881.TW,2883.TW,2345.TW,1102.TW",2024,123,20
2024-11-18,0.012138546268121081,0.009318630726642185,0.002097633087884354,0.004501873735093567,0.47625579173385757,0.4762557917338578,0.4762557917338577,0.002786096381643068,"2357.TW,3231.TW,6669.TW,2317.TW,3037.TW,2382.TW,2891.TW,2609.TW,3017.TW,3711.TW,2330.TW,2454.TW,3045.TW,2885.TW,1590.TW",2024,123,15
2024-11-18,0.013240593259235836,0.009633165583425862,0.002097633087884354,0.004501873735093567,0.6085961297441866,0.6085961297441865,0.6085961297441866,0.0035602873590034915,"2357.TW,3231.TW,6669.TW,2317.TW,3037.TW,2382.TW,2891.TW,2609.TW,3017.TW,3711.TW",2024,123,10
2024-11-18,0.002461916779717122,-0.001092032666622833,0.002097633087884354,0.004501873735093567,0.6060207532088819,0.6060207532088818,0.6060207532088819,0.003545221406271959,"2357.TW,3231.TW,6669.TW,2317.TW,3037.TW",2024,123,5
2024-11-21,-0.007789476302092347,-0.011287191189018553,-0.010204130639871134,-0.003821403089884585,0.602593871351823,0.6025938713518227,0.6025938713518229,0.003525174147408163,"2357.TW,6669.TW,2618.TW,3017.TW,1301.TW",2024,123,5
2024-11-21,-0.0048076612154222724,-0.006761565449464713,-0.010204130639871134,-0.003821403089884585,0.33561424334902784,0.33561424334902784,0.33561424334902784,0.001963343323591813,"2357.TW,6669.TW,2618.TW",2024,123,3
2024-11-21,-0.00150212632562482,-0.005610897766377576,-0.010204130639871134,-0.003821403089884585,0.7034107041728378,0.7034107041728377,0.7034107041728377,0.004114952619411101,"2357.TW,6669.TW,2618.TW,3017.TW,1301.TW,5876.TW,2881.TW,2330.TW,1101.TW,3008.TW",2024,123,10
2024-11-21,-0.002310425105669728,-0.005546383796065535,-0.010204130639871134,-0.003821403089884585,0.5544363152738959,0.5544363152738958,0.5544363152738958,0.003243452444352291,"2357.TW,6669.TW,2618.TW,3017.TW,1301.TW,5876.TW,2881.TW,2330.TW,1101.TW,3008.TW,2886.TW,2379.TW,3711.TW,2308.TW,2891.TW,2317.TW,2882.TW,3045.TW,2207.TW,1326.TW",2024,123,20
2024-11-21,-0.0034447258013459384,-0.006968592888434655,-0.010204130639871134,-0.003821403089884585,0.6044526157585883,0.6044526157585883,0.6044526157585883,0.003536047802187742,"2357.TW,6669.TW,2618.TW,3017.TW,1301.TW,5876.TW,2881.TW,2330.TW,1101.TW,3008.TW,2886.TW,2379.TW,3711.TW,2308.TW,2891.TW",2024,123,15
2024-11-26,-0.011254012826973275,-0.014463793713464068,-0.003436383919048769,-0.01455494005351742,0.554925633615971,0.5549256336159712,0.5549256336159711,0.0032463149566534315,"2609.TW,2603.TW,2885.TW,3017.TW,2317.TW,1101.TW,2887.TW,2379.TW,2886.TW,2345.TW,1590.TW,5876.TW,1326.TW,2892.TW,2382.TW,2408.TW,2454.TW,2891.TW,2618.TW,2615.TW",2024,123,20
2024-11-26,-0.007486817183069124,-0.011384775194498764,-0.003436383919048769,-0.01455494005351742,0.6713438373687742,0.6713438373687743,0.6713438373687743,0.00392736144860733,"2609.TW,2603.TW,2885.TW,3017.TW,2317.TW,1101.TW,2887.TW,2379.TW,2886.TW,2345.TW,1590.TW,5876.TW,1326.TW,2892.TW,2382.TW",2024,123,15
2024-11-26,-0.016723550912404444,-0.022475718139566836,-0.003436383919048769,-0.01455494005351742,1.0,1.0,1.0,0.00585,"2609.TW,2603.TW,2885.TW",2024,123,3
2024-11-26,-0.008228330690286912,-0.012878618980831646,-0.003436383919048769,-0.01455494005351742,0.801516215783884,0.8015162157838842,0.8015162157838841,0.004688869862335722,"2609.TW,2603.TW,2885.TW,3017.TW,2317.TW,1101.TW,2887.TW,2379.TW,2886.TW,2345.TW",2024,123,10
2024-11-26,-0.012644522675541394,-0.017275652509434858,-0.003436383919048769,-0.01455494005351742,0.8017843052808873,0.8017843052808873,0.8017843052808873,0.004690438185893191,"2609.TW,2603.TW,2885.TW,3017.TW,2317.TW",2024,123,5
2024-11-29,0.0426163749631164,0.03832574498823105,0.03846141650228674,0.027872221411370326,0.7034620201259174,0.7034620201259174,0.7034620201259174,0.004115252817736617,"2395.TW,6669.TW,2891.TW,2603.TW,2615.TW,1101.TW,2609.TW,3231.TW,2618.TW,1301.TW",2024,123,10
2024-11-29,0.045336949291275686,0.04164993238621384,0.03846141650228674,0.027872221411370326,0.6029245406831573,0.6029245406831572,0.6029245406831572,0.0035271085629964695,"2395.TW,6669.TW,2891.TW,2603.TW,2615.TW,1101.TW,2609.TW,3231.TW,2618.TW,1301.TW,2885.TW,2883.TW,2892.TW,3017.TW,2454.TW",2024,123,15
2024-11-29,0.08086675186572459,0.07454368136731016,0.03846141650228674,0.027872221411370326,1.0,1.0,1.0,0.00585,"2395.TW,6669.TW,2891.TW",2024,123,3
2024-11-29,0.03732550396003835,0.035161883942756544,0.03846141650228674,0.027872221411370326,0.3565414849936854,0.35654148499368543,0.35654148499368543,0.0020857676872130596,"2395.TW,6669.TW,2891.TW,2603.TW,2615.TW,1101.TW,2609.TW,3231.TW,2618.TW,1301.TW,2885.TW,2883.TW,2892.TW,3017.TW,2454.TW,3008.TW,2886.TW,2408.TW,2308.TW,2887.TW",2024,123,20
2024-11-29,0.06195481744543754,0.056967371905583875,0.03846141650228674,0.027872221411370326,0.8028164467375852,0.8028164467375851,0.8028164467375851,0.004696476213414873,"2395.TW,6669.TW,2891.TW,2603.TW,2615.TW",2024,123,5
2024-12-04,-0.00366466465824556,-0.00797660845725856,1.0011157502987089e-07,0.0029124626842735248,0.7397955125568896,0.7397955125568897,0.7397955125568896,0.004327803748457804,"5871.TW,2408.TW,1326.TW,1303.TW,1102.TW,1301.TW,4904.TW,2883.TW,3045.TW,2880.TW,3231.TW,2891.TW,2382.TW,2886.TW,2345.TW",2024,123,15
2024-12-04,-0.014057117343298842,-0.019824883206840616,1.0011157502987089e-07,0.0029124626842735248,1.0,0.9999999999999998,0.9999999999999999,0.005849999999999999,"5871.TW,2408.TW,1326.TW",2024,123,3
2024-12-04,-0.0002460704858579139,-0.0035122843061411446,1.0011157502987089e-07,0.0029124626842735248,0.5584645704145433,0.5584645704145432,0.5584645704145432,0.003267017736925078,"5871.TW,2408.TW,1326.TW,1303.TW,1102.TW,1301.TW,4904.TW,2883.TW,3045.TW,2880.TW,3231.TW,2891.TW,2382.TW,2886.TW,2345.TW,2412.TW,2885.TW,5880.TW,2618.TW,1101.TW",2024,123,20
2024-12-04,-0.018662284866626758,-0.024403110500157088,1.0011157502987089e-07,0.0029124626842735248,1.0,1.0,1.0,0.00585,"5871.TW,2408.TW,1326.TW,1303.TW,1102.TW",2024,123,5
2024-12-04,-0.005004059333658429,-0.010267178318077885,1.0011157502987089e-07,0.0029124626842735248,0.9042031450626921,0.9042031450626923,0.9042031450626922,0.005289588398616749,"5871.TW,2408.TW,1326.TW,1303.TW,1102.TW,1301.TW,4904.TW,2883.TW,3045.TW,2880.TW",2024,123,10
2024-12-09,-0.027542546109006947,-0.03043438685549338,-0.005619412617276498,-0.013814982719291616,0.5083325235034549,0.5083325235034548,0.5083325235034548,0.0029737452624952108,"5871.TW,1303.TW,2408.TW,9910.TW,2883.TW,1326.TW,3017.TW,2891.TW,3037.TW,2317.TW",2024,123,10
2024-12-09,-0.03096254895832247,-0.033271348500945486,-0.005619412617276498,-0.013814982719291616,0.4072769200594957,0.40727692005949573,0.4072769200594957,0.0023825699823480503,"5871.TW,1303.TW,2408.TW,9910.TW,2883.TW",2024,123,5
2024-12-09,-0.016633943154662406,-0.01897343951475028,-0.005619412617276498,-0.013814982719291616,0.40667857602311774,0.40667857602311736,0.4066785760231175,0.002379069669735237,"5871.TW,1303.TW,2408.TW,9910.TW,2883.TW,1326.TW,3017.TW,2891.TW,3037.TW,2317.TW,2880.TW,2345.TW,2379.TW,1301.TW,2885.TW,2002.TW,1102.TW,2882.TW,2382.TW,2454.TW",2024,123,20
2024-12-09,-0.02216901719413984,-0.02449990941835667,-0.005619412617276498,-0.013814982719291616,0.40747646807776045,0.4074764680777605,0.4074764680777605,0.002383737338254899,"5871.TW,1303.TW,2408.TW,9910.TW,2883.TW,1326.TW,3017.TW,2891.TW,3037.TW,2317.TW,2880.TW,2345.TW,2379.TW,1301.TW,2885.TW",2024,123,15
2024-12-09,-0.05557010475812977,-0.057432951134316346,-0.005619412617276498,-0.013814982719291616,0.33717195906750463,0.33717195906750463,0.33717195906750463,0.001972455960544902,"5871.TW,1303.TW,2408.TW",2024,123,3
2024-12-12,-0.044698775397452664,-0.048442783654252475,0.01104547968145786,-0.008008057605531395,0.6699472322827165,0.6699472322827167,0.6699472322827166,0.003919191308853893,"1303.TW,1326.TW,3231.TW",2024,123,3
2024-12-12,-0.020616797384087348,-0.024675595957461716,0.01104547968145786,-0.008008057605531395,0.7084170119429942,0.7084170119429941,0.7084170119429942,0.004144239519866516,"1303.TW,1326.TW,3231.TW,2618.TW,1301.TW,2615.TW,6669.TW,2382.TW,2603.TW,2317.TW",2024,123,10
2024-12-12,-0.01278760523150759,-0.015456859024388536,0.01104547968145786,-0.008008057605531395,0.462193041797033,0.46219304179703313,0.4621930417970331,0.0027038292945126435,"1303.TW,1326.TW,3231.TW,2618.TW,1301.TW,2615.TW,6669.TW,2382.TW,2603.TW,2317.TW,2345.TW,3037.TW,2395.TW,2327.TW,5871.TW,3711.TW,2883.TW,2303.TW,2408.TW,2880.TW",2024,123,20
2024-12-12,-0.019152972080560896,-0.022263265464318005,0.01104547968145786,-0.008008057605531395,0.5420560674188858,0.5420560674188859,0.5420560674188859,0.0031710279944004824,"1303.TW,1326.TW,3231.TW,2618.TW,1301.TW,2615.TW,6669.TW,2382.TW,2603.TW,2317.TW,2345.TW,3037.TW,2395.TW,2327.TW,5871.TW",2024,123,15
2024-12-12,-0.03627220707251219,-0.04082190155019427,0.01104547968145786,-0.008008057605531395,0.8069971183232731,0.8069971183232729,0.806997118323273,0.004720933142191147,"1303.TW,1326.TW,3231.TW,2618.TW,1301.TW",2024,123,5
2024-12-17,-0.008527786513528958,-0.012394528146126182,-0.010670740049401828,-0.0045161514961643955,0.6666666666666666,0.6666666666666667,0.6666666666666667,0.0039000000000000003,"5871.TW,1326.TW,1301.TW",2024,123,3
2024-12-17,-0.004285218921684602,-0.007548101689882403,-0.010670740049401828,-0.0045161514961643955,0.5601581384073065,0.5601581384073064,0.5601581384073064,0.003276925109682743,"5871.TW,1326.TW,1301.TW,6669.TW,2883.TW,2357.TW,1303.TW,3017.TW,2885.TW,2887.TW,2382.TW,2892.TW,2412.TW,2880.TW,2308.TW,1101.TW,2891.TW,2881.TW,2884.TW,2345.TW",2024,123,20
2024-12-17,-0.005641622428243783,-0.009192663929985079,-0.010670740049401828,-0.0045161514961643955,0.6104596240297703,0.6104596240297702,0.6104596240297702,0.003571188800574156,"5871.TW,1326.TW,1301.TW,6669.TW,2883.TW,2357.TW,1303.TW,3017.TW,2885.TW,2887.TW,2382.TW,2892.TW,2412.TW,2880.TW,2308.TW",2024,123,15
2024-12-17,-0.010306243610085997,-0.013819972484874321,-0.010670740049401828,-0.0045161514961643955,0.6068921932827592,0.6068921932827592,0.6068921932827592,0.0035503193307041413,"5871.TW,1326.TW,1301.TW,6669.TW,2883.TW,2357.TW,1303.TW,3017.TW,2885.TW,2887.TW",2024,123,10
2024-12-17,-0.00454566683864186,-0.008055971380684812,-0.010670740049401828,-0.0045161514961643955,0.6027921507591738,0.6027921507591737,0.6027921507591738,0.0035263340819411664,"5871.TW,1326.TW,1301.TW,6669.TW,2883.TW",2024,123,5
2024-12-20,0.017673235675563902,0.014047903324468702,0.01900349716432448,0.011477374298435235,0.6089527660612643,0.6089527660612644,0.6089527660612644,0.0035623736814583964,"2308.TW,2379.TW,5876.TW,2454.TW,2395.TW,2891.TW,2880.TW,1303.TW,3008.TW,2330.TW,2883.TW,2885.TW,3711.TW,1590.TW,1326.TW",2024,123,15
2024-12-20,0.012567804152732799,0.007206638782721209,0.01900349716432448,0.011477374298435235,0.9050638594569287,0.9050638594569286,0.9050638594569287,0.0052946235778230325,"2308.TW,2379.TW,5876.TW,2454.TW,2395.TW,2891.TW,2880.TW,1303.TW,3008.TW,2330.TW",2024,123,10
2024-12-20,0.018213968708496255,0.01459028203225965,0.01900349716432448,0.011477374298435235,0.6083530956221519,0.6083530956221518,0.6083530956221519,0.0035588656093895883,"2308.TW,2379.TW,5876.TW,2454.TW,2395.TW,2891.TW,2880.TW,1303.TW,3008.TW,2330.TW,2883.TW,2885.TW,3711.TW,1590.TW,1326.TW,9910.TW,3045.TW,2881.TW,2618.TW,1216.TW",2024,123,20
2024-12-20,0.005484612731194197,-0.00039747225328323754,0.01900349716432448,0.011477374298435235,1.0,0.9999999999999999,1.0,0.005849999999999999,"2308.TW,2379.TW,5876.TW",2024,123,3
2024-12-20,0.010689165662408719,0.004776634043283545,0.01900349716432448,0.011477374298435235,1.0,1.0,1.0,0.00585,"2308.TW,2379.TW,5876.TW,2454.TW,2395.TW",2024,123,5
2024-12-25,-0.020665453458325888,-0.023828690713037615,-0.008568531746091956,-0.016126526056836295,0.5521344253137952,0.5521344253137955,0.5521344253137954,0.0032299863880857036,"2408.TW,1590.TW,1326.TW,1303.TW,9910.TW,6669.TW,5871.TW,1301.TW,2609.TW,5876.TW,2345.TW,2603.TW,2618.TW,1102.TW,2885.TW,2891.TW,4904.TW,3045.TW,2892.TW,2886.TW",2024,123,20
2024-12-25,-0.02303571576776332,-0.026858900241675365,-0.008568531746091956,-0.016126526056836295,0.6689454446330223,0.6689454446330225,0.6689454446330224,0.0039133308511031814,"2408.TW,1590.TW,1326.TW,1303.TW,9910.TW,6669.TW,5871.TW,1301.TW,2609.TW,5876.TW,2345.TW,2603.TW,2618.TW,1102.TW,2885.TW",2024,123,15
2024-12-25,-0.04226989280491322,-0.04787261393200448,-0.008568531746091956,-0.016126526056836295,1.0,0.9999999999999998,0.9999999999999999,0.005849999999999999,"2408.TW,1590.TW,1326.TW",2024,123,3
2024-12-25,-0.036435589685942585,-0.042072441486279866,-0.008568531746091956,-0.016126526056836295,1.0,1.0,1.0,0.00585,"2408.TW,1590.TW,1326.TW,1303.TW,9910.TW",2024,123,5
2024-12-25,-0.02817722025785171,-0.03273229135620381,-0.008568531746091956,-0.016126526056836295,0.8012208073611334,0.8012208073611335,0.8012208073611335,0.004687141723062631,"2408.TW,1590.TW,1326.TW,1303.TW,9910.TW,6669.TW,5871.TW,1301.TW,2609.TW,5876.TW",2024,123,10
2024-12-30,-0.01352443434267451,-0.017402665525165006,0.009913616970649963,0.008179909971360871,0.6720343862127838,0.6720343862127838,0.6720343862127838,0.003931401159344785,"2609.TW,2408.TW,1301.TW",2024,123,3
2024-12-30,-0.007796376757238809,-0.01131690562285792,0.009913616970649963,0.008179909971360871,0.6065285310306705,0.6065285310306704,0.6065285310306705,0.0035481919065294223,"2609.TW,2408.TW,1301.TW,1326.TW,5876.TW",2024,123,5
2024-12-30,0.013512779848338444,0.010499748654867025,0.009913616970649963,0.008179909971360871,0.5081811275602928,0.5081811275602927,0.5081811275602928,0.002972859596227712,"2609.TW,2408.TW,1301.TW,1326.TW,5876.TW,2603.TW,3231.TW,3037.TW,2618.TW,2883.TW",2024,123,10
2024-12-30,0.013930006103866178,0.010920612309548883,0.009913616970649963,0.008179909971360871,0.5073587787421485,0.5073587787421485,0.5073587787421485,0.002968048855641569,"2609.TW,2408.TW,1301.TW,1326.TW,5876.TW,2603.TW,3231.TW,3037.TW,2618.TW,2883.TW,1303.TW,2395.TW,2615.TW,2345.TW,3017.TW,4904.TW,3711.TW,2382.TW,2207.TW,2882.TW",2024,123,20
2024-12-30,0.016139607226754466,0.013712361476043267,0.009913616970649963,0.008179909971360871,0.4083236206811739,0.4083236206811738,0.40832362068117384,0.0023886931809848667,"2609.TW,2408.TW,1301.TW,1326.TW,5876.TW,2603.TW,3231.TW,3037.TW,2618.TW,2883.TW,1303.TW,2395.TW,2615.TW,2345.TW,3017.TW",2024,123,15
2025-01-02,0.03513037965436428,0.03365531886335682,0.03392851265291719,0.013573526775637567,0.9999999999999999,0.0,0.49999999999999994,0.0014249999999999998,"2454.TW,2308.TW,2330.TW,3008.TW,2379.TW,3711.TW,2891.TW,2345.TW,6669.TW,3045.TW",2025,123,10
2025-01-02,0.028623504853463867,0.027157716359047512,0.03392851265291719,0.013573526775637567,1.0000000000000002,0.0,0.5000000000000001,0.0014250000000000003,"2454.TW,2308.TW,2330.TW,3008.TW,2379.TW,3711.TW,2891.TW,2345.TW,6669.TW,3045.TW,2883.TW,2882.TW,2395.TW,2357.TW,2382.TW,2412.TW,2887.TW,3017.TW,2327.TW,1216.TW",2025,123,20
2025-01-02,0.034447103871309254,0.03297301674829267,0.03392851265291719,0.013573526775637567,0.9999999999999999,0.0,0.49999999999999994,0.0014249999999999998,"2454.TW,2308.TW,2330.TW,3008.TW,2379.TW,3711.TW,2891.TW,2345.TW,6669.TW,3045.TW,2883.TW,2882.TW,2395.TW,2357.TW,2382.TW",2025,123,15
2025-01-02,0.03545194483898681,0.033976425817591194,0.03392851265291719,0.013573526775637567,1.0,0.0,0.5,0.001425,"2454.TW,2308.TW,2330.TW,3008.TW,2379.TW",2025,123,5
2025-01-02,0.058912758172439565,0.05740380749204377,0.03392851265291719,0.013573526775637567,1.0,0.0,0.5,0.001425,"2454.TW,2308.TW,2330.TW",2025,123,3
2025-01-07,-0.04617874007236667,-0.051758594442943395,-0.01801130982663901,-0.03663018379631876,1.0,1.0000000000000002,1.0,0.005850000000000001,"1301.TW,1326.TW,1303.TW,3045.TW,2303.TW",2025,123,5
2025-01-07,-0.03566021927644134,-0.04020616812966682,-0.01801130982663901,-0.03663018379631876,0.8058210286343052,0.8058210286343057,0.8058210286343055,0.0047140530175106875,"1301.TW,1326.TW,1303.TW,3045.TW,2303.TW,1216.TW,4904.TW,2412.TW,2887.TW,2002.TW,5871.TW,2891.TW,2603.TW,2912.TW,2882.TW",2025,123,15
2025-01-07,-0.033918610113477334,-0.03902906209159129,-0.01801130982663901,-0.03663018379631876,0.9042525235093883,0.9042525235093887,0.9042525235093886,0.005289877262529923,"1301.TW,1326.TW,1303.TW,3045.TW,2303.TW,1216.TW,4904.TW,2412.TW,2887.TW,2002.TW",2025,123,10
2025-01-07,-0.03020206751297409,-0.03421677041607474,-0.01801130982663901,-0.03663018379631876,0.7076463844072096,0.7076463844072094,0.7076463844072095,0.004139731348782176,"1301.TW,1326.TW,1303.TW,3045.TW,2303.TW,1216.TW,4904.TW,2412.TW,2887.TW,2002.TW,5871.TW,2891.TW,2603.TW,2912.TW,2882.TW,1101.TW,2892.TW,2881.TW,2884.TW,2886.TW",2025,123,20
2025-01-07,-0.06446347480018418,-0.06993636347260312,-0.01801130982663901,-0.03663018379631876,1.0,1.0,1.0,0.00585,"1301.TW,1326.TW,1303.TW",2025,123,3
2025-01-10,0.011433208883946918,0.007265801346501899,-0.0055276456756430115,0.013342957965160173,0.7043246658019754,0.7043246658019754,0.7043246658019754,0.004120299294941556,"2345.TW,3017.TW,2882.TW,6669.TW,2885.TW,2379.TW,2891.TW,2883.TW,2357.TW,2609.TW,2881.TW,1301.TW,9910.TW,2382.TW,3231.TW,2892.TW,2207.TW,2327.TW,1101.TW,2408.TW",2025,123,20
2025-01-10,-0.0016439564844759615,-0.007484339339041801,-0.0055276456756430115,0.013342957965160173,0.9999999999999999,0.9999999999999998,0.9999999999999998,0.005849999999999999,"2345.TW,3017.TW,2882.TW,6669.TW,2885.TW,2379.TW,2891.TW,2883.TW,2357.TW,2609.TW",2025,123,10
2025-01-10,0.0007893663875143692,-0.005065251405852456,-0.0055276456756430115,0.013342957965160173,1.0,1.0,1.0,0.00585,"2345.TW,3017.TW,2882.TW",2025,123,3
2025-01-10,-0.003493208731647735,-0.009322773460567646,-0.0055276456756430115,0.013342957965160173,1.0,0.9999999999999998,0.9999999999999999,0.005849999999999999,"2345.TW,3017.TW,2882.TW,6669.TW,2885.TW",2025,123,5
2025-01-10,0.005807557568771373,0.0010739090225551085,-0.0055276456756430115,0.013342957965160173,0.8044985201908821,0.8044985201908824,0.8044985201908823,0.004706316343116662,"2345.TW,3017.TW,2882.TW,6669.TW,2885.TW,2379.TW,2891.TW,2883.TW,2357.TW,2609.TW,2881.TW,1301.TW,9910.TW,2382.TW,3231.TW",2025,123,15
2025-01-15,0.01722784585270562,0.01358018461699384,0.010747689691887219,0.005370564473101001,0.6129716539972577,0.6129716539972576,0.6129716539972576,0.0035858841758839573,"6669.TW,2357.TW,2618.TW,2382.TW,2884.TW,2330.TW,2892.TW,3017.TW,2308.TW,1590.TW,2395.TW,2412.TW,2891.TW,2603.TW,3231.TW",2025,123,15
2025-01-15,0.0017931253378817406,-0.0029282035361020142,0.010747689691887219,0.005370564473101001,0.8056201868138793,0.8056201868138793,0.8056201868138793,0.004712878092861194,"6669.TW,2357.TW,2618.TW,2382.TW,2884.TW",2025,123,5
2025-01-15,0.018304299981578433,0.014062076391820444,0.010747689691887219,0.005370564473101001,0.7121313595678169,0.712131359567817,0.7121313595678169,0.00416596845347173,"6669.TW,2357.TW,2618.TW,2382.TW,2884.TW,2330.TW,2892.TW,3017.TW,2308.TW,1590.TW",2025,123,10
2025-01-15,0.0029885270557154326,-0.002878955827560481,0.010747689691887219,0.005370564473101001,1.0,1.0,1.0,0.00585,"6669.TW,2357.TW,2618.TW",2025,123,3
2025-01-15,0.009866981747476506,0.00714032636541817,0.010747689691887219,0.005370564473101001,0.4615409212582385,0.4615409212582387,0.4615409212582386,0.002700014389360696,"6669.TW,2357.TW,2618.TW,2382.TW,2884.TW,2330.TW,2892.TW,3017.TW,2308.TW,1590.TW,2395.TW,2412.TW,2891.TW,2603.TW,3231.TW,2345.TW,2885.TW,9910.TW,2880.TW,2881.TW",2025,123,20
2025-01-20,0.006509013330860319,0.003221750265283818,-0.018499814403557302,-0.004824155914819812,0.558291384292073,0.5582913842920729,0.5582913842920729,0.003266004598108627,"2609.TW,2615.TW,2603.TW,2884.TW,2885.TW,3045.TW,2892.TW,2891.TW,4904.TW,2412.TW,3034.TW,5876.TW,2887.TW,2881.TW,6669.TW,3037.TW,2886.TW,1216.TW,2912.TW,2880.TW",2025,123,20
2025-01-20,0.00866415939948717,0.00394149878752259,-0.018499814403557302,-0.004824155914819812,0.8003579831589036,0.8003579831589036,0.8003579831589036,0.004682094201479586,"2609.TW,2615.TW,2603.TW,2884.TW,2885.TW",2025,123,5
2025-01-20,0.013299371492253177,0.008532673044333361,-0.018499814403557302,-0.004824155914819812,0.8041258787200121,0.804125878720012,0.8041258787200121,0.00470413639051207,"2609.TW,2615.TW,2603.TW,2884.TW,2885.TW,3045.TW,2892.TW,2891.TW,4904.TW,2412.TW",2025,123,10
2025-01-20,0.010943907558378166,0.007336457142842034,-0.018499814403557302,-0.004824155914819812,0.6099825975303579,0.609982597530358,0.6099825975303579,0.003568398195552594,"2609.TW,2615.TW,2603.TW,2884.TW,2885.TW,3045.TW,2892.TW,2891.TW,4904.TW,2412.TW,3034.TW,5876.TW,2887.TW,2881.TW,6669.TW",2025,123,15
2025-01-20,-0.0025123079024128208,-0.008347610901183744,-0.018499814403557302,-0.004824155914819812,1.0,1.0,1.0,0.00585,"2609.TW,2615.TW,2603.TW",2025,123,3
2025-02-03,0.005583245349221178,0.00028884956245756044,0.02065577676391772,0.0063806628555074215,0.8999999999999999,0.8999999999999999,0.8999999999999999,0.005265,"3037.TW,2330.TW,2618.TW,2345.TW,2881.TW,2308.TW,2408.TW,3711.TW,2891.TW,1301.TW",2025,123,10
2025-02-03,-0.0072160989935925075,-0.013023884814480025,0.02065577676391772,0.0063806628555074215,1.0,1.0,1.0,0.00585,"3037.TW,2330.TW,2618.TW",2025,123,3
2025-02-03,0.005479470329090953,-0.0004025845723342192,0.02065577676391772,0.0063806628555074215,1.0,1.0,1.0,0.00585,"3037.TW,2330.TW,2618.TW,2345.TW,2881.TW",2025,123,5
2025-02-03,0.010114043242707012,0.005909042864055136,0.02065577676391772,0.0063806628555074215,0.7116062669742594,0.7116062669742593,0.7116062669742593,0.0041628966617994175,"3037.TW,2330.TW,2618.TW,2345.TW,2881.TW,2308.TW,2408.TW,3711.TW,2891.TW,1301.TW,1303.TW,2379.TW,2317.TW,3231.TW,1590.TW,2382.TW,6669.TW,1101.TW,2887.TW,2892.TW",2025,123,20
2025-02-03,0.012672477166050328,0.0075382277068183345,0.02065577676391772,0.0063806628555074215,0.8666666666666666,0.8666666666666666,0.8666666666666666,0.00507,"3037.TW,2330.TW,2618.TW,2345.TW,2881.TW,2308.TW,2408.TW,3711.TW,2891.TW,1301.TW,1303.TW,2379.TW,2317.TW,3231.TW,1590.TW",2025,123,15
2025-02-06,-0.005494266571655526,-0.011312125112211358,0.0017707743518324826,0.008025037400675863,1.0,1.0,1.0,0.00585,"1301.TW,2412.TW,2408.TW",2025,123,3
2025-02-06,-0.017459403345547454,-0.022083543612523737,0.0017707743518324826,0.008025037400675863,0.8044973717928349,0.8044973717928348,0.8044973717928348,0.0047063096249880835,"1301.TW,2412.TW,2408.TW,1326.TW,2618.TW",2025,123,5
2025-02-06,-0.0012878681598095852,-0.004541573316180436,0.0017707743518324826,0.008025037400675863,0.5569061373011657,0.5569061373011658,0.5569061373011657,0.0032579009032118198,"1301.TW,2412.TW,2408.TW,1326.TW,2618.TW,2880.TW,2892.TW,2609.TW,2615.TW,2891.TW,1303.TW,2887.TW,9910.TW,4904.TW,2207.TW,3008.TW,2379.TW,3711.TW,2884.TW,1102.TW",2025,123,20
2025-02-06,-0.001781358492917118,-0.005313577521315227,0.0017707743518324826,0.008025037400675863,0.6048756248439556,0.6048756248439555,0.6048756248439555,0.00353852240533714,"1301.TW,2412.TW,2408.TW,1326.TW,2618.TW,2880.TW,2892.TW,2609.TW,2615.TW,2891.TW",2025,123,10
2025-02-06,-0.004059303469859728,-0.007988380848084953,0.0017707743518324826,0.008025037400675863,0.6743746500278249,0.6743746500278248,0.6743746500278249,0.003945091702662776,"1301.TW,2412.TW,2408.TW,1326.TW,2618.TW,2880.TW,2892.TW,2609.TW,2615.TW,2891.TW,1303.TW,2887.TW,9910.TW,4904.TW,2207.TW",2025,123,15
2025-02-11,0.03622248628210867,0.034571935725189906,-0.01641407171327902,0.018312016848245054,0.2722826401474897,0.2722826401474896,0.27228264014748965,0.0015928534448628145,"2408.TW,1301.TW,2308.TW,2618.TW,2880.TW,4904.TW,2886.TW,1326.TW,1303.TW,2891.TW,2412.TW,2884.TW,3045.TW,2887.TW,2892.TW",2025,123,15
2025-02-11,0.050617718476745364,0.04810745769705771,-0.01641407171327902,0.018312016848245054,0.4084305825399166,0.40843058253991654,0.4084305825399166,0.002389318907858512,"2408.TW,1301.TW,2308.TW,2618.TW,2880.TW,4904.TW,2886.TW,1326.TW,1303.TW,2891.TW",2025,123,10
2025-02-11,0.10089093015499938,0.09872129893595716,-0.01641407171327902,0.018312016848245054,0.3368881705729192,0.33688817057291914,0.3368881705729192,0.0019707957978515774,"2408.TW,1301.TW,2308.TW",2025,123,3
2025-02-11,0.056320595848643955,0.05382143934166206,-0.01641407171327902,0.018312016848245054,0.4044285818042944,0.4044285818042943,0.40442858180429436,0.002365907203555122,"2408.TW,1301.TW,2308.TW,2618.TW,2880.TW",2025,123,5
2025-02-11,0.028962581556091188,0.02710944977336771,-0.01641407171327902,0.018312016848245054,0.30785829280046445,0.30785829280046445,0.30785829280046445,0.0018009710128827172,"2408.TW,1301.TW,2308.TW,2618.TW,2880.TW,4904.TW,2886.TW,1326.TW,1303.TW,2891.TW,2412.TW,2884.TW,3045.TW,2887.TW,2892.TW,3008.TW,9910.TW,3034.TW,2912.TW,5880.TW",2025,123,20
2025-02-14,0.009279086534454898,0.003374803878228416,0.011296521319128727,0.01382251773053458,1.0,0.9999999999999998,0.9999999999999999,0.005849999999999999,"2395.TW,2891.TW,2379.TW",2025,123,3
2025-02-14,0.01029096022729846,0.005506948588931859,0.011296521319128727,0.01382251773053458,0.809449752037921,0.8094497520379212,0.8094497520379211,0.004735281049421839,"2395.TW,2891.TW,2379.TW,6669.TW,2454.TW,2330.TW,2880.TW,2881.TW,3034.TW,2412.TW",2025,123,10
2025-02-14,0.008596160593747883,0.004219954386115665,0.011296521319128727,0.01382251773053458,0.7416937188832164,0.7416937188832164,0.7416937188832164,0.004338908255466817,"2395.TW,2891.TW,2379.TW,6669.TW,2454.TW,2330.TW,2880.TW,2881.TW,3034.TW,2412.TW,3017.TW,2317.TW,5876.TW,2883.TW,2886.TW",2025,123,15
2025-02-14,0.018818800772749576,0.012858710788228978,0.011296521319128727,0.01382251773053458,1.0,1.0,1.0,0.00585,"2395.TW,2891.TW,2379.TW,6669.TW,2454.TW",2025,123,5
2025-02-14,0.0057623893303723125,0.002179252346472982,0.011296521319128727,0.01382251773053458,0.6089927949459103,0.6089927949459103,0.6089927949459103,0.0035626078504335753,"2395.TW,2891.TW,2379.TW,6669.TW,2454.TW,2330.TW,2880.TW,2881.TW,3034.TW,2412.TW,3017.TW,2317.TW,5876.TW,2883.TW,2886.TW,2892.TW,4904.TW,2882.TW,2603.TW,3045.TW",2025,123,20
2025-02-19,-0.01223372733165368,-0.014955007156517763,-0.014978411716918716,-0.005224110830420632,0.47093735766223255,0.47093735766223255,0.47093735766223255,0.0027549835423240606,"6669.TW,2412.TW,2881.TW,2892.TW,2891.TW,4904.TW,2345.TW,3045.TW,2882.TW,3017.TW,2886.TW,1101.TW,3034.TW,2880.TW,2308.TW",2025,123,15
2025-02-19,-0.018813523660318566,-0.022280096169647212,-0.014978411716918716,-0.005224110830420632,0.6039387125796392,0.603938712579639,0.6039387125796392,0.0035330414685908885,"6669.TW,2412.TW,2881.TW,2892.TW,2891.TW",2025,123,5
2025-02-19,-0.028533503297809015,-0.034216582303516874,-0.014978411716918716,-0.005224110830420632,1.0,1.0,1.0,0.00585,"6669.TW,2412.TW,2881.TW",2025,123,3
2025-02-19,-0.01045900754374984,-0.0125146829058842,-0.014978411716918716,-0.005224110830420632,0.3551116128383064,0.35511161283830645,0.3551116128383064,0.0020774029351040926,"6669.TW,2412.TW,2881.TW,2892.TW,2891.TW,4904.TW,2345.TW,3045.TW,2882.TW,3017.TW,2886.TW,1101.TW,3034.TW,2880.TW,2308.TW,2884.TW,2885.TW,1102.TW,2883.TW,2207.TW",2025,123,20
2025-02-19,-0.0170600122810043,-0.020533458271756122,-0.014978411716918716,-0.005224110830420632,0.6040566655431667,0.6040566655431667,0.6040566655431667,0.0035337314934275254,"6669.TW,2412.TW,2881.TW,2892.TW,2891.TW,4904.TW,2345.TW,3045.TW,2882.TW,3017.TW",2025,123,10
2025-02-24,-0.009578151889056124,-0.015372119700505116,-0.02680415821842641,-0.01287943579685465,1.0,1.0,1.0,0.00585,"2885.TW,3711.TW,5876.TW",2025,123,3
2025-02-24,-0.006317595978517177,-0.00945268400999899,-0.02680415821842641,-0.01287943579685465,0.5393196879054326,0.5393196879054327,0.5393196879054327,0.0031550201742467816,"2885.TW,3711.TW,5876.TW,2881.TW,2880.TW,6669.TW,2345.TW,2891.TW,2412.TW,3231.TW,2207.TW,2882.TW,2884.TW,2883.TW,5880.TW",2025,123,15
2025-02-24,0.00018210667006395183,-0.004498745589151865,-0.02680415821842641,-0.01287943579685465,0.8,0.8,0.8,0.00468,"2885.TW,3711.TW,5876.TW,2881.TW,2880.TW",2025,123,5
2025-02-24,-0.009093248927315192,-0.011169081499086242,-0.02680415821842641,-0.01287943579685465,0.35809946221234423,0.358099462212344,0.3580994622123441,0.0020948818539422128,"2885.TW,3711.TW,5876.TW,2881.TW,2880.TW,6669.TW,2345.TW,2891.TW,2412.TW,3231.TW,2207.TW,2882.TW,2884.TW,2883.TW,5880.TW,2886.TW,2912.TW,3017.TW,2382.TW,2330.TW",2025,123,20
2025-02-24,-0.012985162131820762,-0.01591316668043241,-0.02680415821842641,-0.01287943579685465,0.5070983523756494,0.5070983523756493,0.5070983523756494,0.0029665253613975484,"2885.TW,3711.TW,5876.TW,2881.TW,2880.TW,6669.TW,2345.TW,2891.TW,2412.TW,3231.TW",2025,123,10
2025-02-27,0.0023966985262910082,-0.0011217138855361686,0.0029132041437835987,0.013123982589390359,0.6000000000000001,0.6,0.6000000000000001,0.00351,"2357.TW,2885.TW,5871.TW,5876.TW,3034.TW",2025,123,5
2025-02-27,0.011199378058743948,0.006466964969429112,0.0029132041437835987,0.013123982589390359,0.7999999999999999,0.7999999999999999,0.7999999999999999,0.00468,"2357.TW,2885.TW,5871.TW,5876.TW,3034.TW,1303.TW,2884.TW,2327.TW,2615.TW,1301.TW",2025,123,10
2025-02-27,0.010820879078900125,0.007262562404368289,0.0029132041437835987,0.013123982589390359,0.6017478202053168,0.6017478202053167,0.6017478202053168,0.003520224748201103,"2357.TW,2885.TW,5871.TW,5876.TW,3034.TW,1303.TW,2884.TW,2327.TW,2615.TW,1301.TW,1216.TW,1102.TW,2395.TW,3037.TW,2454.TW,2882.TW,2880.TW,2886.TW,2891.TW,3711.TW",2025,123,20
2025-02-27,0.013309188161250854,0.008566014516242948,0.0029132041437835987,0.013123982589390359,0.8001495724595578,0.8001495724595576,0.8001495724595578,0.004680874998888413,"2357.TW,2885.TW,5871.TW,5876.TW,3034.TW,1303.TW,2884.TW,2327.TW,2615.TW,1301.TW,1216.TW,1102.TW,2395.TW,3037.TW,2454.TW",2025,123,15
2025-02-27,0.0074065835884827465,0.003477697912487532,0.0029132041437835987,0.013123982589390359,0.6666666666666666,0.6666666666666665,0.6666666666666665,0.0038999999999999994,"2357.TW,2885.TW,5871.TW",2025,123,3
2025-03-05,-0.023652549884603528,-0.0271047566620628,-0.045418556612207284,-0.027042807570489234,0.6044168155403663,0.6044168155403663,0.6044168155403663,0.003535838370911143,"9910.TW,2412.TW,2885.TW,5871.TW,2357.TW,3045.TW,2883.TW,3034.TW,2886.TW,2395.TW",2025,123,10
2025-03-05,-0.015876164088044393,-0.018213021468787338,-0.045418556612207284,-0.027042807570489234,0.4059070470098238,0.40590704700982383,0.40590704700982383,0.002374556225007469,"9910.TW,2412.TW,2885.TW,5871.TW,2357.TW,3045.TW,2883.TW,3034.TW,2886.TW,2395.TW,1216.TW,2884.TW,2891.TW,2303.TW,2882.TW,4904.TW,2603.TW,2887.TW,5876.TW,2880.TW",2025,123,20
2025-03-05,-0.020283806234645377,-0.023366538846200435,-0.045418556612207284,-0.027042807570489234,0.537872950284485,0.5378729502844851,0.537872950284485,0.003146556759164238,"9910.TW,2412.TW,2885.TW,5871.TW,2357.TW,3045.TW,2883.TW,3034.TW,2886.TW,2395.TW,1216.TW,2884.TW,2891.TW,2303.TW,2882.TW",2025,123,15
2025-03-05,-0.034135330910762866,-0.03641047717768808,-0.045418556612207284,-0.027042807570489234,0.4026587825692293,0.40265878256922927,0.40265878256922927,0.0023555538780299914,"9910.TW,2412.TW,2885.TW,5871.TW,2357.TW",2025,123,5
2025-03-05,-0.0227404389120542,-0.02658643576815667,-0.045418556612207284,-0.027042807570489234,0.6727336177561832,0.6727336177561833,0.6727336177561833,0.003935491663873672,"9910.TW,2412.TW,2885.TW",2025,123,3
2025-03-10,0.02141482494828679,0.018407929578578175,0.0019363533147536138,0.008113488458268607,0.5032227807377276,0.5032227807377276,0.5032227807377276,0.0029438532673157066,"2412.TW,3045.TW,2454.TW,2887.TW,2886.TW,5876.TW,3034.TW,2884.TW,5871.TW,4904.TW",2025,123,10
2025-03-10,0.015619741025271446,0.012040832503114718,0.0019363533147536138,0.008113488458268607,0.6023703654471398,0.6023703654471398,0.6023703654471398,0.003523866637865768,"2412.TW,3045.TW,2454.TW,2887.TW,2886.TW,5876.TW,3034.TW,2884.TW,5871.TW,4904.TW,2609.TW,2615.TW,2345.TW,1102.TW,2880.TW",2025,123,15
2025-03-10,0.028588361654146834,0.02457686704369566,0.0019363533147536138,0.008113488458268607,0.6666666666666666,0.6666666666666666,0.6666666666666666,0.0039,"2412.TW,3045.TW,2454.TW",2025,123,3
2025-03-10,0.02021424926084405,0.015439646574303412,0.0019363533147536138,0.008113488458268607,0.8,0.8,0.8,0.00468,"2412.TW,3045.TW,2454.TW,2887.TW,2886.TW",2025,123,5
2025-03-10,0.013397225636601335,0.010417661102120057,0.0019363533147536138,0.008113488458268607,0.5025939068774802,0.5025939068774802,0.5025939068774802,0.002940174355233259,"2412.TW,3045.TW,2454.TW,2887.TW,2886.TW,5876.TW,3034.TW,2884.TW,5871.TW,4904.TW,2609.TW,2615.TW,2345.TW,1102.TW,2880.TW,3008.TW,2379.TW,2618.TW,2408.TW,2892.TW",2025,123,20
2025-03-13,-0.0029826233240473803,-0.004987325199250159,0.008282771368589126,0.015730582957724056,0.34370923641646217,0.34370923641646234,0.3437092364164622,0.0020106990330363045,"3045.TW,4904.TW,2412.TW",2025,123,3
2025-03-13,0.012369392918474333,0.009207570978591484,0.008282771368589126,0.015730582957724056,0.5338786283609703,0.5338786283609703,0.5338786283609703,0.0031231899759116763,"3045.TW,4904.TW,2412.TW,3008.TW,2002.TW,1303.TW,2303.TW,2883.TW,2618.TW,3037.TW,1102.TW,2884.TW,3034.TW,1101.TW,2609.TW",2025,123,15
2025-03-13,0.014007837006807251,0.011305033959271071,0.008282771368589126,0.015730582957724056,0.45563515201941246,0.45563515201941257,0.4556351520194125,0.0026654656393135636,"3045.TW,4904.TW,2412.TW,3008.TW,2002.TW,1303.TW,2303.TW,2883.TW,2618.TW,3037.TW,1102.TW,2884.TW,3034.TW,1101.TW,2609.TW,2886.TW,6669.TW,1326.TW,2327.TW,5876.TW",2025,123,20
2025-03-13,0.009924432209673605,0.0057785706908835,0.008282771368589126,0.015730582957724056,0.7017300048536154,0.7017300048536155,0.7017300048536155,0.00410512052839365,"3045.TW,4904.TW,2412.TW,3008.TW,2002.TW,1303.TW,2303.TW,2883.TW,2618.TW,3037.TW",2025,123,10
2025-03-13,0.0010935217737320535,-0.002437846829315804,0.008282771368589126,0.015730582957724056,0.6029933662822944,0.6029933662822943,0.6029933662822944,0.0035275111927514217,"3045.TW,4904.TW,2412.TW,3008.TW,2002.TW",2025,123,5
2025-03-18,0.004199985145625907,0.0012336667138650448,0.009857488764198896,-0.000790529987820745,0.5049422299230834,0.5049422299230835,0.5049422299230835,0.002953912045050038,"2412.TW,2884.TW,3045.TW,2887.TW,5876.TW,2880.TW,2886.TW,2002.TW,1216.TW,2207.TW,3034.TW,2408.TW,2892.TW,2303.TW,3037.TW,4904.TW,2891.TW,3017.TW,5880.TW,2382.TW",2025,123,20
2025-03-18,0.0015411161812304399,-0.002572803630422338,0.009857488764198896,-0.000790529987820745,0.702152057939899,0.702152057939899,0.702152057939899,0.004107589538948409,"2412.TW,2884.TW,3045.TW,2887.TW,5876.TW,2880.TW,2886.TW,2002.TW,1216.TW,2207.TW",2025,123,10
2025-03-18,0.009353671893667847,0.006182742701250632,0.009857488764198896,-0.000790529987820745,0.5370161057362849,0.5370161057362851,0.537016105736285,0.0031415442185572674,"2412.TW,2884.TW,3045.TW,2887.TW,5876.TW,2880.TW,2886.TW,2002.TW,1216.TW,2207.TW,3034.TW,2408.TW,2892.TW,2303.TW,3037.TW",2025,123,15
2025-03-18,0.004410625190727257,0.0008788650343303228,0.009857488764198896,-0.000790529987820745,0.6010685965608256,0.6010685965608253,0.6010685965608255,0.0035162512898808287,"2412.TW,2884.TW,3045.TW,2887.TW,5876.TW",2025,123,5
2025-03-18,0.0037635180271944346,0.0018036806481473988,0.009857488764198896,-0.000790529987820745,0.33375882921874567,0.33375882921874583,0.3337588292187458,0.001952489150929663,"2412.TW,2884.TW,3045.TW",2025,123,3
2025-03-21,-0.008042755359979755,-0.010379002554219863,-0.015726628605435056,-0.013887932060706295,0.4025964797372168,0.4025964797372167,0.40259647973721674,0.002355189406462718,"2884.TW,2412.TW,2886.TW,1102.TW,2883.TW,5876.TW,2887.TW,2002.TW,2609.TW,6669.TW,2892.TW,2303.TW,1326.TW,3045.TW,2891.TW,1303.TW,2880.TW,2603.TW,1301.TW,3034.TW",2025,123,20
2025-03-21,-0.004283396334522516,-0.0066245505011741646,-0.015726628605435056,-0.013887932060706295,0.4019188712646534,0.4019188712646534,0.4019188712646534,0.002351225396898223,"2884.TW,2412.TW,2886.TW,1102.TW,2883.TW,5876.TW,2887.TW,2002.TW,2609.TW,6669.TW",2025,123,10
2025-03-21,0.004558766155391547,0.0010217430461412214,-0.015726628605435056,-0.013887932060706295,0.6018755251408439,0.6018755251408439,0.6018755251408439,0.0035209718220739366,"2884.TW,2412.TW,2886.TW,1102.TW,2883.TW",2025,123,5
2025-03-21,-0.006912040431812387,-0.0092625563572033,-0.015726628605435056,-0.013887932060706295,0.40459416531303793,0.4045941653130381,0.40459416531303805,0.0023668758670812727,"2884.TW,2412.TW,2886.TW,1102.TW,2883.TW,5876.TW,2887.TW,2002.TW,2609.TW,6669.TW,2892.TW,2303.TW,1326.TW,3045.TW,2891.TW",2025,123,15
2025-03-21,0.002041438251412453,7.03816273583957e-05,-0.015726628605435056,-0.013887932060706295,0.336246330128331,0.336246330128331,0.336246330128331,0.0019670410312507365,"2884.TW,2412.TW,2886.TW",2025,123,3
2025-03-26,-0.03331369368767941,-0.03502683780828575,-0.04352617510912904,-0.04284390168862659,0.3029371026664421,0.302937102666442,0.302937102666442,0.001772182050598686,"2880.TW,5876.TW,3037.TW,2345.TW,2887.TW,3034.TW,2609.TW,2615.TW,2002.TW,2883.TW,2303.TW,2884.TW,1326.TW,2891.TW,3017.TW,2330.TW,2886.TW,2603.TW,2412.TW,2379.TW",2025,123,20
2025-03-26,-0.037068485585412134,-0.03989991115462088,-0.04352617510912904,-0.04284390168862659,0.5026363386799821,0.5026363386799821,0.5026363386799821,0.0029404225812778954,"2880.TW,5876.TW,3037.TW,2345.TW,2887.TW,3034.TW,2609.TW,2615.TW,2002.TW,2883.TW",2025,123,10
2025-03-26,-0.036980847797315614,-0.04261450983770132,-0.04352617510912904,-0.04284390168862659,1.0,1.0,1.0,0.00585,"2880.TW,5876.TW,3037.TW,2345.TW,2887.TW",2025,123,5
2025-03-26,-0.033455953307393115,-0.03911023598054497,-0.04352617510912904,-0.04284390168862659,1.0,1.0,1.0,0.00585,"2880.TW,5876.TW,3037.TW",2025,123,3
2025-03-26,-0.036110578900730286,-0.038389421172596916,-0.04352617510912904,-0.04284390168862659,0.40413939500893675,0.404139395008937,0.40413939500893686,0.002364215460802281,"2880.TW,5876.TW,3037.TW,2345.TW,2887.TW,3034.TW,2609.TW,2615.TW,2002.TW,2883.TW,2303.TW,2884.TW,1326.TW,2891.TW,3017.TW",2025,123,15
2025-03-31,-0.1210705733716613,-0.1262123105174371,-0.12903228168757452,-0.11149037424899942,1.0,1.0,1.0,0.00585,"3017.TW,2408.TW,1590.TW",2025,123,3
2025-03-31,-0.13699542606967896,-0.14059198952718777,-0.12903228168757452,-0.11149037424899942,0.7123915571197968,0.7123915571197966,0.7123915571197967,0.004167490609150811,"3017.TW,2408.TW,1590.TW,1102.TW,5876.TW,6669.TW,3037.TW,2382.TW,2327.TW,3231.TW,5871.TW,2454.TW,2345.TW,2357.TW,2317.TW,3711.TW,2615.TW,2379.TW,2618.TW,2308.TW",2025,123,20
2025-03-31,-0.12035091552149386,-0.12450307704199559,-0.12903228168757452,-0.11149037424899942,0.8068799395233096,0.8068799395233098,0.8068799395233097,0.0047202476462113625,"3017.TW,2408.TW,1590.TW,1102.TW,5876.TW,6669.TW,3037.TW,2382.TW,2327.TW,3231.TW",2025,123,10
2025-03-31,-0.13273991979494681,-0.13652600800235282,-0.12903228168757452,-0.11149037424899942,0.7462519953824364,0.7462519953824363,0.7462519953824363,0.004365574172987252,"3017.TW,2408.TW,1590.TW,1102.TW,5876.TW,6669.TW,3037.TW,2382.TW,2327.TW,3231.TW,5871.TW,2454.TW,2345.TW,2357.TW,2317.TW",2025,123,15
2025-03-31,-0.09693310380823454,-0.10115945688241201,-0.12903228168757452,-0.11149037424899942,0.8,0.8,0.8,0.00468,"3017.TW,2408.TW,1590.TW,1102.TW,5876.TW",2025,123,5
2025-04-07,-0.00012795123654124347,-0.002832373779034003,0.040013302572348586,0.009790354946647904,0.4623536104243447,0.4623536104243447,0.4623536104243447,0.0027047686209824167,"2207.TW,1101.TW,2886.TW,2892.TW,1216.TW,3017.TW,1303.TW,6669.TW,5880.TW,2912.TW,1590.TW,2382.TW,2345.TW,3037.TW,2357.TW,3231.TW,2408.TW,2887.TW,2327.TW,2317.TW",2025,123,20
2025-04-07,0.03457819309929821,0.029696968386691003,0.040013302572348586,0.009790354946647904,0.8065097373363651,0.8065097373363652,0.8065097373363652,0.004718081963417737,"2207.TW,1101.TW,2886.TW,2892.TW,1216.TW,3017.TW,1303.TW,6669.TW,5880.TW,2912.TW",2025,123,10
2025-04-07,0.015934783892861137,0.009991565407087899,0.040013302572348586,0.009790354946647904,1.0,1.0,1.0,0.00585,"2207.TW,1101.TW,2886.TW,2892.TW,1216.TW",2025,123,5
2025-04-07,0.008946885976308067,0.003044546693346639,0.040013302572348586,0.009790354946647904,1.0,1.0,1.0,0.00585,"2207.TW,1101.TW,2886.TW",2025,123,3
2025-04-07,0.016143625884147656,0.01287477320762176,0.040013302572348586,0.009790354946647904,0.5499008418395225,0.5499008418395226,0.5499008418395226,0.0032169199247612072,"2207.TW,1101.TW,2886.TW,2892.TW,1216.TW,3017.TW,1303.TW,6669.TW,5880.TW,2912.TW,1590.TW,2382.TW,2345.TW,3037.TW,2357.TW",2025,123,15
2025-04-10,0.1460114885792411,0.14146388864316228,0.0416533018143439,0.06947240771898744,0.6783243607833227,0.6783243607833228,0.6783243607833227,0.003968197510582438,"3017.TW,3037.TW,2357.TW,2345.TW,2317.TW,2615.TW,3231.TW,2408.TW,3008.TW,9910.TW,2609.TW,2327.TW,2308.TW,2382.TW,2603.TW",2025,123,15
2025-04-10,0.12700176982278524,0.12358353277046175,0.0416533018143439,0.06947240771898744,0.5184677093542532,0.5184677093542531,0.5184677093542531,0.0030330360997223808,"3017.TW,3037.TW,2357.TW,2345.TW,2317.TW,2615.TW,3231.TW,2408.TW,3008.TW,9910.TW,2609.TW,2327.TW,2308.TW,2382.TW,2603.TW,3711.TW,4904.TW,1590.TW,3045.TW,5871.TW",2025,123,20
2025-04-10,0.15478670648336967,0.14803120425044192,0.0416533018143439,0.06947240771898744,1.0,1.0,1.0,0.00585,"3017.TW,3037.TW,2357.TW,2345.TW,2317.TW",2025,123,5
2025-04-10,0.15907420056637203,0.15229361649305884,0.0416533018143439,0.06947240771898744,1.0,1.0,1.0,0.00585,"3017.TW,3037.TW,2357.TW",2025,123,3
2025-04-10,0.15357814744014062,0.14746043320045188,0.0416533018143439,0.06947240771898744,0.9065385992410695,0.9065385992410694,0.9065385992410695,0.005303250805560256,"3017.TW,3037.TW,2357.TW,2345.TW,2317.TW,2615.TW,3231.TW,2408.TW,3008.TW,9910.TW",2025,123,10
2025-04-15,-0.001968533210201399,-0.007429393968539144,-0.018620156734418192,-0.014188221554953459,0.9353216833065263,0.9353216833065265,0.9353216833065264,0.00547163184734318,"2892.TW,2884.TW,2880.TW,1101.TW,1216.TW,2408.TW,3034.TW,4904.TW,2886.TW,3045.TW,5880.TW,2330.TW,2379.TW,2912.TW,2412.TW",2025,123,15
2025-04-15,0.0005386253502210891,-0.005314525608077769,-0.018620156734418192,-0.014188221554953459,1.0,1.0,1.0,0.00585,"2892.TW,2884.TW,2880.TW",2025,123,3
2025-04-15,-0.0020715355601837347,-0.007346755583248155,-0.018620156734418192,-0.014188221554953459,0.9036188911555294,0.9036188911555294,0.9036188911555294,0.005286170513259847,"2892.TW,2884.TW,2880.TW,1101.TW,1216.TW,2408.TW,3034.TW,4904.TW,2886.TW,3045.TW",2025,123,10
2025-04-15,-0.002841669711226413,-0.008675045943415838,-0.018620156734418192,-0.014188221554953459,1.0,1.0,1.0,0.00585,"2892.TW,2884.TW,2880.TW,1101.TW,1216.TW",2025,123,5
2025-04-15,-0.001856385047531278,-0.006617936439892724,-0.018620156734418192,-0.014188221554953459,0.815454205945544,0.8154542059455437,0.8154542059455439,0.004770407104781431,"2892.TW,2884.TW,2880.TW,1101.TW,1216.TW,2408.TW,3034.TW,4904.TW,2886.TW,3045.TW,5880.TW,2330.TW,2379.TW,2912.TW,2412.TW,6669.TW,2891.TW,2454.TW,2382.TW,2002.TW",2025,123,20
2025-04-18,0.022764292654074026,0.016781121542047694,0.019595608421731248,0.013443540679292225,0.9999999999999999,1.0000000000000002,1.0,0.005850000000000001,"2317.TW,1326.TW,1301.TW,9910.TW,3017.TW,2618.TW,2308.TW,3711.TW,1303.TW,2345.TW",2025,123,10
2025-04-18,0.018556727930825197,0.012598171072429887,0.019595608421731248,0.013443540679292225,0.9999999999999999,1.0,1.0,0.00585,"2317.TW,1326.TW,1301.TW,9910.TW,3017.TW,2618.TW,2308.TW,3711.TW,1303.TW,2345.TW,2883.TW,2454.TW,2395.TW,2603.TW,2885.TW",2025,123,15
2025-04-18,0.01026554546614115,0.004355492025164276,0.019595608421731248,0.013443540679292225,1.0,0.9999999999999999,1.0,0.005849999999999999,"2317.TW,1326.TW,1301.TW",2025,123,3
2025-04-18,0.01925633249267793,0.013293682947595808,0.019595608421731248,0.013443540679292225,1.0,1.0000000000000002,1.0,0.005850000000000001,"2317.TW,1326.TW,1301.TW,9910.TW,3017.TW",2025,123,5
2025-04-18,0.016325937570205812,0.011260905105840546,0.019595608421731248,0.013443540679292225,0.8519092972733479,0.8519092972733477,0.8519092972733477,0.004983669389049085,"2317.TW,1326.TW,1301.TW,9910.TW,3017.TW,2618.TW,2308.TW,3711.TW,1303.TW,2345.TW,2883.TW,2454.TW,2395.TW,2603.TW,2885.TW,2002.TW,2887.TW,3008.TW,2379.TW,2881.TW",2025,123,20
2025-04-23,0.02148894781059213,0.016096390834917873,0.019829105278946102,0.010368947354595174,0.9024127115639825,0.9024127115639825,0.9024127115639825,0.005279114362649297,"2885.TW,2883.TW,2887.TW,2882.TW,2345.TW,2002.TW,2891.TW,2603.TW,2881.TW,3034.TW",2025,123,10
2025-04-23,0.0138687893361703,0.00988725068686902,0.019829105278946102,0.010368947354595174,0.6712948504530656,0.6712948504530655,0.6712948504530656,0.003927074875150433,"2885.TW,2883.TW,2887.TW,2882.TW,2345.TW,2002.TW,2891.TW,2603.TW,2881.TW,3034.TW,2892.TW,1101.TW,1326.TW,2886.TW,2327.TW",2025,123,15
2025-04-23,0.01535435353180244,0.009414530563641277,0.019829105278946102,0.010368947354595174,1.0,1.0,1.0,0.00585,"2885.TW,2883.TW,2887.TW",2025,123,3
2025-04-23,0.027123933877973183,0.021115258864786934,0.019829105278946102,0.010368947354595174,1.0,1.0,1.0,0.00585,"2885.TW,2883.TW,2887.TW,2882.TW,2345.TW",2025,123,5
2025-04-23,0.015881720270528716,0.012287215989949862,0.019829105278946102,0.010368947354595174,0.6048392877900115,0.6048392877900114,0.6048392877900115,0.0035383098335715667,"2885.TW,2883.TW,2887.TW,2882.TW,2345.TW,2002.TW,2891.TW,2603.TW,2881.TW,3034.TW,2892.TW,1101.TW,1326.TW,2886.TW,2327.TW,5880.TW,2884.TW,1590.TW,2357.TW,2880.TW",2025,123,20
2025-04-28,0.028785326429456252,0.026338420451839095,0.04457078182861518,0.023955842208918846,0.4065712402217725,0.4065712402217724,0.40657124022177243,0.0023784417552973687,"2603.TW,2609.TW,9910.TW,2618.TW,2327.TW,1326.TW,2883.TW,2002.TW,1303.TW,1590.TW,2885.TW,2882.TW,2881.TW,5871.TW,2887.TW",2025,123,15
2025-04-28,0.03177151431338816,0.025735650954654687,0.04457078182861518,0.023955842208918846,1.0,1.0,1.0,0.00585,"2603.TW,2609.TW,9910.TW",2025,123,3
2025-04-28,0.03434220108033597,0.030070656964752862,0.04457078182861518,0.023955842208918846,0.705935115606461,0.705935115606461,0.705935115606461,0.004129720426297797,"2603.TW,2609.TW,9910.TW,2618.TW,2327.TW,1326.TW,2883.TW,2002.TW,1303.TW,1590.TW",2025,123,10
2025-04-28,0.02280699119524552,0.020077852485727243,0.04457078182861518,0.023955842208918846,0.45611678600216615,0.456116786002166,0.4561167860021661,0.0026682831981126717,"2603.TW,2609.TW,9910.TW,2618.TW,2327.TW,1326.TW,2883.TW,2002.TW,1303.TW,1590.TW,2885.TW,2882.TW,2881.TW,5871.TW,2887.TW,1301.TW,3008.TW,2454.TW,2884.TW,1216.TW",2025,123,20
2025-04-28,0.03805514679840636,0.03198252418963565,0.04457078182861518,0.023955842208918846,1.0,1.0,1.0,0.00585,"2603.TW,2609.TW,9910.TW,2618.TW,2327.TW",2025,123,5
2025-05-02,0.0023214375219576216,-0.0008285686653070057,-0.014604818848663381,0.004090908794336709,0.5372154839318302,0.5372154839318302,0.5372154839318302,0.0031427105810012063,"2618.TW,2395.TW,2327.TW,1301.TW,1326.TW,2603.TW,3008.TW,3711.TW,2408.TW,2002.TW,2454.TW,2609.TW,2885.TW,2892.TW,2886.TW",2025,123,15
2025-05-02,0.0008003447500080026,-0.0009977579431120764,-0.014604818848663381,0.004090908794336709,0.30712217810707126,0.30712217810707143,0.3071221781070713,0.0017966647419263677,"2618.TW,2395.TW,2327.TW,1301.TW,1326.TW,2603.TW,3008.TW,3711.TW,2408.TW,2002.TW,2454.TW,2609.TW,2885.TW,2892.TW,2886.TW,5871.TW,2379.TW,9910.TW,2883.TW,2887.TW",2025,123,20
2025-05-02,-0.0015748082303286282,-0.007415595602181191,-0.014604818848663381,0.004090908794336709,1.0,1.0,1.0,0.00585,"2618.TW,2395.TW,2327.TW",2025,123,3
2025-05-02,0.015854519019039736,0.012269046952812168,-0.014604818848663381,0.004090908794336709,0.6033356119673352,0.6033356119673352,0.6033356119673352,0.003529513330008911,"2618.TW,2395.TW,2327.TW,1301.TW,1326.TW",2025,123,5
2025-05-02,0.0017436012782641947,-0.0012248190133216097,-0.014604818848663381,0.004090908794336709,0.5065390698961696,0.5065390698961697,0.5065390698961696,0.0029632535588925927,"2618.TW,2395.TW,2327.TW,1301.TW,1326.TW,2603.TW,3008.TW,3711.TW,2408.TW,2002.TW",2025,123,10
2025-05-07,0.05371213635273219,0.04995341067363479,0.0511480075377333,0.04115257743433049,0.6097654073968486,0.6097654073968486,0.6097654073968486,0.0035671276332715643,"3711.TW,2881.TW,2408.TW,3008.TW,2454.TW,2327.TW,2395.TW,2883.TW,2887.TW,2882.TW,3037.TW,2345.TW,2912.TW,3231.TW,5876.TW",2025,123,15
2025-05-07,0.07248668077202938,0.06621263368951302,0.0511480075377333,0.04115257743433049,1.0,1.0,1.0,0.00585,"3711.TW,2881.TW,2408.TW",2025,123,3
2025-05-07,0.07187570292207002,0.06560523005997587,0.0511480075377333,0.04115257743433049,1.0,1.0,1.0,0.00585,"3711.TW,2881.TW,2408.TW,3008.TW,2454.TW",2025,123,5
2025-05-07,0.053805965302894096,0.05066359867144321,0.0511480075377333,0.04115257743433049,0.5097301655362201,0.5097301655362201,0.5097301655362201,0.0029819214683868877,"3711.TW,2881.TW,2408.TW,3008.TW,2454.TW,2327.TW,2395.TW,2883.TW,2887.TW,2882.TW,3037.TW,2345.TW,2912.TW,3231.TW,5876.TW,2317.TW,2603.TW,4904.TW,2412.TW,2379.TW",2025,123,20
2025-05-07,0.057332307765241605,0.05416395514707806,0.0511480075377333,0.04115257743433049,0.5122313336781693,0.5122313336781692,0.5122313336781692,0.0029965533020172904,"3711.TW,2881.TW,2408.TW,3008.TW,2454.TW,2327.TW,2395.TW,2883.TW,2887.TW,2882.TW",2025,123,10
2025-05-12,0.0037714922265387647,-0.0009560506534850299,0.007741152971592502,0.01165571891226894,0.8050905951171158,0.8050905951171158,0.8050905951171158,0.0047097799814351275,"1102.TW,4904.TW,1216.TW,2912.TW,2412.TW,2881.TW,3045.TW,5876.TW,5880.TW,2454.TW",2025,123,10
2025-05-12,-0.0016100145820006069,-0.007450595996695952,0.007741152971592502,0.01165571891226894,1.0,1.0,1.0,0.00585,"1102.TW,4904.TW,1216.TW,2912.TW,2412.TW",2025,123,5
2025-05-12,0.004592943757539528,0.0009925430541177782,0.007741152971592502,0.01165571891226894,0.612639293875621,0.612639293875621,0.612639293875621,0.003583939869172383,"1102.TW,4904.TW,1216.TW,2912.TW,2412.TW,2881.TW,3045.TW,5876.TW,5880.TW,2454.TW,2379.TW,2002.TW,1326.TW,2882.TW,2883.TW",2025,123,15
2025-05-12,0.005598731946796143,0.002550664222916721,0.007741152971592502,0.01165571891226894,0.5181363114375102,0.5181363114375099,0.51813631143751,0.0030310974219094336,"1102.TW,4904.TW,1216.TW,2912.TW,2412.TW,2881.TW,3045.TW,5876.TW,5880.TW,2454.TW,2379.TW,2002.TW,1326.TW,2882.TW,2883.TW,2887.TW,2891.TW,2880.TW,1303.TW,2884.TW",2025,123,20
2025-05-12,-0.0001486708666258432,-0.005997801142056058,0.007741152971592502,0.01165571891226894,1.0,0.9999999999999999,1.0,0.005849999999999999,"1102.TW,4904.TW,1216.TW",2025,123,3
2025-05-15,0.002225715141666629,-0.0013138558055356686,-0.007407485566334748,0.001610669147006194,0.6037111736692156,0.6037111736692153,0.6037111736692155,0.0035317103659649103,"1102.TW,2912.TW,1101.TW,2207.TW,2395.TW,5876.TW,2880.TW,2002.TW,5880.TW,1326.TW",2025,123,10
2025-05-15,0.0039869567988852035,0.0016043676152002195,-0.007407485566334748,0.001610669147006194,0.40566284211289144,0.4056628421128916,0.4056628421128915,0.002373127626360416,"1102.TW,2912.TW,1101.TW,2207.TW,2395.TW,5876.TW,2880.TW,2002.TW,5880.TW,1326.TW,1303.TW,2892.TW,2412.TW,3045.TW,2379.TW",2025,123,15
2025-05-15,0.0013823703298381448,-0.00216356644581861,-0.007407485566334748,0.001610669147006194,0.605306281130301,0.6053062811303009,0.6053062811303009,0.0035410417446122607,"1102.TW,2912.TW,1101.TW,2207.TW,2395.TW",2025,123,5
2025-05-15,0.0033884416502278523,0.0012972962503750018,-0.007407485566334748,0.001610669147006194,0.35625360754974555,0.3562536075497457,0.35625360754974567,0.002084083604166012,"1102.TW,2912.TW,1101.TW,2207.TW,2395.TW,5876.TW,2880.TW,2002.TW,5880.TW,1326.TW,1303.TW,2892.TW,2412.TW,3045.TW,2379.TW,1216.TW,1301.TW,3231.TW,2881.TW,2317.TW",2025,123,20
2025-05-15,0.007719265125874692,0.0037611269144788295,-0.007407485566334748,0.001610669147006194,0.6714219385061558,0.671421938506156,0.671421938506156,0.003927818340261012,"1102.TW,2912.TW,1101.TW",2025,123,3
2025-05-20,-0.0055704128083833735,-0.007535436836237253,-0.0013819547285470746,0.0002872733703104191,0.3377831347230147,0.3377831347230149,0.3377831347230148,0.0019760313381296368,"2207.TW,2454.TW,5876.TW,3034.TW,6669.TW,2880.TW,2327.TW,3008.TW,5880.TW,2395.TW,2412.TW,1303.TW,2379.TW,1101.TW,1326.TW",2025,123,15
2025-05-20,-0.0011437634223118386,-0.004082084373836614,-0.0013819547285470746,0.0002872733703104191,0.5028522297179023,0.5028522297179021,0.5028522297179022,0.0029416855438497277,"2207.TW,2454.TW,5876.TW,3034.TW,6669.TW,2880.TW,2327.TW,3008.TW,5880.TW,2395.TW",2025,123,10
2025-05-20,0.0032914704595188673,-0.002577784642669334,-0.0013819547285470746,0.0002872733703104191,1.0,1.0,1.0,0.00585,"2207.TW,2454.TW,5876.TW",2025,123,3
2025-05-20,-0.0003682935634915505,-0.005068839660836821,-0.0013819547285470746,0.0002872733703104191,0.8038081907752932,0.803808190775293,0.8038081907752931,0.004702277916035464,"2207.TW,2454.TW,5876.TW,3034.TW,6669.TW",2025,123,5
2025-05-20,-0.006369726157164696,-0.009010859334964816,-0.0013819547285470746,0.0002872733703104191,0.4543699691665438,0.45436996916654376,0.4543699691665438,0.002658064319624281,"2207.TW,2454.TW,5876.TW,3034.TW,6669.TW,2880.TW,2327.TW,3008.TW,5880.TW,2395.TW,2412.TW,1303.TW,2379.TW,1101.TW,1326.TW,2345.TW,2317.TW,2408.TW,9910.TW,3017.TW",2025,123,20
2025-05-23,-0.016906452000495942,-0.02265754925629304,0.0047052489369683315,-0.002368671476085642,1.0,0.9999999999999999,1.0,0.005849999999999999,"2002.TW,1303.TW,2880.TW,2609.TW,1102.TW",2025,123,5
2025-05-23,-0.001648355927565865,-0.004023999727425842,0.0047052489369683315,-0.002368671476085642,0.406763448181951,0.4067634481819509,0.406763448181951,0.002379566171864413,"2002.TW,1303.TW,2880.TW,2609.TW,1102.TW,5880.TW,3034.TW,1216.TW,6669.TW,1326.TW,2408.TW,3711.TW,2603.TW,2303.TW,2345.TW,1101.TW,2454.TW,3017.TW,2327.TW,2912.TW",2025,123,20
2025-05-23,-0.002462414907473907,-0.005993187798939648,0.0047052489369683315,-0.002368671476085642,0.6050407830619215,0.6050407830619215,0.6050407830619215,0.003539488580912241,"2002.TW,1303.TW,2880.TW,2609.TW,1102.TW,5880.TW,3034.TW,1216.TW,6669.TW,1326.TW,2408.TW,3711.TW,2603.TW,2303.TW,2345.TW",2025,123,15
2025-05-23,-0.010841160557883606,-0.016627739768620087,0.0047052489369683315,-0.002368671476085642,1.0,1.0,1.0,0.00585,"2002.TW,1303.TW,2880.TW",2025,123,3
2025-05-23,-0.0023529209587994657,-0.0058763548653204545,0.0047052489369683315,-0.002368671476085642,0.6037168924064225,0.6037168924064225,0.6037168924064225,0.0035317438205775716,"2002.TW,1303.TW,2880.TW,2609.TW,1102.TW,5880.TW,3034.TW,1216.TW,6669.TW,1326.TW",2025,123,10
2025-05-28,0.006974633023306099,0.0010838314201195853,-0.012121085398646758,-0.009923453067018664,1.0,0.9999999999999998,0.9999999999999999,0.005849999999999999,"5871.TW,2891.TW,2882.TW,2303.TW,2618.TW",2025,123,5
2025-05-28,0.011295077457426823,0.005379001254300686,-0.012121085398646758,-0.009923453067018664,1.0,1.0,1.0,0.00585,"5871.TW,2891.TW,2882.TW",2025,123,3
2025-05-28,-0.0022306138765369457,-0.007502112296881469,-0.012121085398646758,-0.009923453067018664,0.9031253650560934,0.9031253650560935,0.9031253650560935,0.005283283385578147,"5871.TW,2891.TW,2882.TW,2303.TW,2618.TW,2892.TW,2609.TW,2330.TW,2885.TW,2207.TW",2025,123,10
2025-05-28,0.002335799114357146,-0.002083000519591094,-0.012121085398646758,-0.009923453067018664,0.753590129620126,0.7535901296201256,0.7535901296201257,0.004408502258277736,"5871.TW,2891.TW,2882.TW,2303.TW,2618.TW,2892.TW,2609.TW,2330.TW,2885.TW,2207.TW,2615.TW,2886.TW,2603.TW,2883.TW,2408.TW,2412.TW,2317.TW,5880.TW,2881.TW,3045.TW",2025,123,20
2025-05-28,0.005062993080228935,0.0007245322971076718,-0.012121085398646758,-0.009923453067018664,0.7378813397666798,0.7378813397666798,0.7378813397666798,0.004316605837635077,"5871.TW,2891.TW,2882.TW,2303.TW,2618.TW,2892.TW,2609.TW,2330.TW,2885.TW,2207.TW,2615.TW,2886.TW,2603.TW,2883.TW,2408.TW",2025,123,15
2025-06-03,0.014198729051524897,0.008265666486573453,0.022866637301658166,0.009983009530706436,1.0,1.0,1.0,0.00585,"3231.TW,2887.TW,2892.TW",2025,123,3
2025-06-03,0.007229994836064853,0.004228427502602328,0.022866637301658166,0.009983009530706436,0.5094054344102613,0.5094054344102612,0.5094054344102612,0.0029800217913000283,"3231.TW,2887.TW,2892.TW,1101.TW,3711.TW,5871.TW,2330.TW,3037.TW,2207.TW,5876.TW,2412.TW,4904.TW,2615.TW,3008.TW,2883.TW,3045.TW,2317.TW,2884.TW,3034.TW,2886.TW",2025,123,20
2025-06-03,0.01846226196201546,0.01250425772953756,0.022866637301658166,0.009983009530706436,1.0,0.9999999999999999,1.0,0.005849999999999999,"3231.TW,2887.TW,2892.TW,1101.TW,3711.TW",2025,123,5
2025-06-03,0.005496969878686206,0.0019191488767376086,0.022866637301658166,0.009983009530706436,0.6082498028216055,0.6082498028216055,0.6082498028216055,0.0035582613465063922,"3231.TW,2887.TW,2892.TW,1101.TW,3711.TW,5871.TW,2330.TW,3037.TW,2207.TW,5876.TW,2412.TW,4904.TW,2615.TW,3008.TW,2883.TW",2025,123,15
2025-06-03,0.013589703133837063,0.009982189278170628,0.022866637301658166,0.009983009530706436,0.6084010455611673,0.608401045561167,0.6084010455611671,0.0035591461165328277,"3231.TW,2887.TW,2892.TW,1101.TW,3711.TW,5871.TW,2330.TW,3037.TW,2207.TW,5876.TW",2025,123,10
2025-06-06,0.01855929908256124,0.014340391014188603,0.028625830317365875,0.013032979559769611,0.7080401377102585,0.7080401377102585,0.7080401377102585,0.0041420348056050126,"2609.TW,2303.TW,2615.TW,3231.TW,2207.TW,2618.TW,2603.TW,1216.TW,2395.TW,1590.TW,2382.TW,2317.TW,2412.TW,6669.TW,2891.TW,2345.TW,2880.TW,2912.TW,2408.TW,5871.TW",2025,123,20
2025-06-06,0.024680435860219643,0.01985264133016451,0.028625830317365875,0.013032979559769611,0.8053867267787158,0.8053867267787157,0.8053867267787158,0.004711512351655487,"2609.TW,2303.TW,2615.TW,3231.TW,2207.TW",2025,123,5
2025-06-06,0.03282067477496893,0.026778673827535293,0.028625830317365875,0.013032979559769611,1.0,1.0,1.0,0.00585,"2609.TW,2303.TW,2615.TW",2025,123,3
2025-06-06,0.017144870819317325,0.012721378062471755,0.028625830317365875,0.013032979559769611,0.7434069911778891,0.743406991177889,0.7434069911778891,0.004348930898390651,"2609.TW,2303.TW,2615.TW,3231.TW,2207.TW,2618.TW,2603.TW,1216.TW,2395.TW,1590.TW,2382.TW,2317.TW,2412.TW,6669.TW,2891.TW",2025,123,15
2025-06-06,0.018930407410661102,0.014131777708160431,0.028625830317365875,0.013032979559769611,0.8050388678737792,0.8050388678737793,0.8050388678737792,0.0047094773770616095,"2609.TW,2303.TW,2615.TW,3231.TW,2207.TW,2618.TW,2603.TW,1216.TW,2395.TW,1590.TW",2025,123,10
2025-06-11,0.007047714457604003,0.003453161446181463,0.0,0.0037704190415466,0.6101533198523948,0.610153319852395,0.610153319852395,0.0035693969211365107,"2883.TW,2408.TW,2887.TW,2207.TW,2327.TW,1590.TW,1216.TW,5876.TW,2609.TW,2412.TW",2025,123,10
2025-06-11,0.010659176276645876,0.007651473830998734,0.0,0.0037704190415466,0.5087146906341117,0.5087146906341119,0.5087146906341118,0.0029759809402095543,"2883.TW,2408.TW,2887.TW,2207.TW,2327.TW,1590.TW,1216.TW,5876.TW,2609.TW,2412.TW,2880.TW,2317.TW,2884.TW,2886.TW,2912.TW,4904.TW,2885.TW,3045.TW,5880.TW,5871.TW",2025,123,20
2025-06-11,0.01655386299992956,0.010607022901379937,0.0,0.0037704190415466,1.0,1.0,1.0,0.00585,"2883.TW,2408.TW,2887.TW",2025,123,3
2025-06-11,0.008354616929245114,0.004772673182078302,0.0,0.0037704190415466,0.6072249446364677,0.6072249446364677,0.6072249446364677,0.003552265926123336,"2883.TW,2408.TW,2887.TW,2207.TW,2327.TW,1590.TW,1216.TW,5876.TW,2609.TW,2412.TW,2880.TW,2317.TW,2884.TW,2886.TW,2912.TW",2025,123,15
2025-06-11,0.011836347633837984,0.0070646592427201504,0.0,0.0037704190415466,0.8061315756825134,0.8061315756825134,0.8061315756825134,0.004715869717742703,"2883.TW,2408.TW,2887.TW,2207.TW,2327.TW",2025,123,5
2025-06-16,-0.007480220437220776,-0.01041228577145381,-0.001325188107547226,-0.011573027685472597,0.5049851496786796,0.5049851496786797,0.5049851496786797,0.002954163125620276,"2615.TW,1590.TW,2618.TW,3037.TW,2408.TW,2317.TW,2395.TW,5880.TW,2880.TW,2912.TW,2454.TW,2330.TW,1216.TW,2886.TW,2884.TW,2881.TW,2892.TW,2207.TW,2345.TW,1102.TW",2025,123,20
2025-06-16,0.022211221184534446,0.017427272669390703,-0.001325188107547226,-0.011573027685472597,0.8,0.8000000000000002,0.8,0.004680000000000001,"2615.TW,1590.TW,2618.TW,3037.TW,2408.TW",2025,123,5
2025-06-16,0.00028365680405527985,-0.0024777558400640443,-0.001325188107547226,-0.011573027685472597,0.47190249106964977,0.47190249106964977,0.47190249106964977,0.0027606295727574514,"2615.TW,1590.TW,2618.TW,3037.TW,2408.TW,2317.TW,2395.TW,5880.TW,2880.TW,2912.TW,2454.TW,2330.TW,1216.TW,2886.TW,2884.TW",2025,123,15
2025-06-16,0.0037281586729627546,-0.0010056857669951125,-0.001325188107547226,-0.011573027685472597,0.8061985416852583,0.8061985416852584,0.8061985416852584,0.004716261468858762,"2615.TW,1590.TW,2618.TW,3037.TW,2408.TW,2317.TW,2395.TW,5880.TW,2880.TW,2912.TW",2025,123,10
2025-06-16,0.0014178070881454286,-0.0044404870833202326,-0.001325188107547226,-0.011573027685472597,1.0,1.0000000000000002,1.0,0.005850000000000001,"2615.TW,1590.TW,2618.TW",2025,123,3
2025-06-19,0.026701249067083148,0.022468978625551417,0.016985305489266356,0.008264063735844304,0.7046499976481132,0.7046499976481131,0.7046499976481131,0.004122202486241462,"2345.TW,2382.TW,2615.TW,1301.TW,1326.TW,2912.TW,2327.TW,3037.TW,3231.TW,1303.TW",2025,123,10
2025-06-19,0.020624561567317425,0.017884637942410242,0.016985305489266356,0.008264063735844304,0.4588984338035478,0.4588984338035477,0.4588984338035478,0.0026845558377507545,"2345.TW,2382.TW,2615.TW,1301.TW,1326.TW,2912.TW,2327.TW,3037.TW,3231.TW,1303.TW,2317.TW,1590.TW,2395.TW,2330.TW,2886.TW,1216.TW,1102.TW,5871.TW,9910.TW,2882.TW",2025,123,20
2025-06-19,0.011947229805178596,0.007185590540229159,0.016985305489266356,0.008264063735844304,0.8043457266665999,0.8043457266665994,0.8043457266665996,0.004705422500999607,"2345.TW,2382.TW,2615.TW,1301.TW,1326.TW",2025,123,5
2025-06-19,0.013856798444264386,0.009899957802380399,0.016985305489266356,0.008264063735844304,0.6671386104472979,0.667138610447298,0.667138610447298,0.0039027608711166934,"2345.TW,2382.TW,2615.TW",2025,123,3
2025-06-19,0.02378241282184901,0.020947834474842164,0.016985305489266356,0.008264063735844304,0.4732873910629822,0.47328739106298234,0.47328739106298223,0.0027687312377184465,"2345.TW,2382.TW,2615.TW,1301.TW,1326.TW,2912.TW,2327.TW,3037.TW,3231.TW,1303.TW,2317.TW,1590.TW,2395.TW,2330.TW,2886.TW",2025,123,15
2025-06-24,-0.006434663266891983,-0.010547412344184659,0.009812033984420543,0.003606919468327645,0.7075871151242493,0.7075871151242493,0.7075871151242493,0.004139384623476858,"2408.TW,4904.TW,3045.TW,2887.TW,2412.TW,2615.TW,2345.TW,2883.TW,2892.TW,2912.TW",2025,123,10
2025-06-24,-0.003664616666172626,-0.00805839088953142,0.009812033984420543,0.003606919468327645,0.7538350332398477,0.7538350332398476,0.7538350332398476,0.0044099349444531085,"2408.TW,4904.TW,3045.TW,2887.TW,2412.TW,2615.TW,2345.TW,2883.TW,2892.TW,2912.TW,2885.TW,2884.TW,2886.TW,2303.TW,2609.TW,2603.TW,2379.TW,5880.TW,5876.TW,1102.TW",2025,123,20
2025-06-24,-0.002458219507248228,-0.008293838923130847,0.009812033984420543,0.003606919468327645,1.0,0.9999999999999999,1.0,0.005849999999999999,"2408.TW,4904.TW,3045.TW,2887.TW,2412.TW",2025,123,5
2025-06-24,-0.006193503922146275,-0.012007271924201701,0.009812033984420543,0.003606919468327645,1.0,1.0,1.0,0.00585,"2408.TW,4904.TW,3045.TW",2025,123,3
2025-06-24,-0.00580635267844313,-0.01010196034510591,0.009812033984420543,0.003606919468327645,0.7385803669229767,0.7385803669229768,0.7385803669229767,0.004320695146499414,"2408.TW,4904.TW,3045.TW,2887.TW,2412.TW,2615.TW,2345.TW,2883.TW,2892.TW,2912.TW,2885.TW,2884.TW,2886.TW,2303.TW,2609.TW",2025,123,15
2025-06-27,0.002312512827961506,-0.0012444957205467455,0.02026051086518943,0.009061701974770369,0.606632803178442,0.6066328031784421,0.606632803178442,0.0035488018985938862,"2615.TW,2357.TW,5876.TW,2885.TW,2412.TW,6669.TW,2883.TW,3231.TW,2886.TW,1216.TW,3711.TW,2408.TW,2603.TW,2382.TW,5880.TW",2025,123,15
2025-06-27,0.006674226825617585,0.004575067910012942,0.02026051086518943,0.009061701974770369,0.35645154539773805,0.35645154539773816,0.3564515453977381,0.002085241540576768,"2615.TW,2357.TW,5876.TW,2885.TW,2412.TW,6669.TW,2883.TW,3231.TW,2886.TW,1216.TW,3711.TW,2408.TW,2603.TW,2382.TW,5880.TW,2912.TW,2454.TW,2609.TW,2345.TW,2887.TW",2025,123,20
2025-06-27,0.006875429164261548,0.0027243023572058878,0.02026051086518943,0.009061701974770369,0.7047488750236092,0.7047488750236093,0.7047488750236093,0.004122780918888114,"2615.TW,2357.TW,5876.TW,2885.TW,2412.TW,6669.TW,2883.TW,3231.TW,2886.TW,1216.TW",2025,123,10
2025-06-27,0.015370152248256625,0.009430236857604246,0.02026051086518943,0.009061701974770369,1.0,1.0,1.0,0.00585,"2615.TW,2357.TW,5876.TW",2025,123,3
2025-06-27,0.007250250536534384,0.0025363193640233206,0.02026051086518943,0.009061701974770369,0.8,0.7999999999999999,0.8,0.00468,"2615.TW,2357.TW,5876.TW,2885.TW,2412.TW",2025,123,5
2025-07-02,-0.015905720409328472,-0.019014690602217055,-0.018237071985011677,-0.008194079192918891,0.5400375830264236,0.5400375830264235,0.5400375830264235,0.0031592198607045775,"2408.TW,6669.TW,2412.TW,3711.TW,2883.TW,2885.TW,4904.TW,3231.TW,3045.TW,2882.TW,2891.TW,2395.TW,3008.TW,1102.TW,9910.TW",2025,123,15
2025-07-02,-0.010272925692300473,-0.013494550081901258,-0.018237071985011677,-0.008194079192918891,0.5564210964407503,0.5564210964407504,0.5564210964407503,0.00325506341417839,"2408.TW,6669.TW,2412.TW,3711.TW,2883.TW,2885.TW,4904.TW,3231.TW,3045.TW,2882.TW,2891.TW,2395.TW,3008.TW,1102.TW,9910.TW,2881.TW,5880.TW,2002.TW,2886.TW,2892.TW",2025,123,20
2025-07-02,-0.015889872808722064,-0.01879666669824065,-0.018237071985011677,-0.008194079192918891,0.5049108129598285,0.5049108129598284,0.5049108129598285,0.002953728255814997,"2408.TW,6669.TW,2412.TW,3711.TW,2883.TW,2885.TW,4904.TW,3231.TW,3045.TW,2882.TW",2025,123,10
2025-07-02,-0.015156258893212085,-0.01978603107856114,-0.018237071985011677,-0.008194079192918891,0.8035935202149005,0.8035935202149005,0.8035935202149005,0.0047010220932571685,"2408.TW,6669.TW,2412.TW,3711.TW,2883.TW",2025,123,5
2025-07-02,-0.01953516335353,-0.025270882647911885,-0.018237071985011677,-0.008194079192918891,1.0,1.0,1.0,0.00585,"2408.TW,6669.TW,2412.TW",2025,123,3
2025-07-07,0.009518152640734578,0.005960102663469247,0.018782276487066873,0.006415674703423167,0.602479182505457,0.6024791825054571,0.602479182505457,0.0035245032176569237,"3008.TW,2885.TW,3231.TW,2345.TW,1590.TW,4904.TW,3045.TW,1102.TW,2327.TW,2603.TW",2025,123,10
2025-07-07,0.02671719925873477,0.020710903643071044,0.018782276487066873,0.006415674703423167,1.0,0.9999999999999999,1.0,0.005849999999999999,"3008.TW,2885.TW,3231.TW,2345.TW,1590.TW",2025,123,5
2025-07-07,0.010483318597620934,0.007496711480872387,0.018782276487066873,0.006415674703423167,0.5052345958334802,0.5052345958334801,0.5052345958334801,0.0029556223856258583,"3008.TW,2885.TW,3231.TW,2345.TW,1590.TW,4904.TW,3045.TW,1102.TW,2327.TW,2603.TW,2412.TW,2303.TW,3037.TW,2882.TW,1301.TW,5880.TW,2357.TW,2382.TW,2395.TW,3034.TW",2025,123,20
2025-07-07,0.005208817763136197,-0.0006716538207781619,0.018782276487066873,0.006415674703423167,1.0,1.0,1.0,0.00585,"3008.TW,2885.TW,3231.TW",2025,123,3
2025-07-07,0.012987002762948901,0.01018909330057638,0.018782276487066873,0.006415674703423167,0.4721433942080031,0.47214339420800333,0.4721433942080032,0.0027620388561168194,"3008.TW,2885.TW,3231.TW,2345.TW,1590.TW,4904.TW,3045.TW,1102.TW,2327.TW,2603.TW,2412.TW,2303.TW,3037.TW,2882.TW,1301.TW",2025,123,15
2025-07-10,-0.019028833305477645,-0.02476751463064064,0.016004849835283608,0.0035415427407977608,1.0,1.0,1.0,0.00585,"2408.TW,3034.TW,2618.TW,2382.TW,9910.TW",2025,123,5
2025-07-10,-0.0023244638590271824,-0.00816086574545194,0.016004849835283608,0.0035415427407977608,0.9999999999999999,1.0,1.0,0.00585,"2408.TW,3034.TW,2618.TW,2382.TW,9910.TW,2609.TW,1326.TW,1303.TW,2615.TW,2891.TW",2025,123,10
2025-07-10,0.0025074843608174687,-0.0010636550173689363,0.016004849835283608,0.0035415427407977608,0.6089243075801755,0.6089243075801755,0.6089243075801755,0.003562207199344027,"2408.TW,3034.TW,2618.TW,2382.TW,9910.TW,2609.TW,1326.TW,1303.TW,2615.TW,2891.TW,2207.TW,2603.TW,5876.TW,1101.TW,3045.TW,1301.TW,2912.TW,2303.TW,5880.TW,3008.TW",2025,123,20
2025-07-10,-0.02412960224565508,-0.02983844407251801,0.016004849835283608,0.0035415427407977608,1.0,0.9999999999999999,1.0,0.005849999999999999,"2408.TW,3034.TW,2618.TW",2025,123,3
2025-07-10,-0.004700424437855987,-0.009762727995429432,0.016004849835283608,0.0035415427407977608,0.8694377619862771,0.8694377619862772,0.8694377619862772,0.005086210907619721,"2408.TW,3034.TW,2618.TW,2382.TW,9910.TW,2609.TW,1326.TW,1303.TW,2615.TW,2891.TW,2207.TW,2603.TW,5876.TW,1101.TW,3045.TW",2025,123,15
2025-07-15,0.022975993729385337,0.0188579611848243,0.02612298712481187,0.01614502609564508,0.6881267902858259,0.6881267902858261,0.688126790285826,0.004025541723172083,"2408.TW,9910.TW,2395.TW",2025,123,3
2025-07-15,0.012084378138559372,0.007878632023573529,0.02612298712481187,0.01614502609564508,0.7103468597637155,0.7103468597637154,0.7103468597637155,0.004155529129617735,"2408.TW,9910.TW,2395.TW,5876.TW,2382.TW,2207.TW,2357.TW,6669.TW,2886.TW,2912.TW",2025,123,10
2025-07-15,0.012258405067955405,0.009433432192102575,0.02612298712481187,0.01614502609564508,0.47705343209003453,0.47705343209003465,0.4770534320900346,0.0027907625777267024,"2408.TW,9910.TW,2395.TW,5876.TW,2382.TW,2207.TW,2357.TW,6669.TW,2886.TW,2912.TW,3045.TW,1101.TW,2345.TW,2609.TW,4904.TW",2025,123,15
2025-07-15,0.012110635704176934,0.009088255854235117,0.02612298712481187,0.01614502609564508,0.5104640836381944,0.5104640836381944,0.5104640836381944,0.0029862148892834373,"2408.TW,9910.TW,2395.TW,5876.TW,2382.TW,2207.TW,2357.TW,6669.TW,2886.TW,2912.TW,3045.TW,1101.TW,2345.TW,2609.TW,4904.TW,2002.TW,2379.TW,2412.TW,5880.TW,2892.TW",2025,123,20
2025-07-15,0.015179384026463884,0.01271932699985423,0.02612298712481187,0.01614502609564508,0.41423474044884834,0.41423474044884834,0.41423474044884834,0.002423273231625763,"2408.TW,9910.TW,2395.TW,5876.TW,2382.TW",2025,123,5
2025-07-18,-0.0013719387665009465,-0.004313601546054646,-0.0019569030033015355,0.0062506295933960265,0.503539163283804,0.5035391632838041,0.503539163283804,0.002945704105210254,"2408.TW,2412.TW,1590.TW,2882.TW,2885.TW,2912.TW,3045.TW,3037.TW,5880.TW,2357.TW,3034.TW,4904.TW,2892.TW,2886.TW,2603.TW,2884.TW,5876.TW,2303.TW,2618.TW,2887.TW",2025,123,20
2025-07-18,0.004309383603318711,0.0007657992481084896,-0.0019569030033015355,0.0062506295933960265,0.6031417462687232,0.6031417462687232,0.6031417462687232,0.003528379215672031,"2408.TW,2412.TW,1590.TW,2882.TW,2885.TW,2912.TW,3045.TW,3037.TW,5880.TW,2357.TW,3034.TW,4904.TW,2892.TW,2886.TW,2603.TW",2025,123,15
2025-07-18,0.006320129820175247,0.0016039923679238566,-0.0019569030033015355,0.0062506295933960265,0.8011141965422472,0.8011141965422472,0.8011141965422472,0.004686518049772146,"2408.TW,2412.TW,1590.TW,2882.TW,2885.TW",2025,123,5
2025-07-18,0.010533571307138426,0.006566577729208323,-0.0019569030033015355,0.0062506295933960265,0.6710500072281249,0.6710500072281251,0.671050007228125,0.0039256425422845315,"2408.TW,2412.TW,1590.TW",2025,123,3
2025-07-18,0.005116278210254011,0.0009866106873182012,-0.0019569030033015355,0.0062506295933960265,0.7023327425894826,0.7023327425894828,0.7023327425894828,0.004108646544148473,"2408.TW,2412.TW,1590.TW,2882.TW,2885.TW,2912.TW,3045.TW,3037.TW,5880.TW,2357.TW",2025,123,10
2025-07-23,0.021220748887042975,0.01642936510140469,0.0009803328361859265,0.003072217162226565,0.8020204879793085,0.8020204879793085,0.8020204879793085,0.004691819854678954,"6669.TW,2382.TW,2892.TW,2412.TW,3017.TW",2025,123,5
2025-07-23,0.02514779738742545,0.019150682772709038,0.0009803328361859265,0.003072217162226565,1.0,1.0,1.0,0.00585,"6669.TW,2382.TW,2892.TW",2025,123,3
2025-07-23,0.00724454145720216,0.003108622231370317,0.0009803328361859265,0.003072217162226565,0.701909725353914,0.7019097253539142,0.7019097253539142,0.004106171893320397,"6669.TW,2382.TW,2892.TW,2412.TW,3017.TW,1216.TW,2379.TW,2884.TW,5880.TW,3037.TW",2025,123,10
2025-07-23,0.00638055767108242,0.0031384316744749174,0.0009803328361859265,0.003072217162226565,0.5506958255952289,0.5506958255952288,0.5506958255952288,0.0032215705797320887,"6669.TW,2382.TW,2892.TW,2412.TW,3017.TW,1216.TW,2379.TW,2884.TW,5880.TW,3037.TW,2345.TW,2891.TW,2603.TW,3231.TW,1590.TW,2912.TW,3008.TW,2880.TW,9910.TW,2882.TW",2025,123,20
2025-07-23,0.011460725088316037,0.007897184838122406,0.0009803328361859265,0.003072217162226565,0.6022499583135973,0.6022499583135973,0.6022499583135973,0.0035231622561345444,"6669.TW,2382.TW,2892.TW,2412.TW,3017.TW,1216.TW,2379.TW,2884.TW,5880.TW,3037.TW,2345.TW,2891.TW,2603.TW,3231.TW,1590.TW",2025,123,15
2025-07-28,-0.011816364334051806,-0.015724820324340305,-0.007835396859966814,-0.008799918995921925,0.6761011931165982,0.6761011931165983,0.6761011931165983,0.0039551919797321,"1216.TW,3008.TW,2887.TW,2884.TW,2892.TW,2912.TW,2891.TW,5880.TW,2880.TW,5871.TW,2881.TW,2882.TW,2454.TW,3034.TW,5876.TW",2025,123,15
2025-07-28,-0.005174409318279395,-0.009854379547235226,-0.007835396859966814,-0.008799918995921925,0.8041559429370996,0.8041559429370995,0.8041559429370995,0.004704312266182032,"1216.TW,3008.TW,2887.TW,2884.TW,2892.TW",2025,123,5
2025-07-28,-0.010443913442824655,-0.01623281654918418,-0.007835396859966814,-0.008799918995921925,1.0,1.0,1.0,0.00585,"1216.TW,3008.TW,2887.TW",2025,123,3
2025-07-28,-0.0070845709321542445,-0.010626505306268075,-0.007835396859966814,-0.008799918995921925,0.6097788891630953,0.6097788891630952,0.6097788891630953,0.003567206501604107,"1216.TW,3008.TW,2887.TW,2884.TW,2892.TW,2912.TW,2891.TW,5880.TW,2880.TW,5871.TW",2025,123,10
2025-07-28,-0.01585555116421049,-0.019078059081316545,-0.007835396859966814,-0.008799918995921925,0.5597308960669583,0.5597308960669583,0.5597308960669583,0.0032744257419917056,"1216.TW,3008.TW,2887.TW,2884.TW,2892.TW,2912.TW,2891.TW,5880.TW,2880.TW,5871.TW,2881.TW,2882.TW,2454.TW,3034.TW,5876.TW,2886.TW,2395.TW,2885.TW,2883.TW,2303.TW",2025,123,20
2025-07-31,0.016420692846736928,0.012841771847930783,0.019743393244657126,0.01979769654738548,0.6018977886054744,0.6018977886054744,0.6018977886054744,0.0035211020633420255,"2892.TW,1216.TW,5871.TW,5880.TW,9910.TW",2025,123,5
2025-07-31,0.014287797261880529,0.01128906956522635,0.019743393244657126,0.01979769654738548,0.5053822262802381,0.5053822262802381,0.5053822262802381,0.002956486023739393,"2892.TW,1216.TW,5871.TW,5880.TW,9910.TW,2303.TW,2615.TW,2886.TW,2885.TW,2891.TW",2025,123,10
2025-07-31,0.013804509826074292,0.011387639497145496,0.019743393244657126,0.01979769654738548,0.4075146866709126,0.40751468667091256,0.4075146866709126,0.0023839609170248385,"2892.TW,1216.TW,5871.TW,5880.TW,9910.TW,2303.TW,2615.TW,2886.TW,2885.TW,2891.TW,1590.TW,2882.TW,2881.TW,2207.TW,2618.TW,3034.TW,2379.TW,2609.TW,2395.TW,2603.TW",2025,123,20
2025-07-31,0.0064260571257609795,0.0024927247042363376,0.019743393244657126,0.01979769654738548,0.6680714511905078,0.6680714511905078,0.6680714511905078,0.003908217989464471,"2892.TW,1216.TW,5871.TW",2025,123,3
2025-07-31,0.019311357337006726,0.01611292266718123,0.019743393244657126,0.01979769654738548,0.5363826913783555,0.5363826913783554,0.5363826913783554,0.0031378387445633793,"2892.TW,1216.TW,5871.TW,5880.TW,9910.TW,2303.TW,2615.TW,2886.TW,2885.TW,2891.TW,1590.TW,2882.TW,2881.TW,2207.TW,2618.TW",2025,123,15
2025-08-06,0.010792592218152762,0.006041666884581298,0.023233194869577645,0.011096473868241061,0.8034526518071224,0.8034526518071224,0.8034526518071224,0.004700198013071666,"2379.TW,2408.TW,3711.TW,2330.TW,1303.TW,2454.TW,3034.TW,2395.TW,2886.TW,2303.TW",2025,123,10
2025-08-06,0.002697186342437019,3.167501390066718e-06,0.023233194869577645,0.011096473868241061,0.4592772847846954,0.45927728478469554,0.4592772847846955,0.0026867721159904686,"2379.TW,2408.TW,3711.TW,2330.TW,1303.TW,2454.TW,3034.TW,2395.TW,2886.TW,2303.TW,5871.TW,2002.TW,1216.TW,2912.TW,2615.TW,1590.TW,1102.TW,2412.TW,2603.TW,9910.TW",2025,123,20
2025-08-06,0.03264474563117163,0.026603773869229297,0.023233194869577645,0.011096473868241061,1.0,1.0,1.0,0.00585,"2379.TW,2408.TW,3711.TW,2330.TW,1303.TW",2025,123,5
2025-08-06,0.02066076754639501,0.014689902056248538,0.023233194869577645,0.011096473868241061,1.0,1.0000000000000002,1.0,0.005850000000000001,"2379.TW,2408.TW,3711.TW",2025,123,3
2025-08-06,0.006224085244152714,0.002252558021144102,0.023233194869577645,0.011096473868241061,0.6746941882531855,0.6746941882531854,0.6746941882531854,0.003946961001281135,"2379.TW,2408.TW,3711.TW,2330.TW,1303.TW,2454.TW,3034.TW,2395.TW,2886.TW,2303.TW,5871.TW,2002.TW,1216.TW,2912.TW,2615.TW",2025,123,15
2025-08-11,0.015672579462956686,0.012943807095570081,0.0056765000409602084,0.009931815993970663,0.4592590411218101,0.45925904112181015,0.45925904112181015,0.002686665390562589,"5880.TW,2887.TW,3034.TW,2880.TW,2408.TW,2912.TW,1216.TW,2379.TW,2395.TW,2883.TW,2892.TW,1590.TW,2886.TW,1102.TW,9910.TW,2884.TW,2357.TW,3045.TW,2603.TW,2618.TW",2025,123,20
2025-08-11,0.01401015531387907,0.010384999435307352,0.0056765000409602084,0.009931815993970663,0.611122839668235,0.6111228396682351,0.6111228396682351,0.0035750686120591753,"5880.TW,2887.TW,3034.TW,2880.TW,2408.TW,2912.TW,1216.TW,2379.TW,2395.TW,2883.TW",2025,123,10
2025-08-11,0.021846923684058075,0.017064680081216643,0.0056765000409602084,0.009931815993970663,0.8,0.8000000000000002,0.8,0.004680000000000001,"5880.TW,2887.TW,3034.TW,2880.TW,2408.TW",2025,123,5
2025-08-11,0.023334984049999747,0.017348474393307223,0.0056765000409602084,0.009931815993970663,1.0,0.9999999999999999,1.0,0.005849999999999999,"5880.TW,2887.TW,3034.TW",2025,123,3
2025-08-11,0.018035181059545623,0.014803062325362326,0.0056765000409602084,0.009931815993970663,0.542711037103041,0.5427110371030411,0.542711037103041,0.0031748595670527905,"5880.TW,2887.TW,3034.TW,2880.TW,2408.TW,2912.TW,1216.TW,2379.TW,2395.TW,2883.TW,2892.TW,1590.TW,2886.TW,1102.TW,9910.TW",2025,123,15
2025-08-14,-0.017021356868006453,-0.022771781930328583,-0.011288874404993265,-0.011624671816875588,1.0,0.9999999999999999,1.0,0.005849999999999999,"2382.TW,2357.TW,3231.TW,1101.TW,1303.TW",2025,123,5
2025-08-14,-0.008805582308704693,-0.01384939591001011,-0.011288874404993265,-0.011624671816875588,0.869849894035659,0.8698498940356595,0.8698498940356593,0.005088621880108607,"2382.TW,2357.TW,3231.TW,1101.TW,1303.TW,3017.TW,2912.TW,2395.TW,3045.TW,2330.TW,3711.TW,2891.TW,2412.TW,5876.TW,3037.TW",2025,123,15
2025-08-14,-0.011358960451882526,-0.016008934206281356,-0.011288874404993265,-0.011624671816875588,0.8039999116439127,0.8039999116439129,0.8039999116439128,0.004703399483116891,"2382.TW,2357.TW,3231.TW,1101.TW,1303.TW,3017.TW,2912.TW,2395.TW,3045.TW,2330.TW",2025,123,10
2025-08-14,-0.01747256225254353,-0.023220347763366234,-0.011288874404993265,-0.011624671816875588,1.0,1.0,1.0,0.00585,"2382.TW,2357.TW,3231.TW",2025,123,3
2025-08-14,-0.004779950985518783,-0.00889229590150209,-0.011288874404993265,-0.011624671816875588,0.7063412193104872,0.7063412193104871,0.7063412193104872,0.00413209613296635,"2382.TW,2357.TW,3231.TW,1101.TW,1303.TW,3017.TW,2912.TW,2395.TW,3045.TW,2330.TW,3711.TW,2891.TW,2412.TW,5876.TW,3037.TW,2885.TW,1326.TW,4904.TW,2880.TW,2883.TW",2025,123,20
2025-08-19,-0.006051238220721378,-0.00954106288158707,-0.001902848851551453,0.0035519371595782467,0.6001830748415116,0.6001830748415116,0.6001830748415116,0.0035110709878228424,"1101.TW,2615.TW,1303.TW,2603.TW,5876.TW",2025,123,5
2025-08-19,0.0054149474651965885,-0.0004667299774748779,-0.001902848851551453,0.0035519371595782467,1.0,0.9999999999999999,1.0,0.005849999999999999,"1101.TW,2615.TW,1303.TW",2025,123,3
2025-08-19,0.010953510026941237,0.006791523150365464,-0.001902848851551453,0.0035519371595782467,0.7037422997954317,0.7037422997954318,0.7037422997954317,0.004116892453803276,"1101.TW,2615.TW,1303.TW,2603.TW,5876.TW,1102.TW,2881.TW,2345.TW,2308.TW,3017.TW",2025,123,10
2025-08-19,0.0053394712395339996,0.0010057309744124776,-0.001902848851551453,0.0035519371595782467,0.7368757747239382,0.7368757747239383,0.7368757747239383,0.004310723282135039,"1101.TW,2615.TW,1303.TW,2603.TW,5876.TW,1102.TW,2881.TW,2345.TW,2308.TW,3017.TW,2885.TW,6669.TW,5880.TW,2618.TW,2882.TW",2025,123,15
2025-08-19,0.010639897737416314,0.0070675380744447125,-0.001902848851551453,0.0035519371595782467,0.6042308173418289,0.604230817341829,0.6042308173418289,0.0035347502814496996,"1101.TW,2615.TW,1303.TW,2603.TW,5876.TW,1102.TW,2881.TW,2345.TW,2308.TW,3017.TW,2885.TW,6669.TW,5880.TW,2618.TW,2882.TW,1590.TW,2382.TW,1326.TW,2891.TW,2408.TW",2025,123,20
2025-08-22,-0.009065518658482647,-0.012579195219825423,0.006672963268796739,-0.000773301027906792,0.6061232940560216,0.6061232940560216,0.6061232940560216,0.0035458212702277267,"2002.TW,2881.TW,2884.TW,2412.TW,2886.TW,2892.TW,2882.TW,2618.TW,4904.TW,2345.TW,2317.TW,2330.TW,2883.TW,3017.TW,5880.TW,2891.TW,6669.TW,3037.TW,3045.TW,2880.TW",2025,123,20
2025-08-22,-0.01240798844446799,-0.015888804793859568,0.006672963268796739,-0.000773301027906792,0.6024869934287507,0.6024869934287509,0.6024869934287508,0.003524548911558193,"2002.TW,2881.TW,2884.TW,2412.TW,2886.TW,2892.TW,2882.TW,2618.TW,4904.TW,2345.TW,2317.TW,2330.TW,2883.TW,3017.TW,5880.TW",2025,123,15
2025-08-22,-0.016238490368525694,-0.021993495199869817,0.006672963268796739,-0.000773301027906792,1.0,1.0,1.0,0.00585,"2002.TW,2881.TW,2884.TW,2412.TW,2886.TW",2025,123,5
2025-08-22,-0.014128398066013959,-0.019895746937327763,0.006672963268796739,-0.000773301027906792,1.0,1.0,1.0,0.00585,"2002.TW,2881.TW,2884.TW",2025,123,3
2025-08-22,-0.013346244802504171,-0.01797659416542785,0.006672963268796739,-0.000773301027906792,0.8022193271361393,0.8022193271361395,0.8022193271361394,0.004692983063746416,"2002.TW,2881.TW,2884.TW,2412.TW,2886.TW,2892.TW,2882.TW,2618.TW,4904.TW,2345.TW",2025,123,10
2025-08-27,-0.008248492896330256,-0.010325153706693069,-0.009469695694360736,-0.015335493474139492,0.3579371963294386,0.35793719632943843,0.35793719632943855,0.002093932598527215,"2881.TW,2207.TW,2891.TW,9910.TW,2882.TW,1303.TW,3045.TW,2883.TW,2912.TW,2886.TW,4904.TW,3017.TW,2412.TW,2884.TW,2892.TW,2303.TW,2885.TW,2618.TW,5880.TW,2327.TW",2025,123,20
2025-08-27,-0.01064618006707702,-0.012994952141035077,-0.009469695694360736,-0.015335493474139492,0.4058199318916112,0.4058199318916112,0.4058199318916112,0.002374046601565926,"2881.TW,2207.TW,2891.TW,9910.TW,2882.TW,1303.TW,3045.TW,2883.TW,2912.TW,2886.TW,4904.TW,3017.TW,2412.TW,2884.TW,2892.TW",2025,123,15
2025-08-27,-0.009514636273326327,-0.013594099219575773,-0.009469695694360736,-0.015335493474139492,0.7040428045824361,0.7040428045824362,0.7040428045824361,0.004118650406807252,"2881.TW,2207.TW,2891.TW,9910.TW,2882.TW,1303.TW,3045.TW,2883.TW,2912.TW,2886.TW",2025,123,10
2025-08-27,-0.0120551624724762,-0.01670077541360826,-0.009469695694360736,-0.015335493474139492,0.8038119539815493,0.8038119539815494,0.8038119539815494,0.004702299930792063,"2881.TW,2207.TW,2891.TW,9910.TW,2882.TW",2025,123,5
2025-08-27,-0.005317301272710462,-0.009237605051947817,-0.009469695694360736,-0.015335493474139492,0.6737197691461588,0.6737197691461589,0.6737197691461589,0.00394126064950503,"2881.TW,2207.TW,2891.TW",2025,123,3
2025-09-01,0.013462407725393232,0.008673250779523523,0.0076482246687497035,0.011033932726778101,0.8077845815945737,0.8077845815945737,0.8077845815945737,0.004725539802328256,"2317.TW,3017.TW,6669.TW,2002.TW,2327.TW,3037.TW,2345.TW,9910.TW,2454.TW,3008.TW,2308.TW,1303.TW,1301.TW,5871.TW,1590.TW,3231.TW,2382.TW,2408.TW,2330.TW,2357.TW",2025,123,20
2025-09-01,0.009568429598131978,0.004790400294857999,0.0076482246687497035,0.011033932726778101,0.809016131956408,0.8090161319564082,0.8090161319564081,0.0047327443719449875,"2317.TW,3017.TW,6669.TW,2002.TW,2327.TW,3037.TW,2345.TW,9910.TW,2454.TW,3008.TW,2308.TW,1303.TW,1301.TW,5871.TW,1590.TW",2025,123,15
2025-09-01,0.01690792751667599,0.011536814002463425,0.0076482246687497035,0.011033932726778101,0.9028733451814777,0.9028733451814779,0.9028733451814778,0.005281809069311645,"2317.TW,3017.TW,6669.TW,2002.TW,2327.TW,3037.TW,2345.TW,9910.TW,2454.TW,3008.TW",2025,123,10
2025-09-01,0.01816655910311456,0.012210284732361298,0.0076482246687497035,0.011033932726778101,1.0,1.0,1.0,0.00585,"2317.TW,3017.TW,6669.TW",2025,123,3
2025-09-01,0.012113931427268354,0.006193064928418979,0.0076482246687497035,0.011033932726778101,1.0,0.9999999999999999,1.0,0.005849999999999999,"2317.TW,3017.TW,6669.TW,2002.TW,2327.TW",2025,123,5
2025-09-04,0.016171765391388537,0.011384791571391606,0.03225808765286997,0.011967015373804435,0.805263589233087,0.8052635892330872,0.805263589233087,0.00471079199701356,"2395.TW,1303.TW,2885.TW,2330.TW,3017.TW",2025,123,5
2025-09-04,0.017687289760120455,0.01407113837992302,0.03225808765286997,0.011967015373804435,0.607402235732144,0.6074022357321442,0.6074022357321441,0.003553303079033044,"2395.TW,1303.TW,2885.TW,2330.TW,3017.TW,2327.TW,2618.TW,2883.TW,3711.TW,2884.TW,2379.TW,2002.TW,2454.TW,2880.TW,2308.TW,2886.TW,2892.TW,1216.TW,4904.TW,5871.TW",2025,123,20
2025-09-04,0.006467650807544411,0.0005798150503202315,0.03225808765286997,0.011967015373804435,1.0,1.0,1.0,0.00585,"2395.TW,1303.TW,2885.TW",2025,123,3
2025-09-04,0.017610999756640443,0.012826763051482226,0.03225808765286997,0.011967015373804435,0.8036648978770704,0.8036648978770706,0.8036648978770705,0.004701439652580863,"2395.TW,1303.TW,2885.TW,2330.TW,3017.TW,2327.TW,2618.TW,2883.TW,3711.TW,2884.TW",2025,123,10
2025-09-04,0.02263526169924987,0.018995729918573456,0.03225808765286997,0.011967015373804435,0.6083715358076286,0.6083715358076284,0.6083715358076285,0.003558973484474626,"2395.TW,1303.TW,2885.TW,2330.TW,3017.TW,2327.TW,2618.TW,2883.TW,3711.TW,2884.TW,2379.TW,2002.TW,2454.TW,2880.TW,2308.TW",2025,123,15
2025-09-09,0.004320828922301423,0.001325524219472296,0.0294117036424264,0.014313506992049951,0.5098150742018729,0.5098150742018728,0.5098150742018728,0.002982418184080956,"3017.TW,1303.TW,2883.TW,3008.TW,2912.TW,2618.TW,4904.TW,2884.TW,1216.TW,2882.TW",2025,123,10
2025-09-09,0.008494992483178329,0.006060396543370761,0.0294117036424264,0.014313506992049951,0.4126646629114295,0.41266466291142917,0.41266466291142934,0.0024140882780318614,"3017.TW,1303.TW,2883.TW,3008.TW,2912.TW,2618.TW,4904.TW,2884.TW,1216.TW,2882.TW,2002.TW,2379.TW,2881.TW,3034.TW,2880.TW,2892.TW,2207.TW,6669.TW,2412.TW,5871.TW",2025,123,20
2025-09-09,0.01099462215144953,0.007407953984184923,0.0294117036424264,0.014313506992049951,0.6064381117212687,0.6064381117212686,0.6064381117212687,0.003547662953569422,"3017.TW,1303.TW,2883.TW,3008.TW,2912.TW",2025,123,5
2025-09-09,0.006082973374898478,0.003247730961619899,0.0294117036424264,0.014313506992049951,0.481726493349593,0.48172649334959317,0.48172649334959305,0.0028180999860951197,"3017.TW,1303.TW,2883.TW,3008.TW,2912.TW,2618.TW,4904.TW,2884.TW,1216.TW,2882.TW,2002.TW,2379.TW,2881.TW,3034.TW,2880.TW",2025,123,15
2025-09-09,0.0273662509156205,0.02331372728043224,0.0294117036424264,0.014313506992049951,0.6742863923364846,0.6742863923364846,0.6742863923364846,0.003944575395168435,"3017.TW,1303.TW,2883.TW",2025,123,3
2025-09-12,-0.0021408819540027196,-0.0049274408617979715,0.008928596944201894,0.002380281387580352,0.4773568206362938,0.4773568206362937,0.47735682063629375,0.0027925374007223185,"1303.TW,3008.TW,2618.TW,5871.TW,2345.TW,2884.TW,3034.TW,9910.TW,2912.TW,4904.TW,5880.TW,2886.TW,1301.TW,1216.TW,2892.TW",2025,123,15
2025-09-12,-0.0011772550837983843,-0.0038674441585662134,0.008928596944201894,0.002380281387580352,0.46040339253665713,0.46040339253665746,0.4604033925366573,0.0026933598463394458,"1303.TW,3008.TW,2618.TW,5871.TW,2345.TW,2884.TW,3034.TW,9910.TW,2912.TW,4904.TW,5880.TW,2886.TW,1301.TW,1216.TW,2892.TW,1101.TW,2303.TW,5876.TW,2880.TW,2887.TW",2025,123,20
2025-09-12,0.0010210198081624044,-0.001385917009347093,0.008928596944201894,0.002380281387580352,0.4110225288836721,0.4110225288836721,0.4110225288836721,0.0024044817939694817,"1303.TW,3008.TW,2618.TW,5871.TW,2345.TW,2884.TW,3034.TW,9910.TW,2912.TW,4904.TW",2025,123,10
2025-09-12,0.007526439633032122,0.003502696110274428,0.008928596944201894,0.002380281387580352,0.6826812464099141,0.6826812464099141,0.6826812464099141,0.003993685291497998,"1303.TW,3008.TW,2618.TW",2025,123,3
2025-09-12,0.0007365711993671635,-0.0028560856172181737,0.008928596944201894,0.002380281387580352,0.6136773532923268,0.6136773532923269,0.6136773532923268,0.003590012516760112,"1303.TW,3008.TW,2618.TW,5871.TW,2345.TW",2025,123,5
2025-09-17,0.014720949086363268,0.00878483153420806,0.023893773986050304,0.014836260590430458,1.0,0.9999999999999999,1.0,0.005849999999999999,"2395.TW,2892.TW,2884.TW",2025,123,3
2025-09-17,0.00711800676775033,0.0029738692936853717,0.023893773986050304,0.014836260590430458,0.7033928134099859,0.703392813409986,0.703392813409986,0.004114847958448418,"2395.TW,2892.TW,2884.TW,3045.TW,2912.TW,2880.TW,5880.TW,3017.TW,2886.TW,4904.TW",2025,123,10
2025-09-17,0.00629997523640422,0.00041312038127117034,0.023893773986050304,0.014836260590430458,1.0,1.0,1.0,0.00585,"2395.TW,2892.TW,2884.TW,3045.TW,2912.TW",2025,123,5
2025-09-17,0.00935220270903751,0.0065746424255921365,0.023893773986050304,0.014836260590430458,0.4703973780158014,0.4703973780158014,0.4703973780158014,0.002751824661392438,"2395.TW,2892.TW,2884.TW,3045.TW,2912.TW,2880.TW,5880.TW,3017.TW,2886.TW,4904.TW,1216.TW,2883.TW,1590.TW,2357.TW,3008.TW",2025,123,15
2025-09-17,0.013936643530941352,0.011240885734988826,0.023893773986050304,0.014836260590430458,0.4544793813237634,0.45447938132376364,0.45447938132376353,0.0026587043807440166,"2395.TW,2892.TW,2884.TW,3045.TW,2912.TW,2880.TW,5880.TW,3017.TW,2886.TW,4904.TW,1216.TW,2883.TW,1590.TW,2357.TW,3008.TW,6669.TW,1301.TW,1101.TW,2891.TW,2317.TW",2025,123,20
2025-09-22,-0.015327642162038028,-0.018427595348121883,0.0008643328814066376,-0.006924606420492128,0.5381551775244446,0.5381551775244447,0.5381551775244446,0.003148207788518002,"2345.TW,2454.TW,3017.TW,2883.TW,2880.TW,2886.TW,2891.TW,2615.TW,2395.TW,1216.TW,2412.TW,2603.TW,2609.TW,2881.TW,3045.TW",2025,123,15
2025-09-22,-0.04082916495567471,-0.046440314340683964,0.0008643328814066376,-0.006924606420492128,1.0,0.9999999999999998,0.9999999999999999,0.005849999999999999,"2345.TW,2454.TW,3017.TW",2025,123,3
2025-09-22,-0.011859116439281298,-0.01421940492462237,0.0008643328814066376,-0.006924606420492128,0.4083103167419242,0.40831031674192414,0.4083103167419242,0.002388615352940256,"2345.TW,2454.TW,3017.TW,2883.TW,2880.TW,2886.TW,2891.TW,2615.TW,2395.TW,1216.TW,2412.TW,2603.TW,2609.TW,2881.TW,3045.TW,2892.TW,6669.TW,2912.TW,5880.TW,5876.TW",2025,123,20
2025-09-22,-0.01984246923266059,-0.023293425148044222,0.0008643328814066376,-0.006924606420492128,0.6018491676749511,0.6018491676749513,0.6018491676749512,0.003520817630898465,"2345.TW,2454.TW,3017.TW,2883.TW,2880.TW,2886.TW,2891.TW,2615.TW,2395.TW,1216.TW",2025,123,10
2025-09-22,-0.02779782935082114,-0.03348521204911881,0.0008643328814066376,-0.006924606420492128,1.0,1.0,1.0,0.00585,"2345.TW,2454.TW,3017.TW,2883.TW,2880.TW",2025,123,5
2025-09-25,0.007685834824527992,0.006164733076792217,0.01899826853000075,0.010967382523855958,0.2580341846529805,0.2580341846529804,0.25803418465298045,0.0015094999802199355,"3017.TW,2345.TW,2454.TW,2891.TW,2615.TW,2395.TW,2880.TW,2327.TW,1216.TW,2884.TW,2883.TW,2412.TW,5880.TW,2618.TW,2892.TW,2885.TW,2881.TW,3045.TW,5871.TW,2603.TW",2025,123,20
2025-09-25,0.05282863746102583,0.052708045554093585,0.01899826853000075,0.010967382523855958,0.019579635708523613,0.01957963570852378,0.019579635708523696,0.00011454086889486387,"3017.TW,2345.TW,2454.TW",2025,123,3
2025-09-25,0.012549911035480095,0.010523001516470343,0.01899826853000075,0.010967382523855958,0.34218585758943504,0.34218585758943515,0.3421858575894351,0.0020017872668981955,"3017.TW,2345.TW,2454.TW,2891.TW,2615.TW,2395.TW,2880.TW,2327.TW,1216.TW,2884.TW,2883.TW,2412.TW,5880.TW,2618.TW,2892.TW",2025,123,15
2025-09-25,0.027479130984696194,0.02498339104627556,0.01899826853000075,0.010967382523855958,0.4152125321386964,0.4152125321386964,0.4152125321386964,0.002428993313011374,"3017.TW,2345.TW,2454.TW,2891.TW,2615.TW",2025,123,5
2025-09-25,0.017179757949096226,0.015923177024348645,0.01899826853000075,0.010967382523855958,0.21117226959924895,0.21117226959924879,0.21117226959924887,0.0012353577771556058,"3017.TW,2345.TW,2454.TW,2891.TW,2615.TW,2395.TW,2880.TW,2327.TW,1216.TW,2884.TW",2025,123,10
2025-10-01,0.018380017310385282,0.014458248999620782,0.03389826065221335,0.012704383600536997,0.658288393364546,0.658288393364546,0.658288393364546,0.0038509871011825946,"3711.TW,3034.TW,5871.TW,2379.TW,2454.TW,2327.TW,2882.TW,2618.TW,1590.TW,2408.TW,2885.TW,2609.TW,5876.TW,2002.TW,2395.TW,2207.TW,2880.TW,1301.TW,2886.TW,2303.TW",2025,123,20
2025-10-01,0.02534410704806833,0.020465668466956632,0.03389826065221335,0.012704383600536997,0.813308546120365,0.813308546120365,0.813308546120365,0.0047578549948041355,"3711.TW,3034.TW,5871.TW,2379.TW,2454.TW",2025,123,5
2025-10-01,0.04287962152597108,0.037964114507922364,0.03389826065221335,0.012704383600536997,0.8057091082989697,0.8057091082989696,0.8057091082989696,0.004713398283548972,"3711.TW,3034.TW,5871.TW,2379.TW,2454.TW,2327.TW,2882.TW,2618.TW,1590.TW,2408.TW",2025,123,10
2025-10-01,0.027225749455367335,0.02277795689701123,0.03389826065221335,0.012704383600536997,0.7401551417835326,0.7401551417835329,0.7401551417835328,0.004329907579433667,"3711.TW,3034.TW,5871.TW,2379.TW,2454.TW,2327.TW,2882.TW,2618.TW,1590.TW,2408.TW,2885.TW,2609.TW,5876.TW,2002.TW,2395.TW",2025,123,15
2025-10-01,0.015301445352313443,0.009361931897002407,0.03389826065221335,0.012704383600536997,1.0,1.0,1.0,0.00585,"3711.TW,3034.TW,5871.TW",2025,123,3
2025-10-07,-1.4328697604702603e-06,-0.0032844434946528445,0.013934440829602712,0.0031945236134404784,0.5611992015428575,0.5611992015428576,0.5611992015428575,0.0032830153290257166,"2345.TW,5871.TW,2892.TW,1326.TW,5880.TW,2002.TW,2912.TW,2884.TW,2891.TW,2880.TW,2412.TW,2886.TW,2609.TW,1101.TW,2883.TW,2882.TW,2615.TW,1301.TW,5876.TW,2454.TW",2025,123,20
2025-10-07,-0.0003347446374029287,-0.005057714033516514,0.013934440829602712,0.0031945236134404784,0.8076155408882577,0.8076155408882579,0.8076155408882578,0.004724550914196309,"2345.TW,5871.TW,2892.TW,1326.TW,5880.TW",2025,123,5
2025-10-07,-0.0029814460082468876,-0.007692128293993239,0.013934440829602712,0.0031945236134404784,0.8076528084120099,0.8076528084120099,0.8076528084120099,0.004724768929210258,"2345.TW,5871.TW,2892.TW,1326.TW,5880.TW,2002.TW,2912.TW,2884.TW,2891.TW,2880.TW,2412.TW,2886.TW,2609.TW,1101.TW,2883.TW",2025,123,15
2025-10-07,-0.0015139568100627587,-0.005463665967608944,0.013934440829602712,0.0031945236134404784,0.6761876774941376,0.6761876774941376,0.6761876774941376,0.0039556979133407045,"2345.TW,5871.TW,2892.TW",2025,123,3
2025-10-07,-0.0018766224795198298,-0.007163419900115042,0.013934440829602712,0.0031945236134404784,0.9054251960790938,0.9054251960790939,0.9054251960790938,0.005296737397062699,"2345.TW,5871.TW,2892.TW,1326.TW,5880.TW,2002.TW,2912.TW,2884.TW,2891.TW,2880.TW",2025,123,10
2025-10-13,-0.010289622135682873,-0.01377987086896626,0.0032336508851056323,0.00451288364023787,0.6028265727379991,0.6028265727379991,0.6028265727379991,0.003526535450517295,"2317.TW,2345.TW,3008.TW,1101.TW,5880.TW",2025,123,5
2025-10-13,-0.007404971050025081,-0.010527523261856686,0.0032336508851056323,0.00451288364023787,0.5377516442176368,0.5377516442176369,0.5377516442176369,0.0031458471186731757,"2317.TW,2345.TW,3008.TW,1101.TW,5880.TW,2618.TW,3017.TW,2408.TW,2891.TW,2886.TW,5876.TW,2412.TW,3034.TW,3231.TW,2912.TW",2025,123,15
2025-10-13,-0.017802825124822487,-0.021633394106835624,0.0032336508851056323,0.00451288364023787,0.6666666666666666,0.6666666666666666,0.6666666666666666,0.0039,"2317.TW,2345.TW,3008.TW",2025,123,3
2025-10-13,-0.00470639678470392,-0.007358167318924025,0.0032336508851056323,0.00451288364023787,0.4554375783681421,0.4554375783681421,0.4554375783681421,0.0026643098334536313,"2317.TW,2345.TW,3008.TW,1101.TW,5880.TW,2618.TW,3017.TW,2408.TW,2891.TW,2886.TW,5876.TW,2412.TW,3034.TW,3231.TW,2912.TW,2884.TW,1102.TW,2207.TW,2882.TW,2892.TW",2025,123,20
2025-10-13,6.791916366573141e-05,-0.004039139906861111,0.0032336508851056323,0.00451288364023787,0.7020136993938648,0.7020136993938649,0.7020136993938648,0.00410678014145411,"2317.TW,2345.TW,3008.TW,1101.TW,5880.TW,2618.TW,3017.TW,2408.TW,2891.TW,2886.TW",2025,123,10
2025-10-16,-0.004254844604340854,-0.006304960393374026,0.00886379358385403,0.00619611874911395,0.35194461306238506,0.35194461306238506,0.35194461306238506,0.0020588759864149527,"2345.TW,2408.TW,3008.TW",2025,123,3
2025-10-16,0.0001462700647604446,-0.0034468487853368535,0.00886379358385403,0.00619611874911395,0.6141185232878131,0.614118523287813,0.614118523287813,0.003592593361233707,"2345.TW,2408.TW,3008.TW,1102.TW,2884.TW",2025,123,5
2025-10-16,-0.0016294844624976505,-0.0043890056668152155,0.00886379358385403,0.00619611874911395,0.47248292997226293,0.4724829299722629,0.47248292997226293,0.002764025140337738,"2345.TW,2408.TW,3008.TW,1102.TW,2884.TW,5876.TW,2379.TW,2885.TW,3017.TW,2886.TW,5871.TW,2912.TW,1301.TW,3045.TW,2412.TW",2025,123,15
2025-10-16,-1.7891518288682475e-05,-0.0018006884822242553,0.00886379358385403,0.00619611874911395,0.3047570703334695,0.30475707033346955,0.30475707033346955,0.0017828288614507967,"2345.TW,2408.TW,3008.TW,1102.TW,2884.TW,5876.TW,2379.TW,2885.TW,3017.TW,2886.TW,5871.TW,2912.TW,1301.TW,3045.TW,2412.TW,2891.TW,1216.TW,1101.TW,2207.TW,2882.TW",2025,123,20
2025-10-16,-0.006100273759810282,-0.009060093704942873,0.00886379358385403,0.00619611874911395,0.5090575175898839,0.509057517589884,0.5090575175898839,0.0029779864779008215,"2345.TW,2408.TW,3008.TW,1102.TW,2884.TW,5876.TW,2379.TW,2885.TW,3017.TW,2886.TW",2025,123,10
2025-10-21,0.054648798425963756,0.0508555024796431,0.015175779004961143,0.01889876597092246,0.6148270954828521,0.614827095482852,0.6148270954828521,0.003596738508574684,"2345.TW,2615.TW,2408.TW,2603.TW,5871.TW",2025,123,5
2025-10-21,0.016352465562090256,0.01334467557135599,0.015175779004961143,0.01889876597092246,0.505879753913829,0.505879753913829,0.505879753913829,0.0029593965603959,"2345.TW,2615.TW,2408.TW,2603.TW,5871.TW,2609.TW,2618.TW,5876.TW,2892.TW,2891.TW,2880.TW,2002.TW,2886.TW,2882.TW,1101.TW,3045.TW,5880.TW,1216.TW,2357.TW,2454.TW",2025,123,20
2025-10-21,0.019311182271366432,0.015292930440695018,0.015175779004961143,0.01889876597092246,0.6738674771378753,0.6738674771378753,0.6738674771378753,0.003942124741256571,"2345.TW,2615.TW,2408.TW,2603.TW,5871.TW,2609.TW,2618.TW,5876.TW,2892.TW,2891.TW,2880.TW,2002.TW,2886.TW,2882.TW,1101.TW",2025,123,15
2025-10-21,0.027261332614834665,0.023012169702113727,0.015175779004961143,0.01889876597092246,0.707076779386094,0.7070767793860941,0.7070767793860941,0.004136399159408651,"2345.TW,2615.TW,2408.TW,2603.TW,5871.TW,2609.TW,2618.TW,5876.TW,2892.TW,2891.TW",2025,123,10
2025-10-21,0.07645189472160821,0.07420578710082326,0.015175779004961143,0.01889876597092246,0.35668107653459713,0.3566810765345972,0.35668107653459713,0.002086584297727394,"2345.TW,2615.TW,2408.TW",2025,123,3
2025-10-27,0.02583681131697979,0.02096213442535988,0.01652239543688183,0.007891305625254646,0.812291089517297,0.8122910895172968,0.8122910895172969,0.004751902873676187,"2884.TW,2379.TW,2618.TW,2615.TW,6669.TW",2025,123,5
2025-10-27,-0.013285873236150048,-0.01905815087771856,0.01652239543688183,0.007891305625254646,1.0,1.0,1.0,0.00585,"2884.TW,2379.TW,2618.TW",2025,123,3
2025-10-27,0.0014526017220985329,-0.0009463552525599273,0.01652239543688183,0.007891305625254646,0.4094832991806766,0.40948329918067666,0.4094832991806766,0.0023954773002069583,"2884.TW,2379.TW,2618.TW,2615.TW,6669.TW,2886.TW,2412.TW,5880.TW,2880.TW,2892.TW,2882.TW,3045.TW,1216.TW,1101.TW,2207.TW,2609.TW,5876.TW,3008.TW,1102.TW,9910.TW",2025,123,20
2025-10-27,0.0025637695924031565,-0.0006274442731653007,0.01652239543688183,0.007891305625254646,0.544111666740869,0.5441116667408692,0.5441116667408691,0.003183053250434085,"2884.TW,2379.TW,2618.TW,2615.TW,6669.TW,2886.TW,2412.TW,5880.TW,2880.TW,2892.TW,2882.TW,3045.TW,1216.TW,1101.TW,2207.TW",2025,123,15
2025-10-27,0.010417118791036928,0.006211666815859829,0.01652239543688183,0.007891305625254646,0.7114692201351589,0.711469220135159,0.7114692201351589,0.00416209493779068,"2884.TW,2379.TW,2618.TW,2615.TW,6669.TW,2886.TW,2412.TW,5880.TW,2880.TW,2892.TW",2025,123,10
2025-10-30,-0.00045203991493056816,-0.004057107948723604,-0.02554182797822313,-0.025890810825632816,0.6165296419544245,0.6165296419544244,0.6165296419544244,0.003606698405433383,"2379.TW,2884.TW,2880.TW,2887.TW,3045.TW",2025,123,5
2025-10-30,-0.021706574446465926,-0.024809019674164046,-0.02554182797822313,-0.025890810825632816,0.5420996438314512,0.5420996438314512,0.5420996438314512,0.0031712829164139895,"2379.TW,2884.TW,2880.TW,2887.TW,3045.TW,2207.TW,3008.TW,2912.TW,1101.TW,9910.TW,3034.TW,2408.TW,2885.TW,2882.TW,2308.TW",2025,123,15
2025-10-30,-0.003783713080960482,-0.005739207122894219,-0.02554182797822313,-0.025890810825632816,0.3355420807608091,0.3355420807608091,0.3355420807608091,0.0019629211724507332,"2379.TW,2884.TW,2880.TW",2025,123,3
2025-10-30,-0.012467282827750614,-0.016553754972226775,-0.02554182797822313,-0.025890810825632816,0.7073611180389446,0.7073611180389446,0.7073611180389446,0.004138062540527826,"2379.TW,2884.TW,2880.TW,2887.TW,3045.TW,2207.TW,3008.TW,2912.TW,1101.TW,9910.TW",2025,123,10
2025-10-30,-0.020825526638438487,-0.02317737886557325,-0.02554182797822313,-0.025890810825632816,0.41057649343355773,0.41057649343355773,0.41057649343355773,0.0024018724865863127,"2379.TW,2884.TW,2880.TW,2887.TW,3045.TW,2207.TW,3008.TW,2912.TW,1101.TW,9910.TW,3034.TW,2408.TW,2885.TW,2882.TW,2308.TW,5876.TW,4904.TW,2327.TW,2892.TW,2412.TW",2025,123,20
2025-11-04,0.023719788425497067,0.017731027663207888,-0.0023827832552326678,0.012300900993808697,1.0,1.0,1.0,0.00585,"3231.TW,2382.TW,2308.TW,1326.TW,2395.TW",2025,123,5
2025-11-04,0.04449645068310803,0.03896898167749918,-0.0023827832552326678,0.012300900993808697,0.9046143680692407,0.9046143680692408,0.9046143680692407,0.005291994053205058,"3231.TW,2382.TW,2308.TW,1326.TW,2395.TW,2357.TW,1301.TW,2408.TW,2317.TW,1101.TW",2025,123,10
2025-11-04,0.02856703611224317,0.024583349849438108,-0.0023827832552326678,0.012300900993808697,0.6620589488360838,0.6620589488360836,0.6620589488360837,0.0038730448506910896,"3231.TW,2382.TW,2308.TW,1326.TW,2395.TW,2357.TW,1301.TW,2408.TW,2317.TW,1101.TW,2609.TW,2327.TW,3045.TW,1216.TW,3017.TW,2002.TW,2912.TW,2603.TW,2883.TW,2412.TW",2025,123,20
2025-11-04,0.035962088752946805,0.03145625182482248,-0.0023827832552326678,0.012300900993808697,0.7434910438173185,0.7434910438173186,0.7434910438173186,0.004349422606331314,"3231.TW,2382.TW,2308.TW,1326.TW,2395.TW,2357.TW,1301.TW,2408.TW,2317.TW,1101.TW,2609.TW,2327.TW,3045.TW,1216.TW,3017.TW",2025,123,15
2025-11-04,0.03236627996269388,0.026326937224911973,-0.0023827832552326678,0.012300900993808697,1.0,1.0,1.0,0.00585,"3231.TW,2382.TW,2308.TW",2025,123,3
2025-11-07,0.01537550388486845,0.011415539419717513,-8.424093822512191e-08,0.010993510692929918,0.6666666666666666,0.6666666666666667,0.6666666666666667,0.0039000000000000003,"2330.TW,6669.TW,2308.TW",2025,123,3
2025-11-07,0.00907300513299172,0.0060878223603100245,-8.424093822512191e-08,0.010993510692929918,0.5056994398364704,0.5056994398364704,0.5056994398364704,0.002958341723043352,"2330.TW,6669.TW,2308.TW,2317.TW,2303.TW,3231.TW,2881.TW,2408.TW,2887.TW,3037.TW,2357.TW,2885.TW,2345.TW,2327.TW,3711.TW,2382.TW,2883.TW,3017.TW,2454.TW,2395.TW",2025,123,20
2025-11-07,0.01325079878930152,0.009663318237147722,-8.424093822512191e-08,0.010993510692929918,0.6052248264323588,0.6052248264323585,0.6052248264323586,0.003540565234629298,"2330.TW,6669.TW,2308.TW,2317.TW,2303.TW,3231.TW,2881.TW,2408.TW,2887.TW,3037.TW,2357.TW,2885.TW,2345.TW,2327.TW,3711.TW",2025,123,15
2025-11-07,0.025072971466741138,0.021450950093277132,-8.424093822512191e-08,0.010993510692929918,0.6040047586494679,0.604004758649468,0.6040047586494679,0.0035334278380993876,"2330.TW,6669.TW,2308.TW,2317.TW,2303.TW,3231.TW,2881.TW,2408.TW,2887.TW,3037.TW",2025,123,10
2025-11-07,0.01600710591535603,0.011252192659672033,-8.424093822512191e-08,0.010993510692929918,0.8,0.8,0.8,0.00468,"2330.TW,6669.TW,2308.TW,2317.TW,2303.TW",2025,123,5
2025-11-12,-0.023596632502365385,-0.027064966433859583,-0.023885308724435395,-0.01798039331234749,0.6072056025847705,0.6072056025847703,0.6072056025847704,0.0035521527751209065,"2303.TW,3017.TW,2357.TW,2308.TW,2880.TW,2408.TW,2207.TW,9910.TW,2382.TW,5880.TW,4904.TW,2887.TW,2615.TW,2881.TW,2883.TW",2025,123,15
2025-11-12,-0.019284202811084374,-0.021626436945216154,-0.023885308724435395,-0.01798039331234749,0.4082547710743821,0.408254771074382,0.408254771074382,0.002388290410785135,"2303.TW,3017.TW,2357.TW,2308.TW,2880.TW,2408.TW,2207.TW,9910.TW,2382.TW,5880.TW,4904.TW,2887.TW,2615.TW,2881.TW,2883.TW,2327.TW,2379.TW,2330.TW,2345.TW,3045.TW",2025,123,20
2025-11-12,-0.05185306443901647,-0.05524472545654491,-0.023885308724435395,-0.01798039331234749,0.6114781289298681,0.6114781289298681,0.6114781289298681,0.0035771470542397283,"2303.TW,3017.TW,2357.TW,2308.TW,2880.TW",2025,123,5
2025-11-12,-0.060334053104727836,-0.06583109889406524,-0.023885308724435395,-0.01798039331234749,1.0,0.9999999999999998,0.9999999999999999,0.005849999999999999,"2303.TW,3017.TW,2357.TW",2025,123,3
2025-11-12,-0.027087804929701385,-0.031114322900352653,-0.023885308724435395,-0.01798039331234749,0.7074571309562661,0.707457130956266,0.7074571309562661,0.004138624216094156,"2303.TW,3017.TW,2357.TW,2308.TW,2880.TW,2408.TW,2207.TW,9910.TW,2382.TW,5880.TW",2025,123,10
2025-11-17,-0.033522932759535586,-0.03917682360289232,-0.019575881124135774,-0.017878462550941762,1.0,0.9999999999999999,1.0,0.005849999999999999,"1590.TW,2317.TW,2330.TW",2025,123,3
2025-11-17,-0.03364911881962318,-0.03930227147452836,-0.019575881124135774,-0.017878462550941762,1.0,0.9999999999999998,0.9999999999999999,0.005849999999999999,"1590.TW,2317.TW,2330.TW,2883.TW,3711.TW",2025,123,5
2025-11-17,-0.028079933410959667,-0.03264841946682273,-0.019575881124135774,-0.017878462550941762,0.8035000142220706,0.8035000142220706,0.8035000142220706,0.004700475083199113,"1590.TW,2317.TW,2330.TW,2883.TW,3711.TW,2308.TW,2408.TW,2885.TW,2327.TW,4904.TW",2025,123,10
2025-11-17,-0.026164832071387322,-0.02924662390975241,-0.019575881124135774,-0.017878462550941762,0.5409560478008695,0.5409560478008695,0.5409560478008695,0.0031645928796350865,"1590.TW,2317.TW,2330.TW,2883.TW,3711.TW,2308.TW,2408.TW,2885.TW,2327.TW,4904.TW,5880.TW,2357.TW,2887.TW,6669.TW,3008.TW",2025,123,15
2025-11-17,-0.028840676886750835,-0.031177051741571593,-0.019575881124135774,-0.017878462550941762,0.41124077950780535,0.41124077950780524,0.4112407795078053,0.002405758560120661,"1590.TW,2317.TW,2330.TW,2883.TW,3711.TW,2308.TW,2408.TW,2885.TW,2327.TW,4904.TW,5880.TW,2357.TW,2887.TW,6669.TW,3008.TW,2891.TW,3017.TW,2382.TW,3231.TW,2345.TW",2025,123,20
2025-11-20,0.017224098401908253,0.013993721369516932,0.01663893198727462,0.016232817281379604,0.5428510816699292,0.5428510816699292,0.5428510816699292,0.003175678827769086,"2408.TW,1590.TW,3017.TW,1102.TW,1303.TW,2891.TW,2882.TW,2881.TW,2885.TW,4904.TW,2887.TW,2609.TW,5880.TW,2345.TW,2883.TW",2025,123,15
2025-11-20,0.014929085338665236,0.01016043223703944,0.01663893198727462,0.016232817281379604,0.8031638743255269,0.8031638743255269,0.8031638743255269,0.004698508664804333,"2408.TW,1590.TW,3017.TW,1102.TW,1303.TW",2025,123,5
2025-11-20,0.013014345124251939,0.009376228294823763,0.01663893198727462,0.016232817281379604,0.6139106674214897,0.6139106674214897,0.6139106674214897,0.0035913774044157147,"2408.TW,1590.TW,3017.TW,1102.TW,1303.TW,2891.TW,2882.TW,2881.TW,2885.TW,4904.TW",2025,123,10
2025-11-20,0.012963643988517445,0.010211626273204377,0.01663893198727462,0.016232817281379604,0.4644099336415358,0.4644099336415357,0.46440993364153577,0.002716798111802984,"2408.TW,1590.TW,3017.TW,1102.TW,1303.TW,2891.TW,2882.TW,2881.TW,2885.TW,4904.TW,2887.TW,2609.TW,5880.TW,2345.TW,2883.TW,2207.TW,1301.TW,2884.TW,2412.TW,6669.TW",2025,123,20
2025-11-20,0.028649543517111315,0.024605820999235917,0.01663893198727462,0.016232817281379604,0.6719826230387376,0.6719826230387376,0.6719826230387376,0.003931098344776615,"2408.TW,1590.TW,3017.TW",2025,123,3
2025-11-25,0.025794978122262936,0.022950281473169687,0.01145662861457164,0.020306556511360777,0.47404495229547283,0.4740449522954728,0.47404495229547283,0.002773162970928516,"2327.TW,1301.TW,1303.TW,2408.TW,1102.TW,4904.TW,2317.TW,2615.TW,2891.TW,1326.TW,2207.TW,3231.TW,2609.TW,2882.TW,2887.TW",2025,123,15
2025-11-25,0.09753505111146164,0.09111447106245962,0.01145662861457164,0.020306556511360777,1.0,1.0,1.0,0.00585,"2327.TW,1301.TW,1303.TW",2025,123,3
2025-11-25,0.06746838446312102,0.06491018199306708,0.01145662861457164,0.020306556511360777,0.40966043949913683,0.4096604394991369,0.4096604394991369,0.0023965135710699507,"2327.TW,1301.TW,1303.TW,2408.TW,1102.TW",2025,123,5
2025-11-25,0.022800071565771244,0.020646576021726926,0.01145662861457164,0.020306556511360777,0.35991285750918994,0.3599128575091901,0.35991285750919,0.002105490216428762,"2327.TW,1301.TW,1303.TW,2408.TW,1102.TW,4904.TW,2317.TW,2615.TW,2891.TW,1326.TW,2207.TW,3231.TW,2609.TW,2882.TW,2887.TW,2412.TW,2395.TW,2883.TW,5880.TW,3711.TW",2025,123,20
2025-11-25,0.04212471497448517,0.039022453409201185,0.01145662861457164,0.020306556511360777,0.5088653158789835,0.5088653158789835,0.5088653158789835,0.0029768620978920537,"2327.TW,1301.TW,1303.TW,2408.TW,1102.TW,4904.TW,2317.TW,2615.TW,2891.TW,1326.TW",2025,123,10
2025-11-28,0.01643563412185331,0.013407578927331132,0.009708799105253574,0.013506348356736754,0.5092464836842024,0.5092464836842024,0.5092464836842024,0.0029790919295525843,"2317.TW,2887.TW,2357.TW,2308.TW,2892.TW,3017.TW,2327.TW,2609.TW,2603.TW,2891.TW,4904.TW,2379.TW,3231.TW,1102.TW,2408.TW,9910.TW,5876.TW,2881.TW,2883.TW,2885.TW",2025,123,20
2025-11-28,0.019117201891533098,0.014887906914421434,0.009708799105253574,0.013506348356736754,0.7093947634305839,0.709394763430584,0.7093947634305839,0.0041499593660689164,"2317.TW,2887.TW,2357.TW,2308.TW,2892.TW,3017.TW,2327.TW,2609.TW,2603.TW,2891.TW",2025,123,10
2025-11-28,0.034022931257240256,0.02797389710938525,0.009708799105253574,0.013506348356736754,1.0,0.9999999999999999,1.0,0.005849999999999999,"2317.TW,2887.TW,2357.TW,2308.TW,2892.TW",2025,123,5
2025-11-28,0.030632624088796856,0.024603423237877342,0.009708799105253574,0.013506348356736754,1.0,1.0,1.0,0.00585,"2317.TW,2887.TW,2357.TW",2025,123,3
2025-11-28,0.017666419001926368,0.015208984251237068,0.009708799105253574,0.013506348356736754,0.4127819376894846,0.4127819376894848,0.4127819376894847,0.002414774335483486,"2317.TW,2887.TW,2357.TW,2308.TW,2892.TW,3017.TW,2327.TW,2609.TW,2603.TW,2891.TW,4904.TW,2379.TW,3231.TW,1102.TW,2408.TW",2025,123,15
2025-12-03,0.007015534487443008,0.0017065519524999129,0.022435843561697144,0.003365330897525873,0.9011960103509734,0.9011960103509735,0.9011960103509735,0.005271996660553195,"2408.TW,2345.TW,3008.TW,2207.TW,2891.TW,3045.TW,1102.TW,4904.TW,2379.TW,2880.TW",2025,123,10
2025-12-03,0.009117732743762581,0.0055514802703289234,0.022435843561697144,0.003365330897525873,0.604107714733192,0.6041077147331922,0.6041077147331921,0.0035340301311891746,"2408.TW,2345.TW,3008.TW,2207.TW,2891.TW,3045.TW,1102.TW,4904.TW,2379.TW,2880.TW,2883.TW,3017.TW,5880.TW,2885.TW,5871.TW",2025,123,15
2025-12-03,0.021837619531450102,0.015859869457190978,0.022435843561697144,0.003365330897525873,1.0,1.0,1.0,0.00585,"2408.TW,2345.TW,3008.TW",2025,123,3
2025-12-03,0.003364046938198669,0.0006995350450180737,0.022435843561697144,0.003365330897525873,0.45394502611717613,0.45394502611717635,0.45394502611717624,0.002655578402785481,"2408.TW,2345.TW,3008.TW,2207.TW,2891.TW,3045.TW,1102.TW,4904.TW,2379.TW,2880.TW,2883.TW,3017.TW,5880.TW,2885.TW,5871.TW,9910.TW,2886.TW,2892.TW,1216.TW,2609.TW",2025,123,20
2025-12-03,0.021456856102320863,0.015481333494122396,0.022435843561697144,0.003365330897525873,1.0,0.9999999999999999,1.0,0.005849999999999999,"2408.TW,2345.TW,3008.TW,2207.TW,2891.TW",2025,123,5
2025-12-08,0.008511989089039815,0.004534185015954151,-0.003918482079789842,0.0026249644086931557,0.6742274911713938,0.6742274911713938,0.6742274911713938,0.003944230823352654,"3008.TW,1303.TW,9910.TW,2912.TW,2357.TW,2603.TW,2609.TW,4904.TW,2002.TW,2615.TW,2345.TW,1102.TW,6669.TW,1101.TW,3045.TW",2025,123,15
2025-12-08,-0.0032376186169804084,-0.007940494313590896,-0.003918482079789842,0.0026249644086931557,0.8065215847868822,0.806521584786882,0.8065215847868821,0.00471815127100326,"3008.TW,1303.TW,9910.TW,2912.TW,2357.TW,2603.TW,2609.TW,4904.TW,2002.TW,2615.TW",2025,123,10
2025-12-08,0.0036636785977073047,0.000675023540978481,-0.003918482079789842,0.0026249644086931557,0.5090163340295799,0.5090163340295798,0.5090163340295799,0.002977745554073042,"3008.TW,1303.TW,9910.TW,2912.TW,2357.TW,2603.TW,2609.TW,4904.TW,2002.TW,2615.TW,2345.TW,1102.TW,6669.TW,1101.TW,3045.TW,2382.TW,5880.TW,2891.TW,3231.TW,1216.TW",2025,123,20
2025-12-08,-0.013660887714370306,-0.018337640463640392,-0.003918482079789842,0.0026249644086931557,0.810517300234195,0.810517300234195,0.810517300234195,0.004741526206370041,"3008.TW,1303.TW,9910.TW,2912.TW,2357.TW",2025,123,5
2025-12-08,-0.011029489454991824,-0.01498856793673331,-0.003918482079789842,0.0026249644086931557,0.6843131774085786,0.6843131774085787,0.6843131774085787,0.0040032320878401854,"3008.TW,1303.TW,9910.TW",2025,123,3
2025-12-11,-0.025992208656526006,-0.030550565120013418,-0.022029833514415564,-0.008733753561274838,0.8,0.7999999999999999,0.8,0.00468,"1326.TW,2308.TW,9910.TW,2317.TW,2382.TW",2025,123,5
2025-12-11,-0.009947461277503102,-0.014212513725472053,-0.022029833514415564,-0.008733753561274838,0.7363940457799829,0.7363940457799829,0.7363940457799829,0.0043079051678129,"1326.TW,2308.TW,9910.TW,2317.TW,2382.TW,1301.TW,3231.TW,2303.TW,1102.TW,2327.TW,1101.TW,2454.TW,5880.TW,2002.TW,2887.TW",2025,123,15
2025-12-11,-0.006541291224343732,-0.010415780188568813,-0.022029833514415564,-0.008733753561274838,0.6666666666666666,0.6666666666666666,0.6666666666666666,0.0039,"1326.TW,2308.TW,9910.TW",2025,123,3
2025-12-11,-0.023063057591366377,-0.02820945478383652,-0.022029833514415564,-0.008733753561274838,0.9004941645853756,0.9004941645853756,0.9004941645853756,0.005267890862824447,"1326.TW,2308.TW,9910.TW,2317.TW,2382.TW,1301.TW,3231.TW,2303.TW,1102.TW,2327.TW",2025,123,10
2025-12-11,-0.01032714428656635,-0.013264491482494534,-0.022029833514415564,-0.008733753561274838,0.5073501095679114,0.5073501095679114,0.5073501095679114,0.002967998140972282,"1326.TW,2308.TW,9910.TW,2317.TW,2382.TW,1301.TW,3231.TW,2303.TW,1102.TW,2327.TW,1101.TW,2454.TW,5880.TW,2002.TW,2887.TW,3034.TW,3008.TW,2357.TW,2379.TW,2891.TW",2025,123,20
2025-12-16,0.04627667552655668,0.04015595697472629,0.018503516212253768,0.020235872132245678,1.0,1.0,1.0,0.00585,"3711.TW,6669.TW,2327.TW,3017.TW,1303.TW",2025,123,5
2025-12-16,0.014942390153994341,0.012490421556777154,0.018503516212253768,0.020235872132245678,0.41296918447227154,0.4129691844722716,0.4129691844722716,0.002415869729162789,"3711.TW,6669.TW,2327.TW,3017.TW,1303.TW,2382.TW,2330.TW,1102.TW,3231.TW,2379.TW,1101.TW,2886.TW,2317.TW,3037.TW,2308.TW,2002.TW,1301.TW,5880.TW,2454.TW,2412.TW",2025,123,20
2025-12-16,0.028789714061195976,0.022771294233937978,0.018503516212253768,0.020235872132245678,1.0,1.0,1.0,0.00585,"3711.TW,6669.TW,2327.TW",2025,123,3
2025-12-16,0.020010580150076628,0.01673477802814527,0.018503516212253768,0.020235872132245678,0.5489807513631536,0.5489807513631535,0.5489807513631535,0.0032115373954744483,"3711.TW,6669.TW,2327.TW,3017.TW,1303.TW,2382.TW,2330.TW,1102.TW,3231.TW,2379.TW,1101.TW,2886.TW,2317.TW,3037.TW,2308.TW",2025,123,15
2025-12-16,0.023774723967914684,0.02011432045294148,0.018503516212253768,0.020235872132245678,0.6111793814701968,0.611179381470197,0.6111793814701969,0.0035753993816006525,"3711.TW,6669.TW,2327.TW,3017.TW,1303.TW,2382.TW,2330.TW,1102.TW,3231.TW,2379.TW",2025,123,10
2025-12-19,0.008352619842001686,0.0024537570159259836,0.01421803303913749,0.0004561548922609826,1.0,1.0000000000000002,1.0,0.005850000000000001,"2330.TW,2379.TW,2345.TW,5880.TW,1590.TW",2025,123,5
2025-12-19,-0.0031422505636427684,-0.007070985748214076,0.01421803303913749,0.0004561548922609826,0.6736955843589344,0.6736955843589344,0.6736955843589344,0.003941119168499766,"2330.TW,2379.TW,2345.TW,5880.TW,1590.TW,1102.TW,9910.TW,2357.TW,2454.TW,1101.TW,2886.TW,2412.TW,5876.TW,2880.TW,2618.TW",2025,123,15
2025-12-19,0.010830110116639702,0.004916753972457277,0.01421803303913749,0.0004561548922609826,1.0,1.0,1.0,0.00585,"2330.TW,2379.TW,2345.TW",2025,123,3
2025-12-19,-0.004017546685242169,-0.008153232288106271,0.01421803303913749,0.0004561548922609826,0.7098064845977737,0.7098064845977736,0.7098064845977736,0.004152367934896976,"2330.TW,2379.TW,2345.TW,5880.TW,1590.TW,1102.TW,9910.TW,2357.TW,2454.TW,1101.TW",2025,123,10
2025-12-19,-0.0018419420091189246,-0.004809985776255465,0.01421803303913749,0.0004561548922609826,0.508294157273508,0.508294157273508,0.508294157273508,0.0029735208200500217,"2330.TW,2379.TW,2345.TW,5880.TW,1590.TW,1102.TW,9910.TW,2357.TW,2454.TW,1101.TW,2886.TW,2412.TW,5876.TW,2880.TW,2618.TW,1326.TW,2609.TW,2002.TW,2207.TW,1301.TW",2025,123,20
2025-12-24,-0.0006308674183755185,-0.003010071518527724,0.01401873598290826,0.006302422047429832,0.40695829230883873,0.4069582923088389,0.40695829230883884,0.0023807060100067075,"9910.TW,2207.TW,2303.TW,2887.TW,2880.TW,5880.TW,2892.TW,2881.TW,2454.TW,2618.TW,2886.TW,4904.TW,5876.TW,2883.TW,2379.TW,2882.TW,2357.TW,1301.TW,1102.TW,6669.TW",2025,123,20
2025-12-24,-0.0005652664408261506,-0.004696499905479379,0.01401873598290826,0.006302422047429832,0.7065931680468088,0.7065931680468089,0.7065931680468089,0.004133570033073832,"9910.TW,2207.TW,2303.TW,2887.TW,2880.TW,5880.TW,2892.TW,2881.TW,2454.TW,2618.TW",2025,123,10
2025-12-24,-0.003774797748123282,-0.00960271518129674,0.01401873598290826,0.006302422047429832,1.0,1.0,1.0,0.00585,"9910.TW,2207.TW,2303.TW",2025,123,3
2025-12-24,-0.001672296418891558,-0.004432470274269407,0.01401873598290826,0.006302422047429832,0.47261494293947515,0.47261494293947504,0.4726149429394751,0.0027647974161959295,"9910.TW,2207.TW,2303.TW,2887.TW,2880.TW,5880.TW,2892.TW,2881.TW,2454.TW,2618.TW,2886.TW,4904.TW,5876.TW,2883.TW,2379.TW",2025,123,15
2025-12-24,-0.0054458304624518394,-0.011263972354246476,0.01401873598290826,0.006302422047429832,1.0,1.0,1.0,0.00585,"9910.TW,2207.TW,2303.TW,2887.TW,2880.TW",2025,123,5
2025-12-30,-0.018388095225158198,-0.024130524868090975,0.06682021819575312,0.008260154328472553,1.0,1.0,1.0,0.00585,"1301.TW,2412.TW,1303.TW",2025,123,3
2025-12-30,-0.008951921133766739,-0.012442031991301006,0.06682021819575312,0.008260154328472553,0.6019891055836337,0.6019891055836338,0.6019891055836337,0.003521636267664258,"1301.TW,2412.TW,1303.TW,2886.TW,5880.TW,2618.TW,2885.TW,2881.TW,5871.TW,2880.TW",2025,123,10
2025-12-30,-0.014059141150343013,-0.017150016988394134,0.06682021819575312,0.008260154328472553,0.5358889829636981,0.535888982963698,0.5358889829636981,0.003134950550337634,"1301.TW,2412.TW,1303.TW,2886.TW,5880.TW,2618.TW,2885.TW,2881.TW,5871.TW,2880.TW,2303.TW,2207.TW,3034.TW,1216.TW,1326.TW",2025,123,15
2025-12-30,-0.009702732527723558,-0.015495971542436426,0.06682021819575312,0.008260154328472553,1.0,1.0,1.0,0.00585,"1301.TW,2412.TW,1303.TW,2886.TW,5880.TW",2025,123,5
2025-12-30,-0.0041243631473184455,-0.006481243274697457,0.06682021819575312,0.008260154328472553,0.4045540195489775,0.4045540195489776,0.4045540195489775,0.002366641014361519,"1301.TW,2412.TW,1303.TW,2886.TW,5880.TW,2618.TW,2885.TW,2881.TW,5871.TW,2880.TW,2303.TW,2207.TW,3034.TW,1216.TW,1326.TW,2408.TW,5876.TW,2379.TW,2883.TW,4904.TW",2025,123,20
2026-01-02,0.04912364368179836,0.04762864248955179,0.02276075814211409,0.02042318393184634,0.9999999999999999,0.0,0.49999999999999994,0.0014249999999999998,"1303.TW,5871.TW,1326.TW,1301.TW,3034.TW,9910.TW,2002.TW,3017.TW,2881.TW,2303.TW",2026,123,10
2026-01-02,0.044154354167952506,0.042666434213263216,0.02276075814211409,0.02042318393184634,0.9999999999999999,0.0,0.49999999999999994,0.0014249999999999998,"1303.TW,5871.TW,1326.TW,1301.TW,3034.TW,9910.TW,2002.TW,3017.TW,2881.TW,2303.TW,2618.TW,2408.TW,1101.TW,2885.TW,5880.TW",2026,123,15
2026-01-02,0.03281512731883987,0.0313433657624107,0.02276075814211409,0.02042318393184634,1.0000000000000002,0.0,0.5000000000000001,0.0014250000000000003,"1303.TW,5871.TW,1326.TW,1301.TW,3034.TW,9910.TW,2002.TW,3017.TW,2881.TW,2303.TW,2618.TW,2408.TW,1101.TW,2885.TW,5880.TW,1216.TW,5876.TW,2882.TW,2412.TW,2603.TW",2026,123,20
2026-01-02,0.07745434035756477,0.07591896792255515,0.02276075814211409,0.02042318393184634,1.0,0.0,0.5,0.001425,"1303.TW,5871.TW,1326.TW,1301.TW,3034.TW",2026,123,5
2026-01-02,0.07880824261871895,0.07727094087298725,0.02276075814211409,0.02042318393184634,1.0,0.0,0.5,0.001425,"1303.TW,5871.TW,1326.TW",2026,123,3
2026-01-07,0.028945942275581095,0.022926608513268887,0.020818286390944296,0.002924023649659857,1.0,1.0000000000000002,1.0,0.005850000000000001,"3017.TW,2308.TW,2412.TW,3008.TW,3037.TW",2026,123,5
2026-01-07,0.01416336426207653,0.009326660664314979,0.020818286390944296,0.002924023649659857,0.8152403931390755,0.8152403931390756,0.8152403931390755,0.004769156299863592,"3017.TW,2308.TW,2412.TW,3008.TW,3037.TW,5876.TW,2881.TW,2345.TW,5880.TW,1216.TW",2026,123,10
2026-01-07,0.0080101140581425,0.0035697211461067635,0.020818286390944296,0.002924023649659857,0.753009828809238,0.7530098288092378,0.753009828809238,0.004405107498534041,"3017.TW,2308.TW,2412.TW,3008.TW,3037.TW,5876.TW,2881.TW,2345.TW,5880.TW,1216.TW,2884.TW,2395.TW,4904.TW,2886.TW,9910.TW",2026,123,15
2026-01-07,0.01869810117600501,0.012738717284125345,0.020818286390944296,0.002924023649659857,1.0,1.0,1.0,0.00585,"3017.TW,2308.TW,2412.TW",2026,123,3
2026-01-07,0.009279086473128036,0.005627775356052522,0.020818286390944296,0.002924023649659857,0.6184173979961416,0.6184173979961414,0.6184173979961415,0.003617741778277427,"3017.TW,2308.TW,2412.TW,3008.TW,3037.TW,5876.TW,2881.TW,2345.TW,5880.TW,1216.TW,2884.TW,2395.TW,4904.TW,2886.TW,9910.TW,1102.TW,2892.TW,2883.TW,2002.TW,2880.TW",2026,123,20
2026-01-12,-0.0036034993064902737,-0.005587443252528579,0.009142160860728277,0.005890739213458671,0.3403622122673662,0.3403622122673661,0.3403622122673662,0.001991118941764092,"6669.TW,3231.TW,3017.TW,3008.TW,2884.TW,2881.TW,2317.TW,2408.TW,5876.TW,9910.TW,2892.TW,2412.TW,2886.TW,5880.TW,4904.TW",2026,123,15
2026-01-12,-0.013358878188735044,-0.017207117748913703,0.009142160860728277,0.005890739213458671,0.6667254320679801,0.6667254320679801,0.6667254320679801,0.003900343777597684,"6669.TW,3231.TW,3017.TW",2026,123,3
2026-01-12,-0.007675685367404174,-0.011197074295843712,0.009142160860728277,0.005890739213458671,0.60660291851979,0.60660291851979,0.60660291851979,0.0035486270733407713,"6669.TW,3231.TW,3017.TW,3008.TW,2884.TW,2881.TW,2317.TW,2408.TW,5876.TW,9910.TW",2026,123,10
2026-01-12,0.0017160210966812965,-0.0003768844723376352,0.009142160860728277,0.005890739213458671,0.35714876092134745,0.35714876092134734,0.3571487609213474,0.002089320251389882,"6669.TW,3231.TW,3017.TW,3008.TW,2884.TW,2881.TW,2317.TW,2408.TW,5876.TW,9910.TW,2892.TW,2412.TW,2886.TW,5880.TW,4904.TW,1216.TW,2303.TW,2327.TW,2395.TW,3045.TW",2026,123,20
2026-01-12,-0.016995341223545627,-0.020502899481454895,0.009142160860728277,0.005890739213458671,0.6099488978372811,0.6099488978372811,0.6099488978372811,0.0035682010523480946,"6669.TW,3231.TW,3017.TW,3008.TW,2884.TW",2026,123,5
2026-01-15,0.010512377068331177,0.007718736321156827,0.0006968090922574444,0.0004553356412926668,0.4725775138478015,0.47257751384780144,0.47257751384780144,0.002764578456009638,"2408.TW,3231.TW,6669.TW,2379.TW,2412.TW,3037.TW,2881.TW,3034.TW,2883.TW,2615.TW,1102.TW,3008.TW,5871.TW,2884.TW,2886.TW",2026,123,15
2026-01-15,0.01749716493030541,0.013902193751303749,0.0006968090922574444,0.0004553356412926668,0.6039574448402882,0.6039574448402881,0.6039574448402882,0.0035331510523156856,"2408.TW,3231.TW,6669.TW,2379.TW,2412.TW,3037.TW,2881.TW,3034.TW,2883.TW,2615.TW",2026,123,10
2026-01-15,0.010160621861758758,0.007165843728965671,0.0006968090922574444,0.0004553356412926668,0.5067786992171854,0.5067786992171855,0.5067786992171854,0.0029646553904205354,"2408.TW,3231.TW,6669.TW,2379.TW,2412.TW,3037.TW,2881.TW,3034.TW,2883.TW,2615.TW,1102.TW,3008.TW,5871.TW,2884.TW,2886.TW,5876.TW,2308.TW,2330.TW,5880.TW,2882.TW",2026,123,20
2026-01-15,-0.013012124747171328,-0.016504725192200476,0.0006968090922574444,0.0004553356412926668,0.6048967085295327,0.6048967085295326,0.6048967085295327,0.003538645744897766,"2408.TW,3231.TW,6669.TW,2379.TW,2412.TW",2026,123,5
2026-01-15,-0.017833310031412714,-0.019802701699747516,0.0006968090922574444,0.0004553356412926668,0.34276070637668987,0.34276070637668987,0.34276070637668987,0.0020051501323036357,"2408.TW,3231.TW,6669.TW",2026,123,3
2026-01-20,0.010698147964793223,0.007071190297731844,0.020470140137722526,0.014339663340772251,0.6134301965910396,0.6134301965910396,0.6134301965910396,0.003588566650057582,"3231.TW,2408.TW,1303.TW,2317.TW,2395.TW,2412.TW,1102.TW,6669.TW,2886.TW,2327.TW,2892.TW,9910.TW,3017.TW,2379.TW,2881.TW,4904.TW,2912.TW,1216.TW,3045.TW,2002.TW",2026,123,20
2026-01-20,0.020192137888779084,0.016497516306878124,0.020470140137722526,0.014339663340772251,0.6190591177034115,0.6190591177034113,0.6190591177034114,0.003621495838564956,"3231.TW,2408.TW,1303.TW,2317.TW,2395.TW,2412.TW,1102.TW,6669.TW,2886.TW,2327.TW",2026,123,10
2026-01-20,0.017021518378621314,0.014137581610097705,0.020470140137722526,0.014339663340772251,0.48472980687565886,0.484729806875659,0.4847298068756589,0.0028356693702226046,"3231.TW,2408.TW,1303.TW,2317.TW,2395.TW,2412.TW,1102.TW,6669.TW,2886.TW,2327.TW,2892.TW,9910.TW,3017.TW,2379.TW,2881.TW",2026,123,15
2026-01-20,0.03307411158667626,0.02937558103651683,0.020470140137722526,0.014339663340772251,0.6119865335708213,0.6119865335708213,0.6119865335708213,0.003580121221389305,"3231.TW,2408.TW,1303.TW,2317.TW,2395.TW",2026,123,5
2026-01-20,0.037791798235981215,0.035656157247724085,0.020470140137722526,0.014339663340772251,0.35177271223382467,0.3517727122338247,0.35177271223382467,0.0020578703665678744,"3231.TW,2408.TW,1303.TW",2026,123,3
2026-01-23,0.012148184622761562,0.009744479054777822,0.02975782401658056,0.019007254920009656,0.4059581856920736,0.40595818569207365,0.40595818569207365,0.002374855386298631,"2408.TW,2303.TW,1303.TW,2327.TW,2317.TW,4904.TW,2892.TW,2880.TW,2891.TW,3045.TW,2886.TW,2345.TW,2412.TW,2883.TW,2885.TW,1102.TW,2603.TW,2884.TW,1216.TW,2002.TW",2026,123,20
2026-01-23,0.018920016098675323,0.015335774766959798,0.02975782401658056,0.019007254920009656,0.6013139562025622,0.6013139562025621,0.6013139562025622,0.0035176866437849888,"2408.TW,2303.TW,1303.TW,2327.TW,2317.TW,4904.TW,2892.TW,2880.TW,2891.TW,3045.TW",2026,123,10
2026-01-23,0.06430552647949694,0.062230130702861874,0.02975782401658056,0.019007254920009656,0.3333333333333333,0.33333333333333337,0.33333333333333337,0.0019500000000000001,"2408.TW,2303.TW,1303.TW",2026,123,3
2026-01-23,0.012742595425443233,0.009557397126620737,0.02975782401658056,0.019007254920009656,0.5376275710515748,0.5376275710515748,0.5376275710515748,0.0031451212906517126,"2408.TW,2303.TW,1303.TW,2327.TW,2317.TW,4904.TW,2892.TW,2880.TW,2891.TW,3045.TW,2886.TW,2345.TW,2412.TW,2883.TW,2885.TW",2026,123,15
2026-01-23,0.03706807977468554,0.03461046594737471,0.02975782401658056,0.019007254920009656,0.4050890543624922,0.4050890543624921,0.40508905436249215,0.002369770968020579,"2408.TW,2303.TW,1303.TW,2327.TW,2317.TW",2026,123,5
2026-01-28,-0.09080616310413661,-0.09263131837257654,-0.018817247211943444,-0.01655678553398339,0.34315273698365306,0.34315273698365306,0.34315273698365306,0.0020074435113543706,"1303.TW,2303.TW,2327.TW",2026,123,3
2026-01-28,-0.046124347019650895,-0.04842823453393974,-0.018817247211943444,-0.01655678553398339,0.41287029843877354,0.41287029843877343,0.4128702984387735,0.002415291245866825,"1303.TW,2303.TW,2327.TW,3037.TW,9910.TW",2026,123,5
2026-01-28,-0.024035984702824094,-0.026743633124894695,-0.018817247211943444,-0.01655678553398339,0.4742448254853895,0.47424482548538965,0.4742448254853896,0.0027743322290895295,"1303.TW,2303.TW,2327.TW,3037.TW,9910.TW,2308.TW,2412.TW,2408.TW,2882.TW,2884.TW,4904.TW,3008.TW,2892.TW,2618.TW,3045.TW",2026,123,15
2026-01-28,-0.03022755417109331,-0.03365621764965454,-0.018817247211943444,-0.01655678553398339,0.6043647905675571,0.604364790567557,0.6043647905675571,0.0035355340248202087,"1303.TW,2303.TW,2327.TW,3037.TW,9910.TW,2308.TW,2412.TW,2408.TW,2882.TW,2884.TW",2026,123,10
2026-01-28,-0.020088350404314368,-0.02270173321217972,-0.018817247211943444,-0.01655678553398339,0.4558901857049513,0.4558901857049512,0.45589018570495127,0.0026669575863739648,"1303.TW,2303.TW,2327.TW,3037.TW,9910.TW,2308.TW,2412.TW,2408.TW,2882.TW,2884.TW,4904.TW,3008.TW,2892.TW,2618.TW,3045.TW,2891.TW,5871.TW,2883.TW,2609.TW,2912.TW",2026,123,20
2026-02-02,-0.013614885946536778,-0.015569467768378198,-0.021917725822762302,-0.007129372831540564,0.3387282978846991,0.33872829788469916,0.33872829788469916,0.00198156054262549,"2887.TW,1303.TW,2327.TW",2026,123,3
2026-02-02,-0.00108309362510215,-0.005818891648737501,-0.021917725822762302,-0.007129372831540564,0.810415879971634,0.8104158799716341,0.8104158799716341,0.0047409328978340595,"2887.TW,1303.TW,2327.TW,2454.TW,1101.TW,3711.TW,1301.TW,2885.TW,2382.TW,2880.TW",2026,123,10
2026-02-02,-0.01065934594397191,-0.014215926197125084,-0.021917725822762302,-0.007129372831540564,0.614512740322523,0.6145127403225229,0.614512740322523,0.0035948995308867594,"2887.TW,1303.TW,2327.TW,2454.TW,1101.TW",2026,123,5
2026-02-02,-0.012707820621365367,-0.016230423604233213,-0.021917725822762302,-0.007129372831540564,0.6099049183441838,0.6099049183441837,0.6099049183441838,0.003567943772313475,"2887.TW,1303.TW,2327.TW,2454.TW,1101.TW,3711.TW,1301.TW,2885.TW,2382.TW,2880.TW,2882.TW,2308.TW,3034.TW,3008.TW,3037.TW,2330.TW,5871.TW,2883.TW,1326.TW,2379.TW",2026,123,20
2026-02-02,-0.015428219290353946,-0.01895422769814492,-0.021917725822762302,-0.007129372831540564,0.612181348047404,0.6121813480474041,0.6121813480474041,0.003581260886077314,"2887.TW,1303.TW,2327.TW,2454.TW,1101.TW,3711.TW,1301.TW,2885.TW,2382.TW,2880.TW,2882.TW,2308.TW,3034.TW,3008.TW,3037.TW",2026,123,15
2026-02-05,0.058780046382853855,0.05501043693207852,0.06302517335775004,0.027486474345670652,0.6086039173996843,0.6086039173996844,0.6086039173996844,0.003560332916788154,"3711.TW,2330.TW,2308.TW,2454.TW,2327.TW,1326.TW,2345.TW,1101.TW,3008.TW,2379.TW",2026,123,10
2026-02-05,0.09658270350256903,0.09016769468707908,0.06302517335775004,0.027486474345670652,1.0,1.0,1.0,0.00585,"3711.TW,2330.TW,2308.TW",2026,123,3
2026-02-05,0.06807149502961947,0.06424480362019858,0.06302517335775004,0.027486474345670652,0.612445221790658,0.612445221790658,0.612445221790658,0.003582804547475349,"3711.TW,2330.TW,2308.TW,2454.TW,2327.TW",2026,123,5
2026-02-05,0.05582711549685967,0.053259403320002674,0.06302517335775004,0.027486474345670652,0.41571688394320183,0.4157168839432017,0.4157168839432018,0.0024319437710677303,"3711.TW,2330.TW,2308.TW,2454.TW,2327.TW,1326.TW,2345.TW,1101.TW,3008.TW,2379.TW,3037.TW,2395.TW,2382.TW,3034.TW,2412.TW",2026,123,15
2026-02-05,0.04281395509611922,0.04088876334039071,0.06302517335775004,0.027486474345670652,0.31558132321551396,0.31558132321551385,0.3155813232155139,0.0018461507408107562,"3711.TW,2330.TW,2308.TW,2454.TW,2327.TW,1326.TW,2345.TW,1101.TW,3008.TW,2379.TW,3037.TW,2395.TW,2382.TW,3034.TW,2412.TW,3017.TW,1303.TW,2408.TW,6669.TW,1301.TW",2026,123,20
2026-02-10,0.062114958761393224,0.0579084001307546,0.05862971581935339,0.04595767341003589,0.6770169702060753,0.6770169702060755,0.6770169702060754,0.003960549275705542,"1326.TW,1303.TW,3037.TW,2454.TW,3017.TW,2327.TW,1590.TW,2891.TW,2884.TW,2412.TW,5871.TW,4904.TW,5876.TW,2603.TW,2880.TW",2026,123,15
2026-02-10,0.11820396865194661,0.11292249007075661,0.05862971581935339,0.04595767341003589,0.8073811905478236,0.8073811905478235,0.8073811905478236,0.004723179964704768,"1326.TW,1303.TW,3037.TW,2454.TW,3017.TW",2026,123,5
2026-02-10,0.1979668480189493,0.19095874195803852,0.05862971581935339,0.04595767341003589,1.0,1.0,1.0,0.00585,"1326.TW,1303.TW,3037.TW",2026,123,3
2026-02-10,0.04885170253546707,0.04540566504919297,0.05862971581935339,0.04595767341003589,0.5616296713309799,0.56162967133098,0.5616296713309799,0.003285533577286233,"1326.TW,1303.TW,3037.TW,2454.TW,3017.TW,2327.TW,1590.TW,2891.TW,2884.TW,2412.TW,5871.TW,4904.TW,5876.TW,2603.TW,2880.TW,1101.TW,2618.TW,2379.TW,2892.TW,2886.TW",2026,123,20
2026-02-10,0.08062465566219133,0.07612516204081565,0.05862971581935339,0.04595767341003589,0.7117588931105892,0.7117588931105894,0.7117588931105893,0.0041637895246969476,"1326.TW,1303.TW,3037.TW,2454.TW,3017.TW,2327.TW,1590.TW,2891.TW,2884.TW,2412.TW",2026,123,10
2026-02-24,0.0011886256485546653,-0.0034969371194805143,-0.003733610116108843,0.007053303274344351,0.8,0.7999999999999999,0.8,0.00468,"2345.TW,1326.TW,2357.TW,2379.TW,2618.TW",2026,123,5
2026-02-24,0.0031031049466988202,-0.0016290979846222964,-0.003733610116108843,0.007053303274344351,0.806421168486538,0.806421168486538,0.806421168486538,0.004717563835646248,"2345.TW,1326.TW,2357.TW,2379.TW,2618.TW,2882.TW,2382.TW,2886.TW,2412.TW,1216.TW",2026,123,10
2026-02-24,-0.005749070172389148,-0.009046776674472512,-0.003733610116108843,0.007053303274344351,0.5669700638594316,0.5669700638594314,0.5669700638594315,0.003316774873577674,"2345.TW,1326.TW,2357.TW,2379.TW,2618.TW,2882.TW,2382.TW,2886.TW,2412.TW,1216.TW,5880.TW,5876.TW,2881.TW,3045.TW,2892.TW,2408.TW,5871.TW,2884.TW,2912.TW,2887.TW",2026,123,20
2026-02-24,-0.002226967233164957,-0.00694019907114618,-0.003733610116108843,0.007053303274344351,0.8074788850837062,0.8074788850837064,0.8074788850837062,0.004723751477739682,"2345.TW,1326.TW,2357.TW,2379.TW,2618.TW,2882.TW,2382.TW,2886.TW,2412.TW,1216.TW,5880.TW,5876.TW,2881.TW,3045.TW,2892.TW",2026,123,15
2026-02-24,0.023066658335767338,0.01895160618892877,-0.003733610116108843,0.007053303274344351,0.6875678252994155,0.6875678252994155,0.6875678252994155,0.004022271778001581,"2345.TW,1326.TW,2357.TW",2026,123,3
2026-03-02,-0.07084456341696943,-0.07446826961964326,-0.04059964984254605,-0.040714649706452805,0.6666666666666666,0.6666666666666667,0.6666666666666667,0.0039000000000000003,"1326.TW,2618.TW,3711.TW",2026,123,3
2026-03-02,-0.047545063640759985,-0.05036945669603543,-0.04059964984254605,-0.040714649706452805,0.5069029654216995,0.5069029654216995,0.5069029654216995,0.002965382347716943,"1326.TW,2618.TW,3711.TW,1301.TW,5871.TW,3037.TW,1303.TW,5876.TW,5880.TW,2892.TW,2308.TW,2880.TW,2881.TW,2883.TW,1102.TW,2885.TW,2887.TW,2912.TW,2886.TW,2454.TW",2026,123,20
2026-03-02,-0.05060864555616102,-0.05398270324786236,-0.04059964984254605,-0.040714649706452805,0.607507110615416,0.6075071106154162,0.6075071106154161,0.0035539165971001842,"1326.TW,2618.TW,3711.TW,1301.TW,5871.TW,3037.TW,1303.TW,5876.TW,5880.TW,2892.TW,2308.TW,2880.TW,2881.TW,2883.TW,1102.TW",2026,123,15
2026-03-02,-0.05572608413631435,-0.06017951608708627,-0.04059964984254605,-0.040714649706452805,0.8061965984087209,0.8061965984087213,0.8061965984087212,0.00471625010069102,"1326.TW,2618.TW,3711.TW,1301.TW,5871.TW,3037.TW,1303.TW,5876.TW,5880.TW,2892.TW",2026,123,10
2026-03-02,-0.06499864577304215,-0.06834632607587021,-0.04059964984254605,-0.040714649706452805,0.6120344538876057,0.6120344538876057,0.6120344538876057,0.003580401555242493,"1326.TW,2618.TW,3711.TW,1301.TW,5871.TW",2026,123,5
2026-03-05,-0.01455651013582316,-0.019182103501650727,-0.0065103920969624696,-0.005151011719909604,0.8023795669534268,0.8023795669534268,0.8023795669534268,0.004693920466677547,"2880.TW,2885.TW,2330.TW,2002.TW,1301.TW,1590.TW,1101.TW,2883.TW,2891.TW,2207.TW,2887.TW,2454.TW,2317.TW,2327.TW,2882.TW",2026,123,15
2026-03-05,-0.015220724772609474,-0.020422430677055403,-0.0065103920969624696,-0.005151011719909604,0.9029236488360864,0.9029236488360864,0.9029236488360864,0.005282103345691106,"2880.TW,2885.TW,2330.TW,2002.TW,1301.TW,1590.TW,1101.TW,2883.TW,2891.TW,2207.TW",2026,123,10
2026-03-05,-0.004280773421078066,-0.008963584031387195,-0.0065103920969624696,-0.005151011719909604,0.8039218535098376,0.8039218535098376,0.8039218535098376,0.00470294284303255,"2880.TW,2885.TW,2330.TW,2002.TW,1301.TW",2026,123,5
2026-03-05,-0.010629519746304866,-0.01415045930671932,-0.0065103920969624696,-0.005151011719909604,0.6083363333954696,0.6083363333954693,0.6083363333954694,0.003558767550363496,"2880.TW,2885.TW,2330.TW,2002.TW,1301.TW,1590.TW,1101.TW,2883.TW,2891.TW,2207.TW,2887.TW,2454.TW,2317.TW,2327.TW,2882.TW,3037.TW,4904.TW,2382.TW,1326.TW,2884.TW",2026,123,20
2026-03-05,-0.011534935616353326,-0.01731745624299763,-0.0065103920969624696,-0.005151011719909604,1.0,0.9999999999999999,1.0,0.005849999999999999,"2880.TW,2885.TW,2330.TW",2026,123,3
2026-03-10,0.008325766339445772,0.005330181464346939,-2.169785251471268e-08,0.010619763141786054,0.507837652978133,0.507837652978133,0.507837652978133,0.0029708502699220783,"2887.TW,2885.TW,2883.TW,2880.TW,1590.TW,4904.TW,2317.TW,2412.TW,1301.TW,2615.TW",2026,123,10
2026-03-10,0.01500504505555329,0.011408144558969102,-2.169785251471268e-08,0.010619763141786054,0.6057652508586323,0.6057652508586322,0.6057652508586322,0.0035437267175229986,"2887.TW,2885.TW,2883.TW,2880.TW,1590.TW",2026,123,5
2026-03-10,0.005506593384695602,0.003700064752015564,-2.169785251471268e-08,0.010619763141786054,0.3071171440449107,0.3071171440449107,0.3071171440449107,0.0017966352926627276,"2887.TW,2885.TW,2883.TW,2880.TW,1590.TW,4904.TW,2317.TW,2412.TW,1301.TW,2615.TW,2382.TW,2207.TW,2603.TW,2330.TW,3017.TW,2884.TW,2609.TW,2454.TW,1101.TW,2345.TW",2026,123,20
2026-03-10,0.014909174022104787,0.010942663618378257,-2.169785251471268e-08,0.010619763141786054,0.6680755123750709,0.668075512375071,0.668075512375071,0.0039082417473941655,"2887.TW,2885.TW,2883.TW",2026,123,3
2026-03-10,0.012908820140474895,0.0104930075896148,-2.169785251471268e-08,0.010619763141786054,0.4076965292356102,0.4076965292356101,0.40769652923561017,0.0023850246960283195,"2887.TW,2885.TW,2883.TW,2880.TW,1590.TW,4904.TW,2317.TW,2412.TW,1301.TW,2615.TW,2382.TW,2207.TW,2603.TW,2330.TW,3017.TW",2026,123,15
2026-03-13,0.007463617339303714,0.00506062737664581,0.003931799205434849,0.0070761212811068,0.4077244159635874,0.4077244159635872,0.4077244159635873,0.0023851878333869857,"2603.TW,2609.TW,2885.TW,2615.TW,2395.TW,1301.TW,1326.TW,2454.TW,2303.TW,2880.TW,9910.TW,2345.TW,2330.TW,3017.TW,2002.TW,6669.TW,3045.TW,2892.TW,4904.TW,1101.TW",2026,123,20
2026-03-13,0.007760989792894523,0.003808477487196482,0.003931799205434849,0.0070761212811068,0.6704398523284847,0.6704398523284847,0.6704398523284847,0.0039220731361216355,"2603.TW,2609.TW,2885.TW",2026,123,3
2026-03-13,0.0033627764325272046,-0.0013463594064339057,0.003931799205434849,0.0070761212811068,0.8022825883123013,0.8022825883123009,0.802282588312301,0.004693353141626961,"2603.TW,2609.TW,2885.TW,2615.TW,2395.TW",2026,123,5
2026-03-13,0.012161184565395167,0.008965566602317843,0.003931799205434849,0.0070761212811068,0.5396961365422012,0.5396961365422012,0.5396961365422012,0.003157222398771877,"2603.TW,2609.TW,2885.TW,2615.TW,2395.TW,1301.TW,1326.TW,2454.TW,2303.TW,2880.TW,9910.TW,2345.TW,2330.TW,3017.TW,2002.TW",2026,123,15
2026-03-13,0.013082938022479852,0.00949167606149981,0.003931799205434849,0.0070761212811068,0.6059631550988231,0.6059631550988229,0.605963155098823,0.0035448844573281145,"2603.TW,2609.TW,2885.TW,2615.TW,2395.TW,1301.TW,1326.TW,2454.TW,2303.TW,2880.TW",2026,123,10
2026-03-18,-0.02969081384104344,-0.03536712258007335,-0.014360236827635542,-0.026545822463680032,1.0,0.9999999999999999,1.0,0.005849999999999999,"6669.TW,2207.TW,2317.TW",2026,123,3
2026-03-18,-0.0412282491429425,-0.04574519089362705,-0.014360236827635542,-0.026545822463680032,0.8053291039276037,0.8053291039276037,0.8053291039276037,0.004711175257976482,"6669.TW,2207.TW,2317.TW,2609.TW,2454.TW",2026,123,5
2026-03-18,-0.03208358451667004,-0.03554297327258271,-0.014360236827635542,-0.026545822463680032,0.6109499702915248,0.610949970291525,0.6109499702915249,0.003574057326205421,"6669.TW,2207.TW,2317.TW,2609.TW,2454.TW,3231.TW,3017.TW,2308.TW,2395.TW,2880.TW,3037.TW,2357.TW,2327.TW,3034.TW,1303.TW,1590.TW,1101.TW,2303.TW,2887.TW,2412.TW",2026,123,20
2026-03-18,-0.03023800795999946,-0.03407381156609868,-0.014360236827635542,-0.026545822463680032,0.6761379900445545,0.6761379900445548,0.6761379900445547,0.0039554072417606456,"6669.TW,2207.TW,2317.TW,2609.TW,2454.TW,3231.TW,3017.TW,2308.TW,2395.TW,2880.TW,3037.TW,2357.TW,2327.TW,3034.TW,1303.TW",2026,123,15
2026-03-18,-0.015601480725871923,-0.01911710045993187,-0.014360236827635542,-0.026545822463680032,0.6104851099775802,0.6104851099775801,0.6104851099775801,0.003571337893368844,"6669.TW,2207.TW,2317.TW,2609.TW,2454.TW,3231.TW,3017.TW,2308.TW,2395.TW,2880.TW",2026,123,10
2026-03-23,0.000999962491973466,-0.0014094152657136982,-0.013907359494809146,0.0021544850090376433,0.41144801317791024,0.41144801317791035,0.4114480131779103,0.0024069708770907755,"1326.TW,1303.TW,1301.TW,2615.TW,2609.TW,2408.TW,2603.TW,3711.TW,2395.TW,2887.TW,2454.TW,2327.TW,3017.TW,2357.TW,3008.TW,3037.TW,3045.TW,2308.TW,2207.TW,3034.TW",2026,123,20
2026-03-23,0.006659380058390842,0.001887566167283694,-0.013907359494809146,0.0021544850090376433,0.8102985959294964,0.8102985959294962,0.8102985959294963,0.004740246786187553,"1326.TW,1303.TW,1301.TW,2615.TW,2609.TW",2026,123,5
2026-03-23,0.0001730075610103523,-0.0030132928306628726,-0.013907359494809146,0.0021544850090376433,0.5445725184561546,0.5445725184561548,0.5445725184561547,0.003185749232968506,"1326.TW,1303.TW,1301.TW,2615.TW,2609.TW,2408.TW,2603.TW,3711.TW,2395.TW,2887.TW,2454.TW,2327.TW,3017.TW,2357.TW,3008.TW",2026,123,15
2026-03-23,-0.0006156420768232304,-0.005343574345471391,-0.013907359494809146,0.0021544850090376433,0.8086914146582866,0.8086914146582868,0.8086914146582866,0.004730844775750977,"1326.TW,1303.TW,1301.TW,2615.TW,2609.TW,2408.TW,2603.TW,3711.TW,2395.TW,2887.TW",2026,123,10
2026-03-23,0.02268179981171233,0.016699111282813872,-0.013907359494809146,0.0021544850090376433,1.0,1.0,1.0,0.00585,"1326.TW,1303.TW,1301.TW",2026,123,3
2026-03-26,-0.003297180536143574,-0.00742926909576147,0.007387523614139413,0.0017655959140757038,0.7086765592786782,0.7086765592786781,0.7086765592786781,0.004145757871780268,"1303.TW,6669.TW,2408.TW,2345.TW,2454.TW,2883.TW,2327.TW,2618.TW,4904.TW,2609.TW",2026,123,10
2026-03-26,-0.000217671856868945,-0.004063446451869623,0.007387523614139413,0.0017655959140757038,0.6575404947272481,0.6575404947272477,0.6575404947272478,0.0038466118941544,"1303.TW,6669.TW,2408.TW,2345.TW,2454.TW,2883.TW,2327.TW,2618.TW,4904.TW,2609.TW,9910.TW,2303.TW,2330.TW,2880.TW,3231.TW,2317.TW,2882.TW,2308.TW,2886.TW,2207.TW",2026,123,20
2026-03-26,0.012836336712796454,0.008781485243993137,0.007387523614139413,0.0017655959140757038,0.6843524250559778,0.6843524250559778,0.6843524250559778,0.00400346168657747,"1303.TW,6669.TW,2408.TW",2026,123,3
2026-03-26,-4.846899560775387e-05,-0.004005529396913565,0.007387523614139413,0.0017655959140757038,0.6764533684351369,0.6764533684351369,0.6764533684351369,0.003957252205345551,"1303.TW,6669.TW,2408.TW,2345.TW,2454.TW,2883.TW,2327.TW,2618.TW,4904.TW,2609.TW,9910.TW,2303.TW,2330.TW,2880.TW,3231.TW",2026,123,15
2026-03-26,0.0014966580702748596,-0.003234855642672896,0.007387523614139413,0.0017655959140757038,0.8075970662303484,0.8075970662303487,0.8075970662303485,0.004724442837447539,"1303.TW,6669.TW,2408.TW,2345.TW,2454.TW",2026,123,5
2026-03-31,0.09969270655654966,0.09705139426954257,0.041333304172177066,0.02901217291194796,0.41057503714935695,0.41057503714935695,0.41057503714935695,0.002401863967323738,"3037.TW,2408.TW,2345.TW,1303.TW,2327.TW",2026,123,5
2026-03-31,0.11266924038936194,0.10824803674785,0.041333304172177066,0.02901217291194796,0.6792326765291853,0.6792326765291854,0.6792326765291854,0.003973511157695735,"3037.TW,2408.TW,2345.TW",2026,123,3
2026-03-31,0.04005507165205702,0.03728345387511611,0.041333304172177066,0.02901217291194796,0.4555343553284423,0.4555343553284422,0.4555343553284422,0.0026648759786713867,"3037.TW,2408.TW,2345.TW,1303.TW,2327.TW,3017.TW,2308.TW,3711.TW,1301.TW,6669.TW,2885.TW,3034.TW,2207.TW,1326.TW,2609.TW,2615.TW,2317.TW,2880.TW,2454.TW,3045.TW",2026,123,20
2026-03-31,0.050627373526905224,0.046910523476882515,0.041333304172177066,0.02901217291194796,0.6047424604757768,0.6047424604757768,0.6047424604757768,0.0035377433937832945,"3037.TW,2408.TW,2345.TW,1303.TW,2327.TW,3017.TW,2308.TW,3711.TW,1301.TW,6669.TW,2885.TW,3034.TW,2207.TW,1326.TW,2609.TW",2026,123,15
2026-03-31,0.07393916430296905,0.07075919780737383,0.041333304172177066,0.02901217291194796,0.5061590399246215,0.5061590399246215,0.5061590399246215,0.002961030383559036,"3037.TW,2408.TW,2345.TW,1303.TW,2327.TW,3017.TW,2308.TW,3711.TW,1301.TW,6669.TW",2026,123,10
2026-04-07,0.012488075603131667,0.008266025454325643,0.032010233106124275,0.017269168412017893,0.7128162706755126,0.7128162706755127,0.7128162706755126,0.004169975183451749,"5871.TW,2408.TW,2395.TW,2207.TW,6669.TW,3045.TW,2317.TW,2609.TW,2357.TW,3017.TW",2026,123,10
2026-04-07,0.014381872366188115,0.010358918768682113,0.032010233106124275,0.017269168412017893,0.6779344094921039,0.6779344094921043,0.677934409492104,0.00396591629552881,"5871.TW,2408.TW,2395.TW,2207.TW,6669.TW,3045.TW,2317.TW,2609.TW,2357.TW,3017.TW,9910.TW,3231.TW,1216.TW,1102.TW,2454.TW",2026,123,15
2026-04-07,0.00514577890823679,0.0010730456428600377,0.032010233106124275,0.017269168412017893,0.6926296017811755,0.6926296017811755,0.6926296017811755,0.004051883170419877,"5871.TW,2408.TW,2395.TW",2026,123,3
2026-04-07,0.013461086235831466,0.008638633937264384,0.032010233106124275,0.017269168412017893,0.8134015518343014,0.8134015518343015,0.8134015518343014,0.004758399078230663,"5871.TW,2408.TW,2395.TW,2207.TW,6669.TW",2026,123,5
2026-04-07,0.011389247122102932,0.008053573516501267,0.032010233106124275,0.017269168412017893,0.5637795912549524,0.5637795912549526,0.5637795912549525,0.0032981106088414724,"5871.TW,2408.TW,2395.TW,2207.TW,6669.TW,3045.TW,2317.TW,2609.TW,2357.TW,3017.TW,9910.TW,3231.TW,1216.TW,1102.TW,2454.TW,2618.TW,5880.TW,2603.TW,2885.TW,5876.TW",2026,123,20
2026-04-10,0.018265837693197874,0.015832090970234747,0.05148887545100411,0.033371553573733594,0.4085623473246064,0.4085623473246065,0.40856234732460645,0.002390089731848948,"1303.TW,3017.TW,9910.TW,2395.TW,3711.TW,2317.TW,3037.TW,2609.TW,2603.TW,3045.TW,2615.TW,2886.TW,2408.TW,2881.TW,5876.TW,1102.TW,2303.TW,5880.TW,2379.TW,1216.TW",2026,123,20
2026-04-10,0.014972166222516856,0.011768804841750802,0.05148887545100411,0.033371553573733594,0.5395055748663989,0.5395055748663989,0.5395055748663989,0.003156107612968434,"1303.TW,3017.TW,9910.TW,2395.TW,3711.TW,2317.TW,3037.TW,2609.TW,2603.TW,3045.TW,2615.TW,2886.TW,2408.TW,2881.TW,5876.TW",2026,123,15
2026-04-10,0.042360411162377654,0.03626260275707782,0.05148887545100411,0.033371553573733594,1.0,0.9999999999999999,1.0,0.005849999999999999,"1303.TW,3017.TW,9910.TW",2026,123,3
2026-04-10,0.025548582818483462,0.022527678275419794,0.05148887545100411,0.033371553573733594,0.5035294745043102,0.5035294745043102,0.5035294745043102,0.0029456474258502145,"1303.TW,3017.TW,9910.TW,2395.TW,3711.TW,2317.TW,3037.TW,2609.TW,2603.TW,3045.TW",2026,123,10
2026-04-10,0.04666042450827744,0.041762053721578596,0.05148887545100411,0.033371553573733594,0.8,0.7999999999999999,0.8,0.00468,"1303.TW,3017.TW,9910.TW,2395.TW,3711.TW",2026,123,5
2026-04-15,0.006479183752585183,0.0005912805276326871,0.008849537394733709,0.01892131407049168,1.0,0.9999999999999999,1.0,0.005849999999999999,"2408.TW,1326.TW,1301.TW,2891.TW,3045.TW",2026,123,5
2026-04-15,0.016672921539219315,0.012671813529023135,0.008849537394733709,0.01892131407049168,0.672733651819445,0.6727336518194449,0.6727336518194449,0.003935491863143753,"2408.TW,1326.TW,1301.TW,2891.TW,3045.TW,2345.TW,2883.TW,1102.TW,5880.TW,5876.TW,3017.TW,2308.TW,2882.TW,2886.TW,2618.TW",2026,123,15
2026-04-15,0.010885302399211328,0.00787895974312458,0.008849537394733709,0.01892131407049168,0.5083709559496962,0.5083709559496963,0.5083709559496963,0.0029739700923057232,"2408.TW,1326.TW,1301.TW,2891.TW,3045.TW,2345.TW,2883.TW,1102.TW,5880.TW,5876.TW,3017.TW,2308.TW,2882.TW,2886.TW,2618.TW,1216.TW,2887.TW,2412.TW,2881.TW,1303.TW",2026,123,20
2026-04-15,0.006084780213215157,0.0007730815818538517,0.008849537394733709,0.01892131407049168,0.9024912113620467,0.9024912113620466,0.9024912113620467,0.005279573586467972,"2408.TW,1326.TW,1301.TW,2891.TW,3045.TW,2345.TW,2883.TW,1102.TW,5880.TW,5876.TW",2026,123,10
2026-04-15,-0.003580970374101655,-0.009410021697413229,0.008849537394733709,0.01892131407049168,1.0,1.0000000000000002,1.0,0.005850000000000001,"2408.TW,1326.TW,1301.TW",2026,123,3
2026-04-20,-0.017473259382012163,-0.020571792724029092,0.02456142718339982,-0.001766919926227839,0.5390833625709271,0.539083362570927,0.539083362570927,0.003153637671039923,"2408.TW,2345.TW,2615.TW,3008.TW,2412.TW,5876.TW,2603.TW,5880.TW,1216.TW,2327.TW,1102.TW,2887.TW,2881.TW,2618.TW,2891.TW",2026,123,15
2026-04-20,-0.00946772521202445,-0.01152574471945833,0.02456142718339982,-0.001766919926227839,0.3551607709847181,0.355160770984718,0.35516077098471804,0.0020776905102606004,"2408.TW,2345.TW,2615.TW,3008.TW,2412.TW,5876.TW,2603.TW,5880.TW,1216.TW,2327.TW,1102.TW,2887.TW,2881.TW,2618.TW,2891.TW,2892.TW,2884.TW,2308.TW,2886.TW,3037.TW",2026,123,20
2026-04-20,-0.002474446135099506,-0.0063715851769919896,0.02456142718339982,-0.001766919926227839,0.667830123667138,0.667830123667138,0.667830123667138,0.003906806223452758,"2408.TW,2345.TW,2615.TW",2026,123,3
2026-04-20,-0.021364391959439358,-0.024813321322136206,0.02456142718339982,-0.001766919926227839,0.6024311500379599,0.60243115003796,0.60243115003796,0.003524222227722066,"2408.TW,2345.TW,2615.TW,3008.TW,2412.TW,5876.TW,2603.TW,5880.TW,1216.TW,2327.TW",2026,123,10
2026-04-20,-0.01966645824435898,-0.024269847242766818,0.02456142718339982,-0.001766919926227839,0.8026901751037661,0.8026901751037661,0.8026901751037661,0.004695737524357032,"2408.TW,2345.TW,2615.TW,3008.TW,2412.TW",2026,123,5
2026-04-23,0.05299944998724815,0.046839403204822716,0.03538813044525124,0.015544682265394863,1.0,1.0,1.0,0.00585,"2327.TW,2308.TW,3711.TW",2026,123,3
2026-04-23,0.045198613523673443,0.04144822551333882,0.03538813044525124,0.015544682265394863,0.6133685591270359,0.6133685591270359,0.6133685591270359,0.0035882060708931603,"2327.TW,2308.TW,3711.TW,2345.TW,3017.TW,1303.TW,2883.TW,2303.TW,2408.TW,3008.TW",2026,123,10
2026-04-23,0.04257424817729525,0.03769500069582543,0.03538813044525124,0.015544682265394863,0.8,0.8,0.8,0.00468,"2327.TW,2308.TW,3711.TW,2345.TW,3017.TW",2026,123,5
2026-04-23,0.032418475693043965,0.028725419438778932,0.03538813044525124,0.015544682265394863,0.6114687815635385,0.6114687815635386,0.6114687815635385,0.0035770923721467006,"2327.TW,2308.TW,3711.TW,2345.TW,3017.TW,1303.TW,2883.TW,2303.TW,2408.TW,3008.TW,2002.TW,2618.TW,3037.TW,2887.TW,3034.TW",2026,123,15
2026-04-23,0.028834616529465656,0.025760331664181235,0.03538813044525124,0.015544682265394863,0.510790336899092,0.5107903368990921,0.510790336899092,0.0029881234708596886,"2327.TW,2308.TW,3711.TW,2345.TW,3017.TW,1303.TW,2883.TW,2303.TW,2408.TW,3008.TW,2002.TW,2618.TW,3037.TW,2887.TW,3034.TW,5880.TW,2454.TW,2379.TW,2382.TW,1216.TW",2026,123,20
2026-04-28,0.010573998661305624,0.006201087438921782,0.04079389187071558,0.011598779761693784,0.7396847661335932,0.7396847661335931,0.7396847661335932,0.00432715588188152,"2880.TW,3017.TW,3037.TW,2912.TW,2207.TW,3045.TW,2412.TW,1102.TW,2882.TW,2603.TW,5876.TW,2357.TW,2002.TW,3711.TW,2881.TW",2026,123,15
2026-04-28,0.00753476691106223,0.0021974826441975015,0.04079389187071558,0.011598779761693784,0.905533302569045,0.9055333025690451,0.9055333025690451,0.005297369820028914,"2880.TW,3017.TW,3037.TW,2912.TW,2207.TW,3045.TW,2412.TW,1102.TW,2882.TW,2603.TW",2026,123,10
2026-04-28,0.03721364459470555,0.031145944773826484,0.04079389187071558,0.011598779761693784,1.0,0.9999999999999999,1.0,0.005849999999999999,"2880.TW,3017.TW,3037.TW",2026,123,3
2026-04-28,0.005485878120897253,0.001318212608440339,0.04079389187071558,0.011598779761693784,0.7085345210936733,0.7085345210936733,0.7085345210936733,0.004144926948397989,"2880.TW,3017.TW,3037.TW,2912.TW,2207.TW,3045.TW,2412.TW,1102.TW,2882.TW,2603.TW,5876.TW,2357.TW,2002.TW,3711.TW,2881.TW,2892.TW,2618.TW,2884.TW,6669.TW,1216.TW",2026,123,20
2026-04-28,0.01728449904673406,0.012460579205783029,0.04079389187071558,0.011598779761693784,0.8105910224588555,0.8105910224588554,0.8105910224588555,0.004741957481384305,"2880.TW,3017.TW,3037.TW,2912.TW,2207.TW",2026,123,5
2026-05-04,0.020888269852849528,0.018144141805683134,0.031249938456222592,0.03566488372525675,0.45948389389563077,0.4594838938956308,0.4594838938956308,0.0026879807792894402,"2880.TW,3037.TW,6669.TW,3017.TW,2308.TW,1590.TW,2207.TW,2884.TW,2887.TW,4904.TW,3711.TW,3045.TW,2886.TW,2002.TW,1102.TW,5871.TW,5876.TW,2891.TW,2303.TW,2379.TW",2026,123,20
2026-05-04,0.005831458661843014,0.0022547762977231933,0.031249938456222592,0.03566488372525675,0.6078540191363137,0.6078540191363135,0.6078540191363135,0.0035559460119474343,"2880.TW,3037.TW,6669.TW,3017.TW,2308.TW,1590.TW,2207.TW,2884.TW,2887.TW,4904.TW",2026,123,10
2026-05-04,0.00956073508134884,0.007456206667223908,0.031249938456222592,0.03566488372525675,0.3563415596091018,0.3563415596091018,0.3563415596091018,0.0020845981237132454,"2880.TW,3037.TW,6669.TW",2026,123,3
2026-05-04,-0.019274225217402588,-0.02162739831478444,0.031249938456222592,0.03566488372525675,0.41015727521531886,0.41015727521531864,0.41015727521531875,0.0023994200600096147,"2880.TW,3037.TW,6669.TW,3017.TW,2308.TW",2026,123,5
2026-05-04,0.00625575398156791,0.003451300767033816,0.031249938456222592,0.03566488372525675,0.47641338694394625,0.4764133869439464,0.4764133869439463,0.0027870183136220867,"2880.TW,3037.TW,6669.TW,3017.TW,2308.TW,1590.TW,2207.TW,2884.TW,2887.TW,4904.TW,3711.TW,3045.TW,2886.TW,2002.TW,1102.TW",2026,123,15
2026-05-07,0.006743219986240187,0.004289714273393086,-0.02568054707124634,0.002457005842083231,0.41659350431236974,0.4165935043123697,0.41659350431236974,0.0024370720002273626,"3017.TW,3037.TW,6669.TW,2454.TW,2345.TW,3711.TW,2412.TW,3045.TW,4904.TW,2887.TW,2308.TW,1102.TW,2886.TW,1301.TW,2912.TW,5871.TW,5880.TW,1303.TW,2382.TW,5876.TW",2026,123,20
2026-05-07,0.03031154743919833,0.02718495566560364,-0.02568054707124634,0.002457005842083231,0.5187364283811071,0.5187364283811071,0.5187364283811071,0.0030346081060294767,"3017.TW,3037.TW,6669.TW,2454.TW,2345.TW,3711.TW,2412.TW,3045.TW,4904.TW,2887.TW",2026,123,10
2026-05-07,0.05553703877193657,0.05339574905913769,-0.02568054707124634,0.002457005842083231,0.346773648003977,0.34677364800397714,0.34677364800397703,0.002028625840823266,"3017.TW,3037.TW,6669.TW",2026,123,3
2026-05-07,0.060862381131261405,0.05820499928063927,-0.02568054707124634,0.002457005842083231,0.42819249308686236,0.42819249308686225,0.4281924930868623,0.0025049260845581445,"3017.TW,3037.TW,6669.TW,2454.TW,2345.TW",2026,123,5
2026-05-07,0.01039167081206354,0.008338530994576931,-0.02568054707124634,0.002457005842083231,0.347354477975001,0.347354477975001,0.347354477975001,0.002032023696153756,"3017.TW,3037.TW,6669.TW,2454.TW,2345.TW,3711.TW,2412.TW,3045.TW,4904.TW,2887.TW,2308.TW,1102.TW,2886.TW,1301.TW,2912.TW",2026,123,15
2026-05-12,-0.022609780164655296,-0.02468453033596918,-0.008961475287161291,-0.012618674260791461,0.3628623877598163,0.3628623877598162,0.3628623877598163,0.002122744968394925,"1326.TW,2345.TW,1301.TW,3037.TW,5871.TW,2454.TW,2883.TW,2308.TW,3711.TW,2887.TW,3034.TW,2885.TW,2412.TW,2379.TW,2891.TW,4904.TW,1303.TW,1102.TW,3045.TW,2882.TW",2026,123,20
2026-05-12,-0.04965451196353187,-0.05521403306854522,-0.008961475287161291,-0.012618674260791461,1.0,1.0,1.0,0.00585,"1326.TW,2345.TW,1301.TW",2026,123,3
2026-05-12,-0.052437741741196094,-0.055864591949419506,-0.008961475287161291,-0.012618674260791461,0.6182035589476549,0.6182035589476548,0.6182035589476549,0.0036164908198437805,"1326.TW,2345.TW,1301.TW,3037.TW,5871.TW",2026,123,5
2026-05-12,-0.03109509671611261,-0.033814712429531824,-0.008961475287161291,-0.012618674260791461,0.4798113554465372,0.4798113554465375,0.47981135544653736,0.0028068964293622442,"1326.TW,2345.TW,1301.TW,3037.TW,5871.TW,2454.TW,2883.TW,2308.TW,3711.TW,2887.TW,3034.TW,2885.TW,2412.TW,2379.TW,2891.TW",2026,123,15
2026-05-12,-0.044274307025455394,-0.047136986626780786,-0.008961475287161291,-0.012618674260791461,0.5120160983372577,0.5120160983372576,0.5120160983372577,0.002995294175272957,"1326.TW,2345.TW,1301.TW,3037.TW,5871.TW,2454.TW,2883.TW,2308.TW,3711.TW,2887.TW",2026,123,10
2026-05-15,0.03847757191922104,0.03435294298021052,0.008510681290039512,0.0154584906545958,0.6789407830890365,0.6789407830890365,0.6789407830890365,0.003971803581070864,"2379.TW,2382.TW,2603.TW,2395.TW,2308.TW,3231.TW,3034.TW,6669.TW,2454.TW,3037.TW,1101.TW,2357.TW,1590.TW,2327.TW,2618.TW",2026,123,15
2026-05-15,0.03258027453566654,0.028884763990983053,0.008510681290039512,0.0154584906545958,0.6117792677218008,0.6117792677218004,0.6117792677218006,0.0035789087161725327,"2379.TW,2382.TW,2603.TW,2395.TW,2308.TW,3231.TW,3034.TW,6669.TW,2454.TW,3037.TW,1101.TW,2357.TW,1590.TW,2327.TW,2618.TW,3017.TW,3711.TW,5871.TW,2303.TW,2883.TW",2026,123,20
2026-05-15,0.030310433774079604,0.02428311773650127,0.008510681290039512,0.0154584906545958,1.0,1.0,1.0,0.00585,"2379.TW,2382.TW,2603.TW",2026,123,3
2026-05-15,0.031851952514134266,0.025815618591926492,0.008510681290039512,0.0154584906545958,1.0,1.0,1.0,0.00585,"2379.TW,2382.TW,2603.TW,2395.TW,2308.TW",2026,123,5
2026-05-15,0.04160301391838403,0.037256623213948625,0.008510681290039512,0.0154584906545958,0.7132974463985103,0.7132974463985103,0.7132974463985103,0.004172790061431285,"2379.TW,2382.TW,2603.TW,2395.TW,2308.TW,3231.TW,3034.TW,6669.TW,2454.TW,3037.TW",2026,123,10
2026-05-20,0.048856480520884205,0.042720670109837044,0.07172984741019306,0.04016333269991481,1.0,1.0,1.0,0.00585,"1590.TW,2317.TW,2330.TW",2026,123,3
2026-05-20,0.0819620744694861,0.07933718587940808,0.07172984741019306,0.04016333269991481,0.4147085326505712,0.4147085326505714,0.4147085326505713,0.0024260449160058424,"1590.TW,2317.TW,2330.TW,1216.TW,3017.TW,2308.TW,2357.TW,2303.TW,2454.TW,3711.TW,3034.TW,2883.TW,2382.TW,1303.TW,6669.TW,2408.TW,2395.TW,2892.TW,3008.TW,2345.TW",2026,123,20
2026-05-20,0.11350145702079291,0.10827370408434978,0.07172984741019306,0.04016333269991481,0.8025431623408086,0.8025431623408088,0.8025431623408087,0.004694877499693731,"1590.TW,2317.TW,2330.TW,1216.TW,3017.TW,2308.TW,2357.TW,2303.TW,2454.TW,3711.TW",2026,123,10
2026-05-20,0.08952939156523895,0.08604074470377565,0.07172984741019306,0.04016333269991481,0.5473463088422995,0.5473463088422993,0.5473463088422994,0.003201975906727451,"1590.TW,2317.TW,2330.TW,1216.TW,3017.TW,2308.TW,2357.TW,2303.TW,2454.TW,3711.TW,3034.TW,2883.TW,2382.TW,1303.TW,6669.TW",2026,123,15
2026-05-20,0.03518843530116272,0.029132582954650932,0.07172984741019306,0.04016333269991481,1.0,1.0,1.0,0.00585,"1590.TW,2317.TW,2330.TW,1216.TW,3017.TW",2026,123,5
2026-05-25,-0.02441895513811539,-0.030126104250557506,0.015748070104767642,0.014181529346508315,1.0,1.0,1.0,0.00585,"2912.TW,2603.TW,2880.TW",2026,123,3
2026-05-25,-0.0028558550650533004,-0.007192123395020733,0.015748070104767642,0.014181529346508315,0.7433653933909958,0.7433653933909962,0.743365393390996,0.004348687551337327,"2912.TW,2603.TW,2880.TW,2615.TW,6669.TW,1102.TW,2303.TW,5871.TW,2382.TW,1216.TW,1326.TW,4904.TW,3045.TW,2892.TW,9910.TW",2026,123,15
2026-05-25,0.009287709122682142,0.0053698861538218345,0.015748070104767642,0.014181529346508315,0.663550464309577,0.6635504643095768,0.6635504643095769,0.0038817702162110244,"2912.TW,2603.TW,2880.TW,2615.TW,6669.TW,1102.TW,2303.TW,5871.TW,2382.TW,1216.TW,1326.TW,4904.TW,3045.TW,2892.TW,9910.TW,3017.TW,2609.TW,1303.TW,3037.TW,2886.TW",2026,123,20
2026-05-25,-0.035278643384844724,-0.04092226332104343,0.015748070104767642,0.014181529346508315,1.0,0.9999999999999998,0.9999999999999999,0.005849999999999999,"2912.TW,2603.TW,2880.TW,2615.TW,6669.TW",2026,123,5
2026-05-25,-0.007025767245709294,-0.011747712797849807,0.015748070104767642,0.014181529346508315,0.812881294627547,0.812881294627547,0.812881294627547,0.00475535557357115,"2912.TW,2603.TW,2880.TW,2615.TW,6669.TW,1102.TW,2303.TW,5871.TW,2382.TW,1216.TW",2026,123,10
2026-05-28,0.018708282665785603,0.0133447835575502,0.03972874934372106,0.07497381674101933,0.8999999999999999,0.8999999999999999,0.8999999999999999,0.005265,"3037.TW,2454.TW,2395.TW,3711.TW,2303.TW,2308.TW,1303.TW,1590.TW,3008.TW,2345.TW",2026,123,10
2026-05-28,-0.013426290784681346,-0.019197746983591002,0.03972874934372106,0.07497381674101933,1.0,1.0,1.0,0.00585,"3037.TW,2454.TW,2395.TW",2026,123,3
2026-05-28,0.04995961026777235,0.0465255277002401,0.03972874934372106,0.07497381674101933,0.5590907072767691,0.5590907072767689,0.559090707276769,0.0032706806375690984,"3037.TW,2454.TW,2395.TW,3711.TW,2303.TW,2308.TW,1303.TW,1590.TW,3008.TW,2345.TW,6669.TW,5876.TW,3017.TW,2603.TW,2412.TW,1102.TW,2327.TW,2382.TW,2887.TW,2886.TW",2026,123,20
2026-05-28,-0.026534091151597862,-0.032228866718361004,0.03972874934372106,0.07497381674101933,1.0,0.9999999999999999,1.0,0.005849999999999999,"3037.TW,2454.TW,2395.TW,3711.TW,2303.TW",2026,123,5
2026-05-28,0.03161382701408349,0.026748698333750376,0.03972874934372106,0.07497381674101933,0.8061601216311911,0.806160121631191,0.8061601216311911,0.004716036711542467,"3037.TW,2454.TW,2395.TW,3711.TW,2303.TW,2308.TW,1303.TW,1590.TW,3008.TW,2345.TW,6669.TW,5876.TW,3017.TW,2603.TW,2412.TW",2026,123,15
2026-06-02,-0.08107703470732654,-0.08371017462945762,-0.0862068884420879,-0.06468466957576031,0.48982276578007483,0.48982276578007505,0.48982276578007494,0.002865463179813439,"1590.TW,2454.TW,2303.TW,3008.TW,2327.TW,2395.TW,2345.TW,2609.TW,2002.TW,3037.TW,6669.TW,5880.TW,2618.TW,2207.TW,2881.TW",2026,123,15
2026-06-02,-0.08173071157019171,-0.08428938750622461,-0.0862068884420879,-0.06468466957576031,0.4763096265953321,0.4763096265953321,0.4763096265953321,0.0027864113155826927,"1590.TW,2454.TW,2303.TW,3008.TW,2327.TW,2395.TW,2345.TW,2609.TW,2002.TW,3037.TW,6669.TW,5880.TW,2618.TW,2207.TW,2881.TW,1101.TW,2308.TW,3017.TW,2885.TW,2317.TW",2026,123,20
2026-06-02,-0.13091448487711727,-0.13398983669229758,-0.0862068884420879,-0.06468466957576031,0.6048900319248172,0.6048900319248169,0.604890031924817,0.0035386066867601792,"1590.TW,2454.TW,2303.TW,3008.TW,2327.TW",2026,123,5
2026-06-02,-0.11987259011468987,-0.12330508701324261,-0.0862068884420879,-0.06468466957576031,0.6666666666666666,0.6666666666666667,0.6666666666666667,0.0039000000000000003,"1590.TW,2454.TW,2303.TW",2026,123,3
2026-06-02,-0.1059728455666797,-0.10769269765280431,-0.0862068884420879,-0.06468466957576031,0.32883991066276685,0.32883991066276685,0.32883991066276685,0.001923713477377186,"1590.TW,2454.TW,2303.TW,3008.TW,2327.TW,2395.TW,2345.TW,2609.TW,2002.TW,3037.TW",2026,123,10
2026-06-05,0.09621365921150349,0.08980080930511614,0.01988777711734402,0.036829979516443935,1.0,1.0,1.0,0.00585,"2327.TW,3037.TW,2317.TW",2026,123,3
2026-06-05,0.029676540651635004,0.02591057784852313,0.01988777711734402,0.036829979516443935,0.6252005361906091,0.625200536190609,0.625200536190609,0.003657423136715063,"2327.TW,3037.TW,2317.TW,2454.TW,3008.TW,3017.TW,2303.TW,2308.TW,1326.TW,1303.TW,2395.TW,2357.TW,2382.TW,1301.TW,3231.TW",2026,123,15
2026-06-05,0.02845778094171719,0.025271918742363564,0.01988777711734402,0.036829979516443935,0.5295227855154928,0.5295227855154928,0.5295227855154928,0.0030977082952656334,"2327.TW,3037.TW,2317.TW,2454.TW,3008.TW,3017.TW,2303.TW,2308.TW,1326.TW,1303.TW,2395.TW,2357.TW,2382.TW,1301.TW,3231.TW,2891.TW,1101.TW,3711.TW,2408.TW,2330.TW",2026,123,20
2026-06-05,0.1055923185455837,0.10295243749774396,0.01988777711734402,0.036829979516443935,0.4081628553398844,0.40816285533988417,0.4081628553398843,0.0023877527037383228,"2327.TW,3037.TW,2317.TW,2454.TW,3008.TW",2026,123,5
2026-06-05,0.0452060932426538,0.04202400094971792,0.01988777711734402,0.036829979516443935,0.5204211915894362,0.5204211915894364,0.5204211915894363,0.003044463970798203,"2327.TW,3037.TW,2317.TW,2454.TW,3008.TW,3017.TW,2303.TW,2308.TW,1326.TW,1303.TW",2026,123,10
2026-06-10,0.03170914936654934,0.02567365084275508,0.06049997331879786,0.04952239276492725,1.0,0.9999999999999999,1.0,0.005849999999999999,"2330.TW,2615.TW,3017.TW",2026,123,3
2026-06-10,0.08411922467614061,0.07898449863469637,0.06049997331879786,0.04952239276492725,0.8096258485939463,0.809625848593946,0.8096258485939462,0.004736311214274585,"2330.TW,2615.TW,3017.TW,2303.TW,3037.TW",2026,123,5
2026-06-10,0.08405969131028843,0.08235529473019776,0.06049997331879786,0.04952239276492725,0.2687581182899479,0.26875811828994806,0.268758118289948,0.001572234991996196,"2330.TW,2615.TW,3017.TW,2303.TW,3037.TW,2317.TW,2408.TW,2395.TW,2885.TW,2308.TW,1303.TW,2357.TW,1326.TW,3231.TW,2345.TW,3711.TW,6669.TW,2891.TW,2603.TW,2327.TW",2026,123,20
2026-06-10,0.09164169022185646,0.08935965888413366,0.06049997331879786,0.04952239276492725,0.35734328439022794,0.357343284390228,0.357343284390228,0.0020904582136828335,"2330.TW,2615.TW,3017.TW,2303.TW,3037.TW,2317.TW,2408.TW,2395.TW,2885.TW,2308.TW,1303.TW,2357.TW,1326.TW,3231.TW,2345.TW",2026,123,15
2026-06-10,0.08348629484702481,0.08022651750907639,0.06049997331879786,0.04952239276492725,0.5142906726424774,0.5142906726424773,0.5142906726424774,0.003008600434958492,"2330.TW,2615.TW,3017.TW,2303.TW,3037.TW,2317.TW,2408.TW,2395.TW,2885.TW,2308.TW",2026,123,10
2026-06-15,0.04127654287529318,0.0372155643580796,0.0320602957624494,0.039867862205186656,0.6666666666666666,0.6666666666666665,0.6666666666666665,0.0038999999999999994,"6669.TW,3017.TW,3711.TW",2026,123,3
2026-06-15,0.028547667979019687,0.023695242850865883,0.0320602957624494,0.039867862205186656,0.80645205536348,0.8064520553634799,0.80645205536348,0.0047177445238763575,"6669.TW,3017.TW,3711.TW,2454.TW,2883.TW",2026,123,5
2026-06-15,0.058510791587813096,0.05533872089349723,0.0320602957624494,0.039867862205186656,0.5122614819139455,0.5122614819139455,0.5122614819139455,0.0029967296691965815,"6669.TW,3017.TW,3711.TW,2454.TW,2883.TW,2882.TW,2891.TW,2379.TW,2382.TW,9910.TW,2881.TW,2327.TW,2609.TW,5871.TW,2408.TW,2885.TW,2303.TW,2345.TW,3231.TW,2886.TW",2026,123,20
2026-06-15,0.06402083732637415,0.05861009741259782,0.0320602957624494,0.039867862205186656,0.8692619292097694,0.8692619292097692,0.8692619292097693,0.005085182285877151,"6669.TW,3017.TW,3711.TW,2454.TW,2883.TW,2882.TW,2891.TW,2379.TW,2382.TW,9910.TW,2881.TW,2327.TW,2609.TW,5871.TW,2408.TW",2026,123,15
2026-06-15,0.052821253935316496,0.04725862909278322,0.0320602957624494,0.039867862205186656,0.9031694961556342,0.9031694961556344,0.9031694961556342,0.00528354155251046,"6669.TW,3017.TW,3711.TW,2454.TW,2883.TW,2882.TW,2891.TW,2379.TW,2382.TW,9910.TW",2026,123,10
2026-06-18,-0.0042263112845267155,-0.008587729455162507,-0.013247993296839677,-0.009427606039288909,0.748705831534666,0.7487058315346657,0.7487058315346659,0.004379929114477795,"2207.TW,2345.TW,2603.TW,2002.TW,5871.TW,3037.TW,3008.TW,2887.TW,4904.TW,2454.TW,2327.TW,2303.TW,2615.TW,3017.TW,2412.TW",2026,123,15
2026-06-18,-0.019025401176856804,-0.02476410257997219,-0.013247993296839677,-0.009427606039288909,1.0,1.0,1.0,0.00585,"2207.TW,2345.TW,2603.TW",2026,123,3
2026-06-18,-0.00818899358367366,-0.012039103263596695,-0.013247993296839677,-0.009427606039288909,0.6635723969251821,0.663572396925182,0.6635723969251821,0.0038818985220123153,"2207.TW,2345.TW,2603.TW,2002.TW,5871.TW,3037.TW,3008.TW,2887.TW,4904.TW,2454.TW,2327.TW,2303.TW,2615.TW,3017.TW,2412.TW,3045.TW,1216.TW,1101.TW,2308.TW,2881.TW",2026,123,20
2026-06-18,-0.019795789962844635,-0.025005085275588645,-0.013247993296839677,-0.009427606039288909,0.9084615451759201,0.9084615451759203,0.9084615451759201,0.0053145000392791335,"2207.TW,2345.TW,2603.TW,2002.TW,5871.TW,3037.TW,3008.TW,2887.TW,4904.TW,2454.TW",2026,123,10
2026-06-18,-0.01244300622277892,-0.018220214636375687,-0.013247993296839677,-0.009427606039288909,1.0,1.0,1.0,0.00585,"2207.TW,2345.TW,2603.TW,2002.TW,5871.TW",2026,123,5
2026-06-24,-0.015431718232899017,-0.019322412969966285,-0.010648185723529768,-0.013108585478194917,0.6755001514334931,0.675500151433493,0.6755001514334931,0.003951675885885934,"2308.TW,3008.TW,3037.TW,2885.TW,2327.TW,2882.TW,2884.TW,2408.TW,2880.TW,2891.TW,2395.TW,2454.TW,5876.TW,2330.TW,4904.TW",2026,123,15
2026-06-24,-0.014375650071042093,-0.017603117572605353,-0.010648185723529768,-0.013108585478194917,0.5597506255408857,0.5597506255408855,0.5597506255408856,0.0032745411594141804,"2308.TW,3008.TW,3037.TW,2885.TW,2327.TW,2882.TW,2884.TW,2408.TW,2880.TW,2891.TW,2395.TW,2454.TW,5876.TW,2330.TW,4904.TW,2317.TW,2881.TW,2886.TW,2412.TW,2345.TW",2026,123,20
2026-06-24,-0.02033858179145092,-0.02495555925777493,-0.010648185723529768,-0.013108585478194917,0.805611921273331,0.8056119212733311,0.805611921273331,0.004712829739448987,"2308.TW,3008.TW,3037.TW,2885.TW,2327.TW,2882.TW,2884.TW,2408.TW,2880.TW,2891.TW",2026,123,10
2026-06-24,-0.037156992705729655,-0.04278962429840116,-0.010648185723529768,-0.013108585478194917,1.0,1.0,1.0,0.00585,"2308.TW,3008.TW,3037.TW",2026,123,3
2026-06-24,-0.02171592744111839,-0.027438889265587907,-0.010648185723529768,-0.013108585478194917,1.0,1.0,1.0,0.00585,"2308.TW,3008.TW,3037.TW,2885.TW,2327.TW",2026,123,5
2026-06-29,0.0035065899339062206,0.001070864823869755,-0.006551210049467904,0.003709908329615541,0.4149083532179887,0.41490835321798863,0.4149083532179887,0.002427213866325234,"2884.TW,2330.TW,2885.TW,1102.TW,2327.TW,2207.TW,2382.TW,2345.TW,1303.TW,3008.TW,2454.TW,3711.TW,2880.TW,2891.TW,2303.TW,2882.TW,2881.TW,2883.TW,2357.TW,2317.TW",2026,123,20
2026-06-29,0.01606521929801868,0.013217371167411063,-0.006551210049467904,0.003709908329615541,0.4791145656910058,0.4791145656910058,0.4791145656910058,0.002802820209292384,"2884.TW,2330.TW,2885.TW,1102.TW,2327.TW,2207.TW,2382.TW,2345.TW,1303.TW,3008.TW,2454.TW,3711.TW,2880.TW,2891.TW,2303.TW",2026,123,15
2026-06-29,0.02791933359944522,0.024227607533400253,-0.006551210049467904,0.003709908329615541,0.6139239375761469,0.6139239375761469,0.6139239375761469,0.0035914550348204594,"2884.TW,2330.TW,2885.TW,1102.TW,2327.TW,2207.TW,2382.TW,2345.TW,1303.TW,3008.TW",2026,123,10
2026-06-29,-0.0023370292500843135,-0.008173357628971312,-0.006551210049467904,0.003709908329615541,1.0,1.0,1.0,0.00585,"2884.TW,2330.TW,2885.TW",2026,123,3
2026-06-29,-0.009202758742042261,-0.012680457058857675,-0.006551210049467904,0.003709908329615541,0.6000000000000001,0.6,0.6000000000000001,0.00351,"2884.TW,2330.TW,2885.TW,1102.TW,2327.TW",2026,123,5
2026-07-02,0.004357322615372978,0.00045750996407778466,0.0023551305366031894,0.003156707839450148,0.6637425010365094,0.6637425010365093,0.6637425010365094,0.00388289363106358,"2881.TW,9910.TW,2882.TW,4904.TW,2892.TW,2303.TW,2379.TW,2412.TW,2886.TW,2408.TW,3231.TW,2891.TW,2327.TW,5880.TW,3045.TW,2887.TW,5876.TW,2317.TW,2618.TW,1303.TW",2026,123,20
2026-07-02,0.010432820681321304,0.005636307553563924,0.0023551305366031894,0.003156707839450148,0.811451050672302,0.8114510506723022,0.811451050672302,0.004746988646432968,"2881.TW,9910.TW,2882.TW,4904.TW,2892.TW,2303.TW,2379.TW,2412.TW,2886.TW,2408.TW,3231.TW,2891.TW,2327.TW,5880.TW,3045.TW",2026,123,15
2026-07-02,0.024216381296710675,0.018224715466124808,0.0023551305366031894,0.003156707839450148,0.9999999999999999,1.0000000000000002,1.0,0.005850000000000001,"2881.TW,9910.TW,2882.TW,4904.TW,2892.TW,2303.TW,2379.TW,2412.TW,2886.TW,2408.TW",2026,123,10
2026-07-02,0.03803120419265819,0.03195872164813118,0.0023551305366031894,0.003156707839450148,1.0,1.0,1.0,0.00585,"2881.TW,9910.TW,2882.TW",2026,123,3
2026-07-02,0.030045047504701314,0.024019283976798755,0.0023551305366031894,0.003156707839450148,1.0,1.0,1.0,0.00585,"2881.TW,9910.TW,2882.TW,4904.TW,2892.TW",2026,123,5
2026-07-07,0.0373660750718059,0.032495623031985055,0.0056391094460293,0.011436806763446805,0.8025671209512523,0.802567120951252,0.8025671209512522,0.004695017657564825,"2327.TW,2618.TW,3037.TW,3008.TW,2303.TW,2408.TW,3711.TW,2891.TW,3034.TW,3017.TW",2026,123,10
2026-07-07,0.03849817666088816,0.03242296232742192,0.0056391094460293,0.011436806763446805,1.0,1.0,1.0,0.00585,"2327.TW,2618.TW,3037.TW,3008.TW,2303.TW",2026,123,5
2026-07-07,0.030450928296275766,0.026738655484047857,0.0056391094460293,0.011436806763446805,0.6158241325940504,0.6158241325940501,0.6158241325940503,0.0036025711756751937,"2327.TW,2618.TW,3037.TW,3008.TW,2303.TW,2408.TW,3711.TW,2891.TW,3034.TW,3017.TW,2345.TW,2308.TW,2379.TW,3231.TW,2395.TW,1303.TW,2330.TW,2454.TW,1301.TW,2609.TW",2026,123,20
2026-07-07,0.03083029027666025,0.02479993307854178,0.0056391094460293,0.011436806763446805,1.0,1.0000000000000002,1.0,0.005850000000000001,"2327.TW,2618.TW,3037.TW",2026,123,3
2026-07-07,0.02956782881721572,0.02589481957247064,0.0056391094460293,0.011436806763446805,0.6098333791983914,0.6098333791983914,0.6098333791983914,0.00356752526831059,"2327.TW,2618.TW,3037.TW,3008.TW,2303.TW,2408.TW,3711.TW,2891.TW,3034.TW,3017.TW,2345.TW,2308.TW,2379.TW,3231.TW,2395.TW",2026,123,15
2026-07-10,0.14331352294437472,0.1387879210028562,-0.015420567149338815,-0.0035018135874283684,0.6766360704788066,0.6766360704788066,0.6766360704788066,0.003958321012301019,"1326.TW,1301.TW,2618.TW",2026,123,3
2026-07-10,0.03670102734598793,0.032991614241552725,-0.015420567149338815,-0.0035018135874283684,0.6116398975538662,0.6116398975538662,0.6116398975538662,0.003578093400690117,"1326.TW,1301.TW,2618.TW,2454.TW,2327.TW",2026,123,5
2026-07-10,0.029175081917934366,0.02671136151577791,-0.015420567149338815,-0.0035018135874283684,0.40921004996409555,0.40921004996409527,0.4092100499640954,0.002393878792289958,"1326.TW,1301.TW,2618.TW,2454.TW,2327.TW,2303.TW,3008.TW,3711.TW,1303.TW,3037.TW",2026,123,10
2026-07-10,0.0014253929354002244,-0.0005887786605620615,-0.015420567149338815,-0.0035018135874283684,0.3438127686251417,0.3438127686251418,0.34381276862514176,0.0020113046964570797,"1326.TW,1301.TW,2618.TW,2454.TW,2327.TW,2303.TW,3008.TW,3711.TW,1303.TW,3037.TW,2345.TW,6669.TW,3017.TW,3231.TW,2891.TW",2026,123,15
2026-07-10,-0.0050184413099017555,-0.006545120325499809,-0.015420567149338815,-0.0035018135874283684,0.26228704403395275,0.26228704403395264,0.2622870440339527,0.0015343792075986232,"1326.TW,1301.TW,2618.TW,2454.TW,2327.TW,2303.TW,3008.TW,3711.TW,1303.TW,3037.TW,2345.TW,6669.TW,3017.TW,3231.TW,2891.TW,2330.TW,2885.TW,1590.TW,2308.TW,1102.TW",2026,123,20
2026-07-15,-0.0321976132513876,-0.03575535927405982,-0.045006934467003656,-0.02941143463875874,0.6283945169017987,0.6283945169017985,0.6283945169017986,0.0036761079238755217,"2891.TW,2892.TW,2327.TW,2887.TW,3008.TW,2885.TW,2395.TW,2886.TW,1216.TW,2880.TW,2884.TW,2382.TW,3017.TW,5880.TW,2454.TW,2882.TW,3034.TW,2912.TW,2345.TW,1303.TW",2026,123,20
2026-07-15,-0.06867884661486641,-0.07412707536216945,-0.045006934467003656,-0.02941143463875874,1.0,1.0,1.0,0.00585,"2891.TW,2892.TW,2327.TW",2026,123,3
2026-07-15,-0.021164611407253838,-0.025905282338555935,-0.045006934467003656,-0.02941143463875874,0.8278931358754164,0.8278931358754162,0.8278931358754162,0.004843174844871186,"2891.TW,2892.TW,2327.TW,2887.TW,3008.TW,2885.TW,2395.TW,2886.TW,1216.TW,2880.TW",2026,123,10
2026-07-15,-0.025801402610995925,-0.029782062974198498,-0.045006934467003656,-0.02941143463875874,0.6984764346451896,0.6984764346451896,0.6984764346451896,0.00408608714267436,"2891.TW,2892.TW,2327.TW,2887.TW,3008.TW,2885.TW,2395.TW,2886.TW,1216.TW,2880.TW,2884.TW,2382.TW,3017.TW,5880.TW,2454.TW",2026,123,15
2026-07-15,-0.05047859597905445,-0.05513156069962355,-0.045006934467003656,-0.02941143463875874,0.8376626175507649,0.8376626175507648,0.8376626175507649,0.004900326312671974,"2891.TW,2892.TW,2327.TW,2887.TW,3008.TW",2026,123,5
2026-07-20,0.08429279743781729,0.07976884757413161,0.0255000305175781,0.03376079525566322,0.7132065848362679,0.713206584836268,0.7132065848362679,0.004172258521292167,"2327.TW,2303.TW,3037.TW",2026,123,3
2026-07-20,0.061517078176969685,0.058255284992760226,0.0255000305175781,0.03376079525566322,0.5252590805583547,0.5252590805583547,0.5252590805583547,0.003072765621266375,"2327.TW,2303.TW,3037.TW,3008.TW,2408.TW,1303.TW,3711.TW,2379.TW,1301.TW,1326.TW,2382.TW,3017.TW,2308.TW,2454.TW,2345.TW,2885.TW,3034.TW,6669.TW,2330.TW,2882.TW",2026,123,20
2026-07-20,0.07095784652091544,0.06700317371220188,0.0255000305175781,0.03376079525566322,0.631222272781337,0.631222272781337,0.631222272781337,0.0036926502957708215,"2327.TW,2303.TW,3037.TW,3008.TW,2408.TW",2026,123,5
2026-07-20,0.060874830345927625,0.055792738233272576,0.0255000305175781,0.03376079525566322,0.8188842544107512,0.8188842544107513,0.8188842544107513,0.004790472888302895,"2327.TW,2303.TW,3037.TW,3008.TW,2408.TW,1303.TW,3711.TW,2379.TW,1301.TW,1326.TW",2026,123,10
2026-07-20,0.06512189233930897,0.06082738308374824,0.0255000305175781,0.03376079525566322,0.6892207845220095,0.6892207845220096,0.6892207845220095,0.0040319415894537565,"2327.TW,2303.TW,3037.TW,3008.TW,2408.TW,1303.TW,3711.TW,2379.TW,1301.TW,1326.TW,2382.TW,3017.TW,2308.TW,2454.TW,2345.TW",2026,123,15
2026-07-23,0.033736586358275436,0.027689227328079546,-0.05460756642483233,-0.026292227476047023,1.0,1.0,1.0,0.00585,"2912.TW,5876.TW,1216.TW,2892.TW,2884.TW",2026,123,5
2026-07-23,-0.012256354477155028,-0.01690552038862303,-0.05460756642483233,-0.026292227476047023,0.8045905627819915,0.8045905627819911,0.8045905627819914,0.0047068547922746486,"2912.TW,5876.TW,1216.TW,2892.TW,2884.TW,2618.TW,1303.TW,2887.TW,2303.TW,5880.TW,4904.TW,5871.TW,2327.TW,2603.TW,2207.TW,2886.TW,1326.TW,2609.TW,2412.TW,2880.TW",2026,123,20
2026-07-23,-0.011849734463766425,-0.016526683058591063,-0.05460756642483233,-0.026292227476047023,0.8090656048590671,0.8090656048590672,0.8090656048590672,0.004733033788425543,"2912.TW,5876.TW,1216.TW,2892.TW,2884.TW,2618.TW,1303.TW,2887.TW,2303.TW,5880.TW",2026,123,10
2026-07-23,0.029416773926476937,0.023394685799007053,-0.05460756642483233,-0.026292227476047023,1.0,1.0,1.0,0.00585,"2912.TW,5876.TW,1216.TW",2026,123,3
2026-07-23,-0.014322663504860816,-0.01897340957234539,-0.05460756642483233,-0.026292227476047023,0.8065512905085032,0.8065512905085033,0.8065512905085033,0.004718325049474744,"2912.TW,5876.TW,1216.TW,2892.TW,2884.TW,2618.TW,1303.TW,2887.TW,2303.TW,5880.TW,4904.TW,5871.TW,2327.TW,2603.TW,2207.TW",2026,123,15
2026-07-28,0.07506593431428288,0.06980153425830382,0.05208873863558572,0.020040717514797003,0.837062562158559,0.8370625621585589,0.837062562158559,0.00489681598862757,"1303.TW,2327.TW,2303.TW,3037.TW,3711.TW,2345.TW,1301.TW,2454.TW,2308.TW,2395.TW",2026,123,10
2026-07-28,0.08565001302508786,0.07929896044889118,0.05208873863558572,0.020040717514797003,1.0,1.0,1.0,0.00585,"1303.TW,2327.TW,2303.TW,3037.TW,3711.TW",2026,123,5
2026-07-28,0.03974786910296227,0.03497219555796893,0.05208873863558572,0.020040717514797003,0.785146549845709,0.7851465498457084,0.7851465498457086,0.004593107316597395,"1303.TW,2327.TW,2303.TW,3037.TW,3711.TW,2345.TW,1301.TW,2454.TW,2308.TW,2395.TW,2408.TW,1326.TW,3017.TW,6669.TW,3034.TW,3008.TW,2317.TW,5880.TW,2357.TW,2379.TW",2026,123,20
2026-07-28,0.07393653462491952,0.06765400589736359,0.05208873863558572,0.020040717514797003,1.0,1.0,1.0,0.00585,"1303.TW,2327.TW,2303.TW",2026,123,3
2026-07-28,0.05134620010221693,0.046195798533507304,0.05208873863558572,0.020040717514797003,0.837412571120855,0.8374125711208553,0.8374125711208551,0.004898863541057003,"1303.TW,2327.TW,2303.TW,3037.TW,3711.TW,2345.TW,1301.TW,2454.TW,2308.TW,2395.TW,2408.TW,1326.TW,3017.TW,6669.TW,3034.TW",2026,123,15
2026-07-31,0.08671526733338049,0.08231288170545659,0.01225490196078427,0.029262326780843267,0.6924946896425459,0.692494689642546,0.6924946896425459,0.004051093934408894,"1326.TW,2408.TW,2327.TW",2026,123,3
2026-07-31,0.06543129460018271,0.0603360806051656,0.01225490196078427,0.029262326780843267,0.8174874867100952,0.8174874867100952,0.8174874867100952,0.004782301797254057,"1326.TW,2408.TW,2327.TW,1301.TW,2382.TW",2026,123,5
2026-07-31,0.04832369432112881,0.0445224959665349,0.01225490196078427,0.029262326780843267,0.6198252505706605,0.6198252505706605,0.6198252505706605,0.003625977715838364,"1326.TW,2408.TW,2327.TW,1301.TW,2382.TW,3231.TW,1303.TW,2883.TW,3711.TW,2880.TW",2026,123,10
2026-07-31,0.03533872862493467,0.03187599252289197,0.01225490196078427,0.029262326780843267,0.571716951021458,0.5717169510214583,0.5717169510214581,0.0033445441634755305,"1326.TW,2408.TW,2327.TW,1301.TW,2382.TW,3231.TW,1303.TW,2883.TW,3711.TW,2880.TW,2357.TW,2887.TW,2618.TW,2881.TW,3037.TW,2884.TW,2882.TW,2892.TW,2886.TW,2379.TW",2026,123,20
2026-07-31,0.04475767952647039,0.04136013437460395,0.01225490196078427,0.029262326780843267,0.5558963197094777,0.5558963197094778,0.5558963197094777,0.003251993470300445,"1326.TW,2408.TW,2327.TW,1301.TW,2382.TW,3231.TW,1303.TW,2883.TW,3711.TW,2880.TW,2357.TW,2887.TW,2618.TW,2881.TW,3037.TW",2026,123,15
2026-08-05,0.014826268301818745,0.011778974607199455,0.007748213576346918,0.008922671484050982,0.5132946607056164,0.5132946607056162,0.5132946607056164,0.0030027737651278554,"1326.TW,1301.TW,3231.TW,2382.TW,2308.TW,6669.TW,2887.TW,3711.TW,2357.TW,2618.TW",2026,123,10
2026-08-05,-0.003738347493450589,-0.007728252485557197,0.007748213576346918,0.008922671484050982,0.6845942927440629,0.6845942927440629,0.6845942927440629,0.004004876612552768,"1326.TW,1301.TW,3231.TW",2026,123,3
2026-08-05,0.027478083016065937,0.024959807303437165,0.007748213576346918,0.008922671484050982,0.41896220260741535,0.41896220260741535,0.41896220260741535,0.00245092888525338,"1326.TW,1301.TW,3231.TW,2382.TW,2308.TW",2026,123,5
2026-08-05,0.010725314278382043,0.00883940517747317,0.007748213576346918,0.008922671484050982,0.31895671309780993,0.31895671309780993,0.31895671309780993,0.0018658967716221882,"1326.TW,1301.TW,3231.TW,2382.TW,2308.TW,6669.TW,2887.TW,3711.TW,2357.TW,2618.TW,2303.TW,2885.TW,2892.TW,2330.TW,2882.TW,2880.TW,2884.TW,2881.TW,1303.TW,2317.TW",2026,123,20
2026-08-05,0.008665991117193865,0.005831536122495873,0.007748213576346918,0.008922671484050982,0.4803594307558987,0.4803594307558988,0.48035943075589876,0.002810102669922008,"1326.TW,1301.TW,3231.TW,2382.TW,2308.TW,6669.TW,2887.TW,3711.TW,2357.TW,2618.TW,2303.TW,2885.TW,2892.TW,2330.TW,2882.TW",2026,123,15
2026-08-10,0.044923786527754556,0.04120608907341827,0.029312785515692052,0.021934112574351336,0.6081820000096437,0.6081820000096438,0.6081820000096438,0.0035578647000564165,"3017.TW,2357.TW,3034.TW,3231.TW,1326.TW,5880.TW,6669.TW,1301.TW,2345.TW,2880.TW,2892.TW,1590.TW,2327.TW,1303.TW,2884.TW",2026,123,15
2026-08-10,0.1252149025666767,0.11863239538666148,0.029312785515692052,0.021934112574351336,1.0,1.0,1.0,0.00585,"3017.TW,2357.TW,3034.TW",2026,123,3
2026-08-10,0.03415334847153061,0.031375530542237406,0.029312785515692052,0.021934112574351336,0.45915885915359966,0.45915885915359966,0.45915885915359966,0.0026860793260485584,"3017.TW,2357.TW,3034.TW,3231.TW,1326.TW,5880.TW,6669.TW,1301.TW,2345.TW,2880.TW,2892.TW,1590.TW,2327.TW,1303.TW,2884.TW,2330.TW,5876.TW,2303.TW,5871.TW,2886.TW",2026,123,20
2026-08-10,0.04876216105815482,0.0456224166644712,0.029312785515692052,0.021934112574351336,0.5117542025193016,0.5117542025193016,0.5117542025193016,0.0029937620847379142,"3017.TW,2357.TW,3034.TW,3231.TW,1326.TW,5880.TW,6669.TW,1301.TW,2345.TW,2880.TW",2026,123,10
2026-08-10,0.0886694482298045,0.08476618739269415,0.029312785515692052,0.021934112574351336,0.6128803153286237,0.6128803153286237,0.6128803153286237,0.003585349844672449,"3017.TW,2357.TW,3034.TW,3231.TW,1326.TW",2026,123,5
2026-08-13,-0.005976518869806069,-0.010127830482728029,-0.03781508384747456,-0.016987554127199555,0.7138925087885712,0.713892508788571,0.7138925087885711,0.004176271176413141,"2886.TW,2880.TW,2303.TW,3231.TW,2618.TW,1102.TW,1326.TW,1590.TW,1101.TW,3037.TW",2026,123,10
2026-08-13,-0.024399399758025055,-0.029014032378926302,-0.03781508384747456,-0.016987554127199555,0.8085543293508648,0.8085543293508647,0.8085543293508648,0.004730042826702558,"2886.TW,2880.TW,2303.TW,3231.TW,2618.TW",2026,123,5
2026-08-13,0.012829514702776147,0.00945562550026513,-0.03781508384747456,-0.016987554127199555,0.5694277157589204,0.5694277157589204,0.5694277157589204,0.003331152137189684,"2886.TW,2880.TW,2303.TW,3231.TW,2618.TW,1102.TW,1326.TW,1590.TW,1101.TW,3037.TW,5876.TW,2395.TW,6669.TW,4904.TW,3045.TW,2609.TW,3008.TW,2912.TW,3034.TW,2615.TW",2026,123,20
2026-08-13,-0.00035283079274199937,-0.00434524351574006,-0.03781508384747456,-0.016987554127199555,0.6827045925355866,0.6827045925355865,0.6827045925355866,0.003993821866333181,"2886.TW,2880.TW,2303.TW,3231.TW,2618.TW,1102.TW,1326.TW,1590.TW,1101.TW,3037.TW,5876.TW,2395.TW,6669.TW,4904.TW,3045.TW",2026,123,15
2026-08-13,-0.014332208259822989,-0.020098364841502958,-0.03781508384747456,-0.016987554127199555,1.0,1.0,1.0,0.00585,"2886.TW,2880.TW,2303.TW",2026,123,3
2026-08-18,0.017324175478088767,0.011372829051542022,0.0155264282070664,0.025444026565327668,1.0,1.0,1.0,0.00585,"2885.TW,2883.TW,6669.TW",2026,123,3
2026-08-18,0.019200281042552614,0.013789791021820763,0.0155264282070664,0.025444026565327668,0.9074468543787345,0.9074468543787346,0.9074468543787346,0.005308564098115597,"2885.TW,2883.TW,6669.TW,2408.TW,2303.TW,2327.TW,3017.TW,9910.TW,2317.TW,2379.TW",2026,123,10
2026-08-18,0.0286998311515283,0.023816922601556767,0.0155264282070664,0.025444026565327668,0.8113982300191667,0.8113982300191664,0.8113982300191666,0.004746679645612125,"2885.TW,2883.TW,6669.TW,2408.TW,2303.TW",2026,123,5
2026-08-18,0.01750164855886511,0.013450747633216187,0.0155264282070664,0.025444026565327668,0.6805509334288137,0.6805509334288138,0.6805509334288138,0.00398122296055856,"2885.TW,2883.TW,6669.TW,2408.TW,2303.TW,2327.TW,3017.TW,9910.TW,2317.TW,2379.TW,3231.TW,2357.TW,2395.TW,1101.TW,3711.TW",2026,123,15
2026-08-18,0.017712996351753323,0.013169578814307137,0.0155264282070664,0.025444026565327668,0.7631351601951774,0.7631351601951771,0.7631351601951772,0.004464340687141787,"2885.TW,2883.TW,6669.TW,2408.TW,2303.TW,2327.TW,3017.TW,9910.TW,2317.TW,2379.TW,3231.TW,2357.TW,2395.TW,1101.TW,3711.TW,2330.TW,2308.TW,2454.TW,2345.TW,5871.TW",2026,123,20
