date,ic,top_alpha,bottom_alpha,spread,year,seed
2018-01-02,0.3231632653061224,0.01386803855899785,-0.012115692483607221,0.025983731042605072,2018,7
2018-01-03,0.16428571428571426,5.265120450572949e-05,-0.002349841308707338,0.0024024925132130675,2018,7
2018-01-04,0.35040816326530605,0.00790472420748435,-0.016789893390019447,0.0246946175975038,2018,7
2018-01-05,0.3695918367346938,0.009645358363027687,-0.03850212357248664,0.048147481935514325,2018,7
2018-01-08,0.14816326530612245,-0.00016094357424141967,-0.015610209561809585,0.015449265987568165,2018,7
2018-01-09,0.16234693877551018,0.005962352574992225,-0.014656273153392784,0.020618625728385007,2018,7
2018-01-10,-0.1296050624158769,-0.01778774263363693,-0.007619368182513149,-0.010168374451123782,2018,7
2018-01-11,-0.08785714285714286,-0.021867575485467708,-0.021587602262571576,-0.00027997322289613144,2018,7
2018-01-12,0.23744897959183672,-0.02293646223573926,-0.041139221339957316,0.018202759104218057,2018,7
2018-01-15,0.24183673469387756,-0.009075558903596915,-0.041258012107893136,0.03218245320429622,2018,7
2018-01-16,0.012653384019015773,-0.028381928903540164,-0.04152774849492708,0.013145819591386918,2018,7
2018-01-17,0.04846938775510204,-0.017918013643290303,-0.0364406718727632,0.0185226582294729,2018,7
2018-01-18,-0.0006122605170491503,-0.016109448311973657,-0.010625787117052076,-0.005483661194921581,2018,7
2018-01-19,-0.023265306122448978,-0.004081451328550891,-0.008293221430404205,0.004211770101853314,2018,7
2018-01-22,0.20163265306122446,0.02347537297042769,-0.0019395978723835386,0.02541497084281123,2018,7
2018-01-23,0.3154081632653061,0.011548594996274105,0.003614027764176606,0.0079345672320975,2018,7
2018-01-24,0.453469387755102,0.01542541647481647,-0.005946815753076355,0.021372232227892824,2018,7
2018-01-25,0.41081632653061223,0.021899235021865145,-0.010653727846774184,0.03255296286863933,2018,7
2018-01-26,0.4991836734693877,0.00949317053305105,-0.026348473951634494,0.03584164448468555,2018,7
2018-01-29,0.11025791477860114,0.010270857844170637,0.007065598549495437,0.0032052592946752003,2018,7
2018-01-30,0.04581632653061224,0.006628716154398047,0.0010508430082195968,0.00557787314617845,2018,7
2018-01-31,0.24138370884662752,0.0012994156029546196,-0.01967508376350645,0.020974499366461067,2018,7
2018-02-01,0.16918367346938773,0.014088822248422265,0.0025941611833153713,0.011494661065106894,2018,7
2018-02-02,0.0854081632653061,0.0059585791995617875,0.003675027417108493,0.0022835517824532944,2018,7
2018-02-05,0.36134453781512604,0.023738679487186266,-0.02429299397872008,0.048031673465906345,2018,7
2018-02-06,0.12153661464585833,0.001837539697268964,0.004282760277144337,-0.002445220579875373,2018,7
2018-02-07,0.07332533013205282,0.0075443699283778585,0.0011982887485153192,0.00634608117986254,2018,7
2018-02-08,0.3084827967947217,0.03633350463479863,-0.010102053933185829,0.04643555856798446,2018,7
2018-02-09,0.40542617046818724,-0.000475864789004421,-0.021819358259932586,0.021343493470928166,2018,7
2018-02-12,0.042785114045618244,-0.0007279428962226553,0.007770854169813957,-0.008498797066036613,2018,7
2018-02-21,-0.009123868522882491,0.010329370576943941,0.0191726890988399,-0.00884331852189596,2018,7
2018-02-22,0.0453781512605042,0.020584615595459,0.005403640016974976,0.015180975578484024,2018,7
2018-02-23,0.14525810324129654,0.026637216455427493,0.0001803863147256446,0.026456830140701847,2018,7
2018-02-26,0.22924920172758426,0.0170706511100318,-0.013350184435401724,0.030420835545433525,2018,7
2018-02-27,-0.016950780312124852,0.0009257954225178056,-0.017449268313985366,0.01837506373650317,2018,7
2018-03-01,0.20711181546943255,-0.003154971752211988,-0.010942614744794132,0.007787642992582144,2018,7
2018-03-02,-0.06977190876350539,-0.0006137098773654869,-0.005176066035925686,0.004562356158560199,2018,7
2018-03-05,-0.021368547418967588,-0.012875480073199053,0.005090782315232678,-0.01796626238843173,2018,7
2018-03-06,-0.09973589435774309,0.006313235540038609,0.010261746635854796,-0.0039485110958161875,2018,7
2018-03-07,-0.013685474189675868,-0.0007109751948116361,-0.0022524251445933175,0.0015414499497816815,2018,7
2018-03-08,-0.2076830732292917,-0.0001930316862583825,0.011600346940369854,-0.011793378626628237,2018,7
2018-03-09,0.012244897959183673,-0.00037694111606849655,0.0024331767917027845,-0.002810117907771281,2018,7
2018-03-12,0.057048188448338935,0.019373505753864484,0.013611064153944908,0.005762441599919576,2018,7
2018-03-13,-0.05651860744297719,0.010650842056544828,0.023890523671934193,-0.013239681615389364,2018,7
2018-03-14,0.025018007202881155,0.028017458832160815,0.008857945423491798,0.01915951340866902,2018,7
2018-03-15,0.17080432172869148,0.014446022408314796,0.009147044188153486,0.00529897822016131,2018,7
2018-03-16,0.060072028811524604,-0.004647762381899567,0.010556326163043828,-0.015204088544943395,2018,7
2018-03-19,0.10962785114045617,-0.0017553630490334093,-0.0064629116748062265,0.004707548625772817,2018,7
2018-03-20,0.12220888355342135,-0.0056992625310994804,-0.018869632660977,0.01317037012987752,2018,7
2018-03-21,0.11010804321728691,-0.0026564318113902917,0.0012393552465261193,-0.0038957870579164108,2018,7
2018-03-22,-0.10146458583433372,-0.0024602621448285068,0.010289383166465427,-0.012749645311293934,2018,7
2018-03-23,0.0805320784639664,-0.0006982739316452324,-0.0007893076244532172,9.103369280798472e-05,2018,7
2018-03-26,0.0722689075630252,-0.00894601371710293,-0.0010773176198997313,-0.007868696097203198,2018,7
2018-03-27,0.015510204081632653,0.0034909715299150878,0.00547931877516381,-0.0019883472452487225,2018,7
2018-03-28,0.022136854741896757,-0.018562290457013197,0.010294136019532496,-0.028856426476545693,2018,7
2018-03-29,0.09195678271308522,0.016078081762493035,0.012234185272068954,0.003843896490424081,2018,7
2018-03-30,0.44096038415366146,0.014316135557054088,-0.011320501741040056,0.025636637298094143,2018,7
2018-04-02,0.03817527010804322,0.01571111795124309,0.02506042625141668,-0.009349308300173588,2018,7
2018-04-03,0.10588235294117646,0.015351179218971134,0.02279437293964174,-0.0074431937206706055,2018,7
2018-04-09,-0.01503001200480192,0.022975415084033335,0.03350024296458849,-0.010524827880555157,2018,7
2018-04-10,-0.03154861944777911,0.01298599993358518,0.042775938580672204,-0.029789938647087025,2018,7
2018-04-11,0.18108043217286915,0.017607256109461112,0.016003317845879373,0.001603938263581739,2018,7
2018-04-12,0.13018007202881152,0.018371010186202085,0.0645278072950025,-0.04615679710880041,2018,7
2018-04-13,0.22180072028811523,0.03306076238380338,0.05208058926932694,-0.01901982688552356,2018,7
2018-04-16,0.12144057623049219,0.027724652094993064,0.02769047396460509,3.4178130387974015e-05,2018,7
2018-04-17,0.1620803926219776,0.016789426652752137,-0.0010003213943286181,0.017789748047080754,2018,7
2018-04-18,0.29738295318127245,0.014313400481682947,-0.021615498673519085,0.03592889915520203,2018,7
2018-04-19,0.40744297719087635,0.01753291067639472,-0.025501626991577098,0.043034537667971814,2018,7
2018-04-20,0.05968787515006002,-0.010803606472435324,-0.016821021824627247,0.006017415352191923,2018,7
2018-04-23,0.28672268907563025,0.017743708481509034,-0.034040179484567744,0.051783887966076775,2018,7
2018-04-24,0.07582232893157262,0.005458753177876341,0.01271977366269562,-0.00726102048481928,2018,7
2018-04-25,-0.0910924369747899,0.014837110089074502,0.01821308101114295,-0.0033759709220684483,2018,7
2018-04-26,0.10895558223289314,0.01760689443555887,0.01359343610040883,0.004013458335150042,2018,7
2018-04-27,0.10088835534213686,0.021851181730221304,0.023361137564813172,-0.0015099558345918682,2018,7
2018-04-30,-0.0050420168067226885,0.004369881470140424,0.02732514534996988,-0.022955263879829456,2018,7
2018-05-02,-0.30334461820551945,-0.0191524070205877,0.017726939658761633,-0.036879346679349334,2018,7
2018-05-03,0.08340936374549819,-0.004683924530672168,-0.017376939452888006,0.012693014922215837,2018,7
2018-05-04,-0.157358943577431,-0.01160028105147104,0.011143143188251525,-0.022743424239722566,2018,7
2018-05-07,0.06079377657878544,-0.01510994610916987,-0.0011835402529886464,-0.013926405856181224,2018,7
2018-05-08,-0.022905162064825933,0.0063582160869843475,0.03464597290646626,-0.028287756819481914,2018,7
2018-05-09,0.023097238895558224,0.029955699421794036,0.007533659611139243,0.02242203981065479,2018,7
2018-05-10,0.2367827130852341,0.04462133823165111,0.003625251640407323,0.04099608659124379,2018,7
2018-05-11,0.19356542617046818,0.04472153188021597,0.00030871248998587397,0.0444128193902301,2018,7
2018-05-14,0.2351500600240096,0.03012139721235043,0.0026387196378880318,0.0274826775744624,2018,7
2018-05-15,-0.009171668667466985,0.011832124983925062,0.00428865288762964,0.007543472096295422,2018,7
2018-05-16,0.19635054021608642,0.024010998891920078,-0.004938141469958701,0.02894914036187878,2018,7
2018-05-17,0.16677070828331333,0.015590380282416461,-0.0034996902748232416,0.019090070557239703,2018,7
2018-05-18,0.242742923069321,0.012522946309610617,-0.025940779237649793,0.03846372554726041,2018,7
2018-05-21,0.18357743097238896,0.009507358939713906,-0.013141745685430828,0.022649104625144734,2018,7
2018-05-22,0.19942376950780313,0.02546640044998827,-0.010298708037748693,0.035765108487736966,2018,7
2018-05-23,0.21478991596638655,0.03466556092321328,-0.0034934011411174803,0.03815896206433076,2018,7
2018-05-24,0.16869147659063624,0.018037143207135085,-0.0081833013665908,0.026220444573725885,2018,7
2018-05-25,-0.08398559423769507,-0.0012004918353769934,0.015072221869748482,-0.016272713705125477,2018,7
2018-05-28,-0.09887154861944776,0.0019994239121582493,0.004680639069777681,-0.002681215157619432,2018,7
2018-05-29,-0.1022328931572629,0.007900463276888158,0.02150083098676182,-0.013600367709873662,2018,7
2018-05-30,0.09042016806722687,0.0019918798634471547,0.0037175581644769196,-0.001725678301029765,2018,7
2018-05-31,0.008019207683073229,-0.005040108497564577,-0.003367012994607643,-0.0016730955029569338,2018,7
2018-06-01,-0.14756302521008402,0.007156483226932497,0.03722502829809997,-0.03006854507116747,2018,7
2018-06-04,0.19846338535414165,0.0325875069644976,0.014509957631046632,0.01807754933345097,2018,7
2018-06-05,0.08773319890161216,0.005055257076824682,0.001273598955704336,0.0037816581211203458,2018,7
2018-06-06,0.24878751500600238,0.014165379964088043,-0.02022169838694634,0.034387078351034384,2018,7
2018-06-07,0.06410564225690277,0.019822281306968302,-0.010030001654488242,0.029852282961456544,2018,7
2018-06-08,0.10693877551020407,0.015899761844037918,-0.0204814267086036,0.03638118855264152,2018,7
2018-06-11,0.1832893157262905,-0.004760394291596204,-0.04062901779887742,0.03586862350728121,2018,7
2018-06-12,0.11827414827294512,-0.010786481076494303,-0.025369795145660446,0.014583314069166143,2018,7
2018-06-13,0.27615846338535416,-0.008069675974346602,-0.024272900630165118,0.016203224655818516,2018,7
2018-06-14,0.1419962064324396,-0.007272069102154055,-0.019142962877191118,0.011870893775037063,2018,7
2018-06-15,0.19615846338535411,-0.01653277228430682,-0.058024459385640825,0.04149168710133401,2018,7
2018-06-19,0.024537815126050418,-0.005358135191629321,-0.02063512257539667,0.01527698738376735,2018,7
2018-06-20,-0.014166006390791236,-0.01157818040691765,-0.0030971315389706987,-0.00848104886794695,2018,7
2018-06-21,0.0790876350540216,0.013422323329785124,-0.012732971306156948,0.026155294635942072,2018,7
2018-06-22,0.07385531467470142,0.01150396905107821,-0.005881112974742408,0.01738508202582062,2018,7
2018-06-25,-0.09397810218978103,0.02992410011318275,0.015131019123107926,0.014793080990074824,2018,7
2018-06-26,-0.15889555822328932,-0.02764964252226455,0.0019066887327339522,-0.029556331254998503,2018,7
2018-06-27,0.022040816326530613,-0.03558939156579596,-0.007552697939770125,-0.02803669362602583,2018,7
2018-06-28,0.10924369747899158,-0.013048794807820684,-0.0069547248386049535,-0.006094069969215731,2018,7
2018-06-29,-0.100984393757503,-0.019195867530327572,0.01026422110927271,-0.02946008863960028,2018,7
2018-07-02,0.04230492196878751,-0.022036379545167583,-0.010347526026052167,-0.011688853519115416,2018,7
2018-07-03,-0.11030012004801922,-0.0005179867526222237,0.00956050432539276,-0.010078491078014984,2018,7
2018-07-04,0.002545079114277747,-0.0011257256994995468,-0.00031192572452258814,-0.0008137999749769586,2018,7
2018-07-05,-0.24456182472989194,-0.006586713108233433,0.023274670695698906,-0.02986138380393234,2018,7
2018-07-06,-0.3468427370948379,-0.003052027200008911,0.01751189942035608,-0.020563926620364992,2018,7
2018-07-09,0.09858343337334932,0.0012371354803696443,-0.0009111670282989093,0.002148302508668554,2018,7
2018-07-10,-0.15313325330132052,-0.021604948054924477,0.021600865233662635,-0.04320581328858711,2018,7
2018-07-11,-0.3374309723889556,-0.011651141082796645,0.01867158317771588,-0.030322724260512524,2018,7
2018-07-12,-0.13464909125348687,-0.028725227248706263,-0.00190676377558876,-0.026818463473117504,2018,7
2018-07-13,0.19471788715486196,-0.026903002048011694,-0.07737740039827645,0.05047439835026476,2018,7
2018-07-16,-0.15591836734693876,-0.047635181678836326,-0.011118659520550366,-0.03651652215828596,2018,7
2018-07-17,0.12182472989195677,-0.011504194863127638,-0.02601329690595301,0.014509102042825371,2018,7
2018-07-18,0.37555822328931565,0.015842464067082764,-0.04284113046572006,0.05868359453280282,2018,7
2018-07-19,0.09911402437489189,0.01965382312802496,-0.008046210936757437,0.027700034064782397,2018,7
2018-07-20,0.38689075630252096,0.040503303759411746,-0.013599002831967345,0.05410230659137909,2018,7
2018-07-23,0.11769507803121249,0.010154950917888128,-0.002958570454970755,0.013113521372858882,2018,7
2018-07-24,0.11875150060024009,-5.626482565589397e-05,-0.019166788578949257,0.019110523753293363,2018,7
2018-07-25,0.12115246098439375,0.001211515328058388,-0.03336814710818686,0.03457966243624525,2018,7
2018-07-26,0.15486194477791115,-0.00043074802202547335,-0.030691893605269294,0.03026114558324382,2018,7
2018-07-27,0.20423059383062753,-0.007263330264283441,-0.013826930038726582,0.006563599774443141,2018,7
2018-07-30,-0.012533013205282113,-0.01455079088623007,-0.001366650727973906,-0.013184140158256164,2018,7
2018-07-31,-0.049315726290516206,-0.018669021893587788,0.000823604837438785,-0.01949262673102657,2018,7
2018-08-01,-0.17503001200480192,-0.021541217692289016,-0.0006780655397007895,-0.020863152152588226,2018,7
2018-08-02,-0.27615846338535416,-0.01842713746137422,0.01424553970294833,-0.03267267716432255,2018,7
2018-08-03,-0.23812725090036013,-0.03028633020311443,0.018868712639783337,-0.04915504284289777,2018,7
2018-08-06,-0.03241296518607443,-0.004488452569217716,0.014479786415506202,-0.01896823898472392,2018,7
2018-08-07,0.17829531812725088,0.02104290076062095,-0.013182891203717507,0.03422579196433846,2018,7
2018-08-08,0.2368787515006002,0.009671943869021437,-0.010398538049644046,0.020070481918665485,2018,7
2018-08-09,0.19932773109243698,0.012012150840978708,-0.003242005786194313,0.01525415662717302,2018,7
2018-08-10,0.041585632320085456,0.004014904006163,0.007908869236574157,-0.0038939652304111564,2018,7
2018-08-13,0.08830732292917168,0.011634048168065302,-0.0017091574420839972,0.0133432056101493,2018,7
2018-08-14,0.38017719524031934,0.013325348773878832,-0.004415915864279874,0.017741264638158706,2018,7
2018-08-15,0.4020264593345906,0.019130712297031803,-0.0004133855246979623,0.019544097821729764,2018,7
2018-08-16,0.05258103241296518,0.0005556818430027643,-0.0033163921991246404,0.0038720740421274045,2018,7
2018-08-17,-0.04768307322929172,0.0044702112321893025,0.013374388954934879,-0.008904177722745576,2018,7
2018-08-20,0.11097238895558223,-0.0045836713089344675,-0.006737290625962589,0.0021536193170281215,2018,7
2018-08-21,0.0848499399759904,0.007270825826760285,0.001031744711951188,0.006239081114809097,2018,7
2018-08-22,0.11318127250900359,0.01471053484325675,-0.015502056122828189,0.03021259096608494,2018,7
2018-08-23,0.28230492196878754,0.015605752052776412,-0.01844302752061754,0.03404877957339395,2018,7
2018-08-24,0.05392557022809123,-0.0009018402720009533,0.0026092324942427413,-0.003511072766243695,2018,7
2018-08-27,0.1543817527010804,-0.008353685527281874,-0.019296152341962948,0.010942466814681074,2018,7
2018-08-28,-0.06670028093833569,-0.017578832593417658,0.010507521204289683,-0.02808635379770734,2018,7
2018-08-29,0.045474189675870344,-0.005469116598512891,-0.02023745710042919,0.014768340501916298,2018,7
2018-08-30,-0.22496998799519805,-0.024888014422684825,0.011852347698740051,-0.036740362121424876,2018,7
2018-08-31,0.1781555379994423,-0.03004112859198732,-0.038077721511147945,0.008036592919160625,2018,7
2018-09-03,0.004081632653061224,-0.024712403840945796,-0.022361495102609253,-0.0023509087383365435,2018,7
2018-09-04,0.1415126050420168,-0.01622790711530776,-0.035945429732386944,0.019717522617079184,2018,7
2018-09-05,0.3415606242496999,-0.006490537378608108,-0.032108710150649554,0.025618172772041446,2018,7
2018-09-06,0.16581032412965185,-0.0021138690972950956,-0.04056659718896781,0.03845272809167272,2018,7
2018-09-07,0.12480491732090312,0.013286461441725295,-0.0004154851701316242,0.013701946611856919,2018,7
2018-09-10,-0.03884753901560624,-0.0031285597470784186,-0.0021608682686432125,-0.0009676914784352061,2018,7
2018-09-11,0.11740696278511403,0.006801736289851456,0.015788710746201105,-0.008986974456349649,2018,7
2018-09-12,-0.06607760284222884,0.016756860769493908,0.02000260843835274,-0.003245747668858833,2018,7
2018-09-13,0.13690276110444177,0.006576746936137657,0.002613611989456743,0.0039631349466809134,2018,7
2018-09-14,0.04326530612244897,0.010726532912746245,-0.014659160515201441,0.025385693427947685,2018,7
2018-09-17,-0.006386554621848738,-0.0003574656177263491,0.0021028816806602513,-0.0024603472983866005,2018,7
2018-09-18,0.006962785114045618,-0.007196825959443831,-0.006755192808676413,-0.00044163315076741795,2018,7
2018-09-19,-0.058727490996398554,-0.00012591923081917145,-0.0012497427281385365,0.001123823497319365,2018,7
2018-09-20,-0.2904681872749099,-0.015568464536814985,0.007888245107052693,-0.02345670964386768,2018,7
2018-09-21,0.007250900360144057,-0.01480397305879697,-0.004564945410118537,-0.010239027648678433,2018,7
2018-09-25,-0.18242935009700306,-0.011910653370079327,0.005422622945887967,-0.017333276315967296,2018,7
2018-09-26,-0.011956782713085232,-0.01857043719686764,-0.009870024770629371,-0.008700412426238268,2018,7
2018-09-27,0.2494597839135654,-0.014707757358085449,-0.005101701308292095,-0.009606056049793353,2018,7
2018-09-28,0.265594237695078,-0.024963598634960747,-0.02551085697025145,0.0005472583352907033,2018,7
2018-10-01,0.2548379351740696,-0.021062461709474956,-0.01737960018180109,-0.0036828615276738655,2018,7
2018-10-02,0.1589954141013891,-0.050081133204877795,-0.057318098774156466,0.007236965569278671,2018,7
2018-10-03,0.18828331332533013,-0.011149740407800802,-0.03932920314722086,0.02817946273942006,2018,7
2018-10-04,0.09368547418967586,-0.004066772399331042,-0.010444163336823053,0.006377390937492011,2018,7
2018-10-05,0.20960384153661463,0.016300925872904937,-0.005751664850693117,0.022052590723598053,2018,7
2018-10-08,0.5725330132052822,0.03477892467910833,-0.038026594761107736,0.07280551944021607,2018,7
2018-10-09,0.41810324129651855,0.07155737190577337,-0.02058253397985944,0.09213990588563281,2018,7
2018-10-11,0.3133808735806902,0.02365055246136578,-0.0072756234347296275,0.030926175896095406,2018,7
2018-10-12,-0.13536614645858341,0.01542076947898081,0.012360104445178788,0.0030606650338020226,2018,7
2018-10-15,-0.05152460984393757,0.02402985198264602,0.009070524520632995,0.014959327462013026,2018,7
2018-10-16,-0.05027611044417767,0.013226692359630355,0.020478382291413376,-0.007251689931783021,2018,7
2018-10-17,-0.2772148859543817,-0.015479687529980257,0.03501502629106582,-0.050494713821046075,2018,7
2018-10-18,-0.154765906362545,-0.003010526025410709,0.022100443383283475,-0.025110969408694183,2018,7
2018-10-19,-0.19106842737094837,-0.01912217613028746,0.013716805404365873,-0.03283898153465333,2018,7
2018-10-22,-0.13623049219687874,-0.04319955420281997,-0.005546388854130846,-0.03765316534868912,2018,7
2018-10-23,-0.2716446578631453,-0.016247613486861868,0.021582100057504307,-0.03782971354436618,2018,7
2018-10-24,0.13344537815126048,0.0005461692235406379,-0.010615158019740733,0.011161327243281371,2018,7
2018-10-25,0.2238175270108043,0.01814090799884698,-0.01744361347484428,0.03558452147369126,2018,7
2018-10-26,0.253109243697479,0.04890852026932015,-0.009957124385290306,0.05886564465461046,2018,7
2018-10-29,0.41186074429771913,0.04852973376467877,-0.013789212006868844,0.06231894577154762,2018,7
2018-10-30,0.10588235294117646,0.025215576834549648,-0.01795810428259036,0.04317368111714001,2018,7
2018-10-31,-0.16821128451380551,0.007605259787450802,0.01986787297846917,-0.012262613191018366,2018,7
2018-11-01,0.05286914765906363,-0.013894162189270276,-0.020142323261136453,0.0062481610718661765,2018,7
2018-11-02,0.16388955582232892,0.009970831611215347,-0.02234057229088431,0.032311403902099654,2018,7
2018-11-05,-0.11817527010804323,-0.008888967799423109,0.0005733835811376098,-0.00946235138056072,2018,7
2018-11-06,0.11078031212484994,0.03935079250822654,0.012810261474067153,0.026540531034159386,2018,7
2018-11-07,-0.12153661464585833,0.02280786910174467,0.020660987276390107,0.0021468818253545623,2018,7
2018-11-08,0.11865831115811912,0.06287593269250868,0.01279882136137559,0.050077111331133094,2018,7
2018-11-09,0.31918367346938775,0.06132495375028211,0.026313517086896786,0.035011436663385326,2018,7
2018-11-12,0.2920048019207683,0.06013327348377258,0.030763496044217697,0.029369777439554882,2018,7
2018-11-13,0.15188475390156062,0.0327207054644573,0.03098647807497943,0.0017342273894778715,2018,7
2018-11-14,0.21536614645858343,0.04273041715602074,0.0072200342639508475,0.03551038289206989,2018,7
2018-11-15,0.09310924369747899,0.02813110774837413,0.011255284962969726,0.016875822785404403,2018,7
2018-11-16,0.34376950780312115,0.02351115530654062,-0.008977579154905135,0.032488734461445755,2018,7
2018-11-19,0.07342136854741896,0.015057153672622892,-0.00938779667604509,0.024444950348667983,2018,7
2018-11-20,-0.12960384153661464,0.011459542362834118,0.02404994219446659,-0.012590399831632472,2018,7
2018-11-21,-0.19903961584633853,-0.006760558496189661,0.02625886852439634,-0.033019427020586,2018,7
2018-11-22,-0.03654261704681872,0.019267356067722195,0.027186693593800892,-0.007919337526078696,2018,7
2018-11-23,-0.04989195678271309,0.027305714369953226,0.029860366284670925,-0.002554651914717699,2018,7
2018-11-26,-0.12172869147659063,0.049000273257549166,0.061545519401837966,-0.0125452461442888,2018,7
2018-11-27,-0.11414165666266506,0.008181563513508305,0.014450194830289887,-0.006268631316781582,2018,7
2018-11-28,0.013589435774309724,0.027000795166608405,0.017659878067444502,0.009340917099163903,2018,7
2018-11-29,0.3961679753356871,0.030622528576640197,-0.015560004589104814,0.04618253316574501,2018,7
2018-11-30,0.1427611044417767,0.009742001571469849,0.010754342487529512,-0.0010123409160596626,2018,7
2018-12-03,0.3556782713085234,0.028160634078320333,-0.024221331305406844,0.05238196538372718,2018,7
2018-12-04,0.27567827130852335,0.028752774054557017,0.0014026215804957664,0.02735015247406125,2018,7
2018-12-05,0.1779634565568553,0.002382254147711116,-0.008885431487237838,0.011267685634948954,2018,7
2018-12-06,0.2367827130852341,-0.006062952397008536,-0.006072158152531681,9.205755523144891e-06,2018,7
2018-12-07,0.18569027611044414,0.019114106704503742,-0.002900891382333348,0.02201499808683709,2018,7
2018-12-10,0.17829531812725088,-0.0011072403952175126,-0.0023326722764344665,0.001225431881216954,2018,7
2018-12-11,-0.014646209997258736,0.007190153994635362,0.0014891322883755053,0.005701021706259857,2018,7
2018-12-12,0.20619942861714433,0.003340452167333585,-0.0003825462509820521,0.0037229984183156373,2018,7
2018-12-13,0.3300518632347291,-0.0033510681024869204,-0.015970384414358607,0.012619316311871687,2018,7
2018-12-14,0.03010804321728691,0.0016725518838330068,-0.0020902476597040253,0.003762799543537032,2018,7
2018-12-17,0.3256182472989196,0.008846377545080109,-0.018827823333643447,0.027674200878723555,2018,7
2018-12-18,0.30516206482593033,0.018707593832606395,-0.02456014212530322,0.043267735957909614,2018,7
2018-12-19,0.17032412965186072,0.00654206605872627,-0.011488669029921905,0.018030735088648175,2018,7
2018-12-20,0.08417969221375265,0.004280382530323856,-0.0020217796101636874,0.0063021621404875435,2018,7
2018-12-21,0.2004801920768307,-0.008310961480444069,-0.01273487660366901,0.004423915123224941,2018,7
2018-12-24,0.14631452581032411,0.011592370875566593,0.002740306707199924,0.008852064168366668,2018,7
2018-12-25,0.17186074429771905,0.0025400235991162035,-0.0024899947437713953,0.005030018342887599,2018,7
2018-12-26,0.10693877551020407,0.0035821977207048604,0.004581999091320866,-0.0009998013706160051,2018,7
2018-12-27,-0.14967587034813923,0.0057024832243888325,0.019606363130598835,-0.013903879906210004,2018,7
2018-12-28,-0.10789915966386554,0.013182239708077081,0.031026106789814222,-0.01784386708173714,2018,7
2019-01-02,0.07495978296957667,0.029435610961936066,0.0009735812364943475,0.02846202972544172,2019,7
2019-01-03,0.46468187274909956,0.04258981403147908,-0.010248222277563468,0.052838036309042546,2019,7
2019-01-04,0.4624729891956783,0.04843024944606802,-0.034627899958370345,0.08305814940443837,2019,7
2019-01-07,-0.0017767106842737094,0.0027894795703469755,0.008695750975226058,-0.005906271404879083,2019,7
2019-01-08,0.1630252100840336,0.01656786337978696,-0.01750265425324913,0.03407051763303609,2019,7
2019-01-09,-0.17479411275416984,-0.003899860812095257,0.011357701444982094,-0.015257562257077351,2019,7
2019-01-10,-0.11980792316926771,-0.003046862618984747,0.015037721297029816,-0.018084583916014564,2019,7
2019-01-11,-0.06333733493397359,0.014973798479359358,0.021576865047731587,-0.006603066568372229,2019,7
2019-01-14,-0.11068427370948379,0.004953304479476106,0.006710422498181367,-0.0017571180187052615,2019,7
2019-01-15,0.05181272509003601,-0.0037345373993905584,-0.008517343039259417,0.004782805639868859,2019,7
2019-01-16,0.17349339735894356,0.003682096512007149,-0.011879262675828972,0.015561359187836122,2019,7
2019-01-17,-0.002352941176470588,-0.0033949260579170136,0.003746278915996237,-0.00714120497391325,2019,7
2019-01-18,0.16888355342136854,-0.00626587450306545,-0.017863638938652025,0.011597764435586575,2019,7
2019-01-21,-0.011092436974789914,0.000774902002455502,0.001873643836781924,-0.001098741834326422,2019,7
2019-01-22,-0.04902761104441777,0.011578306319789133,0.009815787088415084,0.001762519231374049,2019,7
2019-01-23,0.19721488595438177,0.005433297740001464,0.0034709471121643354,0.0019623506278371285,2019,7
2019-01-24,-0.08725090036014405,-0.0016542267677723376,0.007460665480163065,-0.009114892247935403,2019,7
2019-01-25,-0.127875150060024,-0.005207081468233854,0.022845831504814552,-0.028052912973048405,2019,7
2019-01-28,-0.1648499399759904,0.009879209749718376,0.012324707044345596,-0.00244549729462722,2019,7
2019-01-29,-0.03923169267707083,0.009969381147262934,0.020001155885992918,-0.010031774738729984,2019,7
2019-01-30,-0.1223049219687875,0.017239012903176178,0.04001992824736618,-0.02278091534419,2019,7
2019-02-11,-0.012917166866746698,0.002529789101731894,0.019952095727801357,-0.017422306626069462,2019,7
2019-02-12,-0.06852340936374549,0.003586846906261221,0.006757346243482776,-0.0031704993372215547,2019,7
2019-02-13,-0.08225690276110444,0.0040446673532270605,-0.0006353372474757646,0.004680004600702825,2019,7
2019-02-14,-0.15130852340936377,-0.017976879902674457,-0.01721151560362342,-0.0007653642990510384,2019,7
2019-02-15,0.3576950780312125,0.0037172324549439306,-0.009536298120687592,0.013253530575631523,2019,7
2019-02-18,0.22468187274909962,0.015045652799468734,-0.007369887266544584,0.022415540066013317,2019,7
2019-02-19,0.003601440576230492,0.011779570200870759,-0.006485228498356643,0.018264798699227404,2019,7
2019-02-20,-0.17483793517406962,-0.0015561593044963074,0.032796687681586154,-0.03435284698608246,2019,7
2019-02-21,-0.10319327731092437,0.00927541415170976,0.03855137346896541,-0.02927595931725565,2019,7
2019-02-22,-0.04672268907563025,0.0028789961162240195,0.010982541314515159,-0.008103545198291139,2019,7
2019-02-25,0.06256902761104441,0.014581140351249067,0.010026814618927193,0.004554325732321875,2019,7
2019-02-26,0.3071788715486194,0.020681174686295413,-0.002210625094369889,0.0228917997806653,2019,7
2019-02-27,0.23505402160864344,0.01689025197205889,-0.001594632113679495,0.018484884085738385,2019,7
2019-03-04,0.3834037653287464,-0.0007196530505998444,-0.02389494534471225,0.023175292294112405,2019,7
2019-03-05,0.035390156062424974,-0.0028466464968430636,-0.013605568586015115,0.010758922089172052,2019,7
2019-03-06,0.01503001200480192,-0.0005614175655506703,0.0037070430931352982,-0.004268460658685969,2019,7
2019-03-07,0.19539015606242494,0.006292224850987372,0.0004211695121411063,0.005871055338846265,2019,7
2019-03-08,0.12172869147659063,0.002870152377544499,0.0011416985344131602,0.0017284538431313389,2019,7
2019-03-11,-0.10031212484993997,0.0015914001247441135,0.026529955520221436,-0.024938555395477322,2019,7
2019-03-12,-0.08293315405301574,0.003822527115329455,0.01714895989943511,-0.013326432784105656,2019,7
2019-03-13,-0.037406962785114045,0.0125553676968301,0.023921067370254456,-0.011365699673424356,2019,7
2019-03-14,-0.2562785114045618,0.0005331029883900662,0.02346081029714172,-0.022927707308751655,2019,7
2019-03-15,0.3176470588235294,0.008529253630786427,-0.0027474738388475585,0.011276727469633985,2019,7
2019-03-18,-0.2134453781512605,0.00997850453193988,0.019697905629368583,-0.009719401097428703,2019,7
2019-03-19,0.053254579957245696,0.019393724552034954,0.0029521132458765974,0.016441611306158357,2019,7
2019-03-20,0.10598348072151094,0.020544713593972263,0.0035493909177375716,0.01699532267623469,2019,7
2019-03-21,0.11078031212484994,0.00999782172626119,0.001274065649127798,0.008723756077133393,2019,7
2019-03-22,-0.37190876350540214,-0.010407046113861895,0.009224914559129683,-0.019631960672991576,2019,7
2019-03-25,-0.2719327731092437,-0.012091828550433859,0.021357288896362715,-0.03344911744679657,2019,7
2019-03-26,-0.2242016806722689,-0.004580373400639904,0.017860566557410595,-0.0224409399580505,2019,7
2019-03-27,-0.11519807923169266,-0.005885664206517394,0.008460061945639762,-0.014345726152157156,2019,7
2019-03-28,0.03654261704681872,-0.013688419765850557,-0.00899173874563165,-0.004696681020218908,2019,7
2019-03-29,-0.05267707082833133,-0.004230825051671749,0.004334236761314547,-0.008565061812986295,2019,7
2019-04-01,-0.2569507803121248,-0.014845150929355788,0.019452087891632653,-0.03429723882098844,2019,7
2019-04-02,-0.1700360144057623,-0.010957439501447841,0.008463004972008747,-0.01942044447345659,2019,7
2019-04-03,-0.3472268907563025,-0.015620856183745525,0.012568555674412674,-0.0281894118581582,2019,7
2019-04-08,-0.2012484993997599,-0.01002536755441189,0.002432310617488653,-0.012457678171900542,2019,7
2019-04-09,0.10184873949579833,0.012729297579462884,-0.014402897348156373,0.027132194927619258,2019,7
2019-04-10,-0.0631452581032413,-0.01244497251329566,0.0055973851520995325,-0.018042357665395192,2019,7
2019-04-11,-0.07793517406962785,-0.026118957641169283,-0.0035823585520075585,-0.022536599089161724,2019,7
2019-04-12,0.33310924369747896,0.0017019484089853653,-0.01708645029252661,0.018788398701511975,2019,7
2019-04-15,0.04249699879951981,-0.010264459045207851,-0.011054201554539145,0.0007897425093312937,2019,7
2019-04-16,0.11807923169267706,-0.005140271317051947,-0.01981182965636229,0.014671558339310343,2019,7
2019-04-17,0.21200480192076832,0.000970863340702599,-0.021289915384388312,0.022260778725090913,2019,7
2019-04-18,-0.027899159663865542,0.001693386862300228,0.007108324709125091,-0.005414937846824864,2019,7
2019-04-19,0.034717887154861946,0.0012178585522471196,0.0047379005669910155,-0.003520042014743896,2019,7
2019-04-22,0.1570708283313325,0.022751234820835253,-0.0009723400598641296,0.023723574880699382,2019,7
2019-04-23,0.2568547418967587,0.027780647687522142,0.016624997094280336,0.011155650593241806,2019,7
2019-04-24,-0.06938775510204082,0.01937586752566469,0.027734139367643518,-0.008358271841978827,2019,7
2019-04-25,0.26521008403361346,0.019846110036862197,-0.002740668500548116,0.022586778537410312,2019,7
2019-04-26,0.054647170416001443,0.01595522877111304,-0.012225473515897301,0.02818070228701034,2019,7
2019-04-29,0.004849939975990396,-0.0006034667477560318,0.0370858786567108,-0.037689345404466834,2019,7
2019-04-30,-0.29728691476590635,-0.004050218315700705,0.03457431527730602,-0.03862453359300672,2019,7
2019-05-02,0.11126050420168068,0.0072719006630390885,-0.0005498160092460291,0.007821716672285118,2019,7
2019-05-03,-0.07140456182472989,0.007765903859224743,0.01075549231853179,-0.002989588459307047,2019,7
2019-05-06,-0.008979591836734692,-0.018391335612527638,-0.03545674552029301,0.01706540990776537,2019,7
2019-05-07,0.30746698679471784,0.012015856615655995,-0.011156478704107109,0.023172335319763104,2019,7
2019-05-08,0.10396158463385353,0.008926650750510346,-0.006580006985764042,0.015506657736274389,2019,7
2019-05-09,-0.06381752701080431,-0.006659931077870651,-0.004181468214918849,-0.002478462862951802,2019,7
2019-05-10,-0.11572906915866737,-0.011338468570287441,0.01002590764146658,-0.02136437621175402,2019,7
2019-05-13,-0.12710684273709483,-0.0017319552333433853,0.005673250456602774,-0.007405205689946159,2019,7
2019-05-14,0.14852340936374547,0.013227338416621803,-0.008744001993149519,0.02197134040977132,2019,7
2019-05-15,0.49647058823529405,0.02532324242051014,-0.03705925428538095,0.06238249670589109,2019,7
2019-05-16,0.1251860744297719,0.007485238448045417,0.010284531822563581,-0.0027992933745181643,2019,7
2019-05-17,-0.11298919567827131,-0.0013521011903269264,0.01880871070018163,-0.020160811890508556,2019,7
2019-05-20,-0.07044417767106842,-0.015748475651097438,0.011724513803774627,-0.027472989454872067,2019,7
2019-05-21,-0.11275180679856889,-0.04010492033579775,0.0013718297274695535,-0.04147675006326731,2019,7
2019-05-22,0.3912124849939976,0.01817249364468714,-0.012772574103007073,0.030945067747694212,2019,7
2019-05-23,-0.14617397780870683,-0.017153727157090258,-8.876718384641658e-05,-0.01706495997324384,2019,7
2019-05-24,0.051911256302652156,0.003130038894590137,-0.00823134000586353,0.011361378900453668,2019,7
2019-05-27,0.309203102204423,0.01722824043696014,-0.023997986747954437,0.041226227184914574,2019,7
2019-05-28,-0.13546218487394956,-0.01432080036355261,-0.015180110806672632,0.0008593104431200219,2019,7
2019-05-29,0.07063795051136919,-0.0001473827976005815,0.002519347367256575,-0.0026667301648571565,2019,7
2019-05-30,-0.16567024423128734,0.0019908151212719273,0.011373142928198387,-0.009382327806926459,2019,7
2019-05-31,0.12710684273709483,0.016416800502743346,-0.013221687897581758,0.029638488400325104,2019,7
2019-06-03,-0.07217286914765905,0.017416529769796518,-0.005079414315446129,0.022495944085242647,2019,7
2019-06-04,-0.06852340936374549,0.005426632864417624,0.005799783439889383,-0.00037315057547175883,2019,7
2019-06-05,-0.38641056422569026,-0.009956210538672627,0.00718039949593996,-0.017136610034612587,2019,7
2019-06-06,0.027322929171668665,0.0014362248333161577,-0.0006692468698346387,0.0021054717031507965,2019,7
2019-06-10,-0.016950780312124852,-0.008004851030244375,0.0015345655517223556,-0.00953941658196673,2019,7
2019-06-11,0.07370948379351741,-0.001321352221975758,-0.01043199452430198,0.009110642302326222,2019,7
2019-06-12,0.11529411764705881,0.013554666561109896,0.007102378003847521,0.006452288557262376,2019,7
2019-06-13,0.013877551020408161,0.010028088396908297,0.01180107075539034,-0.0017729823584820437,2019,7
2019-06-14,-0.16120048019207683,0.005826329230106797,0.008727085938658851,-0.002900756708552054,2019,7
2019-06-17,0.033661464585834334,0.0050840015126569545,-0.00909131056013789,0.014175312072794844,2019,7
2019-06-18,0.03145258103241296,-0.0011752336135781305,0.006766444315788656,-0.007941677929366786,2019,7
2019-06-19,0.23630252100840335,0.0006033210793742639,-0.010299057356414398,0.010902378435788663,2019,7
2019-06-20,0.3153421368547419,0.004241004200780341,-0.015227015765638952,0.01946801996641929,2019,7
2019-06-21,-0.14237695078031212,-0.00774594545402848,0.010182796539058047,-0.017928741993086528,2019,7
2019-06-24,-0.08408163265306122,-0.00015998906890467567,5.585151612708117e-06,-0.0001655742205173838,2019,7
2019-06-25,-0.10693877551020407,0.0025315299680016335,-0.004099321198076688,0.006630851166078321,2019,7
2019-06-26,-0.2703961584633853,-0.006921324176950794,0.021249956480447807,-0.0281712806573986,2019,7
2019-06-27,-0.13556147810577512,4.1202739736589945e-05,0.009421556465729097,-0.009380353725992507,2019,7
2019-06-28,0.16091236494597838,0.00898633823428795,-0.004417325979658793,0.013403664213946743,2019,7
2019-07-01,0.4674782108961108,0.01381637811268851,-0.027507614248473554,0.04132399236116206,2019,7
2019-07-02,0.23783913565426168,0.01018351588046541,-0.006189966509928124,0.01637348239039353,2019,7
2019-07-03,-0.2870108043217287,0.0068805955883662565,0.012755764720894125,-0.005875169132527868,2019,7
2019-07-04,-0.3518451824587369,-0.02376074817672551,0.01937078678802705,-0.04313153496475256,2019,7
2019-07-05,-0.35058823529411764,-0.020443800915377397,0.00025581226696987926,-0.020699613182347275,2019,7
2019-07-08,-0.0790876350540216,0.00042343878020072444,-0.012302397824918465,0.01272583660511919,2019,7
2019-07-09,-0.19740696278511405,-0.004159291406078558,0.010755405252670613,-0.014914696658749171,2019,7
2019-07-10,0.012244897959183673,-0.00047237483417438274,-0.004168764983011097,0.0036963901488367146,2019,7
2019-07-11,0.14526159095641858,-0.014713427113457123,-0.016973099072761955,0.0022596719593048313,2019,7
2019-07-12,0.06112845138055222,-0.002420424838841384,-0.0024045772035074186,-1.5847635333965382e-05,2019,7
2019-07-15,-0.036350540216086434,-0.005187590459334956,-0.0035956772226937717,-0.0015919132366411844,2019,7
2019-07-16,-0.1470828331332533,-0.008531183515846141,0.00622604427707667,-0.014757227792922812,2019,7
2019-07-17,0.010036014405762305,-0.01088214780750879,-0.004432091060247801,-0.00645005674726099,2019,7
2019-07-18,0.004609954622087995,0.02267779772913888,0.02039887264909518,0.002278925080043702,2019,7
2019-07-19,-0.03692677070828331,-0.008747187511771648,0.024401758422496513,-0.03314894593426816,2019,7
2019-07-22,0.007539015606242497,-0.0014867777328190224,-0.0002754502661711511,-0.0012113274666478713,2019,7
2019-07-23,0.1936614645858343,-0.004357410897482939,-0.01374864915745092,0.00939123825996798,2019,7
2019-07-24,0.17186074429771905,0.003911578955568063,-0.0167415614707635,0.02065314042633156,2019,7
2019-07-25,-0.004081632653061224,-0.00016579198108199745,0.003529059370156151,-0.0036948513512381487,2019,7
2019-07-26,-0.035006002400960384,-0.004556080350807479,0.004716707634195216,-0.009272787985002695,2019,7
2019-07-29,0.06823529411764705,-0.01064201859035795,-0.014454462244445344,0.003812443654087394,2019,7
2019-07-30,0.24081632653061225,0.018719378114872808,-0.010177506307058637,0.028896884421931446,2019,7
2019-07-31,0.14842737094837935,-0.0004093356537090309,0.0029109243358437565,-0.0033202599895527873,2019,7
2019-08-01,0.14525810324129654,0.01413602875868153,0.006479495105777333,0.007656533652904196,2019,7
2019-08-02,0.11231692677070829,0.03058790419459657,0.0006088104608348522,0.02997909373376172,2019,7
2019-08-05,0.4523889555822329,0.04228518258091685,-0.008413184698754305,0.050698367279671155,2019,7
2019-08-06,0.014549819927971188,0.01698378215739136,0.01373982097400619,0.00324396118338517,2019,7
2019-08-07,-0.013686131402641874,0.033262670921013406,0.025277563049971186,0.00798510787104222,2019,7
2019-08-08,-0.09013638120266244,0.010966667965979848,0.011997584565483322,-0.0010309165995034744,2019,7
2019-08-12,-0.01771908763505402,0.0060656828147629405,0.018375427743264516,-0.012309744928501575,2019,7
2019-08-13,0.19394957983193276,0.004230324149588749,-0.016779494153564188,0.021009818303152936,2019,7
2019-08-14,-0.33474189675870347,-0.011153006889114725,0.0060895398332282856,-0.01724254672234301,2019,7
2019-08-15,-0.04768307322929172,0.009867947254501852,-0.0015072546821412014,0.011375201936643053,2019,7
2019-08-16,0.12979591836734694,-0.00017766404489382158,-0.006569128064217444,0.006391464019323623,2019,7
2019-08-19,0.2662728997862285,0.0011571555553023915,-0.008713159623198585,0.009870315178500975,2019,7
2019-08-20,0.4463385354141656,0.009012990023262436,-0.016026875600120383,0.02503986562338282,2019,7
2019-08-21,0.06804321728691476,0.004376818722450948,-0.0034955159745578613,0.00787233469700881,2019,7
2019-08-22,0.40993997599039617,0.01136992553014179,-0.00926623272320407,0.02063615825334586,2019,7
2019-08-23,-0.09157262905162064,0.008361800033888834,0.00262969785025251,0.005732102183636323,2019,7
2019-08-26,0.2533973589435774,0.027753907882604355,-0.004689727749721673,0.03244363563232603,2019,7
2019-08-27,-0.11846338535414166,0.003973468346871889,0.009013633061973392,-0.005040164715101503,2019,7
2019-08-28,-0.035342985436007966,0.0008459158679507195,0.0012561616421626677,-0.0004102457742119482,2019,7
2019-08-29,-0.23745498199279708,-0.003909582039432857,0.014851122377873805,-0.01876070441730666,2019,7
2019-08-30,0.23140456182472988,0.0006937692732107426,0.0018684455387800614,-0.0011746762655693189,2019,7
2019-09-02,0.30881152460984396,0.002912970900009748,-0.030088633162932067,0.033001604062941815,2019,7
2019-09-03,0.27894357743097237,-0.0008921696243629152,-0.030601534546715724,0.02970936492235281,2019,7
2019-09-04,-0.029435774309723887,-0.00019072437105381866,0.009007543944860353,-0.009198268315914172,2019,7
2019-09-05,-0.02396158463385354,0.007918994512193956,0.016580714702447107,-0.008661720190253151,2019,7
2019-09-06,0.03438257822307297,0.0036450565997693807,0.0007323162988516097,0.002912740300917771,2019,7
2019-09-10,0.09186074429771908,0.02033994534056126,0.003066306329404911,0.01727363901115635,2019,7
2019-09-11,0.19884753901560623,-0.003484645311922996,-0.005075000102313432,0.0015903547903904358,2019,7
2019-09-12,-0.02156062424969988,0.001781124881791074,0.026520692777611564,-0.02473956789582049,2019,7
2019-09-16,0.10069627851140456,0.007522062358428139,0.015320845729851562,-0.007798783371423423,2019,7
2019-09-17,-0.17042016806722687,-0.005581925160606438,0.0012061469370213684,-0.006788072097627806,2019,7
2019-09-18,0.019735894357743092,-0.0016733940076841369,-0.005000820871677025,0.003327426863992888,2019,7
2019-09-19,0.10122692024334888,-0.006743854780316183,-0.016826021021486236,0.010082166241170053,2019,7
2019-09-20,0.1820408163265306,-0.01477613262720372,-0.01816790699843217,0.003391774371228451,2019,7
2019-09-23,0.28259303721488593,-0.026062550608324686,-0.028771884862748166,0.0027093342544234796,2019,7
2019-09-24,0.15563025210084033,-0.011704904297854124,-0.013742339909683932,0.002037435611829808,2019,7
2019-09-25,0.18876350540216086,-0.006529282391731239,-0.031463405850014094,0.024934123458282855,2019,7
2019-09-26,-0.16014405762304923,-0.00497654121290293,0.02229033354418425,-0.027266874757087178,2019,7
2019-09-27,0.25599039615846336,0.02921015068138554,-0.002332661078256348,0.03154281175964189,2019,7
2019-10-01,0.03414165666266506,0.01352478545564183,0.005346832838867532,0.008177952616774299,2019,7
2019-10-02,-0.29546218487394954,-0.02208692814143178,-0.006297120370532627,-0.015789807770899153,2019,7
2019-10-03,-0.15572629051620648,-0.029029232674835294,-0.0020309253202841606,-0.026998307354551134,2019,7
2019-10-04,0.045715383335705954,-0.0072139704792001935,-0.01568482894967873,0.008470858470478536,2019,7
2019-10-07,-0.08566832339380193,-0.017378095027343877,-0.0213469515863836,0.003968856559039724,2019,7
2019-10-08,-0.37229291716686674,-0.016379083256924786,0.0223802121260668,-0.03875929538299158,2019,7
2019-10-09,-0.0561344537815126,-0.003310342765010277,0.004850670985061545,-0.008161013750071822,2019,7
2019-10-14,-0.15207683073229292,0.0016539480670389683,0.0036655997045569656,-0.0020116516375179973,2019,7
2019-10-15,-0.1481392557022809,-0.0005788215663485308,0.008615970253639083,-0.009194791819987613,2019,7
2019-10-16,-0.09186074429771908,0.011428599880340683,0.018263285544882067,-0.006834685664541384,2019,7
2019-10-17,-0.32418545472620897,-0.0038430474820123407,0.01692213782949038,-0.02076518531150272,2019,7
2019-10-18,-0.1901080432172869,-0.001057047461952687,0.011969276439744814,-0.0130263239016975,2019,7
2019-10-21,-0.022521008403361343,-0.0034476802674110797,0.006563282241092316,-0.010010962508503396,2019,7
2019-10-22,-0.1470828331332533,-0.009305600390873437,0.001726025352953109,-0.011031625743826545,2019,7
2019-10-23,0.15034813925570228,-0.00841657835228612,-0.01008184637056413,0.0016652680182780103,2019,7
2019-10-24,-0.0008163265306122449,-0.015547674537581213,-0.005808417169982016,-0.009739257367599197,2019,7
2019-10-25,-0.23178871548619448,-0.02675301085573798,-0.0041234662647559265,-0.022629544590982056,2019,7
2019-10-28,0.004849939975990396,-0.034382260180519555,-0.038472033287114835,0.004089773106595279,2019,7
2019-10-29,-0.17944777911164464,-0.01466379025685537,-0.016407323762891612,0.0017435335060362427,2019,7
2019-10-30,0.1274909963985594,-0.019020424444717778,-0.0199892156507137,0.0009687912059959218,2019,7
2019-10-31,0.1228811524609844,-0.009079010477766736,-0.014735924350503892,0.005656913872737156,2019,7
2019-11-01,0.11932773109243697,-0.007960325337130314,-0.013921088255523373,0.005960762918393059,2019,7
2019-11-04,0.37181272509003604,0.019382840795867006,-0.002069739923717173,0.02145258071958418,2019,7
2019-11-05,0.4355822328931572,0.018487016224811248,-0.014277989248602773,0.03276500547341402,2019,7
2019-11-06,0.22477791116446577,0.015011226006708966,0.0011025018058572812,0.013908724200851685,2019,7
2019-11-07,0.28547418967587035,0.013690474713752888,-0.01220078069295365,0.02589125540670654,2019,7
2019-11-08,0.10396158463385353,0.004821117258853735,-0.0037079615327371253,0.008529078791590861,2019,7
2019-11-11,0.38872481943544085,0.007535258411525625,-0.026465398907115013,0.03400065731864064,2019,7
2019-11-12,-0.00024010180323374975,-0.015400355945731591,-0.001307589560300293,-0.014092766385431298,2019,7
2019-11-13,0.10165666266506602,-0.00597739923916899,-0.021158876173707142,0.015181476934538153,2019,7
2019-11-14,0.12384153661464585,-0.0036903620804644042,-0.009178480077254081,0.005488117996789677,2019,7
2019-11-15,-0.048404523531923954,-0.005591688952820239,-0.0010988187745752276,-0.004492870178245012,2019,7
2019-11-18,-0.19852093760884737,0.0029040321437289406,0.012246621096718414,-0.009342588952989473,2019,7
2019-11-19,0.012677375210741988,0.007940731243317645,0.006703217861154631,0.0012375133821630139,2019,7
2019-11-20,0.07716686674669868,-0.0019141208643672191,0.0034158168382341534,-0.005329937702601373,2019,7
2019-11-21,0.044801920768307316,0.019742497727662622,-0.005855804089038486,0.025598301816701106,2019,7
2019-11-22,0.08888355342136854,0.008410780328279877,-0.003644697063621105,0.012055477391900982,2019,7
2019-11-25,-0.24600240096038412,-0.010403028730810027,0.004657888636011331,-0.015060917366821358,2019,7
2019-11-26,-0.18213685474189675,-0.0009349889134004918,0.011335351114448033,-0.012270340027848525,2019,7
2019-11-27,0.017911164465786316,0.005103550431481529,0.011153119689948532,-0.0060495692584670024,2019,7
2019-11-28,0.2807683073229292,0.00714795193778126,-0.0023181293935266023,0.009466081331307863,2019,7
2019-11-29,0.3029604553203455,-0.004077025791994105,-0.014377043804784096,0.010300018012789992,2019,7
2019-12-02,0.18540216086434572,0.007465181826680989,0.005746029809608755,0.001719152017072234,2019,7
2019-12-03,0.04336134453781513,0.0025768378313050233,-0.004636430391904911,0.007213268223209934,2019,7
2019-12-04,0.17551020408163265,0.0049949394128910194,-0.009818591707953007,0.014813531120844027,2019,7
2019-12-05,-0.03563196316056235,-0.024278836858986363,-0.017287575412988275,-0.006991261445998088,2019,7
2019-12-06,-0.19587505107809303,-0.03162108921905482,-0.021488870882255328,-0.010132218336799493,2019,7
2019-12-09,-0.45171668667466985,-0.031816342549785014,-0.000906503973849837,-0.030909838575935177,2019,7
2019-12-10,-0.24581032412965184,-0.037977006580940144,-0.013321044068330633,-0.02465596251260951,2019,7
2019-12-11,-0.1507322929171669,-0.026880384453677842,-0.014601060865348015,-0.012279323588329828,2019,7
2019-12-12,0.04989195678271309,0.004161160543124831,-0.004335013929365905,0.008496174472490736,2019,7
2019-12-13,0.0910924369747899,0.011101416330201985,0.0019187365721714978,0.009182679758030486,2019,7
2019-12-16,0.23568958893584324,0.00442787566584314,-0.013336313733506588,0.017764189399349727,2019,7
2019-12-17,0.2367827130852341,0.015557946041852089,-0.0026458768645484464,0.018203822906400536,2019,7
2019-12-18,-0.01474189675870348,0.0068612754136954,0.016373821317326974,-0.009512545903631573,2019,7
2019-12-19,-0.2985906025014912,-0.00570758163143571,0.01155954050606225,-0.01726712213749796,2019,7
2019-12-20,0.17148070786954409,0.0036963353425158107,0.003582899443241061,0.00011343589927474956,2019,7
2019-12-23,0.2024969987995198,0.005125306574655186,-0.003897635651228304,0.00902294222588349,2019,7
2019-12-24,0.12240096038415366,0.020617385759791596,0.013026935352894408,0.007590450406897188,2019,7
2019-12-25,0.2829083238329096,0.02857433170123421,0.005011025157183269,0.023563306544050942,2019,7
2019-12-26,0.30343337334933973,0.012875414108090188,0.00750206857739637,0.005373345530693818,2019,7
2019-12-27,0.18146458583433375,9.257574737192575e-05,-0.006031356007865407,0.006123931755237333,2019,7
2019-12-30,0.3959183673469388,0.008904728379612092,-0.017956086903120515,0.026860815282732608,2019,7
2019-12-31,0.2973900934853224,-0.001570408739838458,-0.026630833484278714,0.025060424744440257,2019,7
2020-01-02,0.24989795680568674,0.012562072186704909,-0.006010450655267419,0.018572522841972326,2020,7
2020-01-03,0.2567587034813925,0.03076375305076908,-0.020751273381747072,0.05151502643251615,2020,7
2020-01-06,0.3478594925250566,0.013188880444631679,-0.005193432067567294,0.018382312512198972,2020,7
2020-01-07,0.38824461582897335,0.034366693112585354,-0.012585738434596927,0.04695243154718228,2020,7
2020-01-08,0.21071334251793877,0.03262359645998436,0.004569406830722422,0.028054189629261938,2020,7
2020-01-09,0.18977646527595582,0.01308251058440063,0.0030160185171305143,0.010066492067270116,2020,7
2020-01-10,0.03692677070828331,0.009894335933838294,-0.0011911139773611134,0.011085449911199407,2020,7
2020-01-13,-0.07356895897841176,-0.00020870369402863352,0.010475716314275418,-0.010684420008304052,2020,7
2020-01-14,0.2334550019428358,-0.007061390933826739,-0.02077561315511157,0.013714222221284832,2020,7
2020-01-15,0.1221128451380552,-0.01889694949138494,-0.042490811276638764,0.023593861785253824,2020,7
2020-01-16,0.35664721852341186,-0.03727517913668753,-0.07653755249449637,0.03926237335780884,2020,7
2020-01-17,0.07697478991596637,-0.008811190046099916,-0.014781626875182174,0.0059704368290822585,2020,7
2020-01-20,-0.22103241296518605,-0.013826927618900054,0.002243641642617966,-0.01607056926151802,2020,7
2020-01-30,0.17062043815293537,0.039573403291463825,-0.0008847037714209916,0.040458107062884816,2020,7
2020-01-31,0.043746548549189204,0.014533970592646083,-0.0007386342076242891,0.015272604800270373,2020,7
2020-02-03,-0.35394957983193276,0.011531803393513984,0.041405129713500945,-0.02987332631998696,2020,7
2020-02-04,-0.053015751117602206,-0.007810928632610736,0.00020538031421397652,-0.008016308946824712,2020,7
2020-02-05,0.3425772528539141,0.01466808076920848,-0.004207423568595448,0.01887550433780393,2020,7
2020-02-06,-0.17109654498437007,0.0017819832789114475,-0.00022326588509009594,0.0020052491640015434,2020,7
2020-02-07,0.38746698679471786,0.021398812797404475,-0.0013579513357720896,0.022756764133176566,2020,7
2020-02-10,0.4159903961584634,0.022669205319140205,0.007124026889824608,0.015545178429315597,2020,7
2020-02-11,0.4615126050420168,0.03675940849625875,0.001528758450701473,0.035230650045557275,2020,7
2020-02-12,0.5143337334933973,0.04020370312304792,-0.01143912585534621,0.05164282897839413,2020,7
2020-02-13,0.23126605687474777,0.018524579518158092,-0.0002524817273593438,0.018777061245517437,2020,7
2020-02-14,0.0821608643457383,0.01003356783959366,0.0073156043305964815,0.002717963508997179,2020,7
2020-02-17,-0.044897959183673466,-0.009887665195694496,-0.013426994762082135,0.003539329566387639,2020,7
2020-02-18,-0.06127398018525294,-0.00408408969978954,-0.015013088136377296,0.010928998436587756,2020,7
2020-02-19,-0.05027611044417767,-0.013605671528592322,-0.009746672017776691,-0.0038589995108156312,2020,7
2020-02-20,-0.28912364945978386,-0.03499335231189785,-0.014366207404994436,-0.020627144906903417,2020,7
2020-02-21,-0.0969050877851414,-0.008020072061129601,-0.009720616719761977,0.001700544658632376,2020,7
2020-02-24,-0.09829531812725088,-0.017891344348714477,-0.012993129140801817,-0.00489821520791266,2020,7
2020-02-25,-0.17037623957466883,-0.011047805564690715,-0.010913658224033585,-0.00013414734065713037,2020,7
2020-02-26,-0.049894352727525994,-0.014503559833419676,-0.009744753847275989,-0.004758805986143687,2020,7
2020-02-27,0.29027611044417767,0.040025580606485124,0.00862077462261791,0.03140480598386722,2020,7
2020-03-02,-0.34426623166855996,-0.014222921293712654,0.014345859341074052,-0.028568780634786704,2020,7
2020-03-03,0.196177304847638,0.025894747105891437,0.00028712520634559534,0.02560762189954584,2020,7
2020-03-04,-0.1280672268907563,-0.0011135964276310696,0.0009442070191127861,-0.002057803446743856,2020,7
2020-03-05,0.1741656662665066,-0.006961319651977693,-0.012173012980098841,0.005211693328121148,2020,7
2020-03-06,-0.3506842737094838,-0.042086011967458745,-0.009924409417245516,-0.03216160255021323,2020,7
2020-03-09,-0.5720185360240855,-0.0575761301793969,0.030526228578566662,-0.08810235875796357,2020,7
2020-03-10,-0.4297651655034303,-0.07478270076189537,0.021630093530056904,-0.09641279429195228,2020,7
2020-03-11,-0.4834689909914785,-0.08216385978040365,0.017518770680782458,-0.09968263046118611,2020,7
2020-03-12,-0.17902420304929442,-0.0022277771032463757,0.03130887867528548,-0.033536655778531856,2020,7
2020-03-13,-0.386669228259903,-0.06577431806257297,0.02965991625513683,-0.09543423431770981,2020,7
2020-03-16,-0.0467238109092877,0.018497375111958914,0.003863811812407325,0.014633563299551589,2020,7
2020-03-17,0.3944487134782469,0.009671536667165892,-0.02375733217504188,0.03342886884220777,2020,7
2020-03-18,0.7069867947178871,0.06718937749065339,-0.05775122598033283,0.12494060347098622,2020,7
2020-03-19,0.6042256902761104,0.06989536599856319,-0.05559010792331763,0.1254854739218808,2020,7
2020-03-20,0.7427007307833656,0.07833335249494269,-0.02896872852547725,0.10730208102041994,2020,7
2020-03-23,0.3502605105573941,0.062016662111708046,0.004777200513371449,0.057239461598336594,2020,7
2020-03-24,0.20489795918367346,0.026476821941106,0.019081500535978624,0.007395321405127376,2020,7
2020-03-25,0.07083003195395618,0.010606813477199805,0.012434804602431838,-0.0018279911252320324,2020,7
2020-03-26,-0.14665418141517436,-0.004215587438698165,0.022673715315585097,-0.02688930275428326,2020,7
2020-03-27,0.049702266672752064,0.01027050280776549,-0.0012690569392867835,0.011539559747052274,2020,7
2020-03-30,-0.028428053502875972,0.019743307631037533,0.013039568613639928,0.006703739017397604,2020,7
2020-03-31,0.39497695012887507,0.04020030737457279,-0.010821997732706734,0.05102230510727952,2020,7
2020-04-01,0.00922013062914821,0.010547000661131256,0.003358357668849998,0.007188642992281258,2020,7
2020-04-06,0.5389583897576055,0.032129465838705594,-0.02501859779120249,0.05714806362990808,2020,7
2020-04-07,0.4529280416201455,0.0396847145061908,-0.015417817695614722,0.055102532201805526,2020,7
2020-04-08,0.2502941394829047,0.025386391873606317,0.003584501645219218,0.0218018902283871,2020,7
2020-04-09,0.05772047349739344,-0.011189948069563482,-0.013929067833153907,0.002739119763590425,2020,7
2020-04-10,0.06021897817162424,-0.012129251664277363,-0.040409259489951346,0.028280007825673983,2020,7
2020-04-13,0.029723889555822326,-0.034434456724006524,-0.03787636927215301,0.003441912548146485,2020,7
2020-04-14,0.14573829531812724,0.0013898361954790771,-0.02327561231113031,0.024665448506609386,2020,7
2020-04-15,0.49836726911093815,-0.012471255057754538,-0.04725486064514822,0.034783605587393684,2020,7
2020-04-16,-0.11010804321728691,0.0004657067238553192,0.007817147803008361,-0.007351441079153042,2020,7
2020-04-17,0.24067804756151076,0.01515081922468825,0.006391455712641214,0.008759363512047036,2020,7
2020-04-20,0.2428331332533013,0.024873335352477644,0.015806825659511414,0.00906650969296623,2020,7
2020-04-21,0.2330428102186775,0.028600990167999062,0.01994282244681169,0.008658167721187372,2020,7
2020-04-22,0.24240678054479375,0.04317431272962744,-0.0008849644039657489,0.04405927713359319,2020,7
2020-04-23,0.13436096908960637,0.032836159038417564,0.0007240817696349766,0.03211207726878259,2020,7
2020-04-24,0.1300840336134454,0.043702300810216956,0.034786290190718515,0.00891601061949844,2020,7
2020-04-27,0.10213685474189677,0.03052881645216199,0.026368959690340265,0.004159856761821724,2020,7
2020-04-28,0.04768307322929172,0.010883385378495581,0.005806738594672445,0.005076646783823136,2020,7
2020-04-29,0.1373829531812725,0.01447272983068133,0.000807055833518,0.013665673997163329,2020,7
2020-04-30,-0.1472749099639856,0.0007947579591467191,0.008293407088784366,-0.007498649129637647,2020,7
2020-05-04,0.18170904468730179,0.009603433736839495,-0.00041483648904158124,0.010018270225881077,2020,7
2020-05-05,-0.18242935009700306,-0.008970972511901399,0.00799699954637656,-0.016967972058277957,2020,7
2020-05-06,0.13575030012004802,0.009315913490374538,0.004644372669982433,0.004671540820392105,2020,7
2020-05-07,0.05286914765906363,0.00416878022652104,-0.004776186387033176,0.008944966613554216,2020,7
2020-05-08,0.02886023674869672,-0.013404084863877997,-0.011257557899607107,-0.00214652696427089,2020,7
2020-05-11,0.05666402556316494,0.010696878546521937,0.0006609746245789694,0.010035903921942967,2020,7
2020-05-12,0.19995678173306677,0.02382144088667971,0.010537451036187629,0.013283989850492083,2020,7
2020-05-13,0.16927583576951793,0.011479271887248631,-0.008189494283070597,0.019668766170319228,2020,7
2020-05-14,-0.039615846338535404,0.006768608822103639,0.001987906726558608,0.0047807020955450315,2020,7
2020-05-15,0.029243697478991592,0.0176363075709985,0.006201969773021665,0.011434337797976833,2020,7
2020-05-18,0.07577612910057141,0.002401654034191536,0.014511849800693644,-0.012110195766502107,2020,7
2020-05-19,0.2747178871548619,0.014403646819038673,0.002849721510051151,0.011553925308987523,2020,7
2020-05-20,0.1533253301320528,0.006004821667980808,-0.0011243937997795438,0.0071292154677603525,2020,7
2020-05-21,0.12441776710684273,0.002484629740463762,-0.006797124313285075,0.009281754053748837,2020,7
2020-05-22,0.3654437192073848,0.012013964722122628,0.0009008990424561603,0.011113065679666467,2020,7
2020-05-25,0.13253937779400551,0.0273966542510361,0.003830496922259763,0.023566157328776337,2020,7
2020-05-26,0.016086434573829533,0.0012449813252853326,0.01014293239780507,-0.008897951072519738,2020,7
2020-05-27,0.4020264593345906,0.03801734701558215,-0.012960384240961464,0.05097773125654361,2020,7
2020-05-28,0.07236494597839135,-0.002126206716496959,-0.009514532643208718,0.007388325926711759,2020,7
2020-05-29,0.14372493941572262,0.002178020141738668,-0.012406881148819904,0.014584901290558571,2020,7
2020-06-01,-0.3572148859543817,-0.026104832823096846,-0.0051254140043330175,-0.020979418818763827,2020,7
2020-06-02,0.050133256515206955,-0.010783760596243908,-0.007894795033398882,-0.002888965562845026,2020,7
2020-06-03,-0.20932075205918305,-0.02460443139964711,-0.008953144272117065,-0.015651287127530045,2020,7
2020-06-04,0.08264304067305668,-0.019485243258391804,-0.026591624552135727,0.0071063812937439234,2020,7
2020-06-05,0.33464585834333727,0.003336937850714372,-0.026238191963083957,0.02957512981379833,2020,7
2020-06-08,0.264832288966826,0.011679499595766574,-0.008414820590510973,0.020094320186277548,2020,7
2020-06-09,0.27842205102985623,0.019263797660963266,0.003654457846933701,0.015609339814029566,2020,7
2020-06-10,-0.15702657931487232,0.005888845551939847,0.011789884878007206,-0.005901039326067358,2020,7
2020-06-11,-0.01262965810138531,0.02206706310228085,0.0030751354481033943,0.018991927654177454,2020,7
2020-06-12,-0.19387681734165702,0.008275346171027587,0.01834456989291474,-0.010069223721887153,2020,7
2020-06-15,0.012677375210741988,-0.008319051814138811,0.03420774361915373,-0.04252679543329254,2020,7
2020-06-16,0.055750300120048016,-0.005082454367971323,-0.008338440708440142,0.0032559863404688196,2020,7
2020-06-17,-0.001488666924497888,-0.013622314686170811,-0.00041054151079928937,-0.013211773175371522,2020,7
2020-06-18,-0.12557324309125112,-0.01534948667482392,-0.0026416008349147923,-0.012707885839909127,2020,7
2020-06-19,-0.0739015606242497,-0.013383632980034189,0.0005579715547529895,-0.013941604534787178,2020,7
2020-06-22,-0.023001752749793228,-0.003718432626670887,-0.010078697715576701,0.0063602650889058145,2020,7
2020-06-23,0.27308523409363744,0.006254933398120066,-0.021478301111372222,0.027733234509492288,2020,7
2020-06-24,-0.07611044417767106,-0.005344112295434489,0.003772827480118679,-0.009116939775553168,2020,7
2020-06-29,-0.17291716686674669,-0.024374686457713922,0.0003413918236825353,-0.024716078281396457,2020,7
2020-06-30,0.13056422569027612,-0.021172301683532256,-0.023353022545818558,0.002180720862286302,2020,7
2020-07-01,-0.09042233909783015,-0.019994975136126848,-0.015201974977643196,-0.004793000158483652,2020,7
2020-07-02,0.07611044417767106,-0.00766712952226053,-0.020055841523912443,0.012388712001651913,2020,7
2020-07-03,-0.22247298919567823,-0.020528614771023357,-0.01228952717911751,-0.008239087591905846,2020,7
2020-07-06,-0.04336134453781513,-0.018332218421325798,-0.01393072628487324,-0.0044014921364525575,2020,7
2020-07-07,0.06160864345738295,-0.017555155184509685,-0.04222006853637441,0.024664913351864725,2020,7
2020-07-08,-0.07620831234639218,-0.02485250647890639,-0.016715812143556864,-0.008136694335349526,2020,7
2020-07-09,0.014837935174069627,-0.006289785040561302,-0.002690936780779041,-0.003598848259782261,2020,7
2020-07-10,0.18348139255702278,-0.011134697427889539,-0.033167557722436035,0.022032860294546496,2020,7
2020-07-13,-0.04835534213685474,-0.016028864000608233,-0.00212622152552957,-0.013902642475078662,2020,7
2020-07-14,0.22996398559423767,0.004377032137968029,-0.014230933405968305,0.018607965543936334,2020,7
2020-07-15,0.22967587034813922,0.005356986701790423,-0.021629313402207306,0.02698630010399773,2020,7
2020-07-16,0.18424969987995196,-0.010744860337413686,-0.017275816094904195,0.006530955757490509,2020,7
2020-07-17,0.11740696278511403,-0.042528206502370935,-0.049113590476732916,0.00658538397436198,2020,7
2020-07-20,-0.13152460984393755,-0.09390193890347356,-0.06114438049294559,-0.03275755841052797,2020,7
2020-07-21,-0.09085452234365089,-0.077705431712938,-0.062337201133973855,-0.015368230578964151,2020,7
2020-07-22,-0.20591625071764336,-0.08206452006772412,-0.061222085466260866,-0.020842434601463254,2020,7
2020-07-23,-0.2833613445378151,-0.07303670237470214,-0.04575867753694066,-0.027278024837761476,2020,7
2020-07-24,0.011860744297719087,-0.011265102277513284,-0.0059092199575794925,-0.0053558823199337914,2020,7
2020-07-27,-0.08163461309947492,0.049131127067617394,0.05179053540520652,-0.0026594083375891253,2020,7
2020-07-28,-0.057432351333512946,0.012467644767240538,0.014846097573012751,-0.0023784528057722125,2020,7
2020-07-29,0.14324129651860742,0.006174524894734079,-0.015329411646926205,0.021503936541660284,2020,7
2020-07-30,0.08715695457385116,0.006712168682104114,0.0065412380035206105,0.00017093067858350332,2020,7
2020-07-31,0.05455112969470794,0.01061680756418939,-0.007510860663450314,0.018127668227639705,2020,7
2020-08-03,0.05354141656662665,-0.0005792736827541223,0.02290931994904023,-0.02348859363179435,2020,7
2020-08-04,0.2630972388955582,0.038960389235783974,-0.0012871089702970462,0.04024749820608102,2020,7
2020-08-05,0.1689836491159131,0.014517829474267219,-0.00976581231009398,0.0242836417843612,2020,7
2020-08-06,-0.1723450743611856,0.024676800108880913,0.028277789413996966,-0.003600989305116053,2020,7
2020-08-07,-0.33032412965186075,-0.00777044600646164,0.07391773665757595,-0.08168818266403759,2020,7
2020-08-10,-0.11846338535414166,-0.012071734767558772,0.0041946121059875715,-0.016266346873546344,2020,7
2020-08-11,-0.18071363479600047,0.02382756974202126,0.038327651183090186,-0.014500081441068926,2020,7
2020-08-12,-0.09752701080432173,-0.012679922783389353,0.038861750552904514,-0.051541673336293864,2020,7
2020-08-13,-0.41063196359294973,-0.029705965589583293,0.00871238837205326,-0.03841835396163655,2020,7
2020-08-14,-0.4565186074429772,-0.04457819122325605,0.009418442840181517,-0.05399663406343756,2020,7
2020-08-17,-0.08840548395066666,-0.0015391969145130413,0.001200083480954528,-0.0027392803954675695,2020,7
2020-08-18,-0.4773223848286945,-0.025676457689020292,0.032406193844476384,-0.058082651533496676,2020,7
2020-08-19,-0.15198079231692677,-0.020817604154935755,0.006181923502827924,-0.02699952765776368,2020,7
2020-08-20,-0.0508535619249082,-0.013951313303207901,-0.007507552502424153,-0.006443760800783748,2020,7
2020-08-21,0.14425316338283684,0.0016612551915043295,-0.009890766507142823,0.011552021698647153,2020,7
2020-08-24,0.048644625335157704,-0.016185492494947752,-0.007075085021759397,-0.009110407473188354,2020,7
2020-08-25,0.10799519807923168,0.0016314017804418767,0.010716909653067253,-0.009085507872625376,2020,7
2020-08-26,0.21094837935174068,0.01672598631885901,0.0046690928012171114,0.012056893517641899,2020,7
2020-08-27,0.3153977287278537,0.010723592690513928,-0.006479516375502592,0.01720310906601652,2020,7
2020-08-28,0.16850344550944557,0.010671799181414799,-0.019952080574602783,0.03062387975601758,2020,7
2020-08-31,0.0442758356253888,-0.003647967989390033,0.011988162072358111,-0.015636130061748143,2020,7
2020-09-01,-0.10770708283313324,0.00036014651046716305,-0.013236728516796947,0.01359687502726411,2020,7
2020-09-02,0.016711085505068984,-0.009323062855949638,0.008449604877073812,-0.01777266773302345,2020,7
2020-09-03,-0.2238229009745015,-0.01649831722548629,-0.0002469535304471915,-0.0162513636950391,2020,7
2020-09-04,0.08206482593037215,-0.028731885916278177,-0.026062929056550645,-0.0026689568597275323,2020,7
2020-09-07,0.3194717887154862,0.00022364781911060616,-0.035587401799093456,0.03581104961820406,2020,7
2020-09-08,0.12408759138395299,-0.01746484609738993,-0.0328919931820878,0.015427147084697869,2020,7
2020-09-09,0.4335590457864179,-0.01213619960578013,-0.045581929336636205,0.03344572973085608,2020,7
2020-09-10,0.37588857952341903,0.020801642421280055,-0.016198378863154582,0.03700002128443464,2020,7
2020-09-11,0.2833613445378151,-0.006716978158947629,-0.012854401991265196,0.006137423832317568,2020,7
2020-09-14,0.002929171668667467,-0.003612677457824376,-0.006307249102954482,0.002694571645130106,2020,7
2020-09-15,0.25162668978896974,0.018997086754304594,0.006341741266581847,0.012655345487722748,2020,7
2020-09-16,0.046242496998799516,0.011493389461520209,0.008463244842659179,0.0030301446188610304,2020,7
2020-09-17,0.08850152467196015,0.006510655779102837,0.004790710902216322,0.001719944876886515,2020,7
2020-09-18,0.15006002400960383,0.00013248507845001756,0.0055691380766824,-0.005436652998232383,2020,7
2020-09-21,0.2958196276313686,0.002432201638879905,-0.0023740185055661665,0.004806220144446071,2020,7
2020-09-22,-0.12173161423951114,-0.007127260015572267,0.0012529584155279827,-0.00838021843110025,2020,7
2020-09-23,0.39332533013205284,0.02742731049243924,0.003612706709947189,0.02381460378249205,2020,7
2020-09-24,0.2087495200255587,0.014352282339947564,-0.005523369777538967,0.01987565211748653,2020,7
2020-09-25,0.3793037214885954,0.022080629213751302,0.008981960043378024,0.013098669170373278,2020,7
2020-09-28,0.06895723788873293,0.010410432212471088,0.009699168318055262,0.0007112638944158263,2020,7
2020-09-29,0.0021608643457382954,0.00984976001669401,-0.001729044819397152,0.011578804836091161,2020,7
2020-09-30,-0.013205599177856235,0.003946383424708921,-0.032038756871736865,0.03598514029644578,2020,7
2020-10-05,-0.43597685431184285,-0.03604332415916909,-0.005897644011358183,-0.030145680147810907,2020,7
2020-10-06,0.02689140196217997,-0.019870456084242948,-0.03325528859097049,0.013384832506727541,2020,7
2020-10-07,-0.2631161915247189,-0.016394080000183185,0.009097469174075801,-0.025491549174258984,2020,7
2020-10-08,0.21939975990396157,0.008996478165432864,-0.003040429786401455,0.01203690795183432,2020,7
2020-10-12,0.4574789915966387,0.025379227907029834,-0.006815194813346604,0.03219442272037644,2020,7
2020-10-13,-0.22823529411764704,0.014365187283757585,0.037898292537232384,-0.0235331052534748,2020,7
2020-10-14,0.15212850252890386,0.018898050993199012,-0.00021598639623725545,0.01911403738943627,2020,7
2020-10-15,-0.01637454981992797,0.002362151948914337,-0.0015091684941606286,0.0038713204430749657,2020,7
2020-10-16,0.08072028811524609,0.012127556987316934,0.011165419587380609,0.0009621373999363254,2020,7
2020-10-19,0.09454981992797118,0.028070052686839007,0.016902644919482467,0.01116740776735654,2020,7
2020-10-20,-0.12384748381548559,0.005605253814223133,0.019152939687569127,-0.013547685873345995,2020,7
2020-10-21,-0.2002881152460984,-0.01135520365441638,0.018052658942606235,-0.029407862597022615,2020,7
2020-10-22,0.25551020408163266,0.03493925646846461,0.00784444580200767,0.02709481066645694,2020,7
2020-10-23,0.005906504359550244,-0.00961907699466098,0.009194179410536662,-0.01881325640519764,2020,7
2020-10-26,-0.24801920768307323,-0.023966197185612947,0.00995458252364687,-0.033920779709259816,2020,7
2020-10-27,0.035006002400960384,-0.011085173962563422,-0.008200196845292418,-0.002884977117271004,2020,7
2020-10-28,0.4128310404801093,0.020443391743059824,-0.008776267612857602,0.029219659355917426,2020,7
2020-10-29,0.09551479073633223,0.014074169974277396,0.006547551936637341,0.007526618037640055,2020,7
2020-10-30,0.2897068357818425,0.005377877602360059,-0.019777991593905652,0.02515586919626571,2020,7
2020-11-02,0.485870009023816,0.020133408799015307,-0.00852018041671725,0.028653589215732557,2020,7
2020-11-03,-0.07001368582296143,0.02915593867228363,0.02714769414402953,0.0020082445282540995,2020,7
2020-11-04,-0.10876350540216086,0.01415261516975791,0.02841086733959384,-0.014258252169835929,2020,7
2020-11-05,-0.03399841533789896,0.007556332761653817,0.009375549612375111,-0.001819216850721294,2020,7
2020-11-06,0.24072028811524607,0.02075831832121324,0.006527454258914267,0.014230864062298974,2020,7
2020-11-09,-0.09935651183181066,-0.030418976047063395,-0.01459211456953553,-0.015826861477527866,2020,7
2020-11-10,0.2852409422416947,0.0014227505749957014,-0.022621150975007498,0.0240439015500032,2020,7
2020-11-11,0.06007347116908419,-0.006479364793216214,-0.019423115622153188,0.012943750828936975,2020,7
2020-11-12,0.15130852340936377,-0.011096914698945115,-0.0241123789021662,0.013015464203221085,2020,7
2020-11-13,0.21695598940201627,0.013035014086195052,-0.004244732163759091,0.017279746249954143,2020,7
2020-11-16,0.026362545018007204,0.03116832073034137,0.02656604927724777,0.004602271453093599,2020,7
2020-11-17,0.047875150060024005,-0.00458815654223621,0.001585835544691072,-0.006173992086927283,2020,7
2020-11-18,0.034717887154861946,-0.0017744582988181157,-6.902160318951189e-05,-0.0017054366956286038,2020,7
2020-11-19,0.10050902816045418,0.043957506428976514,-0.0011313140375560748,0.04508882046653259,2020,7
2020-11-20,-0.0987802536674889,0.005512604211750205,0.03091286353917213,-0.025400259327421924,2020,7
2020-11-23,-0.2047588177977418,-0.00029515074685901863,0.036801725763618696,-0.037096876510477717,2020,7
2020-11-24,-0.22834778074466844,0.0031781767829788697,0.015149840101555878,-0.011971663318577009,2020,7
2020-11-25,0.05988138972649718,-0.004751790517467558,-0.006436315012551675,0.0016845244950841167,2020,7
2020-11-26,-0.3059930849020361,-0.021431886042943694,0.01097410268532083,-0.03240598872826453,2020,7
2020-11-27,-0.17758782150291882,-0.031790109492351545,-0.022837216943694994,-0.008952892548656551,2020,7
2020-11-30,-0.1648499399759904,-0.0340154403999921,0.0016187900320463688,-0.03563423043203847,2020,7
2020-12-01,-0.177719087635054,-0.01705034073381263,-0.023978217918368905,0.0069278771845562755,2020,7
2020-12-02,-0.14055222088835534,0.0012965771677936444,-0.0004752082399114843,0.0017717854077051287,2020,7
2020-12-03,-0.09839135654261706,-0.003947296642916742,0.012647748839003669,-0.01659504548192041,2020,7
2020-12-04,0.21363745498199277,0.026439325811208336,0.00201034793611522,0.024428977875093117,2020,7
2020-12-07,0.11577430972388955,0.05173924570893934,0.014213215712567973,0.03752602999637137,2020,7
2020-12-08,0.17983625062207856,0.020134584122713007,0.018022489727268463,0.0021120943954445436,2020,7
2020-12-09,0.23482520196111845,0.017048106817057686,0.005512282113219269,0.011535824703838416,2020,7
2020-12-10,-0.23064179218634,-0.0007922677763331886,0.0252913387986353,-0.026083606574968488,2020,7
2020-12-11,0.1996158463385354,0.020405879395862348,0.007483266146363343,0.012922613249499004,2020,7
2020-12-14,0.015126050420168066,0.00220243991661957,0.022442195387991935,-0.020239755471372366,2020,7
2020-12-15,0.024442363569195723,-0.005254640757680296,0.002122927523598284,-0.00737756828127858,2020,7
2020-12-16,0.47074359542008976,0.01651276173961851,-0.00280000444105073,0.01931276618066924,2020,7
2020-12-17,0.2566626650660264,-0.0007352807215813218,0.0026216145071697007,-0.0033568952287510224,2020,7
2020-12-18,0.22487394957983195,0.009148417978773415,0.03909619394967595,-0.029947775970902535,2020,7
2020-12-21,0.11798319327731092,0.015690441917690943,-0.002751035715712635,0.018441477633403577,2020,7
2020-12-22,0.4109582464148861,0.011023738510914038,0.03160724125036816,-0.02058350273945412,2020,7
2020-12-23,0.14545367239900558,0.018444763416337783,0.04021342212339394,-0.021768658707056156,2020,7
2020-12-24,-0.16206482593037216,-0.009297379319247512,0.02699954841398482,-0.03629692773323233,2020,7
2020-12-25,-0.1274909963985594,-0.009959870530235327,0.06938780202592873,-0.07934767255616405,2020,7
2020-12-28,-0.3130372148859543,-0.04322354170771229,-0.009760622343721192,-0.033462919363991095,2020,7
2020-12-29,-0.1033398161118059,-0.020924745600849483,-0.03254172491221098,0.011616979311361499,2020,7
2020-12-30,-0.04115344907426471,-0.06845849740772494,-0.07361452882169178,0.005156031413966838,2020,7
2020-12-31,-0.14458583433373348,-0.051369620305203,-0.018139709313019982,-0.03322991099218302,2020,7
2021-01-04,-0.06036014405762304,-0.06521770417348634,-0.05580528646796949,-0.009412417705516846,2021,7
2021-01-05,-0.050372148859543824,-0.0823823216944575,-0.03195295688528658,-0.05042936480917092,2021,7
2021-01-06,-0.1732052821128451,-0.051225510396986584,-0.030917905476332063,-0.02030760492065452,2021,7
2021-01-07,-0.06304921968787515,-0.013615179532378141,-0.01604968622481512,0.002434506692436977,2021,7
2021-01-08,0.03510204081632653,-0.05985815399551878,-0.029667307524856433,-0.03019084647066235,2021,7
2021-01-11,0.10472989195678271,-0.02601492680763069,-0.040677136847788876,0.014662210040158188,2021,7
2021-01-12,-0.09445378151260504,-0.07032920984031868,-0.04537395383520985,-0.024955256005108832,2021,7
2021-01-13,0.04139355087749846,-0.07844237955645063,-0.06900001258184266,-0.009442366974607971,2021,7
2021-01-14,0.31899159663865545,-0.031357020688716084,-0.06471408261205572,0.033357061923339634,2021,7
2021-01-15,0.13872749099639856,-0.0291646394468977,-0.051490225637673616,0.022325586190775917,2021,7
2021-01-18,0.014645858343337334,-0.02289890442111874,-0.010348412299881028,-0.01255049212123771,2021,7
2021-01-19,0.27231692677070823,0.027932592394831403,0.0023758592724945292,0.025556733122336875,2021,7
2021-01-20,0.13968787515006,0.019926166033568015,0.01134827584150554,0.008577890192062475,2021,7
2021-01-21,0.23525174680842803,0.06227477844120427,0.021560291714118364,0.040714486727085906,2021,7
2021-01-22,0.1224969987995198,0.03656789300339915,0.013377158855591232,0.023190734147807923,2021,7
2021-01-25,0.032989195678271306,-0.017493750177351684,-0.015282237845830627,-0.0022115123315210577,2021,7
2021-01-26,0.02127250900360144,-0.004596538341824319,-0.019845167577562196,0.015248629235737877,2021,7
2021-01-27,0.04240096038415366,-0.008872478484836655,-0.02003991628179299,0.011167437796956335,2021,7
2021-01-28,0.3053541416566627,0.000628351849226949,-0.03061773620673187,0.03124608805595882,2021,7
2021-01-29,0.45891956782713084,0.005267623160402623,-0.05964912629516435,0.06491674945556697,2021,7
2021-02-01,0.16043217286914768,0.014402067415701691,0.006766710290895661,0.00763535712480603,2021,7
2021-02-02,-0.34444177671068427,-0.011916699000498177,0.024835453036405795,-0.036752152036903976,2021,7
2021-02-03,-0.09637454981992796,0.0002676156241027572,0.03351610239806306,-0.033248486773960306,2021,7
2021-02-04,-0.3284033613445378,0.008666268611927597,0.06701798872291163,-0.05835172011098404,2021,7
2021-02-05,-0.030012004801920768,0.051187600611547826,0.05667853479179593,-0.005490934180248104,2021,7
2021-02-17,-0.35193277310924365,0.026283049500969623,0.08231376438811795,-0.05603071488714833,2021,7
2021-02-18,-0.25330132052821125,0.0068593687410796415,0.05595082502746253,-0.04909145628638289,2021,7
2021-02-19,-0.4386554621848739,0.004509018880035765,0.051214328153496316,-0.04670530927346055,2021,7
2021-02-22,0.0012965186074429772,0.01504529155048565,0.023656702658169094,-0.008611411107683443,2021,7
2021-02-23,-0.28585834333733495,-0.01263532066218206,0.014002695722885705,-0.026638016385067763,2021,7
2021-02-24,-0.4890756302521008,-0.01868665057020923,0.04063624468122558,-0.059322895251434804,2021,7
2021-02-25,-0.029531812725090034,-0.007236029926185761,-0.00966430182000817,0.0024282718938224085,2021,7
2021-02-26,0.26108043217286914,0.03320801345084233,-0.007303257534197072,0.0405112709850394,2021,7
2021-03-02,-0.15543817527010806,-0.015980521886730947,0.024323193938959476,-0.04030371582569042,2021,7
2021-03-03,-0.26012629362344447,-0.009398872367975286,0.013957673672124526,-0.02335654604009981,2021,7
2021-03-04,0.10751500600240095,0.0001741675756679939,0.0009324642341488776,-0.0007582966584808837,2021,7
2021-03-05,-0.2980143581737302,0.0035833194298444783,0.015258105708957248,-0.01167478627911277,2021,7
2021-03-08,0.15774309723889554,0.007071682499270271,-0.005103588933046655,0.012175271432316927,2021,7
2021-03-09,0.4042353959243411,0.020402739962101114,-0.006647756601706034,0.027050496563807147,2021,7
2021-03-10,0.1804081632653061,0.00725113731854673,-0.0069158354324985296,0.01416697275104526,2021,7
2021-03-11,0.17848739495798316,0.021364577268644314,0.004283705610837363,0.017080871657806952,2021,7
2021-03-12,0.2293877551020408,0.059483155216424034,0.011152853316275213,0.04833030190014882,2021,7
2021-03-15,0.18060024009603842,0.02694146463127083,0.00022680731611000038,0.026714657315160827,2021,7
2021-03-16,-0.0014885954381752698,0.03571243461474062,0.020318850961378754,0.015393583653361867,2021,7
2021-03-17,-0.2035534213685474,0.014188148552613623,0.027668240387120856,-0.013480091834507234,2021,7
2021-03-18,0.08600240096038414,0.020272268401636383,0.0118045626938043,0.008467705707832084,2021,7
2021-03-19,0.48244897959183675,0.01991610577384866,-0.015085279558938491,0.03500138533278715,2021,7
2021-03-22,0.055366146458583426,0.013785122108771164,0.002860105471566121,0.010925016637205043,2021,7
2021-03-23,0.18876350540216086,0.0231405112643736,0.0023624994372013265,0.02077801182717227,2021,7
2021-03-24,0.09176470588235294,-0.004700655267453202,-0.0038602551540379724,-0.0008404001134152293,2021,7
2021-03-25,0.34357743097238896,0.0576972682571968,-0.013661685099041799,0.0713589533562386,2021,7
2021-03-26,-0.0022569027611044415,-0.023290465560438078,0.00368691118169443,-0.02697737674213251,2021,7
2021-03-29,0.10722689075630251,0.005610034973700417,0.00027985225887339205,0.005330182714827025,2021,7
2021-03-30,0.07879951980792316,0.04711700511844985,0.010580373738652749,0.0365366313797971,2021,7
2021-03-31,-0.14909963985594235,-0.000515414204749709,0.015302992150498563,-0.015818406355248272,2021,7
2021-04-01,-0.06343337334933974,0.011563175219969014,0.011888579031449353,-0.00032540381148033967,2021,7
2021-04-07,0.13546218487394956,0.04711332288047785,0.012809781609076675,0.03430354127140117,2021,7
2021-04-08,0.0017767960066587696,0.05537388342867307,0.0009641718419330259,0.054409711586740045,2021,7
2021-04-09,0.09973589435774309,0.04423907731901548,-0.002502716859314047,0.04674179417832953,2021,7
2021-04-12,-0.29939975990396156,0.006097417424141482,0.017493286109374385,-0.011395868685232902,2021,7
2021-04-13,0.18790367121073254,0.04203721218093507,0.00938348200075021,0.03265373018018486,2021,7
2021-04-14,0.0007202881152460984,0.01846312839199602,0.014983766416797651,0.0034793619751983702,2021,7
2021-04-15,0.1795438175270108,0.11703402688602896,0.013183617789731993,0.10385040909629696,2021,7
2021-04-16,0.2558943577430972,0.04883022978134797,0.007171102476169189,0.04165912730517878,2021,7
2021-04-19,0.13018007202881152,0.03054471129475861,0.005238603560543553,0.025306107734215055,2021,7
2021-04-20,0.2186314525810324,0.042780807829410926,0.016761725388819128,0.026019082440591798,2021,7
2021-04-21,0.11346938775510206,0.01127807197697076,0.008113131445129951,0.003164940531840809,2021,7
2021-04-22,0.2276590636254502,0.03681417138194425,-0.006034120064316939,0.042848291446261184,2021,7
2021-04-23,0.09436000867086365,0.08163332956267226,0.008159862785138583,0.07347346677753368,2021,7
2021-04-26,0.04153661464585834,0.004441083737410911,-0.01642342487120759,0.020864508608618503,2021,7
2021-04-27,-0.2457142857142857,0.011693378116360776,0.010906487835705548,0.0007868902806552284,2021,7
2021-04-28,0.09224489795918367,0.032011267060798335,0.0012235386832580852,0.03078772837754025,2021,7
2021-04-29,-0.08129651860744297,-0.001711454971225246,1.3597573166956866e-05,-0.0017250525443922027,2021,7
2021-05-03,-0.317358943577431,-0.02758599705698488,0.012037627416145691,-0.03962362447313057,2021,7
2021-05-04,-0.07150060024009604,-0.001487686154497092,0.021458862473095107,-0.022946548627592198,2021,7
2021-05-05,-0.49830728243132427,-0.0487220186942194,0.008239217170334689,-0.056961235864554094,2021,7
2021-05-06,-0.25618247298919566,-0.016307571095219166,0.007945505915435035,-0.0242530770106542,2021,7
2021-05-07,-0.16264105642256904,-0.0466620571590919,-0.02823821897957075,-0.01842383817952115,2021,7
2021-05-10,0.06900360144057623,0.007032510501879674,-0.02706588879275811,0.03409839929463778,2021,7
2021-05-11,0.28134453781512603,-0.004153122381180219,-0.05543902196136045,0.051285899580180226,2021,7
2021-05-12,-0.0052342193104957455,-0.0006309937796046827,-0.0011278262667370087,0.000496832487132326,2021,7
2021-05-13,0.11183673469387755,0.022685106461562132,-0.016597484776889382,0.039282591238451514,2021,7
2021-05-14,0.5171436809650889,0.1246294577749332,-0.004212141352363752,0.12884159912729695,2021,7
2021-05-17,0.4414031550649255,0.14464136420156823,-0.0013220868278119857,0.14596345102938021,2021,7
2021-05-18,-0.12240096038415366,0.0173508022603016,0.015191104868679039,0.002159697391622563,2021,7
2021-05-19,0.10444177671068428,0.02802945195993616,0.018117199570631883,0.009912252389304276,2021,7
2021-05-20,0.20691476590636257,0.04279317737157088,-0.008548094125636351,0.05134127149720723,2021,7
2021-05-21,0.02885954381752701,0.016472755801285034,0.007532596514579493,0.00894015928670554,2021,7
2021-05-24,0.02674669867947179,0.01247992404187429,0.002663473299251584,0.009816450742622707,2021,7
2021-05-25,0.253115320969019,0.07548527901862967,-0.006578914662376534,0.0820641936810062,2021,7
2021-05-26,0.10905162064825931,0.004559773080994256,-0.001435881715450793,0.005995654796445049,2021,7
2021-05-27,-0.3001680672268907,-0.01667543139983767,0.01864950497812452,-0.03532493637796219,2021,7
2021-05-28,-0.2451380552220888,-0.006533397968060961,0.011697237036336327,-0.01823063500439729,2021,7
2021-05-31,0.17810324129651858,0.012039854646347792,-0.0052424689353410825,0.017282323581688873,2021,7
2021-06-01,0.18309723889555823,0.012831830862366733,0.004999803805293612,0.00783202705707312,2021,7
2021-06-02,0.26300120048019204,0.012283323127490997,0.004179244066903809,0.008104079060587188,2021,7
2021-06-03,-0.05488595438175269,0.002431924735497504,-0.00017855345550142897,0.0026104781909989327,2021,7
2021-06-04,0.1266266506602641,0.01604204116883574,-0.004646060530293095,0.020688101699128835,2021,7
2021-06-07,0.12403361344537814,0.011074430158232118,-0.019390987338909583,0.0304654174971417,2021,7
2021-06-08,-0.028956277469990223,-0.027585715526808875,-0.011627478373748635,-0.015958237153060238,2021,7
2021-06-09,0.3024729891956782,0.019642131481007786,-0.025341160217963576,0.04498329169897136,2021,7
2021-06-10,0.39088573566454465,0.10350200676477024,-0.018176914723037552,0.12167892148780779,2021,7
2021-06-11,0.2779831932773109,0.09019528663796525,0.0006190813923566907,0.08957620524560855,2021,7
2021-06-15,0.31620648259303724,0.08463848753734318,0.008691715489906004,0.07594677204743717,2021,7
2021-06-16,0.5215366146458583,0.06022951550959048,0.002159607913876127,0.05806990759571435,2021,7
2021-06-17,0.2204561824729892,0.07566125390696596,0.03610761846480408,0.03955363544216188,2021,7
2021-06-18,0.0902280912364946,0.020446895808360045,0.029988941358405928,-0.009542045550045883,2021,7
2021-06-21,0.31866311325183266,0.014856441378527607,0.009826746106800167,0.00502969527172744,2021,7
2021-06-22,0.10184873949579833,0.005083156660306909,0.019679071566981853,-0.014595914906674945,2021,7
2021-06-23,0.09051620648259305,0.13901168758458887,0.0015653289759240074,0.13744635860866486,2021,7
2021-06-24,0.17471485298215217,0.02117303859182531,-0.0037952585121034943,0.024968297103928803,2021,7
2021-06-25,0.2322264640876828,0.06454392038042496,-0.005194434243016533,0.0697383546234415,2021,7
2021-06-28,0.12931572629051621,0.005307717813836344,-0.005928324427514675,0.011236042241351019,2021,7
2021-06-29,0.18617046818727492,0.0001606859099301361,0.003701613033942597,-0.0035409271240124606,2021,7
2021-06-30,0.2179591836734694,0.004818857918427311,0.011835805901077334,-0.007016947982650023,2021,7
2021-07-01,0.12,0.03469081068337472,0.017148999819411447,0.017541810863963274,2021,7
2021-07-02,-0.08004801920768306,-0.006657713006142141,0.020717713162676045,-0.027375426168818186,2021,7
2021-07-05,-0.0027370948379351738,-0.015119840082821445,-0.011646596581542068,-0.0034732435012793765,2021,7
2021-07-06,-0.34444177671068427,-0.04657638876041954,0.018462616924966556,-0.06503900568538609,2021,7
2021-07-07,-0.39025210084033607,-0.08111332815921354,0.004319390736062423,-0.08543271889527597,2021,7
2021-07-08,-0.20076830732292916,-0.030304863455697793,-0.00026756648620860355,-0.03003729696948919,2021,7
2021-07-09,-0.24206482593037212,-0.012286953491531772,0.0010764595323069725,-0.013363413023838745,2021,7
2021-07-12,-0.15591836734693876,-0.013192421090196759,0.011548446214951935,-0.024740867305148694,2021,7
2021-07-13,0.21815126050420167,0.030100514901804563,0.0026638379883953565,0.027436676913409206,2021,7
2021-07-14,0.004945978391356542,0.009988652127131726,0.012665284783435505,-0.0026766326563037787,2021,7
2021-07-15,0.1328691476590636,0.0029926614863730492,-0.015994382312581146,0.018987043798954197,2021,7
2021-07-16,0.0672749099639856,0.000911558987773875,-0.010094067183878574,0.011005626171652448,2021,7
2021-07-19,-0.021513121569743977,0.011865748139422306,-0.012725355165787012,0.02459110330520932,2021,7
2021-07-20,-0.3633613445378151,-0.0919184778830657,0.008010473356603431,-0.09992895123966913,2021,7
2021-07-21,-0.060264105642256906,-0.0212951668430028,-0.006998227795869172,-0.014296939047133628,2021,7
2021-07-22,-0.20950780312124848,-0.01922359404791236,0.019732023488849927,-0.038955617536762285,2021,7
2021-07-23,-0.19347403304575556,-0.024601895620148428,-0.0004661137080806732,-0.024135781912067753,2021,7
2021-07-26,-0.1117406962785114,-0.01246144429649294,0.0007001802991203565,-0.013161624595613297,2021,7
2021-07-27,0.14420168067226888,0.017643439877531107,-0.018417137958481388,0.03606057783601249,2021,7
2021-07-28,0.2179591836734694,0.010641305292248526,-0.015330820229451902,0.025972125521700428,2021,7
2021-07-29,-0.015126050420168066,-0.014588080936466163,-0.01490909661741402,0.0003210156809478563,2021,7
2021-07-30,0.1958703481392557,0.029058582950681033,-0.0010644814454788265,0.03012306439615986,2021,7
2021-08-02,0.0007203054097012492,-0.005407715689148851,-0.009493841489717724,0.004086125800568873,2021,7
2021-08-03,-0.03558223289315726,-0.0035531275351749826,-0.011299440849335717,0.007746313314160735,2021,7
2021-08-04,0.1858387957029223,0.01787164547668506,-0.008158426676112784,0.026030072152797845,2021,7
2021-08-05,0.1702321784927286,0.02184756426439357,-0.008090746180102271,0.02993831044449584,2021,7
2021-08-06,-0.0518139691378432,-0.020538693981308108,-0.018484345405766767,-0.0020543485755413413,2021,7
2021-08-09,-0.3553592013317539,-0.03456135114083765,-0.018009939059902214,-0.016551412080935437,2021,7
2021-08-10,-0.48830732292917167,-0.0444013838363429,0.006129880860201142,-0.050531264696544044,2021,7
2021-08-11,0.024729891956782712,0.022358727623802054,0.011362402305048336,0.010996325318753717,2021,7
2021-08-12,0.20615140825649753,0.029403696589948035,-0.011399142380113924,0.040802838970061955,2021,7
2021-08-13,0.15649459783913564,0.03278350896343912,0.020839181047986433,0.01194432791545269,2021,7
2021-08-16,0.42617046818727483,0.05898906558670447,-0.007974867047041622,0.06696393263374609,2021,7
2021-08-17,0.38525810324129645,0.058869249477790916,0.0034818448941253076,0.05538740458366561,2021,7
2021-08-18,0.02424969987995198,-0.0058556043707928,0.009130344355296383,-0.014985948726089183,2021,7
2021-08-19,0.23851713133240698,0.011491411278227148,-0.014395970617621379,0.02588738189584853,2021,7
2021-08-20,0.044897959183673466,-0.015471756796072711,-0.008339441256802615,-0.007132315539270096,2021,7
2021-08-23,0.21162064825930374,-0.007288895733957424,-0.032688219733048696,0.025399323999091273,2021,7
2021-08-24,0.042785114045618244,-0.01816423483494308,-0.030739863312524717,0.012575628477581636,2021,7
2021-08-25,-0.011956782713085232,-0.013322690265555225,-0.015156827538071294,0.0018341372725160683,2021,7
2021-08-26,0.11788715486194477,0.0033145824087093324,-0.005352120797485538,0.00866670320619487,2021,7
2021-08-27,0.0022569027611044415,-0.03703693747335769,-0.01319707180429891,-0.023839865669058782,2021,7
2021-08-30,0.01042016806722689,-0.06172800083321667,-0.02430202862306201,-0.03742597221015466,2021,7
2021-08-31,0.06660264105642257,-0.03231045909805722,-0.026131798236561244,-0.006178660861495978,2021,7
2021-09-01,0.44019207683073225,0.0021319773094795936,-0.015801423913868497,0.01793340122334809,2021,7
2021-09-02,-0.04835534213685474,-0.020681834605186643,-0.010374327145137086,-0.010307507460049558,2021,7
2021-09-03,0.32989987764317213,0.027269560773232115,-0.007706760516009192,0.03497632128924131,2021,7
2021-09-06,0.3015126050420168,0.051007326323651334,0.011409975786440762,0.03959735053721057,2021,7
2021-09-07,-0.17637454981992798,-0.0006653975861045547,0.0067939339343922826,-0.007459331520496837,2021,7
2021-09-08,-0.08696278511404561,-0.0010770533565901963,0.012853128498217847,-0.013930181854808044,2021,7
2021-09-09,-0.08436974789915966,0.018103493674680206,0.01830338949230701,-0.00019989581762680508,2021,7
2021-09-10,0.0059063625450180065,0.0020010865448200966,0.010575738733051,-0.008574652188230903,2021,7
2021-09-13,-0.15966386554621848,0.008649927576152539,0.01944258189303253,-0.010792654316879991,2021,7
2021-09-14,0.08869147659063625,0.03040606836222365,0.02871807073739,0.0016879976248336467,2021,7
2021-09-15,-0.02674669867947179,0.008537531306603442,0.015316848853708409,-0.006779317547104967,2021,7
2021-09-16,-0.2680912364945978,-0.019804638807157625,0.007604899764273976,-0.0274095385714316,2021,7
2021-09-17,0.09445378151260504,0.0006733902145545922,-0.020664754410652186,0.02133814462520678,2021,7
2021-09-22,-0.23505402160864344,-0.0033411264591657218,0.008347921788387025,-0.011689048247552746,2021,7
2021-09-23,-0.3798799519807923,-0.025643786035101312,0.00734127209694978,-0.03298505813205109,2021,7
2021-09-24,-0.053014478154011946,-0.01791280307940023,-0.018501925736835567,0.0005891226574353363,2021,7
2021-09-27,-0.5064585834333732,-0.037337696891928604,0.02779027565193428,-0.06512797254386288,2021,7
2021-09-28,-0.5853061224489795,-0.05600357069743974,0.015695430284673927,-0.07169900098211367,2021,7
2021-09-29,-0.5688835534213685,-0.05302978643806492,0.015755558583806208,-0.06878534502187113,2021,7
2021-09-30,-0.30785114045618245,-0.025898115429652268,0.009385399355161528,-0.0352835147848138,2021,7
2021-10-01,-0.28395121046954874,-0.029177834608861253,0.013914100864671519,-0.04309193547353277,2021,7
2021-10-04,0.033373349339735896,0.0012644621019385683,0.001532606344769405,-0.0002681442428308367,2021,7
2021-10-05,-0.42464404919920984,-0.038132632630043795,0.013191925205264632,-0.051324557835308426,2021,7
2021-10-06,-0.17800720288115246,-0.009389533387312821,-4.1518456906020076e-05,-0.0093480149304068,2021,7
2021-10-07,-0.14573829531812724,-0.04663838564543547,-0.022473855127622976,-0.024164530517812498,2021,7
2021-10-08,-0.23476590636254502,-0.03477386052736098,-0.024725456691307723,-0.010048403836053255,2021,7
2021-10-12,0.2514886672127561,-0.005562518291616159,-0.033742902847308534,0.028180384555692377,2021,7
2021-10-13,0.2896998799519808,0.017945047150809766,-0.013940333616365774,0.031885380767175536,2021,7
2021-10-14,0.2769267707082833,0.021392218711607812,-0.01224167576979388,0.033633894481401694,2021,7
2021-10-15,-0.14310067472731486,-0.009218737155329892,0.009581351620039669,-0.01880008877536956,2021,7
2021-10-18,0.3785354141656663,0.02055516694617343,0.014623591019456738,0.005931575926716693,2021,7
2021-10-19,-0.20807222268236752,0.009095727276346444,0.021546308011351455,-0.012450580735005011,2021,7
2021-10-20,-0.09138055222088834,-0.0012164391753299974,0.021362873166763264,-0.02257931234209326,2021,7
2021-10-21,0.2848019207683073,0.030306197086659346,0.001973120402016393,0.028333076684642952,2021,7
2021-10-22,0.3112679777122332,0.05510712107213458,0.015689050029968198,0.03941807104216638,2021,7
2021-10-25,0.04576450249711871,0.029686589032322554,0.023259413289179087,0.006427175743143467,2021,7
2021-10-26,0.15140456182472986,0.03605297874481389,0.010060624053680333,0.025992354691133555,2021,7
2021-10-27,0.20739495798319327,0.08626953042185857,0.002999657933990685,0.0832698724878679,2021,7
2021-10-28,0.030684273709483793,0.04115650243916791,0.015029729541197634,0.026126772897970274,2021,7
2021-10-29,-0.2051860744297719,0.001035606545284673,0.03717409691188445,-0.036138490366599774,2021,7
2021-11-01,0.043169267707082834,0.01288888271922627,0.03152147415348304,-0.01863259143425677,2021,7
2021-11-02,-0.0168547418967587,0.016339013130473656,0.024461140875176667,-0.008122127744703011,2021,7
2021-11-03,0.12201680672268907,-0.004477459405637563,-0.0025431522462765364,-0.0019343071593610267,2021,7
2021-11-04,0.16110444177671068,0.02014365601435488,0.0037381191186975915,0.01640553689565729,2021,7
2021-11-05,-0.006338687605370994,0.02691370690916568,0.012682682478489849,0.01423102443067583,2021,7
2021-11-08,0.06881152460984392,0.0277754865806356,0.013986110874217361,0.01378937570641824,2021,7
2021-11-09,-0.10146458583433372,0.0032413719035323195,0.013641602423984933,-0.010400230520452613,2021,7
2021-11-10,-0.1863625450180072,-0.0025975158024342916,0.022996656015601347,-0.025594171818035638,2021,7
2021-11-11,-0.018391356542617046,0.0032980320848423617,-0.0032882630280304803,0.006586295112872842,2021,7
2021-11-12,0.20720288115246097,-0.0007885548320915147,-0.016063988205461545,0.01527543337337003,2021,7
2021-11-15,-0.1568787515006002,-0.005924619459362057,0.00329513377083277,-0.009219753230194827,2021,7
2021-11-16,0.055366146458583426,-0.008138617118517499,-0.00711793210411017,-0.001020685014407329,2021,7
2021-11-17,-0.011861029079747239,0.017247385694902684,0.010621767091322043,0.006625618603580642,2021,7
2021-11-18,0.05258103241296518,0.023437919295727715,0.011786649324168508,0.011651269971559207,2021,7
2021-11-19,0.1512124849939976,0.009761937357287576,0.005223415376246354,0.0045385219810412224,2021,7
2021-11-22,0.13363745498199278,0.0163297538835425,0.002066468036590341,0.014263285846952158,2021,7
2021-11-23,0.11270378643792213,-0.001864464575295466,-0.0038122291609132162,0.0019477645856177503,2021,7
2021-11-24,0.1874189675870348,-0.007153988081773299,-0.014553263754530043,0.007399275672756744,2021,7
2021-11-25,0.03174069627851141,-0.01159915086851091,-0.009556726361394508,-0.002042424507116402,2021,7
2021-11-26,0.4210905425113503,0.05095501981738435,-0.010427599652288067,0.06138261946967242,2021,7
2021-11-29,0.20326530612244897,0.013391227335466428,-0.004151288968868472,0.0175425163043349,2021,7
2021-11-30,-0.37546218487394956,-0.004980524432485001,0.04750167059252328,-0.05248219502500828,2021,7
2021-12-01,0.27289315726290514,0.04929893098429543,-0.0013984649740826026,0.05069739595837803,2021,7
2021-12-02,0.19471788715486196,0.04034462406588026,0.012553725359476676,0.027790898706403586,2021,7
2021-12-03,0.045570228091236495,0.018225290720932596,0.01291168906773501,0.005313601653197586,2021,7
2021-12-06,-0.2546458583433373,-0.008182683754311559,0.012392933073284696,-0.020575616827596253,2021,7
2021-12-07,-0.4034093637454982,-0.009529403534002135,0.00770384502142576,-0.017233248555427894,2021,7
2021-12-08,0.32687459492242693,0.0024419413017804704,-0.008259446954668747,0.010701388256449217,2021,7
2021-12-09,0.02665066026410564,0.0032645803374025894,-0.0029270354822687806,0.00619161581967137,2021,7
2021-12-10,-0.1006002400960384,-0.00415762076645867,-0.001497852504034536,-0.002659768262424134,2021,7
2021-12-13,0.06967587034813925,-0.0022734248546046774,-0.005341424124092187,0.0030679992694875096,2021,7
2021-12-14,0.29248499399759903,0.02632086312214992,0.013406516273112633,0.012914346849037285,2021,7
2021-12-15,-0.21114045618247296,0.010544954111105943,0.006696126845016104,0.0038488272660898385,2021,7
2021-12-16,0.23995198079231692,0.029189388850206853,0.000774749327240376,0.028414639522966478,2021,7
2021-12-17,0.25224489795918364,0.0164796985406253,0.004609109378183607,0.011870589162441693,2021,7
2021-12-20,0.4139735894357743,0.015804424371324045,-0.016350160510861456,0.032154584882185505,2021,7
2021-12-21,-0.1365186074429772,-0.007311004339113536,-0.0036361286450146803,-0.003674875694098856,2021,7
2021-12-22,-0.2785247794221855,-0.01617297878021362,-0.0021418756342633793,-0.014031103145950241,2021,7
2021-12-23,-0.2363985594237695,-0.007238319722745135,-0.0005256395474091847,-0.00671268017533595,2021,7
2021-12-24,-0.015798698652780732,-0.027306661497947714,-0.01729761056525393,-0.010009050932693785,2021,7
2021-12-27,-0.14444524482542384,-0.041622813024853655,-0.04436051601453683,0.0027377029896831773,2021,7
2021-12-28,-0.03169343802685497,-0.013252203950903397,-0.022598957183253842,0.009346753232350445,2021,7
2021-12-29,-0.11419515956309605,-0.020898586257260286,-0.015949901155563162,-0.004948685101697124,2021,7
2021-12-30,-0.13219687875150057,-0.03149490025357684,-0.01600922927579418,-0.01548567097778266,2021,7
2022-01-03,-0.07822328931572628,-0.008279818557435393,-0.006574713999824344,-0.0017051045576110483,2022,7
2022-01-04,-0.1140456182472989,-0.011734263802107004,-0.013716804960038275,0.0019825411579312714,2022,7
2022-01-05,-0.14367691905507585,-0.0250252337896255,-0.009203363465116243,-0.015821870324509258,2022,7
2022-01-06,-0.3834333733493397,-0.07244682162947227,-0.009164362817614468,-0.0632824588118578,2022,7
2022-01-07,-0.2606002400960384,-0.05757755706771881,-0.04480598818638461,-0.012771568881334204,2022,7
2022-01-10,-0.06093637454981993,-0.05679967383677849,-0.04755488995232865,-0.00924478388444984,2022,7
2022-01-11,-0.4589416063685909,-0.03670836838444798,0.015866535745759646,-0.05257490413020763,2022,7
2022-01-12,-0.14593037214885954,-0.026642517722172677,-0.0006499444205734118,-0.025992573301599264,2022,7
2022-01-13,0.10684273709483794,0.0118422110466327,-0.0016369261297821125,0.013479137176414812,2022,7
2022-01-14,0.15534213685474188,0.029012596750995833,-0.006192747108997654,0.035205343859993486,2022,7
2022-01-17,-0.015126050420168066,0.00665947347587299,0.0016496483228682136,0.005009825153004776,2022,7
2022-01-18,0.28855434712632044,0.009561852394662928,-0.0309969582090026,0.04055881060366553,2022,7
2022-01-19,0.03769598310769871,-0.00819032249541476,-0.015125456567591821,0.006935134072177062,2022,7
2022-01-20,0.25205887303479046,0.01545916154993665,-0.0016537614608585604,0.01711292301079521,2022,7
2022-01-21,0.07980983939489843,0.01701144021955401,0.01155081531270764,0.0054606249068463696,2022,7
2022-01-24,0.07015606242496998,0.042345335038570873,0.07525587103928166,-0.03291053600071079,2022,7
2022-01-25,0.09772143391613616,0.028061998975434134,0.0639907186377037,-0.03592871966226956,2022,7
2022-01-26,-0.09114264450753141,0.021271978640728006,0.043952799733117345,-0.02268082109238934,2022,7
2022-02-07,0.02175270108043217,0.03772028498706788,0.014342333520550444,0.023377951466517437,2022,7
2022-02-08,0.20423059383062753,0.04035352257743726,0.008233432199648293,0.03212009037778897,2022,7
2022-02-09,0.02376950780312125,0.010675110837747647,0.013064812780378776,-0.0023897019426311287,2022,7
2022-02-10,0.22583433373349338,0.025598351763138905,0.014420500252275736,0.011177851510863169,2022,7
2022-02-11,0.027803121248499398,0.03448960782815985,0.02254700093750145,0.011942606890658403,2022,7
2022-02-14,-0.5598559423769507,-0.004783461301507419,0.039555846392725524,-0.04433930769423294,2022,7
2022-02-15,-0.09906362545018006,0.004210579663185476,0.010933302234344,-0.006722722571158524,2022,7
2022-02-16,-0.12067226890756304,-0.0035151393767618665,0.019040275265505148,-0.022555414642267013,2022,7
2022-02-17,-0.10357991791503963,0.007280630386563691,0.022274038734738644,-0.014993408348174954,2022,7
2022-02-18,-0.06506602641056422,0.0052499229429604725,0.013790767207258758,-0.008540844264298285,2022,7
2022-02-21,0.1644657863145258,0.019465149387256554,0.018486398781304248,0.0009787506059523061,2022,7
2022-02-22,0.1328691476590636,0.017665960676582725,0.01999721387749228,-0.0023312532009095548,2022,7
2022-02-23,-0.2099500578678957,0.011683714598951988,0.04299792671746311,-0.03131421211851112,2022,7
2022-02-24,0.15630252100840333,0.021518077027297834,-0.009341585389340323,0.030859662416638158,2022,7
2022-02-25,0.07611044417767106,0.006352140405507589,-0.012638244142999877,0.018990384548507468,2022,7
2022-03-01,0.127875150060024,0.02135645477896799,0.011251730345821841,0.01010472443314615,2022,7
2022-03-02,0.02799587025705522,-0.0004012287234529288,0.002573786616594187,-0.0029750153400471156,2022,7
2022-03-03,0.045235179729238455,0.002903172684386124,-0.00016083285809120884,0.003064005542477333,2022,7
2022-03-04,-0.17291716686674669,-0.009427688650445964,0.0088796735820451,-0.018307362232491065,2022,7
2022-03-07,0.024202261765961977,0.0295787523643667,0.04581860178383821,-0.01623984941947151,2022,7
2022-03-08,0.3966866746698679,0.02428557160248378,-0.027104710109657325,0.051390281712141106,2022,7
2022-03-09,0.2801920768307323,0.017241111193719072,-0.010397722600998183,0.027638833794717255,2022,7
2022-03-10,0.0028332012781582473,0.002370705608961754,-0.015108497247277374,0.017479202856239127,2022,7
2022-03-11,-0.407923169267707,-0.03828766633991239,0.013365143494653819,-0.05165280983456621,2022,7
2022-03-14,-0.1295078031212485,-0.028014274143286867,-0.023478066573229994,-0.004536207570056874,2022,7
2022-03-15,0.006962785114045618,-0.0025464273001760684,-0.010451786786547035,0.007905359486370967,2022,7
2022-03-16,-0.26588235294117646,-0.01635209231126915,0.0008840941730655528,-0.017236186484334705,2022,7
2022-03-17,0.23831932773109243,-0.006124464103701666,-0.0260023017434168,0.019877837639715134,2022,7
2022-03-18,0.21834333733493394,-0.015905872365146678,-0.04879703661572841,0.03289116425058173,2022,7
2022-03-21,0.18559423769507805,-0.007872458699863838,-0.02648200276580296,0.01860954406593912,2022,7
2022-03-22,0.059495798319327726,-0.006661545965896199,-0.012903819214299972,0.006242273248403774,2022,7
2022-03-23,-0.07351740696278511,-0.010079813558408446,0.0029075770012921055,-0.012987390559700551,2022,7
2022-03-24,-0.16888355342136854,0.0023393409549076873,0.015083382177939798,-0.012744041223032111,2022,7
2022-03-25,0.19394957983193276,0.048306811513863866,0.014316324221334619,0.03399048729252925,2022,7
2022-03-28,0.13402160864345739,0.009783772564412107,-0.008575942502707656,0.018359715067119763,2022,7
2022-03-29,0.13902228214262535,0.002379093055683823,0.0047048604717596755,-0.0023257674160758524,2022,7
2022-03-30,0.04797118847539015,0.010943471728434318,0.023205485084261068,-0.01226201335582675,2022,7
2022-03-31,-0.16004801920768308,-0.008952706865690708,0.008149942336348404,-0.017102649202039112,2022,7
2022-04-01,-0.25349339735894355,-0.010872448709245097,0.02099070406098752,-0.03186315277023262,2022,7
2022-04-06,-0.007346938775510203,-0.014950948434996147,-0.008234741851764427,-0.0067162065832317205,2022,7
2022-04-07,-0.2395678271308523,-0.00947533956227714,0.01302147377183228,-0.02249681333410942,2022,7
2022-04-08,-0.0885954381752701,-0.005430759179151434,-0.0015110711628040564,-0.003919688016347378,2022,7
2022-04-11,-0.45421368547418967,-0.00736600081826202,0.017834336862547494,-0.025200337680809516,2022,7
2022-04-12,-0.3323568962725769,-0.006056539079351974,0.01275648060826301,-0.018813019687614986,2022,7
2022-04-13,-0.40821128451380545,-0.006442002420731219,0.023564137929956597,-0.030006140350687816,2022,7
2022-04-14,-0.028667466986794718,0.010549621243085328,0.0017647669688914069,0.008784854274193921,2022,7
2022-04-15,-0.35164465786314525,-0.0035256422273522324,0.01221615802077497,-0.015741800248127203,2022,7
2022-04-18,0.22410564225690274,0.015123542452263605,0.004289906783276787,0.010833635668986819,2022,7
2022-04-19,0.05430972388955582,0.006147824752455488,-0.0074734966184214265,0.013621321370876915,2022,7
2022-04-20,-0.032125621272675715,0.005890507289216218,0.017526969583024344,-0.011636462293808126,2022,7
2022-04-21,0.17349339735894356,0.008590346201607812,0.003969612686480384,0.004620733515127429,2022,7
2022-04-22,0.25963985594237693,0.04099393598896128,0.0138162720264556,0.027177663962505684,2022,7
2022-04-25,0.022521549143325728,0.0248758843140231,0.026844854261416185,-0.001968969947393085,2022,7
2022-04-26,-0.081968787515006,0.031949944793086306,0.05100482458606923,-0.019054879792982926,2022,7
2022-04-27,-0.07606425126445193,-0.0038011199358659155,0.0008607105276691951,-0.004661830463535111,2022,7
2022-04-28,-0.1545738295318127,-0.008072259932086101,0.01213210879947515,-0.02020436873156125,2022,7
2022-04-29,0.07466986794717888,-0.00027954473356988084,-0.0012331409279423,0.0009535961943724191,2022,7
2022-05-03,0.28806722689075626,0.01858253633003363,-0.006888659927941643,0.02547119625797527,2022,7
2022-05-04,0.2541237485426007,0.02385185763059696,-0.008762454522259145,0.03261431215285611,2022,7
2022-05-05,-0.17474189675870347,0.001603439607256074,0.007064275393080755,-0.00546083578582468,2022,7
2022-05-06,-0.12418065263249536,-0.008463807519216637,0.019692476398624193,-0.02815628391784083,2022,7
2022-05-09,-0.33436577118331984,-0.00991884567623622,0.02024165524385917,-0.03016050092009539,2022,7
2022-05-10,-0.22838483523594275,-0.035328659648682224,-0.004713161515741471,-0.030615498132940754,2022,7
2022-05-11,-0.003217286914765906,-0.003952543642759732,-0.011867779400519385,0.007915235757759653,2022,7
2022-05-12,-0.17819927971188473,0.006330101081905293,0.01849582875327993,-0.012165727671374638,2022,7
2022-05-13,0.22468187274909962,-0.014968783483069913,-0.014127568104222443,-0.0008412153788474701,2022,7
2022-05-16,-0.03923263464839471,-0.014425036137084634,-0.0075795185740478496,-0.0068455175630367845,2022,7
2022-05-17,0.08120048019207683,0.0001857614264034968,0.004047666794632055,-0.003861905368228558,2022,7
2022-05-18,-0.10626650660264104,0.011015218249050418,0.018939262532606436,-0.007924044283556019,2022,7
2022-05-19,0.18895558223289313,0.017622920523697162,-0.009224843568501284,0.026847764092198446,2022,7
2022-05-20,-0.21527010804321725,-0.0032154078972534304,0.009340843728640214,-0.012556251625893643,2022,7
2022-05-23,0.1886674669867947,0.0028819081244159106,-0.01816674846157936,0.021048656585995272,2022,7
2022-05-24,0.11078297201205214,0.003363658457897789,-0.005466761974542156,0.008830420432439945,2022,7
2022-05-25,0.14448979591836733,-0.015488827734204302,-0.016242473036551373,0.0007536453023470717,2022,7
2022-05-26,0.0968547418967587,0.008409835933716536,0.003319997475654257,0.005089838458062278,2022,7
2022-05-27,0.27246752630965926,0.01951258691529605,-0.006219802623361426,0.025732389538657474,2022,7
2022-05-30,0.06036014405762304,0.005400209374303755,0.0004093401247317496,0.004990869249572006,2022,7
2022-05-31,0.12422569027611044,0.007730782392463398,-0.0007757030778768215,0.00850648547034022,2022,7
2022-06-01,-0.052100840336134456,0.01080534635874325,0.02125079757656372,-0.010445451217820468,2022,7
2022-06-02,0.062953181272509,0.006791045624279335,-0.005185243091836256,0.01197628871611559,2022,7
2022-06-06,-0.014837935174069627,0.006295182331502236,0.004665784849247523,0.001629397482254713,2022,7
2022-06-07,0.029531812725090034,0.020909961772218176,0.0117258528182137,0.009184108954004476,2022,7
2022-06-08,-0.11207952174951438,0.019242565520098877,0.026613744177297526,-0.007371178657198649,2022,7
2022-06-09,-0.2703961584633853,-0.032960380271674326,0.013852206067728334,-0.04681258633940266,2022,7
2022-06-10,-0.3191433168583002,-0.017998300559342963,0.0035425160104263663,-0.02154081656976933,2022,7
2022-06-13,-0.014165666266506602,-0.002356328190812862,0.007709921333131586,-0.010066249523944448,2022,7
2022-06-14,-0.0319327731092437,-0.016721720289305454,0.005599972112118356,-0.022321692401423808,2022,7
2022-06-15,-0.12907872941846388,-0.03226518686456161,0.0030233994861659673,-0.035288586350727576,2022,7
2022-06-16,0.10165666266506602,0.02873092772041347,0.012124093601898034,0.016606834118515434,2022,7
2022-06-17,0.2699224471953815,0.033373629808839234,-0.016913676844053805,0.050287306652893035,2022,7
2022-06-20,-0.2456182472989196,-0.009126552428107582,0.02450478052452152,-0.0336313329526291,2022,7
2022-06-21,-0.1632172869147659,0.0025176715782482483,-0.003428677670860203,0.005946349249108451,2022,7
2022-06-22,-0.1865546218487395,-0.00672141283767651,0.029533687440031698,-0.03625510027770821,2022,7
2022-06-23,0.028283313325330132,0.00739142462803174,0.0029922337264534082,0.004399190901578332,2022,7
2022-06-24,0.146890756302521,0.0069960733774857235,-0.011588359938090553,0.018584433315576278,2022,7
2022-06-27,0.19884753901560623,0.036263965706485865,0.008416371661728973,0.027847594044756892,2022,7
2022-06-28,-0.17829531812725088,0.002310724881551307,0.01749418997765796,-0.01518346509610665,2022,7
2022-06-29,-0.07793517406962785,0.014092462205766598,0.03140320175811132,-0.017310739552344724,2022,7
2022-06-30,0.1298919567827131,0.0399385709826842,0.013017827202786414,0.026920743779897782,2022,7
2022-07-01,0.26540853329458697,0.031070582479926036,0.006228416644401202,0.024842165835524833,2022,7
2022-07-04,0.07793517406962785,0.003128200616522403,-0.011576118980798722,0.014704319597321124,2022,7
2022-07-05,0.4386554621848739,0.027052462695693148,-0.05203365791731072,0.07908612061300387,2022,7
2022-07-06,0.07188475390156063,-0.02153509013288716,-0.025041716643806843,0.003506626510919684,2022,7
2022-07-07,0.2936374549819928,0.01547394613921298,-0.03241254485049101,0.04788649098970399,2022,7
2022-07-08,-0.22554621848739492,-0.036379514206386465,-0.013621971024733014,-0.02275754318165345,2022,7
2022-07-11,0.1065546218487395,0.005894690194177388,-0.01787386541131166,0.023768555605489048,2022,7
2022-07-12,0.1985594237695078,0.01951128498781518,-0.008743849917452418,0.028255134905267598,2022,7
2022-07-13,0.18021608643457382,0.021079984946950726,-0.009899679870901368,0.030979664817852096,2022,7
2022-07-14,0.13200797141791562,0.02762300127191497,-0.016253131906493478,0.04387613317840845,2022,7
2022-07-15,0.30429771908763503,0.042434414667778864,-0.004701464721061277,0.04713587938884014,2022,7
2022-07-18,0.17551020408163265,0.008236069042408867,-0.013490066483729557,0.021726135526138425,2022,7
2022-07-19,0.09426170468187275,0.011904916125201037,-0.02142811432081788,0.033333030446018916,2022,7
2022-07-20,0.3299399759903961,0.009681721356667472,7.132154227939003e-05,0.009610399814388082,2022,7
2022-07-21,0.07937575030012005,-0.0052668900210402604,-0.027080677601492676,0.021813787580452416,2022,7
2022-07-22,0.3180388485634249,-0.0008780657262069891,-0.020049014061699243,0.019170948335492256,2022,7
2022-07-25,0.006482593037214886,-0.0003405590693581151,-0.0061915161568837805,0.005850957087525665,2022,7
2022-07-26,-0.0757262905162065,-0.002827641461254671,0.002905450692838818,-0.005733092154093488,2022,7
2022-07-27,-0.2035534213685474,-0.017810099528937473,0.0013127269172314659,-0.019122826446168938,2022,7
2022-07-28,-0.10535920104349568,-0.021590370098849086,-0.006588121844310124,-0.015002248254538962,2022,7
2022-07-29,-0.13897426046868996,-0.011507665366581765,-0.0018264657695451047,-0.009681199597036661,2022,7
2022-08-01,0.1345050301715466,0.0024081019931895932,-0.003930496391902127,0.006338598385091721,2022,7
2022-08-02,-0.11510204081632652,-0.011106519588661412,0.004112075052587971,-0.015218594641249382,2022,7
2022-08-03,-0.06324129651860745,0.0021176036857414983,0.02082543810295806,-0.018707834417216563,2022,7
2022-08-04,-0.042065835926552955,0.0008384066107167909,0.00620705283737093,-0.0053686462266541385,2022,7
2022-08-05,0.2275204687443013,0.026837912661395923,0.020103714102868996,0.006734198558526926,2022,7
2022-08-08,-0.034717887154861946,-0.0022210925263349,-0.00870583121761942,0.0064847386912845195,2022,7
2022-08-09,0.11097238895558223,-0.000552995121794475,-0.00756300541205378,0.007010010290259305,2022,7
2022-08-10,0.07188475390156063,0.007543096324264376,-0.013372768853986883,0.02091586517825126,2022,7
2022-08-11,0.1983673469387755,-0.0007036775018647967,-5.2702630411038955e-05,-0.0006509748714537577,2022,7
2022-08-12,0.13459783913565426,0.00853628710659562,-0.00975705782714641,0.01829334493374203,2022,7
2022-08-15,-0.09762304921968785,0.008809691133395104,0.009027902046292845,-0.0002182109128977417,2022,7
2022-08-16,-0.11539015606242496,0.0028869979602593964,0.011686939740437519,-0.008799941780178122,2022,7
2022-08-17,0.029723889555822326,0.013408249466140321,0.011274119226818402,0.0021341302393219196,2022,7
2022-08-18,-0.29436481076457716,-0.008231344366379501,0.016625043910888825,-0.024856388277268326,2022,7
2022-08-19,-0.10482593037214885,-0.00614121334206359,0.00660251345048325,-0.01274372679254684,2022,7
2022-08-22,0.0251140456182473,-0.0048350786002202325,-0.003602398206662305,-0.0012326803935579275,2022,7
2022-08-23,-0.029339735894357743,0.0017324351778905788,0.015691718754943386,-0.013959283577052808,2022,7
2022-08-24,0.12979591836734694,0.007423354584135233,-0.004294213800227864,0.011717568384363098,2022,7
2022-08-25,-0.09906600401424515,-0.0005519380176034705,-0.017491330589623655,0.016939392572020186,2022,7
2022-08-26,0.004273812097560745,-0.0011099234040421236,-0.01689591934147112,0.015785995937428996,2022,7
2022-08-29,-0.051908763505402154,-0.00492869212281497,-0.0034226890877188222,-0.001506003035096148,2022,7
2022-08-30,0.10847539015606242,-0.007070243104097018,-0.020954019508386212,0.013883776404289195,2022,7
2022-08-31,0.07313325330132053,0.0052709489293082615,0.00618603161660235,-0.0009150826872940882,2022,7
2022-09-01,0.3456902761104441,0.027928549674876558,-0.009297985654675534,0.03722653532955209,2022,7
2022-09-02,0.1304264311914924,0.020800057459777532,0.010422649670152162,0.01037740778962537,2022,7
2022-09-05,0.15543817527010806,0.014947183738309066,-0.0014445437663700988,0.016391727504679165,2022,7
2022-09-06,-0.1666786718048691,0.015764191776978177,0.02015325229368864,-0.004389060516710463,2022,7
2022-09-07,-0.5167471009196762,-0.0070733087104200894,0.03709759773531248,-0.04417090644573257,2022,7
2022-09-08,-0.12240096038415366,-0.0013568181811542956,0.01243397561637053,-0.013790793797524825,2022,7
2022-09-12,0.1427611044417767,0.005438613074373622,0.006518989901019368,-0.0010803768266457459,2022,7
2022-09-13,-0.14406108194024983,0.011761149706931451,0.015971216668447676,-0.0042100669615162244,2022,7
2022-09-14,0.19942855776595256,0.012452404769624892,-0.010524056255920877,0.02297646102554577,2022,7
2022-09-15,0.30633659166566557,0.016302705917350547,-0.03222935190709771,0.04853205782444826,2022,7
2022-09-16,0.2920048019207683,0.012856433995078465,-0.015497150721318598,0.02835358471639706,2022,7
2022-09-19,-0.03692677070828331,-0.0011883024158166333,-0.009264051643935168,0.008075749228118535,2022,7
2022-09-20,0.11001200480192078,0.006675078988161731,-0.002468921265247781,0.009144000253409511,2022,7
2022-09-21,0.07582232893157262,-0.006809771438906109,-0.020755850628897166,0.013946079189991058,2022,7
2022-09-22,0.12384153661464585,-0.0010495543428361343,-0.015415851107282507,0.014366296764446373,2022,7
2022-09-23,0.09464585834333733,0.010266511627326013,-0.0237016803017579,0.033968191929083916,2022,7
2022-09-26,-0.11779111644657862,0.023397131146161442,0.012546676352294828,0.010850454793866614,2022,7
2022-09-27,-0.009651860744297719,0.024040922521084397,0.007435906061568231,0.016605016459516165,2022,7
2022-09-28,-0.037118847539015606,0.0148569702685868,0.01718095203333676,-0.0023239817647499605,2022,7
2022-09-29,0.17512605042016804,0.01984324412734263,0.00782561540682033,0.012017628720522299,2022,7
2022-09-30,0.17729117150780083,0.025906950188787647,0.014110935699943483,0.011796014488844164,2022,7
2022-10-03,-0.3686434573829531,0.002779090229485981,0.03374789625255403,-0.030968806023068052,2022,7
2022-10-04,0.13085234093637454,0.02067683924090692,0.00997357442236706,0.010703264818539858,2022,7
2022-10-05,0.060072028811524604,0.01066554567897604,0.0014528200187866047,0.009212725660189436,2022,7
2022-10-06,0.12475689696025638,0.025357656089440073,0.009227625803086559,0.016130030286353514,2022,7
2022-10-07,-0.26088835534213684,-0.011403227725321407,0.018409687044184386,-0.029812914769505795,2022,7
2022-10-11,0.12441776710684273,-0.00030627624026549063,-0.03702187748218401,0.03671560124191852,2022,7
2022-10-12,0.057190876350540217,0.01595022200976224,-0.008603018278489517,0.024553240288251756,2022,7
2022-10-13,-0.17157262905162063,0.0036132055177698907,-0.0020101330261488417,0.005623338543918732,2022,7
2022-10-14,-0.1032893157262905,0.009040664088195195,0.014127808468923263,-0.005087144380728069,2022,7
2022-10-17,-0.06391356542617047,0.018863963899212723,0.014601012234110432,0.00426295166510229,2022,7
2022-10-18,0.05536747582570269,0.031363644615784655,0.0012524940910983995,0.030111150524686256,2022,7
2022-10-19,0.0821608643457383,0.00045821001604128274,0.007871591753364215,-0.007413381737322933,2022,7
2022-10-20,0.3041056422569028,0.034377505093392755,0.010513153331534053,0.0238643517618587,2022,7
2022-10-21,0.12710684273709483,0.021294018182812523,0.02019491968401562,0.0010990984987969028,2022,7
2022-10-24,0.029819927971188476,0.00198971389695507,0.00738132075285094,-0.00539160685589587,2022,7
2022-10-25,-0.030637725736440406,0.01711155573666291,0.012010142289789416,0.005101413446873492,2022,7
2022-10-26,-0.14180072028811525,0.014152530043143064,0.018693114286388056,-0.004540584243244992,2022,7
2022-10-27,-0.24955582232893156,-0.012395778977508265,0.021271910643012693,-0.033667689620520955,2022,7
2022-10-28,0.15649459783913564,0.02839043839951726,0.02604033032077585,0.0023501080787414093,2022,7
2022-10-31,0.14804321728691477,0.03961499528760597,0.018348540086047128,0.02126645520155884,2022,7
2022-11-01,0.3587515006002401,0.03497454368137087,0.0018937644000644905,0.033080779281306386,2022,7
2022-11-02,0.08907563025210084,0.03577895182776629,0.014769223163219736,0.021009728664546555,2022,7
2022-11-03,0.1797358943577431,0.05147612132093073,-0.014292788231912578,0.06576890955284331,2022,7
2022-11-04,-0.011957069801040738,-0.02070394734586791,-0.022488690849683458,0.0017847435038155467,2022,7
2022-11-07,0.12144057623049219,0.005983765416471276,-0.048290726559779076,0.05427449197625035,2022,7
2022-11-08,-0.10069627851140456,-0.0540312857535016,-0.035239783554910885,-0.018791502198590715,2022,7
2022-11-09,-0.45786314525810323,-0.08096109272239022,-0.003661598754169848,-0.07729949396822036,2022,7
2022-11-10,0.02348139255702281,-0.05458008767647078,-0.04315025569316686,-0.011429831983303919,2022,7
2022-11-11,-0.2051860744297719,-0.056954194514692746,-0.03582374700881395,-0.021130447505878794,2022,7
2022-11-14,0.2948859543817527,-0.007755463377192661,-0.02394942506559573,0.01619396168840307,2022,7
2022-11-15,0.08936374549819928,-0.005128071000697254,-0.0005255079319668842,-0.00460256306873037,2022,7
2022-11-16,0.19058823529411767,0.005350708625254841,-0.012112425397931203,0.017463134023186045,2022,7
2022-11-17,0.13642256902761105,0.0005631345341782446,-0.008586298577555041,0.009149433111733286,2022,7
2022-11-18,-0.1371908763505402,0.0031001962273324857,0.012008836525007427,-0.008908640297674941,2022,7
2022-11-21,-0.31025210084033605,-0.005922127790403209,0.02361678869850432,-0.02953891648890753,2022,7
2022-11-22,-0.2072989195678271,0.006221371291081657,0.02478490487505335,-0.01856353358397169,2022,7
2022-11-23,-0.23409363745498196,-0.008203143390359546,0.00977340974130716,-0.017976553131666705,2022,7
2022-11-24,-0.20364945978391355,-0.006753205473571122,0.0012256696880864949,-0.007978875161657618,2022,7
2022-11-25,0.22142188294216403,0.020934635299938043,0.005292541476827872,0.015642093823110173,2022,7
2022-11-28,0.2966146458583433,0.024150169267459186,0.00010603961382240623,0.02404412965363678,2022,7
2022-11-29,-0.10290516206482593,0.011581077251114147,0.03192397236812604,-0.020342895117011893,2022,7
2022-11-30,0.02280912364945978,0.014098834827280238,0.008931556649248306,0.005167278178031932,2022,7
2022-12-01,-0.20019207683073229,0.002445455387739459,0.02091070266271512,-0.01846524727497566,2022,7
2022-12-02,-0.43923169267707085,0.0008878466932155327,0.02915706852331319,-0.028269221830097658,2022,7
2022-12-05,-0.45661464585834327,-0.009077714627062538,0.01842472601120415,-0.02750244063826669,2022,7
2022-12-06,-0.3707563025210084,0.0029655093005447773,0.01858263757934898,-0.015617128278804203,2022,7
2022-12-07,-0.01819927971188475,0.0043051108173082445,0.007617705734959646,-0.0033125949176514013,2022,7
2022-12-08,0.06511560903699293,0.009837503962108207,0.009567889375641925,0.0002696145864662814,2022,7
2022-12-09,-0.01013205282112845,0.01050680334226215,0.02191078364846698,-0.011403980306204832,2022,7
2022-12-12,0.09867947178871549,0.008887460782270207,0.0033324228659644684,0.005555037916305738,2022,7
2022-12-13,-0.05834473818580119,-0.005891104850172546,0.025753145223591855,-0.0316442500737644,2022,7
2022-12-14,0.0923409363745498,0.006369706969196398,0.010726850576092605,-0.004357143606896208,2022,7
2022-12-15,0.08264304067305668,0.0025536949189876703,0.02926054547382233,-0.02670685055483466,2022,7
2022-12-16,0.07188475390156063,0.024495420955054026,0.00847951750143563,0.016015903453618398,2022,7
2022-12-19,0.08523409363745497,0.024008659098472985,0.01563938701369365,0.008369272084779333,2022,7
2022-12-20,0.10405762304921969,0.01787466136524618,0.0036019634183423023,0.014272697946903879,2022,7
2022-12-21,0.07774309723889555,0.010958292579667317,-0.0023602716613946974,0.013318564241062016,2022,7
2022-12-22,-0.07342136854741896,0.00800471721486512,0.0010742208935250574,0.006930496321340063,2022,7
2022-12-23,0.18791720780142168,0.00014725646398654478,-0.0090154095017683,0.009162665965754846,2022,7
2022-12-26,0.05824729891956783,0.0007259912229874765,0.003091458808490888,-0.0023654675855034114,2022,7
2022-12-27,-0.11443251942120514,-0.01032959332220551,-0.0022479611718296487,-0.008081632150375861,2022,7
2022-12-28,0.19865546218487393,0.0006387146477021211,-0.023308380012902565,0.023947094660604684,2022,7
2022-12-29,0.11903961584633853,0.0016137341215987533,-0.010793728428785464,0.012407462550384218,2022,7
2022-12-30,-0.01637454981992797,-0.0067792139487093395,-0.023462812630907482,0.016683598682198143,2022,7
2023-01-03,0.05584633853541416,-0.025807297176770917,-0.03564086878091142,0.0098335716041405,2023,7
2023-01-04,-0.014549819927971188,-0.027183047476418955,-0.029045307217289394,0.0018622597408704394,2023,7
2023-01-05,-0.03798319327731092,-0.04235283774472798,-0.04715519679107427,0.004802359046346294,2023,7
2023-01-06,0.14593037214885954,-0.030921730298092753,-0.051533288535015064,0.02061155823692231,2023,7
2023-01-09,-0.045573510815287134,-0.0237199767512419,-0.027501767032588453,0.003781790281346554,2023,7
2023-01-10,0.024345738295318126,-0.04022196835267774,-0.049251766875874826,0.009029798523197088,2023,7
2023-01-11,0.07529592549410392,-0.03563014310797878,-0.034739131351883015,-0.0008910117560957664,2023,7
2023-01-12,-0.1568787515006002,-0.02192347345200596,-0.009714007249294221,-0.012209466202711738,2023,7
2023-01-13,-0.2818247298919568,-0.006773672108307016,0.009160615633210623,-0.015934287741517637,2023,7
2023-01-16,0.17772335475362158,0.003510392501098336,-0.019309890255993854,0.022820282757092192,2023,7
2023-01-17,-0.2682417345727452,0.004953019736618702,0.02140660417335256,-0.016453584436733858,2023,7
2023-01-30,0.1640816326530612,0.022746004632967044,-0.004831688035178694,0.027577692668145738,2023,7
2023-01-31,0.010516458981638239,0.02461857953290305,-0.0051603423778227905,0.029778921910725842,2023,7
2023-02-01,0.19020408163265307,0.007576725669837825,-0.00561553266981144,0.013192258339649265,2023,7
2023-02-02,-0.24010180323374977,-0.003852771220916251,0.00734772740817533,-0.01120049862909158,2023,7
2023-02-03,-0.14439375750300118,-0.010348864094872224,-0.006854390027470947,-0.0034944740674012773,2023,7
2023-02-06,-0.21542451042895244,-0.024925832946908942,-0.005281009606081655,-0.01964482334082729,2023,7
2023-02-07,-0.05186198949848995,0.003643637567780722,0.004310603697778947,-0.000666966129998225,2023,7
2023-02-08,0.1430595244665336,0.021733953014627015,0.017127996218403673,0.004605956796223342,2023,7
2023-02-09,-0.06228091236494597,0.017042231210210933,0.024903879741744815,-0.007861648531533882,2023,7
2023-02-10,0.011860744297719087,0.029683040329004318,0.03954922317640306,-0.009866182847398743,2023,7
2023-02-13,0.12921968787515006,0.02694114291387335,0.03285930167513178,-0.005918158761258428,2023,7
2023-02-14,-0.0018727490996398558,0.02027617950142646,0.023683919469625857,-0.0034077399681993956,2023,7
2023-02-15,0.056806722689075634,0.020036949319989627,0.010589484872902722,0.009447464447086905,2023,7
2023-02-16,0.19596638655462184,0.015610018550458803,-0.0031483600888329135,0.018758378639291716,2023,7
2023-02-17,-0.002064825930372149,0.004500402023758709,0.0015677554780240354,0.0029326465457346737,2023,7
2023-02-20,-0.12048308486269563,-0.008371377160525984,-0.002470216485713728,-0.005901160674812256,2023,7
2023-02-21,-0.25724507198463953,-0.02045547139596382,0.015138288662375477,-0.035593760058339294,2023,7
2023-02-22,-0.4231932773109244,-0.01653518607661599,0.02408626490127901,-0.040621450977895004,2023,7
2023-02-23,-0.26626650660264106,-0.005729164270800657,0.015420933033571772,-0.02115009730437243,2023,7
2023-02-24,-0.173781512605042,-0.010955569555443545,-0.0038775055822264704,-0.007078063973217075,2023,7
2023-03-01,-0.08696278511404561,0.004006906641035079,0.004238365172848468,-0.00023145853181338882,2023,7
2023-03-02,0.07899159663865546,0.010239309853858092,0.003252707591598414,0.006986602262259678,2023,7
2023-03-03,-0.04460984393757503,-0.0025148805237869888,0.003078333597665628,-0.005593214121452616,2023,7
2023-03-06,0.04240197845108021,-0.007850710367482971,-0.009114320677523147,0.001263610310040176,2023,7
2023-03-07,0.0012965186074429772,-0.003822518788081419,-0.0002868145374254283,-0.003535704250655991,2023,7
2023-03-08,0.023481956356260728,-0.009921894380300967,-0.0041107296453683495,-0.005811164734932617,2023,7
2023-03-09,-0.11779677309010707,-0.008010421369584964,-0.0030599396052521377,-0.004950481764332826,2023,7
2023-03-10,0.19702753973361503,0.014030897503968808,-0.022132504628139694,0.0361634021321085,2023,7
2023-03-13,0.21027611044417766,0.011531338521126044,0.010675925460841385,0.0008554130602846585,2023,7
2023-03-14,-0.03956877717292196,0.014805218543189613,0.001949129810147132,0.01285608873304248,2023,7
2023-03-15,-0.012436974789915966,0.01112440829177297,0.010560220689317234,0.0005641876024557353,2023,7
2023-03-16,-0.25066628257603474,-0.014845141482231261,0.00914808837844543,-0.02399322986067669,2023,7
2023-03-17,0.03063699009262647,-0.006283450155007353,-0.0032271785933593146,-0.003056271561648038,2023,7
2023-03-20,-0.1074189675870348,-0.0007095884835947253,0.019055494605712365,-0.01976508308930709,2023,7
2023-03-21,-0.041440576230492195,0.005521917710166679,0.02102606956525519,-0.015504151855088511,2023,7
2023-03-22,0.00312124849939976,0.011997966748013044,0.015661153528456838,-0.0036631867804437935,2023,7
2023-03-23,-0.009171668667466985,0.007082606479998288,0.009057631374658304,-0.0019750248946600168,2023,7
2023-03-24,-0.13834333733493398,0.01051995182275437,0.015582381367924326,-0.005062429545169956,2023,7
2023-03-27,-0.056806722689075634,-0.0006555740757043793,0.008422759255268674,-0.009078333330973054,2023,7
2023-03-28,-0.20884054845271557,-0.0017376475626244892,0.008439084815063069,-0.010176732377687557,2023,7
2023-03-29,-0.18021608643457382,0.006815113920718286,0.013961017821518784,-0.007145903900800499,2023,7
2023-03-30,-0.21469387755102037,0.01462228612825942,0.03916602612682677,-0.02454373999856735,2023,7
2023-03-31,-0.3077551020408163,0.017608098637751635,0.03405966756259262,-0.016451568924840985,2023,7
2023-04-06,-0.24072028811524607,0.016942974037950708,0.01884402211421521,-0.0019010480762645006,2023,7
2023-04-07,-0.13978391356542613,0.022866294998803893,0.026300983776741303,-0.0034346887779374106,2023,7
2023-04-10,-0.0821608643457383,0.02275311531659696,0.020856038966944677,0.0018970763496522838,2023,7
2023-04-11,0.3602007252112714,0.013801738444538691,-0.012942208880235551,0.026743947324774243,2023,7
2023-04-12,0.31563025210084034,0.0021025131374836302,-0.037813086383161124,0.03991559952064475,2023,7
2023-04-13,0.49667459016933474,0.008527550556248042,-0.034243162964341586,0.04277071352058963,2023,7
2023-04-14,0.6779831932773108,0.019151696937051065,-0.027241764089056496,0.04639346102610756,2023,7
2023-04-17,0.5107803121248499,0.014950840479660832,-0.020619930121370755,0.03557077060103159,2023,7
2023-04-18,0.5222088835534213,0.021111121551946478,-0.018232884489875412,0.039344006041821894,2023,7
2023-04-19,0.3134213685474189,0.02483715733292403,-0.008358157040982727,0.033195314373906756,2023,7
2023-04-20,-0.020888355342136854,0.016073461890110562,0.02494060296223969,-0.008867141072129128,2023,7
2023-04-21,0.022473528782678977,0.0125110106524573,0.02132468550331189,-0.008813674850854592,2023,7
2023-04-24,0.13498199279711884,0.014598689260521191,0.007946622591817188,0.0066520666687040035,2023,7
2023-04-25,-0.14218487394957982,0.003271030061111291,0.03249937829974754,-0.02922834823863625,2023,7
2023-04-26,-0.10885954381752701,3.799687218111192e-05,0.005705671279044755,-0.005667674406863643,2023,7
2023-04-27,0.0023049773110439976,0.0007249905574596372,0.011282174855393757,-0.010557184297934119,2023,7
2023-04-28,0.11577430972388955,0.0037665290918381888,0.007890378626248095,-0.004123849534409906,2023,7
2023-05-02,-0.01699920766894948,-0.0002567547977183948,-0.002104743956855759,0.0018479891591373643,2023,7
2023-05-03,0.014165666266506602,-0.0006712832777962752,0.00038058238786647935,-0.0010518656656627544,2023,7
2023-05-04,0.10770708283313324,0.004258801497531184,-0.006909560115489255,0.011168361613020438,2023,7
2023-05-05,0.11846338535414166,0.006211446373151641,0.0032051052760333266,0.0030063410971183147,2023,7
2023-05-08,0.06785114045618247,0.009793982170625026,0.012895841714860013,-0.003101859544234987,2023,7
2023-05-09,-0.0931594996546949,0.002663886349320177,0.01068849977589299,-0.008024613426572812,2023,7
2023-05-10,-0.12346034722279411,-0.01989496901172516,-0.0035216596527946733,-0.01637330935893049,2023,7
2023-05-11,-0.29555822328931575,0.001970944709897193,0.006253715150724237,-0.004282770440827043,2023,7
2023-05-12,-0.1919854018657063,-0.012255792170542823,0.02188476410545086,-0.03414055627599368,2023,7
2023-05-15,-0.2805762304921969,-0.013715088092055471,0.01323606826123469,-0.02695115635329016,2023,7
2023-05-16,-0.17483793517406962,-0.01492276026690884,0.008785583761874105,-0.023708344028782947,2023,7
2023-05-17,-0.32801920768307324,-0.014987458308033764,0.02757663773578256,-0.04256409604381632,2023,7
2023-05-18,-0.3721577950123121,-0.0203422493587865,0.036864601195810955,-0.057206850554597455,2023,7
2023-05-19,-0.2294467924274487,-0.02664067549199143,0.006523794270933647,-0.03316446976292508,2023,7
2023-05-22,-0.3494357743097239,-0.0008036874298282482,0.032981808904207446,-0.03378549633403569,2023,7
2023-05-23,-0.6250660264105642,-0.05555793769801024,0.04399123565878319,-0.09954917335679343,2023,7
2023-05-24,-0.2855702280912365,-0.021878450852056697,0.004063648549784882,-0.025942099401841577,2023,7
2023-05-25,-0.07707082833133252,-0.006820078907950366,0.01830499026385929,-0.025125069171809657,2023,7
2023-05-26,-0.16072414708467211,0.0005773047317651159,0.014341249138094292,-0.013763944406329175,2023,7
2023-05-29,0.14410564225690276,0.017516973875067277,0.003996686623036694,0.013520287252030583,2023,7
2023-05-30,-0.15716686674669866,0.00537636672115892,0.03151143620228941,-0.02613506948113049,2023,7
2023-05-31,-0.1595716584291501,-0.006050279566407191,0.006287333953262586,-0.012337613519669777,2023,7
2023-06-01,0.34088835534213685,0.01568114737527988,-0.0038627264835629505,0.01954387385884283,2023,7
2023-06-02,0.11846338535414166,0.00697770469124479,-0.0058771073385376574,0.012854812029782448,2023,7
2023-06-05,0.1528451380552221,-0.011838300221350151,-0.029106325373665132,0.01726802515231498,2023,7
2023-06-06,-0.07697478991596637,-0.016478546856710075,-0.025096696181315305,0.00861814932460523,2023,7
2023-06-07,-0.4148379351740696,-0.020063680406548146,0.013414434517911767,-0.033478114924459915,2023,7
2023-06-08,-0.30119093388550816,-0.03015746137815407,0.024614125728415825,-0.054771587106569895,2023,7
2023-06-09,-0.025306122448979586,-0.02308565904592148,0.011929091354203081,-0.03501475040012456,2023,7
2023-06-12,-0.19348797092561412,-0.006697787323992033,0.026654355916732243,-0.033352143240724275,2023,7
2023-06-13,-0.13556147810577512,0.004436035967279028,0.02274608094285414,-0.01831004497557511,2023,7
2023-06-14,0.3723889555822329,0.001847217978789384,-0.015981061503845838,0.017828279482635222,2023,7
2023-06-15,0.2570049701814057,0.01024600014321242,-0.006149645006777238,0.016395645149989656,2023,7
2023-06-16,0.5976950780312125,0.009753545545294829,-0.021801398890141398,0.03155494443543623,2023,7
2023-06-19,0.30842737094837935,0.005694131521025825,-0.005173124730579515,0.01086725625160534,2023,7
2023-06-20,0.02376950780312125,0.009236302439278987,0.019066672720096333,-0.009830370280817347,2023,7
2023-06-21,-0.11885039260070612,0.008501766367342211,0.055327448853754804,-0.04682568248641259,2023,7
2023-06-26,-0.27875150060024007,-0.012839135557317782,0.040913986724120874,-0.05375312228143866,2023,7
2023-06-27,-0.5059783913565427,0.0016024836706339362,0.08535991926462519,-0.08375743559399125,2023,7
2023-06-28,-0.04341040602466195,-0.010414908321734606,0.006440059019507505,-0.01685496734124211,2023,7
2023-06-29,-0.19721488595438177,-0.008149185376682267,0.01361633428945821,-0.021765519666140477,2023,7
2023-06-30,-0.31332533013205277,-0.016643533532920675,0.03406745475835441,-0.050710988291275086,2023,7
2023-07-03,-0.022905162064825933,0.0018215583063075802,0.0012308682571153917,0.0005906900491921886,2023,7
2023-07-04,-0.04009603841536614,-0.003616576805029936,0.015828376521812813,-0.019444953326842748,2023,7
2023-07-05,-0.15755102040816327,-0.011303838566180679,0.03315124743861867,-0.044455086004799346,2023,7
2023-07-06,0.0722689075630252,-0.014836199783635495,0.029589599440629923,-0.044425799224265414,2023,7
2023-07-07,-0.16926770708283315,-0.005207367198510083,0.008986388372417687,-0.01419375557092777,2023,7
2023-07-10,0.0216577026757596,-0.002702406337387819,-0.0248310195913355,0.02212861325394768,2023,7
2023-07-11,0.07217286914765905,0.016750464853657852,0.003467681429521208,0.013282783424136645,2023,7
2023-07-12,0.30248025171387793,0.030730916185808678,-0.0017477755169655884,0.032478691702774266,2023,7
2023-07-13,0.3976470588235294,0.04097795311053507,-0.008580221027114721,0.04955817413764979,2023,7
2023-07-14,0.03529411764705882,0.018501149302236952,0.04267537279534892,-0.02417422349311197,2023,7
2023-07-17,-0.15212850252890386,0.009836973776952428,0.05402779046077795,-0.04419081668382552,2023,7
2023-07-18,-0.03270186560043672,-0.0015603581615983519,0.03783979546053604,-0.03940015362213439,2023,7
2023-07-19,-0.02012053111098823,0.01104002937172166,0.02777201658733631,-0.01673198721561465,2023,7
2023-07-20,0.028283313325330132,-0.006157219700286365,0.015876224798533668,-0.022033444498820033,2023,7
2023-07-21,0.11798319327731092,2.5951284048730815e-05,0.011165425490067849,-0.011139474206019118,2023,7
2023-07-24,0.21571263926238954,0.0059887099220181875,-0.020667201826566117,0.026655911748584303,2023,7
2023-07-25,0.4112845138055222,0.024366556527551465,-0.014051383528289885,0.03841794005584135,2023,7
2023-07-26,0.08907776899972117,0.011181421814405767,-0.007638266301456298,0.018819688115862064,2023,7
2023-07-27,0.12005090161687489,0.015169397233604321,-0.0030078092156078486,0.01817720644921217,2023,7
2023-07-28,0.42219501080622557,0.014116217032711731,-0.027366770790270844,0.04148298782298258,2023,7
2023-07-31,0.31073229291716686,0.014100601359852315,-0.013822817000775622,0.027923418360627936,2023,7
2023-08-01,0.33128451380552215,0.00901456408677761,-0.02548479936279856,0.03449936344957617,2023,7
2023-08-02,0.003793608491093246,0.006634440165796229,0.0016557549764481428,0.004978685189348087,2023,7
2023-08-04,0.211812725090036,0.007914035200320635,-0.0003316493016631172,0.008245684501983753,2023,7
2023-08-07,-0.10756560784871988,-0.0007444171310090231,-0.0009546694745517393,0.00021025234354271616,2023,7
2023-08-08,-0.09579831932773109,-0.00602741272644477,-0.005584127640074999,-0.00044328508636977144,2023,7
2023-08-09,-0.3762395256672859,-0.02260211746312386,0.01174633063839985,-0.03434844810152371,2023,7
2023-08-10,-0.42914765906362545,-0.025119325429990857,0.04603488367723879,-0.07115420910722965,2023,7
2023-08-11,-0.081968787515006,0.009478321001924361,0.013536312405298368,-0.0040579914033740064,2023,7
2023-08-14,0.12691781318936013,0.012665033778576562,0.005258081729620545,0.007406952048956017,2023,7
2023-08-15,0.2983024803376107,0.02121876197683411,0.01581848005498191,0.005400281921852199,2023,7
2023-08-16,-0.26752785278637853,-0.005143552628737724,0.024001326675708,-0.029144879304445724,2023,7
2023-08-17,-0.18530612244897962,-0.013076926944502233,-0.004484295570440877,-0.008592631374061355,2023,7
2023-08-18,-0.06285714285714285,-0.010640190894760726,-0.008262723932227156,-0.00237746696253357,2023,7
2023-08-21,-0.08657863145258103,-0.038380824740232786,-0.014469524235416642,-0.023911300504816144,2023,7
2023-08-22,-0.24764099985528948,-0.03594185643898795,-0.0007209031721906456,-0.035220953266797306,2023,7
2023-08-23,-0.16427370948379352,-0.013384041844748984,0.01286386698647909,-0.026247908831228073,2023,7
2023-08-24,0.13147974745080135,0.01105610219277795,-0.005250054791254033,0.016306156984031983,2023,7
2023-08-25,0.09733727103096214,-0.0019498839042450978,-0.009668822089257012,0.0077189381850119145,2023,7
2023-08-28,0.2571428571428571,-0.0015639149900785853,-0.013479777194528909,0.011915862204450324,2023,7
2023-08-29,0.1725893200153669,0.01084585356273049,-0.0026521001771334985,0.013497953739863988,2023,7
2023-08-30,-0.015126050420168066,0.006887328803531478,0.01059823601447608,-0.0037109072109446023,2023,7
2023-08-31,-0.00902782780158899,0.012067789905042292,0.01957196164683388,-0.007504171741791589,2023,7
2023-09-01,0.07457382953181273,0.007960075538849264,0.010497603036349478,-0.002537527497500214,2023,7
2023-09-04,-0.34703481392557023,-0.005404871681814005,0.03239493232223354,-0.037799804004047546,2023,7
2023-09-05,-0.0480672268907563,0.005444244809015564,-0.01169030650954105,0.017134551318556613,2023,7
2023-09-06,0.1036734693877551,-0.005423229805122687,0.0005327510202946195,-0.005955980825417307,2023,7
2023-09-07,-0.07332709070758718,-0.010938618294268888,0.005326191393870194,-0.016264809688139082,2023,7
2023-09-08,0.12850248509070286,0.00549984647566516,-0.008014313889396728,0.013514160365061888,2023,7
2023-09-11,-0.12442075443572913,0.0010772962872754644,0.013699569341381678,-0.012622273054106214,2023,7
2023-09-12,-0.3257142857142857,0.003706813440975054,0.02886006721995914,-0.025153253778984086,2023,7
2023-09-13,-0.21576066102480684,-0.014590138925816353,0.017963234384174798,-0.032553373309991154,2023,7
2023-09-14,-0.30905904112248267,-0.01783569125019587,0.019152342945566614,-0.036988034195762486,2023,7
2023-09-15,0.035390156062424974,0.009730880570940847,0.014526728864781823,-0.004795848293840976,2023,7
2023-09-18,0.34424969987995196,0.021651832355772404,0.0063647705320498795,0.015287061823722525,2023,7
2023-09-19,0.3239855942376951,0.037453615382382434,0.0014111651498046828,0.03604245023257775,2023,7
2023-09-20,0.1578429254458671,0.045001150887102014,-0.004485774751410177,0.04948692563851219,2023,7
2023-09-21,0.2906602641056423,0.05774981995730473,-0.006604136246216819,0.06435395620352155,2023,7
2023-09-22,0.1824249699879952,0.03980009613692265,-0.016723428187765198,0.056523524324687845,2023,7
2023-09-25,0.3032558589743279,0.022818073012493258,-0.022077645095065324,0.04489571810755858,2023,7
2023-09-26,0.05651860744297719,0.02439861804691127,0.0065052521374103,0.01789336590950097,2023,7
2023-09-27,0.016615044783775484,0.010224060677302615,-0.0015044446762652486,0.011728505353567864,2023,7
2023-09-28,-0.16903166947655981,-0.01154649088210461,0.0015760728722987506,-0.01312256375440336,2023,7
2023-10-02,0.2263145258103241,-0.004418166341957385,-0.0387461826757728,0.034328016333815416,2023,7
2023-10-03,-0.05061467543292819,-0.025325615426945346,-0.014387430207822748,-0.010938185219122598,2023,7
2023-10-04,0.07793517406962785,-0.024952197901295048,-0.06055670312974694,0.03560450522845189,2023,7
2023-10-05,0.043169267707082834,-0.02477583785745365,-0.043642921632031664,0.018867083774578013,2023,7
2023-10-06,0.1343097238895558,-0.006436587499972712,-0.046357105124481005,0.039920517624508295,2023,7
2023-10-11,-0.10108043217286913,-0.008581631751372543,-0.013596532907271208,0.005014901155898664,2023,7
2023-10-12,-0.1417046818727491,-0.02153428557250725,-0.011948578188857795,-0.009585707383649455,2023,7
2023-10-13,0.06746698679471788,-0.016676795195488214,-0.02691385228216662,0.010237057086678405,2023,7
2023-10-16,0.05272635599013145,-0.015331902013380427,-0.009782113871045295,-0.0055497881423351315,2023,7
2023-10-17,-0.002833269307915336,0.0002474067740106278,0.0007665710711382556,-0.0005191642971276278,2023,7
2023-10-18,0.20691476590636257,0.0016852274581005467,-0.014530508072271265,0.01621573553037181,2023,7
2023-10-19,0.011284513805522207,0.016920332313081533,0.016249295339448577,0.0006710369736329554,2023,7
2023-10-20,0.22583433373349338,0.030829802405864214,0.005296884935415835,0.025532917470448377,2023,7
2023-10-23,-0.0552714351044092,0.006956563169706442,0.01999221871556195,-0.013035655545855507,2023,7
2023-10-24,-0.18953181272509,-0.008411125228883409,0.014646024647941647,-0.023057149876825056,2023,7
2023-10-25,-0.05392557022809123,0.006612834667185485,0.009022616102498927,-0.0024097814353134413,2023,7
2023-10-26,-0.035006002400960384,-0.002757019119443804,-0.008137172125851522,0.005380153006407718,2023,7
2023-10-27,-0.025594852224717725,-0.0013122327697999482,0.0024048517643489474,-0.0037170845341488955,2023,7
2023-10-30,-0.11500600240096039,-0.007732691546738946,0.0015174768234008872,-0.009250168370139833,2023,7
2023-10-31,0.04830848281063045,0.0060104593158097465,-0.004257487950410854,0.0102679472662206,2023,7
2023-11-01,-0.0008163461309947492,-0.0038001423117052014,-0.007907529071791907,0.0041073867600867064,2023,7
2023-11-02,0.16495389953710468,0.01789455050391987,-0.0016725454078546532,0.019567095911774524,2023,7
2023-11-03,0.2958534419446265,-0.007645031991126938,-0.018437727122669324,0.010792695131542386,2023,7
2023-11-06,0.004561824729891957,-0.013639961217661357,-0.0028782845327167015,-0.010761676684944654,2023,7
2023-11-07,0.1171188475390156,0.00030055137963775903,-0.00992189731299108,0.010222448692628838,2023,7
2023-11-08,-0.09301320528211285,-0.02040801375873417,-0.01308112018416081,-0.007326893574573359,2023,7
2023-11-09,-0.05450180072028812,-0.014465866426925877,-0.013529015732568516,-0.000936850694357361,2023,7
2023-11-10,-0.09416566626650659,0.0023268240203271227,0.010931274306541372,-0.00860445028621425,2023,7
2023-11-13,0.12672268907563025,0.006470920365839095,-0.0040084718492878315,0.010479392215126927,2023,7
2023-11-14,0.26837935174069627,0.019063143419674345,-0.007649036246101049,0.026712179665775396,2023,7
2023-11-15,0.1811764705882353,0.013859607436145172,0.003927680673057543,0.009931926763087628,2023,7
2023-11-16,0.23985594237695076,0.010242768553519499,-0.008067630646378287,0.018310399199897784,2023,7
2023-11-17,0.055078031212484994,0.005794943465722746,0.0031285029839176358,0.0026664404818051105,2023,7
2023-11-20,0.20600734717455726,0.014047327457422886,-0.0033018248725828147,0.0173491523300057,2023,7
2023-11-21,0.11275180679856889,0.00451413549700963,0.0009989626336382007,0.0035151728633714295,2023,7
2023-11-22,-0.15716686674669866,0.0010179877228554735,0.013009751653820557,-0.011991763930965084,2023,7
2023-11-23,-0.07860744297719087,-0.0005028849392066492,0.007122150443203845,-0.007625035382410494,2023,7
2023-11-24,-0.26007827326279775,-0.005103533628611124,0.021862530432205884,-0.02696606406081701,2023,7
2023-11-27,-0.38871548619447777,-0.003821314241126561,0.03341522993021524,-0.037236544171341805,2023,7
2023-11-28,0.16182861537954735,0.012655371771951241,0.007578732578846836,0.005076639193104405,2023,7
2023-11-29,0.3204321728691476,0.006788118466852522,-0.008914072810151785,0.015702191277004306,2023,7
2023-11-30,0.23092436974789915,0.005332929150652088,-0.004197315459041106,0.009530244609693195,2023,7
2023-12-01,-0.05258103241296518,0.009237583136461901,0.01863060429378873,-0.00939302115732683,2023,7
2023-12-04,-0.05992941008714393,0.002594107811108326,0.0026947099404753374,-0.00010060212936701144,2023,7
2023-12-05,0.10031212484993997,-0.003393897058477846,-0.009327054613878028,0.005933157555400182,2023,7
2023-12-06,-0.09483793517406962,-0.010225497073269418,-0.005590881862675756,-0.004634615210593662,2023,7
2023-12-07,-0.09676102670320115,-0.02221651670691015,-0.00810382831993558,-0.01411268838697457,2023,7
2023-12-08,-0.16000384167497086,-0.022250153931995864,-0.01119584203003724,-0.011054311901958625,2023,7
2023-12-11,0.03856034959934021,-0.014945677312857664,-0.0022469691437669525,-0.012698708169090711,2023,7
2023-12-12,-0.2023049219687875,-0.01714000779489614,0.015095408380238618,-0.03223541617513476,2023,7
2023-12-13,-0.40398559423769503,-0.022404772468325795,0.02787576187037809,-0.050280534338703886,2023,7
2023-12-14,0.013974260484802756,-0.0013956931833171704,0.03312179309107451,-0.03451748627439168,2023,7
2023-12-15,-0.1929891956782713,-0.00938903259887679,0.018393436704363143,-0.027782469303239934,2023,7
2023-12-18,-0.10746956712742639,0.011927406494131177,0.028731438943957945,-0.01680403244982677,2023,7
2023-12-19,-0.17262905162064823,-0.0025371738824704116,0.02704130686495696,-0.029578480747427374,2023,7
2023-12-20,-0.15112007495532206,0.007356370311366323,0.025010476131235214,-0.01765410581986889,2023,7
2023-12-21,0.3040096038415366,0.007927873228303305,-0.029888069789790927,0.03781594301809423,2023,7
2023-12-22,0.2329411764705882,0.00714726986872567,-0.010820441569973726,0.017967711438699397,2023,7
2023-12-25,-0.11279711884753903,0.002628279631679087,0.014401764562589181,-0.011773484930910095,2023,7
2023-12-26,-0.008403764896359045,0.002112037532595601,0.0012173403581001163,0.0008946971744954848,2023,7
2023-12-27,0.25258709700190474,0.01374612146891896,-0.026174200947684502,0.03992032241660346,2023,7
2023-12-28,0.13037214885954382,0.010876037830409913,0.028194444664085806,-0.017318406833675894,2023,7
2023-12-29,0.4071548619447779,0.0047746967839190965,-0.021257917562852568,0.026032614346771663,2023,7
2024-01-02,-0.31438175270108043,-0.023746874267967722,-0.004172137504901941,-0.01957473676306578,2024,7
2024-01-03,-0.13656990567935687,-0.02690425216865768,-0.006679061978148637,-0.020225190190509043,2024,7
2024-01-04,0.03548619447779112,-0.02632684478163102,-0.025600724103890173,-0.0007261206777408463,2024,7
2024-01-05,0.0036974789915966387,-0.005041707381007554,0.0036975152050132574,-0.008739222586020811,2024,7
2024-01-08,-0.050756302521008406,-0.004862428512672601,-0.007351418268112353,0.002488989755439752,2024,7
2024-01-09,0.13248499399759903,-0.01366850858946127,-0.01002815182699245,-0.0036403567624688216,2024,7
2024-01-10,0.027803121248499398,9.5380911106413e-05,0.00696586309015782,-0.006870482179051406,2024,7
2024-01-11,-0.023289315726290515,-0.021309151765278523,-0.024598858264018496,0.003289706498739973,2024,7
2024-01-12,0.02991596638655462,-0.046936835401363154,-0.03284044078995983,-0.014096394611403322,2024,7
2024-01-15,0.016951187308302734,-0.013657245529303474,-0.026926321594985248,0.013269076065681774,2024,7
2024-01-16,-0.12451380552220888,-0.014017499880513406,0.00810077831858944,-0.022118278199102847,2024,7
2024-01-17,0.025498199279711888,4.304518335540575e-05,-0.033194271935962597,0.033237317119318,2024,7
2024-01-18,-0.05291843743271844,-0.0015180451161636577,-0.019011098209162237,0.01749305309299858,2024,7
2024-01-19,-0.23169267707082833,-0.01698311691215797,-0.009924789609979612,-0.007058327302178358,2024,7
2024-01-22,0.026842737094837935,-0.010759017865337683,-0.012917000279297809,0.002157982413960126,2024,7
2024-01-23,0.2535894357743097,-0.004559742858383753,-0.022371197657345444,0.017811454798961693,2024,7
2024-01-24,-0.02401018032337498,-0.0027412865132868227,-0.004788118686809395,0.0020468321735225723,2024,7
2024-01-25,0.07207683073229292,0.037915661351290354,0.015117118609049629,0.022798542742240725,2024,7
2024-01-26,0.33848739495798313,0.05102832102443452,-0.004105597160497887,0.05513391818493241,2024,7
2024-01-29,0.3669235757018164,0.030480876741690244,-0.054103863095934665,0.0845847398376249,2024,7
2024-01-30,0.0331812725090036,0.002510305040114025,-0.033569409366295024,0.03607971440640905,2024,7
2024-01-31,0.11596638655462185,-0.00015606184147696212,-0.018601176866675572,0.01844511502519861,2024,7
2024-02-01,0.12115246098439375,-0.028682039070190367,-0.03257966829581568,0.0038976292256253098,2024,7
2024-02-02,-0.13027611044417767,-0.04114370786278201,-0.012564936452910458,-0.02857877140987155,2024,7
2024-02-05,0.246392470478474,-0.0005708873675344672,0.005783311049791795,-0.006354198417326262,2024,7
2024-02-15,-0.08571634375444866,0.0032488836903255213,0.0050500387152198735,-0.0018011550248943522,2024,7
2024-02-16,-0.028475390156062427,-0.022003832091631502,-0.01845005250142655,-0.003553779590204951,2024,7
2024-02-19,-0.020120048019207682,-0.024739196520894215,-0.024480104791462655,-0.0002590917294315598,2024,7
2024-02-20,-0.14391356542617048,-0.010903368911958245,0.00970269345382061,-0.020606062365778853,2024,7
2024-02-21,-0.2776950780312125,-0.00705304752293433,0.0357383305409439,-0.04279137806387823,2024,7
2024-02-22,0.047924319925456454,0.0007473636257937955,-0.008517495814567377,0.009264859440361173,2024,7
2024-02-23,0.15798698652780735,-0.0039533753438847465,-0.018598831132553804,0.014645455788669059,2024,7
2024-02-26,-0.27010804321728693,0.0010538936779140751,-0.0001455232684235863,0.0011994169463376615,2024,7
2024-02-27,0.007827130852340937,0.006587655856098063,-0.031234958361337883,0.03782261421743595,2024,7
2024-02-29,0.17723889555822328,-0.05514889111603988,-0.10082971527694957,0.0456808241609097,2024,7
2024-03-01,-0.019735894357743092,-0.061648991293415625,-0.059654452942553414,-0.0019945383508622114,2024,7
2024-03-04,-0.1171188475390156,-0.023940690091814966,-0.01870273464332032,-0.005237955448494647,2024,7
2024-03-05,-0.19183673469387755,-0.0354247237634248,-0.021718338355058143,-0.013706385408366658,2024,7
2024-03-06,-0.3471308523409364,-0.051426879425761504,0.0063246175750331975,-0.0577514970007947,2024,7
2024-03-07,-0.44364945978391357,-0.04083053512812812,0.03410090918912785,-0.07493144431725597,2024,7
2024-03-08,-0.20393757503001197,-0.0009601892112878652,0.025735891588077698,-0.026696080799365564,2024,7
2024-03-11,-0.18165666266506603,-0.025776677812793712,-0.0003309374070311399,-0.02544574040576257,2024,7
2024-03-12,-0.41858343337334936,-0.043125024200161476,0.020802493667067747,-0.06392751786722922,2024,7
2024-03-13,0.0658343337334934,0.001330675446676366,-0.011201562325987924,0.01253223777266429,2024,7
2024-03-14,0.36393757503001195,0.007336070631409097,-0.02324890548455146,0.03058497611596056,2024,7
2024-03-15,0.2888355342136854,0.016163049599837963,-0.025449715115040537,0.0416127647148785,2024,7
2024-03-18,-0.09262905162064825,-0.015287993574223457,0.005766127291773682,-0.021054120865997138,2024,7
2024-03-19,0.007058823529411764,-0.022555856850781774,-0.021264417085224863,-0.0012914397655569114,2024,7
2024-03-20,-0.07975990396158462,-0.022432828066760536,-0.017096883331868696,-0.0053359447348918405,2024,7
2024-03-21,-0.0042257917369139955,-0.002672357549494664,-0.003622447153741615,0.000950089604246951,2024,7
2024-03-22,0.15813104760974758,0.0029607778361959713,0.0016691761737226084,0.001291601662473363,2024,7
2024-03-25,-0.25138055222088834,-0.014850522257967203,0.004402307156307639,-0.019252829414274843,2024,7
2024-03-26,-0.09003601440576231,-0.005404412198553654,0.0035654169630641385,-0.008969829161617792,2024,7
2024-03-27,0.2409123649459784,0.02698628814705716,-0.008243607414875398,0.03522989556193255,2024,7
2024-03-28,0.14650660264105642,0.002418537017182321,-0.010564209845212835,0.012982746862395155,2024,7
2024-03-29,0.014357743097238897,-0.02414774595713095,-0.020761372020398506,-0.003386373936732443,2024,7
2024-04-01,0.14420168067226888,-0.01956973970125364,-0.02480047913407738,0.00523073943282374,2024,7
2024-04-02,-0.060840336134453776,-0.016649962632749073,-0.02546657586748341,0.008816613234734337,2024,7
2024-04-03,0.10108043217286913,0.0013098482998935457,-0.024907615771245627,0.026217464071139174,2024,7
2024-04-08,0.012148859543817525,-0.022947725760443127,-0.027603151004895132,0.004655425244452005,2024,7
2024-04-09,-0.060745756218138686,-0.022282582301906707,-0.003245328905077438,-0.019037253396829268,2024,7
2024-04-10,0.2215126050420168,0.0182830653641745,-0.020443401246668446,0.03872646661084295,2024,7
2024-04-11,0.19490996398559424,0.021486644303294722,-0.009031638470310766,0.030518282773605486,2024,7
2024-04-12,0.10194477791116446,0.01335911328102939,0.011666430409308681,0.0016926828717207087,2024,7
2024-04-15,-0.13268025646697013,0.012379736932445606,0.029682088793689897,-0.01730235186124429,2024,7
2024-04-16,-0.1669627851140456,0.011528815614662725,0.03132463015213742,-0.019795814537474695,2024,7
2024-04-17,-0.24312124849939976,0.007906134241146756,0.03656055576631555,-0.02865442152516879,2024,7
2024-04-18,0.008211481670594241,0.008099102606308228,-0.013377202629916296,0.021476305236224524,2024,7
2024-04-19,0.18953181272509,-0.0027528131954130063,-0.004450406969652765,0.0016975937742397585,2024,7
2024-04-22,-0.14496998799519806,-0.016854746186968184,0.019530932346486684,-0.03638567853345487,2024,7
2024-04-23,0.021464585834333732,-0.00010290557077506924,0.0026150457964494666,-0.0027179513672245356,2024,7
2024-04-24,0.06905327861002643,0.002281467267683035,0.005857079739686588,-0.003575612472003553,2024,7
2024-04-25,-0.12835534213685473,0.012173332184052444,0.013286052790325197,-0.0011127206062727536,2024,7
2024-04-26,0.27346938775510204,0.013956531680995444,-0.014152677752875386,0.02810920943387083,2024,7
2024-04-29,0.07591836734693877,-0.009705648479717688,-0.013610306150379647,0.003904657670661959,2024,7
2024-04-30,0.2557022809123649,0.032021431381235296,-0.006505741215586924,0.03852717259682222,2024,7
2024-05-02,0.24600830759329997,0.007902347146697342,-0.016605927981927726,0.02450827512862507,2024,7
2024-05-03,0.22986794717887157,0.03502713689314372,-0.03875598992378595,0.07378312681692967,2024,7
2024-05-06,-0.1142376950780312,0.010053221776834575,0.012643939744233945,-0.00259071796739937,2024,7
2024-05-07,-0.1352701080432173,0.013853155145584106,0.007062883187781477,0.006790271957802629,2024,7
2024-05-08,-0.016566626650660263,0.03016105886306847,-0.01564680185940407,0.04580786072247254,2024,7
2024-05-09,-0.19231692677070825,-0.02354420745942685,0.004718310279047533,-0.02826251773847438,2024,7
2024-05-10,-0.11951980792316927,0.00882513004844121,0.003388086115818112,0.005437043932623098,2024,7
2024-05-13,-0.2567587034813925,-0.013986193766588528,0.018296001725991995,-0.032282195492580525,2024,7
2024-05-14,0.322641056422569,0.01005887065385278,-0.009100368263839897,0.019159238917692677,2024,7
2024-05-15,0.19202881152460982,0.004166519499901866,-0.009502452830787956,0.01366897233068982,2024,7
2024-05-16,-0.16629051620648258,-0.02031689457453003,-0.01165077037925003,-0.00866612419528,2024,7
2024-05-17,0.173781512605042,0.001958757184355564,-0.024153329296882343,0.026112086481237907,2024,7
2024-05-20,0.39246098439375754,0.033905011029309415,-0.041531952140335573,0.07543696316964499,2024,7
2024-05-21,0.12144057623049219,0.016994286917409517,0.0022117749620546357,0.014782511955354882,2024,7
2024-05-22,0.09454981992797118,0.03824489709653052,0.022762936212943008,0.015481960883587512,2024,7
2024-05-23,0.16254501800720286,0.050929332527318925,0.01501360846349764,0.035915724063821285,2024,7
2024-05-24,0.050372148859543824,0.007560715272448648,0.009296928653751202,-0.001736213381302554,2024,7
2024-05-27,0.029243697478991592,-0.005427088474070929,0.0002089354159357071,-0.0056360238900066365,2024,7
2024-05-28,0.25810324129651857,0.013442102119203148,-0.005504886330268799,0.018946988449471947,2024,7
2024-05-29,0.18751500600240098,-0.01459540410939908,-0.030300201059880738,0.01570479695048166,2024,7
2024-05-30,0.07688059739544666,-0.007527899451095721,-0.03905877181446932,0.0315308723633736,2024,7
2024-05-31,0.16062424969987996,-0.005139413837001417,-0.0241836549719878,0.019044241134986387,2024,7
2024-06-03,-0.07313325330132053,-0.03477202038722538,-0.024006824554696927,-0.01076519583252845,2024,7
2024-06-04,0.13085548276239362,-0.045407244212196086,-0.04954406513659613,0.004136820924400042,2024,7
2024-06-05,0.03865546218487395,-0.0302780409015858,-0.020224166049710567,-0.010053874851875234,2024,7
2024-06-06,-0.07812725090036014,-0.014250331628724033,-0.004746640200508257,-0.009503691428215777,2024,7
2024-06-07,-0.00936374549819928,-0.04780580042482284,-0.03879968408300072,-0.00900611634182212,2024,7
2024-06-11,0.08638655462184873,-0.013481566112630562,-0.030790659166994205,0.017309093054363643,2024,7
2024-06-12,0.16388955582232892,-0.005652705018630799,-0.014817990025686945,0.009165285007056146,2024,7
2024-06-13,-0.11846338535414166,-0.01932580299112453,0.0035933290218181256,-0.022919132012942656,2024,7
2024-06-14,-0.059495798319327726,-0.01551833200886824,-0.011384648427617694,-0.004133683581250547,2024,7
2024-06-17,0.04345738295318128,0.018749952572852936,0.013239968846287831,0.0055099837265651045,2024,7
2024-06-18,0.20457164833422592,0.005341115724526802,-0.010843531602111,0.016184647326637804,2024,7
2024-06-19,0.10137098132528916,0.0070304044408463166,-0.0008223924493301005,0.007852796890176417,2024,7
2024-06-20,0.18271308523409363,-0.014015037028618827,-0.0227673580653013,0.008752321036682473,2024,7
2024-06-21,0.2700120048019207,0.005466449549056463,-0.00957737004938194,0.015043819598438403,2024,7
2024-06-24,0.34184873949579836,-0.007601709156318015,-0.05251185180371891,0.0449101426474009,2024,7
2024-06-25,0.07774309723889555,-0.007041349710131095,-0.03375562500024652,0.026714275290115427,2024,7
2024-06-26,-0.03198156019073547,-0.018199387125666343,-0.008320407480867742,-0.009878979644798601,2024,7
2024-06-27,0.011092436974789914,-0.012125380945217479,-0.021922554137372863,0.009797173192155385,2024,7
2024-06-28,-0.21776710684273706,-0.03797051499314208,-0.00438813968710926,-0.03358237530603282,2024,7
2024-07-01,-0.32974789915966385,-0.060189157669614246,-0.03010728900436649,-0.030081868665247757,2024,7
2024-07-02,0.021176470588235297,-0.02144125485279653,-0.027886070205127532,0.006444815352331001,2024,7
2024-07-03,-0.12797118847539016,-0.043658074167955155,-0.030112298197881603,-0.013545775970073552,2024,7
2024-07-04,-0.26530612244897955,-0.0525993979666032,-0.014212079856312242,-0.03838731811029096,2024,7
2024-07-05,-0.1570708283313325,-0.018745134298369957,-0.0114017537785023,-0.007343380519867658,2024,7
2024-07-08,-0.283937575030012,-0.030822251442161663,-0.011179539405549287,-0.019642712036612376,2024,7
2024-07-09,-0.023673469387755098,-0.024030898460031168,-0.031022064159403773,0.0069911656993726055,2024,7
2024-07-10,0.049411764705882356,0.045413763765483985,0.03173754332741606,0.013676220438067925,2024,7
2024-07-11,0.07860744297719087,0.03074796109679806,0.01087629470930156,0.0198716663874965,2024,7
2024-07-12,-0.38804321728691477,-0.00990915931812979,0.034274086948172834,-0.04418324626630263,2024,7
2024-07-15,-0.6332292917166866,-0.010698136066405396,0.06226623200403762,-0.07296436807044301,2024,7
2024-07-16,-0.42876350540216085,-0.008459536242385069,0.03997116845069378,-0.04843070469307885,2024,7
2024-07-17,-0.20566626650660264,4.1259637945978425e-05,0.026728680434253693,-0.026687420796307714,2024,7
2024-07-18,-0.2198799519807923,0.000683575042784057,0.03699113270369383,-0.03630755766090977,2024,7
2024-07-19,0.040480192076830734,0.02833860261599084,0.009100465268126124,0.019238137347864715,2024,7
2024-07-22,-0.029243697478991592,-0.004846523066125885,0.007628750677193363,-0.012475273743319248,2024,7
2024-07-23,0.03606242496998799,0.010999881717443094,0.014221610694592546,-0.0032217289771494517,2024,7
2024-07-26,0.00475390156062425,0.02808132690952737,0.01976780657137327,0.0083135203381541,2024,7
2024-07-29,0.045954381752701084,0.010138016810845307,0.004615975379528114,0.005522041431317193,2024,7
2024-07-30,0.13699879951980792,0.014128460740794246,-0.012544050444452826,0.02667251118524707,2024,7
2024-07-31,-0.0033133253301320525,0.014806605574545773,0.0163671145987082,-0.0015605090241624271,2024,7
2024-08-01,-0.05027852483707383,-0.002840569423152972,-0.011714231687632382,0.00887366226447941,2024,7
2024-08-02,0.3477070828331333,-0.02323720319704491,-0.05891701575295215,0.03567981255590724,2024,7
2024-08-05,0.6436014405762305,0.014543448614346154,-0.039278870893047546,0.053822319507393704,2024,7
2024-08-06,0.7069077290808059,0.04183832250577357,-0.029286620484888816,0.07112494299066238,2024,7
2024-08-07,0.6180700618843186,0.0430355336074479,-0.022555592685744964,0.06559112629319286,2024,7
2024-08-08,0.22641600044942603,0.008979998553446033,-0.021977736429392568,0.030957734982838603,2024,7
2024-08-09,0.5419097698985732,0.028423578140313953,-0.03404632110956175,0.062469899249875706,2024,7
2024-08-12,0.3350300120048019,-0.003869839767203154,-0.030393476084393613,0.026523636317190458,2024,7
2024-08-13,0.1793517406962785,-0.0009296271107142928,-0.010046056815311278,0.009116429704596985,2024,7
2024-08-14,-0.0989219429323049,-0.010988436508319733,-0.008257685223975075,-0.002730751284344657,2024,7
2024-08-15,-0.34376950780312115,-0.011076747984203661,0.019970845116058844,-0.031047593100262505,2024,7
2024-08-16,0.04192076830732293,0.023447439084727784,0.010537607476465805,0.012909831608261979,2024,7
2024-08-19,0.12542918200931086,0.030496778596745565,0.013990832273084142,0.016505946323661425,2024,7
2024-08-20,0.21162572937022706,0.01765339904260179,0.0119398159673898,0.005713583075211991,2024,7
2024-08-21,0.02396158463385354,0.007526241708803216,-0.00257288366127465,0.010099125370077866,2024,7
2024-08-22,-0.05901560624249699,-0.00031357080699732085,-0.009170041474196011,0.00885647066719869,2024,7
2024-08-23,-0.1407442977190876,0.005867828859332891,0.0070936678449011305,-0.0012258389855682398,2024,7
2024-08-26,-0.06717887154861946,-0.02293988821379748,-0.011584687500425007,-0.011355200713372472,2024,7
2024-08-27,-0.22957983193277312,-0.015561393202008455,0.012090866183513049,-0.027652259385521502,2024,7
2024-08-28,-0.27654261704681876,-0.02097395517973356,0.014649308677714357,-0.03562326385744792,2024,7
2024-08-29,0.12345738295318126,-0.02703791533852029,-0.02182943447133523,-0.005208480867185061,2024,7
2024-08-30,0.02040816326530612,-0.01883129757069525,0.00044333056099153944,-0.01927462813168679,2024,7
2024-09-02,-0.516218876952562,-0.01502082675604315,0.029692490974658158,-0.04471331773070131,2024,7
2024-09-03,-0.26549819927971186,-0.030669411950243308,0.00592815485579683,-0.036597566806040135,2024,7
2024-09-04,0.07783913565426169,-0.008180142180954897,-0.010581346161707061,0.0024012039807521646,2024,7
2024-09-05,0.09454981992797118,-0.02392088231735786,-0.04129973998675183,0.01737885766939397,2024,7
2024-09-06,-0.13334933973589436,-0.02077175171351766,-0.0099458707806804,-0.01082588093283726,2024,7
2024-09-09,-0.37777617720798184,-0.02045353372330101,0.00394914248191075,-0.02440267620521176,2024,7
2024-09-10,-0.3095798319327731,-0.017475267949739703,0.002587434085304363,-0.020062702035044067,2024,7
2024-09-11,-0.09704681872749099,-0.027585711290612592,-0.025120137502649333,-0.0024655737879632593,2024,7
2024-09-12,0.10156306276787615,-0.0029554864199933585,-0.0006890055192813382,-0.00226648090071202,2024,7
2024-09-13,-0.17849168052396955,-0.010545418916961447,0.007309540879117971,-0.017854959796079418,2024,7
2024-09-16,-0.08725090036014405,-0.012084570404883177,-0.020105179877095793,0.008020609472212616,2024,7
2024-09-18,-0.15616221282323087,-0.015261609649980579,0.008568314705511403,-0.023829924355491982,2024,7
2024-09-19,-0.040384153661464584,-0.003262256260716745,-0.006809619717141025,0.00354736345642428,2024,7
2024-09-20,-0.15390156062424967,-0.00636598333814351,0.02429874203066479,-0.0306647253688083,2024,7
2024-09-23,-0.1777713751142683,-0.00018750753052075851,0.013044724781620054,-0.013232232312140813,2024,7
2024-09-24,-0.022328931572629048,0.002781154320090018,-0.010076122866876536,0.012857277186966554,2024,7
2024-09-25,-0.1836734693877551,-0.005565320614694979,0.037582268001847885,-0.043147588616542866,2024,7
2024-09-26,-0.10607442977190876,-0.020554101460792208,-0.00229330078172163,-0.018260800679070578,2024,7
2024-09-27,0.157358943577431,-0.024454419931245495,-0.04542311740058928,0.020968697469343787,2024,7
2024-09-30,0.3045858343337335,-0.0403835411581288,-0.06622147586854783,0.025837934710419036,2024,7
2024-10-01,0.07025210084033613,-0.05544550323418115,-0.07174497139242839,0.01629946815824724,2024,7
2024-10-04,0.15409363745498197,-0.037075272179423115,-0.05378032523355771,0.016705053054134597,2024,7
2024-10-07,-0.3283073229291717,-0.03334661728147196,-0.015078776847597208,-0.01826784043387475,2024,7
2024-10-08,-0.2932533013205282,-0.0261853436772277,0.005404773262111029,-0.03159011693933873,2024,7
2024-10-09,-0.23380552220888354,-0.033129919380997255,-0.01841079407784323,-0.014719125303154026,2024,7
2024-10-11,-0.3085234093637455,-0.020310352022779345,0.010320992682326214,-0.03063134470510556,2024,7
2024-10-14,-0.07620648259303721,-0.01291302430301131,0.008282060802409086,-0.021195085105420397,2024,7
2024-10-15,-0.07707082833133252,-0.006850468484557082,-0.0028062480029217183,-0.004044220481635364,2024,7
2024-10-16,-0.15006002400960383,-0.010658242337646128,0.021726369325134533,-0.03238461166278066,2024,7
2024-10-17,-0.3236014405762305,0.004321277234243992,0.031827289467001606,-0.027506012232757615,2024,7
2024-10-18,0.08417767106842736,0.008133532147744548,0.0027725017936405362,0.005361030354104012,2024,7
2024-10-21,-0.011860744297719087,0.008779780398919657,0.016874705657215418,-0.00809492525829576,2024,7
2024-10-22,0.09474644651723656,0.0038997785108916493,0.0014966853569891247,0.0024030931539025246,2024,7
2024-10-23,-0.12182472989195677,0.0031606018836865092,0.012452080787507425,-0.009291478903820916,2024,7
2024-10-24,-0.28547418967587035,0.005331898862036499,0.011728519322712594,-0.006396620460676095,2024,7
2024-10-25,-0.08705882352941177,0.005793063932964004,0.008919316513047105,-0.003126252580083101,2024,7
2024-10-28,0.19270108043217285,0.013452799419715533,-0.0021866396306375767,0.01563943905035311,2024,7
2024-10-29,0.5605282112845137,0.031372225319770464,-0.023758761885097558,0.05513098720486802,2024,7
2024-10-30,0.43356542617046817,0.024560164795468697,-0.01285878068470323,0.037418945480171925,2024,7
2024-11-01,0.3910204081632653,0.01061833764830884,-0.02807882990244337,0.03869716755075221,2024,7
2024-11-04,0.1904921968787515,0.008057855773782253,-0.011552892638681821,0.019610748412464074,2024,7
2024-11-05,0.32158463385354136,0.010257577749560454,-0.020607539679026666,0.03086511742858712,2024,7
2024-11-06,0.12672268907563025,0.017806488495115413,0.008967552088962083,0.00883893640615333,2024,7
2024-11-07,0.48298878738501105,0.04767394608881189,-0.029067070878273003,0.0767410169670849,2024,7
2024-11-08,-0.07831932773109243,0.004738036041306326,0.002014963885605614,0.002723072155700712,2024,7
2024-11-11,-0.2215126050420168,0.0017144320897925836,0.01678370480712573,-0.015069272717333148,2024,7
2024-11-12,-0.17819927971188473,0.004944197769466241,0.024338179640428625,-0.019393981870962383,2024,7
2024-11-13,0.040384153661464584,0.020758860411329284,0.0013258725524078695,0.019432987858921415,2024,7
2024-11-14,-0.0021608643457382954,0.014993729538098976,0.005297177708822831,0.009696551829276145,2024,7
2024-11-15,0.1392143681973993,0.010687541524705557,-0.00679744518009503,0.017484986704800587,2024,7
2024-11-18,0.241398352971212,0.01964296698391993,0.0006770090994397182,0.01896595788448021,2024,7
2024-11-19,-0.015702280912364946,0.004375808407330928,0.017692447971452308,-0.01331663956412138,2024,7
2024-11-20,0.07995198079231693,0.006864190688915172,0.008372745843721108,-0.0015085551548059354,2024,7
2024-11-21,0.1960191121600333,0.011112096450070474,-0.010753690431628915,0.02186578688169939,2024,7
2024-11-22,0.17166866746698678,0.009626423604804868,0.002184413053828138,0.00744201055097673,2024,7
2024-11-25,0.36134453781512604,-0.0064261382371924025,-0.03581326247416442,0.02938712423697202,2024,7
2024-11-26,0.018967587034813924,-0.006770490024779552,-0.02248243385130544,0.01571194382652589,2024,7
2024-11-27,0.37210084033613444,-0.01423568632849559,-0.04347971282126016,0.02924402649276457,2024,7
2024-11-28,0.28211284513805523,0.006093754355839009,-0.04285399791620109,0.0489477522720401,2024,7
2024-11-29,0.4134933973589435,0.026902442264178816,-0.03095011029130217,0.05785255255548098,2024,7
2024-12-02,-0.07735894357743096,0.0026452109660291324,0.017225780816964586,-0.014580569850935454,2024,7
2024-12-03,0.035006842911480714,0.001573003543364726,0.02985061073598807,-0.028277607192623344,2024,7
2024-12-04,0.060168067226890755,-0.0025843811993381373,0.0073583224674383056,-0.009942703666776444,2024,7
2024-12-05,-0.037310924369747894,-0.013179037196169885,-0.0012794618478354724,-0.011899575348334412,2024,7
2024-12-06,-0.14448979591836733,-0.036175382247820395,-0.005709468000541662,-0.030465914247278732,2024,7
2024-12-09,-0.01282112845138055,-0.04541121035041247,-0.032398946208176724,-0.013012264142235747,2024,7
2024-12-10,-0.05162064825930372,-0.01051336911486489,-0.021591142870420042,0.011077773755555152,2024,7
2024-12-11,-0.11577430972388955,-0.01792025363102171,-0.003960783818956315,-0.013959469812065396,2024,7
2024-12-12,0.12696583355000687,-0.005243904232542085,-0.018567823537750393,0.013323919305208308,2024,7
2024-12-13,0.03423769507803121,0.014616003148305624,-0.002196180057548214,0.01681218320585384,2024,7
2024-12-16,0.502328931572629,0.02282069643708773,-0.01467719863737188,0.03749789507445961,2024,7
2024-12-17,-0.06660264105642257,0.0009308484270329931,0.0028931548545526485,-0.0019623064275196556,2024,7
2024-12-18,0.05171668667466986,0.0020773059490241776,-0.011854373750921387,0.013931679699945566,2024,7
2024-12-19,0.13863145258103243,-0.0019313696555632864,-0.015155745618676908,0.013224375963113622,2024,7
2024-12-20,0.418391356542617,0.001101587813763638,-0.01667403879200232,0.017775626605765957,2024,7
2024-12-23,0.12451380552220888,-0.0068326096519078505,-0.014283595269991456,0.007450985618083605,2024,7
2024-12-24,0.23476590636254502,-0.005665815005200514,-0.010193161726248068,0.004527346721047554,2024,7
2024-12-25,0.06689236238092268,-0.0004980096113319843,-0.0003014809457725809,-0.0001965286655594034,2024,7
2024-12-26,-0.026170468187274906,-0.01837295217603837,-0.012088940972984897,-0.006284011203053472,2024,7
2024-12-27,0.12835534213685473,-0.0266427066803141,-0.028533090656952663,0.0018903839766385641,2024,7
2024-12-30,0.0969050877851414,-0.00980071390662537,-0.015311172923270134,0.005510459016644764,2024,7
2024-12-31,0.23870348139255704,0.012569351120553972,-0.011889054762711548,0.02445840588326552,2024,7
2025-01-02,0.37546218487394956,-0.0012400037496100302,-0.04477067503082033,0.0435306712812103,2025,7
2025-01-03,0.26424969987995195,-0.016651119225251053,-0.04861782065328622,0.03196670142803517,2025,7
2025-01-06,0.1896278511404562,0.01071896158514255,-0.019561522530816933,0.03028048411595948,2025,7
2025-01-07,0.6137334933973589,0.028441733512774292,-0.03232005634868507,0.06076178986145936,2025,7
2025-01-08,0.27827130852340937,0.01761913665627146,-0.017838335386913852,0.03545747204318531,2025,7
2025-01-09,-0.29584633853541414,-0.015646061852381165,0.018107242125972776,-0.03375330397835394,2025,7
2025-01-10,-0.055654261704681865,0.04490863670318088,0.014868080124699978,0.030040556578480905,2025,7
2025-01-13,0.048643457382953184,0.010195013532453768,0.004367973850668672,0.005827039681785096,2025,7
2025-01-14,-0.13392557022809123,-0.012591454334512187,-0.01963190313649197,0.007040448801979782,2025,7
2025-01-15,-0.3127490996398559,-0.019854519269882374,0.023732835691757603,-0.04358735496163998,2025,7
2025-01-16,0.13757503001200477,0.010790910807905096,0.006545434139626804,0.004245476668278292,2025,7
2025-01-17,0.42136854741896757,0.01908948109142424,-0.017856872167100614,0.036946353258524856,2025,7
2025-01-20,0.3757203227045717,0.009314101560719278,-0.05445177350716466,0.06376587506788393,2025,7
2025-01-21,0.0030252100840336134,-0.002895216187645866,-0.004721891809076384,0.001826675621430518,2025,7
2025-01-22,-0.18540216086434572,-0.022513243879766342,-0.012835075193527234,-0.009678168686239108,2025,7
2025-02-03,0.18549819927971187,0.00038241431329419926,-0.017844459956955994,0.018226874270250194,2025,7
2025-02-04,0.10876611686488864,0.024800575667386793,0.002846124892495494,0.0219544507748913,2025,7
2025-02-05,-0.03529411764705882,0.016357763148702176,0.01481958508100234,0.0015381780676998365,2025,7
2025-02-06,-0.023865546218487393,0.03671572099563952,0.02587084654853794,0.010844874447101582,2025,7
2025-02-07,-0.06862109536420569,0.06347368552322777,0.054386109043518704,0.009087576479709064,2025,7
2025-02-10,-0.3278271308523409,0.0275679210500517,0.0379205896774516,-0.010352668627399898,2025,7
2025-02-11,-0.052534274547544446,0.046665747219662226,0.015637482686587257,0.03102826453307497,2025,7
2025-02-12,-0.44624249699879953,0.015054330585003028,0.06155735872168514,-0.04650302813668211,2025,7
2025-02-13,-0.4403841536614646,-0.004130844012948887,0.011556231612219992,-0.015687075625168877,2025,7
2025-02-14,-0.3151500600240096,-0.004582820708180757,0.006202437290211371,-0.010785257998392129,2025,7
2025-02-17,-0.21776710684273706,0.013903237514167865,0.044276750680117896,-0.03037351316595003,2025,7
2025-02-18,0.09445378151260504,0.020777311246781026,0.005765095510188533,0.015012215736592492,2025,7
2025-02-19,0.015222088835534215,0.013252142986730909,0.013902362505200504,-0.0006502195184695959,2025,7
2025-02-20,0.15207683073229292,0.020032740520836968,0.025778088384813314,-0.005745347863976347,2025,7
2025-02-21,0.4902280912364946,0.050217331452696745,0.007196876865267721,0.04302045458742902,2025,7
2025-02-24,0.34012004801920764,0.034205842724301674,0.011221950467678344,0.022983892256623333,2025,7
2025-02-25,0.2385114045618247,0.0264346103444436,0.010573974778131611,0.01586063556631199,2025,7
2025-02-26,0.2460984393757503,0.03967855527418814,0.02589740411571454,0.0137811511584736,2025,7
2025-02-27,-0.18837935174069628,0.012307195511636771,0.019455990387274323,-0.007148794875637552,2025,7
2025-03-03,-0.027418967587034812,0.015785213980213507,0.0184747575248564,-0.0026895435446428924,2025,7
2025-03-04,0.24225690276110443,0.026252578583108775,0.010627254933410313,0.01562532364969846,2025,7
2025-03-05,0.29603841536614645,0.03170660262177294,0.008067496541635199,0.02363910608013774,2025,7
2025-03-06,0.14036014405762304,0.0343107814463568,0.010426797160185141,0.023883984286171656,2025,7
2025-03-07,0.001152488655521999,0.007173094145371051,0.01651722106506336,-0.00934412691969231,2025,7
2025-03-10,-0.07486194477791117,0.01083825733279874,0.02239093624506048,-0.011552678912261739,2025,7
2025-03-11,-0.17412182770511533,0.014864692681928759,0.03151510591854682,-0.016650413236618058,2025,7
2025-03-12,0.2807683073229292,0.031217497113817595,0.004608858074972133,0.02660863903884546,2025,7
2025-03-13,0.25205282112845134,0.0025264733331377244,-0.01447555420923785,0.017002027542375574,2025,7
2025-03-14,0.4941656662665066,0.00485382926012159,-0.021428060956987717,0.026281890217109305,2025,7
2025-03-17,0.30881152460984396,0.0013116200370113184,-0.0233284160426681,0.024640036079679416,2025,7
2025-03-18,0.1632172869147659,-0.015318983798601226,-0.023654031329667168,0.008335047531065941,2025,7
2025-03-19,0.18136854741896757,-0.004152219341302799,-0.018998435018626258,0.014846215677323459,2025,7
2025-03-20,0.5595678271308523,0.022476666329937778,-0.009039064831012123,0.0315157311609499,2025,7
2025-03-21,0.23822328931572626,0.018825603805316348,0.000557005658821963,0.018268598146494387,2025,7
2025-03-24,-0.0887875150060024,-0.008567721187982236,0.010724516477647517,-0.019292237665629753,2025,7
2025-03-25,0.4230012004801921,0.022142060487960146,-0.007069497022123816,0.02921155751008396,2025,7
2025-03-26,0.3697087566193279,0.01485993258931959,-0.0019571710710438615,0.01681710366036345,2025,7
2025-03-27,0.20364945978391355,0.02720716259395861,0.014484617714983928,0.012722544878974684,2025,7
2025-03-28,0.20710684273709484,0.01938919571296427,-0.03590778407045945,0.05529697978342372,2025,7
2025-03-31,-0.1807923169267707,0.005336716335120828,0.02013148860566174,-0.01479477227054091,2025,7
2025-04-01,0.31937575030012,0.06350153644592402,-0.024290977485432796,0.08779251393135681,2025,7
2025-04-02,0.45133253301320525,0.0046323420021043725,-0.0625839007805375,0.06721624278264186,2025,7
2025-04-07,0.3471308523409364,0.028908881639163497,-0.04774879838376885,0.07665768002293236,2025,7
2025-04-08,0.8282551804351432,0.1083508440811927,-0.05941132473817634,0.16776216881936903,2025,7
2025-04-09,0.7283073229291717,0.09389527608192272,-0.02100383243367433,0.11489910851559705,2025,7
2025-04-10,0.7399937575664167,0.12190446210183122,-0.030761139788008263,0.15266560188983946,2025,7
2025-04-11,0.22929722208823103,0.04793990416894635,0.032171146528644445,0.015768757640301903,2025,7
2025-04-14,0.02424969987995198,0.010353870149491805,0.012047669546884621,-0.0016937993973928159,2025,7
2025-04-15,0.09215107208111316,0.030963620357720566,0.009006672079272204,0.021956948278448362,2025,7
2025-04-16,0.2896038415366146,0.012056723897252718,-0.018144444995473075,0.030201168892725793,2025,7
2025-04-17,0.35337334933973585,0.023596473567548702,-0.028774478619842492,0.0523709521873912,2025,7
2025-04-18,0.43270108043217287,0.027094415175424613,-0.029773183972296512,0.056867599147721125,2025,7
2025-04-21,0.6921968787515005,0.0290017603648687,-0.06848202465947345,0.09748378502434216,2025,7
2025-04-22,0.5815606242496999,0.03409873804988332,-0.056346087380536335,0.09044482543041965,2025,7
2025-04-23,0.4397118847539015,0.02086975169223674,-0.03667700252170549,0.05754675421394223,2025,7
2025-04-24,0.2049939975990396,-0.022483746981496543,-0.049770228036177235,0.027286481054680692,2025,7
2025-04-25,0.1896278511404562,0.010739382051567815,-0.0096527310050466,0.020392113056614414,2025,7
2025-04-28,0.0019687875150060023,0.02317566660450987,0.012928613217801454,0.010247053386708416,2025,7
2025-04-29,-0.11375750300120048,-0.002708927679157236,0.021614841571442646,-0.024323769250599883,2025,7
2025-04-30,0.2876830732292917,0.026143663309437803,-0.00022594610128271465,0.02636960941072052,2025,7
2025-05-02,0.06914931933131993,0.012786504899217354,0.014887651922293488,-0.002101147023076134,2025,7
2025-05-05,0.32801920768307324,0.009786909387462895,-0.026489193143511856,0.036276102530974755,2025,7
2025-05-06,0.30804321728691475,-0.011937398306908476,-0.05336609799638797,0.0414286996894795,2025,7
2025-05-07,0.38853273799285387,0.025522126324728212,-0.043262528074028236,0.06878465439875645,2025,7
2025-05-08,0.1897238895558223,0.011025701102101904,-0.011744630145816014,0.02277033124791792,2025,7
2025-05-09,0.052965186074429765,0.01762984666006042,0.01645427527347578,0.0011755713865846396,2025,7
2025-05-12,0.16370140944477057,0.007061486510556625,-0.015004958593686635,0.02206644510424326,2025,7
2025-05-13,0.11313596968374288,0.006909431350239481,0.01392516925168783,-0.0070157379014483484,2025,7
2025-05-14,0.35040457163933436,0.011273727468171058,-0.009372528978288663,0.02064625644645972,2025,7
2025-05-15,-0.031260504201680674,-0.013525353063677848,0.00041607714354588985,-0.013941430207223738,2025,7
2025-05-16,-0.0830252100840336,0.0009140622333996928,0.02974251946732246,-0.02882845723392277,2025,7
2025-05-19,0.0036975677697997466,0.0038489884681081497,0.004928455578143009,-0.0010794671100348594,2025,7
2025-05-20,0.19971667992983308,0.01259989803303857,-0.006852606447863363,0.019452504480901932,2025,7
2025-05-21,-0.16869147659063624,0.00046293903493418445,0.006315753980251715,-0.0058528149453175304,2025,7
2025-05-22,-0.10290516206482593,-0.007215479001691094,0.00029029197891642375,-0.007505770980607517,2025,7
2025-05-23,0.042881152460984395,0.012380624234415638,-0.012787060190050336,0.025167684424465972,2025,7
2025-05-26,-0.13829863866263986,-0.002429438669026418,-0.0036286780495741857,0.0011992393805477677,2025,7
2025-05-27,-0.041056422569027605,-0.015656026388408194,-0.004346501659041879,-0.011309524729366315,2025,7
2025-05-28,0.005714285714285714,-0.025711471937257934,-0.01604949709454929,-0.009661974842708643,2025,7
2025-05-29,0.011860744297719087,-0.01744734830944008,0.0038971315740166544,-0.021344479883456734,2025,7
2025-06-02,-0.03884753901560624,-0.03806798343377467,-0.019322017002369695,-0.018745966431404974,2025,7
2025-06-03,-0.13195995105726888,-0.05651119590587165,-0.033378794978726214,-0.023132400927145434,2025,7
2025-06-04,0.05027611044417767,-0.016482288490769083,-0.019791626907746773,0.0033093384169776904,2025,7
2025-06-05,-0.18108477999889408,-0.032866756208397095,-0.015039836314009746,-0.01782691989438735,2025,7
2025-06-06,0.3122689075630252,-0.00515092907289495,-0.02461593622377083,0.01946500715087588,2025,7
2025-06-09,0.03788715486194477,0.0006217939738176637,0.0032062294491204566,-0.002584435475302793,2025,7
2025-06-10,0.17349339735894356,-0.0005048961027858456,-0.019239650963034094,0.018734754860248247,2025,7
2025-06-11,0.23716686674669865,0.009571586797012954,-0.020750510288919367,0.030322097085932323,2025,7
2025-06-12,0.11481392557022808,0.010877556866702809,-0.008983355449734364,0.019860912316437173,2025,7
2025-06-13,-0.10981992797118847,-0.015129458561152952,-0.01602224573173473,0.0008927871705817769,2025,7
2025-06-16,0.09551020408163265,-0.001618879261628392,-0.019298593002019394,0.017679713740391,2025,7
2025-06-17,0.01013205282112845,-0.0024607123160855114,-0.01173986610724056,0.00927915379115505,2025,7
2025-06-18,0.2179591836734694,-0.0077000331405669194,-0.02312947085331496,0.01542943771274804,2025,7
2025-06-19,0.26780312124849937,-0.009889207155898406,-0.034959841326169014,0.025070634170270608,2025,7
2025-06-20,-0.07351740696278511,0.003775991604150619,0.004907781437119762,-0.0011317898329691431,2025,7
2025-06-23,-0.06064825930372149,-0.0040448523250491645,-0.013102258484790685,0.00905740615974152,2025,7
2025-06-24,-0.2566626650660264,-0.01804414564482746,0.00202729352556128,-0.02007143917038874,2025,7
2025-06-25,-0.2967106842737095,-0.029271288789982575,-0.011174907395451883,-0.018096381394530694,2025,7
2025-06-26,-0.41262905162064817,-0.027968224469612845,0.010969850437302387,-0.038938074906915233,2025,7
2025-06-27,-0.23217286914765903,-0.02498266113098052,-0.001102966111216286,-0.023879695019764235,2025,7
2025-06-30,0.28489795918367344,0.003879274602437277,-0.017375311358032906,0.021254585960470182,2025,7
2025-07-01,0.18789915966386553,0.0033923375701940817,-0.011659201649287177,0.015051539219481259,2025,7
2025-07-02,-0.01042016806722689,-0.011900747355424336,-0.0009912684256143112,-0.010909478929810024,2025,7
2025-07-03,0.4607442977190876,0.004322832702139656,-0.036119723447136744,0.0404425561492764,2025,7
2025-07-04,0.12144057623049219,-0.022136466383462883,-0.023578671965161523,0.0014422055816986391,2025,7
2025-07-07,0.16312124849939974,-0.0068556849492897864,-0.01433361448301701,0.007477929533727223,2025,7
2025-07-08,-0.19692677070828332,-0.03146874686598102,0.005507205415617766,-0.036975952281598785,2025,7
2025-07-09,-0.10213685474189677,-0.019349900499767612,-0.011153557817067283,-0.008196342682700329,2025,7
2025-07-10,0.033373349339735896,-0.030138453673918476,-0.03152378544056318,0.0013853317666447061,2025,7
2025-07-11,0.1736854741896759,0.007895743583405168,-0.02639732826791318,0.034293071851318344,2025,7
2025-07-14,0.12912674977911062,-0.010239119164882116,-0.015506054794115398,0.005266935629233282,2025,7
2025-07-15,0.05997599039615846,0.0043138895048724256,0.012600132551056364,-0.008286243046183937,2025,7
2025-07-16,0.13037527915592612,0.0009164786879870435,0.00675731246829806,-0.0058408337803110165,2025,7
2025-07-17,-0.31803121248499394,-0.009361597660600175,0.0300399939703187,-0.03940159163091887,2025,7
2025-07-18,-0.12547418967587035,-0.00024643195381494063,0.01845767139565895,-0.01870410334947389,2025,7
2025-07-21,-0.36946865481609414,-0.007203020971547647,0.04310174775033583,-0.050304768721883476,2025,7
2025-07-22,0.32974789915966385,0.031654654641536516,0.017733435000769505,0.013921219640767011,2025,7
2025-07-23,-0.058343337334933965,0.004716855294124278,0.03031231550412915,-0.025595460210004875,2025,7
2025-07-24,0.04979591836734694,0.0006241661902264162,0.004349526122456126,-0.0037253599322297102,2025,7
2025-07-25,0.03135654261704682,-0.00027929382808949965,0.014942008305298394,-0.015221302133387894,2025,7
2025-07-28,-0.1074189675870348,0.01108432912975892,0.017669578975930744,-0.006585249846171825,2025,7
2025-07-29,-0.1063625450180072,-0.016222591236791463,0.019536194044998578,-0.03575878528179004,2025,7
2025-07-30,0.09503001200480192,-0.021306167534732155,-0.04772952804131055,0.026423360506578397,2025,7
2025-07-31,-0.35596638655462187,-0.022077033606274665,0.030525879043784197,-0.05260291265005886,2025,7
2025-08-04,-0.11164465786314526,-0.01713543225825497,-0.012175753827544322,-0.004959678430710646,2025,7
2025-08-05,-0.025018007202881155,0.0017651746351156738,0.01773808677371741,-0.015972912138601737,2025,7
2025-08-06,-0.006386554621848738,-0.002969995374448997,-0.020839248274870315,0.01786925290042132,2025,7
2025-08-07,-0.030684273709483793,0.013615370042166619,0.035760457049179836,-0.022145087007013217,2025,7
2025-08-08,0.05584633853541416,0.024952982026962188,-0.005845734136479985,0.030798716163442173,2025,7
2025-08-11,-0.07015606242496998,0.01189424892939368,0.004035332334016162,0.007858916595377519,2025,7
2025-08-12,0.1917933204231193,0.008615235632629259,-0.022933275199529944,0.031548510832159204,2025,7
2025-08-13,0.2388955582232893,0.014122741574136743,-0.0003617043953309973,0.01448444596946774,2025,7
2025-08-14,0.20230977940475753,0.010547142877642001,0.006192629786225789,0.004354513091416212,2025,7
2025-08-15,-0.07246272421594568,0.0060598864793777515,0.015748308509391316,-0.009688422030013565,2025,7
2025-08-18,0.20297719087635052,0.008363703809923396,-0.004653640778566115,0.01301734458848951,2025,7
2025-08-19,0.07543817527010806,0.0068172937933363206,-0.00997213179544173,0.01678942558877805,2025,7
2025-08-20,0.14756302521008402,0.002202402008138926,-0.011941249136465725,0.014143651144604651,2025,7
2025-08-21,-0.09157262905162064,-0.017683950773255297,-0.00971072420255351,-0.007973226570701786,2025,7
2025-08-22,-0.2211284513805522,-0.006504086090048178,0.008213299171275723,-0.014717385261323901,2025,7
2025-08-25,0.14593037214885954,-0.006749407775866823,0.0032743631738842206,-0.010023770949751043,2025,7
2025-08-26,0.4042737094837935,0.03290028421032576,0.008971776193143289,0.023928508017182472,2025,7
2025-08-27,0.16897959183673472,-0.022070509537421002,-0.024914764310646244,0.0028442547732252417,2025,7
2025-08-28,-0.008403361344537815,-0.022001763537507758,-0.021530903225983545,-0.0004708603115242127,2025,7
2025-08-29,0.10271308523409363,-0.020692350608936448,-0.01789061606805733,-0.0028017345408791194,2025,7
2025-09-01,0.11212484993997598,-0.00834437924638456,-0.008582364615639515,0.00023798536925495606,2025,7
2025-09-02,0.22909963985594234,-0.0026929342082028683,-0.038796086139779015,0.03610315193157615,2025,7
2025-09-03,-0.06055222088835534,-0.02577585570562868,-0.032652157377266275,0.006876301671637594,2025,7
2025-09-04,0.1251860744297719,-0.03210156974246806,-0.0477819708852429,0.015680401142774837,2025,7
2025-09-05,-0.16225690276110444,-0.03233515006537445,-0.021967804783655575,-0.010367345281718874,2025,7
2025-09-08,0.02885954381752701,-0.03641610970130332,-0.041271963227596284,0.004855853526292961,2025,7
2025-09-09,-0.1832893157262905,-0.04775034100012128,0.005195886492263024,-0.052946227492384305,2025,7
2025-09-10,-0.05171668667466986,-0.019150678152906265,0.011566102514165288,-0.030716780667071553,2025,7
2025-09-11,-0.03971283825486221,-0.009235948062317922,0.016304714365448024,-0.025540662427765946,2025,7
2025-09-12,0.17205282112845138,0.0032952361479502423,-0.0017046531025434407,0.0049998892504936835,2025,7
2025-09-15,-0.0003361344537815126,-0.01899577063646237,0.001379226288442914,-0.020374996924905284,2025,7
2025-09-16,0.09781512605042017,-0.01430227108875184,-0.026102784857703332,0.011800513768951493,2025,7
2025-09-17,0.004849939975990396,-0.025534579371118672,-0.020560525585280997,-0.004974053785837675,2025,7
2025-09-18,0.21849264094271226,-0.008859131519223828,-0.0405754137380013,0.03171628221877747,2025,7
2025-09-19,0.2967106842737095,-0.010204871517947522,-0.035959590144418865,0.025754718626471343,2025,7
2025-09-22,-0.03135654261704682,-0.008059837976994166,-0.019654126316981956,0.011594288339987789,2025,7
2025-09-23,-0.00897980744094224,-0.003981560562708031,0.004586283042401318,-0.008567843605109348,2025,7
2025-09-24,0.04211284513805522,0.006947981354316424,0.0005263903714342932,0.006421590982882131,2025,7
2025-09-25,0.2238175270108043,-0.0013437323594502892,-0.032153352872103656,0.030809620512653367,2025,7
2025-09-26,0.04240197845108021,0.010521535717637132,-0.02966213460320565,0.04018367032084278,2025,7
2025-09-30,-0.017430972388955582,0.0019170379889487,-0.033615306010091786,0.03553234399904048,2025,7
2025-10-01,0.3496278511404562,0.008603417353196996,-0.042022041183309156,0.05062545853650615,2025,7
2025-10-02,0.13560949846642187,-0.001895558001563169,-0.03406151215482106,0.03216595415325789,2025,7
2025-10-03,0.2855702280912365,0.016953525911806565,-0.00929905110113568,0.026252577012942244,2025,7
2025-10-07,-0.025834954027951475,-0.0033108195700965125,-0.024466015972230627,0.021155196402134115,2025,7
2025-10-08,0.1363265306122449,-0.01963103981951856,-0.014908004405612896,-0.004723035413905664,2025,7
2025-10-09,-0.06866911572485243,-0.008404156811286811,-0.009434918040966678,0.001030761229679867,2025,7
2025-10-13,-0.0844657863145258,0.00870498227930483,-0.0037806813100763727,0.012485663589381201,2025,7
2025-10-14,0.2971908763505402,0.021694581190525187,-0.013887334468687451,0.035581915659212635,2025,7
2025-10-15,0.395438175270108,0.05178967450577095,-0.006474765743025579,0.058264440248796526,2025,7
2025-10-16,-0.17925570228091237,-0.0015116229333654418,0.018621478979393157,-0.0201331019127586,2025,7
2025-10-17,0.14771062934940285,0.011854364441652342,-0.007272195904821033,0.019126560346473375,2025,7
2025-10-20,-0.09488823263797791,0.011866164119776446,0.00048723829201360316,0.011378925827762842,2025,7
2025-10-21,-0.15918367346938775,-0.0008844601654675821,0.005519130086164325,-0.006403590251631908,2025,7
2025-10-22,0.1472749099639856,0.005313360600338035,-0.019941138515636413,0.02525449911597445,2025,7
2025-10-23,0.09176470588235294,-0.004612089819425058,-0.02080251486512206,0.016190425045697,2025,7
2025-10-27,0.03683073229291716,-0.016090008683821534,0.019177705310977212,-0.03526771399479875,2025,7
2025-10-28,0.1944297719087635,-0.002105631528270002,-0.006624914216652145,0.004519282688382142,2025,7
2025-10-29,0.2428331332533013,0.013593141422492506,0.001612362938764511,0.011980778483727994,2025,7
2025-10-30,0.30506602641056424,0.03370391604529357,-0.0019877563153561486,0.03569167236064972,2025,7
2025-10-31,0.3290756302521008,0.02670520410861784,-0.008792359266728434,0.03549756337534628,2025,7
2025-11-03,0.18981992797118846,0.0281225019460825,-0.006995782579862076,0.03511828452594458,2025,7
2025-11-04,0.23092436974789915,0.0510892433678866,-0.008961024142261043,0.060050267510147644,2025,7
2025-11-05,0.24494597839135654,0.03761147119223281,0.004003256630901975,0.03360821456133083,2025,7
2025-11-06,-0.28172869147659063,0.0016691109352882428,0.05799830832085897,-0.056329197385570726,2025,7
2025-11-07,-0.028667466986794718,0.022300454276742376,0.06572739287100782,-0.04342693859426544,2025,7
2025-11-10,-0.17416984806576208,0.016029205193034933,0.07104410639525649,-0.05501490120222156,2025,7
2025-11-11,-0.21949579831932772,0.01383414629188139,0.05504481032660585,-0.04121066403472447,2025,7
2025-11-12,0.06804321728691476,0.008372542767882884,-0.002506580994599461,0.010879123762482346,2025,7
2025-11-13,-0.1343097238895558,-0.001609776898239579,0.0005307212082366952,-0.002140498106476274,2025,7
2025-11-14,-0.36979591836734693,-0.03338832356001052,0.013045510072617283,-0.046433833632627805,2025,7
2025-11-17,-0.032845926682376965,0.0011977609824846303,0.011976687939549124,-0.010778926957064493,2025,7
2025-11-18,0.017623049219687877,-0.011306681784167072,-0.009140648266353168,-0.002166033517813904,2025,7
2025-11-19,-0.08004801920768306,-0.019304279059599593,0.005394029236906695,-0.024698308296506287,2025,7
2025-11-20,-0.16773109243697476,0.0020332250357122605,0.014094159831036101,-0.01206093479532384,2025,7
2025-11-21,0.4579591836734694,0.06263004719842465,-0.024766386289904584,0.08739643348832923,2025,7
2025-11-24,-0.26002400960384153,-0.018054472277930354,-0.0003155523568050489,-0.017738919921125307,2025,7
2025-11-25,-0.05517406962785113,0.042746362686309894,0.015846286845059232,0.026900075841250662,2025,7
2025-11-26,-0.05090158228555495,0.028364856986053132,0.015211245346238722,0.01315361163981441,2025,7
2025-11-27,-0.04465893540147745,0.008479067957959285,-0.0009321205005681787,0.009411188458527463,2025,7
2025-11-28,0.07255702280912364,0.007076496813853428,0.010039567130201477,-0.0029630703163480493,2025,7
2025-12-01,0.28585834333733495,-0.004580655746427476,-0.02376101002980221,0.019180354283374734,2025,7
2025-12-02,0.3397358943577431,0.00022559678909348513,-0.04357438132555105,0.04379997811464453,2025,7
2025-12-03,0.10818727490996398,-0.002942188690820391,-0.011642720477150292,0.008700531786329901,2025,7
2025-12-04,0.07322929171668667,0.0070794411896572314,-0.01568185450026314,0.02276129568992037,2025,7
2025-12-05,-0.034717887154861946,-0.004633910779756412,0.0011058986862874432,-0.005739809466043855,2025,7
2025-12-08,0.14842737094837935,0.027311392241427035,0.005754630166532171,0.021556762074894865,2025,7
2025-12-09,0.05901560624249699,0.021455165001228772,0.011704088126307188,0.009751076874921584,2025,7
2025-12-10,0.20240096038415364,0.06711784003109479,0.0033647599165722796,0.0637530801145225,2025,7
2025-12-11,-0.20777911164465784,-0.009587424537442846,0.028293381566444,-0.03788080610388685,2025,7
2025-12-12,-0.04528211284513805,0.005778085010542699,0.019516031654458067,-0.013737946643915368,2025,7
2025-12-15,0.12902761104441776,-0.003121104245464168,-0.008672923227219343,0.0055518189817551755,2025,7
2025-12-16,-0.10194477791116446,-0.028260061221716926,0.0011122223146339371,-0.029372283536350862,2025,7
2025-12-17,0.01666266506602641,-0.029515818428533236,-0.009091789292186648,-0.02042402913634659,2025,7
2025-12-18,-0.06276110444177671,-0.012242410515568758,0.012948784419317728,-0.025191194934886488,2025,7
2025-12-19,-0.15159663865546216,-0.02261406076058039,-0.0007856275912859978,-0.021828433169294392,2025,7
2025-12-22,-0.3508763505402161,-0.0272042523392636,0.002061893857973307,-0.029266146197236907,2025,7
2025-12-23,-0.2327490996398559,-0.03334961222627716,-0.010350489981098675,-0.022999122245178482,2025,7
2025-12-24,-0.44797118847539014,-0.07766367310876283,-0.017105076594087266,-0.06055859651467557,2025,7
2025-12-26,-0.09214885954381752,-0.0714242910888085,-0.06610097871701341,-0.005323312371795091,2025,7
2025-12-29,-0.237364642676885,-0.060749693574847566,-0.04597724226384361,-0.014772451311003958,2025,7
2025-12-30,-0.0631452581032413,-0.04539288735550582,-0.023972982239284346,-0.021419905116221473,2025,7
2025-12-31,0.11505678410961287,-0.016279588382132927,-0.06233091350819244,0.046051325126059514,2025,7
2026-01-02,0.12691476590636253,-0.012598018799169464,-0.03123068912928777,0.018632670330118305,2026,7
2026-01-05,0.1832893157262905,0.01721828539881587,-0.0010361727906941897,0.018254458189510058,2026,7
2026-01-06,-0.12403361344537814,0.0010146722382791463,-0.008538908418901781,0.009553580657180927,2026,7
2026-01-07,0.25019208605455245,-0.0058550254272061505,-0.05372982888984886,0.04787480346264271,2026,7
2026-01-08,0.33915966386554625,0.00777190560340808,-0.029344838992633182,0.037116744596041265,2026,7
2026-01-09,-0.062472989195678265,0.01826635004946875,-0.002558372388860719,0.020824722438329467,2026,7
2026-01-12,-0.24600830759329997,-0.041533294142805,0.017539144229476132,-0.059072438372281134,2026,7
2026-01-13,-0.15236494597839134,-0.01906324370582636,-0.025670475860036557,0.006607232154210198,2026,7
2026-01-14,-0.04912364945978391,0.006473226806304777,-0.015870957332985446,0.02234418413929022,2026,7
2026-01-15,-0.03250900360144057,0.025339575460739328,-0.01767856549464596,0.04301814095538529,2026,7
2026-01-16,-0.2675150060024009,-0.0232359811160333,0.00642569052220403,-0.02966167163823733,2026,7
2026-01-19,-0.0910924369747899,0.011440799909973553,0.018492760293888487,-0.007051960383914934,2026,7
2026-01-20,0.06362545018007203,0.0148511631730748,-0.011490693683814567,0.02634185685688937,2026,7
2026-01-21,0.36509003601440576,-0.01064628666935905,-0.03924547440997579,0.02859918774061674,2026,7
2026-01-22,0.1266266506602641,-0.00916997918592477,0.029581825377642045,-0.03875180456356682,2026,7
2026-01-23,-0.18213685474189675,-0.0047560392278022555,0.002211137210705083,-0.006967176438507338,2026,7
2026-01-26,0.08691685277061742,-0.0163614938661227,-0.029699155375830823,0.013337661509708124,2026,7
2026-01-27,-0.023385354141656663,-0.031116604963866656,-0.017384298873424898,-0.013732306090441758,2026,7
2026-01-28,-0.06036014405762304,-0.005023050192095879,0.020623623227800435,-0.025646673419896314,2026,7
2026-01-29,-0.5590876350540215,-0.035179818139144205,0.03902732396095145,-0.07420714210009566,2026,7
2026-01-30,0.020312124849939977,-0.033813823415484015,-0.026754606240310275,-0.00705921717517374,2026,7
2026-02-02,0.07322929171668667,-0.002290015791153133,-0.001996670703716985,-0.0002933450874361477,2026,7
2026-02-03,0.05555822328931572,-0.015892810299387883,-0.035041796753179213,0.01914898645379133,2026,7
2026-02-04,0.37690276110444176,-0.019845973608909117,-0.06049472811074795,0.04064875450183883,2026,7
2026-02-05,0.49762304921968786,0.02576089802807131,-0.07668997200618577,0.10245087003425708,2026,7
2026-02-06,0.3819539485842491,-0.004198102661617564,-0.06119599420731361,0.056997891545696046,2026,7
2026-02-09,0.08158463385354141,0.0005533487047735264,-0.014408452856577103,0.01496180156135063,2026,7
2026-02-10,0.11356542617046818,0.05070275867601831,0.01004669080196543,0.04065606787405288,2026,7
2026-02-11,-0.10847539015606242,0.010032838448836678,0.01860855572150132,-0.008575717272664641,2026,7
2026-02-23,-0.12307322929171667,0.011566074415626371,0.022537634030371366,-0.010971559614744995,2026,7
2026-02-24,-0.048643457382953184,-0.014768864376617641,0.018264141564308244,-0.03303300594092588,2026,7
2026-02-25,-0.1979399265859033,-0.0170899957763196,0.010177974792306654,-0.027267970568626253,2026,7
2026-02-26,0.07092436974789915,-0.008515853077219415,-0.014302847159619847,0.005786994082400432,2026,7
2026-03-02,-0.26338535414165665,-0.0226240165347806,-0.000826129518088492,-0.021797887016692108,2026,7
2026-03-03,0.27702280912364946,0.014800594755151353,-0.03147052143872263,0.04627111619387398,2026,7
2026-03-04,-0.09983193277310923,0.004086285606251771,0.002535947959900664,0.0015503376463511073,2026,7
2026-03-05,0.04969987995198079,0.016125599593553353,0.008743313186288936,0.007382286407264417,2026,7
2026-03-06,0.2036063291422198,0.041122998070188974,0.015483896241536899,0.025639101828652075,2026,7
2026-03-09,0.3545258103241296,0.06867333635264287,-0.0022328163208799267,0.07090615267352281,2026,7
2026-03-10,-0.09800720288115244,0.026648955200859026,0.013369457820507524,0.013279497380351502,2026,7
2026-03-11,-0.177719087635054,0.02200185444839814,0.01191512664634169,0.01008672780205645,2026,7
2026-03-12,0.2776057048988615,0.05492240960812619,-0.0096539694132174,0.06457637902134358,2026,7
2026-03-13,-0.03442977190876351,0.013173946964681816,0.0033277440506694345,0.009846202914012381,2026,7
2026-03-16,-0.17839135654261706,-0.01851270049572733,-0.009837132332583532,-0.008675568163143799,2026,7
2026-03-17,-0.09829531812725088,-0.01076773096919944,-0.02475156834921558,0.01398383738001614,2026,7
2026-03-18,-0.0480672268907563,-0.000856918496836856,-0.012290848566307267,0.01143393006947041,2026,7
2026-03-19,0.060985858021372436,0.0020151686271731918,-0.015072176285351336,0.01708734491252453,2026,7
2026-03-20,-0.06977190876350539,0.00936101006091442,0.0026573548102777787,0.006703655250636642,2026,7
2026-03-23,0.11625450180072029,0.03964941257516844,0.011815742372130145,0.0278336702030383,2026,7
2026-03-24,0.01781512605042017,-0.003095726813404409,0.0011558020030566496,-0.0042515288164610586,2026,7
2026-03-25,0.04989195678271309,0.01236040283051768,0.009319349094165309,0.0030410537363523716,2026,7
2026-03-26,-0.031405315862974466,0.002497942493431704,-0.001183252454644057,0.0036811949480757607,2026,7
2026-03-27,0.21575030012004803,-0.001345836102957776,-0.0081060026720156,0.006760166569057825,2026,7
2026-03-30,0.029339735894357743,-0.04184701418447789,-0.0033255018523206557,-0.03852151233215724,2026,7
2026-03-31,0.30036014405762307,0.025449869301220264,-0.04702596480011707,0.07247583410133734,2026,7
2026-04-01,0.09944777911164465,-0.00162016589907511,-0.03550300263908399,0.03388283674000888,2026,7
2026-04-02,0.14103241296518607,-0.007514448550582109,-0.036128021557860115,0.028613573007278008,2026,7
2026-04-07,-0.11654261704681872,-0.05431297891827212,-0.02058082001104543,-0.033732158907226695,2026,7
2026-04-08,0.4862905162064826,0.006319016850010584,-0.05860762401761982,0.0649266408676304,2026,7
2026-04-09,0.02674669867947179,0.01332541535789633,-0.0043564734870372825,0.017681888844933612,2026,7
2026-04-10,0.08120048019207683,0.02936506560035588,0.007056830825076377,0.022308234775279503,2026,7
2026-04-13,0.13556147810577512,0.05255273664948311,0.009182493530691005,0.043370243118792104,2026,7
2026-04-14,0.2703961584633853,0.05596364582707767,0.012009661899170443,0.043953983927907225,2026,7
2026-04-15,0.1361344537815126,0.014804520240906416,0.012267857904669666,0.0025366623362367505,2026,7
2026-04-16,0.07294117647058823,0.007416314069941576,-5.9284832893791164e-05,0.007475598902835367,2026,7
2026-04-17,0.060456182472989194,-0.023480941597430284,-0.06057719685870799,0.03709625526127771,2026,7
2026-04-20,0.13195995105726888,-0.025514588202113674,-0.06695338776028273,0.04143879955816905,2026,7
2026-04-21,0.13171984925403513,-0.002419488071054199,-0.028659939371633525,0.026240451300579327,2026,7
2026-04-22,0.11020408163265305,-0.020273376682118205,-0.026799127296916626,0.006525750614798421,2026,7
2026-04-23,0.46583433373349337,0.04764443710339206,-0.05646081687253061,0.10410525397592266,2026,7
2026-04-24,0.17542258952228337,0.023869677596949867,-0.005941103588930563,0.02981078118588043,2026,7
2026-04-27,0.09589666021155965,0.028459347650396493,0.007429323650985464,0.021030023999411028,2026,7
2026-04-28,0.06079377657878544,0.00030024809076749647,-0.01580556347907347,0.016105811569840967,2026,7
2026-04-29,0.06448979591836734,-0.018223046751629078,-0.006274644654898342,-0.011948402096730735,2026,7
2026-04-30,0.16682673857115043,0.02289237782746876,-0.02422461424614609,0.04711699207361485,2026,7
2026-05-04,0.16658263108357557,0.043156744070792105,0.020435208527604044,0.02272153554318806,2026,7
2026-05-05,0.06415520182405793,0.0548428612985673,0.02902832326557906,0.025814538032988242,2026,7
2026-05-06,0.11615846338535413,0.07367210132871588,0.03261447367065658,0.0410576276580593,2026,7
2026-05-07,0.09205282112845137,0.014122416829550889,0.009839860798759736,0.0042825560307911525,2026,7
2026-05-08,-0.05891956782713085,-0.0028376845938476005,-0.011513924965305688,0.008676240371458088,2026,7
2026-05-11,-0.08734903601643818,0.016491906557934165,-0.011479443130743238,0.027971349688677403,2026,7
2026-05-12,-0.1987515006002401,-0.024053625853536008,0.023328675961875024,-0.04738230181541103,2026,7
2026-05-13,-0.2664585834333733,0.00342648794514292,0.022332846614544564,-0.018906358669401643,2026,7
2026-05-14,0.060072028811524604,0.020466433034307917,0.0037627295830612527,0.016703703451246665,2026,7
2026-05-15,0.6259303721488595,0.0716986728668546,-0.058937429331081204,0.1306361021979358,2026,7
2026-05-18,0.6094117647058823,0.05411188948329295,-0.07098437717754741,0.12509626666084037,2026,7
2026-05-19,0.7478991596638656,0.12904692275973245,-0.11490308478655978,0.24395000754629223,2026,7
2026-05-20,0.5505402160864344,0.02696377795681053,-0.11170088981874175,0.13866466777555228,2026,7
2026-05-21,0.5199999999999999,0.05136738110216501,-0.0768455125823969,0.1282128936845619,2026,7
2026-05-22,0.08869147659063625,0.02798186134575519,-0.027412973355006788,0.05539483470076198,2026,7
2026-05-25,0.265216451852,0.05392419124950241,-0.02876409414352917,0.08268828539303158,2026,7
2026-05-26,0.010804321728691477,0.03473519809865029,0.033425336598090515,0.0013098615005597766,2026,7
2026-05-27,-0.08705882352941177,0.043770212656494556,0.06401713245164149,-0.020246919795146937,2026,7
2026-05-28,-0.46919567827130854,-0.04806224074990527,0.08115039081410787,-0.12921263156401314,2026,7
2026-05-29,-0.16004801920768308,-0.013313062109480089,0.025576778280293054,-0.03888984038977314,2026,7
2026-06-01,-0.18252100840336133,-0.028888678564609072,0.006589361174129537,-0.03547803973873861,2026,7
2026-06-02,-0.17695078031212486,0.01970661180254607,0.058298436197595206,-0.038591824395049136,2026,7
2026-06-03,-0.31025210084033605,-0.014347372281971504,0.07429415180960428,-0.08864152409157577,2026,7
2026-06-04,-0.312172869147659,-0.0035174133454109135,0.028852756582490056,-0.03237016992790097,2026,7
2026-06-05,0.013589435774309724,0.04440378174319195,0.009443017477306715,0.034960764265885236,2026,7
2026-06-08,0.13046818727490997,0.021326902232349322,-0.0007729086641043326,0.022099810896453655,2026,7
2026-06-09,-0.03615846338535413,0.02429984872516039,0.0027711708117370004,0.02152867791342339,2026,7
2026-06-10,0.2428331332533013,0.06889068885672614,-0.05765030895078749,0.12654099780751363,2026,7
2026-06-11,0.13699879951980792,0.051497389829318244,-0.03231121718483938,0.08380860701415763,2026,7
2026-06-12,0.22016806722689078,0.018501942934672853,-0.051975153580872145,0.070477096515545,2026,7
2026-06-15,0.17080432172869148,0.01355980455262239,-0.03318841604372179,0.046748220596344175,2026,7
2026-06-16,0.34405762304921966,0.07813750617105461,-0.03493321907137607,0.11307072524243068,2026,7
2026-06-17,-0.11490996398559422,0.0248940351611469,0.02335993188404334,0.0015341032771035608,2026,7
2026-06-18,-0.22948379351740697,-0.013541644271659103,0.021991508296789197,-0.0355331525684483,2026,7
2026-06-22,-0.04749327704285197,0.004046017939301172,0.010249051304322077,-0.006203033365020904,2026,7
2026-06-23,0.27202881152460984,0.03818301067389732,-0.0327954073178914,0.07097841799178872,2026,7
2026-06-24,0.0712124849939976,-0.039342433076073324,-0.01664280275888298,-0.022699630317190345,2026,7
2026-06-25,-0.3098679471788715,-0.031806601704534906,-0.0021115311927900173,-0.02969507051174489,2026,7
2026-06-26,0.06938775510204082,0.04193334958425782,-0.014728434189223805,0.05666178377348162,2026,7
2026-06-29,-0.19423769507803118,0.0017245649337547908,0.007077560800569804,-0.005352995866815013,2026,7
2026-06-30,-0.04345738295318128,0.006699292373999499,0.01704361315838271,-0.01034432078438321,2026,7
2026-07-01,-0.1714765906362545,0.009797322019495836,0.028669368622784297,-0.01887204660328846,2026,7
2026-07-02,0.017911164465786316,0.008093553843964929,0.019489809442606996,-0.011396255598642067,2026,7
2026-07-03,-0.4012004801920768,-0.023004181668885116,0.029525653449468937,-0.05252983511835405,2026,7
2026-07-06,-0.1510204081632653,0.01720482939779102,0.019786205495050148,-0.0025813760972591276,2026,7
2026-07-07,0.07611044417767106,0.06810170921254284,0.012623326934427281,0.05547838227811556,2026,7
2026-07-08,0.1558223289315726,0.05088710020699565,-0.003620211074326063,0.05450731128132171,2026,7
2026-07-09,-0.061992797118847545,0.013400694703196303,0.01718442065545317,-0.003783725952256867,2026,7
2026-07-10,-0.4387140148687076,-0.01761481578249293,0.08233325119300045,-0.09994806697549338,2026,7
2026-07-13,-0.4230012004801921,-0.02976770949408609,0.05712257888166421,-0.0868902883757503,2026,7
2026-07-14,-0.3628811524609844,-0.008645908699828075,0.04316252014276771,-0.05180842884259579,2026,7
2026-07-15,-0.345594237695078,0.009400165168582952,0.04558938132913045,-0.0361892161605475,2026,7
2026-07-16,-0.13498199279711884,0.010573742652371387,0.037277677003462774,-0.026703934351091387,2026,7
2026-07-17,-0.11721488595438176,-0.01615046856954977,0.019543634485646888,-0.03569410305519666,2026,7
2026-07-20,-0.07735894357743096,0.009806704063917815,0.03946474295702881,-0.029658038893110993,2026,7
2026-07-21,-0.31198079231692677,-0.0008487607429736532,0.08464176400919854,-0.0854905247521722,2026,7
2026-07-22,0.5411414441282252,0.11157460878639332,-0.05733565123366482,0.16891026002005813,2026,7
2026-07-23,0.4422088835534213,0.05913178647817191,-0.02707924452480497,0.08621103100297688,2026,7
2026-07-24,-0.10406012152150715,-0.06465874794159227,-0.010333710433149767,-0.054325037508442496,2026,7
2026-07-27,0.06516206482593037,-0.012153280065228412,-0.019183268826590494,0.007029988761362082,2026,7
2026-07-28,0.4928211284513805,0.06272496583460366,-0.05766671444469575,0.12039168027929942,2026,7
2026-07-29,0.5395918367346938,0.1659794333155536,-0.07490785482688184,0.24088728814243543,2026,7
2026-07-30,0.37478991596638656,0.0672385651232239,-0.02623885468060331,0.0934774198038272,2026,7
2026-07-31,0.39516903618364907,0.07694159198035248,-0.008523445221191205,0.08546503720154369,2026,7
2026-08-03,-0.0658343337334934,0.003242617276944548,0.027181239951315904,-0.023938622674371357,2026,7
2026-08-04,-0.24408163265306118,-0.0370708186296619,-0.01375444240972551,-0.02331637621993639,2026,7
2026-08-05,0.13705010928582434,-0.003924556794700962,-0.014798489217002664,0.010873932422301702,2026,7
2026-08-06,0.29795918367346935,0.03570886792260185,-0.014645042085092829,0.05035391000769468,2026,7
2026-08-07,0.18914765906362543,0.04348056688023537,0.00736851514030773,0.03611205173992764,2026,7
2026-08-10,-0.001920814425869998,0.012562527478628271,0.020246771914748697,-0.007684244436120426,2026,7
2026-08-11,0.12470588235294117,0.011610449083756103,0.006066493034720821,0.005543956049035282,2026,7
2026-08-12,0.2033613445378151,0.02804306655451515,-0.00822078667984616,0.03626385323436131,2026,7
2026-08-13,0.29872749099639856,0.045464147621921136,-0.031193713226312304,0.07665786084823344,2026,7
2026-08-14,0.0986338207684244,0.017907570962658093,0.02676747560490398,-0.008859904642245887,2026,7
2026-08-17,-0.2753967683091109,0.0025446155666485337,0.0504872018906639,-0.047942586324015365,2026,7
2026-08-18,-0.18355144722857175,-0.007309374912550659,0.010565287133955482,-0.01787466204650614,2026,7
2026-08-20,0.29662176771497445,0.016985715127716804,0.017179183200703295,-0.00019346807298649057,2026,7
