date,gross_ret,net_ret,0050_ret,equal_weight_ret,buy_turnover,sell_turnover,turnover,transaction_cost,stocks,year,seed,top_k
2018-01-02,0.037233573437654835,0.03575551559550605,0.013863965563603031,0.015995608302274398,1.0,0.0,0.5,0.001425,"2883.TW,2886.TW,5880.TW",2018,7,3
2018-01-02,0.028530254622552688,0.027064599009715584,0.013863965563603031,0.015995608302274398,0.9999999999999999,0.0,0.49999999999999994,0.0014249999999999998,"2883.TW,2886.TW,5880.TW,2880.TW,4904.TW,2884.TW,2002.TW,3231.TW,2379.TW,2887.TW",2018,7,10
2018-01-02,0.035018389428413156,0.033543488223477524,0.013863965563603031,0.015995608302274398,1.0,0.0,0.5,0.001425,"2883.TW,2886.TW,5880.TW,2880.TW,4904.TW",2018,7,5
2018-01-09,0.014017642543048528,0.008085639334171724,0.006539668161630541,0.004547027648275283,1.0,1.0,1.0,0.00585,"1590.TW,3008.TW,1216.TW",2018,7,3
2018-01-09,0.016059513360913304,0.01129605585387261,0.006539668161630541,0.004547027648275283,0.8013962074193771,0.8013962074193771,0.8013962074193771,0.004688167813403357,"1590.TW,3008.TW,1216.TW,3017.TW,2892.TW,2412.TW,2886.TW,2002.TW,2881.TW,2357.TW",2018,7,10
2018-01-09,0.009418131810194887,0.00351303573910533,0.006539668161630541,0.004547027648275283,1.0,0.9999999999999999,1.0,0.005849999999999999,"1590.TW,3008.TW,1216.TW,3017.TW,2892.TW",2018,7,5
2018-01-16,0.032348941687930566,0.026309700379056222,0.03957472980937049,0.007712087258277363,1.0,1.0,1.0,0.00585,"2345.TW,2884.TW,4904.TW",2018,7,3
2018-01-16,0.008506121625972475,0.004939585675667768,0.03957472980937049,0.007712087258277363,0.6045221262776589,0.6045221262776591,0.604522126277659,0.0035364544387243057,"2345.TW,2884.TW,4904.TW,2412.TW,2892.TW,2880.TW,5880.TW,1216.TW,2002.TW,2618.TW",2018,7,10
2018-01-16,0.021252738056439305,0.016468090156109172,0.03957472980937049,0.007712087258277363,0.800867894393595,0.800867894393595,0.800867894393595,0.00468507718220253,"2345.TW,2884.TW,4904.TW,2412.TW,2892.TW",2018,7,5
2018-01-23,-0.006409153369334379,-0.012221659822123754,-0.01617277867250766,-0.013470273157685802,1.0,1.0,1.0,0.00585,"3008.TW,2891.TW,2615.TW",2018,7,3
2018-01-23,-0.0026617648077067787,-0.00676062783563236,-0.01617277867250766,-0.013470273157685802,0.7025303171284207,0.7025303171284207,0.7025303171284207,0.004109802355201262,"3008.TW,2891.TW,2615.TW,2603.TW,2886.TW,2892.TW,5880.TW,2880.TW,1101.TW,1301.TW",2018,7,10
2018-01-23,-0.004428587031077291,-0.010252679796945552,-0.01617277867250766,-0.013470273157685802,1.0,0.9999999999999999,1.0,0.005849999999999999,"3008.TW,2891.TW,2615.TW,2603.TW,2886.TW",2018,7,5
2018-01-30,-0.0367357954322723,-0.04237089102899361,-0.03613751857873937,-0.034971424779102984,1.0,1.0,1.0,0.00585,"2327.TW,2395.TW,9910.TW",2018,7,3
2018-01-30,-0.031040669411736346,-0.03670908149567764,-0.03613751857873937,-0.034971424779102984,0.9999999999999999,1.0,1.0,0.00585,"2327.TW,2395.TW,9910.TW,2330.TW,3034.TW,1590.TW,2207.TW,2454.TW,2308.TW,2887.TW",2018,7,10
2018-01-30,-0.029978494670981574,-0.0356531204771563,-0.03613751857873937,-0.034971424779102984,1.0,0.9999999999999999,1.0,0.005849999999999999,"2327.TW,2395.TW,9910.TW,2330.TW,3034.TW",2018,7,5
2018-02-06,0.003681337875046431,0.00013756882646998037,0.001843798177777467,0.005253834693744314,0.6035506132042551,0.6035506132042553,0.6035506132042552,0.003530771087244893,"2327.TW,2345.TW,3037.TW,3008.TW,1590.TW,2330.TW,3017.TW,2207.TW,2408.TW,1326.TW",2018,7,10
2018-02-06,0.008734072436829332,0.004013196977824984,0.001843798177777467,0.005253834693744314,0.8,0.8,0.8,0.00468,"2327.TW,2345.TW,3037.TW,3008.TW,1590.TW",2018,7,5
2018-02-06,-0.05085354667415683,-0.05455521784212769,0.001843798177777467,0.005253834693744314,0.6666666666666666,0.6666666666666666,0.6666666666666666,0.0039,"2327.TW,2345.TW,3037.TW",2018,7,3
2018-02-21,0.005881450638607946,0.0010123808783071286,-0.007975610027672886,0.004377143004465862,0.8274529932101182,0.8274529932101181,0.8274529932101182,0.004840600010279191,"2327.TW,3017.TW,2330.TW,2207.TW,6669.TW",2018,7,5
2018-02-21,0.038255381597930994,0.03403793691145873,-0.007975610027672886,0.004377143004465862,0.694367424830223,0.694367424830223,0.694367424830223,0.004062049435256804,"2327.TW,3017.TW,2330.TW",2018,7,3
2018-02-21,0.0023537605492710573,-0.001279343392630472,-0.007975610027672886,0.004377143004465862,0.619585054015003,0.6195850540150031,0.619585054015003,0.0036245725659877683,"2327.TW,3017.TW,2330.TW,2207.TW,6669.TW,2303.TW,2357.TW,2317.TW,4904.TW,2892.TW",2018,7,10
2018-03-01,0.02203761332275234,0.01717302944263266,0.02535598996917665,0.012736104620989196,0.813622501932215,0.813622501932215,0.813622501932215,0.004759691636303458,"6669.TW,1326.TW,1301.TW,2883.TW,2884.TW",2018,7,5
2018-03-01,0.03500221958600055,0.028947456601422283,0.02535598996917665,0.012736104620989196,1.0,1.0,1.0,0.00585,"6669.TW,1326.TW,1301.TW",2018,7,3
2018-03-01,0.022201018216964664,0.016780360634496727,0.02535598996917665,0.012736104620989196,0.9064832819003512,0.9064832819003512,0.9064832819003512,0.005302927199117055,"6669.TW,1326.TW,1301.TW,2883.TW,2884.TW,2412.TW,1303.TW,2891.TW,1101.TW,2408.TW",2018,7,10
2018-03-08,0.006288278916176492,0.00040149248451681885,0.013268757344246485,0.017530983015966655,1.0,1.0000000000000002,1.0,0.005850000000000001,"3231.TW,1590.TW,9910.TW,2891.TW,2412.TW",2018,7,5
2018-03-08,0.014317301336679524,0.008383545123859859,0.013268757344246485,0.017530983015966655,1.0,1.0,1.0,0.00585,"3231.TW,1590.TW,9910.TW",2018,7,3
2018-03-08,0.013075725657988101,0.0094905873780462,0.013268757344246485,0.017530983015966655,0.6049341968186978,0.6049341968186976,0.6049341968186976,0.003538865051389382,"3231.TW,1590.TW,9910.TW,2891.TW,2412.TW,2884.TW,3008.TW,2912.TW,5871.TW,1301.TW",2018,7,10
2018-03-15,-0.0061082782794548585,-0.009624672916376031,-0.02559525394992357,-0.018540627276318902,0.6047873095148147,0.6047873095148145,0.6047873095148146,0.003538005760661665,"3711.TW,5876.TW,2891.TW,2880.TW,2412.TW",2018,7,5
2018-03-15,-0.011149231541608774,-0.014650541278353302,-0.02559525394992357,-0.018540627276318902,0.6052626988869991,0.605262698886999,0.6052626988869991,0.0035407867884889445,"3711.TW,5876.TW,2891.TW,2880.TW,2412.TW,1216.TW,2884.TW,3231.TW,1303.TW,2892.TW",2018,7,10
2018-03-15,-0.014767644701187077,-0.020531253979685138,-0.02559525394992357,-0.018540627276318902,1.0,1.0000000000000002,1.0,0.005850000000000001,"3711.TW,5876.TW,2891.TW",2018,7,3
2018-03-22,0.007313971745101312,0.0031843887100999613,0.009774233889929818,0.012670941545665702,0.7007861001787223,0.7007861001787223,0.7007861001787223,0.004099598686045525,"3037.TW,6669.TW,3008.TW,2887.TW,2345.TW,2330.TW,1216.TW,2880.TW,2408.TW,2892.TW",2018,7,10
2018-03-22,-0.003405103137355779,-0.009235183284002302,0.009774233889929818,0.012670941545665702,1.0,1.0,1.0,0.00585,"3037.TW,6669.TW,3008.TW,2887.TW,2345.TW",2018,7,5
2018-03-22,0.016776163986594796,0.010828023427273292,0.009774233889929818,0.012670941545665702,1.0,1.0,1.0,0.00585,"3037.TW,6669.TW,3008.TW",2018,7,3
2018-03-29,0.026405177702465938,0.02040070741290645,0.003024803331935999,0.008975097086399757,1.0,1.0,1.0,0.00585,"1303.TW,2880.TW,5871.TW",2018,7,3
2018-03-29,0.01910288509442903,0.014333483592187113,0.003024803331935999,0.008975097086399757,0.7999999999999999,0.7999999999999999,0.7999999999999999,0.00468,"1303.TW,2880.TW,5871.TW,2412.TW,2892.TW,1326.TW,2886.TW,1301.TW,5880.TW,3711.TW",2018,7,10
2018-03-29,0.019892480339600515,0.013926109329613912,0.003024803331935999,0.008975097086399757,1.0,0.9999999999999999,1.0,0.005849999999999999,"1303.TW,2880.TW,5871.TW,2412.TW,2892.TW",2018,7,5
2018-04-10,-0.004405300697466453,-0.00908458367977849,-0.01568144435103569,-0.00014763032906390806,0.8034167251334385,0.8034167251334386,0.8034167251334385,0.004699987842030616,"2345.TW,5880.TW,2303.TW,2892.TW,5876.TW",2018,7,5
2018-04-10,-0.00269544441745051,-0.006216587802529316,-0.01568144435103569,-0.00014763032906390806,0.6035316381349838,0.6035316381349837,0.6035316381349838,0.0035306600830896546,"2345.TW,5880.TW,2303.TW,2892.TW,5876.TW,3045.TW,2880.TW,2884.TW,2912.TW,2886.TW",2018,7,10
2018-04-10,-0.010524710775011308,-0.016313141216977467,-0.01568144435103569,-0.00014763032906390806,1.0,1.0,1.0,0.00585,"2345.TW,5880.TW,2303.TW",2018,7,3
2018-04-17,-0.012010024135414785,-0.016635510970948064,-0.028799450788166925,-0.01947422139501385,0.8002930491836739,0.8002930491836738,0.8002930491836739,0.0046817143377244925,"4904.TW,2379.TW,2880.TW,2408.TW,1101.TW,2303.TW,1303.TW,2412.TW,2885.TW,5871.TW",2018,7,10
2018-04-17,-0.03220212980566154,-0.03786374734629838,-0.028799450788166925,-0.01947422139501385,1.0,1.0,1.0,0.00585,"4904.TW,2379.TW,2880.TW",2018,7,3
2018-04-17,-0.013806332282920095,-0.019575565239065007,-0.028799450788166925,-0.01947422139501385,1.0,1.0,1.0,0.00585,"4904.TW,2379.TW,2880.TW,2408.TW,1101.TW",2018,7,5
2018-04-24,0.002935277879510069,-0.0006029307987199806,-0.0025234752983662734,0.015677874280040503,0.6030518714601246,0.6030518714601244,0.6030518714601245,0.003527853448041728,"1590.TW,2408.TW,2345.TW,2454.TW,2892.TW,4904.TW,2880.TW,5876.TW,2303.TW,3711.TW",2018,7,10
2018-04-24,0.019278345744575504,0.01331556742196982,-0.0025234752983662734,0.015677874280040503,1.0,1.0,1.0,0.00585,"1590.TW,2408.TW,2345.TW",2018,7,3
2018-04-24,0.005852136960470445,0.0011109112573797209,-0.0025234752983662734,0.015677874280040503,0.8057505694637928,0.8057505694637929,0.8057505694637928,0.004713640831363188,"1590.TW,2408.TW,2345.TW,2454.TW,2892.TW",2018,7,5
2018-05-02,0.0031750425453426208,-0.0026935314535477817,0.02087285805706296,0.01426832586054528,1.0,0.9999999999999998,0.9999999999999999,0.005849999999999999,"3711.TW,2892.TW,2880.TW",2018,7,3
2018-05-02,0.001720451036475256,-0.0007431749009149113,0.02087285805706296,0.01426832586054528,0.4204093451764471,0.42040934517644724,0.4204093451764472,0.002459394669282216,"3711.TW,2892.TW,2880.TW,1590.TW,2886.TW,2357.TW,2345.TW,4904.TW,2887.TW,2881.TW",2018,7,10
2018-05-02,0.009686622425491365,0.006079091398474068,0.02087285805706296,0.01426832586054528,0.6107558095094303,0.6107558095094302,0.6107558095094303,0.003572921485630167,"3711.TW,2892.TW,2880.TW,1590.TW,2886.TW",2018,7,5
2018-05-09,0.10699127697839146,0.10051537800806787,0.015489389682795007,0.02436871217746737,1.0,1.0,1.0,0.00585,"2345.TW,6669.TW,5876.TW",2018,7,3
2018-05-09,0.07197896994548098,0.06570789297129975,0.015489389682795007,0.02436871217746737,1.0,0.9999999999999999,1.0,0.005849999999999999,"2345.TW,6669.TW,5876.TW,2887.TW,2884.TW",2018,7,5
2018-05-09,0.04544508910458905,0.04177336133814835,0.015489389682795007,0.02436871217746737,0.6003622558299351,0.6003622558299349,0.600362255829935,0.003512119196605119,"2345.TW,6669.TW,5876.TW,2887.TW,2884.TW,2886.TW,2885.TW,2882.TW,3711.TW,2891.TW",2018,7,10
2018-05-16,0.057085075950724984,0.054521250076120964,-0.007321475246944598,0.0013700848727927982,0.41459371931016653,0.41459371931016664,0.4145937193101666,0.0024253732579644746,"2345.TW,5876.TW,2327.TW",2018,7,3
2018-05-16,0.0383481034938425,0.03447702531949748,-0.007321475246944598,0.0013700848727927982,0.6372841271811699,0.63728412718117,0.63728412718117,0.0037281121440098444,"2345.TW,5876.TW,2327.TW,2885.TW,2886.TW",2018,7,5
2018-05-16,0.01668952364497548,0.014156201528880308,-0.007321475246944598,0.0013700848727927982,0.4259378163151499,0.42593781631515004,0.42593781631514993,0.0024917362254436278,"2345.TW,5876.TW,2327.TW,2885.TW,2886.TW,2887.TW,5880.TW,2308.TW,2884.TW,2609.TW",2018,7,10
2018-05-23,0.025232753956199085,0.021527776041244007,-0.006760837550922938,-0.002096217354176895,0.6177422206499878,0.6177422206499878,0.6177422206499878,0.003613791990802429,"1101.TW,2327.TW,2884.TW,2885.TW,2891.TW",2018,7,5
2018-05-23,0.027904723372290344,0.02484776700711855,-0.006760837550922938,-0.002096217354176895,0.5083706998687336,0.5083706998687338,0.5083706998687337,0.002973968594232093,"1101.TW,2327.TW,2884.TW,2885.TW,2891.TW,1303.TW,5880.TW,2887.TW,1102.TW,6669.TW",2018,7,10
2018-05-23,0.06373075232200608,0.059433121711723214,-0.006760837550922938,-0.002096217354176895,0.6906237405996025,0.6906237405996027,0.6906237405996026,0.004040148882507676,"1101.TW,2327.TW,2884.TW",2018,7,3
2018-05-30,0.027457095094334475,0.02144647108803266,0.03341585976131989,0.035736132282388394,1.0,1.0,1.0,0.00585,"1102.TW,2408.TW,2883.TW,1216.TW,1301.TW",2018,7,5
2018-05-30,0.02854302639665003,0.02252604969222949,0.03341585976131989,0.035736132282388394,1.0,1.0,1.0,0.00585,"1102.TW,2408.TW,2883.TW",2018,7,3
2018-05-30,0.035407739624767044,0.031094575688414228,0.03341585976131989,0.035736132282388394,0.7120798429035465,0.7120798429035465,0.7120798429035465,0.004165667080985747,"1102.TW,2408.TW,2883.TW,1216.TW,1301.TW,2912.TW,2345.TW,5880.TW,2881.TW,1303.TW",2018,7,10
2018-06-06,0.014914523777870814,0.010163947942487539,-0.011976150711731526,-0.010137436747860622,0.8001306773518952,0.800130677351895,0.8001306773518951,0.004680764462508587,"2303.TW,2887.TW,5880.TW,2883.TW,5876.TW",2018,7,5
2018-06-06,0.0021892292523565168,-0.0019317362599381438,-0.011976150711731526,-0.010137436747860622,0.7028997404369498,0.7028997404369495,0.7028997404369497,0.004111963481556155,"2303.TW,2887.TW,5880.TW,2883.TW,5876.TW,2912.TW,3045.TW,2002.TW,2886.TW,2892.TW",2018,7,10
2018-06-06,0.031103221643857554,0.025071267797240893,-0.011976150711731526,-0.010137436747860622,1.0,1.0,1.0,0.00585,"2303.TW,2887.TW,5880.TW",2018,7,3
2018-06-13,-0.028675867902318134,-0.0332388984564882,-0.02060619192797153,-0.020154172562855913,0.8030328879511615,0.8030328879511613,0.8030328879511615,0.004697742394514294,"1590.TW,2408.TW,1216.TW,1102.TW,2884.TW,2002.TW,5880.TW,9910.TW,2885.TW,2345.TW",2018,7,10
2018-06-13,-0.044056451689345466,-0.04964872144696286,-0.02060619192797153,-0.020154172562855913,1.0,1.0000000000000002,1.0,0.005850000000000001,"1590.TW,2408.TW,1216.TW",2018,7,3
2018-06-13,-0.032900364696156405,-0.03855789756268391,-0.02060619192797153,-0.020154172562855913,1.0,1.0,1.0,0.00585,"1590.TW,2408.TW,1216.TW,1102.TW,2884.TW",2018,7,5
2018-06-21,0.007234276896425331,0.0035938388770380136,-0.006188046433359795,-0.014438278494320524,0.6178275616757443,0.6178275616757443,0.6178275616757443,0.003614291235803104,"2327.TW,2303.TW,1590.TW,1102.TW,2884.TW,2881.TW,2357.TW,3045.TW,2345.TW,2882.TW",2018,7,10
2018-06-21,0.028494218322492257,0.02422451046901264,-0.006188046433359795,-0.014438278494320524,0.7096438437241345,0.7096438437241346,0.7096438437241346,0.004151416485786187,"2327.TW,2303.TW,1590.TW",2018,7,3
2018-06-21,0.013625217718628615,0.011088512748820056,-0.006188046433359795,-0.014438278494320524,0.4277959679612606,0.42779596796126057,0.4277959679612606,0.0025026064125733744,"2327.TW,2303.TW,1590.TW,1102.TW,2884.TW",2018,7,5
2018-06-28,-0.016662398230032197,-0.01909654536149108,0.00996269882086942,-0.0014356478862268718,0.4231441226249779,0.4231441226249778,0.42314412262497786,0.0024753931173561203,"6669.TW,1590.TW,2303.TW,1216.TW,1102.TW",2018,7,5
2018-06-28,-0.003086095986951265,-0.006073042896811209,0.00996269882086942,-0.0014356478862268718,0.512169820588624,0.512169820588624,0.512169820588624,0.002996193450443451,"6669.TW,1590.TW,2303.TW,1216.TW,1102.TW,2882.TW,4904.TW,3045.TW,1326.TW,3008.TW",2018,7,10
2018-06-28,-0.04934051138265964,-0.05140777711574607,0.00996269882086942,-0.0014356478862268718,0.3717195925814765,0.3717195925814767,0.3717195925814766,0.0021745596166016386,"6669.TW,1590.TW,2303.TW",2018,7,3
2018-07-05,0.03316694236643676,0.028888949276366205,0.023427751013112452,0.026956144294257935,0.7078051378827093,0.7078051378827093,0.7078051378827093,0.004140660056613849,"1590.TW,2327.TW,2454.TW",2018,7,3
2018-07-05,0.02440602286172242,0.019428967982645373,0.023427751013112452,0.026956144294257935,0.8305091856365205,0.8305091856365207,0.8305091856365205,0.004858478735973646,"1590.TW,2327.TW,2454.TW,4904.TW,2883.TW",2018,7,5
2018-07-05,0.01684103790487902,0.013749182163718787,0.023427751013112452,0.026956144294257935,0.519768901150254,0.5197689011502539,0.519768901150254,0.003040648071728985,"1590.TW,2327.TW,2454.TW,4904.TW,2883.TW,2308.TW,3045.TW,2412.TW,1326.TW,2882.TW",2018,7,10
2018-07-12,-0.027001378165185146,-0.030875346286594052,0.012048420922980085,0.006575263403873013,0.6805937418920981,0.6805937418920981,0.6805937418920981,0.003981473390068774,"1590.TW,2412.TW,2883.TW",2018,7,3
2018-07-12,-0.01667680632572618,-0.020167840329225806,0.012048420922980085,0.006575263403873013,0.6068787486709635,0.6068787486709633,0.6068787486709634,0.003550240679725135,"1590.TW,2412.TW,2883.TW,6669.TW,1216.TW,2002.TW,4904.TW,2615.TW,5880.TW,5876.TW",2018,7,10
2018-07-12,-0.05348150925478948,-0.05684098357848799,0.012048420922980085,0.006575263403873013,0.6067172704782564,0.6067172704782561,0.6067172704782562,0.0035492960322977985,"1590.TW,2412.TW,2883.TW,6669.TW,1216.TW",2018,7,5
2018-07-19,0.09107862151333344,0.08671522454522318,0.021542462357802883,0.015474682076452964,0.6836169354817558,0.683616935481756,0.6836169354817558,0.003999159072568272,"6669.TW,1590.TW,2408.TW",2018,7,3
2018-07-19,0.0634774115369674,0.05949527137028099,0.021542462357802883,0.015474682076452964,0.6400772723675757,0.6400772723675758,0.6400772723675758,0.0037444520433503187,"6669.TW,1590.TW,2408.TW,5876.TW,2884.TW",2018,7,5
2018-07-19,0.04119628548582785,0.03920590323184303,0.021542462357802883,0.015474682076452964,0.3267743916063929,0.32677439160639293,0.3267743916063929,0.0019116301908973987,"6669.TW,1590.TW,2408.TW,5876.TW,2884.TW,2345.TW,2412.TW,2002.TW,2883.TW,5880.TW",2018,7,10
2018-07-26,0.0030946955620360095,-0.0016335287182579483,0.003525443584061483,-0.0016630396404412108,0.8057499160276633,0.8057499160276634,0.8057499160276633,0.004713637008761831,"2912.TW,2408.TW,2880.TW,2892.TW,5880.TW,2454.TW,2887.TW,2382.TW,2886.TW,2615.TW",2018,7,10
2018-07-26,-2.8240498647247314e-05,-0.004768399269774126,0.003525443584061483,-0.0016630396404412108,0.8103064340777222,0.8103064340777221,0.8103064340777222,0.004740292639354674,"2912.TW,2408.TW,2880.TW,2892.TW,5880.TW",2018,7,5
2018-07-26,-0.007909624938967668,-0.01192488768342137,0.003525443584061483,-0.0016630396404412108,0.6918419099312421,0.6918419099312423,0.6918419099312422,0.004047275173097767,"2912.TW,2408.TW,2880.TW",2018,7,3
2018-08-02,-0.014914453827758767,-0.0189554288481546,0.0035126836336154543,0.005991834685753479,0.7012233236347188,0.7012233236347187,0.7012233236347187,0.004102156443263104,"2327.TW,1590.TW,6669.TW,3008.TW,2912.TW,2887.TW,2345.TW,3037.TW,2886.TW,1326.TW",2018,7,10
2018-08-02,-0.07009211608903354,-0.07553207720991273,0.0035126836336154543,0.005991834685753479,1.0,1.0,1.0,0.00585,"2327.TW,1590.TW,6669.TW",2018,7,3
2018-08-02,-0.041269444987625956,-0.045761673900776345,0.0035126836336154543,0.005991834685753479,0.800957447639074,0.800957447639074,0.800957447639074,0.004685601068688583,"2327.TW,1590.TW,6669.TW,3008.TW,2912.TW",2018,7,5
2018-08-09,-0.008407826443152877,-0.011405709968623223,-0.020419977284131585,-0.01766915129986978,0.5168039199668534,0.5168039199668535,0.5168039199668535,0.0030233029318060926,"6669.TW,1590.TW,2327.TW,2892.TW,2886.TW,1216.TW,2454.TW,2880.TW,2887.TW,2002.TW",2018,7,10
2018-08-09,-0.02107875481944358,-0.021193415427665285,-0.020419977284131585,-0.01766915129986978,0.02002214587335055,0.02002214587335055,0.02002214587335055,0.00011712955335910071,"6669.TW,1590.TW,2327.TW",2018,7,3
2018-08-09,-0.019579327331598152,-0.02199197387478491,-0.020419977284131585,-0.01766915129986978,0.4206543415573598,0.42065434155735976,0.4206543415573598,0.0024608278981105547,"6669.TW,1590.TW,2327.TW,2892.TW,2886.TW",2018,7,5
2018-08-16,-0.004582331921851312,-0.008076247936805614,0.01250745774860218,0.014592642572358941,0.6000000000000001,0.5999999999999999,0.6,0.0035099999999999997,"1590.TW,6669.TW,3034.TW,5880.TW,5871.TW",2018,7,5
2018-08-16,0.013063139591604945,0.009462836978128442,0.01250745774860218,0.014592642572358941,0.60750048060394,0.6075004806039398,0.6075004806039399,0.0035538778115330482,"1590.TW,6669.TW,3034.TW,5880.TW,5871.TW,3008.TW,2454.TW,2330.TW,9910.TW,2892.TW",2018,7,10
2018-08-16,-0.032977400005629876,-0.03486309407561894,0.01250745774860218,0.014592642572358941,0.3333333333333333,0.3333333333333333,0.3333333333333333,0.00195,"1590.TW,6669.TW,3034.TW",2018,7,3
2018-08-23,0.054387940439566185,0.050275827471851775,0.02352945861531497,0.014711353020700724,0.6666666666666666,0.6666666666666667,0.6666666666666667,0.0039000000000000003,"1590.TW,2454.TW,2327.TW",2018,7,3
2018-08-23,0.06717648671686591,0.06329923846518226,0.02352945861531497,0.014711353020700724,0.6210570483606708,0.6210570483606708,0.6210570483606708,0.003633183732909924,"1590.TW,2454.TW,2327.TW,6669.TW,3045.TW",2018,7,5
2018-08-23,0.03913521066809138,0.03601884815814693,0.02352945861531497,0.014711353020700724,0.5126489168035769,0.5126489168035769,0.5126489168035769,0.002998996163300925,"1590.TW,2454.TW,2327.TW,6669.TW,3045.TW,2892.TW,2891.TW,2408.TW,5876.TW,2330.TW",2018,7,10
2018-08-30,-0.034083218940512014,-0.038092461239466746,-0.009195204517827182,-0.021156114864801744,0.709523405496842,0.7095234054968422,0.7095234054968421,0.004150711922156527,"1102.TW,9910.TW,2002.TW,1301.TW,1101.TW,5880.TW,3045.TW,2408.TW,1326.TW,5876.TW",2018,7,10
2018-08-30,-0.03616350062320054,-0.04180194414455485,-0.009195204517827182,-0.021156114864801744,1.0,1.0,1.0,0.00585,"1102.TW,9910.TW,2002.TW",2018,7,3
2018-08-30,-0.026932295687314263,-0.032624741757543485,-0.009195204517827182,-0.021156114864801744,1.0,1.0,1.0,0.00585,"1102.TW,9910.TW,2002.TW,1301.TW,1101.TW",2018,7,5
2018-09-06,-0.034561097071860315,-0.0402089146539899,-0.005220580621701831,-0.009649118950143747,1.0,1.0,1.0,0.00585,"2327.TW,2884.TW,1590.TW",2018,7,3
2018-09-06,-0.012671582745525312,-0.016176445631410186,-0.005220580621701831,-0.009649118950143747,0.6068111181293054,0.6068111181293053,0.6068111181293054,0.0035498450410564367,"2327.TW,2884.TW,1590.TW,9910.TW,1102.TW",2018,7,5
2018-09-06,-0.007334449718996926,-0.011480557827010629,-0.005220580621701831,-0.009649118950143747,0.713973027994838,0.7139730279948379,0.713973027994838,0.004176742213769801,"2327.TW,2884.TW,1590.TW,9910.TW,1102.TW,2885.TW,2618.TW,3008.TW,2880.TW,2408.TW",2018,7,10
2018-09-13,0.012407474577714427,0.008757378175745067,0.005830727641576772,0.013348935117319778,0.6163013594511523,0.6163013594511524,0.6163013594511524,0.0036053629527892416,"6669.TW,1590.TW,2379.TW,2330.TW,3008.TW,2327.TW,2408.TW,2308.TW,3045.TW,2345.TW",2018,7,10
2018-09-13,0.11365612205300657,0.10931286317699973,0.005830727641576772,0.013348935117319778,0.6666666666666666,0.6666666666666665,0.6666666666666665,0.0038999999999999994,"6669.TW,1590.TW,2379.TW",2018,7,3
2018-09-13,0.03832364237629935,0.033464287729978226,0.005830727641576772,0.013348935117319778,0.8,0.8,0.8,0.00468,"6669.TW,1590.TW,2379.TW,2330.TW,3008.TW",2018,7,5
2018-09-20,-0.00803205498708931,-0.010550353793996492,0.0075364095497256756,0.011930331072081423,0.433964051656467,0.43396405165646684,0.4339640516564669,0.0025386897021903313,"6669.TW,2327.TW,3008.TW,2345.TW,2408.TW,3045.TW,4904.TW,2887.TW,2884.TW,5880.TW",2018,7,10
2018-09-20,-0.02047934391281962,-0.024299474471559557,0.0075364095497256756,0.011930331072081423,0.6666666666666666,0.6666666666666666,0.6666666666666666,0.0039,"6669.TW,2327.TW,3008.TW",2018,7,3
2018-09-20,-0.020249680948866654,-0.02391512672529006,0.0075364095497256756,0.011930331072081423,0.6395220449640333,0.6395220449640333,0.6395220449640333,0.003741203963039595,"6669.TW,2327.TW,3008.TW,2345.TW,2408.TW",2018,7,5
2018-09-28,-0.07041827844802827,-0.07265245994293024,-0.0454546798130675,-0.05298252510122595,0.4108421645944955,0.4108421645944953,0.4108421645944954,0.002403426662877798,"2345.TW,6669.TW,2327.TW,2408.TW,9910.TW,2892.TW,5871.TW,3008.TW,2887.TW,2002.TW",2018,7,10
2018-09-28,-0.13355278870880333,-0.13536043584629376,-0.0454546798130675,-0.05298252510122595,0.3566282015284668,0.35662820152846686,0.35662820152846686,0.002086274978941531,"2345.TW,6669.TW,2327.TW",2018,7,3
2018-09-28,-0.10835240906365459,-0.10948413729057571,-0.0454546798130675,-0.05298252510122595,0.2169666789146595,0.21696667891465934,0.21696667891465943,0.0012692550716507573,"2345.TW,6669.TW,2327.TW,2408.TW,9910.TW",2018,7,5
2018-10-05,-0.0313180149130396,-0.035430745580261824,-0.04761894078594453,-0.042756158513674564,0.725760253735634,0.7257602537356341,0.725760253735634,0.00424569748435346,"1590.TW,2308.TW,6669.TW,2379.TW,2327.TW,3037.TW,2395.TW,2885.TW,2912.TW,3008.TW",2018,7,10
2018-10-05,-0.004754305140965753,-0.008461261788652918,-0.04761894078594453,-0.042756158513674564,0.6366948445963534,0.6366948445963534,0.6366948445963534,0.0037246648408886677,"1590.TW,2308.TW,6669.TW,2379.TW,2327.TW",2018,7,5
2018-10-05,0.006561810208314442,0.002362265434586508,-0.04761894078594453,-0.042756158513674564,0.7131910770023978,0.7131910770023979,0.7131910770023979,0.004172167800464028,"1590.TW,2308.TW,6669.TW",2018,7,3
2018-10-15,0.01263755628802361,0.009617478630252307,-0.011392295694622412,-0.00022003173657185736,0.5098098405163206,0.5098098405163206,0.5098098405163206,0.0029823875670204757,"2327.TW,2345.TW,1590.TW,3008.TW,6669.TW,3037.TW,9910.TW,3034.TW,2454.TW,2207.TW",2018,7,10
2018-10-15,0.030875413614024124,0.026810444681699686,-0.011392295694622412,-0.00022003173657185736,0.6740547645054287,0.6740547645054288,0.6740547645054287,0.003943220372356758,"2327.TW,2345.TW,1590.TW",2018,7,3
2018-10-15,0.012893431323873996,0.010510170084882198,-0.011392295694622412,-0.00022003173657185736,0.4022092265480271,0.4022092265480271,0.4022092265480271,0.0023529239753059586,"2327.TW,2345.TW,1590.TW,3008.TW,6669.TW",2018,7,5
2018-10-22,-0.09199458891081065,-0.09568889442815876,-0.02944938403487951,-0.03642770485331809,0.6954861820516905,0.6954861820516905,0.6954861820516905,0.00406859416500239,"6669.TW,3008.TW,2327.TW",2018,7,3
2018-10-22,-0.0726489382376995,-0.0754414083033631,-0.02944938403487951,-0.03642770485331809,0.5147406737883317,0.5147406737883317,0.5147406737883317,0.0030112329416617403,"6669.TW,3008.TW,2327.TW,2408.TW,2345.TW,2379.TW,5876.TW,3037.TW,2303.TW,3017.TW",2018,7,10
2018-10-22,-0.0937428398140569,-0.09493410991716422,-0.02944938403487951,-0.03642770485331809,0.22469992404726719,0.224699924047267,0.22469992404726707,0.0013144945556765122,"6669.TW,3008.TW,2327.TW,2408.TW,2345.TW",2018,7,5
2018-10-29,0.08349018455896434,0.0808288662250829,0.03496045079428556,0.04814362562911313,0.41987109565288616,0.41987109565288594,0.41987109565288605,0.002456245909569383,"3008.TW,6669.TW,2327.TW,2345.TW,2408.TW,3037.TW,3034.TW,3045.TW,3231.TW,2317.TW",2018,7,10
2018-10-29,0.07715432303166743,0.07693786593972929,0.03496045079428556,0.04814362562911313,0.03435089244499295,0.03435089244499295,0.03435089244499295,0.0002009527208032088,"3008.TW,6669.TW,2327.TW",2018,7,3
2018-10-29,0.11699439248633547,0.11684929784442266,0.03496045079428556,0.04814362562911313,0.022204679860448412,0.022204679860448495,0.022204679860448454,0.00012989737718362357,"3008.TW,6669.TW,2327.TW,2345.TW,2408.TW",2018,7,5
2018-11-05,-0.038207017061788584,-0.04109043884342045,-0.029318049262365475,-0.022447297858285947,0.5124726640643881,0.5124726640643881,0.5124726640643881,0.0029979650847766705,"2327.TW,6669.TW,9910.TW,2303.TW,3008.TW,1102.TW,2317.TW,2207.TW,3231.TW,3017.TW",2018,7,10
2018-11-05,-0.027219967118187006,-0.02911688818230651,-0.029318049262365475,-0.022447297858285947,0.3333333333333333,0.3333333333333334,0.33333333333333337,0.0019500000000000003,"2327.TW,6669.TW,9910.TW",2018,7,3
2018-11-05,-0.05372036202528514,-0.05605312291844977,-0.029318049262365475,-0.022447297858285947,0.4214003237917716,0.4214003237917716,0.4214003237917716,0.0024651918941818642,"2327.TW,6669.TW,9910.TW,2303.TW,3008.TW",2018,7,5
2018-11-12,0.10499991683671926,0.10261162801221846,0.0032827946487887782,0.03244513660437395,0.3694611137016046,0.36946111370160467,0.3694611137016046,0.002161347515154387,"2327.TW,1102.TW,6669.TW",2018,7,3
2018-11-12,0.06341606813256136,0.06079509508618641,0.0032827946487887782,0.03244513660437395,0.42131165213976574,0.4213116521397657,0.42131165213976574,0.0024646731650176295,"2327.TW,1102.TW,6669.TW,3008.TW,2303.TW,2885.TW,2207.TW,1101.TW,3034.TW,5880.TW",2018,7,10
2018-11-12,0.09064339154427468,0.08914836958319072,0.0032827946487887782,0.03244513660437395,0.23431977085114802,0.2343197708511481,0.23431977085114808,0.0013707706594792163,"2327.TW,1102.TW,6669.TW,3008.TW,2303.TW",2018,7,5
2018-11-19,0.0338943472130536,0.031384516633136794,-0.00588995515780788,-0.008679760903893375,0.4149658710469907,0.41496587104699056,0.4149658710469906,0.002427550345624895,"2327.TW,2303.TW,3008.TW,2395.TW,2357.TW",2018,7,5
2018-11-19,0.05405221457843049,0.04984301375024458,-0.00588995515780788,-0.008679760903893375,0.6826241614409845,0.6826241614409846,0.6826241614409845,0.00399335134442976,"2327.TW,2303.TW,3008.TW",2018,7,3
2018-11-19,0.009167198514815011,0.00559109224431209,-0.00588995515780788,-0.008679760903893375,0.6057472122356221,0.605747212235622,0.605747212235622,0.003543621191578389,"2327.TW,2303.TW,3008.TW,2395.TW,2357.TW,9910.TW,2886.TW,2880.TW,2885.TW,3045.TW",2018,7,10
2018-11-26,0.1081758728235652,0.10556055636980699,0.033574581103954504,0.051318895072499926,0.40342210350509045,0.40342210350509056,0.4034221035050905,0.00236001930550478,"2327.TW,2303.TW,2357.TW,1102.TW,3034.TW",2018,7,5
2018-11-26,0.10318290289172223,0.10100765735141692,0.033574581103954504,0.051318895072499926,0.3370582008857738,0.33705820088577393,0.3370582008857739,0.0019717904751817773,"2327.TW,2303.TW,2357.TW",2018,7,3
2018-11-26,0.08257485436150368,0.07814171033289341,0.033574581103954504,0.051318895072499926,0.7,0.7000000000000002,0.7000000000000001,0.0040950000000000005,"2327.TW,2303.TW,2357.TW,1102.TW,3034.TW,2207.TW,2892.TW,3037.TW,5880.TW,2317.TW",2018,7,10
2018-12-03,-0.036568759583732506,-0.040472370100926414,-0.05095510145134252,-0.03737927389748386,0.6926118036245779,0.692611803624578,0.6926118036245779,0.004051779051203781,"2303.TW,2885.TW,5880.TW",2018,7,3
2018-12-03,-0.02994082081710108,-0.03457375423611886,-0.05095510145134252,-0.03737927389748386,0.8163980585889845,0.8163980585889844,0.8163980585889845,0.004775928642745559,"2303.TW,2885.TW,5880.TW,2382.TW,2609.TW",2018,7,5
2018-12-03,-0.022794467373022185,-0.026375779678378786,-0.05095510145134252,-0.03737927389748386,0.6264701920199646,0.6264701920199647,0.6264701920199647,0.0036648506233167935,"2303.TW,2885.TW,5880.TW,2382.TW,2609.TW,2892.TW,2357.TW,4904.TW,2618.TW,2880.TW",2018,7,10
2018-12-10,0.0030776518912500883,-0.0027903523723137313,0.013422647731220927,0.008009690410035413,1.0,1.0,1.0,0.00585,"2327.TW,2408.TW,2345.TW",2018,7,3
2018-12-10,0.01707553921581768,0.011125647311405196,0.013422647731220927,0.008009690410035413,1.0,1.0,1.0,0.00585,"2327.TW,2408.TW,2345.TW,3008.TW,2454.TW",2018,7,5
2018-12-10,0.012315407336003415,0.006985566716379399,0.013422647731220927,0.008009690410035413,0.8999999999999999,0.9000000000000001,0.9,0.005265000000000001,"2327.TW,2408.TW,2345.TW,3008.TW,2454.TW,2207.TW,2615.TW,9910.TW,2395.TW,2618.TW",2018,7,10
2018-12-17,-0.009034390408917736,-0.013696755192760146,-0.017880767953997845,-0.021777241040534932,0.8042513538530698,0.8042513538530699,0.8042513538530698,0.004704870420040459,"2327.TW,2317.TW,6669.TW,3037.TW,3711.TW,3017.TW,5876.TW,2303.TW,2345.TW,2412.TW",2018,7,10
2018-12-17,-0.011250272719552996,-0.015171363959414541,-0.017880767953997845,-0.021777241040534932,0.6778985503819233,0.6778985503819233,0.6778985503819233,0.0039657065197342516,"2327.TW,2317.TW,6669.TW",2018,7,3
2018-12-17,-0.015761865214187366,-0.020422216929725456,-0.017880767953997845,-0.021777241040534932,0.8093989561466921,0.8093989561466921,0.8093989561466921,0.0047349838934581485,"2327.TW,2317.TW,6669.TW,3037.TW,3711.TW",2018,7,5
2018-12-24,0.006872008392688711,0.0033198516051335947,-0.004720362482877882,0.002890058126939068,0.6030620410634802,0.6030620410634802,0.6030620410634802,0.0035279129402213593,"2327.TW,5876.TW,2345.TW,2379.TW,2609.TW,1102.TW,2207.TW,2357.TW,2317.TW,1101.TW",2018,7,10
2018-12-24,0.008230643715029596,0.003512124302443409,-0.004720362482877882,0.002890058126939068,0.8,0.8,0.8,0.00468,"2327.TW,5876.TW,2345.TW,2379.TW,2609.TW",2018,7,5
2018-12-24,0.01635860046741122,0.012394801925588395,-0.004720362482877882,0.002890058126939068,0.6666666666666666,0.6666666666666666,0.6666666666666666,0.0039,"2327.TW,5876.TW,2345.TW",2018,7,3
2019-01-02,0.042385074566226935,0.040899675834970006,0.013550365878841841,0.030616379393805862,1.0,0.0,0.5,0.001425,"2379.TW,2207.TW,2618.TW,2382.TW,3008.TW",2019,7,5
2019-01-02,0.04298597684077791,0.04149972182377981,0.013550365878841841,0.030616379393805862,0.9999999999999999,0.0,0.49999999999999994,0.0014249999999999998,"2379.TW,2207.TW,2618.TW,2382.TW,3008.TW,5876.TW,3034.TW,2454.TW,2912.TW,1326.TW",2019,7,10
2019-01-02,0.03451363574152644,0.03303945381059492,0.013550365878841841,0.030616379393805862,1.0,0.0,0.5,0.001425,"2379.TW,2207.TW,2618.TW",2019,7,3
2019-01-09,0.008570376504465061,0.0038174371916495087,0.01069481307627096,0.015582848678267876,0.8055642695126841,0.805564269512684,0.8055642695126841,0.004712550976649202,"3037.TW,2382.TW,2412.TW,5880.TW,4904.TW",2019,7,5
2019-01-09,0.006794952264175704,0.0026167448031575447,0.01069481307627096,0.015582848678267876,0.7094031371568942,0.7094031371568941,0.7094031371568941,0.00415000835236783,"3037.TW,2382.TW,2412.TW,5880.TW,4904.TW,2892.TW,5876.TW,2618.TW,2002.TW,3045.TW",2019,7,10
2019-01-09,0.011056588322219082,0.005141907280534097,0.01069481307627096,0.015582848678267876,1.0,1.0,1.0,0.00585,"3037.TW,2382.TW,2412.TW",2019,7,3
2019-01-16,0.01217771290929317,0.007430462702181284,0.008495616397286021,0.005107502489548823,0.8017324937604301,0.8017324937604303,0.8017324937604302,0.004690135088498517,"1326.TW,1101.TW,1303.TW,2207.TW,2880.TW,1301.TW,2912.TW,2892.TW,2884.TW,2002.TW",2019,7,10
2019-01-16,0.019904337365980275,0.01393789699238912,0.008495616397286021,0.005107502489548823,1.0,1.0,1.0,0.00585,"1326.TW,1101.TW,1303.TW,2207.TW,2880.TW",2019,7,5
2019-01-16,0.0024130429868959666,-0.00345107331457728,0.008495616397286021,0.005107502489548823,1.0,1.0,1.0,0.00585,"1326.TW,1101.TW,1303.TW",2019,7,3
2019-01-23,0.050019182479563565,0.043876570262058046,0.018931744700523723,0.0235054685029205,1.0,1.0,1.0,0.00585,"2357.TW,3037.TW,2308.TW",2019,7,3
2019-01-23,0.024365042440525186,0.020135719045448752,0.018931744700523723,0.0235054685029205,0.7057652635169848,0.7057652635169849,0.7057652635169849,0.004128726791574362,"2357.TW,3037.TW,2308.TW,3017.TW,1303.TW,2615.TW,4904.TW,1301.TW,2002.TW,2603.TW",2019,7,10
2019-01-23,0.03712685769545665,0.03223523992118782,0.018931744700523723,0.0235054685029205,0.8062407913777627,0.8062407913777625,0.8062407913777626,0.004716508629559911,"2357.TW,3037.TW,2308.TW,3017.TW,1303.TW",2019,7,5
2019-01-30,0.019229779513058137,0.015027032900867487,0.0019907666098819554,0.009989583678759623,0.7048638479237859,0.7048638479237859,0.7048638479237859,0.004123453510354148,"3017.TW,2330.TW,2886.TW,2454.TW,2615.TW,5880.TW,1216.TW,2303.TW,2880.TW,2002.TW",2019,7,10
2019-01-30,0.05468441176780188,0.048514507958960174,0.0019907666098819554,0.009989583678759623,1.0,1.0,1.0,0.00585,"3017.TW,2330.TW,2886.TW",2019,7,3
2019-01-30,0.03947420496094943,0.034563634118023545,0.0019907666098819554,0.009989583678759623,0.8075369405968926,0.8075369405968926,0.8075369405968926,0.004724091102491822,"3017.TW,2330.TW,2886.TW,2454.TW,2615.TW",2019,7,5
2019-02-15,0.028220401199064105,0.024558678092541975,0.024503168744120174,0.01784284979921763,0.6087562287565375,0.6087562287565373,0.6087562287565373,0.0035612239382257437,"2345.TW,2357.TW,5880.TW,2880.TW,2892.TW,2603.TW,2885.TW,1101.TW,2886.TW,2454.TW",2019,7,10
2019-02-15,0.029912654258726246,0.023887665231312694,0.024503168744120174,0.01784284979921763,1.0,1.0,1.0,0.00585,"2345.TW,2357.TW,5880.TW",2019,7,3
2019-02-15,0.022606735746270923,0.016624486342155187,0.024503168744120174,0.01784284979921763,1.0,1.0,1.0,0.00585,"2345.TW,2357.TW,5880.TW,2880.TW,2892.TW",2019,7,5
2019-02-22,0.022921424242878574,0.0188913125336454,-0.006464050927713183,0.0010223369477201816,0.6734710684099536,0.6734710684099536,0.6734710684099536,0.003939805750198229,"6669.TW,2357.TW,2609.TW",2019,7,3
2019-02-22,-0.003585054811489164,-0.007691018618927625,-0.006464050927713183,0.0010223369477201816,0.7043994658117947,0.7043994658117947,0.7043994658117947,0.004120736874998999,"6669.TW,2357.TW,2609.TW,2327.TW,2395.TW,2886.TW,2308.TW,2382.TW,2880.TW,2883.TW",2019,7,10
2019-02-22,-0.004278391133139215,-0.008953996239993822,-0.006464050927713183,0.0010223369477201816,0.8026829277352154,0.8026829277352154,0.8026829277352154,0.004695695127251011,"6669.TW,2357.TW,2609.TW,2327.TW,2395.TW",2019,7,5
2019-03-05,0.004433354104177407,-0.0014425810173319675,0.0026026707295023765,0.00011450507481585825,1.0,1.0000000000000002,1.0,0.005850000000000001,"2327.TW,2345.TW,3034.TW",2019,7,3
2019-03-05,-0.00024397576734068753,-0.004982352921525712,0.0026026707295023765,0.00011450507481585825,0.8101766641887097,0.8101766641887097,0.8101766641887097,0.004739533485503952,"2327.TW,2345.TW,3034.TW,2912.TW,2330.TW,1216.TW,3017.TW,1101.TW,2886.TW,2891.TW",2019,7,10
2019-03-05,0.0008072853426890786,-0.003994923473101708,0.0026026707295023765,0.00011450507481585825,0.8202282376277659,0.820228237627766,0.8202282376277659,0.004798335190122431,"2327.TW,2345.TW,3034.TW,2912.TW,2330.TW",2019,7,5
2019-03-12,0.016068458595107058,0.010124458112325652,0.016871895776870982,0.021667994346419382,1.0,1.0,1.0,0.00585,"2308.TW,2887.TW,2609.TW,2880.TW,3045.TW",2019,7,5
2019-03-12,0.02060795269005703,0.014637396166820249,0.016871895776870982,0.021667994346419382,1.0,1.0,1.0,0.00585,"2308.TW,2887.TW,2609.TW",2019,7,3
2019-03-12,0.020694422892200436,0.014723360518281048,0.016871895776870982,0.021667994346419382,0.9999999999999999,1.0,1.0,0.00585,"2308.TW,2887.TW,2609.TW,2880.TW,3045.TW,2395.TW,5871.TW,4904.TW,5880.TW,2408.TW",2019,7,10
2019-03-19,0.02067002928807297,0.015290237198928747,0.0012763047360380142,0.007750563069552447,0.9009989055741587,0.9009989055741587,0.9009989055741587,0.005270843597608829,"1102.TW,2327.TW,2892.TW,1101.TW,1303.TW,2885.TW,3711.TW,2883.TW,2412.TW,5880.TW",2019,7,10
2019-03-19,0.023454125873950595,0.01746691923758803,0.0012763047360380142,0.007750563069552447,1.0,0.9999999999999999,1.0,0.005849999999999999,"1102.TW,2327.TW,2892.TW,1101.TW,1303.TW",2019,7,5
2019-03-19,0.010638962770047389,0.004726724837842644,0.0012763047360380142,0.007750563069552447,1.0,0.9999999999999998,0.9999999999999999,0.005849999999999999,"1102.TW,2327.TW,2892.TW",2019,7,3
2019-03-26,0.05445995164978834,0.04829136093263697,0.02485677777716422,0.02086902087254979,1.0,0.9999999999999999,1.0,0.005849999999999999,"2882.TW,2881.TW,3037.TW",2019,7,3
2019-03-26,0.020276404376524313,0.01606371883826485,0.02485677777716422,0.02086902087254979,0.7058059785939079,0.7058059785939081,0.705805978593908,0.0041289649747743625,"2882.TW,2881.TW,3037.TW,2408.TW,2880.TW,2883.TW,2892.TW,5880.TW,2884.TW,1326.TW",2019,7,10
2019-03-26,0.03581115178583629,0.02975165654788925,0.02485677777716422,0.02086902087254979,1.0,1.0000000000000002,1.0,0.005850000000000001,"2882.TW,2881.TW,3037.TW,2408.TW,2880.TW",2019,7,5
2019-04-02,-0.013685675736631065,-0.019455614533571808,0.00932841308814325,0.011013703628135283,1.0,1.0,1.0,0.00585,"6669.TW,2615.TW,2412.TW,5880.TW,2395.TW",2019,7,5
2019-04-02,-0.021952590200854195,-0.027674167548179196,0.00932841308814325,0.011013703628135283,1.0,1.0,1.0,0.00585,"6669.TW,2615.TW,2412.TW",2019,7,3
2019-04-02,-0.0016290264133045906,-0.0068955812779905035,0.00932841308814325,0.011013703628135283,0.9017347385420961,0.9017347385420958,0.901734738542096,0.005275148220471261,"6669.TW,2615.TW,2412.TW,5880.TW,2395.TW,2886.TW,2002.TW,2382.TW,1216.TW,2308.TW",2019,7,10
2019-04-11,-0.013246915430992916,-0.01717924125369963,0.025877759190972904,0.010128905231754049,0.6812164652310535,0.6812164652310535,0.6812164652310535,0.003985116321601663,"6669.TW,1303.TW,1590.TW",2019,7,3
2019-04-11,-0.007451470773466552,-0.01215659570563532,0.025877759190972904,0.010128905231754049,0.8103330331128009,0.8103330331128009,0.8103330331128009,0.004740448243709885,"6669.TW,1303.TW,1590.TW,2884.TW,2454.TW",2019,7,5
2019-04-11,-0.00024119845019637863,-0.004392246145948353,0.025877759190972904,0.010128905231754049,0.7097519937735712,0.7097519937735712,0.7097519937735712,0.004152049163575392,"6669.TW,1303.TW,1590.TW,2884.TW,2454.TW,2880.TW,3037.TW,1216.TW,2408.TW,2412.TW",2019,7,10
2019-04-18,-0.015769082383474926,-0.019617480875632864,-0.0054052958978864085,0.0009812374238763089,0.6683857256673662,0.6683857256673664,0.6683857256673663,0.003910056495154093,"3008.TW,6669.TW,1301.TW",2019,7,3
2019-04-18,-0.00856859163570034,-0.013221210930732696,-0.0054052958978864085,0.0009812374238763089,0.8021932035868307,0.8021932035868307,0.8021932035868307,0.0046928302409829595,"3008.TW,6669.TW,1301.TW,2881.TW,3045.TW",2019,7,5
2019-04-18,-0.00371190903558618,-0.008967914414759193,-0.0054052958978864085,0.0009812374238763089,0.9018098942732222,0.9018098942732223,0.9018098942732222,0.00527558788149835,"3008.TW,6669.TW,1301.TW,2881.TW,3045.TW,4904.TW,1102.TW,2891.TW,2892.TW,5876.TW",2019,7,10
2019-04-25,0.0028386631021733253,-0.0030279430769744042,-0.0024155062594409804,0.00677869620457491,1.0,1.0,1.0,0.00585,"4904.TW,2887.TW,2330.TW",2019,7,3
2019-04-25,0.011270444944998537,0.005354512842070225,-0.0024155062594409804,0.00677869620457491,1.0,1.0,1.0,0.00585,"4904.TW,2887.TW,2330.TW,2382.TW,2454.TW",2019,7,5
2019-04-25,0.017430603777421217,0.013856712918950187,-0.0024155062594409804,0.00677869620457491,0.6004552172898769,0.6004552172898769,0.6004552172898769,0.00351266302114578,"4904.TW,2887.TW,2330.TW,2382.TW,2454.TW,2884.TW,3045.TW,5876.TW,2880.TW,2881.TW",2019,7,10
2019-05-03,-0.010393820445643376,-0.013898826744706327,-0.01815972430486812,-0.015008992919854088,0.605439202267323,0.605439202267323,0.605439202267323,0.0035418193332638396,"5880.TW,2308.TW,4904.TW,1301.TW,2382.TW,3045.TW,2412.TW,2892.TW,2615.TW,2887.TW",2019,7,10
2019-05-03,-0.02023305016242819,-0.024054141266794726,-0.01815972430486812,-0.015008992919854088,0.6666666666666666,0.6666666666666665,0.6666666666666665,0.0038999999999999994,"5880.TW,2308.TW,4904.TW",2019,7,3
2019-05-03,-0.013609137958684571,-0.017108256598687532,-0.01815972430486812,-0.015008992919854088,0.6063924165155041,0.6063924165155041,0.6063924165155041,0.003547395636615699,"5880.TW,2308.TW,4904.TW,1301.TW,2382.TW",2019,7,5
2019-05-10,-0.025081125069734436,-0.030784400488076513,-0.03205913691520357,-0.028627862834284108,1.0,1.0,1.0,0.00585,"2345.TW,2207.TW,3231.TW",2019,7,3
2019-05-10,-0.043397605485491014,-0.04899372949340086,-0.03205913691520357,-0.028627862834284108,0.9999999999999999,1.0000000000000002,1.0,0.005850000000000001,"2345.TW,2207.TW,3231.TW,2886.TW,2454.TW,2317.TW,1590.TW,2603.TW,3008.TW,2891.TW",2019,7,10
2019-05-10,-0.015647759256238295,-0.02140621986458935,-0.03205913691520357,-0.028627862834284108,1.0,1.0000000000000002,1.0,0.005850000000000001,"2345.TW,2207.TW,3231.TW,2886.TW,2454.TW",2019,7,5
2019-05-17,-0.01409107373753439,-0.018754791242431956,-0.012738972547207461,-0.00138547344748283,0.8086108627964878,0.8086108627964879,0.8086108627964879,0.004730373547359454,"2379.TW,3037.TW,3017.TW,3034.TW,5876.TW,2345.TW,2884.TW,2615.TW,3008.TW,3045.TW",2019,7,10
2019-05-17,-0.07655347737895915,-0.08195563953629226,-0.012738972547207461,-0.00138547344748283,1.0,0.9999999999999999,1.0,0.005849999999999999,"2379.TW,3037.TW,3017.TW",2019,7,3
2019-05-17,-0.039221383808123456,-0.04484193871284592,-0.012738972547207461,-0.00138547344748283,1.0,1.0,1.0,0.00585,"2379.TW,3037.TW,3017.TW,3034.TW,5876.TW",2019,7,5
2019-05-24,0.005797009876324181,-8.690263145227917e-05,0.009032261893369364,0.008362594503738045,1.0,1.0,1.0,0.00585,"1102.TW,9910.TW,2412.TW",2019,7,3
2019-05-24,0.0059659313227287125,8.103062449071885e-05,0.009032261893369364,0.008362594503738045,1.0,0.9999999999999999,1.0,0.005849999999999999,"1102.TW,9910.TW,2412.TW,3045.TW,2886.TW",2019,7,5
2019-05-24,0.012162300787959502,0.007912184848808623,0.009032261893369364,0.008362594503738045,0.7177856205357659,0.7177856205357659,0.7177856205357659,0.0041990458801342305,"1102.TW,9910.TW,2412.TW,3045.TW,2886.TW,1101.TW,1216.TW,3017.TW,3037.TW,2880.TW",2019,7,10
2019-05-31,0.05138812550746914,0.0472758952177319,0.012787718543652238,0.017044120129964882,0.6685878712333337,0.6685878712333337,0.6685878712333337,0.003911239046715003,"2412.TW,3045.TW,6669.TW",2019,7,3
2019-05-31,0.02920451904639558,0.024972151511141183,0.012787718543652238,0.017044120129964882,0.7029522476527322,0.7029522476527321,0.7029522476527321,0.004112270648768483,"2412.TW,3045.TW,6669.TW,2892.TW,1101.TW,2912.TW,2887.TW,2891.TW,4904.TW,5880.TW",2019,7,10
2019-05-31,0.03957059181944356,0.035912417435300936,0.012787718543652238,0.017044120129964882,0.6015262065655937,0.6015262065655935,0.6015262065655936,0.0035189283084087223,"2412.TW,3045.TW,6669.TW,2892.TW,1101.TW",2019,7,5
2019-06-10,-0.016535927633061626,-0.022289192456408258,-0.005050462771551634,-0.0022995732700848183,1.0,1.0,1.0,0.00585,"1303.TW,2887.TW,2884.TW",2019,7,3
2019-06-10,-0.01305531380179601,-0.015405837109913945,-0.005050462771551634,-0.0022995732700848183,0.40711385522151133,0.4071138552215113,0.40711385522151133,0.002381616053045841,"1303.TW,2887.TW,2884.TW,2892.TW,5880.TW,4904.TW,2412.TW,3045.TW,1102.TW,2880.TW",2019,7,10
2019-06-10,-0.01722691801087464,-0.02185026847956273,-0.005050462771551634,-0.0022995732700848183,0.8041696846583191,0.804169684658319,0.8041696846583191,0.004704392655251167,"1303.TW,2887.TW,2884.TW,2892.TW,5880.TW",2019,7,5
2019-06-17,0.03490619982193086,0.029454665263834334,0.029822198309273906,0.02450471069875875,0.9004547942679371,0.900454794267937,0.9004547942679371,0.005267660546467431,"1590.TW,5876.TW,2454.TW,3008.TW,2886.TW,1216.TW,2345.TW,2412.TW,2330.TW,3034.TW",2019,7,10
2019-06-17,0.03206648869996593,0.026028899741071143,0.029822198309273906,0.02450471069875875,1.0,0.9999999999999999,1.0,0.005849999999999999,"1590.TW,5876.TW,2454.TW,3008.TW,2886.TW",2019,7,5
2019-06-17,0.04282823454451337,0.036727689372427985,0.029822198309273906,0.02450471069875875,1.0,1.0,1.0,0.00585,"1590.TW,5876.TW,2454.TW",2019,7,3
2019-06-24,0.06002762508194699,0.055893517344127286,0.01848439718232653,0.02033360360626206,0.6666666666666666,0.6666666666666667,0.6666666666666667,0.0039000000000000003,"2308.TW,2886.TW,1590.TW",2019,7,3
2019-06-24,0.01832440811342185,0.013542306817509786,0.01848439718232653,0.02033360360626206,0.8027434150290875,0.8027434150290875,0.8027434150290875,0.004696048977920162,"2308.TW,2886.TW,1590.TW,2891.TW,2382.TW,1326.TW,3231.TW,2618.TW,2615.TW,4904.TW",2019,7,10
2019-06-24,0.039994160687216326,0.0363136556305228,0.01848439718232653,0.02033360360626206,0.604951630806867,0.6049516308068669,0.604951630806867,0.0035389670402201714,"2308.TW,2886.TW,1590.TW,2891.TW,2382.TW",2019,7,5
2019-07-01,-0.003004411143982349,-0.008836835338789983,-0.010889250179416665,-0.004655597984158944,1.0,1.0,1.0,0.00585,"5876.TW,1301.TW,1303.TW",2019,7,3
2019-07-01,0.002927127933271844,-0.002939995765137815,-0.010889250179416665,-0.004655597984158944,0.9999999999999999,0.9999999999999999,0.9999999999999999,0.005849999999999999,"5876.TW,1301.TW,1303.TW,3045.TW,2207.TW,2884.TW,2454.TW,1216.TW,2880.TW,5880.TW",2019,7,10
2019-07-01,-0.006438780650577215,-0.012251113783771417,-0.010889250179416665,-0.004655597984158944,1.0,0.9999999999999999,1.0,0.005849999999999999,"5876.TW,1301.TW,1303.TW,3045.TW,2207.TW",2019,7,5
2019-07-08,0.01816017628132864,0.012786484015284039,0.01773673750112792,0.011036691432901395,0.9021958390599344,0.9021958390599345,0.9021958390599345,0.005277845658500617,"2603.TW,2303.TW,2207.TW,2379.TW,2330.TW,3034.TW,9910.TW,2327.TW,2882.TW,2885.TW",2019,7,10
2019-07-08,0.026917802031992767,0.02209652115384597,0.01773673750112792,0.011036691432901395,0.8025477558478534,0.8025477558478533,0.8025477558478533,0.004694904371709942,"2603.TW,2303.TW,2207.TW,2379.TW,2330.TW",2019,7,5
2019-07-08,0.029078303958662916,0.023058195880504728,0.01773673750112792,0.011036691432901395,1.0,1.0,1.0,0.00585,"2603.TW,2303.TW,2207.TW",2019,7,3
2019-07-15,0.019334841388085035,0.013371732565964578,0.013385570053038087,0.0078039950263698275,1.0,1.0,1.0,0.00585,"1102.TW,9910.TW,2891.TW,1101.TW,2886.TW",2019,7,5
2019-07-15,0.02293950276947195,0.016955306678270388,0.013385570053038087,0.0078039950263698275,1.0,1.0,1.0,0.00585,"1102.TW,9910.TW,2891.TW",2019,7,3
2019-07-15,0.008197979593703131,0.0034320342043259178,0.013385570053038087,0.0078039950263698275,0.8080670027527455,0.8080670027527453,0.8080670027527455,0.00472719196610356,"1102.TW,9910.TW,2891.TW,1101.TW,2886.TW,2887.TW,2207.TW,2395.TW,2881.TW,2892.TW",2019,7,10
2019-07-22,-0.0005701900843801521,-0.006416854472386602,1.1462414084562056e-07,0.002721062032960335,1.0,0.9999999999999998,0.9999999999999999,0.005849999999999999,"3231.TW,2207.TW,2303.TW,5880.TW,2327.TW",2019,7,5
2019-07-22,-0.01154599527024976,-0.017328451197918815,1.1462414084562056e-07,0.002721062032960335,1.0,1.0,1.0,0.00585,"3231.TW,2207.TW,2303.TW",2019,7,3
2019-07-22,-0.0014866631086781774,-0.005021225356941494,1.1462414084562056e-07,0.002721062032960335,0.6050982521654376,0.6050982521654374,0.6050982521654376,0.0035398247751678093,"3231.TW,2207.TW,2303.TW,5880.TW,2327.TW,2886.TW,2880.TW,1102.TW,2002.TW,2892.TW",2019,7,10
2019-07-29,-0.06986723264571519,-0.07530850933473776,-0.059210548072917146,-0.06220977532637832,1.0,1.0,1.0,0.00585,"2382.TW,3008.TW,2395.TW,2892.TW,2330.TW",2019,7,5
2019-07-29,-0.08282337238519373,-0.0881888556567404,-0.059210548072917146,-0.06220977532637832,1.0,1.0,1.0,0.00585,"2382.TW,3008.TW,2395.TW",2019,7,3
2019-07-29,-0.06985256666327509,-0.07366152040278895,-0.059210548072917146,-0.06220977532637832,0.7,0.6999999999999998,0.7,0.004095,"2382.TW,3008.TW,2395.TW,2892.TW,2330.TW,2886.TW,3034.TW,5880.TW,2884.TW,2408.TW",2019,7,10
2019-08-05,0.061152061602804515,0.05494432204242816,0.02606479580659493,0.03791861792928697,1.0,1.0,1.0,0.00585,"3711.TW,2603.TW,3037.TW,5871.TW,2408.TW",2019,7,5
2019-08-05,0.07645507380138938,0.07015781161965129,0.02606479580659493,0.03791861792928697,1.0,1.0,1.0,0.00585,"3711.TW,2603.TW,3037.TW",2019,7,3
2019-08-05,0.06834997838751178,0.06453456524565238,0.02606479580659493,0.03791861792928697,0.6104810107837638,0.6104810107837637,0.6104810107837637,0.0035713139130850178,"3711.TW,2603.TW,3037.TW,5871.TW,2408.TW,2454.TW,2884.TW,6669.TW,3008.TW,2330.TW",2019,7,10
2019-08-13,0.0073281917532524565,0.0037290560677847306,0.0030978676036637065,0.004118404804215883,0.6107610948919092,0.6107610948919093,0.6107610948919093,0.0035729524051176693,"2408.TW,3711.TW,2880.TW,5880.TW,2345.TW,2892.TW,2330.TW,5871.TW,3034.TW,2609.TW",2019,7,10
2019-08-13,0.005669346006468512,0.0016625233022531383,0.0030978676036637065,0.004118404804215883,0.6810657605358796,0.6810657605358799,0.6810657605358797,0.003984234699134897,"2408.TW,3711.TW,2880.TW",2019,7,3
2019-08-13,0.0039092419859414924,0.0003401892509147242,0.0030978676036637065,0.004118404804215883,0.6077187649085072,0.6077187649085071,0.6077187649085072,0.0035551547747147668,"2408.TW,3711.TW,2880.TW,5880.TW,2345.TW",2019,7,5
2019-08-20,-0.0014875120205572576,-0.006182965499450965,-0.010500502043819693,-0.010544986934415029,0.8038373380266016,0.8038373380266015,0.8038373380266015,0.004702448427455619,"2615.TW,2327.TW,2408.TW,9910.TW,2881.TW,3045.TW,5880.TW,2412.TW,2884.TW,2887.TW",2019,7,10
2019-08-20,-0.006774944191099143,-0.01071054593334897,-0.010500502043819693,-0.010544986934415029,0.6773413846519596,0.6773413846519597,0.6773413846519596,0.003962447100213964,"2615.TW,2327.TW,2408.TW",2019,7,3
2019-08-20,0.0025494140227468433,-0.002178090343536998,-0.010500502043819693,-0.010544986934415029,0.8060654100333742,0.8060654100333741,0.8060654100333742,0.004715482648695238,"2615.TW,2327.TW,2408.TW,9910.TW,2881.TW",2019,7,5
2019-08-27,0.020827708284845967,0.016643766147654393,0.01685423993797408,0.02177090010192398,0.7006116490871467,0.7006116490871468,0.7006116490871468,0.004098578147159809,"2885.TW,2395.TW,3037.TW,3034.TW,3711.TW,3231.TW,2330.TW,5880.TW,2881.TW,2412.TW",2019,7,10
2019-08-27,0.017206907391291493,0.011256246983052387,0.01685423993797408,0.02177090010192398,1.0,1.0,1.0,0.00585,"2885.TW,2395.TW,3037.TW",2019,7,3
2019-08-27,0.029849228960725373,0.02382461097130495,0.01685423993797408,0.02177090010192398,1.0,1.0,1.0,0.00585,"2885.TW,2395.TW,3037.TW,3034.TW,3711.TW",2019,7,5
2019-09-03,0.021868540550180247,0.015890609587961624,0.03253517237328318,0.03283380116259104,1.0,1.0,1.0,0.00585,"3017.TW,3034.TW,2412.TW",2019,7,3
2019-09-03,0.03164300274892027,0.028596339396787185,0.03253517237328318,0.03283380116259104,0.5048230374490665,0.5048230374490666,0.5048230374490665,0.00295321476907704,"3017.TW,3034.TW,2412.TW,2207.TW,2379.TW,2345.TW,3045.TW,2330.TW,2881.TW,3711.TW",2019,7,10
2019-09-03,0.03063691302421421,0.02581353227126071,0.03253517237328318,0.03283380116259104,0.8,0.8,0.8,0.00468,"3017.TW,3034.TW,2412.TW,2207.TW,2379.TW",2019,7,5
2019-09-11,0.0083045261507703,0.004356418095302406,0.006539957252906126,0.004133152128278421,0.6693317825998197,0.66933178259982,0.6693317825998198,0.003915590928208946,"2615.TW,2412.TW,3231.TW",2019,7,3
2019-09-11,0.0030553119409831297,-0.001656989318431945,0.006539957252906126,0.004133152128278421,0.803067959679356,0.8030679596793561,0.803067959679356,0.004697947564124233,"2615.TW,2412.TW,3231.TW,4904.TW,2308.TW,3045.TW,2317.TW,1102.TW,5880.TW,2609.TW",2019,7,10
2019-09-11,0.00894132438865194,0.004200078051886491,0.006539957252906126,0.004133152128278421,0.8032870095466222,0.8032870095466221,0.8032870095466222,0.00469922900584774,"2615.TW,2412.TW,3231.TW,4904.TW,2308.TW",2019,7,5
2019-09-19,0.004960602600985667,-0.0009184169242301143,0.0029531201610204505,-0.0052835537747104745,1.0,1.0000000000000002,1.0,0.005850000000000001,"6669.TW,2345.TW,2395.TW",2019,7,3
2019-09-19,-0.0037907346192957328,-0.008470462063343676,0.0029531201610204505,-0.0052835537747104745,0.8029973591274161,0.8029973591274162,0.8029973591274162,0.004697534550895385,"6669.TW,2345.TW,2395.TW,2317.TW,2885.TW,2881.TW,2882.TW,2883.TW,2303.TW,1102.TW",2019,7,10
2019-09-19,0.00010511044112337898,-0.005745504454957251,0.0029531201610204505,-0.0052835537747104745,1.0,1.0,1.0,0.00585,"6669.TW,2345.TW,2395.TW,2317.TW,2885.TW",2019,7,5
2019-09-26,0.0009129462003672944,-0.004365459650398029,0.005889487413270222,0.00041067440434778836,0.9014686060827438,0.9014686060827442,0.9014686060827439,0.005273591345584052,"5876.TW,3711.TW,3034.TW,2308.TW,2885.TW,2884.TW,2880.TW,5880.TW,2892.TW,2357.TW",2019,7,10
2019-09-26,0.026907195485762033,0.020899788392170215,0.005889487413270222,0.00041067440434778836,1.0,1.0,1.0,0.00585,"5876.TW,3711.TW,3034.TW",2019,7,3
2019-09-26,0.013369949723139766,0.00860541516917901,0.005889487413270222,0.00041067440434778836,0.8037048575665187,0.8037048575665185,0.8037048575665187,0.004701673416764134,"5876.TW,3711.TW,3034.TW,2308.TW,2885.TW",2019,7,5
2019-10-04,0.03971824340684136,0.033635891682911145,0.030444909947539456,0.015143042622121537,1.0,0.9999999999999999,1.0,0.005849999999999999,"2327.TW,2884.TW,1101.TW,1102.TW,5880.TW",2019,7,5
2019-10-04,0.058247932848232445,0.05205718244107027,0.030444909947539456,0.015143042622121537,1.0,1.0,1.0,0.00585,"2327.TW,2884.TW,1101.TW",2019,7,3
2019-10-04,0.023230939468339262,0.018435137358669973,0.030444909947539456,0.015143042622121537,0.801182998676755,0.8011829986767551,0.8011829986767551,0.004686920542259018,"2327.TW,2884.TW,1101.TW,1102.TW,5880.TW,2881.TW,4904.TW,2887.TW,2615.TW,2382.TW",2019,7,10
2019-10-15,0.006376029190834487,0.0016661893742213607,0.007954394565785616,0.01374468272205339,0.8,0.7999999999999998,0.7999999999999999,0.004679999999999999,"2408.TW,2454.TW,3034.TW,2379.TW,2327.TW",2019,7,5
2019-10-15,0.0073755729994370856,0.002071740607595185,0.007954394565785616,0.01374468272205339,0.8999999999999999,0.8999999999999999,0.8999999999999999,0.005265,"2408.TW,2454.TW,3034.TW,2379.TW,2327.TW,3045.TW,2618.TW,2412.TW,2880.TW,3231.TW",2019,7,10
2019-10-15,0.009524802364406632,0.003619082270574836,0.007954394565785616,0.01374468272205339,1.0,1.0,1.0,0.00585,"2408.TW,2454.TW,3034.TW",2019,7,3
2019-10-22,-0.003619700914239532,-0.009448525663891316,0.008455348415917774,0.004080473394220234,1.0,1.0,1.0,0.00585,"9910.TW,3045.TW,2880.TW,2881.TW,2886.TW",2019,7,5
2019-10-22,-0.0008502519749556626,-0.004950148132876864,0.008455348415917774,0.004080473394220234,0.7014333451590142,0.7014333451590143,0.7014333451590142,0.004103385069180234,"9910.TW,3045.TW,2880.TW,2881.TW,2886.TW,2891.TW,2892.TW,2882.TW,2887.TW,2618.TW",2019,7,10
2019-10-22,-0.011587949570031248,-0.017370160065046658,0.008455348415917774,0.004080473394220234,1.0,1.0,1.0,0.00585,"9910.TW,3045.TW,2880.TW",2019,7,3
2019-10-29,0.013426322057426738,0.007497778073390693,0.0391280698190446,0.024707468477168003,1.0,1.0,1.0,0.00585,"3037.TW,2379.TW,2887.TW",2019,7,3
2019-10-29,0.02446427956218923,0.020238250825926007,0.0391280698190446,0.024707468477168003,0.7051471573841688,0.7051471573841689,0.7051471573841688,0.004125110870697388,"3037.TW,2379.TW,2887.TW,9910.TW,2603.TW,2345.TW,1101.TW,2881.TW,3008.TW,3034.TW",2019,7,10
2019-10-29,0.011985156960929078,0.007192851593315952,0.0391280698190446,0.024707468477168003,0.8094955673039892,0.809495567303989,0.8094955673039891,0.004735549068728336,"3037.TW,2379.TW,2887.TW,9910.TW,2603.TW",2019,7,5
2019-11-05,0.010233360729934393,0.004323495569664271,-0.015061878483840108,-0.010688228183121633,1.0,0.9999999999999999,1.0,0.005849999999999999,"6669.TW,2345.TW,2881.TW,2618.TW,5880.TW",2019,7,5
2019-11-05,0.00342513774097114,-0.000733484997273659,-0.015061878483840108,-0.010688228183121633,0.7084491458442519,0.708449145844252,0.7084491458442519,0.004144427503188874,"6669.TW,2345.TW,2881.TW,2618.TW,5880.TW,2892.TW,1301.TW,2887.TW,2412.TW,2891.TW",2019,7,10
2019-11-05,0.019049633014473856,0.013088192661339093,-0.015061878483840108,-0.010688228183121633,1.0,1.0,1.0,0.00585,"6669.TW,2345.TW,2881.TW",2019,7,3
2019-11-12,0.0142321501869213,0.008298892108327793,0.02239227839035096,0.012189364606254343,1.0,1.0,1.0,0.00585,"2327.TW,3008.TW,2884.TW,2880.TW,2303.TW",2019,7,5
2019-11-12,0.00699192244461937,0.002842792509210934,0.02239227839035096,0.012189364606254343,0.7043283710656638,0.7043283710656639,0.7043283710656638,0.004120320970734134,"2327.TW,3008.TW,2884.TW,2880.TW,2303.TW,2892.TW,1301.TW,1303.TW,3045.TW,2887.TW",2019,7,10
2019-11-12,0.02017583378851939,0.014207805160856513,0.02239227839035096,0.012189364606254343,1.0,1.0,1.0,0.00585,"2327.TW,3008.TW,2884.TW",2019,7,3
2019-11-19,-0.006519508434801239,-0.01233136931045764,-0.008012727504374761,-0.0023101980375536593,1.0,1.0,1.0,0.00585,"2618.TW,2886.TW,3045.TW",2019,7,3
2019-11-19,-7.199626105711712e-05,-0.0041813207460602575,-0.008012727504374761,-0.0023101980375536593,0.7024992072313818,0.7024992072313819,0.7024992072313818,0.004109620362303584,"2618.TW,2886.TW,3045.TW,2885.TW,3008.TW,2881.TW,2412.TW,1326.TW,2891.TW,2887.TW",2019,7,10
2019-11-19,-0.007818102190425292,-0.012472733046806739,-0.008012727504374761,-0.0023101980375536593,0.8019329883056758,0.8019329883056757,0.8019329883056758,0.0046913079815882035,"2618.TW,2886.TW,3045.TW,2885.TW,3008.TW",2019,7,5
2019-11-26,-0.011705229990534916,-0.015179753119052397,-0.010770241077134424,-0.004471594200038744,0.6009700704159929,0.600970070415993,0.600970070415993,0.0035156749119335594,"2330.TW,2357.TW,3037.TW,2886.TW,2885.TW,5871.TW,2887.TW,2884.TW,3045.TW,2883.TW",2019,7,10
2019-11-26,-0.0138634893957863,-0.01732710068175869,-0.010770241077134424,-0.004471594200038744,0.6003938591946592,0.600393859194659,0.6003938591946592,0.0035123040762887556,"2330.TW,2357.TW,3037.TW,2886.TW,2885.TW",2019,7,5
2019-11-26,-0.019816337666728707,-0.025550412091378427,-0.010770241077134424,-0.004471594200038744,1.0,1.0,1.0,0.00585,"2330.TW,2357.TW,3037.TW",2019,7,3
2019-12-03,0.015097352714588232,0.01034669710388414,0.012520514883283207,0.0066565714338651105,0.7999999999999999,0.7999999999999998,0.7999999999999998,0.004679999999999999,"3034.TW,2454.TW,2330.TW,2886.TW,2892.TW,2891.TW,3008.TW,3231.TW,1301.TW,2412.TW",2019,7,10
2019-12-03,0.018385883365637755,0.014811348915024336,0.012520514883283207,0.0066565714338651105,0.6000000000000001,0.5999999999999999,0.6,0.0035099999999999997,"3034.TW,2454.TW,2330.TW,2886.TW,2892.TW",2019,7,5
2019-12-03,0.03064307279474724,0.02662356481084771,0.012520514883283207,0.0066565714338651105,0.6666666666666666,0.6666666666666667,0.6666666666666667,0.0039000000000000003,"3034.TW,2454.TW,2330.TW",2019,7,3
2019-12-10,0.00910213510902665,0.003198887618638846,0.053763476673574395,0.024432529965383108,1.0,1.0,1.0,0.00585,"2317.TW,2395.TW,4904.TW",2019,7,3
2019-12-10,0.007055785394299741,0.0011645090497429678,0.053763476673574395,0.024432529965383108,1.0,1.0,1.0,0.00585,"2317.TW,2395.TW,4904.TW,1301.TW,2615.TW",2019,7,5
2019-12-10,0.015786470092634255,0.011586535873194803,0.053763476673574395,0.024432529965383108,0.7067799134428072,0.7067799134428074,0.7067799134428073,0.0041346624936404236,"2317.TW,2395.TW,4904.TW,1301.TW,2615.TW,1590.TW,2892.TW,2207.TW,2412.TW,2885.TW",2019,7,10
2019-12-17,0.0016390382716513126,-0.00033177559417418845,-0.008163473621204398,-0.001271059466867588,0.3363399850077642,0.3363399850077643,0.33633998500776424,0.001967588912295421,"4904.TW,2317.TW,2887.TW",2019,7,3
2019-12-17,0.007394472420647691,0.0038127254363962138,-0.008163473621204398,-0.001271059466867588,0.6077703010233811,0.6077703010233811,0.6077703010233811,0.0035554562609867797,"4904.TW,2317.TW,2887.TW,2382.TW,5880.TW,2412.TW,1101.TW,2615.TW,3045.TW,2884.TW",2019,7,10
2019-12-17,0.00822750531298262,0.004680361988145698,-0.008163473621204398,-0.001271059466867588,0.6014012542820759,0.6014012542820758,0.6014012542820759,0.003518197337550144,"4904.TW,2317.TW,2887.TW,2382.TW,5880.TW",2019,7,5
2019-12-24,0.0012152026070098017,-0.004641906328241241,-0.0015429509719342427,0.006974869768302607,1.0,1.0,1.0,0.00585,"3034.TW,2379.TW,3231.TW",2019,7,3
2019-12-24,0.016036696449687728,0.010092881775456863,-0.0015429509719342427,0.006974869768302607,1.0,0.9999999999999999,1.0,0.005849999999999999,"3034.TW,2379.TW,3231.TW,2454.TW,1590.TW",2019,7,5
2019-12-24,0.019074434787857353,0.01311284934434842,-0.0015429509719342427,0.006974869768302607,0.9999999999999999,1.0,1.0,0.00585,"3034.TW,2379.TW,3231.TW,2454.TW,1590.TW,1102.TW,2303.TW,2330.TW,2345.TW,2308.TW",2019,7,10
2019-12-31,0.0033680355388852803,-0.0005450997997165086,-0.007728073077277853,-0.016542686500520196,0.6666666666666666,0.6666666666666666,0.6666666666666666,0.0039,"3034.TW,2330.TW,2454.TW",2019,7,3
2019-12-31,-0.011405383348492327,-0.014891042730234783,-0.007728073077277853,-0.016542686500520196,0.6027133877913018,0.6027133877913017,0.6027133877913018,0.003525873318579115,"3034.TW,2330.TW,2454.TW,2207.TW,2303.TW",2019,7,5
2019-12-31,-0.009298481817116313,-0.012245506785140803,-0.007728073077277853,-0.016542686500520196,0.5084931662596347,0.5084931662596346,0.5084931662596346,0.0029746850226188624,"3034.TW,2330.TW,2454.TW,2207.TW,2303.TW,2885.TW,2002.TW,2395.TW,2357.TW,2379.TW",2019,7,10
2020-01-02,-0.012748920580870472,-0.014155753369042734,-0.008138374695277228,-0.011704131231323214,1.0,0.0,0.5,0.001425,"2207.TW,3711.TW,2395.TW,2454.TW,5871.TW",2020,7,5
2020-01-02,0.004423697491427681,0.0029923937225024844,-0.008138374695277228,-0.011704131231323214,0.9999999999999999,0.0,0.49999999999999994,0.0014249999999999998,"2207.TW,3711.TW,2395.TW,2454.TW,5871.TW,2912.TW,2412.TW,6669.TW,3231.TW,2382.TW",2020,7,10
2020-01-02,-0.0171282965894259,-0.018528888766786045,-0.008138374695277228,-0.011704131231323214,1.0,0.0,0.5,0.001425,"2207.TW,3711.TW,2395.TW",2020,7,3
2020-01-09,0.01513376133560268,0.00919522883178936,0.0020512507512020495,0.013285628443619574,0.9999999999999999,0.9999999999999999,0.9999999999999999,0.005849999999999999,"2327.TW,3017.TW,3037.TW,4904.TW,1301.TW,2317.TW,2408.TW,3045.TW,1101.TW,9910.TW",2020,7,10
2020-01-09,0.04664164035156282,0.04051878675550613,0.0020512507512020495,0.013285628443619574,1.0,1.0,1.0,0.00585,"2327.TW,3017.TW,3037.TW",2020,7,3
2020-01-09,0.023121036547092588,0.017135778483292174,0.0020512507512020495,0.013285628443619574,1.0,1.0,1.0,0.00585,"2327.TW,3017.TW,3037.TW,4904.TW,1301.TW",2020,7,5
2020-01-16,0.0070623176858543475,0.0023492660390846964,0.024566978588761446,-0.019055876335137528,0.8,0.8,0.8,0.00468,"2330.TW,2207.TW,2408.TW,3711.TW,3037.TW",2020,7,5
2020-01-16,-0.012708200547926084,-0.016213545263295215,0.024566978588761446,-0.019055876335137528,0.6069170484166448,0.6069170484166448,0.6069170484166448,0.0035504647332373724,"2330.TW,2207.TW,2408.TW,3711.TW,3037.TW,2603.TW,9910.TW,1590.TW,4904.TW,2615.TW",2020,7,10
2020-01-16,-0.018596256741816565,-0.024337468639876958,0.024566978588761446,-0.019055876335137528,1.0,1.0000000000000002,1.0,0.005850000000000001,"2330.TW,2207.TW,2408.TW",2020,7,3
2020-02-03,-0.046229860942699236,-0.050158952788752154,-0.057761664336213214,-0.019283035931363685,0.7041944429794911,0.7041944429794912,0.7041944429794911,0.004119537491430023,"6669.TW,3037.TW,3034.TW,2379.TW,2317.TW,3017.TW,3008.TW,2207.TW,2603.TW,2609.TW",2020,7,10
2020-02-03,-0.01506725378986336,-0.019676739042126856,-0.057761664336213214,-0.019283035931363685,0.8,0.7999999999999998,0.7999999999999999,0.004679999999999999,"6669.TW,3037.TW,3034.TW,2379.TW,2317.TW",2020,7,5
2020-02-03,-0.009638593517417693,-0.01543220774534082,-0.057761664336213214,-0.019283035931363685,1.0,1.0,1.0,0.00585,"6669.TW,3037.TW,3034.TW",2020,7,3
2020-02-10,0.037525765699302285,0.03332223400271017,0.000547230357264672,0.011233617312591601,0.6925634529023639,0.692563452902364,0.6925634529023639,0.004051496199478829,"2207.TW,3034.TW,1590.TW",2020,7,3
2020-02-10,0.023216435676404884,0.021908957768830728,0.000547230357264672,0.011233617312591601,0.21842934615631732,0.21842934615631718,0.21842934615631726,0.0012778116750144558,"2207.TW,3034.TW,1590.TW,2379.TW,2603.TW,3008.TW,2317.TW,5871.TW,6669.TW,2609.TW",2020,7,10
2020-02-10,0.02482357700035425,0.021139387457030256,0.000547230357264672,0.011233617312591601,0.6145213717224889,0.6145213717224889,0.6145213717224889,0.00359495002457656,"2207.TW,3034.TW,1590.TW,2379.TW,2603.TW",2020,7,5
2020-02-17,-0.030675393902607755,-0.0346669422702196,-0.020787728706913255,-0.02443622699936548,0.703908634923238,0.703908634923238,0.703908634923238,0.004117865514300942,"3231.TW,3034.TW,2303.TW,2454.TW,9910.TW,2618.TW,2603.TW,3017.TW,2317.TW,3037.TW",2020,7,10
2020-02-17,-0.041204758597614924,-0.045695747878760073,-0.020787728706913255,-0.02443622699936548,0.8006824004326094,0.8006824004326094,0.8006824004326094,0.004683992042530765,"3231.TW,3034.TW,2303.TW,2454.TW,9910.TW",2020,7,5
2020-02-17,-0.044749119912962376,-0.04850368129121263,-0.020787728706913255,-0.02443622699936548,0.6718709997367297,0.6718709997367298,0.6718709997367298,0.00393044534845987,"3231.TW,3034.TW,2303.TW",2020,7,3
2020-02-24,-0.031880356588273595,-0.03754385650223224,-0.007821052321966837,-0.016866450301461722,1.0,0.9999999999999999,1.0,0.005849999999999999,"1590.TW,2207.TW,2345.TW",2020,7,3
2020-02-24,-0.025712396670681318,-0.03028312692964774,-0.007821052321966837,-0.016866450301461722,0.801941243139301,0.8019412431393009,0.8019412431393009,0.004691356272364911,"1590.TW,2207.TW,2345.TW,3008.TW,6669.TW,5871.TW,2379.TW,2454.TW,2609.TW,2618.TW",2020,7,10
2020-02-24,-0.031173286774823186,-0.036840923047190555,-0.007821052321966837,-0.016866450301461722,1.0,0.9999999999999999,1.0,0.005849999999999999,"1590.TW,2207.TW,2345.TW,3008.TW,6669.TW",2020,7,5
2020-03-03,-0.005813867720308341,-0.009691193636199191,-0.026464082340088235,-0.019302913893989644,0.6666666666666666,0.6666666666666667,0.6666666666666667,0.0039000000000000003,"6669.TW,2327.TW,1590.TW",2020,7,3
2020-03-03,-0.023395383772558034,-0.02572133997867576,-0.026464082340088235,-0.019302913893989644,0.40712417785718,0.40712417785718014,0.4071241778571801,0.0023816764404645035,"6669.TW,2327.TW,1590.TW,2207.TW,1102.TW",2020,7,5
2020-03-03,-0.0005693352341967996,-0.00295492043842438,-0.026464082340088235,-0.019302913893989644,0.40802464541007183,0.408024645410072,0.4080246454100719,0.002386944175648921,"6669.TW,2327.TW,1590.TW,2207.TW,1102.TW,2345.TW,3017.TW,2408.TW,2618.TW,2609.TW",2020,7,10
2020-03-10,-0.20820227779138445,-0.21103152106927303,-0.13302484062360942,-0.14910718012254456,0.6108016176209565,0.6108016176209565,0.6108016176209565,0.0035731894630825958,"3037.TW,2207.TW,2395.TW,5871.TW,1102.TW",2020,7,5
2020-03-10,-0.254808076098886,-0.25916744885370757,-0.13302484062360942,-0.14910718012254456,1.0,1.0,1.0,0.00585,"3037.TW,2207.TW,2395.TW",2020,7,3
2020-03-10,-0.20780754138550478,-0.21067527032816113,-0.13302484062360942,-0.14910718012254456,0.6188017448753641,0.6188017448753642,0.6188017448753642,0.0036199902075208807,"3037.TW,2207.TW,2395.TW,5871.TW,1102.TW,3034.TW,2408.TW,3711.TW,2327.TW,3231.TW",2020,7,10
2020-03-17,0.03837751907348219,0.03340267978458589,0.024682944339053048,0.01288627208292056,0.8189698475007061,0.8189698475007059,0.818969847500706,0.00479097360787913,"1590.TW,2327.TW,2207.TW,3017.TW,2408.TW",2020,7,5
2020-03-17,0.03435448100621894,0.03168173934986873,0.024682944339053048,0.01288627208292056,0.4417043905209054,0.4417043905209052,0.44170439052090527,0.0025839706845472957,"1590.TW,2327.TW,2207.TW,3017.TW,2408.TW,3037.TW,2615.TW,5871.TW,2395.TW,2618.TW",2020,7,10
2020-03-17,0.06716931044007804,0.06292777492064183,0.024682944339053048,0.01288627208292056,0.6794130974795689,0.679413097479569,0.6794130974795689,0.003974566620255479,"1590.TW,2327.TW,2207.TW",2020,7,3
2020-03-24,0.022570763860906274,0.016588724892319995,-0.0039060580801997258,0.020409119347099082,0.9999999999999999,1.0,1.0,0.00585,"2912.TW,2002.TW,2881.TW,2345.TW,2891.TW,2886.TW,9910.TW,2603.TW,2609.TW,2308.TW",2020,7,10
2020-03-24,0.019302527074415744,0.013339607291030564,-0.0039060580801997258,0.020409119347099082,1.0,1.0,1.0,0.00585,"2912.TW,2002.TW,2881.TW",2020,7,3
2020-03-24,0.039450478106404056,0.033369692809481544,-0.0039060580801997258,0.020409119347099082,1.0,1.0,1.0,0.00585,"2912.TW,2002.TW,2881.TW,2345.TW,2891.TW",2020,7,5
2020-03-31,0.05009122226368386,0.043948188613441186,0.03267968600694271,0.046771124364075475,1.0,0.9999999999999998,0.9999999999999999,0.005849999999999999,"2454.TW,2883.TW,2303.TW",2020,7,3
2020-03-31,0.0728799933815155,0.06723128021636171,0.03267968600694271,0.046771124364075475,0.8999999999999999,0.9,0.8999999999999999,0.005265,"2454.TW,2883.TW,2303.TW,2327.TW,1326.TW,2618.TW,9910.TW,5876.TW,5871.TW,2885.TW",2020,7,10
2020-03-31,0.08704763425318984,0.08068840559280877,0.03267968600694271,0.046771124364075475,1.0,1.0,1.0,0.00585,"2454.TW,2883.TW,2303.TW,2327.TW,1326.TW",2020,7,5
2020-04-09,0.01630278317041807,0.010357411888871182,0.0506327619276965,0.04330544691910429,1.0,0.9999999999999998,0.9999999999999999,0.005849999999999999,"3008.TW,6669.TW,1590.TW,2357.TW,4904.TW",2020,7,5
2020-04-09,0.03944281385813302,0.03394546853332292,0.0506327619276965,0.04330544691910429,0.9040585369504094,0.9040585369504094,0.9040585369504094,0.005288742441159896,"3008.TW,6669.TW,1590.TW,2357.TW,4904.TW,2880.TW,5876.TW,2002.TW,3017.TW,3231.TW",2020,7,10
2020-04-09,0.01129258314839809,0.0053765215369798725,0.0506327619276965,0.04330544691910429,1.0,1.0,1.0,0.00585,"3008.TW,6669.TW,1590.TW",2020,7,3
2020-04-16,-0.026040085444605402,-0.029544371318438678,-0.026505792168460718,-0.026046250092141895,0.6150388915849189,0.6150388915849188,0.6150388915849188,0.0035979775157717747,"6669.TW,3008.TW,3034.TW,1326.TW,2886.TW,2207.TW,2609.TW,2357.TW,1216.TW,2002.TW",2020,7,10
2020-04-16,-0.02673503655095817,-0.02872894913573487,-0.026505792168460718,-0.026046250092141895,0.3502024329259904,0.3502024329259904,0.3502024329259904,0.002048684232617044,"6669.TW,3008.TW,3034.TW",2020,7,3
2020-04-16,-0.028767537822315493,-0.03224290576253708,-0.026505792168460718,-0.026046250092141895,0.6116764141608735,0.6116764141608736,0.6116764141608735,0.0035783070228411103,"6669.TW,3008.TW,3034.TW,1326.TW,2886.TW",2020,7,5
2020-04-23,0.07474878479794096,0.06846150440687282,0.019802029149352807,0.047576805701617556,1.0,1.0,1.0,0.00585,"2308.TW,2207.TW,2887.TW",2020,7,3
2020-04-23,0.052638188187770385,0.047081335774465494,0.019802029149352807,0.047576805701617556,0.9023891704470514,0.9023891704470512,0.9023891704470512,0.00527897664711525,"2308.TW,2207.TW,2887.TW,1102.TW,2891.TW,2395.TW,1303.TW,2408.TW,2892.TW,5880.TW",2020,7,10
2020-04-23,0.05623346487983932,0.05005449911029225,0.019802029149352807,0.047576805701617556,1.0,1.0,1.0,0.00585,"2308.TW,2207.TW,2887.TW,1102.TW,2891.TW",2020,7,5
2020-04-30,0.027146355519644873,0.0211375493398549,0.03155311231244973,0.03647881243918293,1.0,1.0,1.0,0.00585,"2345.TW,2412.TW,2303.TW",2020,7,3
2020-04-30,0.04223014424367669,0.03613309789985131,0.03155311231244973,0.03647881243918293,1.0,1.0,1.0,0.00585,"2345.TW,2412.TW,2303.TW,3017.TW,2327.TW",2020,7,5
2020-04-30,0.03234787027159645,0.026308635230507527,0.03155311231244973,0.03647881243918293,0.9999999999999999,1.0000000000000002,1.0,0.005850000000000001,"2345.TW,2412.TW,2303.TW,3017.TW,2327.TW,4904.TW,2609.TW,2615.TW,9910.TW,3037.TW",2020,7,10
2020-05-08,-0.05963323898761541,-0.06405105948333722,-0.022941063079014334,-0.026667698404504846,0.803072824382546,0.8030728243825458,0.8030728243825459,0.004697976022637893,"9910.TW,2603.TW,2408.TW,2885.TW,3017.TW",2020,7,5
2020-05-08,-0.03634514794289233,-0.03978814496291394,-0.022941063079014334,-0.026667698404504846,0.61074408320846,0.6107440832084601,0.6107440832084601,0.0035728528867694912,"9910.TW,2603.TW,2408.TW,2885.TW,3017.TW,2345.TW,2609.TW,2618.TW,3231.TW,2330.TW",2020,7,10
2020-05-08,-0.062352513676954116,-0.06783775147194404,-0.022941063079014334,-0.026667698404504846,1.0,0.9999999999999998,0.9999999999999999,0.005849999999999999,"9910.TW,2603.TW,2408.TW",2020,7,3
2020-05-15,0.014531433858827046,0.008596424970752858,0.0012041569401726182,0.011508497328832468,1.0,1.0,1.0,0.00585,"3017.TW,2207.TW,2618.TW",2020,7,3
2020-05-15,0.00894593504750769,0.00418591727308848,0.0012041569401726182,0.011508497328832468,0.8064636803350147,0.8064636803350146,0.8064636803350147,0.004717812529959836,"3017.TW,2207.TW,2618.TW,2395.TW,3008.TW",2020,7,5
2020-05-15,0.018840464511171117,0.015174848421705356,0.0012041569401726182,0.011508497328832468,0.6150138934999615,0.6150138934999615,0.6150138934999615,0.003597831276974775,"3017.TW,2207.TW,2618.TW,2395.TW,3008.TW,9910.TW,2308.TW,3711.TW,2317.TW,2408.TW",2020,7,10
2020-05-22,0.045243704745094426,0.04116725429658863,0.01563424605617869,0.019116729022021398,0.6666666666666666,0.6666666666666667,0.6666666666666667,0.0039000000000000003,"2379.TW,2207.TW,2327.TW",2020,7,3
2020-05-22,0.04467692702507442,0.04101011101121643,0.01563424605617869,0.019116729022021398,0.6000000000000001,0.5999999999999999,0.6,0.0035099999999999997,"2379.TW,2207.TW,2327.TW,1303.TW,2395.TW",2020,7,5
2020-05-22,0.02764821077830132,0.02459325641232457,0.01563424605617869,0.019116729022021398,0.5081645801134562,0.5081645801134561,0.5081645801134562,0.0029727627936637184,"2379.TW,2207.TW,2327.TW,1303.TW,2395.TW,1590.TW,3017.TW,3008.TW,2308.TW,3037.TW",2020,7,10
2020-05-29,0.029820800711234743,0.02379634902707406,0.05269397989852864,0.0399962218328307,1.0,1.0,1.0,0.00585,"6669.TW,1590.TW,2618.TW,2609.TW,9910.TW",2020,7,5
2020-05-29,0.018243656737805262,0.012286931345889096,0.05269397989852864,0.0399962218328307,1.0,1.0,1.0,0.00585,"6669.TW,1590.TW,2618.TW",2020,7,3
2020-05-29,0.05487200004026731,0.05107446008663419,0.05269397989852864,0.0399962218328307,0.6153847374860738,0.6153847374860738,0.6153847374860738,0.0036000007142935318,"6669.TW,1590.TW,2618.TW,2609.TW,9910.TW,3037.TW,2327.TW,2408.TW,2885.TW,3008.TW",2020,7,10
2020-06-05,-0.005662029382760669,-0.009262099155824766,-0.008998967233475041,-0.014700282694435414,0.6189007767872831,0.618900776787283,0.618900776787283,0.0036205695442056056,"1590.TW,6669.TW,2345.TW,2327.TW,2912.TW,2395.TW,3045.TW,3017.TW,9910.TW,1216.TW",2020,7,10
2020-06-05,0.012634130386798217,0.00894457707014884,-0.008998967233475041,-0.014700282694435414,0.6228240345800226,0.6228240345800226,0.6228240345800226,0.003643520602293132,"1590.TW,6669.TW,2345.TW,2327.TW,2912.TW",2020,7,5
2020-06-05,0.031081558106570463,0.028884609341737866,-0.008998967233475041,-0.014700282694435414,0.3642260832372133,0.3642260832372133,0.3642260832372133,0.002130722586937698,"1590.TW,6669.TW,2345.TW",2020,7,3
2020-06-12,0.01678856830060942,0.012578117935860389,0.008513222129581832,0.016226635127608954,0.7078512952680349,0.707851295268035,0.7078512952680349,0.004140930077318005,"3008.TW,2618.TW,3017.TW,2303.TW,2327.TW,2609.TW,2887.TW,5876.TW,1590.TW,2408.TW",2020,7,10
2020-06-12,0.011854684460879006,0.005935334556782967,0.008513222129581832,0.016226635127608954,1.0,1.0,1.0,0.00585,"3008.TW,2618.TW,3017.TW",2020,7,3
2020-06-12,0.020567079731727445,0.0157384706387651,0.008513222129581832,0.016226635127608954,0.8087692422640451,0.8087692422640451,0.8087692422640451,0.004731300067244664,"3008.TW,2618.TW,3017.TW,2303.TW,2327.TW",2020,7,5
2020-06-19,-0.0010033208681044957,-0.003984556613566337,0.012380312111929692,0.011810626064662742,0.5101247667660205,0.5101247667660204,0.5101247667660205,0.002984229885581219,"9910.TW,2603.TW,2887.TW,3008.TW,1216.TW,2615.TW,1303.TW,2618.TW,1590.TW,2408.TW",2020,7,10
2020-06-19,-0.02131155725600416,-0.02703688464605658,0.012380312111929692,0.011810626064662742,1.0,1.0,1.0,0.00585,"9910.TW,2603.TW,2887.TW",2020,7,3
2020-06-19,-0.009311889031613108,-0.013993562341443444,0.012380312111929692,0.011810626064662742,0.8078082567137801,0.8078082567137801,0.8078082567137801,0.004725678301775614,"9910.TW,2603.TW,2887.TW,3008.TW,1216.TW",2020,7,5
2020-06-30,0.027028139124377005,0.02335347863351167,0.05058372940673439,0.04086411957349981,0.6116162435346363,0.6116162435346362,0.6116162435346362,0.0035779550246776218,"2327.TW,9910.TW,2357.TW,2618.TW,1216.TW",2020,7,5
2020-06-30,0.029411427723202134,0.02635645640802875,0.05058372940673439,0.04086411957349981,0.5072969900752542,0.5072969900752542,0.5072969900752542,0.0029676873919402373,"2327.TW,9910.TW,2357.TW,2618.TW,1216.TW,2609.TW,1590.TW,2882.TW,2603.TW,2886.TW",2020,7,10
2020-06-30,0.022830943438308195,0.01874909297834204,0.05058372940673439,0.04086411957349981,0.6821774603663489,0.6821774603663489,0.6821774603663489,0.003990738143143141,"2327.TW,9910.TW,2357.TW",2020,7,3
2020-07-07,0.04760115469025379,0.04147268793531578,0.029629492461824114,0.0026209348412452194,1.0,0.9999999999999999,1.0,0.005849999999999999,"3017.TW,3231.TW,2002.TW",2020,7,3
2020-07-07,0.032778665586608205,0.026736910392926472,0.029629492461824114,0.0026209348412452194,1.0,0.9999999999999998,0.9999999999999999,0.005849999999999999,"3017.TW,3231.TW,2002.TW,3711.TW,2883.TW",2020,7,5
2020-07-07,0.012074337277314431,0.006740867975708165,0.029629492461824114,0.0026209348412452194,0.9008272619315885,0.9008272619315885,0.9008272619315885,0.005269839482299792,"3017.TW,3231.TW,2002.TW,3711.TW,2883.TW,2412.TW,6669.TW,9910.TW,1301.TW,2207.TW",2020,7,10
2020-07-14,0.034496208550666964,0.02844440573064566,0.02020546295992176,0.005439263908096141,1.0,1.0,1.0,0.00585,"2327.TW,3037.TW,6669.TW",2020,7,3
2020-07-14,0.02322398143181341,0.018420447250913297,0.02020546295992176,0.005439263908096141,0.8024801694454207,0.8024801694454204,0.8024801694454206,0.0046945089912557095,"2327.TW,3037.TW,6669.TW,3711.TW,9910.TW",2020,7,5
2020-07-14,0.02458249509788979,0.020359431828619767,0.02020546295992176,0.005439263908096141,0.704571042931199,0.7045710429311991,0.7045710429311991,0.004121740601147514,"2327.TW,3037.TW,6669.TW,3711.TW,9910.TW,3008.TW,5871.TW,2603.TW,2454.TW,2357.TW",2020,7,10
2020-07-21,-0.026563424318728414,-0.03225802828646385,0.04312536485139118,-0.014331659616325154,1.0,1.0,1.0,0.00585,"2317.TW,4904.TW,3045.TW",2020,7,3
2020-07-21,-0.031631828703116385,-0.037296782505203185,0.04312536485139118,-0.014331659616325154,1.0,1.0,1.0,0.00585,"2317.TW,4904.TW,3045.TW,2207.TW,2002.TW",2020,7,5
2020-07-21,-0.03458006686154683,-0.03967498719971896,0.04312536485139118,-0.014331659616325154,0.9021219923463054,0.9021219923463054,0.9021219923463054,0.0052774136552258865,"2317.TW,4904.TW,3045.TW,2207.TW,2002.TW,1216.TW,2912.TW,2615.TW,2883.TW,9910.TW",2020,7,10
2020-07-28,0.021198119157469126,0.015224110160397819,0.012645869099293439,0.026305560085779015,1.0,1.0000000000000002,1.0,0.005850000000000001,"2345.TW,2207.TW,3017.TW",2020,7,3
2020-07-28,0.025113513866533977,0.020862934702280178,0.012645869099293439,0.026305560085779015,0.7087944106713575,0.7087944106713576,0.7087944106713575,0.004146447302427442,"2345.TW,2207.TW,3017.TW,2327.TW,2618.TW,9910.TW,6669.TW,2615.TW,1102.TW,3711.TW",2020,7,10
2020-07-28,0.023707615635332902,0.018871187400165024,0.012645869099293439,0.026305560085779015,0.8075937471133946,0.8075937471133945,0.8075937471133945,0.0047244234206133585,"2345.TW,2207.TW,3017.TW,2327.TW,2618.TW",2020,7,5
2020-08-04,0.005015593353654334,0.0014397038274671647,-0.0009605354174948566,0.015630441791377153,0.6082126196966468,0.6082126196966468,0.6082126196966468,0.003558043825225384,"3711.TW,3017.TW,2408.TW,2618.TW,3008.TW",2020,7,5
2020-08-04,-0.015733623257849917,-0.019638489268109627,-0.0009605354174948566,0.015630441791377153,0.6781685111520808,0.678168511152081,0.6781685111520809,0.003967285790239673,"3711.TW,3017.TW,2408.TW",2020,7,3
2020-08-04,0.03799985381828912,0.03369792971347629,-0.0009605354174948566,0.015630441791377153,0.7084506217831198,0.7084506217831198,0.7084506217831198,0.004144436137431251,"3711.TW,3017.TW,2408.TW,2618.TW,3008.TW,5876.TW,2609.TW,1303.TW,1216.TW,2881.TW",2020,7,10
2020-08-11,0.12744402237900765,0.12304699069172953,0.009615208747784543,0.02508288325537952,0.6666666666666666,0.6666666666666667,0.6666666666666667,0.0039000000000000003,"3017.TW,3231.TW,2345.TW",2020,7,3
2020-08-11,0.033442778489805806,0.027992966624381443,0.009615208747784543,0.02508288325537952,0.9014449481458066,0.9014449481458067,0.9014449481458067,0.005273452946652969,"3017.TW,3231.TW,2345.TW,2454.TW,6669.TW,2207.TW,2382.TW,2308.TW,2880.TW,3034.TW",2020,7,10
2020-08-11,0.06047606167309756,0.05551303370446736,0.009615208747784543,0.02508288325537952,0.8,0.7999999999999998,0.7999999999999999,0.004679999999999999,"3017.TW,3231.TW,2345.TW,2454.TW,6669.TW",2020,7,5
2020-08-18,-0.021972469387455635,-0.027693930441539116,-0.009523701167479803,-0.010256374496783642,1.0,0.9999999999999999,1.0,0.005849999999999999,"3034.TW,2454.TW,2379.TW",2020,7,3
2020-08-18,-0.035200158856500095,-0.038214921168485017,-0.009523701167479803,-0.010256374496783642,0.5341460093358799,0.5341460093358799,0.5341460093358799,0.0031247541546148973,"3034.TW,2454.TW,2379.TW,3008.TW,3231.TW,3711.TW,2327.TW,5876.TW,2207.TW,6669.TW",2020,7,10
2020-08-18,-0.020986918423502754,-0.02466607371314322,-0.009523701167479803,-0.010256374496783642,0.6423973754404206,0.6423973754404205,0.6423973754404206,0.0037580246463264602,"3034.TW,2454.TW,2379.TW,3008.TW,3231.TW",2020,7,5
2020-08-25,-0.011839179362674385,-0.015693006563159972,-0.0033654800218725356,-0.00494022951861663,0.6666666666666666,0.6666666666666667,0.6666666666666667,0.0039000000000000003,"2303.TW,3034.TW,2207.TW",2020,7,3
2020-08-25,-0.009363058044989893,-0.012859782998938085,-0.0033654800218725356,-0.00494022951861663,0.603380245621604,0.6033802456216039,0.603380245621604,0.0035297744368863833,"2303.TW,3034.TW,2207.TW,2308.TW,3008.TW",2020,7,5
2020-08-25,-0.0017340782414306593,-0.004150066035311983,-0.0033654800218725356,-0.00494022951861663,0.4137067663773528,0.41370676637735265,0.4137067663773527,0.0024201845833075135,"2303.TW,3034.TW,2207.TW,2308.TW,3008.TW,2327.TW,2454.TW,3037.TW,3711.TW,1303.TW",2020,7,10
2020-09-01,-0.004510014355522306,-0.01033363077154259,-0.018330740250406263,-0.016277998754684938,1.0,1.0,1.0,0.00585,"5871.TW,2408.TW,2308.TW",2020,7,3
2020-09-01,-0.025520517944659482,-0.030084911464738684,-0.018330740250406263,-0.016277998754684938,0.8006717667517169,0.8006717667517169,0.8006717667517169,0.004683929835497544,"5871.TW,2408.TW,2308.TW,3231.TW,2395.TW",2020,7,5
2020-09-01,-0.017970593739939103,-0.02202550794320668,-0.018330740250406263,-0.016277998754684938,0.7058319462082608,0.7058319462082608,0.7058319462082608,0.004129116885318326,"5871.TW,2408.TW,2308.TW,3231.TW,2395.TW,3034.TW,1101.TW,1303.TW,1326.TW,1102.TW",2020,7,10
2020-09-08,0.031227463807906444,0.025194783144630195,0.04717429489765457,0.017712094293803177,1.0,1.0,1.0,0.00585,"2345.TW,2615.TW,2379.TW,2382.TW,3037.TW",2020,7,5
2020-09-08,0.029709448800264642,0.02483713680262456,0.04717429489765457,0.017712094293803177,0.8088435497225557,0.8088435497225558,0.8088435497225557,0.004731734765876952,"2345.TW,2615.TW,2379.TW,2382.TW,3037.TW,6669.TW,1590.TW,3008.TW,3231.TW,3034.TW",2020,7,10
2020-09-08,0.005229405584834053,-0.0006511864378372367,0.04717429489765457,0.017712094293803177,1.0,1.0,1.0,0.00585,"2345.TW,2615.TW,2379.TW",2020,7,3
2020-09-15,0.01426090446112412,0.012257200355574316,-0.0286251333259816,-0.017120716967423972,0.33769764841540967,0.3376976484154096,0.3376976484154096,0.0019755312432301465,"9910.TW,2615.TW,2379.TW",2020,7,3
2020-09-15,-0.009628046571677007,-0.012596347493900706,-0.0286251333259816,-0.017120716967423972,0.5123346489067387,0.5123346489067384,0.5123346489067386,0.00299715769610442,"9910.TW,2615.TW,2379.TW,2609.TW,2603.TW,6669.TW,3231.TW,2395.TW,2345.TW,2408.TW",2020,7,10
2020-09-15,-0.009571025919862608,-0.013120649868210488,-0.0286251333259816,-0.017120716967423972,0.6126368880387973,0.6126368880387971,0.6126368880387972,0.0035839257950269635,"9910.TW,2615.TW,2379.TW,2609.TW,2603.TW",2020,7,5
2020-09-22,-0.014373613932111206,-0.017868933169100876,-0.007246353916538939,-0.00225598163900838,0.6062038073525463,0.6062038073525463,0.6062038073525463,0.003546292273012396,"1590.TW,2408.TW,2207.TW,3037.TW,5871.TW,2603.TW,6669.TW,2454.TW,2379.TW,2330.TW",2020,7,10
2020-09-22,-0.015417950846378424,-0.021177755833927114,-0.007246353916538939,-0.00225598163900838,1.0,1.0,1.0,0.00585,"1590.TW,2408.TW,2207.TW",2020,7,3
2020-09-22,-0.018446343782132456,-0.02418843267100701,-0.007246353916538939,-0.00225598163900838,1.0,1.0,1.0,0.00585,"1590.TW,2408.TW,2207.TW,3037.TW,5871.TW",2020,7,5
2020-09-29,0.10852087834157609,0.10409071862355423,0.03844299442804866,0.02888207995546482,0.6831556123903564,0.6831556123903564,0.6831556123903564,0.003996460332483585,"1590.TW,3037.TW,6669.TW",2020,7,3
2020-09-29,0.07505693662072113,0.07120429226787506,0.03844299442804866,0.02888207995546482,0.61259237703013,0.61259237703013,0.61259237703013,0.0035836654056262606,"1590.TW,3037.TW,6669.TW,3711.TW,2357.TW",2020,7,5
2020-09-29,0.04829275444474267,0.045171791413020745,0.03844299442804866,0.02888207995546482,0.5089207684384882,0.5089207684384882,0.5089207684384882,0.002977186495365156,"1590.TW,3037.TW,6669.TW,3711.TW,2357.TW,2618.TW,2603.TW,3231.TW,5876.TW,2379.TW",2020,7,10
2020-10-08,-0.0008443124742312793,-0.006131794199841334,-0.009840790639664143,-0.01050545470261182,0.9046068008250324,0.9046068008250325,0.9046068008250325,0.005291949784826441,"9910.TW,2345.TW,3017.TW,2884.TW,1102.TW,2881.TW,2882.TW,2609.TW,2618.TW,4904.TW",2020,7,10
2020-10-08,0.0041842232495231295,-0.0016902544564866284,-0.009840790639664143,-0.01050545470261182,1.0,1.0,1.0,0.00585,"9910.TW,2345.TW,3017.TW",2020,7,3
2020-10-08,-0.0025979891125327507,-0.008432790876224394,-0.009840790639664143,-0.01050545470261182,1.0,1.0,1.0,0.00585,"9910.TW,2345.TW,3017.TW,2884.TW,1102.TW",2020,7,5
2020-10-16,0.027514357234777402,0.0227055900429185,0.004259317699892851,0.012884845083936907,0.8,0.8000000000000002,0.8,0.004680000000000001,"6669.TW,2379.TW,3017.TW,3037.TW,2303.TW",2020,7,5
2020-10-16,0.02270223775691379,0.01871369902966169,0.004259317699892851,0.012884845083936907,0.6666666666666666,0.6666666666666667,0.6666666666666667,0.0039000000000000003,"6669.TW,2379.TW,3017.TW",2020,7,3
2020-10-16,0.016386874687209785,0.01163018411367367,0.004259317699892851,0.012884845083936907,0.7999999999999999,0.7999999999999999,0.7999999999999999,0.00468,"6669.TW,2379.TW,3017.TW,3037.TW,2303.TW,2408.TW,2207.TW,2330.TW,2615.TW,2345.TW",2020,7,10
2020-10-23,-0.06501694373602869,-0.07048659461517304,-0.02780390924891174,-0.01832744497187191,1.0,1.0,1.0,0.00585,"2345.TW,3037.TW,2454.TW",2020,7,3
2020-10-23,-0.03742298624357272,-0.04031433155540365,-0.02780390924891174,-0.01832744497187191,0.5134623565574677,0.5134623565574679,0.5134623565574679,0.003003754785861187,"2345.TW,3037.TW,2454.TW,1303.TW,2308.TW,2379.TW,2207.TW,2382.TW,2327.TW,2330.TW",2020,7,10
2020-10-23,-0.04739873776258433,-0.05188548480948463,-0.02780390924891174,-0.01832744497187191,0.805127326160626,0.805127326160626,0.805127326160626,0.004709994858039662,"2345.TW,3037.TW,2454.TW,1303.TW,2308.TW",2020,7,5
2020-10-30,0.03199988586908945,0.025962686536755264,0.04459538738202662,0.04201832344832562,1.0,0.9999999999999999,1.0,0.005849999999999999,"2303.TW,3017.TW,2308.TW",2020,7,3
2020-10-30,0.04997326498438668,0.0461850687706169,0.04459538738202662,0.04201832344832562,0.6167346635691102,0.6167346635691102,0.6167346635691102,0.003607897781879295,"2303.TW,3017.TW,2308.TW,6669.TW,3034.TW,3037.TW,9910.TW,2207.TW,5871.TW,2454.TW",2020,7,10
2020-10-30,0.043837024909138836,0.0389518676325642,0.04459538738202662,0.04201832344832562,0.8,0.8,0.8,0.00468,"2303.TW,3017.TW,2308.TW,6669.TW,3034.TW",2020,7,5
2020-11-06,0.045352040135311605,0.04101927529728289,0.024593721814098357,0.03028016389831573,0.7085111365548388,0.7085111365548389,0.7085111365548389,0.004144790148845808,"3017.TW,2912.TW,3037.TW,2303.TW,2395.TW,3008.TW,1101.TW,1590.TW,4904.TW,1102.TW",2020,7,10
2020-11-06,0.06809413156098443,0.06389975528127612,0.024593721814098357,0.03028016389831573,0.6712773500523599,0.67127735005236,0.6712773500523599,0.003926972497806306,"3017.TW,2912.TW,3037.TW",2020,7,3
2020-11-06,0.053050462835421586,0.04929483685614611,0.024593721814098357,0.03028016389831573,0.6096453774457333,0.6096453774457333,0.6096453774457333,0.0035664254580575405,"3017.TW,2912.TW,3037.TW,2303.TW,2395.TW",2020,7,5
2020-11-13,0.07419874318445861,0.06791468053682959,0.03849641824394068,0.02849723359639384,1.0,0.9999999999999999,1.0,0.005849999999999999,"6669.TW,2609.TW,2615.TW",2020,7,3
2020-11-13,0.05153143233013573,0.04599299325591932,0.03849641824394068,0.02849723359639384,0.9003456225653044,0.9003456225653046,0.9003456225653045,0.005267021892007032,"6669.TW,2609.TW,2615.TW,2454.TW,3711.TW,2382.TW,3045.TW,2885.TW,2395.TW,2883.TW",2020,7,10
2020-11-13,0.07198919241263013,0.06571805563701627,0.03849641824394068,0.02849723359639384,1.0,1.0000000000000002,1.0,0.005850000000000001,"6669.TW,2609.TW,2615.TW,2454.TW,3711.TW",2020,7,5
2020-11-20,-0.005673810816984971,-0.01040065745256169,0.0013084628591841785,0.014101460781307204,0.8126186161880746,0.8126186161880747,0.8126186161880746,0.004753818904700237,"2884.TW,6669.TW,5871.TW,3008.TW,2357.TW",2020,7,5
2020-11-20,-0.0043538404099570105,-0.008363097864005908,0.0013084628591841785,0.014101460781307204,0.6883400773829709,0.6883400773829709,0.6883400773829709,0.004026789452690379,"2884.TW,6669.TW,5871.TW",2020,7,3
2020-11-20,0.0068210670709343835,0.002624631335716332,0.0013084628591841785,0.014101460781307204,0.7124795709772792,0.7124795709772793,0.7124795709772793,0.004168005490217085,"2884.TW,6669.TW,5871.TW,3008.TW,2357.TW,2881.TW,5880.TW,4904.TW,2883.TW,2609.TW",2020,7,10
2020-11-27,-0.018548291776534363,-0.02315957959019821,0.03222988706753438,0.013076447527328472,0.8031514138875515,0.8031514138875514,0.8031514138875515,0.004698435771242176,"5871.TW,2207.TW,3017.TW,2454.TW,1216.TW",2020,7,5
2020-11-27,-0.029106399056173328,-0.03292518645627762,0.03222988706753438,0.013076447527328472,0.6723539740332247,0.6723539740332247,0.6723539740332247,0.003933270748094365,"5871.TW,2207.TW,3017.TW",2020,7,3
2020-11-27,0.0004397775751828329,-0.004276174128082344,0.03222988706753438,0.013076447527328472,0.8057912213922818,0.805791221392282,0.8057912213922819,0.004713878645144849,"5871.TW,2207.TW,3017.TW,2454.TW,1216.TW,2618.TW,3008.TW,2379.TW,5876.TW,2886.TW",2020,7,10
2020-12-04,0.0007583165264575618,-0.003195289105813126,0.001265940359533868,0.004654656652179112,0.6753179178726216,0.6753179178726217,0.6753179178726216,0.003950609819554837,"3017.TW,3037.TW,2615.TW",2020,7,3
2020-12-04,0.044807292400182976,0.03987305866211299,0.001265940359533868,0.004654656652179112,0.8072864391162802,0.8072864391162802,0.8072864391162802,0.004722625668830239,"3017.TW,3037.TW,2615.TW,2603.TW,2609.TW",2020,7,5
2020-12-04,0.027705266170742204,0.023458579226492082,0.001265940359533868,0.004654656652179112,0.7063595138364254,0.7063595138364254,0.7063595138364254,0.004132203155943088,"3017.TW,3037.TW,2615.TW,2603.TW,2609.TW,6669.TW,2618.TW,2887.TW,2454.TW,1590.TW",2020,7,10
2020-12-11,0.002815586071950204,-0.0010953947137305464,-0.0033714720599301584,0.012841498065246879,0.6666666666666666,0.6666666666666665,0.6666666666666665,0.0038999999999999994,"3008.TW,3037.TW,2454.TW",2020,7,3
2020-12-11,0.034055811507514355,0.030364062765897426,-0.0033714720599301584,0.012841498065246879,0.6102844294643672,0.6102844294643671,0.6102844294643672,0.003570163912366548,"3008.TW,3037.TW,2454.TW,2615.TW,2618.TW",2020,7,5
2020-12-11,0.01703440733593219,0.013972349012833396,-0.0033714720599301584,0.012841498065246879,0.5146618141959954,0.5146618141959954,0.5146618141959954,0.0030107716130465733,"3008.TW,3037.TW,2454.TW,2615.TW,2618.TW,3017.TW,2303.TW,2408.TW,2357.TW,3711.TW",2020,7,10
2020-12-18,0.015913820001569715,0.01111367810397823,0.006765402022796296,0.015639399152256324,0.8076837428100895,0.8076837428100895,0.8076837428100895,0.004724949895439023,"9910.TW,2327.TW,3231.TW,2207.TW,1303.TW,2881.TW,1301.TW,3008.TW,2883.TW,3017.TW",2020,7,10
2020-12-18,0.025894492978323726,0.019893010194400595,0.006765402022796296,0.015639399152256324,1.0,1.0,1.0,0.00585,"9910.TW,2327.TW,3231.TW",2020,7,3
2020-12-18,0.02086211212404361,0.014890068768117937,0.006765402022796296,0.015639399152256324,1.0,1.0,1.0,0.00585,"9910.TW,2327.TW,3231.TW,2207.TW,1303.TW",2020,7,5
2020-12-25,0.04711290905957592,0.040987298541577344,0.04325926456261464,0.03778218859594236,1.0,1.0,1.0,0.00585,"2395.TW,2618.TW,5871.TW,3037.TW,1590.TW",2020,7,5
2020-12-25,0.037660013047826846,0.03158970197149702,0.04325926456261464,0.03778218859594236,1.0,1.0000000000000002,1.0,0.005850000000000001,"2395.TW,2618.TW,5871.TW",2020,7,3
2020-12-25,0.03329939403237932,0.02904760708570797,0.04325926456261464,0.03778218859594236,0.703379089993347,0.7033790899933471,0.703379089993347,0.00411476767646108,"2395.TW,2618.TW,5871.TW,3037.TW,1590.TW,9910.TW,3017.TW,2408.TW,2207.TW,2002.TW",2020,7,10
2021-01-04,0.022700063140925316,0.021242715550949587,0.06521722879637837,0.02663752174903351,1.0,0.0,0.5,0.001425,"2303.TW,2345.TW,2618.TW",2021,7,3
2021-01-04,-4.7537710796616284e-07,-0.0014254746996956724,0.06521722879637837,0.02663752174903351,0.9999999999999999,0.0,0.49999999999999994,0.0014249999999999998,"2303.TW,2345.TW,2618.TW,2379.TW,2609.TW,6669.TW,3034.TW,2603.TW,2395.TW,2615.TW",2021,7,10
2021-01-04,0.003939491600383475,0.002508877824852762,0.06521722879637837,0.02663752174903351,1.0,0.0,0.5,0.001425,"2303.TW,2345.TW,2618.TW,2379.TW,2609.TW",2021,7,5
2021-01-11,0.005328759304778052,-0.000552413937154772,0.021919918005930406,-0.010125146243281575,1.0,1.0,1.0,0.00585,"6669.TW,3008.TW,2408.TW",2021,7,3
2021-01-11,-0.004095008801700284,-0.007736792807075288,0.021919918005930406,-0.010125146243281575,0.6250869168322326,0.6250869168322327,0.6250869168322326,0.0036567584634685612,"6669.TW,3008.TW,2408.TW,3017.TW,2609.TW,2618.TW,2317.TW,2308.TW,2603.TW,2207.TW",2021,7,10
2021-01-11,0.026334887013910735,0.02131874589053795,0.021919918005930406,-0.010125146243281575,0.8354583206112123,0.8354583206112123,0.8354583206112123,0.004887431175575592,"6669.TW,3008.TW,2408.TW,3017.TW,2609.TW",2021,7,5
2021-01-18,0.009833682788288091,0.006102836037096937,0.0244386819556226,0.002404965969859707,0.6315412055174083,0.6315412055174082,0.6315412055174083,0.0036945160522768384,"2603.TW,3037.TW,2308.TW,3008.TW,2408.TW",2021,7,5
2021-01-18,0.0015397775345038613,-0.00216855939964411,0.0244386819556226,0.002404965969859707,0.6329291792958043,0.6329291792958043,0.6329291792958043,0.003702635698880455,"2603.TW,3037.TW,2308.TW,3008.TW,2408.TW,1301.TW,2002.TW,1326.TW,2382.TW,1101.TW",2021,7,10
2021-01-18,0.000719383376331189,-0.0051348250164202636,0.0244386819556226,0.002404965969859707,1.0,0.9999999999999998,0.9999999999999999,0.005849999999999999,"2603.TW,3037.TW,2308.TW",2021,7,3
2021-01-25,-0.06706727556827284,-0.07070571319355656,-0.022500860818704504,-0.032713424203836355,0.6666666666666666,0.6666666666666667,0.6666666666666667,0.0039000000000000003,"3037.TW,3711.TW,2207.TW",2021,7,3
2021-01-25,-0.039994610996056196,-0.045049039369161936,-0.022500860818704504,-0.032713424203836355,0.8999999999999999,0.9000000000000001,0.9,0.005265000000000001,"3037.TW,3711.TW,2207.TW,2330.TW,5876.TW,2395.TW,1590.TW,3017.TW,2618.TW,6669.TW",2021,7,10
2021-01-25,-0.046086662943790116,-0.05055607741410084,-0.022500860818704504,-0.032713424203836355,0.8009139236013751,0.8009139236013751,0.8009139236013751,0.004685346453068045,"3037.TW,3711.TW,2207.TW,2330.TW,5876.TW",2021,7,5
2021-02-01,0.07515659830327757,0.07064278028964366,0.060754530887575875,0.053672993656204954,0.7176562224154963,0.7176562224154962,0.7176562224154963,0.004198288901130652,"1590.TW,2327.TW,2615.TW,2609.TW,3037.TW,2603.TW,3017.TW,5871.TW,3231.TW,2317.TW",2021,7,10
2021-02-01,0.09543896087213613,0.09024307834192102,0.060754530887575875,0.053672993656204954,0.8108028649929382,0.8108028649929381,0.8108028649929382,0.004743196760208688,"1590.TW,2327.TW,2615.TW,2609.TW,3037.TW",2021,7,5
2021-02-01,0.059476541389026055,0.0532786036219004,0.060754530887575875,0.053672993656204954,1.0,1.0,1.0,0.00585,"1590.TW,2327.TW,2615.TW",2021,7,3
2021-02-17,0.011075900342988488,0.006283981892319268,-0.01921023263374877,0.023582221587584593,0.810158128396578,0.8101581283965777,0.8101581283965779,0.00473942505111998,"2345.TW,9910.TW,3045.TW,1590.TW,2412.TW",2021,7,5
2021-02-17,0.028205565639316234,0.022190563080326298,-0.01921023263374877,0.023582221587584593,1.0,0.9999999999999998,0.9999999999999999,0.005849999999999999,"2345.TW,9910.TW,3045.TW",2021,7,3
2021-02-17,0.007072816867220856,0.0017512051563686182,-0.01921023263374877,0.023582221587584593,0.903288421943622,0.9032884219436221,0.9032884219436221,0.00528423726837019,"2345.TW,9910.TW,3045.TW,1590.TW,2412.TW,4904.TW,1102.TW,6669.TW,2912.TW,2892.TW",2021,7,10
2021-02-24,-0.07035260530680462,-0.07476159542253857,-0.0565829651776284,-0.037918649582834286,0.810709015438932,0.8107090154389321,0.810709015438932,0.004742647740317752,"2327.TW,3711.TW,2308.TW,2603.TW,1590.TW",2021,7,5
2021-02-24,-0.08465118733804433,-0.09000597789211684,-0.0565829651776284,-0.037918649582834286,1.0,1.0,1.0,0.00585,"2327.TW,3711.TW,2308.TW",2021,7,3
2021-02-24,-0.07526961574783764,-0.07912104779846751,-0.0565829651776284,-0.037918649582834286,0.7119528722218244,0.7119528722218242,0.7119528722218242,0.004164924302497672,"2327.TW,3711.TW,2308.TW,2603.TW,1590.TW,2303.TW,6669.TW,2345.TW,2330.TW,2454.TW",2021,7,10
2021-03-04,0.04900388839843961,0.045312606967355507,0.03998440115631108,0.04227954129609888,0.6015118588179345,0.6015118588179342,0.6015118588179343,0.0035188443740849155,"3711.TW,2615.TW,1590.TW,1303.TW,2207.TW",2021,7,5
2021-03-04,0.05387908120742331,0.04976895279071436,0.03998440115631108,0.04227954129609888,0.6666666666666666,0.6666666666666667,0.6666666666666667,0.0039000000000000003,"3711.TW,2615.TW,1590.TW",2021,7,3
2021-03-04,0.04015856873197907,0.03644507252512286,0.03998440115631108,0.04227954129609888,0.6102777936632318,0.6102777936632316,0.6102777936632318,0.0035701250929299055,"3711.TW,2615.TW,1590.TW,1303.TW,2207.TW,2454.TW,3034.TW,2379.TW,2303.TW,2395.TW",2021,7,10
2021-03-11,0.03892282251576864,0.032845124004051485,-0.013308693333497601,0.004884229266329181,1.0,1.0,1.0,0.00585,"2395.TW,2609.TW,2603.TW,2345.TW,2883.TW",2021,7,5
2021-03-11,0.008055883935146712,0.0033098486144504946,-0.013308693333497601,0.004884229266329181,0.8048046759480262,0.8048046759480262,0.8048046759480262,0.004708107354295953,"2395.TW,2609.TW,2603.TW,2345.TW,2883.TW,1301.TW,2882.TW,1303.TW,2891.TW,2881.TW",2021,7,10
2021-03-11,0.047744493491494636,0.04161518820456922,-0.013308693333497601,0.004884229266329181,1.0,1.0,1.0,0.00585,"2395.TW,2609.TW,2603.TW",2021,7,3
2021-03-18,0.01727506172844957,0.013109320350671583,-0.002997206673186814,0.009884103846851757,0.7,0.7000000000000001,0.7,0.0040950000000000005,"2327.TW,2345.TW,2303.TW,2618.TW,6669.TW,3231.TW,5876.TW,2207.TW,2883.TW,2609.TW",2021,7,10
2021-03-18,0.029602014433716163,0.023578842649278897,-0.002997206673186814,0.009884103846851757,1.0,1.0,1.0,0.00585,"2327.TW,2345.TW,2303.TW",2021,7,3
2021-03-18,0.011749651162089168,0.007012679155763202,-0.002997206673186814,0.009884103846851757,0.8003351457251413,0.8003351457251412,0.8003351457251413,0.004681960602492076,"2327.TW,2345.TW,2303.TW,2618.TW,6669.TW",2021,7,5
2021-03-25,0.06596993601382306,0.0597340118881422,0.034949144184671876,0.03738142941146509,1.0,1.0,1.0,0.00585,"2615.TW,3231.TW,9910.TW",2021,7,3
2021-03-25,0.09264641244186868,0.08814035679799481,0.034949144184671876,0.03738142941146509,0.7049544237355936,0.7049544237355936,0.7049544237355936,0.004123983378853223,"2615.TW,3231.TW,9910.TW,2603.TW,3037.TW,3711.TW,2327.TW,2330.TW,2609.TW,2317.TW",2021,7,10
2021-03-25,0.08995146838907075,0.08357525229899476,0.034949144184671876,0.03738142941146509,1.0,1.0,1.0,0.00585,"2615.TW,3231.TW,9910.TW,2603.TW,3037.TW",2021,7,5
2021-04-01,0.009021551419766394,0.004796445576827457,-0.0025416238002026192,0.018027635170119044,0.7157828433060298,0.7157828433060299,0.7157828433060298,0.004187329633340275,"2317.TW,3017.TW,3008.TW,1102.TW,2379.TW,3034.TW,2345.TW,2327.TW,2615.TW,5871.TW",2021,7,10
2021-04-01,0.00165455976913802,-0.004205119405511493,-0.0025416238002026192,0.018027635170119044,1.0,1.0,1.0,0.00585,"2317.TW,3017.TW,3008.TW,1102.TW,2379.TW",2021,7,5
2021-04-01,0.003278037485105023,-0.0025911390341827323,-0.0025416238002026192,0.018027635170119044,1.0,1.0,1.0,0.00585,"2317.TW,3017.TW,3008.TW",2021,7,3
2021-04-13,0.053686237760988055,0.04990139071524635,0.011649025580052985,0.04347351284081563,0.6140180803312887,0.6140180803312887,0.6140180803312887,0.003592005769938039,"1590.TW,2327.TW,2345.TW,3037.TW,3008.TW,2454.TW,2609.TW,2382.TW,3034.TW,6669.TW",2021,7,10
2021-04-13,0.014021373297866716,0.008089348264074037,0.011649025580052985,0.04347351284081563,1.0,1.0,1.0,0.00585,"1590.TW,2327.TW,2345.TW",2021,7,3
2021-04-13,0.023329848218103355,0.018523112818937593,0.011649025580052985,0.04347351284081563,0.8029318916362054,0.8029318916362055,0.8029318916362054,0.004697151566071802,"1590.TW,2327.TW,2345.TW,3037.TW,3008.TW",2021,7,5
2021-04-20,0.055091051651645635,0.04891876899948344,0.016552613506686686,0.029601492416244858,1.0,1.0,1.0,0.00585,"1301.TW,2002.TW,2615.TW,2603.TW,1102.TW",2021,7,5
2021-04-20,0.05933342133609762,0.05375603087276315,0.016552613506686686,0.029601492416244858,0.8999999999999999,0.8999999999999999,0.8999999999999999,0.005265,"1301.TW,2002.TW,2615.TW,2603.TW,1102.TW,2308.TW,1101.TW,2609.TW,2882.TW,1303.TW",2021,7,10
2021-04-20,0.04840511815532337,0.04227194821411473,0.016552613506686686,0.029601492416244858,1.0,1.0,1.0,0.00585,"1301.TW,2002.TW,2615.TW",2021,7,3
2021-04-27,-0.018162055212675936,-0.02166119965190061,-0.0350441572236031,-0.026008967011156826,0.609208833047282,0.609208833047282,0.609208833047282,0.0035638716733266,"2880.TW,3008.TW,2408.TW,2002.TW,2603.TW",2021,7,5
2021-04-27,-0.06428689455425751,-0.06976081622111507,-0.0350441572236031,-0.026008967011156826,1.0,1.0,1.0,0.00585,"2880.TW,3008.TW,2408.TW",2021,7,3
2021-04-27,-0.023350779107242328,-0.026807307459238094,-0.0350441572236031,-0.026008967011156826,0.6049864523616686,0.6049864523616686,0.6049864523616686,0.0035391707463157613,"2880.TW,3008.TW,2408.TW,2002.TW,2603.TW,2615.TW,2609.TW,3034.TW,2327.TW,2303.TW",2021,7,10
2021-05-05,-0.12245649831550895,-0.12622063251934323,-0.07373447962128954,-0.0762808390446204,0.7332305954178467,0.7332305954178466,0.7332305954178466,0.004289398983194403,"3037.TW,2454.TW,2345.TW,1590.TW,3034.TW,2618.TW,2303.TW,3711.TW,2308.TW,2408.TW",2021,7,10
2021-05-05,-0.11160174492261479,-0.11679887471481754,-0.07373447962128954,-0.0762808390446204,1.0,1.0,1.0,0.00585,"3037.TW,2454.TW,2345.TW,1590.TW,3034.TW",2021,7,5
2021-05-05,-0.11919644103170497,-0.12434914185166956,-0.07373447962128954,-0.0762808390446204,1.0,1.0,1.0,0.00585,"3037.TW,2454.TW,2345.TW",2021,7,3
2021-05-12,0.025633539450625676,0.019633583244839548,0.04039605062391605,0.03571660067282762,1.0,1.0,1.0,0.00585,"2887.TW,2883.TW,2882.TW,2891.TW,2885.TW",2021,7,5
2021-05-12,0.031805235877436444,0.02576917524755351,0.04039605062391605,0.03571660067282762,1.0,1.0,1.0,0.00585,"2887.TW,2883.TW,2882.TW",2021,7,3
2021-05-12,0.03976505684431137,0.034288930773927806,0.04039605062391605,0.03571660067282762,0.9002898495187899,0.9002898495187901,0.90028984951879,0.0052666956196849215,"2887.TW,2883.TW,2882.TW,2891.TW,2885.TW,2002.TW,1101.TW,3037.TW,1216.TW,5876.TW",2021,7,10
2021-05-19,0.05012157167363969,0.04397836047934889,0.01636844373563706,0.039913545465485034,1.0,1.0,1.0,0.00585,"1590.TW,3034.TW,2379.TW",2021,7,3
2021-05-19,0.039946464449891785,0.03386277763285972,0.01636844373563706,0.039913545465485034,1.0,1.0,1.0,0.00585,"1590.TW,3034.TW,2379.TW,2454.TW,2207.TW",2021,7,5
2021-05-19,0.04439789569557323,0.038288168005754075,0.01636844373563706,0.039913545465485034,0.9999999999999999,0.9999999999999999,0.9999999999999999,0.005849999999999999,"1590.TW,3034.TW,2379.TW,2454.TW,2207.TW,2408.TW,2317.TW,6669.TW,2395.TW,2327.TW",2021,7,10
2021-05-26,0.04739126516099308,0.04330643922686517,0.033333396954350114,0.048983759997087636,0.6666666666666666,0.6666666666666666,0.6666666666666666,0.0039,"1590.TW,2408.TW,2002.TW",2021,7,3
2021-05-26,0.045631754216621426,0.041939412464066184,0.033333396954350114,0.048983759997087636,0.6036250599755121,0.6036250599755119,0.603625059975512,0.003531206600856745,"1590.TW,2408.TW,2002.TW,3034.TW,3711.TW",2021,7,5
2021-05-26,0.03789317003534437,0.03421514650912849,0.033333396954350114,0.048983759997087636,0.6057675187051418,0.6057675187051417,0.6057675187051417,0.003543739984425079,"1590.TW,2408.TW,2002.TW,3034.TW,3711.TW,2912.TW,2382.TW,1326.TW,2454.TW,1216.TW",2021,7,10
2021-06-02,0.0046614731156370045,-4.750975818568204e-05,-0.01413553455150729,-0.008656683963749747,0.801219474366078,0.801219474366078,0.801219474366078,0.004687133925041557,"3034.TW,2345.TW,2379.TW,2327.TW,2317.TW",2021,7,5
2021-06-02,0.009468546414404977,0.003563155417880548,-0.01413553455150729,-0.008656683963749747,1.0,1.0,1.0,0.00585,"3034.TW,2345.TW,2379.TW",2021,7,3
2021-06-02,-0.0018522114240162929,-0.005423844636340824,-0.01413553455150729,-0.008656683963749747,0.6116685312917192,0.6116685312917193,0.6116685312917192,0.0035782609080565577,"3034.TW,2345.TW,2379.TW,2327.TW,2317.TW,5871.TW,2454.TW,2357.TW,1590.TW,2382.TW",2021,7,10
2021-06-09,0.01704822649245515,0.011098494367474343,0.020955976321988423,0.01868679699002929,1.0,1.0,1.0,0.00585,"3017.TW,2303.TW,2002.TW",2021,7,3
2021-06-09,0.02058285312474688,0.01461244343396717,0.020955976321988423,0.01868679699002929,1.0,1.0,1.0,0.00585,"3017.TW,2303.TW,2002.TW,1590.TW,2408.TW",2021,7,5
2021-06-09,0.04059810780299621,0.035702727983175864,0.020955976321988423,0.01868679699002929,0.8041693108436789,0.804169310843679,0.8041693108436789,0.004704390468435522,"3017.TW,2303.TW,2002.TW,1590.TW,2408.TW,3008.TW,2618.TW,2382.TW,2615.TW,3231.TW",2021,7,10
2021-06-17,0.0774468842033502,0.0723687443798664,-0.010082940274116825,0.022714481226704462,0.8056620722665437,0.8056620722665437,0.8056620722665437,0.004713123122759281,"6669.TW,5871.TW,3008.TW,2615.TW,2002.TW",2021,7,5
2021-06-17,0.06557831363284912,0.06175380941686215,-0.010082940274116825,0.022714481226704462,0.6135273175871845,0.6135273175871844,0.6135273175871845,0.0035891348078850287,"6669.TW,5871.TW,3008.TW,2615.TW,2002.TW,2603.TW,2618.TW,2912.TW,9910.TW,1216.TW",2021,7,10
2021-06-17,0.02429790849908912,0.018305765734369484,-0.010082940274116825,0.022714481226704462,1.0,1.0,1.0,0.00585,"6669.TW,5871.TW,3008.TW",2021,7,3
2021-06-24,0.027357183100738335,0.023679214347698263,0.006184144508913025,0.01883346359534701,0.611970809859672,0.6119708098596718,0.6119708098596719,0.0035800292376790806,"2308.TW,2454.TW,9910.TW,3037.TW,2618.TW,2357.TW,2330.TW,2615.TW,3017.TW,3008.TW",2021,7,10
2021-06-24,0.030814068300074604,0.024783806000519215,0.006184144508913025,0.01883346359534701,1.0,1.0,1.0,0.00585,"2308.TW,2454.TW,9910.TW",2021,7,3
2021-06-24,0.0001754382139704351,-0.005675588099581241,0.006184144508913025,0.01883346359534701,1.0,1.0000000000000002,1.0,0.005850000000000001,"2308.TW,2454.TW,9910.TW,3037.TW,2618.TW",2021,7,5
2021-07-01,0.06501815226400283,0.05878779607325835,-0.0028923764323300905,0.005738769534702806,1.0,1.0,1.0,0.00585,"3037.TW,2379.TW,2345.TW",2021,7,3
2021-07-01,0.045504238825691885,0.04052799110625993,-0.0028923764323300905,0.005738769534702806,0.813617586817009,0.813617586817009,0.813617586817009,0.004759662882879503,"3037.TW,2379.TW,2345.TW,2408.TW,2395.TW",2021,7,5
2021-07-01,0.03179843425104464,0.027451492786126686,-0.0028923764323300905,0.005738769534702806,0.7201667422759369,0.7201667422759371,0.720166742275937,0.004212975442314232,"3037.TW,2379.TW,2345.TW,2408.TW,2395.TW,2303.TW,3711.TW,2357.TW,3017.TW,2327.TW",2021,7,10
2021-07-08,0.019208717691767352,0.013246346693270405,0.01377816822344502,0.0052027824925974415,1.0,1.0,1.0,0.00585,"1590.TW,2207.TW,3711.TW",2021,7,3
2021-07-08,0.014766788441020598,0.00994585495340905,0.01377816822344502,0.0052027824925974415,0.8120990988772212,0.8120990988772213,0.8120990988772212,0.004750779728431745,"1590.TW,2207.TW,3711.TW,1301.TW,2408.TW",2021,7,5
2021-07-08,-0.016526695232252777,-0.020606842079217813,0.01377816822344502,0.0052027824925974415,0.7091814247524575,0.7091814247524575,0.7091814247524575,0.0041487113348018766,"1590.TW,2207.TW,3711.TW,1301.TW,2408.TW,2327.TW,2603.TW,2609.TW,2885.TW,2615.TW",2021,7,10
2021-07-15,-0.010542142818042489,-0.016330471282556935,-0.009992457575275338,-0.005480817354148888,1.0,0.9999999999999999,1.0,0.005849999999999999,"6669.TW,3017.TW,3231.TW,2395.TW,2382.TW",2021,7,5
2021-07-15,-0.034145642161271764,-0.039795890154628366,-0.009992457575275338,-0.005480817354148888,1.0,1.0,1.0,0.00585,"6669.TW,3017.TW,3231.TW",2021,7,3
2021-07-15,-0.006999796088902289,-0.01280884728178222,-0.009992457575275338,-0.005480817354148888,0.9999999999999999,1.0,1.0,0.00585,"6669.TW,3017.TW,3231.TW,2395.TW,2382.TW,2308.TW,1102.TW,1326.TW,4904.TW,2912.TW",2021,7,10
2021-07-22,-0.029726984907064668,-0.03372292911302821,-0.010503390859152306,-0.009329383797257389,0.7039950354275863,0.7039950354275866,0.7039950354275865,0.004118370957251381,"2603.TW,1590.TW,9910.TW,2609.TW,2615.TW,3711.TW,2308.TW,4904.TW,6669.TW,2357.TW",2021,7,10
2021-07-22,-0.03643044916285829,-0.04206733103525562,-0.010503390859152306,-0.009329383797257389,1.0,1.0,1.0,0.00585,"2603.TW,1590.TW,9910.TW,2609.TW,2615.TW",2021,7,5
2021-07-22,-0.04697363368573019,-0.0525488379286686,-0.010503390859152306,-0.009329383797257389,1.0,1.0,1.0,0.00585,"2603.TW,1590.TW,9910.TW",2021,7,3
2021-07-29,-0.011955205647332582,-0.01603223605270132,0.016837464254294776,0.007221158921810185,0.7053610103564418,0.7053610103564419,0.7053610103564418,0.004126361910585186,"1590.TW,2357.TW,2382.TW",2021,7,3
2021-07-29,0.002249383317828613,-0.0019507907751769027,0.016837464254294776,0.007221158921810185,0.7163670932478484,0.7163670932478484,0.7163670932478484,0.0041907474954999135,"1590.TW,2357.TW,2382.TW,2308.TW,5876.TW,3008.TW,2408.TW,2912.TW,2881.TW,2207.TW",2021,7,10
2021-07-29,-0.005971204086311221,-0.010769513257663732,0.016837464254294776,0.007221158921810185,0.8251509346073345,0.8251509346073345,0.8251509346073345,0.004827132967452907,"1590.TW,2357.TW,2382.TW,2308.TW,5876.TW",2021,7,5
2021-08-05,-0.005483933048164784,-0.011301852039833027,-0.016558680422723793,-0.015272703109674626,1.0,1.0,1.0,0.00585,"2615.TW,1102.TW,1101.TW",2021,7,3
2021-08-05,0.0052888838416697784,-3.9621317565741165e-06,-0.016558680422723793,-0.015272703109674626,0.8999999999999999,0.9,0.8999999999999999,0.005265,"2615.TW,1102.TW,1101.TW,2603.TW,2207.TW,2002.TW,2609.TW,6669.TW,3045.TW,2618.TW",2021,7,10
2021-08-05,-0.009393122067819748,-0.015188172303723046,-0.016558680422723793,-0.015272703109674626,1.0,0.9999999999999999,1.0,0.005849999999999999,"2615.TW,1102.TW,1101.TW,2603.TW,2207.TW",2021,7,5
2021-08-12,-0.0021443586556048498,-0.006842230091603119,-0.03221079442778907,-0.02875843374176466,0.804780684751701,0.804780684751701,0.804780684751701,0.004707967005797451,"2886.TW,1101.TW,2395.TW,6669.TW,1216.TW",2021,7,5
2021-08-12,0.0005229738775431869,-0.0034331874204125423,-0.03221079442778907,-0.02875843374176466,0.67591340348595,0.6759134034859501,0.67591340348595,0.003954093410392808,"2886.TW,1101.TW,2395.TW",2021,7,3
2021-08-12,-0.002807097837841033,-0.007521584454297847,-0.03221079442778907,-0.02875843374176466,0.8081637428073363,0.808163742807336,0.8081637428073362,0.004727757895422916,"2886.TW,1101.TW,2395.TW,6669.TW,1216.TW,2408.TW,2357.TW,3008.TW,3017.TW,2885.TW",2021,7,10
2021-08-19,0.08133641149385054,0.07501059348661165,0.034039182062861384,0.02185262630453872,1.0,1.0,1.0,0.00585,"2615.TW,2609.TW,2603.TW,5871.TW,2327.TW",2021,7,5
2021-08-19,0.09691329793358872,0.09049635514067722,0.034039182062861384,0.02185262630453872,1.0,0.9999999999999998,0.9999999999999999,0.005849999999999999,"2615.TW,2609.TW,2603.TW",2021,7,3
2021-08-19,0.04553059334108854,0.04002587476714781,0.034039182062861384,0.02185262630453872,0.8999999999999999,0.8999999999999998,0.8999999999999999,0.005264999999999999,"2615.TW,2609.TW,2603.TW,5871.TW,2327.TW,3034.TW,2002.TW,2303.TW,2379.TW,2408.TW",2021,7,10
2021-08-26,0.033432136623398015,0.02738655862415107,0.028895376403865525,0.022973618693647037,1.0,0.9999999999999999,1.0,0.005849999999999999,"2454.TW,2912.TW,2207.TW",2021,7,3
2021-08-26,0.03220995881257486,0.028465381848028715,0.028895376403865525,0.022973618693647037,0.6201244436301522,0.6201244436301523,0.6201244436301523,0.003627727995236391,"2454.TW,2912.TW,2207.TW,2408.TW,3034.TW,2345.TW,3008.TW,1590.TW,2379.TW,2327.TW",2021,7,10
2021-08-26,0.028863712229099937,0.022844859512559657,0.028895376403865525,0.022973618693647037,1.0,0.9999999999999998,0.9999999999999999,0.005849999999999999,"2454.TW,2912.TW,2207.TW,2408.TW,3034.TW",2021,7,5
2021-09-02,-0.027709861415098704,-0.03226017926367608,0.0003556509538558128,-0.009194702419677412,0.8,0.7999999999999999,0.8,0.00468,"2883.TW,2615.TW,2603.TW,2609.TW,2408.TW",2021,7,5
2021-09-02,-0.024132702762682236,-0.029841526451520495,0.0003556509538558128,-0.009194702419677412,1.0,0.9999999999999999,1.0,0.005849999999999999,"2883.TW,2615.TW,2603.TW",2021,7,3
2021-09-02,-0.02032618365133083,-0.02322405214950296,0.0003556509538558128,-0.009194702419677412,0.5056398652011878,0.5056398652011878,0.5056398652011878,0.0029579932114269488,"2883.TW,2615.TW,2603.TW,2609.TW,2408.TW,2002.TW,3008.TW,2327.TW,2207.TW,3034.TW",2021,7,10
2021-09-09,0.013838965263159177,0.009662322089725617,-0.004264528411521029,0.0076435983255521275,0.7042105526468095,0.7042105526468098,0.7042105526468097,0.004119631732983837,"6669.TW,2618.TW,2207.TW,2615.TW,1216.TW,2609.TW,2379.TW,3037.TW,2454.TW,1301.TW",2021,7,10
2021-09-09,0.01353906621461263,0.008792030934585027,-0.004264528411521029,0.0076435983255521275,0.8006193833826263,0.8006193833826263,0.8006193833826263,0.004683623392788364,"6669.TW,2618.TW,2207.TW,2615.TW,1216.TW",2021,7,5
2021-09-09,0.026767747792170466,0.02076115646758625,-0.004264528411521029,0.0076435983255521275,1.0,1.0,1.0,0.00585,"6669.TW,2618.TW,2207.TW",2021,7,3
2021-09-16,-0.02624821005563951,-0.03087155944534281,-0.006067040592626638,-0.006968274962109346,0.8116196993457612,0.8116196993457613,0.8116196993457612,0.004747975241172703,"9910.TW,3711.TW,2609.TW,2615.TW,5871.TW",2021,7,5
2021-09-16,-0.020764590797624934,-0.02649311794145881,-0.006067040592626638,-0.006968274962109346,1.0,1.0,1.0,0.00585,"9910.TW,3711.TW,2609.TW",2021,7,3
2021-09-16,-0.025871679399784266,-0.030480974934301353,-0.006067040592626638,-0.006968274962109346,0.8088398108563555,0.8088398108563556,0.8088398108563555,0.00473171289350968,"9910.TW,3711.TW,2609.TW,2615.TW,5871.TW,3008.TW,3034.TW,2002.TW,2603.TW,2327.TW",2021,7,10
2021-09-27,-0.11855292719450937,-0.12170261963406792,-0.05206443968792196,-0.05602123371441062,0.6108239287849981,0.6108239287849981,0.6108239287849981,0.0035733199833922393,"1590.TW,3037.TW,2615.TW,3008.TW,5871.TW",2021,7,5
2021-09-27,-0.08940213657985056,-0.0916285818376712,-0.05206443968792196,-0.05602123371441062,0.41795500324515455,0.4179550032451546,0.41795500324515455,0.0024450367689841544,"1590.TW,3037.TW,2615.TW,3008.TW,5871.TW,9910.TW,3711.TW,2308.TW,2002.TW,2345.TW",2021,7,10
2021-09-27,-0.1606027440763416,-0.16551321802349495,-0.05206443968792196,-0.05602123371441062,1.0,1.0,1.0,0.00585,"1590.TW,3037.TW,2615.TW",2021,7,3
2021-10-04,0.011870229532512745,0.008749939705663401,0.010605767430574176,0.01208327896994353,0.527125772472768,0.527125772472768,0.527125772472768,0.003083685768965693,"2615.TW,2603.TW,2609.TW,3711.TW,3037.TW,2345.TW,1590.TW,2303.TW,2379.TW,2327.TW",2021,7,10
2021-10-04,-0.008248006662167814,-0.012247668778260334,0.010605767430574176,0.01208327896994353,0.6893890109831793,0.6893890109831793,0.6893890109831793,0.0040329257142515985,"2615.TW,2603.TW,2609.TW",2021,7,3
2021-10-04,-0.004778342259959791,-0.00840270667661247,0.010605767430574176,0.01208327896994353,0.6225241061764892,0.622524106176489,0.6225241061764891,0.003641766021132461,"2615.TW,2603.TW,2609.TW,3711.TW,3037.TW",2021,7,5
2021-10-12,0.037460205499687406,0.0338187201783835,0.027361498987505284,0.013221782804496887,0.6000000000000001,0.6,0.6000000000000001,0.00351,"1326.TW,1303.TW,2615.TW,1590.TW,3037.TW",2021,7,5
2021-10-12,-0.008529619134755249,-0.012396353620129696,0.027361498987505284,0.013221782804496887,0.6666666666666666,0.6666666666666665,0.6666666666666665,0.0038999999999999994,"1326.TW,1303.TW,2615.TW",2021,7,3
2021-10-12,0.021798980695889127,0.018774099166763092,0.027361498987505284,0.013221782804496887,0.5060425538009858,0.5060425538009858,0.5060425538009858,0.0029603489397357673,"1326.TW,1303.TW,2615.TW,1590.TW,3037.TW,2609.TW,2603.TW,2618.TW,2317.TW,9910.TW",2021,7,10
2021-10-19,0.008365813654784282,0.004747635413031137,-0.0007299136215621616,0.010557809740665619,0.6133607454378206,0.6133607454378207,0.6133607454378207,0.003588160360811251,"2615.TW,1101.TW,2609.TW,2603.TW,2345.TW,2002.TW,6669.TW,3045.TW,3008.TW,1326.TW",2021,7,10
2021-10-19,-0.0026358123157211207,-0.007349126079437274,-0.0007299136215621616,0.010557809740665619,0.8078239327351557,0.8078239327351558,0.8078239327351557,0.004725770006500662,"2615.TW,1101.TW,2609.TW,2603.TW,2345.TW",2021,7,5
2021-10-19,-0.012878747849359273,-0.016728520732746777,-0.0007299136215621616,0.010557809740665619,0.6666666666666666,0.6666666666666667,0.6666666666666667,0.0039000000000000003,"2615.TW,1101.TW,2609.TW",2021,7,3
2021-10-26,0.032037099824317294,0.028376490155517242,-0.004015878920496596,0.010412560637758797,0.6063204923897043,0.6063204923897043,0.6063204923897043,0.0035469748804797703,"2912.TW,2615.TW,2308.TW,1301.TW,2603.TW,2609.TW,1102.TW,1216.TW,1101.TW,2412.TW",2021,7,10
2021-10-26,0.024639835201518023,0.020612701037931114,-0.004015878920496596,0.010412560637758797,0.6718448557947978,0.6718448557947978,0.6718448557947978,0.003930292406399567,"2912.TW,2615.TW,2308.TW",2021,7,3
2021-10-26,0.034106922219877586,0.030446178867137297,-0.004015878920496596,0.010412560637758797,0.6051290065269189,0.6051290065269188,0.6051290065269188,0.0035400046881824757,"2912.TW,2615.TW,2308.TW,1301.TW,2603.TW",2021,7,5
2021-11-02,0.047497203637300214,0.0425497625058997,0.031158190506826555,0.03177986686781337,0.8073686781992306,0.8073686781992306,0.8073686781992306,0.0047231067674654995,"3017.TW,3034.TW,2327.TW,6669.TW,2379.TW,3008.TW,2308.TW,9910.TW,2881.TW,1301.TW",2021,7,10
2021-11-02,0.06331175636911533,0.05709138259435598,0.031158190506826555,0.03177986686781337,1.0,1.0000000000000002,1.0,0.005850000000000001,"3017.TW,3034.TW,2327.TW,6669.TW,2379.TW",2021,7,5
2021-11-02,0.08337609970917036,0.07703834952587174,0.031158190506826555,0.03177986686781337,1.0,0.9999999999999998,0.9999999999999999,0.005849999999999999,"3017.TW,3034.TW,2327.TW",2021,7,3
2021-11-09,0.02376467293033975,0.017775649593697374,0.0046216101393889986,0.01538814509441326,1.0,1.0000000000000002,1.0,0.005850000000000001,"2885.TW,1590.TW,1301.TW",2021,7,3
2021-11-09,0.007862982042921317,0.003107210823396933,0.0046216101393889986,0.01538814509441326,0.8066099853870708,0.806609985387071,0.806609985387071,0.004718668414514365,"2885.TW,1590.TW,1301.TW,2615.TW,2609.TW,3037.TW,2603.TW,1216.TW,2618.TW,2881.TW",2021,7,10
2021-11-09,-0.019788132571384502,-0.02552237199584184,0.0046216101393889986,0.01538814509441326,1.0,0.9999999999999999,1.0,0.005849999999999999,"2885.TW,1590.TW,1301.TW,2615.TW,2609.TW",2021,7,5
2021-11-16,0.0031309859399608615,-0.00273733032778789,-0.0014155498785193288,-0.0001049809001364066,1.0,1.0,1.0,0.00585,"2002.TW,2308.TW,2357.TW",2021,7,3
2021-11-16,-0.00955416699703683,-0.013123470841885032,-0.0014155498785193288,-0.0001049809001364066,0.616022995953103,0.616022995953103,0.616022995953103,0.0036037345263256523,"2002.TW,2308.TW,2357.TW,2615.TW,3037.TW,2618.TW,6669.TW,1301.TW,2345.TW,5880.TW",2021,7,10
2021-11-16,-0.004443529775433364,-0.009224925591165611,-0.0014155498785193288,-0.0001049809001364066,0.8209806701266511,0.8209806701266512,0.8209806701266511,0.00480273692024091,"2002.TW,2308.TW,2357.TW,2615.TW,3037.TW",2021,7,5
2021-11-23,-0.018490747690437383,-0.024232576816448304,-0.021261487403038792,-0.016085717933747096,1.0,0.9999999999999999,1.0,0.005849999999999999,"2207.TW,6669.TW,3008.TW",2021,7,3
2021-11-23,-0.02312595197833426,-0.02717892667916122,-0.021261487403038792,-0.016085717933747096,0.70921751844942,0.7092175184494202,0.70921751844942,0.0041489224829291075,"2207.TW,6669.TW,3008.TW,2303.TW,1102.TW,2618.TW,2615.TW,2454.TW,9910.TW,2912.TW",2021,7,10
2021-11-23,-0.01387229345103369,-0.01964114053434518,-0.021261487403038792,-0.016085717933747096,1.0,1.0,1.0,0.00585,"2207.TW,6669.TW,3008.TW,2303.TW,1102.TW",2021,7,5
2021-11-30,0.03441823958727608,0.028366892885690387,0.03620565493332739,0.049315528042101514,1.0,1.0,1.0,0.00585,"2454.TW,3231.TW,2912.TW",2021,7,3
2021-11-30,0.031225130500842396,0.026961836037075804,0.03620565493332739,0.049315528042101514,0.7067014397240359,0.7067014397240359,0.7067014397240359,0.00413420342238561,"2454.TW,3231.TW,2912.TW,2207.TW,2892.TW,1216.TW,2885.TW,2327.TW,4904.TW,3045.TW",2021,7,10
2021-11-30,0.03439357750220942,0.02949174911999708,0.03620565493332739,0.049315528042101514,0.8100585693872006,0.8100585693872004,0.8100585693872004,0.004738842630915123,"2454.TW,3231.TW,2912.TW,2207.TW,2892.TW",2021,7,5
2021-12-07,-0.029872893797847813,-0.03441308865487391,-0.02096436767887333,-0.017433762478368656,0.8,0.8000000000000003,0.8000000000000002,0.004680000000000002,"3711.TW,2327.TW,2379.TW,2395.TW,2454.TW",2021,7,5
2021-12-07,-0.044083554628929836,-0.04967566583435068,-0.02096436767887333,-0.017433762478368656,1.0,0.9999999999999999,1.0,0.005849999999999999,"3711.TW,2327.TW,2379.TW",2021,7,3
2021-12-07,-0.03049377121287547,-0.03447704769717441,-0.02096436767887333,-0.017433762478368656,0.7023182965826356,0.7023182965826357,0.7023182965826356,0.0041085620350084185,"3711.TW,2327.TW,2379.TW,2395.TW,2454.TW,3037.TW,3017.TW,2303.TW,2207.TW,1301.TW",2021,7,10
2021-12-14,0.03952575478809721,0.035254265822523,0.013204891665947294,0.017586710810590222,0.7024059294164787,0.7024059294164788,0.7024059294164788,0.004109074687086401,"2609.TW,2603.TW,2615.TW,2618.TW,3034.TW,5871.TW,3017.TW,2408.TW,2379.TW,3037.TW",2021,7,10
2021-12-14,0.058552371324377774,0.052359839952130116,0.013204891665947294,0.017586710810590222,1.0,1.0,1.0,0.00585,"2609.TW,2603.TW,2615.TW",2021,7,3
2021-12-14,0.05162866095358706,0.04547663328700846,0.013204891665947294,0.017586710810590222,1.0,1.0,1.0,0.00585,"2609.TW,2603.TW,2615.TW,2618.TW,3034.TW",2021,7,5
2021-12-21,0.0055943452858802315,0.002028056959134661,0.02465669022237149,0.019345823448601696,0.6062304736036522,0.6062304736036521,0.6062304736036521,0.0035464482705813653,"2345.TW,2618.TW,2207.TW,2615.TW,2002.TW",2021,7,5
2021-12-21,0.017345685883257956,0.01316782832714991,0.02465669022237149,0.019345823448601696,0.7019872347369881,0.7019872347369882,0.7019872347369882,0.004106625323211381,"2345.TW,2618.TW,2207.TW,2615.TW,2002.TW,2603.TW,3008.TW,3231.TW,1590.TW,2330.TW",2021,7,10
2021-12-21,0.019424185113707654,0.013460553630792349,0.02465669022237149,0.019345823448601696,1.0,1.0,1.0,0.00585,"2345.TW,2618.TW,2207.TW",2021,7,3
2021-12-28,0.006341877151466201,0.0027664119986223756,0.019594081102369598,-0.004451114923106753,0.6073389553734623,0.6073389553734623,0.6073389553734623,0.0035529328889347543,"3008.TW,2615.TW,2327.TW,6669.TW,1590.TW,2382.TW,9910.TW,2882.TW,2345.TW,2912.TW",2021,7,10
2021-12-28,0.01060202798337908,0.0058400846240771465,0.019594081102369598,-0.004451114923106753,0.8054678194846001,0.8054678194846003,0.8054678194846002,0.0047119867439849115,"3008.TW,2615.TW,2327.TW,6669.TW,1590.TW",2021,7,5
2021-12-28,0.04010115050077652,0.03401655877034693,0.019594081102369598,-0.004451114923106753,1.0,1.0,1.0,0.00585,"3008.TW,2615.TW,2327.TW",2021,7,3
2022-01-03,-0.027198625276496448,-0.028584867235477374,-0.0006769787649729686,-0.0055832317078506714,1.0,0.0,0.5,0.001425,"2615.TW,2609.TW,2618.TW",2022,7,3
2022-01-03,-0.03421261847987289,-0.035588865498539124,-0.0006769787649729686,-0.0055832317078506714,1.0,0.0,0.5,0.001425,"2615.TW,2609.TW,2618.TW,2603.TW,2454.TW",2022,7,5
2022-01-03,-0.00895679732240836,-0.01036903388622401,-0.0006769787649729686,-0.0055832317078506714,0.9999999999999999,0.0,0.49999999999999994,0.0014249999999999998,"2615.TW,2609.TW,2618.TW,2603.TW,2454.TW,2892.TW,3045.TW,2412.TW,2884.TW,2886.TW",2022,7,10
2022-01-10,-0.007489613835637322,-0.009433069340002986,0.03116524102906193,0.004055655262922682,0.3347215512925354,0.33472155129253556,0.33472155129253545,0.0019581210750613328,"2618.TW,2615.TW,3037.TW",2022,7,3
2022-01-10,-0.033327798791863116,-0.034458805267276627,0.03116524102906193,0.004055655262922682,0.2,0.2,0.2,0.00117,"2618.TW,2615.TW,3037.TW,2609.TW,2603.TW",2022,7,5
2022-01-10,-0.025634432807716555,-0.02855708220226627,0.03116524102906193,0.004055655262922682,0.5127420384344641,0.5127420384344641,0.5127420384344641,0.002999540924841615,"2618.TW,2615.TW,3037.TW,2609.TW,2603.TW,2454.TW,3034.TW,2308.TW,2379.TW,1590.TW",2022,7,10
2022-01-17,-0.041522808396546096,-0.047129899967426336,-0.042861275050076975,-0.031408590984103556,1.0,1.0,1.0,0.00585,"3008.TW,5871.TW,6669.TW",2022,7,3
2022-01-17,-0.029484605510458485,-0.03516212056822232,-0.042861275050076975,-0.031408590984103556,1.0,1.0,1.0,0.00585,"3008.TW,5871.TW,6669.TW,2345.TW,1590.TW",2022,7,5
2022-01-17,-0.03620180157420399,-0.03962425609723286,-0.042861275050076975,-0.031408590984103556,0.6070098098928631,0.6070098098928631,0.6070098098928631,0.0035510073878732493,"3008.TW,5871.TW,6669.TW,2345.TW,1590.TW,2308.TW,2615.TW,2412.TW,2395.TW,3037.TW",2022,7,10
2022-01-24,0.025766432342183565,0.019765698712981727,0.009470421081326785,0.040134455234009395,1.0,1.0,1.0,0.00585,"2345.TW,2887.TW,2882.TW",2022,7,3
2022-01-24,0.051815756119897666,0.0468875788373313,0.009470421081326785,0.040134455234009395,0.8009230344799365,0.8009230344799366,0.8009230344799365,0.004685399751707629,"2345.TW,2887.TW,2882.TW,2883.TW,5880.TW,5871.TW,2891.TW,2892.TW,2880.TW,2881.TW",2022,7,10
2022-01-24,0.041042641340652296,0.0361705617791781,0.009470421081326785,0.040134455234009395,0.8,0.7999999999999999,0.8,0.00468,"2345.TW,2887.TW,2882.TW,2883.TW,5880.TW",2022,7,5
2022-02-09,0.014149621118033206,0.009368556492071578,0.0034745102802855587,0.0069133787137425975,0.8058732039330759,0.8058732039330759,0.8058732039330759,0.0047143582430084945,"6669.TW,2615.TW,2412.TW,2609.TW,2345.TW,4904.TW,2886.TW,2379.TW,3231.TW,2882.TW",2022,7,10
2022-02-09,0.028557207758623984,0.02370269651088064,0.0034745102802855587,0.0069133787137425975,0.8067912764216143,0.8067912764216142,0.8067912764216143,0.004719728967066443,"6669.TW,2615.TW,2412.TW,2609.TW,2345.TW",2022,7,5
2022-02-09,0.033969449268758035,0.0279207279905358,0.0034745102802855587,0.0069133787137425975,1.0,1.0000000000000002,1.0,0.005850000000000001,"6669.TW,2615.TW,2412.TW",2022,7,3
2022-02-16,-0.026368224240620047,-0.02982106512645144,-0.022853084863858175,-0.013451830022074243,0.6062139978873237,0.6062139978873238,0.6062139978873238,0.003546351887640844,"2609.TW,2454.TW,2891.TW,3231.TW,2345.TW,2886.TW,2887.TW,2892.TW,5871.TW,2408.TW",2022,7,10
2022-02-16,-0.02167008451676814,-0.027393314522345058,-0.022853084863858175,-0.013451830022074243,1.0,0.9999999999999998,0.9999999999999999,0.005849999999999999,"2609.TW,2454.TW,2891.TW",2022,7,3
2022-02-16,-0.028565896393568817,-0.03201205421552267,-0.022853084863858175,-0.013451830022074243,0.6064094363010639,0.6064094363010639,0.6064094363010639,0.003547495202361224,"2609.TW,2454.TW,2891.TW,3231.TW,2345.TW",2022,7,5
2022-02-23,-0.018268250667284103,-0.02401138140088055,-0.018426742218110692,0.0034016760824468585,1.0,1.0,1.0,0.00585,"2345.TW,2618.TW,3017.TW",2022,7,3
2022-02-23,-0.009503663344992287,-0.014178322269167931,-0.018426742218110692,0.0034016760824468585,0.8067541150976563,0.8067541150976563,0.8067541150976563,0.004719511573321289,"2345.TW,2618.TW,3017.TW,2303.TW,2327.TW",2022,7,5
2022-02-23,-0.006743027619158704,-0.010250249425604818,-0.018426742218110692,0.0034016760824468585,0.6035951539126154,0.6035951539126155,0.6035951539126154,0.003531031650388801,"2345.TW,2618.TW,3017.TW,2303.TW,2327.TW,2892.TW,2884.TW,1590.TW,3231.TW,2886.TW",2022,7,10
2022-03-03,-0.03204946311915749,-0.03663566503990778,-0.019133447092881672,-0.017342988166334245,0.8099237620400219,0.8099237620400217,0.8099237620400218,0.0047380540079341275,"2618.TW,2412.TW,9910.TW,6669.TW,2207.TW",2022,7,5
2022-03-03,-0.018553319627212232,-0.022602889010405414,-0.019133447092881672,-0.017342988166334245,0.7053201120759908,0.7053201120759905,0.7053201120759907,0.004126122655644545,"2618.TW,2412.TW,9910.TW,6669.TW,2207.TW,3045.TW,1102.TW,2886.TW,2883.TW,2892.TW",2022,7,10
2022-03-03,-0.04642256375633247,-0.050218003649253995,-0.019133447092881672,-0.017342988166334245,0.680378036884836,0.6803780368848361,0.680378036884836,0.0039802115157762915,"2618.TW,2412.TW,9910.TW",2022,7,3
2022-03-10,0.003018199613749897,-0.001720161210921889,0.005520803724698986,0.012161251410193405,0.8075388957623348,0.8075388957623347,0.8075388957623348,0.004724102540209658,"2618.TW,2345.TW,3037.TW,2615.TW,2002.TW",2022,7,5
2022-03-10,0.012332443321830106,0.008338568966334892,0.005520803724698986,0.012161251410193405,0.6743966071083283,0.6743966071083284,0.6743966071083283,0.003945220151583721,"2618.TW,2345.TW,3037.TW",2022,7,3
2022-03-10,0.007891509333660743,0.002554932895898032,0.005520803724698986,0.012161251410193405,0.9050927406954153,0.9050927406954155,0.9050927406954155,0.00529479253306818,"2618.TW,2345.TW,3037.TW,2615.TW,2002.TW,4904.TW,2357.TW,1303.TW,3034.TW,1326.TW",2022,7,10
2022-03-17,0.03559876198941129,0.03137805823606543,0.013176967835628384,0.002451504209656832,0.6966866392334898,0.6966866392334898,0.6966866392334898,0.004075616839515916,"3037.TW,2308.TW,9910.TW",2022,7,3
2022-03-17,0.0070525037319267205,0.002877929123451084,0.013176967835628384,0.002451504209656832,0.708605057363788,0.7086050573637881,0.7086050573637881,0.00414533958557816,"3037.TW,2308.TW,9910.TW,3017.TW,2603.TW,2207.TW,2002.TW,3034.TW,1102.TW,2379.TW",2022,7,10
2022-03-17,0.02479132725683555,0.01989745295663692,0.013176967835628384,0.002451504209656832,0.8163220034999408,0.8163220034999408,0.8163220034999408,0.0047754837204746535,"3037.TW,2308.TW,9910.TW,3017.TW,2603.TW",2022,7,5
2022-03-24,0.0017909892264188487,-0.004069488060555848,-0.013005603666780163,-0.0033215992210862,1.0,1.0,1.0,0.00585,"2618.TW,2345.TW,2408.TW",2022,7,3
2022-03-24,-0.002937282127141151,-0.008770099026697453,-0.013005603666780163,-0.0033215992210862,1.0,1.0,1.0,0.00585,"2618.TW,2345.TW,2408.TW,1590.TW,2327.TW",2022,7,5
2022-03-24,-0.010666262711872477,-0.014221976934470137,-0.013005603666780163,-0.0033215992210862,0.6143674011272859,0.6143674011272858,0.6143674011272859,0.0035940492965946223,"2618.TW,2345.TW,2408.TW,1590.TW,2327.TW,3017.TW,2379.TW,3034.TW,2603.TW,2395.TW",2022,7,10
2022-03-31,-0.044870507889355093,-0.050458015418202384,-0.03257697117923086,-0.015438702720219102,1.0,1.0,1.0,0.00585,"2615.TW,2609.TW,3008.TW,5871.TW,6669.TW",2022,7,5
2022-03-31,-0.05678418853943257,-0.06230200103647687,-0.03257697117923086,-0.015438702720219102,1.0,1.0,1.0,0.00585,"2615.TW,2609.TW,3008.TW",2022,7,3
2022-03-31,-0.041529678044921574,-0.045481744740774044,-0.03257697117923086,-0.015438702720219102,0.704838680010402,0.7048386800104017,0.7048386800104018,0.004123306278060851,"2615.TW,2609.TW,3008.TW,5871.TW,6669.TW,2603.TW,2345.TW,2454.TW,2382.TW,3034.TW",2022,7,10
2022-04-11,-0.023995558148429064,-0.02742133373932809,0.0007568215005506751,-0.006348150243156436,0.6000000000000001,0.6000000000000001,0.6000000000000001,0.003510000000000001,"2887.TW,2609.TW,1590.TW,3017.TW,5871.TW",2022,7,5
2022-04-11,-0.030401887999665922,-0.03418332063646723,0.0007568215005506751,-0.006348150243156436,0.6666666666666666,0.6666666666666667,0.6666666666666667,0.0039000000000000003,"2887.TW,2609.TW,1590.TW",2022,7,3
2022-04-11,-0.006609179317711346,-0.011258248358504419,0.0007568215005506751,-0.006348150243156436,0.7999999999999999,0.8,0.8,0.00468,"2887.TW,2609.TW,1590.TW,3017.TW,5871.TW,2885.TW,4904.TW,2308.TW,2882.TW,2327.TW",2022,7,10
2022-04-18,-0.0010623879787897696,-0.006906173009113892,-0.01890367085066269,-0.009781763370072074,1.0,1.0,1.0,0.00585,"2618.TW,6669.TW,2880.TW,2454.TW,5880.TW",2022,7,5
2022-04-18,0.009720109627266105,0.00381324698594665,-0.01890367085066269,-0.009781763370072074,1.0,1.0,1.0,0.00585,"2618.TW,6669.TW,2880.TW",2022,7,3
2022-04-18,-0.0037801283983990856,-0.009052599583405097,-0.01890367085066269,-0.009781763370072074,0.9046969964502736,0.9046969964502737,0.9046969964502736,0.005292477429234101,"2618.TW,6669.TW,2880.TW,2454.TW,5880.TW,2886.TW,3008.TW,2892.TW,2002.TW,2887.TW",2022,7,10
2022-04-25,0.025654357118182203,0.01965427912904083,-0.011175233809129437,0.00891462211147049,1.0,1.0,1.0,0.00585,"3017.TW,2609.TW,3037.TW",2022,7,3
2022-04-25,0.01565011764366031,0.009708564455444879,-0.011175233809129437,0.00891462211147049,1.0,1.0,1.0,0.00585,"3017.TW,2609.TW,3037.TW,2207.TW,2002.TW",2022,7,5
2022-04-25,0.013700650504893663,0.008334923972918684,-0.011175233809129437,0.00891462211147049,0.9048215665415426,0.9048215665415424,0.9048215665415424,0.0052932061642680245,"3017.TW,2609.TW,3037.TW,2207.TW,2002.TW,2317.TW,2412.TW,2379.TW,3711.TW,2303.TW",2022,7,10
2022-05-03,0.004301220661307816,0.00038444590072872487,-0.03468438687338349,-0.04153392324483584,0.6666666666666666,0.6666666666666667,0.6666666666666667,0.0039000000000000003,"3037.TW,2303.TW,2412.TW",2022,7,3
2022-05-03,-0.016101850543349863,-0.019593037075222308,-0.03468438687338349,-0.04153392324483584,0.6065506098083913,0.6065506098083913,0.6065506098083913,0.0035483210673790894,"3037.TW,2303.TW,2412.TW,2308.TW,3017.TW,2615.TW,2454.TW,2330.TW,1101.TW,3045.TW",2022,7,10
2022-05-03,-0.01328018423815134,-0.01676664672628736,-0.03468438687338349,-0.04153392324483584,0.6039976943589609,0.6039976943589609,0.6039976943589609,0.003533386511999921,"3037.TW,2303.TW,2412.TW,2308.TW,3017.TW",2022,7,5
2022-05-10,-0.02321732735003609,-0.02836124515267402,0.012111332298646138,-0.008245553476231382,0.9002024842431021,0.9002024842431022,0.9002024842431022,0.0052661845328221485,"5871.TW,2408.TW,2454.TW,2881.TW,3231.TW,2357.TW,2327.TW,5880.TW,2884.TW,2882.TW",2022,7,10
2022-05-10,-0.0023903304968385317,-0.00822634706343206,0.012111332298646138,-0.008245553476231382,1.0,1.0,1.0,0.00585,"5871.TW,2408.TW,2454.TW",2022,7,3
2022-05-10,-0.012808132859182166,-0.018583205281955895,0.012111332298646138,-0.008245553476231382,1.0,1.0,1.0,0.00585,"5871.TW,2408.TW,2454.TW,2881.TW,3231.TW",2022,7,5
2022-05-17,-0.012977364353244569,-0.01875144677177809,-0.013163125779648066,0.001736497484468207,0.9999999999999999,1.0000000000000002,1.0,0.005850000000000001,"2345.TW,3017.TW,3037.TW,3008.TW,2887.TW,2883.TW,2002.TW,2885.TW,2382.TW,1102.TW",2022,7,10
2022-05-17,-0.03511125086631517,-0.040755850048747266,-0.013163125779648066,0.001736497484468207,1.0,1.0,1.0,0.00585,"2345.TW,3017.TW,3037.TW",2022,7,3
2022-05-17,-0.019310134051167927,-0.025047169766968524,-0.013163125779648066,0.001736497484468207,1.0,1.0,1.0,0.00585,"2345.TW,3017.TW,3037.TW,3008.TW,2887.TW",2022,7,5
2022-05-24,0.04863447389891508,0.04428860892169473,0.0452708154410173,0.03809087658391983,0.7084288382460304,0.7084288382460304,0.7084288382460304,0.004144308703739278,"5871.TW,2912.TW,3017.TW,2618.TW,2308.TW,2883.TW,2408.TW,2882.TW,2881.TW,3037.TW",2022,7,10
2022-05-24,0.05882823169467222,0.05387291557034124,0.0452708154410173,0.03809087658391983,0.8,0.7999999999999999,0.8,0.00468,"5871.TW,2912.TW,3017.TW,2618.TW,2308.TW",2022,7,5
2022-05-24,0.04825923948626561,0.04417102845226917,0.0452708154410173,0.03809087658391983,0.6666666666666666,0.6666666666666666,0.6666666666666666,0.0039,"5871.TW,2912.TW,3017.TW",2022,7,3
2022-05-31,0.013187298707905545,0.007260153010464343,-0.008507416975417015,-0.002498140064777614,1.0,1.0,1.0,0.00585,"2615.TW,4904.TW,5876.TW",2022,7,3
2022-05-31,-0.0007766345829536166,-0.00605461234963256,-0.008507416975417015,-0.002498140064777614,0.902919660288335,0.9029196602883351,0.9029196602883351,0.005282080012686761,"2615.TW,4904.TW,5876.TW,2603.TW,2609.TW,1301.TW,3017.TW,1102.TW,3045.TW,6669.TW",2022,7,10
2022-05-31,0.007392264176794684,0.0014990194313604377,-0.008507416975417015,-0.002498140064777614,1.0,0.9999999999999998,0.9999999999999999,0.005849999999999999,"2615.TW,4904.TW,5876.TW,2603.TW,2609.TW",2022,7,5
2022-06-08,-0.024008507596045926,-0.02971805782660908,-0.03198120018063766,-0.015862314932145558,1.0,1.0,1.0,0.00585,"2887.TW,2395.TW,2308.TW",2022,7,3
2022-06-08,-0.012738634660538786,-0.017936565749051003,-0.03198120018063766,-0.015862314932145558,0.8999999999999999,0.8999999999999999,0.8999999999999999,0.005265,"2887.TW,2395.TW,2308.TW,2883.TW,2892.TW,2884.TW,2327.TW,2357.TW,2891.TW,4904.TW",2022,7,10
2022-06-08,-0.01863339579331449,-0.024374390427923553,-0.03198120018063766,-0.015862314932145558,1.0,1.0,1.0,0.00585,"2887.TW,2395.TW,2308.TW,2883.TW,2892.TW",2022,7,5
2022-06-15,-0.12890332073995384,-0.1339992363136251,-0.03464941447341496,-0.03979334075275198,1.0,1.0,1.0,0.00585,"2609.TW,3017.TW,1590.TW",2022,7,3
2022-06-15,-0.06691460133797658,-0.07182729596193205,-0.03464941447341496,-0.03979334075275198,0.8999999999999999,0.9,0.8999999999999999,0.005265,"2609.TW,3017.TW,1590.TW,2891.TW,3008.TW,2454.TW,2618.TW,2207.TW,3711.TW,1326.TW",2022,7,10
2022-06-15,-0.092849876976428,-0.09815670519611586,-0.03464941447341496,-0.03979334075275198,1.0,0.9999999999999999,1.0,0.005849999999999999,"2609.TW,3017.TW,1590.TW,2891.TW,3008.TW",2022,7,5
2022-06-22,-0.024250716284358532,-0.028246409601173972,-0.01752930344668202,-0.013006496931225511,0.7,0.7,0.7,0.004095,"6669.TW,3037.TW,2883.TW,2303.TW,1590.TW,3711.TW,2618.TW,2886.TW,1102.TW,1301.TW",2022,7,10
2022-06-22,-0.023120328975250737,-0.028835075050745562,-0.01752930344668202,-0.013006496931225511,1.0,1.0,1.0,0.00585,"6669.TW,3037.TW,2883.TW",2022,7,3
2022-06-22,-0.023235391571321283,-0.02780664993876747,-0.01752930344668202,-0.013006496931225511,0.8,0.8,0.8,0.00468,"6669.TW,3037.TW,2883.TW,2303.TW,1590.TW",2022,7,5
2022-06-29,-0.05600099297650691,-0.05994220950362217,-0.0700934551822735,-0.0488248135784848,0.7136789571225912,0.7136789571225913,0.7136789571225912,0.004175021899167159,"3711.TW,2615.TW,3034.TW,3231.TW,2885.TW,2618.TW,6669.TW,2327.TW,2002.TW,2408.TW",2022,7,10
2022-06-29,-0.06430947678041168,-0.06978326634124632,-0.0700934551822735,-0.0488248135784848,1.0,1.0,1.0,0.00585,"3711.TW,2615.TW,3034.TW,3231.TW,2885.TW",2022,7,5
2022-06-29,-0.06999599113411965,-0.0754365145859851,-0.0700934551822735,-0.0488248135784848,1.0,1.0,1.0,0.00585,"3711.TW,2615.TW,3034.TW",2022,7,3
2022-07-06,0.008158856523203886,0.003964436431733276,0.02969394665609104,0.008550664687204288,0.7111923709161502,0.7111923709161502,0.7111923709161502,0.004160475369859478,"2327.TW,4904.TW,3034.TW,3037.TW,3045.TW,1216.TW,3231.TW,2345.TW,2303.TW,1303.TW",2022,7,10
2022-07-06,0.015805744672655987,0.010998111615221129,0.02969394665609104,0.008550664687204288,0.8090302904521989,0.8090302904521988,0.8090302904521989,0.004732827199145364,"2327.TW,4904.TW,3034.TW,3037.TW,3045.TW",2022,7,5
2022-07-06,0.03609585411596983,0.03197565276189063,0.02969394665609104,0.008550664687204288,0.6797710086150026,0.6797710086150026,0.6797710086150026,0.003976660400397765,"2327.TW,4904.TW,3034.TW",2022,7,3
2022-07-13,0.11185498664791922,0.10535063497602892,0.040167798136086175,0.034663395795617315,1.0,1.0,1.0,0.00585,"2615.TW,2345.TW,2609.TW,3017.TW,2379.TW",2022,7,5
2022-07-13,0.061247783083036904,0.05566031350510481,0.040167798136086175,0.034663395795617315,0.8999999999999999,0.9,0.8999999999999999,0.005265,"2615.TW,2345.TW,2609.TW,3017.TW,2379.TW,1590.TW,2603.TW,2881.TW,2412.TW,2884.TW",2022,7,10
2022-07-13,0.11237001899984325,0.10586265438869424,0.040167798136086175,0.034663395795617315,1.0,0.9999999999999999,1.0,0.005849999999999999,"2615.TW,2345.TW,2609.TW",2022,7,3
2022-07-20,0.042634668523336076,0.03843255469469775,0.021230499774345768,0.0248201749546301,0.6889374369210419,0.688937436921042,0.6889374369210419,0.004030284005988096,"2603.TW,2327.TW,2609.TW",2022,7,3
2022-07-20,0.03584989345526712,0.030921667037180356,0.021230499774345768,0.0248201749546301,0.8132760080995076,0.8132760080995075,0.8132760080995076,0.004757664647382119,"2603.TW,2327.TW,2609.TW,2454.TW,1216.TW",2022,7,5
2022-07-20,0.03091222113101324,0.026623714745497518,0.021230499774345768,0.0248201749546301,0.7110964440928054,0.7110964440928053,0.7110964440928054,0.004159914197942911,"2603.TW,2327.TW,2609.TW,2454.TW,1216.TW,2881.TW,2207.TW,3034.TW,3045.TW,4904.TW",2022,7,10
2022-07-27,-0.01175157206319435,-0.015242440367683074,-0.01079418520395814,-0.012014746298765517,0.6038255238561259,0.6038255238561259,0.6038255238561259,0.0035323793145583364,"2345.TW,2609.TW,3034.TW,2881.TW,2603.TW",2022,7,5
2022-07-27,-0.028604284732895613,-0.03146393201449649,-0.01079418520395814,-0.012014746298765517,0.5032229270344785,0.5032229270344784,0.5032229270344784,0.0029438541231516986,"2345.TW,2609.TW,3034.TW,2881.TW,2603.TW,2615.TW,3037.TW,2408.TW,2330.TW,2454.TW",2022,7,10
2022-07-27,-0.01884201597404219,-0.022717340255560936,-0.01079418520395814,-0.012014746298765517,0.6751701621110912,0.6751701621110913,0.6751701621110913,0.003949745448349884,"2345.TW,2609.TW,3034.TW",2022,7,3
2022-08-03,0.037782926079805934,0.03171189596223911,0.029652045899698054,0.03705221571174414,1.0,1.0,1.0,0.00585,"6669.TW,2379.TW,2618.TW",2022,7,3
2022-08-03,0.031769649585439555,0.02864495632698061,0.029652045899698054,0.03705221571174414,0.517688807721001,0.5176888077210009,0.5176888077210009,0.003028479525167855,"6669.TW,2379.TW,2618.TW,1590.TW,2327.TW,3034.TW,2408.TW,2454.TW,3037.TW,2881.TW",2022,7,10
2022-08-03,0.04052035282053525,0.034433308756535164,0.029652045899698054,0.03705221571174414,1.0,1.0,1.0,0.00585,"6669.TW,2379.TW,2618.TW,1590.TW,2327.TW",2022,7,5
2022-08-10,0.020898623649242734,0.019009191855540175,0.013355527324978356,0.0036988199124633582,0.31636813520310325,0.3163681352031032,0.31636813520310325,0.0018507535909381538,"1590.TW,2618.TW,3034.TW,2454.TW,2327.TW,3017.TW,2379.TW,3711.TW,3008.TW,2408.TW",2022,7,10
2022-08-10,0.017423151756657162,0.014994265247233685,0.013355527324978356,0.0036988199124633582,0.4080841628168801,0.40808416281688,0.40808416281688004,0.002387292352478748,"1590.TW,2618.TW,3034.TW,2454.TW,2327.TW",2022,7,5
2022-08-10,0.012091006133488902,0.008143851209568176,0.013355527324978356,0.0036988199124633582,0.6666666666666666,0.6666666666666665,0.6666666666666665,0.0038999999999999994,"1590.TW,2618.TW,3034.TW",2022,7,3
2022-08-17,-0.008367383404329186,-0.013022668793895464,-0.02388796450651809,-0.016929572601623765,0.8024900219596307,0.8024900219596307,0.8024900219596307,0.00469456662846384,"2357.TW,3037.TW,1590.TW,9910.TW,2609.TW",2022,7,5
2022-08-17,-0.010479715040377766,-0.013972187028625793,-0.02388796450651809,-0.016929572601623765,0.6033264479254584,0.6033264479254583,0.6033264479254583,0.0035294597203639312,"2357.TW,3037.TW,1590.TW,9910.TW,2609.TW,2345.TW,2454.TW,2327.TW,3034.TW,4904.TW",2022,7,10
2022-08-17,-0.013828336641790432,-0.017688342857221095,-0.02388796450651809,-0.016929572601623765,0.6690824192300673,0.6690824192300673,0.6690824192300673,0.003914132152495893,"2357.TW,3037.TW,1590.TW",2022,7,3
2022-08-24,-0.017893127750720605,-0.023081197846825274,-0.02531648233485584,-0.021939248860532192,0.9030072124906416,0.9030072124906418,0.9030072124906416,0.005282592193070254,"2887.TW,1590.TW,3231.TW,3017.TW,5880.TW,2886.TW,2408.TW,2303.TW,2891.TW,2379.TW",2022,7,10
2022-08-24,-0.022639429180359792,-0.027250227090143242,-0.02531648233485584,-0.021939248860532192,0.8064276444137544,0.8064276444137543,0.8064276444137544,0.004717601719820462,"2887.TW,1590.TW,3231.TW,3017.TW,5880.TW",2022,7,5
2022-08-24,-0.015260478251860719,-0.019152383896763103,-0.02531648233485584,-0.021939248860532192,0.6755928867784197,0.6755928867784198,0.6755928867784198,0.003952218387653756,"2887.TW,1590.TW,3231.TW",2022,7,3
2022-08-31,-0.005394872275643021,-0.009273832273768101,-0.021212048903786584,-0.014975582738463571,0.6666666666666666,0.6666666666666666,0.6666666666666666,0.0039,"1590.TW,3008.TW,2618.TW",2022,7,3
2022-08-31,-0.01016575388328005,-0.013654888882344896,-0.021212048903786584,-0.014975582738463571,0.602558797610184,0.6025587976101839,0.602558797610184,0.0035249689660195762,"1590.TW,3008.TW,2618.TW,2887.TW,5871.TW",2022,7,5
2022-08-31,-0.015941099974478325,-0.020556607309553998,-0.021212048903786584,-0.014975582738463571,0.8017564932474851,0.8017564932474852,0.8017564932474852,0.0046902754854977885,"1590.TW,3008.TW,2618.TW,2887.TW,5871.TW,2603.TW,3037.TW,2308.TW,1101.TW,2002.TW",2022,7,10
2022-09-07,-0.010611674443876208,-0.014677850363274847,-0.003538365733456117,0.006463636488112023,0.702527803068739,0.702527803068739,0.702527803068739,0.004109787647952123,"2207.TW,2885.TW,3037.TW,5880.TW,2892.TW,2880.TW,2002.TW,1101.TW,2884.TW,1216.TW",2022,7,10
2022-09-07,-0.016881385079046796,-0.022632628976334446,-0.003538365733456117,0.006463636488112023,1.0,1.0,1.0,0.00585,"2207.TW,2885.TW,3037.TW,5880.TW,2892.TW",2022,7,5
2022-09-07,-0.02810539482771679,-0.033790978267974614,-0.003538365733456117,0.006463636488112023,1.0,1.0,1.0,0.00585,"2207.TW,2885.TW,3037.TW",2022,7,3
2022-09-15,0.0054029825433097745,0.0006974669723878169,-0.02130491785161448,-0.023498941565355924,0.8000390390928301,0.8000390390928301,0.8000390390928301,0.004680228378693056,"5871.TW,2345.TW,6669.TW,2912.TW,2885.TW",2022,7,5
2022-09-15,-0.005002211934263935,-0.010244676762253269,-0.02130491785161448,-0.023498941565355924,0.9006530914871966,0.9006530914871967,0.9006530914871966,0.005268820585200101,"5871.TW,2345.TW,6669.TW,2912.TW,2885.TW,2379.TW,1301.TW,2886.TW,3045.TW,2382.TW",2022,7,10
2022-09-15,0.00822615829667502,0.002328035270639406,-0.02130491785161448,-0.023498941565355924,1.0,1.0,1.0,0.00585,"5871.TW,2345.TW,6669.TW",2022,7,3
2022-09-22,-0.06296523587977598,-0.0684468892498793,-0.06303850003332212,-0.0554012652816168,1.0,1.0,1.0,0.00585,"2615.TW,2880.TW,9910.TW",2022,7,3
2022-09-22,-0.06408805437615825,-0.0695631392580578,-0.06303850003332212,-0.0554012652816168,0.9999999999999999,1.0,1.0,0.00585,"2615.TW,2880.TW,9910.TW,3231.TW,2892.TW,2618.TW,1101.TW,5880.TW,2002.TW,3034.TW",2022,7,10
2022-09-22,-0.03966235702995655,-0.04528033224133132,-0.06303850003332212,-0.0554012652816168,1.0,0.9999999999999999,1.0,0.005849999999999999,"2615.TW,2880.TW,9910.TW,3231.TW,2892.TW",2022,7,5
2022-09-29,0.096266580108479,0.09182369162635684,0.039690159568327,0.031815469919369704,0.6927768577300957,0.6927768577300957,0.6927768577300957,0.00405274461772106,"2615.TW,2603.TW,6669.TW",2022,7,3
2022-09-29,0.059533403695669625,0.05390709428018914,0.039690159568327,0.031815469919369704,0.9077224841518828,0.907722484151883,0.907722484151883,0.005310176532288515,"2615.TW,2603.TW,6669.TW,3037.TW,2912.TW,2609.TW,2345.TW,1590.TW,1303.TW,2886.TW",2022,7,10
2022-09-29,0.0750420269176957,0.06988417594760188,0.039690159568327,0.031815469919369704,0.8201390312522818,0.8201390312522818,0.8201390312522818,0.004797813332825849,"2615.TW,2603.TW,6669.TW,3037.TW,2912.TW",2022,7,5
2022-10-06,-0.04400913917667849,-0.047369800294483455,-0.06936679526611855,-0.05260461443611831,0.6009178638536555,0.6009178638536556,0.6009178638536556,0.0035153695035438854,"2609.TW,2615.TW,2603.TW,2408.TW,3017.TW,6669.TW,2382.TW,4904.TW,1216.TW,2884.TW",2022,7,10
2022-10-06,-0.039308409116657284,-0.0426804366006579,-0.06936679526611855,-0.05260461443611831,0.6000000000000001,0.6000000000000001,0.6000000000000001,0.003510000000000001,"2609.TW,2615.TW,2603.TW,2408.TW,3017.TW",2022,7,5
2022-10-06,-0.053739897474760705,-0.055585104674684915,-0.06936679526611855,-0.05260461443611831,0.3333333333333333,0.33333333333333326,0.33333333333333326,0.0019499999999999997,"2609.TW,2615.TW,2603.TW",2022,7,3
2022-10-14,0.017044619583397695,0.011647219949102228,0.008003955495202497,0.012231135120616257,0.9071700477574335,0.9071700477574335,0.9071700477574335,0.005306944779380986,"2379.TW,5871.TW,1590.TW,3017.TW,3711.TW,2618.TW,3037.TW,2330.TW,2357.TW,2395.TW",2022,7,10
2022-10-14,0.02102301140569023,0.016153544404306164,0.008003955495202497,0.012231135120616257,0.8152485422028948,0.8152485422028948,0.8152485422028948,0.004769203971886934,"2379.TW,5871.TW,1590.TW,3017.TW,3711.TW",2022,7,5
2022-10-14,0.034276713089186964,0.028226194317615194,0.008003955495202497,0.012231135120616257,1.0,1.0,1.0,0.00585,"2379.TW,5871.TW,1590.TW",2022,7,3
2022-10-21,-0.009727958432011389,-0.013590019394126518,-0.01885854501773543,0.0027417106354023922,0.6666666666666666,0.6666666666666666,0.6666666666666666,0.0039,"2603.TW,2379.TW,3037.TW",2022,7,3
2022-10-21,0.0024354731650770953,-0.0016695000975338603,-0.01885854501773543,0.0027417106354023922,0.7,0.7,0.7,0.004095,"2603.TW,2379.TW,3037.TW,2615.TW,2887.TW,1102.TW,3711.TW,1101.TW,2884.TW,2891.TW",2022,7,10
2022-10-21,-0.0007157719304466742,-0.005392422117812212,-0.01885854501773543,0.0027417106354023922,0.8,0.8,0.8,0.00468,"2603.TW,2379.TW,3037.TW,2615.TW,2887.TW",2022,7,5
2022-10-28,0.03800097923279598,0.03489659780003995,0.009610540833278725,0.020241168482252422,0.5112360232752852,0.5112360232752851,0.5112360232752851,0.002990730736160418,"3037.TW,2615.TW,5871.TW,2603.TW,1590.TW,2609.TW,2379.TW,2454.TW,2308.TW,1101.TW",2022,7,10
2022-10-28,0.03822901333222695,0.03574740586343084,0.009610540833278725,0.020241168482252422,0.40858654446663745,0.4085865444666374,0.40858654446663745,0.002390231285129829,"3037.TW,2615.TW,5871.TW,2603.TW,1590.TW",2022,7,5
2022-10-28,0.02280478864174314,0.018815849966040243,0.009610540833278725,0.020241168482252422,0.6666666666666666,0.6666666666666667,0.6666666666666667,0.0039000000000000003,"3037.TW,2615.TW,5871.TW",2022,7,3
2022-11-04,0.07949648601892755,0.07691946864855703,0.10020043336479545,0.06732594053643752,0.40807524203389245,0.40807524203389245,0.40807524203389245,0.002387240165898271,"2603.TW,2615.TW,2609.TW,5871.TW,2395.TW,2379.TW,2887.TW,2886.TW,1101.TW,3231.TW",2022,7,10
2022-11-04,0.082274036422678,0.07969130260928514,0.10020043336479545,0.06732594053643752,0.4079308425559658,0.4079308425559658,0.4079308425559658,0.0023863954289524,"2603.TW,2615.TW,2609.TW,5871.TW,2395.TW",2022,7,5
2022-11-04,0.06206137492271442,0.05786720408114365,0.10020043336479545,0.06732594053643752,0.6750572966299118,0.6750572966299119,0.6750572966299118,0.003949085185284984,"2603.TW,2615.TW,2609.TW",2022,7,3
2022-11-11,-0.015515383455518394,-0.019028818876170916,0.04143881105917435,0.001024379822480299,0.6100524490688796,0.6100524490688797,0.6100524490688797,0.003568806827052946,"6669.TW,2603.TW,2618.TW,2615.TW,2609.TW,3017.TW,2317.TW,2884.TW,2886.TW,2345.TW",2022,7,10
2022-11-11,-0.008444907385323197,-0.010839976837886178,0.04143881105917435,0.001024379822480299,0.4129004880153501,0.4129004880153501,0.4129004880153501,0.0024154678548897984,"6669.TW,2603.TW,2618.TW,2615.TW,2609.TW",2022,7,5
2022-11-11,0.009277194281373746,0.005309654364887173,0.04143881105917435,0.001024379822480299,0.6719778821704853,0.6719778821704854,0.6719778821704854,0.003931070610697339,"6669.TW,2603.TW,2618.TW",2022,7,3
2022-11-18,0.006975606877834629,0.0034222544873963034,0.0021863373356094673,0.007366414371005745,0.603202958327336,0.603202958327336,0.603202958327336,0.0035287373062149155,"6669.TW,3037.TW,3017.TW,2615.TW,3034.TW",2022,7,5
2022-11-18,0.01314861391674782,0.009197334322472495,0.0021863373356094673,0.007366414371005745,0.6666666666666666,0.6666666666666667,0.6666666666666667,0.0039000000000000003,"6669.TW,3037.TW,3017.TW",2022,7,3
2022-11-18,0.005286533562941953,0.0017059200489877302,0.0021863373356094673,0.007366414371005745,0.6088519697729468,0.6088519697729465,0.6088519697729466,0.0035617840231717377,"6669.TW,3037.TW,3017.TW,2615.TW,3034.TW,2327.TW,2454.TW,1590.TW,2408.TW,2609.TW",2022,7,10
2022-11-25,0.039424120355536024,0.035710995109781596,0.02356021653819096,0.02858395954519328,0.6106480038335322,0.6106480038335322,0.6106480038335322,0.0035722908224261633,"3034.TW,3008.TW,2379.TW,3037.TW,3711.TW",2022,7,5
2022-11-25,0.023320160246062278,0.017333737308622643,0.02356021653819096,0.02858395954519328,1.0,1.0,1.0,0.00585,"3034.TW,3008.TW,2379.TW",2022,7,3
2022-11-25,0.044494851838129006,0.04076323711391505,0.02356021653819096,0.02858395954519328,0.6107094330981357,0.6107094330981357,0.6107094330981357,0.0035726501836240944,"3034.TW,3008.TW,2379.TW,3037.TW,3711.TW,2454.TW,2357.TW,2327.TW,1303.TW,2330.TW",2022,7,10
2022-12-02,-0.014703468197688373,-0.020467452908731976,-0.026427929296466313,-0.017799237568241436,1.0,1.0,1.0,0.00585,"2345.TW,6669.TW,9910.TW,3017.TW,2327.TW",2022,7,5
2022-12-02,-0.011494152330361256,-0.017276911539228612,-0.026427929296466313,-0.017799237568241436,1.0,1.0,1.0,0.00585,"2345.TW,6669.TW,9910.TW",2022,7,3
2022-12-02,-0.025540082603250778,-0.03010055501666764,-0.026427929296466313,-0.017799237568241436,0.7999999999999999,0.7999999999999998,0.7999999999999998,0.004679999999999999,"2345.TW,6669.TW,9910.TW,3017.TW,2327.TW,1590.TW,2881.TW,2308.TW,2885.TW,2357.TW",2022,7,10
2022-12-09,-0.00569285693083179,-0.008034807456815951,-0.01619966027309394,-0.0038945823167522266,0.4026255126855738,0.4026255126855738,0.4026255126855738,0.0023553592492106066,"3008.TW,1590.TW,2327.TW,3034.TW,3017.TW,2357.TW,6669.TW,3711.TW,2885.TW,2891.TW",2022,7,10
2022-12-09,0.006137517425303588,0.0002516129483653984,-0.01619966027309394,-0.0038945823167522266,1.0,1.0,1.0,0.00585,"3008.TW,1590.TW,2327.TW",2022,7,3
2022-12-09,0.008454134249367808,0.004895558522517218,-0.01619966027309394,-0.0038945823167522266,0.6032039756613838,0.6032039756613837,0.6032039756613838,0.0035287432576190953,"3008.TW,1590.TW,2327.TW,3034.TW,3017.TW",2022,7,5
2022-12-16,0.035296580725707453,0.0292400957284622,-0.013796112703686858,-0.00209829525739063,1.0,1.0,1.0,0.00585,"2454.TW,2357.TW,2891.TW,9910.TW,2207.TW",2022,7,5
2022-12-16,0.014024476616538604,0.008092433428331658,-0.013796112703686858,-0.00209829525739063,1.0,1.0,1.0,0.00585,"2454.TW,2357.TW,2891.TW",2022,7,3
2022-12-16,0.01069930825136717,0.007103680956356717,-0.013796112703686858,-0.00209829525739063,0.608130568041682,0.608130568041682,0.608130568041682,0.00355756382304384,"2454.TW,2357.TW,2891.TW,9910.TW,2207.TW,3711.TW,2881.TW,1303.TW,2330.TW,2885.TW",2022,7,10
2022-12-23,-0.007262888718162431,-0.01307040081916111,-0.010830298280957162,-0.01181746991142051,1.0,1.0,1.0,0.00585,"2379.TW,3711.TW,3231.TW,2345.TW,2308.TW",2022,7,5
2022-12-23,-0.019320410698241603,-0.025057386295656903,-0.010830298280957162,-0.01181746991142051,1.0,1.0,1.0,0.00585,"2379.TW,3711.TW,3231.TW",2022,7,3
2022-12-23,-0.010683041816970619,-0.015348469612836091,-0.010830298280957162,-0.01181746991142051,0.8061208476593482,0.8061208476593484,0.8061208476593483,0.0047158069588071885,"2379.TW,3711.TW,3231.TW,2345.TW,2308.TW,1590.TW,2882.TW,2330.TW,2412.TW,2303.TW",2022,7,10
2022-12-30,0.0665803362785834,0.06034084131135353,0.057937773930003544,0.04255421626823891,1.0,1.0,1.0,0.00585,"3017.TW,2327.TW,2882.TW",2022,7,3
2022-12-30,0.03266444177683436,0.026623354792439713,0.057937773930003544,0.04255421626823891,1.0,1.0,1.0,0.00585,"3017.TW,2327.TW,2882.TW,9910.TW,2609.TW",2022,7,5
2022-12-30,0.05115855998129421,0.046215823934570466,0.057937773930003544,0.04255421626823891,0.803791337392651,0.8037913373926513,0.8037913373926511,0.004702179323747009,"3017.TW,2327.TW,2882.TW,9910.TW,2609.TW,2408.TW,2379.TW,2002.TW,2357.TW,2887.TW",2022,7,10
2023-01-03,0.03176287032634481,0.030292608236129892,0.05757016750311572,0.03670480344273937,0.9999999999999999,0.0,0.49999999999999994,0.0014249999999999998,"2892.TW,2412.TW,1216.TW,2379.TW,3017.TW,3045.TW,2887.TW,2345.TW,3231.TW,2912.TW",2023,7,10
2023-01-03,0.03178496452810918,0.030314670953656586,0.05757016750311572,0.03670480344273937,1.0,0.0,0.5,0.001425,"2892.TW,2412.TW,1216.TW,2379.TW,3017.TW",2023,7,5
2023-01-03,0.02142474661692484,0.019969216352995645,0.05757016750311572,0.03670480344273937,1.0,0.0,0.5,0.001425,"2892.TW,2412.TW,1216.TW",2023,7,3
2023-01-10,0.025715453120851068,0.02170579631562819,0.05888816676788888,0.021924353011585525,0.6682276430668546,0.6682276430668546,0.6682276430668546,0.0039091317119410995,"3037.TW,6669.TW,1216.TW",2023,7,3
2023-01-10,0.016593395937871413,0.012986290171509873,0.05888816676788888,0.021924353011585525,0.6065348041458302,0.6065348041458299,0.60653480414583,0.0035482286042531055,"3037.TW,6669.TW,1216.TW,2412.TW,4904.TW",2023,7,5
2023-01-10,0.018666198415211145,0.015059560011901674,0.05888816676788888,0.021924353011585525,0.6052221877394691,0.6052221877394689,0.605222187739469,0.0035405497982758938,"3037.TW,6669.TW,1216.TW,2412.TW,4904.TW,2883.TW,2912.TW,2884.TW,1326.TW,3045.TW",2023,7,10
2023-01-17,-0.0008416569424267275,-0.003202634710599672,-0.00579467667904543,-0.005567250750877104,0.403925910324068,0.4039259103240679,0.40392591032406794,0.002362966575395797,"3037.TW,6669.TW,1216.TW,3008.TW,2884.TW,2883.TW,2887.TW,2412.TW,2885.TW,2880.TW",2023,7,10
2023-01-17,0.006627705373347224,0.006606971272157258,-0.00579467667904543,-0.005567250750877104,0.00352095494965593,0.0035209549496559855,0.003520954949655958,2.0597586455487437e-05,"3037.TW,6669.TW,1216.TW",2023,7,3
2023-01-17,0.012427309240620809,0.010056233996989627,-0.00579467667904543,-0.005567250750877104,0.400336897038418,0.400336897038418,0.400336897038418,0.002341970847674745,"3037.TW,6669.TW,1216.TW,3008.TW,2884.TW",2023,7,5
2023-02-03,-0.001489586342244231,-0.00620741050029161,0.004995822424530338,-0.0015295399524848442,0.8076687603968395,0.8076687603968393,0.8076687603968394,0.004724862248321511,"1216.TW,2883.TW,2317.TW,2886.TW,2881.TW",2023,7,5
2023-02-03,-0.005353041670341885,-0.010026807919059078,0.004995822424530338,-0.0015295399524848442,0.803234147351929,0.803234147351929,0.803234147351929,0.004698919762008785,"1216.TW,2883.TW,2317.TW,2886.TW,2881.TW,1101.TW,2882.TW,2891.TW,2327.TW,2002.TW",2023,7,10
2023-02-03,-1.262523969454898e-05,-0.003976541624394869,0.004995822424530338,-0.0015295399524848442,0.6776010992694979,0.6776010992694977,0.6776010992694979,0.003963966430726562,"1216.TW,2883.TW,2317.TW",2023,7,3
2023-02-10,0.010813672995901039,0.004900413008875004,-0.01781272962256153,0.010459429516112544,1.0,1.0000000000000002,1.0,0.005850000000000001,"2603.TW,3037.TW,9910.TW,2357.TW,2609.TW",2023,7,5
2023-02-10,0.009147031437487258,0.0032435213035779675,-0.01781272962256153,0.010459429516112544,1.0,1.0,1.0,0.00585,"2603.TW,3037.TW,9910.TW",2023,7,3
2023-02-10,0.011870310706442792,0.005950869388810176,-0.01781272962256153,0.010459429516112544,0.9999999999999999,1.0,1.0,0.00585,"2603.TW,3037.TW,9910.TW,2357.TW,2609.TW,3231.TW,2618.TW,2615.TW,1102.TW,2382.TW",2023,7,10
2023-02-17,-0.0011346869268921153,-0.0069780490083698465,-0.010544070813414796,0.002094825002417262,1.0,1.0000000000000002,1.0,0.005850000000000001,"3231.TW,2317.TW,1102.TW,2382.TW,2002.TW",2023,7,5
2023-02-17,0.006316642239149516,0.00042968988205038805,-0.010544070813414796,0.002094825002417262,1.0,0.9999999999999999,1.0,0.005849999999999999,"3231.TW,2317.TW,1102.TW",2023,7,3
2023-02-17,-0.006043668789656087,-0.010113919965962448,-0.010544070813414796,0.002094825002417262,0.7,0.7000000000000001,0.7,0.0040950000000000005,"3231.TW,2317.TW,1102.TW,2382.TW,2002.TW,4904.TW,2883.TW,1303.TW,2886.TW,2881.TW",2023,7,10
2023-02-24,0.01632491661176958,0.012743208311352339,0.027280486167213125,0.02267708636164367,0.6024233186885876,0.6024233186885877,0.6024233186885877,0.003524176414328238,"2892.TW,4904.TW,5876.TW,3045.TW,2883.TW,1301.TW,2886.TW,2887.TW,1303.TW,2357.TW",2023,7,10
2023-02-24,0.012892513131247618,0.006967091929429792,0.027280486167213125,0.02267708636164367,1.0,1.0,1.0,0.00585,"2892.TW,4904.TW,5876.TW",2023,7,3
2023-02-24,0.012796501178061704,0.006871641646170046,0.027280486167213125,0.02267708636164367,1.0,1.0,1.0,0.00585,"2892.TW,4904.TW,5876.TW,3045.TW,2883.TW",2023,7,5
2023-03-07,-0.022032350978639717,-0.02547112352463965,-0.01742735922869676,-0.02275932077333824,0.601067292385195,0.6010672923851949,0.601067292385195,0.0035162436604533904,"2891.TW,1301.TW,1216.TW,5876.TW,3045.TW",2023,7,5
2023-03-07,-0.021249878016778183,-0.024125069881969052,-0.01742735922869676,-0.02275932077333824,0.5021565544488985,0.5021565544488986,0.5021565544488986,0.0029376158435260565,"2891.TW,1301.TW,1216.TW,5876.TW,3045.TW,2883.TW,9910.TW,1102.TW,1303.TW,2330.TW",2023,7,10
2023-03-07,-0.016813415601051575,-0.022565057119785403,-0.01742735922869676,-0.02275932077333824,1.0,1.0,1.0,0.00585,"2891.TW,1301.TW,1216.TW",2023,7,3
2023-03-14,0.02367336523110197,0.019472765995107277,0.00886814668791236,0.013877267343515867,0.7014455741846576,0.7014455741846577,0.7014455741846577,0.004103456608980247,"4904.TW,3045.TW,2382.TW,2412.TW,1216.TW,3034.TW,3231.TW,2379.TW,2618.TW,2891.TW",2023,7,10
2023-03-14,0.025390642493053076,0.019392107234468714,0.00886814668791236,0.013877267343515867,1.0,0.9999999999999999,1.0,0.005849999999999999,"4904.TW,3045.TW,2382.TW",2023,7,3
2023-03-14,0.020427843121151625,0.016846141391796188,0.00886814668791236,0.013877267343515867,0.6000000000000001,0.6,0.6000000000000001,0.00351,"4904.TW,3045.TW,2382.TW,2412.TW,1216.TW",2023,7,5
2023-03-21,0.015567984820728234,0.011984315011801971,0.010046067110561552,0.014215780804515415,0.6032024826374435,0.6032024826374434,0.6032024826374434,0.0035287345234290435,"3045.TW,1216.TW,4904.TW,2412.TW,2330.TW,2395.TW,2615.TW,1301.TW,2317.TW,2308.TW",2023,7,10
2023-03-21,0.022611969058185407,0.020592359498410095,0.010046067110561552,0.014215780804515415,0.3375986335250419,0.33759863352504194,0.33759863352504194,0.001974952006121495,"3045.TW,1216.TW,4904.TW",2023,7,3
2023-03-21,0.018682956809554965,0.01746417957513091,0.010046067110561552,0.014215780804515415,0.20451700639318451,0.2045170063931844,0.20451700639318446,0.001196424487400129,"3045.TW,1216.TW,4904.TW,2412.TW,2330.TW",2023,7,5
2023-03-28,0.00820785194170126,0.004251788673428569,0.004973114945737045,0.007219892460888824,0.6707447576670633,0.6707447576670635,0.6707447576670634,0.0039238568323523215,"3045.TW,2412.TW,1303.TW",2023,7,3
2023-03-28,0.0032354673831125557,0.0002915289086269368,0.004973114945737045,0.007219892460888824,0.5016143890711725,0.5016143890711724,0.5016143890711724,0.002934444176066359,"3045.TW,2412.TW,1303.TW,1301.TW,2912.TW,3711.TW,2308.TW,2330.TW,2887.TW,3034.TW",2023,7,10
2023-03-28,-0.001028580626827758,-0.004556611223686113,0.004973114945737045,0.007219892460888824,0.6037031106330639,0.6037031106330638,0.6037031106330639,0.0035316631972034237,"3045.TW,2412.TW,1303.TW,1301.TW,2912.TW",2023,7,5
2023-04-07,0.01544365192430498,0.012470411720735042,-0.007422643074498914,0.016480461571269145,0.5005163877693364,0.5005163877693364,0.5005163877693364,0.0029280208684506178,"1216.TW,2884.TW,3045.TW,2412.TW,2887.TW,1303.TW,4904.TW,2330.TW,2615.TW,2207.TW",2023,7,10
2023-04-07,0.021938007036584585,0.01795244880914204,-0.007422643074498914,0.016480461571269145,0.6666666666666666,0.6666666666666665,0.6666666666666665,0.0038999999999999994,"1216.TW,2884.TW,3045.TW",2023,7,3
2023-04-07,0.024353356496514246,0.020757876215211413,-0.007422643074498914,0.016480461571269145,0.6000000000000001,0.6,0.6000000000000001,0.00351,"1216.TW,2884.TW,3045.TW,2412.TW,2887.TW",2023,7,5
2023-04-14,-0.0020365382124930883,-0.0067130057264034315,-0.021188235149544155,-0.023645301569594022,0.8010274792948238,0.801027479294824,0.8010274792948239,0.0046860107538747205,"2382.TW,2885.TW,1303.TW,2002.TW,2886.TW,1102.TW,2892.TW,5880.TW,1216.TW,1301.TW",2023,7,10
2023-04-14,0.004700313725664002,-0.001177183109631108,-0.021188235149544155,-0.023645301569594022,1.0,0.9999999999999998,0.9999999999999999,0.005849999999999999,"2382.TW,2885.TW,1303.TW",2023,7,3
2023-04-14,-0.0006025684393387463,-0.006449043413968569,-0.021188235149544155,-0.023645301569594022,1.0,1.0000000000000002,1.0,0.005850000000000001,"2382.TW,2885.TW,1303.TW,2002.TW,2886.TW",2023,7,5
2023-04-21,0.009600114410490112,0.004871352102666426,-0.0029711780601774374,0.00904856853412739,0.8006491141364154,0.8006491141364154,0.8006491141364154,0.00468379731769803,"1301.TW,3045.TW,2357.TW,1303.TW,1102.TW",2023,7,5
2023-04-21,0.013191089795797565,0.007263921920492189,-0.0029711780601774374,0.00904856853412739,1.0,0.9999999999999998,0.9999999999999999,0.005849999999999999,"1301.TW,3045.TW,2357.TW",2023,7,3
2023-04-21,0.009539832592279862,0.006582206777431265,-0.0029711780601774374,0.00904856853412739,0.5007995187956651,0.5007995187956651,0.5007995187956651,0.002929677184954641,"1301.TW,3045.TW,2357.TW,1303.TW,1102.TW,2892.TW,1216.TW,2883.TW,2891.TW,2317.TW",2023,7,10
2023-04-28,0.0162678342678253,0.010322667437358435,0.009791472066471352,0.01045007322416206,1.0,1.0,1.0,0.00585,"2892.TW,9910.TW,5880.TW",2023,7,3
2023-04-28,0.013558001158309543,0.010586953160243828,0.009791472066471352,0.01045007322416206,0.5010778387427355,0.5010778387427355,0.5010778387427355,0.002931305356645003,"2892.TW,9910.TW,5880.TW,1303.TW,1216.TW,2379.TW,1301.TW,1102.TW,2886.TW,2885.TW",2023,7,10
2023-04-28,0.01140389665190904,0.006663799651589919,0.009791472066471352,0.01045007322416206,0.8011369089933478,0.8011369089933477,0.8011369089933478,0.004686650917611084,"2892.TW,9910.TW,5880.TW,1303.TW,1216.TW",2023,7,5
2023-05-08,0.00402679076536141,-0.001846765960615837,-0.00590218220023131,-0.0003878421191086523,1.0,0.9999999999999998,0.9999999999999999,0.005849999999999999,"2886.TW,3045.TW,2884.TW,1102.TW,2379.TW",2023,7,5
2023-05-08,0.007312190456816081,0.0014194141426437934,-0.00590218220023131,-0.0003878421191086523,1.0,1.0000000000000002,1.0,0.005850000000000001,"2886.TW,3045.TW,2884.TW",2023,7,3
2023-05-08,0.0038917999703937172,0.0003666813628397936,-0.00590218220023131,-0.0003878421191086523,0.6002483309231659,0.6002483309231655,0.6002483309231657,0.003511452735900519,"2886.TW,3045.TW,2884.TW,1102.TW,2379.TW,2881.TW,2882.TW,2618.TW,2885.TW,2412.TW",2023,7,10
2023-05-15,0.02360470810395553,0.020599426610507177,0.037319796196011,0.02822296149782005,0.5018766796852232,0.501876679685223,0.5018766796852231,0.002935978576158555,"2881.TW,1216.TW,2886.TW,2892.TW,5880.TW,2884.TW,2885.TW,6669.TW,2912.TW,1102.TW",2023,7,10
2023-05-15,0.028355746292302933,0.023543041399654907,0.037319796196011,0.02822296149782005,0.8,0.7999999999999999,0.8,0.00468,"2881.TW,1216.TW,2886.TW,2892.TW,5880.TW",2023,7,5
2023-05-15,0.029634100613657267,0.025618527621264153,0.037319796196011,0.02822296149782005,0.6666666666666666,0.6666666666666666,0.6666666666666666,0.0039,"2881.TW,1216.TW,2886.TW",2023,7,3
2023-05-22,0.038940834659641745,0.03286303077688291,0.03638582784762101,0.026433683184429554,1.0,1.0,1.0,0.00585,"6669.TW,2412.TW,1590.TW",2023,7,3
2023-05-22,0.035582140417792764,0.03252507457670273,0.03638582784762101,0.026433683184429554,0.5046199012667729,0.5046199012667729,0.5046199012667729,0.0029520264224106216,"6669.TW,2412.TW,1590.TW,2892.TW,3045.TW,1102.TW,2912.TW,2345.TW,2885.TW,5871.TW",2023,7,10
2023-05-22,0.020729695698345485,0.01594724987962226,0.03638582784762101,0.026433683184429554,0.8009094956381462,0.8009094956381462,0.8009094956381462,0.004685320549483155,"6669.TW,2412.TW,1590.TW,2892.TW,3045.TW",2023,7,5
2023-05-29,0.00011156879224238914,-0.0038619630471133926,-0.003155758665425945,0.002930424903178941,0.6791604387457875,0.6791604387457877,0.6791604387457876,0.003973088566662858,"5871.TW,2412.TW,2886.TW",2023,7,3
2023-05-29,0.006437639181281618,0.001703596841359456,-0.003155758665425945,0.002930424903178941,0.8040617474149823,0.8040617474149822,0.8040617474149823,0.004703761222377646,"5871.TW,2412.TW,2886.TW,4904.TW,2002.TW",2023,7,5
2023-05-29,0.014361215209641332,0.010137831258170138,-0.003155758665425945,0.002930424903178941,0.7117247424145916,0.7117247424145915,0.7117247424145916,0.00416358974312536,"5871.TW,2412.TW,2886.TW,4904.TW,2002.TW,2885.TW,5880.TW,3711.TW,2883.TW,2880.TW",2023,7,10
2023-06-05,0.002554564174187794,-0.0033103800262312966,0.030470838233400244,0.014698324819118948,1.0,0.9999999999999999,1.0,0.005849999999999999,"1590.TW,5880.TW,2891.TW",2023,7,3
2023-06-05,0.013176014529113125,0.007248934844117816,0.030470838233400244,0.014698324819118948,1.0,0.9999999999999999,1.0,0.005849999999999999,"1590.TW,5880.TW,2891.TW,2317.TW,2885.TW",2023,7,5
2023-06-05,0.01863253801205009,0.013858991608677096,0.030470838233400244,0.014698324819118948,0.8010649647770732,0.8010649647770731,0.8010649647770731,0.004686230043945878,"1590.TW,5880.TW,2891.TW,2317.TW,2885.TW,2330.TW,1102.TW,1301.TW,2379.TW,2887.TW",2023,7,10
2023-06-12,0.0033666462658533684,0.0009805284607324882,0.006912556605619402,0.02016807615994341,0.40651479397761375,0.40651479397761375,0.40651479397761375,0.0023781115447690407,"1590.TW,2885.TW,5880.TW,1216.TW,2887.TW",2023,7,5
2023-06-12,0.00021476928162736934,-0.0027385655773443096,0.006912556605619402,0.02016807615994341,0.5047351640276208,0.5047351640276209,0.5047351640276208,0.002952700709561582,"1590.TW,2885.TW,5880.TW,1216.TW,2887.TW,2884.TW,2609.TW,2886.TW,2892.TW,2891.TW",2023,7,10
2023-06-12,0.0003617388177407459,-0.0016118489294302263,0.006912556605619402,0.02016807615994341,0.33724343282616276,0.3372434328261628,0.33724343282616276,0.0019728740820330526,"1590.TW,2885.TW,5880.TW",2023,7,3
2023-06-19,-0.004603458879757216,-0.007534267120539062,-0.010297590400783041,-0.011867616781540946,0.5033098277680109,0.5033098277680108,0.5033098277680108,0.0029443624924428632,"2887.TW,2886.TW,2885.TW,3008.TW,2357.TW,2303.TW,1301.TW,1590.TW,2609.TW,2330.TW",2023,7,10
2023-06-19,0.011978445100539876,0.008026990136968948,-0.010297590400783041,-0.011867616781540946,0.6674671681056359,0.6674671681056358,0.6674671681056359,0.0039046829334179697,"2887.TW,2886.TW,2885.TW",2023,7,3
2023-06-19,0.00508701292585827,0.001539646017708618,-0.010297590400783041,-0.011867616781540946,0.603318417080507,0.6033184170805069,0.603318417080507,0.0035294127399209656,"2887.TW,2886.TW,2885.TW,3008.TW,2357.TW",2023,7,5
2023-06-28,-0.0038851948460259713,-0.007772722869907267,-0.00038531077569081695,0.01524453554517396,0.66712662184982,0.6671266218498201,0.66712662184982,0.0039026907378214475,"2887.TW,9910.TW,2357.TW",2023,7,3
2023-06-28,-0.010800219097425425,-0.014277814467854144,-0.00038531077569081695,0.01524453554517396,0.6009511511814352,0.6009511511814352,0.6009511511814352,0.003515564234411396,"2887.TW,9910.TW,2357.TW,2891.TW,2912.TW,1102.TW,2885.TW,5880.TW,3711.TW,2886.TW",2023,7,10
2023-06-28,-0.008562692626158032,-0.012063304756895543,-0.00038531077569081695,0.01524453554517396,0.6035633635863173,0.6035633635863173,0.6035633635863173,0.003530845676979957,"2887.TW,9910.TW,2357.TW,2891.TW,2912.TW",2023,7,5
2023-07-05,-0.002996906866588637,-0.008829374961419112,0.012336134005036525,0.017735916435409248,1.0,1.0,1.0,0.00585,"2886.TW,4904.TW,1102.TW",2023,7,3
2023-07-05,0.0010322954388558461,-0.0024831727480051358,0.012336134005036525,0.017735916435409248,0.6003150303290371,0.6003150303290372,0.6003150303290372,0.003511842927424867,"2886.TW,4904.TW,1102.TW,2330.TW,3034.TW,5871.TW,5880.TW,2891.TW,2884.TW,2317.TW",2023,7,10
2023-07-05,0.0006386408896998487,-0.005215095159504912,0.012336134005036525,0.017735916435409248,1.0,1.0,1.0,0.00585,"2886.TW,4904.TW,1102.TW,2330.TW,3034.TW",2023,7,5
2023-07-12,0.007866059590457646,0.0019700431418534503,-0.0027824365183154454,0.005219650793577557,1.0,0.9999999999999999,1.0,0.005849999999999999,"2892.TW,2330.TW,2885.TW",2023,7,3
2023-07-12,0.027948479667493233,0.023739030643254777,-0.0027824365183154454,0.005219650793577557,0.7,0.6999999999999998,0.7,0.004095,"2892.TW,2330.TW,2885.TW,2891.TW,2327.TW,2615.TW,2881.TW,3037.TW,2887.TW,5880.TW",2023,7,10
2023-07-12,0.004076120208940192,-0.0006229560336377116,-0.0027824365183154454,0.005219650793577557,0.8,0.7999999999999999,0.8,0.00468,"2892.TW,2330.TW,2885.TW,2891.TW,2327.TW",2023,7,5
2023-07-19,0.014731226788658305,0.01115059986180622,0.0007749116148192403,0.025061755903048474,0.6031872901813917,0.6031872901813917,0.6031872901813917,0.0035286456475611414,"2892.TW,2330.TW,2887.TW,2884.TW,5880.TW",2023,7,5
2023-07-19,0.007068644629298164,0.005066298175927297,0.0007749116148192403,0.025061755903048474,0.33987896142539625,0.3398789614253965,0.33987896142539636,0.001988291924338569,"2892.TW,2330.TW,2887.TW",2023,7,3
2023-07-19,0.011814940986540904,0.00877955473476466,0.0007749116148192403,0.025061755903048474,0.512810617564294,0.5128106175642939,0.5128106175642939,0.0029999421127511194,"2892.TW,2330.TW,2887.TW,2884.TW,5880.TW,1216.TW,2615.TW,2882.TW,5876.TW,2886.TW",2023,7,10
2023-07-26,-0.007497214994957436,-0.013303356287237,-0.014711588505933015,-0.020805202010026575,1.0,1.0,1.0,0.00585,"2002.TW,1102.TW,2308.TW,2327.TW,2618.TW",2023,7,5
2023-07-26,-0.014855872795839553,-0.020618965939983913,-0.014711588505933015,-0.020805202010026575,1.0,1.0,1.0,0.00585,"2002.TW,1102.TW,2308.TW",2023,7,3
2023-07-26,-0.0035301666915272486,-0.0087935742089007,-0.014711588505933015,-0.020805202010026575,0.902915221989534,0.9029152219895341,0.902915221989534,0.005282054048638774,"2002.TW,1102.TW,2308.TW,2327.TW,2618.TW,1101.TW,2883.TW,2880.TW,2891.TW,2615.TW",2023,7,10
2023-08-02,-0.0012692361704786494,-0.007111811138881374,-0.0019646091856657666,-0.0017859708918980212,1.0,1.0,1.0,0.00585,"2891.TW,5880.TW,2884.TW,2887.TW,1216.TW",2023,7,5
2023-08-02,0.0056328276031443565,-0.00025012443833405396,-0.0019646091856657666,-0.0017859708918980212,1.0,1.0,1.0,0.00585,"2891.TW,5880.TW,2884.TW",2023,7,3
2023-08-02,0.004669830980130463,0.0005529033223392599,-0.0019646091856657666,-0.0017859708918980212,0.7004772074071351,0.7004772074071351,0.7004772074071351,0.004097791663331741,"2891.TW,5880.TW,2884.TW,2887.TW,1216.TW,2892.TW,2885.TW,2615.TW,2880.TW,2886.TW",2023,7,10
2023-08-10,-0.04673139819445904,-0.05119269525090897,-0.022047350191835013,-0.016012405491785113,0.8,0.7999999999999999,0.8,0.00468,"2618.TW,2886.TW,2880.TW,2884.TW,2412.TW",2023,7,5
2023-08-10,-0.05826495130231897,-0.06377410133720052,-0.022047350191835013,-0.016012405491785113,1.0,1.0,1.0,0.00585,"2618.TW,2886.TW,2880.TW",2023,7,3
2023-08-10,-0.047166675621825874,-0.04995639985323952,-0.022047350191835013,-0.016012405491785113,0.5004820095949084,0.5004820095949083,0.5004820095949083,0.002927819756130214,"2618.TW,2886.TW,2880.TW,2884.TW,2412.TW,2882.TW,5880.TW,2317.TW,2881.TW,2892.TW",2023,7,10
2023-08-17,0.002436726415338282,-0.0034275284341915846,0.01046711580968851,0.0031071747267874894,1.0,1.0,1.0,0.00585,"3037.TW,5871.TW,2408.TW",2023,7,3
2023-08-17,-0.002609811134813722,-0.007861070479188936,0.01046711580968851,0.0031071747267874894,0.8999999999999999,0.9,0.8999999999999999,0.005265,"3037.TW,5871.TW,2408.TW,2912.TW,1216.TW,2412.TW,1326.TW,2327.TW,2207.TW,1590.TW",2023,7,10
2023-08-17,-0.00386921983869375,-0.009696584902637362,0.01046711580968851,0.0031071747267874894,1.0,1.0,1.0,0.00585,"3037.TW,5871.TW,2408.TW,2912.TW,1216.TW",2023,7,5
2023-08-24,0.017557092465333147,0.012794925272595403,-5.50461036752381e-08,0.003527558209880215,0.8,0.8,0.8,0.00468,"2408.TW,2615.TW,2609.TW,3008.TW,2412.TW",2023,7,5
2023-08-24,0.011056047146674276,0.007496310406169604,-5.50461036752381e-08,0.003527558209880215,0.6018479476396448,0.6018479476396448,0.6018479476396448,0.003520810493691922,"2408.TW,2615.TW,2609.TW,3008.TW,2412.TW,2618.TW,2885.TW,2327.TW,2880.TW,1590.TW",2023,7,10
2023-08-24,0.01014046557389266,0.006199138737471133,-5.50461036752381e-08,0.003527558209880215,0.6669677199459705,0.6669677199459706,0.6669677199459705,0.0039017611616839276,"2408.TW,2615.TW,2609.TW",2023,7,3
2023-08-31,0.0009123168254817404,-0.003210814649123872,-0.011155473079560552,-0.0005476639463134703,0.7041663762448782,0.7041663762448782,0.7041663762448782,0.004119373301032538,"2882.TW,2454.TW,2885.TW,2412.TW,2881.TW,3045.TW,2887.TW,2603.TW,2207.TW,2880.TW",2023,7,10
2023-08-31,0.002957976682792274,-0.0017708356062516861,-0.011155473079560552,-0.0005476639463134703,0.8059599702339404,0.8059599702339404,0.8059599702339404,0.004714865825868551,"2882.TW,2454.TW,2885.TW,2412.TW,2881.TW",2023,7,5
2023-08-31,-0.0014027480348769439,-0.007244541958872919,-0.011155473079560552,-0.0005476639463134703,1.0,1.0,1.0,0.00585,"2882.TW,2454.TW,2885.TW",2023,7,3
2023-09-07,-0.004652495610071817,-0.00931744118188138,0.02336833554478912,0.020292496879415478,0.8011539587477752,0.8011539587477753,0.8011539587477752,0.0046867506586744856,"3231.TW,6669.TW,2603.TW,2454.TW,2357.TW",2023,7,5
2023-09-07,-0.003942105783726444,-0.009769044464891685,0.02336833554478912,0.020292496879415478,1.0,1.0,1.0,0.00585,"3231.TW,6669.TW,2603.TW",2023,7,3
2023-09-07,0.012429717250520233,0.007689332387286418,0.02336833554478912,0.020292496879415478,0.800373779074752,0.8003737790747519,0.800373779074752,0.0046821866075872996,"3231.TW,6669.TW,2603.TW,2454.TW,2357.TW,3711.TW,2327.TW,2615.TW,2912.TW,5871.TW",2023,7,10
2023-09-14,-0.08051882175456695,-0.08377417856408598,-0.035826743088708146,-0.03202187105016555,0.6052013490393651,0.605201349039365,0.6052013490393651,0.003540427891880285,"3231.TW,3017.TW,2382.TW,6669.TW,4904.TW",2023,7,5
2023-09-14,-0.09536670661330925,-0.09890411768917162,-0.035826743088708146,-0.03202187105016555,0.6684317926546723,0.6684317926546725,0.6684317926546723,0.003910325987029834,"3231.TW,3017.TW,2382.TW",2023,7,3
2023-09-14,-0.053662434338904025,-0.058124130228594306,-0.035826743088708146,-0.03202187105016555,0.8059312931680065,0.8059312931680065,0.8059312931680065,0.004714698065032838,"3231.TW,3017.TW,2382.TW,6669.TW,4904.TW,3045.TW,2882.TW,1301.TW,5880.TW,1102.TW",2023,7,10
2023-09-21,0.06714143829717441,0.06391134549885624,0.009391618339869678,0.01871838001485097,0.5174127770524904,0.5174127770524904,0.5174127770524904,0.0030268647457570696,"2886.TW,2327.TW,6669.TW,2885.TW,3017.TW,3231.TW,4904.TW,2454.TW,2382.TW,2609.TW",2023,7,10
2023-09-21,0.06357655765964379,0.057354634797334825,0.009391618339869678,0.01871838001485097,1.0,1.0000000000000002,1.0,0.005850000000000001,"2886.TW,2327.TW,6669.TW",2023,7,3
2023-09-21,0.09283386318470618,0.08891011684186889,0.009391618339869678,0.01871838001485097,0.6137491645947512,0.6137491645947512,0.6137491645947512,0.0035904326128792944,"2886.TW,2327.TW,6669.TW,2885.TW,3017.TW",2023,7,5
2023-09-28,0.007061805626587168,0.004548425212318907,0.01860829650869178,0.011118519871032864,0.4266249352842796,0.4266249352842797,0.42662493528427964,0.002495755871413036,"4904.TW,2886.TW,3231.TW,5876.TW,2885.TW,2609.TW,2891.TW,2327.TW,2603.TW,2408.TW",2023,7,10
2023-09-28,0.02994452058477555,0.025845856591919958,0.01860829650869178,0.011118519871032864,0.6802563726124383,0.6802563726124384,0.6802563726124384,0.0039794997797827645,"4904.TW,2886.TW,3231.TW",2023,7,3
2023-09-28,0.0211005607571457,0.01734884932932923,0.01860829650869178,0.011118519871032864,0.6280656552706132,0.6280656552706133,0.6280656552706132,0.003674184083333088,"4904.TW,2886.TW,3231.TW,5876.TW,2885.TW",2023,7,5
2023-10-06,-0.007981044773459584,-0.011880325411814385,0.0027801161288107945,-0.014747482054976467,0.6719062124290098,0.6719062124290098,0.6719062124290098,0.003930651342709708,"2618.TW,2327.TW,4904.TW",2023,7,3
2023-10-06,-0.003656471371161917,-0.007741286728067509,0.0027801161288107945,-0.014747482054976467,0.7008215693731954,0.7008215693731954,0.7008215693731954,0.004099806180833193,"2618.TW,2327.TW,4904.TW,2886.TW,2317.TW,2379.TW,2357.TW,2308.TW,2207.TW,1590.TW",2023,7,10
2023-10-06,-0.001253889998926526,-0.004787506651417028,0.0027801161288107945,-0.014747482054976467,0.6047953814940292,0.6047953814940292,0.6047953814940292,0.003538052981740071,"2618.TW,2327.TW,4904.TW,2886.TW,2317.TW",2023,7,5
2023-10-17,-0.006085870507248478,-0.01190026816478118,-0.016237706475601965,-0.018494408765356386,1.0,1.0,1.0,0.00585,"3045.TW,3231.TW,1102.TW",2023,7,3
2023-10-17,-0.01599029970159134,-0.020638705606377927,-0.016237706475601965,-0.018494408765356386,0.8075116533125113,0.8075116533125114,0.8075116533125113,0.004723943171878192,"3045.TW,3231.TW,1102.TW,2885.TW,4904.TW,2883.TW,2618.TW,2891.TW,1326.TW,2884.TW",2023,7,10
2023-10-17,-0.011352837829292906,-0.01597970654825176,-0.016237706475601965,-0.018494408765356386,0.8,0.8,0.8,0.00468,"3045.TW,3231.TW,1102.TW,2885.TW,4904.TW",2023,7,5
2023-10-24,-0.0311864855335626,-0.034587020969339854,-0.01771335560974363,-0.008570263461031924,0.6000000000000001,0.6,0.6000000000000001,0.00351,"3231.TW,2382.TW,4904.TW,2618.TW,2317.TW",2023,7,5
2023-10-24,-0.02612448083862704,-0.030112501089592847,-0.01771335560974363,-0.008570263461031924,0.7,0.7,0.7,0.004095,"3231.TW,2382.TW,4904.TW,2618.TW,2317.TW,2454.TW,3037.TW,2408.TW,2379.TW,2303.TW",2023,7,10
2023-10-24,-0.0461384986285461,-0.049858558483894866,-0.01771335560974363,-0.008570263461031924,0.6666666666666666,0.6666666666666667,0.6666666666666667,0.0039000000000000003,"3231.TW,2382.TW,4904.TW",2023,7,3
2023-10-31,0.03188851938130758,0.02779071367765007,0.03811473332011306,0.03733027043001214,0.678832639675859,0.678832639675859,0.678832639675859,0.003971170942103776,"3045.TW,1102.TW,2382.TW",2023,7,3
2023-10-31,0.04412519263592281,0.040360466547069374,0.03811473332011306,0.03733027043001214,0.6163465125737057,0.6163465125737055,0.6163465125737055,0.0036056270985561777,"3045.TW,1102.TW,2382.TW,3017.TW,3231.TW,4904.TW,2412.TW,3711.TW,3037.TW,2357.TW",2023,7,10
2023-10-31,0.04836173358908505,0.04457563411570398,0.03811473332011306,0.03733027043001214,0.6173408189562377,0.6173408189562377,0.6173408189562377,0.0036114437908939907,"3045.TW,1102.TW,2382.TW,3017.TW,3231.TW",2023,7,5
2023-11-07,0.040287820926597065,0.039036831788429316,0.03355705734500303,0.01813326741598802,0.20556262682401774,0.20556262682401763,0.20556262682401769,0.0012025413669205032,"2382.TW,3231.TW,3037.TW,3017.TW,3045.TW",2023,7,5
2023-11-07,0.043406185739611525,0.03933690161522696,0.03355705734500303,0.01813326741598802,0.6666666666666666,0.6666666666666667,0.6666666666666667,0.0039000000000000003,"2382.TW,3231.TW,3037.TW",2023,7,3
2023-11-07,0.03385760872464079,0.03201416229361986,0.03355705734500303,0.01813326741598802,0.30479927349616487,0.30479927349616476,0.3047992734961648,0.001783075749952564,"2382.TW,3231.TW,3037.TW,3017.TW,3045.TW,2884.TW,2357.TW,1216.TW,2412.TW,2892.TW",2023,7,10
2023-11-14,0.02173693484501975,0.018106431778658783,0.0026737914253454065,0.016807995969018646,0.6073958898791433,0.6073958898791433,0.6073958898791433,0.003553265955792988,"2382.TW,3037.TW,2884.TW,2882.TW,2892.TW,2912.TW,2881.TW,2880.TW,4904.TW,5876.TW",2023,7,10
2023-11-14,0.025102884667981187,0.02148085751202289,0.0026737914253454065,0.016807995969018646,0.60398809763374,0.6039880976337398,0.60398809763374,0.003533330371157378,"2382.TW,3037.TW,2884.TW,2882.TW,2892.TW",2023,7,5
2023-11-14,0.03239068229011151,0.030331480389499177,0.0026737914253454065,0.016807995969018646,0.34095651087255435,0.34095651087255435,0.34095651087255435,0.001994595588604443,"2382.TW,3037.TW,2884.TW",2023,7,3
2023-11-21,0.004895149011377887,0.0013300109772116375,0.0003810135143682558,0.0027003582085634646,0.6064566095132236,0.6064566095132234,0.6064566095132236,0.003547771165652357,"3045.TW,2912.TW,2882.TW,2412.TW,1216.TW,4904.TW,2887.TW,2885.TW,5876.TW,1102.TW",2023,7,10
2023-11-21,0.00016466573657751083,-0.005686297557981557,0.0003810135143682558,0.0027003582085634646,1.0,1.0,1.0,0.00585,"3045.TW,2912.TW,2882.TW",2023,7,3
2023-11-21,0.0029189187356629676,-0.0017984890552835697,0.0003810135143682558,0.0027003582085634646,0.8040475447361786,0.8040475447361788,0.8040475447361787,0.004703678136706645,"3045.TW,2912.TW,2882.TW,2412.TW,1216.TW",2023,7,5
2023-11-28,0.014290873080665725,0.011915621916098074,-0.006854580603116611,-6.687014874547925e-05,0.40030513028653897,0.4003051302865389,0.4003051302865389,0.002341785012176253,"3045.TW,1216.TW,2412.TW,5876.TW,2887.TW",2023,7,5
2023-11-28,0.02364233519520094,0.019650130087939477,-0.006854580603116611,-6.687014874547925e-05,0.6666666666666666,0.6666666666666665,0.6666666666666665,0.0038999999999999994,"3045.TW,1216.TW,2412.TW",2023,7,3
2023-11-28,0.005800791168834631,0.0040052110716912726,-0.006854580603116611,-6.687014874547925e-05,0.30516656124895647,0.30516656124895636,0.3051665612489564,0.0017852243833063948,"3045.TW,1216.TW,2412.TW,5876.TW,2887.TW,2892.TW,3711.TW,2882.TW,2912.TW,2886.TW",2023,7,10
2023-12-05,0.005808545391693031,0.0005129634002056793,0.009202442450170878,0.004871137597347621,0.8999999999999999,0.8999999999999999,0.8999999999999999,0.005265,"1102.TW,2881.TW,5876.TW,2891.TW,2454.TW,2002.TW,2880.TW,3034.TW,1303.TW,2885.TW",2023,7,10
2023-12-05,0.009529883426091313,0.004805283571657215,0.009202442450170878,0.004871137597347621,0.8,0.8,0.8,0.00468,"1102.TW,2881.TW,5876.TW,2891.TW,2454.TW",2023,7,5
2023-12-05,-0.0015161909153094495,-0.007357321198454891,0.009202442450170878,0.004871137597347621,1.0,1.0,1.0,0.00585,"1102.TW,2881.TW,5876.TW",2023,7,3
2023-12-12,0.004502552274945249,0.0009767483164602186,0.014817737376193518,0.010970692202516038,0.6000000000000001,0.5999999999999999,0.6,0.0035099999999999997,"3017.TW,2454.TW,2330.TW,1102.TW,2880.TW",2023,7,5
2023-12-12,0.020032183998088,0.01406499572169917,0.014817737376193518,0.010970692202516038,1.0,0.9999999999999998,0.9999999999999999,0.005849999999999999,"3017.TW,2454.TW,2330.TW",2023,7,3
2023-12-12,-0.0023222704187026207,-0.006407760721337974,0.014817737376193518,0.010970692202516038,0.7,0.7000000000000002,0.7000000000000001,0.0040950000000000005,"3017.TW,2454.TW,2330.TW,1102.TW,2880.TW,6669.TW,1216.TW,5880.TW,2884.TW,1590.TW",2023,7,10
2023-12-19,0.0038273443976411196,0.00028114231340303775,0.006364518280111531,0.013616021548270933,0.6038771446615728,0.6038771446615727,0.6038771446615727,0.0035326812962702004,"2885.TW,3034.TW,2317.TW,2912.TW,2330.TW,1216.TW,2886.TW,2880.TW,2303.TW,1102.TW",2023,7,10
2023-12-19,0.0036584579772997567,-0.001038663606033996,0.006364518280111531,0.013616021548270933,0.8,0.8,0.8,0.00468,"2885.TW,3034.TW,2317.TW,2912.TW,2330.TW",2023,7,5
2023-12-19,0.006097401945110214,0.00021173214373115812,0.006364518280111531,0.013616021548270933,1.0,1.0,1.0,0.00585,"2885.TW,3034.TW,2317.TW",2023,7,3
2023-12-26,-0.0015659077521476665,-0.006238579303867731,-0.01376483710044818,-0.010951440293608389,0.8,0.8,0.8,0.00468,"2345.TW,2395.TW,2002.TW,2618.TW,2885.TW",2023,7,5
2023-12-26,-0.016899278093978877,-0.022650417317129135,-0.01376483710044818,-0.010951440293608389,1.0,1.0,1.0,0.00585,"2345.TW,2395.TW,2002.TW",2023,7,3
2023-12-26,-0.01165279956785258,-0.015702285847586483,-0.01376483710044818,-0.010951440293608389,0.700381279549252,0.7003812795492522,0.7003812795492521,0.004097230485363125,"2345.TW,2395.TW,2002.TW,2618.TW,2885.TW,2330.TW,2317.TW,2891.TW,2454.TW,1590.TW",2023,7,10
2024-01-02,-0.033918727344813784,-0.03529539315834751,-0.009723412816197041,-0.015090004857398271,1.0,0.0,0.5,0.001425,"2609.TW,2603.TW,6669.TW",2024,7,3
2024-01-02,-0.042253678174434026,-0.043618466683035484,-0.009723412816197041,-0.015090004857398271,1.0,0.0,0.5,0.001425,"2609.TW,2603.TW,6669.TW,3008.TW,3037.TW",2024,7,5
2024-01-02,-0.03347028708416477,-0.03484759192506981,-0.009723412816197041,-0.015090004857398271,0.9999999999999999,0.0,0.49999999999999994,0.0014249999999999998,"2609.TW,2603.TW,6669.TW,3008.TW,3037.TW,2327.TW,2379.TW,2615.TW,3231.TW,3017.TW",2024,7,10
2024-01-09,-0.005686202943404532,-0.00964244767195166,0.004769529647456583,-0.014473748928192727,0.6801486132254732,0.6801486132254733,0.6801486132254733,0.003978869387369018,"2609.TW,3008.TW,2357.TW",2024,7,3
2024-01-09,-0.008898978942004688,-0.012435480851277991,0.004769529647456583,-0.014473748928192727,0.6099582464924602,0.6099582464924601,0.6099582464924602,0.003568255741980892,"2609.TW,3008.TW,2357.TW,2615.TW,5871.TW,2618.TW,2603.TW,2891.TW,2002.TW,2303.TW",2024,7,10
2024-01-09,-0.006432066303763296,-0.009974553105307704,0.004769529647456583,-0.014473748928192727,0.6094734731993254,0.6094734731993252,0.6094734731993253,0.003565419818216053,"2609.TW,3008.TW,2357.TW,2615.TW,5871.TW",2024,7,5
2024-01-16,0.03760495009373773,0.03153496113568921,0.031923098995864985,0.01864409508543065,1.0,1.0000000000000002,1.0,0.005850000000000001,"2615.TW,3017.TW,2891.TW",2024,7,3
2024-01-16,0.01790559911535158,0.01550840970406786,0.031923098995864985,0.01864409508543065,0.402567750975073,0.40256775097507286,0.4025677509750729,0.0023550213432041766,"2615.TW,3017.TW,2891.TW,2603.TW,3008.TW,4904.TW,2609.TW,2330.TW,2357.TW,3045.TW",2024,7,10
2024-01-16,0.018431979322111446,0.014857283074690919,0.031923098995864985,0.01864409508543065,0.6000000000000001,0.6,0.6000000000000001,0.00351,"2615.TW,3017.TW,2891.TW,2603.TW,3008.TW",2024,7,5
2024-01-23,0.0036399187915200706,0.0006517216951382743,0.008199661649903822,-0.0008666322522224034,0.5089503843903498,0.5089503843903497,0.5089503843903498,0.0029773597486835463,"2609.TW,3017.TW,2345.TW,2382.TW,2912.TW,2357.TW,2412.TW,2891.TW,2379.TW,2615.TW",2024,7,10
2024-01-23,0.010577271547893943,0.005847769917049828,0.008199661649903822,-0.0008666322522224034,0.8,0.8,0.8,0.00468,"2609.TW,3017.TW,2345.TW,2382.TW,2912.TW",2024,7,5
2024-01-23,0.021599713376735535,0.01761547449456624,0.008199661649903822,-0.0008666322522224034,0.6666666666666666,0.6666666666666667,0.6666666666666667,0.0039000000000000003,"2609.TW,3017.TW,2345.TW",2024,7,3
2024-01-30,0.01670342715615425,0.010755712107290538,0.05249564054745992,0.018064686655439505,1.0,1.0,1.0,0.00585,"6669.TW,2603.TW,3034.TW",2024,7,3
2024-01-30,0.05500594558757395,0.050063706461277224,0.05249564054745992,0.018064686655439505,0.800779563953894,0.800779563953894,0.800779563953894,0.004684560449130281,"6669.TW,2603.TW,3034.TW,3017.TW,3231.TW,2408.TW,2330.TW,2308.TW,2412.TW,2881.TW",2024,7,10
2024-01-30,0.08980179682928394,0.0847015244201228,0.05249564054745992,0.018064686655439505,0.8,0.8,0.8,0.00468,"6669.TW,2603.TW,3034.TW,3017.TW,3231.TW",2024,7,5
2024-02-15,0.010976193377588952,0.006836245865707635,0.007727309687263428,0.020323827078128152,0.7,0.7,0.7,0.004095,"6669.TW,3017.TW,3231.TW,2382.TW,2609.TW,3037.TW,1590.TW,2615.TW,2345.TW,2454.TW",2024,7,10
2024-02-15,-0.030035233838476172,-0.03233943288850272,0.007727309687263428,0.020323827078128152,0.40607679086163007,0.40607679086163007,0.40607679086163007,0.0023755492265405357,"6669.TW,3017.TW,3231.TW,2382.TW,2609.TW",2024,7,5
2024-02-15,-0.056111193931191565,-0.0597923602748599,0.007727309687263428,0.020323827078128152,0.6666666666666666,0.6666666666666667,0.6666666666666667,0.0039000000000000003,"6669.TW,3017.TW,3231.TW",2024,7,3
2024-02-22,0.07373036656876408,0.07370376188071126,0.010805165578164022,0.00023743674137992167,0.004235523242287653,0.004235523242287709,0.004235523242287681,2.477781096738302e-05,"3017.TW,6669.TW,3231.TW",2024,7,3
2024-02-22,0.03271986399770231,0.03020585127681663,0.010805165578164022,0.00023743674137992167,0.41613004575160395,0.416130045751604,0.41613004575160395,0.0024343607676468836,"3017.TW,6669.TW,3231.TW,3037.TW,2303.TW",2024,7,5
2024-02-22,0.011552529203957822,0.007884174341610484,0.010805165578164022,0.00023743674137992167,0.619907705368802,0.6199077053688022,0.6199077053688021,0.003626460076407493,"3017.TW,6669.TW,3231.TW,3037.TW,2303.TW,1303.TW,2618.TW,1326.TW,2395.TW,2412.TW",2024,7,10
2024-03-01,0.010889879453608049,0.006925025886084457,0.06103462725365749,0.011374440200934824,0.6704516093796161,0.6704516093796161,0.6704516093796161,0.003922141914870754,"3017.TW,1590.TW,2454.TW",2024,7,3
2024-03-01,-0.011229650078147248,-0.014801401729725883,0.06103462725365749,0.011374440200934824,0.6174900348953083,0.6174900348953084,0.6174900348953083,0.0036123167041375542,"3017.TW,1590.TW,2454.TW,2345.TW,3037.TW",2024,7,5
2024-03-01,-0.0006143640397581326,-0.005331451649162489,0.06103462725365749,0.011374440200934824,0.8068354529796546,0.8068354529796548,0.8068354529796546,0.00471998739993098,"3017.TW,1590.TW,2454.TW,2345.TW,3037.TW,3034.TW,2330.TW,2408.TW,2317.TW,3045.TW",2024,7,10
2024-03-08,-0.003504963396134486,-0.009334459360267111,-0.005524927357516862,0.008439939201895839,1.0,1.0,1.0,0.00585,"3711.TW,3034.TW,2379.TW",2024,7,3
2024-03-08,-0.029720556306191574,-0.03430270640810351,-0.005524927357516862,0.008439939201895839,0.8072659137376645,0.8072659137376645,0.8072659137376645,0.004722505595365338,"3711.TW,3034.TW,2379.TW,2345.TW,2603.TW",2024,7,5
2024-03-08,-0.006485116568804729,-0.009493313768053513,-0.005524927357516862,0.008439939201895839,0.5175782990642506,0.5175782990642503,0.5175782990642505,0.003027833049525865,"3711.TW,3034.TW,2379.TW,2345.TW,2603.TW,1590.TW,3231.TW,3017.TW,2382.TW,2454.TW",2024,7,10
2024-03-15,0.019279285496798543,0.015242091944356773,0.02745082499379259,0.010117651932665976,0.6770652222531748,0.677065222253175,0.6770652222531749,0.003960831550181073,"3017.TW,6669.TW,3711.TW",2024,7,3
2024-03-15,0.014912406349666042,0.011279611135503576,0.02745082499379259,0.010117651932665976,0.6118662369426269,0.6118662369426269,0.6118662369426269,0.003579417486114367,"3017.TW,6669.TW,3711.TW,2454.TW,2603.TW",2024,7,5
2024-03-15,0.04361387459363055,0.03984108628816241,0.02745082499379259,0.010117651932665976,0.617969053074266,0.617969053074266,0.617969053074266,0.003615118960484456,"3017.TW,6669.TW,3711.TW,2454.TW,2603.TW,2330.TW,3037.TW,2609.TW,2308.TW,2618.TW",2024,7,10
2024-03-22,-0.0016578471608922098,-0.0063868721546901375,0.006361404781669577,0.010444775880379559,0.8097227373613887,0.8097227373613886,0.8097227373613887,0.004736878013564124,"3017.TW,9910.TW,3008.TW,5871.TW,2317.TW",2024,7,5
2024-03-22,-0.016720949255709956,-0.020656764463380384,0.006361404781669577,0.010444775880379559,0.6842298977882593,0.6842298977882593,0.6842298977882593,0.004002744902061317,"3017.TW,9910.TW,3008.TW",2024,7,3
2024-03-22,0.00932218261786555,0.004546665155452212,0.006361404781669577,0.010444775880379559,0.8087881009762439,0.808788100976244,0.8087881009762439,0.004731410390711028,"3017.TW,9910.TW,3008.TW,5871.TW,2317.TW,1216.TW,2603.TW,2412.TW,1101.TW,2886.TW",2024,7,10
2024-03-29,0.034725169488098784,0.030602115931828155,0.028761112109840115,0.00838928595542896,0.68114268453821,0.6811426845382101,0.68114268453821,0.003984684704548529,"3017.TW,2317.TW,3231.TW",2024,7,3
2024-03-29,0.004613366152709163,-0.0001282526218157054,0.028761112109840115,0.00838928595542896,0.8068110092487156,0.8068110092487155,0.8068110092487155,0.004719844404104986,"3017.TW,2317.TW,3231.TW,2308.TW,2382.TW,2379.TW,2345.TW,2408.TW,2395.TW,2892.TW",2024,7,10
2024-03-29,0.012538890705652107,0.008916333071763205,0.028761112109840115,0.00838928595542896,0.6115721843987877,0.6115721843987876,0.6115721843987876,0.0035776972787329073,"3017.TW,2317.TW,3231.TW,2308.TW,2382.TW",2024,7,5
2024-04-09,-0.040983764029115036,-0.044349911017372845,-0.041781921029851676,-0.04023621009027836,0.6000000000000001,0.6,0.6000000000000001,0.00351,"6669.TW,2317.TW,3017.TW,2603.TW,2345.TW",2024,7,5
2024-04-09,-0.026328336948385024,-0.02822699669133566,-0.041781921029851676,-0.04023621009027836,0.3333333333333333,0.33333333333333354,0.3333333333333334,0.0019500000000000008,"6669.TW,2317.TW,3017.TW",2024,7,3
2024-04-09,-0.06406450333175838,-0.06681295679375743,-0.041781921029851676,-0.04023621009027836,0.501980217961286,0.501980217961286,0.501980217961286,0.0029365842750735233,"6669.TW,2317.TW,3017.TW,2603.TW,2345.TW,2382.TW,2454.TW,3008.TW,3037.TW,3231.TW",2024,7,10
2024-04-16,-0.01891565758996268,-0.022442667340836442,-0.012504078386049722,0.008454218853654003,0.6145319251971313,0.6145319251971313,0.6145319251971313,0.003595011762403218,"2317.TW,2330.TW,6669.TW,3034.TW,2885.TW",2024,7,5
2024-04-16,-0.020561243849692157,-0.022665328380750416,-0.012504078386049722,0.008454218853654003,0.3672231338132406,0.36722313381324073,0.3672231338132407,0.002148255332807458,"2317.TW,2330.TW,6669.TW",2024,7,3
2024-04-16,-0.0009752627713869987,-0.0051087463468799665,-0.012504078386049722,0.008454218853654003,0.7072681612802191,0.7072681612802192,0.7072681612802192,0.004137518743489282,"2317.TW,2330.TW,6669.TW,3034.TW,2885.TW,2882.TW,3045.TW,1102.TW,2382.TW,2912.TW",2024,7,10
2024-04-23,0.02772748641076779,0.02291772177436524,0.021753348659983462,0.020857513880510256,0.8,0.7999999999999998,0.7999999999999999,0.004679999999999999,"2317.TW,2882.TW,2002.TW,2891.TW,2884.TW",2024,7,5
2024-04-23,0.020705220028854183,0.016724469670741593,0.021753348659983462,0.020857513880510256,0.6666666666666666,0.6666666666666667,0.6666666666666667,0.0039000000000000003,"2317.TW,2882.TW,2002.TW",2024,7,3
2024-04-23,0.021650443089208396,0.01866211554317254,0.021753348659983462,0.020857513880510256,0.5,0.49999999999999994,0.5,0.0029249999999999996,"2317.TW,2882.TW,2002.TW,2891.TW,2884.TW,2912.TW,3017.TW,2327.TW,2885.TW,1102.TW",2024,7,10
2024-04-30,0.05831605275234941,0.05212490384374813,0.02160784228188528,0.019749779721393676,1.0,0.9999999999999999,1.0,0.005849999999999999,"3017.TW,3037.TW,2382.TW",2024,7,3
2024-04-30,0.06364683769291718,0.058668970492514294,0.02160784228188528,0.019749779721393676,0.8,0.7999999999999998,0.7999999999999999,0.004679999999999999,"3017.TW,3037.TW,2382.TW,2317.TW,2618.TW",2024,7,5
2024-04-30,0.05362927366312059,0.05053696262235707,0.02160784228188528,0.019749779721393676,0.5016946578093057,0.5016946578093056,0.5016946578093056,0.002934913748184438,"3017.TW,3037.TW,2382.TW,2317.TW,2618.TW,2884.TW,1102.TW,2454.TW,5880.TW,2891.TW",2024,7,10
2024-05-08,0.12844446190626554,0.1231487443297834,0.05101094421136598,0.03620942058945051,0.80221127253838,0.80221127253838,0.80221127253838,0.004692935944349523,"3017.TW,2603.TW,2609.TW,1102.TW,6669.TW",2024,7,5
2024-05-08,0.16889065116498372,0.16431813063248257,0.05101094421136598,0.03620942058945051,0.6686916698958805,0.6686916698958807,0.6686916698958806,0.003911846268890902,"3017.TW,2603.TW,2609.TW",2024,7,3
2024-05-08,0.08117200307443448,0.07671342500965772,0.05101094421136598,0.03620942058945051,0.7049295527222001,0.7049295527222004,0.7049295527222003,0.004123837883424872,"3017.TW,2603.TW,2609.TW,1102.TW,6669.TW,2882.TW,3045.TW,2002.TW,2317.TW,2412.TW",2024,7,10
2024-05-15,0.01215690470593266,0.008522453524427265,0.007990385206030792,-0.0026243703124485163,0.6138116564256748,0.6138116564256746,0.6138116564256747,0.003590798190090197,"2603.TW,2357.TW,2317.TW,2615.TW,2382.TW,2609.TW,3231.TW,9910.TW,3017.TW,3034.TW",2024,7,10
2024-05-15,0.020792837155506616,0.01680957025594898,0.007990385206030792,-0.0026243703124485163,0.6670308606475405,0.6670308606475405,0.6670308606475405,0.003902130534788112,"2603.TW,2357.TW,2317.TW",2024,7,3
2024-05-15,0.01578032566012406,0.011026473736034603,0.007990385206030792,-0.0026243703124485163,0.8,0.7999999999999998,0.7999999999999999,0.004679999999999999,"2603.TW,2357.TW,2317.TW,2615.TW,2382.TW",2024,7,5
2024-05-22,0.055454903246519145,0.052985138772922324,-0.013505624115530801,0.0003854670320893683,0.4,0.39999999999999997,0.4,0.00234,"2615.TW,2609.TW,2357.TW,2603.TW,2345.TW",2024,7,5
2024-05-22,0.02473927298099972,0.02113852834863139,-0.013505624115530801,0.0003854670320893683,0.6006522041244563,0.6006522041244564,0.6006522041244564,0.0035138153941280696,"2615.TW,2609.TW,2357.TW,2603.TW,2345.TW,1303.TW,5871.TW,3008.TW,2207.TW,2412.TW",2024,7,10
2024-05-22,0.06808680512182777,0.06392126658185271,-0.013505624115530801,0.0003854670320893683,0.6666666666666666,0.6666666666666666,0.6666666666666666,0.0039,"2615.TW,2609.TW,2357.TW",2024,7,3
2024-05-29,0.013678560220367847,0.010088795371701265,0.02827396432976692,0.004246884876371433,0.6053546370090894,0.6053546370090894,0.6053546370090894,0.0035413246265031733,"2615.TW,2609.TW,2603.TW,2357.TW,6669.TW,1590.TW,2885.TW,2891.TW,1216.TW,1102.TW",2024,7,10
2024-05-29,0.05996261706184265,0.057878864385898954,0.02827396432976692,0.004246884876371433,0.33604679343332794,0.336046793433328,0.336046793433328,0.0019658737415849687,"2615.TW,2609.TW,2603.TW",2024,7,3
2024-05-29,0.02782667805670947,0.02651508791809465,0.02827396432976692,0.004246884876371433,0.21813351150036217,0.21813351150036206,0.21813351150036212,0.0012760810422771183,"2615.TW,2609.TW,2603.TW,2357.TW,6669.TW",2024,7,5
2024-06-05,-0.09440100622563063,-0.09448569018472452,0.035890057826718724,0.013434091055723423,0.015984879116379525,0.015984879116379525,0.015984879116379525,9.351154283082022e-05,"2603.TW,2615.TW,2609.TW",2024,7,3
2024-06-05,0.005612016925132924,0.0026284352914585085,0.035890057826718724,0.013434091055723423,0.5071677206421621,0.507167720642162,0.5071677206421621,0.002966931165756648,"2603.TW,2615.TW,2609.TW,3017.TW,2357.TW,2345.TW,2454.TW,6669.TW,2303.TW,3711.TW",2024,7,10
2024-06-05,-0.051490381332478456,-0.05269229723018776,0.035890057826718724,0.013434091055723423,0.2166089884241372,0.2166089884241371,0.21660898842413714,0.0012671625822812023,"2603.TW,2615.TW,2609.TW,3017.TW,2357.TW",2024,7,5
2024-06-13,0.038927451048020735,0.0328497254593898,0.04554348075309744,0.03166193753160399,1.0,1.0,1.0,0.00585,"3008.TW,2883.TW,9910.TW,2891.TW,2882.TW",2024,7,5
2024-06-13,0.026217677761972914,0.021338693645518658,0.04554348075309744,0.03166193753160399,0.8127070863756122,0.8127070863756123,0.8127070863756123,0.0047543364552973325,"3008.TW,2883.TW,9910.TW,2891.TW,2882.TW,3045.TW,2618.TW,2603.TW,2345.TW,2887.TW",2024,7,10
2024-06-13,0.047361911829062464,0.04123484464486249,0.04554348075309744,0.03166193753160399,1.0,1.0,1.0,0.00585,"3008.TW,2883.TW,9910.TW",2024,7,3
2024-06-20,-0.05753472827122471,-0.06304815011083809,-0.009620537324805944,-0.01655537711899393,1.0,1.0,1.0,0.00585,"2615.TW,6669.TW,2609.TW,2454.TW,1590.TW",2024,7,5
2024-06-20,-0.023635574353424775,-0.02823264811868953,-0.009620537324805944,-0.01655537711899393,0.8048476108073356,0.8048476108073357,0.8048476108073357,0.004708358523222914,"2615.TW,6669.TW,2609.TW,2454.TW,1590.TW,2887.TW,3017.TW,3045.TW,1216.TW,2892.TW",2024,7,10
2024-06-20,-0.0720436836795059,-0.07747222812998078,-0.009620537324805944,-0.01655537711899393,1.0,1.0,1.0,0.00585,"2615.TW,6669.TW,2609.TW",2024,7,3
2024-06-27,0.01287804822919092,0.012789186506396932,0.03939557598191801,0.024664429598482748,0.014996907190379771,0.014996907190379882,0.014996907190379827,8.773190706372215e-05,"2615.TW,2609.TW,6669.TW",2024,7,3
2024-06-27,0.02727019503670053,0.023560329055468898,0.03939557598191801,0.024664429598482748,0.617330404465005,0.6173304044650049,0.617330404465005,0.0036113828661202786,"2615.TW,2609.TW,6669.TW,2317.TW,2454.TW,5871.TW,2382.TW,3037.TW,2882.TW,3008.TW",2024,7,10
2024-06-27,0.014358582258775931,0.013095593325902488,0.03939557598191801,0.024664429598482748,0.21283947102825593,0.21283947102825584,0.2128394710282559,0.0012451109055152969,"2615.TW,2609.TW,6669.TW,2317.TW,2454.TW",2024,7,5
2024-07-04,-0.0620776548180999,-0.0640449488097915,0.029075702659907554,-0.0013095648928477543,0.3585473498492312,0.3585473498492311,0.35854734984923115,0.002097501996618002,"2615.TW,2609.TW,2883.TW",2024,7,3
2024-07-04,-0.02352369530669565,-0.025879150131165596,0.029075702659907554,-0.0013095648928477543,0.41234164966574427,0.4123416496657442,0.41234164966574427,0.002412198650544604,"2615.TW,2609.TW,2883.TW,3008.TW,2603.TW,9910.TW,2408.TW,2882.TW,2317.TW,2454.TW",2024,7,10
2024-07-04,-0.04399681249494341,-0.047440132761502274,0.029075702659907554,-0.0013095648928477543,0.6156901594684379,0.6156901594684379,0.6156901594684379,0.0036017874328903615,"2615.TW,2609.TW,2883.TW,3008.TW,2603.TW",2024,7,5
2024-07-11,-0.028965119988548182,-0.033599830203489334,-0.04281288434350139,-0.012074025530439436,0.8158905233052427,0.8158905233052427,0.8158905233052427,0.00477295956133567,"6669.TW,2408.TW,4904.TW,3017.TW,2615.TW",2024,7,5
2024-07-11,-0.01206492324670333,-0.016197362804022064,-0.04281288434350139,-0.012074025530439436,0.7150266661747243,0.7150266661747244,0.7150266661747244,0.004182905997122138,"6669.TW,2408.TW,4904.TW,3017.TW,2615.TW,2382.TW,1590.TW,3045.TW,3037.TW,9910.TW",2024,7,10
2024-07-11,-0.021863826414146602,-0.027585923029623927,-0.04281288434350139,-0.012074025530439436,1.0,0.9999999999999999,1.0,0.005849999999999999,"6669.TW,2408.TW,4904.TW",2024,7,3
2024-07-18,-0.026050596949974025,-0.03174820095781672,-0.050331062180390296,-0.035624347599682415,1.0,1.0,1.0,0.00585,"3008.TW,2308.TW,2882.TW,2883.TW,2881.TW",2024,7,5
2024-07-18,-0.04964748713760624,-0.055207049337851255,-0.050331062180390296,-0.035624347599682415,0.9999999999999999,1.0,1.0,0.00585,"3008.TW,2308.TW,2882.TW,2883.TW,2881.TW,2327.TW,3711.TW,2330.TW,2317.TW,2891.TW",2024,7,10
2024-07-18,-0.03192420500852703,-0.03758744840922712,-0.050331062180390296,-0.035624347599682415,1.0,1.0,1.0,0.00585,"3008.TW,2308.TW,2882.TW",2024,7,3
2024-07-29,-0.03833639731809224,-0.04396212939378141,-0.06666665453605702,-0.04740842430523113,1.0,1.0,1.0,0.00585,"2880.TW,1301.TW,1326.TW,1101.TW,4904.TW",2024,7,5
2024-07-29,-0.05652863772521172,-0.06204794519451917,-0.06666665453605702,-0.04740842430523113,0.9999999999999999,1.0,1.0,0.00585,"2880.TW,1301.TW,1326.TW,1101.TW,4904.TW,1303.TW,5880.TW,2892.TW,2886.TW,3037.TW",2024,7,10
2024-07-29,-0.05623364282316956,-0.06175467601265405,-0.06666665453605702,-0.04740842430523113,1.0,1.0,1.0,0.00585,"2880.TW,1301.TW,1326.TW",2024,7,3
2024-08-05,0.08287810042994348,0.07654326354242835,0.07172742190128711,0.050082776154993104,1.0,0.9999999999999999,1.0,0.005849999999999999,"2327.TW,3017.TW,6669.TW,2308.TW,2382.TW",2024,7,5
2024-08-05,0.08627087051563329,0.08047809195890276,0.07172742190128711,0.050082776154993104,0.9115760935723152,0.9115760935723152,0.9115760935723152,0.005332720147398044,"2327.TW,3017.TW,6669.TW,2308.TW,2382.TW,3037.TW,3711.TW,3231.TW,2357.TW,2317.TW",2024,7,10
2024-08-05,0.07608804824203452,0.0697929331598186,0.07172742190128711,0.050082776154993104,1.0,1.0,1.0,0.00585,"2327.TW,3017.TW,6669.TW",2024,7,3
2024-08-12,0.025689524639505544,0.023264982799177325,0.0295593644067087,0.018769397317893132,0.4040711995990512,0.404071199599051,0.40407119959905113,0.0023638165176544487,"2357.TW,2330.TW,3711.TW,2609.TW,2308.TW,2881.TW,2345.TW,3037.TW,6669.TW,3017.TW",2024,7,10
2024-08-12,0.042759875372213964,0.036659730101286536,0.0295593644067087,0.018769397317893132,1.0,1.0,1.0,0.00585,"2357.TW,2330.TW,3711.TW",2024,7,3
2024-08-12,0.030353521648023338,0.02553146716671062,0.0295593644067087,0.018769397317893132,0.8,0.8,0.8,0.00468,"2357.TW,2330.TW,3711.TW,2609.TW,2308.TW",2024,7,5
2024-08-19,0.007744853292706655,0.005341935174461465,-0.02275192530403891,-0.00652292757908761,0.4075984437389827,0.4075984437389825,0.4075984437389826,0.0023844508958730483,"6669.TW,2357.TW,3037.TW,2609.TW,2345.TW,1590.TW,2603.TW,2881.TW,2327.TW,1102.TW",2024,7,10
2024-08-19,-0.0001777396010049781,-0.0040770464165610365,-0.02275192530403891,-0.00652292757908761,0.6666666666666666,0.6666666666666667,0.6666666666666667,0.0039000000000000003,"6669.TW,2357.TW,3037.TW",2024,7,3
2024-08-19,-0.005495992662059802,-0.009001417229809516,-0.02275192530403891,-0.00652292757908761,0.6025293718352907,0.6025293718352905,0.6025293718352907,0.00352479682523645,"6669.TW,2357.TW,3037.TW,2609.TW,2345.TW",2024,7,5
2024-08-26,-0.019613892414155825,-0.02310543645321883,0.0033259957996416567,-0.002352408609537695,0.6087857939483303,0.6087857939483301,0.6087857939483302,0.0035613968945977315,"2615.TW,6669.TW,3017.TW,3231.TW,2609.TW,2603.TW,2317.TW,2345.TW,2408.TW,2382.TW",2024,7,10
2024-08-26,-0.03028403341637716,-0.03412348598534243,0.0033259957996416567,-0.002352408609537695,0.6768133155194431,0.6768133155194431,0.6768133155194431,0.003959357895788743,"2615.TW,6669.TW,3017.TW",2024,7,3
2024-08-26,-0.026422030555656378,-0.029868854116293364,0.0033259957996416567,-0.002352408609537695,0.6051909833088824,0.6051909833088823,0.6051909833088824,0.003540367252356962,"2615.TW,6669.TW,3017.TW,3231.TW,2609.TW",2024,7,5
2024-09-02,-0.05700983742193838,-0.058160289564949785,-0.04198901066589522,-0.04238334805122396,0.2085477598697606,0.20854775986976054,0.20854775986976057,0.0012200043952380992,"2454.TW,3017.TW,6669.TW,2615.TW,2408.TW,3008.TW,3231.TW,2345.TW,2609.TW,2603.TW",2024,7,10
2024-09-02,-0.07307259879061277,-0.07527609100333521,-0.04198901066589522,-0.04238334805122396,0.40635904712349646,0.40635904712349646,0.40635904712349646,0.0023772004256724546,"2454.TW,3017.TW,6669.TW,2615.TW,2408.TW",2024,7,5
2024-09-02,-0.06977768247728755,-0.07164229594087124,-0.04198901066589522,-0.04238334805122396,0.3426464170964765,0.34264641709647653,0.3426464170964765,0.0020044815400143876,"2454.TW,3017.TW,6669.TW",2024,7,3
2024-09-09,0.006047249057921556,0.00016187265093270398,0.029411795902210436,0.0196645353062435,1.0,1.0,1.0,0.00585,"2881.TW,1102.TW,2912.TW,4904.TW,2882.TW",2024,7,5
2024-09-09,0.008958262178909429,0.0030558563451628107,0.029411795902210436,0.0196645353062435,0.9999999999999999,1.0,1.0,0.00585,"2881.TW,1102.TW,2912.TW,4904.TW,2882.TW,2618.TW,3045.TW,2883.TW,1216.TW,5880.TW",2024,7,10
2024-09-09,0.008494359690148185,0.0025946676859607276,0.029411795902210436,0.0196645353062435,1.0,1.0,1.0,0.00585,"2881.TW,1102.TW,2912.TW",2024,7,3
2024-09-16,0.0394560010123112,0.03458796815225251,0.05154057141719437,0.0415566095260738,0.8005556449050459,0.800555644905046,0.8005556449050459,0.0046832505226945195,"3017.TW,1102.TW,3037.TW,3008.TW,2412.TW,2408.TW,2379.TW,3045.TW,2454.TW,1590.TW",2024,7,10
2024-09-16,0.019935247688148843,0.015947358935380018,0.05154057141719437,0.0415566095260738,0.6683663366217394,0.6683663366217394,0.6683663366217394,0.003909943069237176,"3017.TW,1102.TW,3037.TW",2024,7,3
2024-09-16,0.01630618426358872,0.011546685767077403,0.05154057141719437,0.0415566095260738,0.8005358022815279,0.8005358022815279,0.8005358022815279,0.004683134443346938,"3017.TW,1102.TW,3037.TW,3008.TW,2412.TW",2024,7,5
2024-09-24,-0.0056168064829303175,-0.007603900900070681,-0.019712312222314066,-0.015540019014991122,0.3415929206715865,0.3415929206715864,0.3415929206715864,0.001998318585928781,"1102.TW,9910.TW,3037.TW",2024,7,3
2024-09-24,-0.012044217421208248,-0.015532431350381848,-0.019712312222314066,-0.015540019014991122,0.6035451139042045,0.6035451139042045,0.6035451139042045,0.0035307389163395965,"1102.TW,9910.TW,3037.TW,2408.TW,3045.TW",2024,7,5
2024-09-24,-0.016931157902224048,-0.019326271171373643,-0.019712312222314066,-0.015540019014991122,0.4164724321603437,0.41647243216034374,0.4164724321603437,0.002436363728138011,"1102.TW,9910.TW,3037.TW,2408.TW,3045.TW,2412.TW,3008.TW,3711.TW,2884.TW,5880.TW",2024,7,10
2024-10-01,0.01596278552021666,0.010019403224923451,0.04402180115661869,0.0005234446867118625,1.0,1.0,1.0,0.00585,"2615.TW,2603.TW,2454.TW,2609.TW,2382.TW",2024,7,5
2024-10-01,0.009956153113144312,0.004047909617432399,0.04402180115661869,0.0005234446867118625,1.0,1.0,1.0,0.00585,"2615.TW,2603.TW,2454.TW",2024,7,3
2024-10-01,-0.011423702077562457,-0.01662855628612414,0.04402180115661869,0.0005234446867118625,0.8999999999999999,0.8999999999999999,0.8999999999999999,0.005265,"2615.TW,2603.TW,2454.TW,2609.TW,2382.TW,4904.TW,2408.TW,2881.TW,5871.TW,2207.TW",2024,7,10
2024-10-11,0.027895367262462,0.021882179363976517,0.03617909394487784,0.02810915244873934,1.0,1.0,1.0,0.00585,"9910.TW,3037.TW,2408.TW,2327.TW,1590.TW",2024,7,5
2024-10-11,0.03147740668364155,0.02544326385454232,0.03617909394487784,0.02810915244873934,1.0,1.0,1.0,0.00585,"9910.TW,3037.TW,2408.TW",2024,7,3
2024-10-11,0.015868741922098497,0.01104636772704426,0.03617909394487784,0.02810915244873934,0.8114606102362476,0.8114606102362478,0.8114606102362477,0.00474704456988205,"9910.TW,3037.TW,2408.TW,2327.TW,1590.TW,3008.TW,2887.TW,3034.TW,5876.TW,5871.TW",2024,7,10
2024-10-18,-0.00648144810190019,-0.011156508196791926,-0.005777406437534327,-0.003991276884812165,0.8043690480158457,0.8043690480158455,0.8043690480158456,0.004705558930892697,"1590.TW,3711.TW,2379.TW,3017.TW,1301.TW",2024,7,5
2024-10-18,0.00898211874038298,0.003079573345751596,-0.005777406437534327,-0.003991276884812165,1.0,1.0,1.0,0.00585,"1590.TW,3711.TW,2379.TW",2024,7,3
2024-10-18,0.0023561257102102215,-0.002340920191217455,-0.005777406437534327,-0.003991276884812165,0.8010265101487501,0.8010265101487501,0.8010265101487501,0.004686005084370188,"1590.TW,3711.TW,2379.TW,3017.TW,1301.TW,1326.TW,2382.TW,2317.TW,3231.TW,9910.TW",2024,7,10
2024-10-25,-0.0027018763740470617,-0.006612823216431973,-0.03208700919659946,-0.01974083823373723,0.6703491222309172,0.6703491222309174,0.6703491222309172,0.003921542365050866,"1590.TW,2615.TW,2382.TW",2024,7,3
2024-10-25,-0.007910453621505732,-0.012553432698557132,-0.03208700919659946,-0.01974083823373723,0.8,0.7999999999999999,0.8,0.00468,"1590.TW,2615.TW,2382.TW,3231.TW,3008.TW",2024,7,5
2024-10-25,-0.026293945263635456,-0.029730582018110074,-0.03208700919659946,-0.01974083823373723,0.6033230166451192,0.6033230166451193,0.6033230166451193,0.003529439647373948,"1590.TW,2615.TW,2382.TW,3231.TW,3008.TW,2408.TW,3034.TW,2884.TW,3017.TW,2330.TW",2024,7,10
2024-11-04,0.03599254184640651,0.031902718314493095,0.01905502093057776,0.005946560915669244,0.6748264156558487,0.6748264156558488,0.6748264156558488,0.003947734531586715,"3037.TW,2345.TW,1590.TW",2024,7,3
2024-11-04,0.027112876704360016,0.022906342822534898,0.01905502093057776,0.005946560915669244,0.7000843209482911,0.7000843209482911,0.7000843209482911,0.004095493277547503,"3037.TW,2345.TW,1590.TW,3711.TW,6669.TW,3017.TW,3231.TW,1216.TW,5876.TW,2618.TW",2024,7,10
2024-11-04,0.040296463978661295,0.03540431541493061,0.01905502093057776,0.005946560915669244,0.803871531534861,0.803871531534861,0.803871531534861,0.004702648459478937,"3037.TW,2345.TW,1590.TW,3711.TW,6669.TW",2024,7,5
2024-11-11,-0.02133880584487826,-0.025921113457473832,-0.023053237934670845,-0.0075734763084909515,0.8003795912984626,0.8003795912984627,0.8003795912984626,0.004682220609096007,"2615.TW,2408.TW,3037.TW,1326.TW,3231.TW,2357.TW,2382.TW,2882.TW,1301.TW,1102.TW",2024,7,10
2024-11-11,-0.03196793975278574,-0.03651556604669026,-0.023053237934670845,-0.0075734763084909515,0.8030436676379396,0.8030436676379393,0.8030436676379394,0.0046978054556819455,"2615.TW,2408.TW,3037.TW,1326.TW,3231.TW",2024,7,5
2024-11-11,-0.03709356001935937,-0.0408697882544129,-0.023053237934670845,-0.0075734763084909515,0.6703757220920958,0.6703757220920958,0.6703757220920958,0.003921697974238761,"2615.TW,2408.TW,3037.TW",2024,7,3
2024-11-18,0.029911173943857117,0.02388619357628552,-0.003146235545178566,0.003841123369244466,1.0,1.0,1.0,0.00585,"6669.TW,2891.TW,2609.TW",2024,7,3
2024-11-18,0.026143639722713097,0.02133924669359888,-0.003146235545178566,0.003841123369244466,0.8003399659354293,0.8003399659354292,0.8003399659354293,0.004681988800722261,"6669.TW,2891.TW,2609.TW,2357.TW,3231.TW",2024,7,5
2024-11-18,0.017359015383195155,0.013769998321293775,-0.003146235545178566,0.003841123369244466,0.6030390263338019,0.6030390263338019,0.6030390263338019,0.003527778304052741,"6669.TW,2891.TW,2609.TW,2357.TW,3231.TW,3037.TW,2345.TW,2885.TW,2886.TW,2615.TW",2024,7,10
2024-11-25,0.027456199414415218,0.023785652520977196,0.02209360577283115,-0.00025735941974774023,0.6106770427447639,0.6106770427447638,0.6106770427447639,0.0035724607000568683,"2357.TW,2618.TW,2891.TW,2885.TW,2603.TW",2024,7,5
2024-11-25,0.03991148181670101,0.03583973668658991,0.02209360577283115,-0.00025735941974774023,0.6693115911655074,0.6693115911655074,0.6693115911655074,0.0039154728083182185,"2357.TW,2618.TW,2891.TW",2024,7,3
2024-11-25,0.015667467535638746,0.012070700565474546,0.02209360577283115,-0.00025735941974774023,0.6053476953472153,0.6053476953472152,0.6053476953472152,0.0035412840177812092,"2357.TW,2618.TW,2891.TW,2885.TW,2603.TW,2609.TW,2892.TW,2883.TW,2412.TW,2379.TW",2024,7,10
2024-12-02,0.019674235480617197,0.014902160058567926,0.0074627205707296085,0.013358370054042962,0.8,0.8,0.8,0.00468,"2883.TW,2885.TW,1101.TW,2887.TW,3231.TW",2024,7,5
2024-12-02,0.0207861113743056,0.014814512622765896,0.0074627205707296085,0.013358370054042962,1.0,1.0,1.0,0.00585,"2883.TW,2885.TW,1101.TW",2024,7,3
2024-12-02,0.010107931536758742,0.005955153882508002,0.0074627205707296085,0.013358370054042962,0.7027729413174081,0.7027729413174082,0.7027729413174082,0.004111221706706838,"2883.TW,2885.TW,1101.TW,2887.TW,3231.TW,2880.TW,4904.TW,3008.TW,2892.TW,2886.TW",2024,7,10
2024-12-09,-0.03851462975774873,-0.04357685023207414,0.006896580592663737,-0.02258267813285056,0.8999999999999999,0.8999999999999999,0.8999999999999999,0.005265,"2345.TW,9910.TW,2408.TW,3017.TW,2891.TW,2883.TW,5871.TW,2379.TW,1326.TW,1303.TW",2024,7,10
2024-12-09,-0.016750071067850425,-0.022502083152103558,0.006896580592663737,-0.02258267813285056,1.0,1.0,1.0,0.00585,"2345.TW,9910.TW,2408.TW",2024,7,3
2024-12-09,-0.024933625192731058,-0.03063776348535352,0.006896580592663737,-0.02258267813285056,1.0,0.9999999999999998,0.9999999999999999,0.005849999999999999,"2345.TW,9910.TW,2408.TW,3017.TW,2891.TW",2024,7,5
2024-12-16,0.03752512879252756,0.03380273082595742,0.007102912376381276,0.008233697546917258,0.6132934297729979,0.6132934297729979,0.6132934297729979,0.003587766564172038,"6669.TW,3231.TW,2618.TW,2345.TW,3017.TW",2024,7,5
2024-12-16,0.029923608813469,0.025637461742471945,0.007102912376381276,0.008233697546917258,0.7113874337097821,0.7113874337097822,0.7113874337097821,0.004161616487202226,"6669.TW,3231.TW,2618.TW,2345.TW,3017.TW,2609.TW,5871.TW,2603.TW,2454.TW,2382.TW",2024,7,10
2024-12-16,0.04494729037041371,0.03883434872174685,0.007102912376381276,0.008233697546917258,1.0,1.0,1.0,0.00585,"6669.TW,3231.TW,2618.TW",2024,7,3
2024-12-23,-0.015900642450740465,-0.018821913686474456,-0.009068032798832615,-0.016277851193135854,0.5074310846442903,0.5074310846442901,0.5074310846442902,0.0029684718451690978,"6669.TW,1590.TW,5876.TW,2395.TW,2880.TW,2345.TW,2609.TW,5871.TW,2412.TW,2603.TW",2024,7,10
2024-12-23,-0.022153607612265182,-0.02596720854257728,-0.009068032798832615,-0.016277851193135854,0.6666666666666666,0.6666666666666667,0.6666666666666667,0.0039000000000000003,"6669.TW,1590.TW,5876.TW",2024,7,3
2024-12-23,-0.018420363462131537,-0.023014156161128785,-0.009068032798832615,-0.016277851193135854,0.8,0.7999999999999998,0.7999999999999999,0.004679999999999999,"6669.TW,1590.TW,5876.TW,2395.TW,2880.TW",2024,7,5
2024-12-30,0.01778167461846978,0.012992825285771614,0.030249109352097125,0.016769743937487914,0.8043048366389662,0.8043048366389663,0.8043048366389662,0.004705183294337953,"6669.TW,2345.TW,2408.TW,2618.TW,1301.TW",2024,7,5
2024-12-30,0.020448395445471758,0.016829752907369322,0.030249109352097125,0.016769743937487914,0.6061760465256784,0.6061760465256785,0.6061760465256785,0.003546129872175219,"6669.TW,2345.TW,2408.TW,2618.TW,1301.TW,2883.TW,1326.TW,2603.TW,2609.TW,2454.TW",2024,7,10
2024-12-30,0.027072784976671167,0.023031574378874486,0.030249109352097125,0.016769743937487914,0.6725961786712904,0.6725961786712905,0.6725961786712904,0.00393468764522705,"6669.TW,2345.TW,2408.TW",2024,7,3
2025-01-02,0.014066035121391984,0.012620991021343952,0.015306038871002015,-0.015301090922870846,0.9999999999999999,0.0,0.49999999999999994,0.0014249999999999998,"2308.TW,2330.TW,2454.TW,2379.TW,2345.TW,6669.TW,3008.TW,2891.TW,2412.TW,3711.TW",2025,7,10
2025-01-02,0.02976918059873775,0.02830175951638436,0.015306038871002015,-0.015301090922870846,1.0,0.0,0.5,0.001425,"2308.TW,2330.TW,2454.TW",2025,7,3
2025-01-02,0.007361944757324301,0.005926453986045077,0.015306038871002015,-0.015301090922870846,1.0,0.0,0.5,0.001425,"2308.TW,2330.TW,2454.TW,2379.TW,2345.TW",2025,7,5
2025-01-09,-0.053602805314754254,-0.059139228903662966,0.003632165151909783,0.004954789175583678,1.0,1.0,1.0,0.00585,"3017.TW,2609.TW,2603.TW",2025,7,3
2025-01-09,-0.016292827892349985,-0.022047514849179772,0.003632165151909783,0.004954789175583678,1.0,1.0,1.0,0.00585,"3017.TW,2609.TW,2603.TW,2408.TW,2615.TW",2025,7,5
2025-01-09,-0.012013896700471385,-0.0166569229938075,0.003632165151909783,0.004954789175583678,0.8033308420148574,0.8033308420148573,0.8033308420148573,0.004699485425786916,"3017.TW,2609.TW,2603.TW,2408.TW,2615.TW,3037.TW,2327.TW,1301.TW,6669.TW,2345.TW",2025,7,10
2025-01-16,0.015013165233606074,0.00907533821698947,-0.01700498572008069,2.8085515644293844e-05,1.0,1.0000000000000002,1.0,0.005850000000000001,"2884.TW,2892.TW,2412.TW",2025,7,3
2025-01-16,0.0022611609101393926,-0.002443343714480961,-0.01700498572008069,2.8085515644293844e-05,0.8023745268061067,0.8023745268061067,0.8023745268061067,0.004693890981815724,"2884.TW,2892.TW,2412.TW,2609.TW,2891.TW",2025,7,5
2025-01-16,-0.006214074912175594,-0.010335622536366329,-0.01700498572008069,2.8085515644293844e-05,0.7089434833311274,0.7089434833311277,0.7089434833311276,0.004147319377487096,"2884.TW,2892.TW,2412.TW,2609.TW,2891.TW,2886.TW,2603.TW,2881.TW,2615.TW,2382.TW",2025,7,10
2025-02-03,0.020263624229313916,0.014851947486400174,0.019881209916019715,0.010969304818817053,0.9066999210183577,0.9066999210183576,0.9066999210183577,0.005304194537957392,"3231.TW,2408.TW,3711.TW,3017.TW,2308.TW,2330.TW,1301.TW,3037.TW,2345.TW,2382.TW",2025,7,10
2025-02-03,0.02358546171287377,0.017597486761853354,0.019881209916019715,0.010969304818817053,1.0,1.0,1.0,0.00585,"3231.TW,2408.TW,3711.TW,3017.TW,2308.TW",2025,7,5
2025-02-03,0.020989069502382513,0.015016283445793421,0.019881209916019715,0.010969304818817053,1.0,1.0,1.0,0.00585,"3231.TW,2408.TW,3711.TW",2025,7,3
2025-02-10,0.026310791957763497,0.020306873824810445,0.0020252739966468702,0.0288468790463918,1.0,1.0,1.0,0.00585,"3008.TW,3017.TW,2454.TW",2025,7,3
2025-02-10,0.02959319504669857,0.02476482967633009,0.0020252739966468702,0.0288468790463918,0.8016385556384302,0.8016385556384303,0.8016385556384302,0.004689585550484817,"3008.TW,3017.TW,2454.TW,2412.TW,4904.TW,2886.TW,3034.TW,2887.TW,2408.TW,2892.TW",2025,7,10
2025-02-10,0.012592183442763139,0.007853252024250912,0.0020252739966468702,0.0288468790463918,0.8,0.7999999999999999,0.8,0.00468,"3008.TW,3017.TW,2454.TW,2412.TW,4904.TW",2025,7,5
2025-02-17,-0.005803634679654635,-0.009348673127129947,-0.0197068721938225,0.0012987075783126168,0.6095269499458069,0.6095269499458071,0.609526949945807,0.0035657326571829715,"2412.TW,2892.TW,2912.TW,2882.TW,2886.TW,2881.TW,3034.TW,2880.TW,2884.TW,2883.TW",2025,7,10
2025-02-17,-0.0019430748241155093,-0.006623908104374743,-0.0197068721938225,0.0012987075783126168,0.8017002045539221,0.8017002045539221,0.8017002045539221,0.004689946196640444,"2412.TW,2892.TW,2912.TW,2882.TW,2886.TW",2025,7,5
2025-02-17,-0.00038399192884241984,-0.006231745576058767,-0.0197068721938225,0.0012987075783126168,1.0,1.0,1.0,0.00585,"2412.TW,2892.TW,2912.TW",2025,7,3
2025-02-24,0.003277951260330104,-0.0014393870359373784,-0.03092789146397157,-0.009323097993758295,0.80374796808162,0.80374796808162,0.80374796808162,0.004701925613277477,"2885.TW,3017.TW,6669.TW,3711.TW,5876.TW,2891.TW,2880.TW,2345.TW,2881.TW,2207.TW",2025,7,10
2025-02-24,0.015402766632085951,0.009462660447288274,-0.03092789146397157,-0.009323097993758295,1.0,0.9999999999999999,1.0,0.005849999999999999,"2885.TW,3017.TW,6669.TW",2025,7,3
2025-02-24,0.0019102612479023231,-0.003950913780398024,-0.03092789146397157,-0.009323097993758295,1.0,1.0,1.0,0.00585,"2885.TW,3017.TW,6669.TW,3711.TW,5876.TW",2025,7,5
2025-03-04,-0.005130303163360306,-0.009787391391720468,-0.03138288174646908,-0.008024553794256303,0.8001886682955914,0.8001886682955917,0.8001886682955915,0.00468110370952921,"2885.TW,2886.TW,2884.TW,2412.TW,3045.TW,4904.TW,3034.TW,2408.TW,2883.TW,2891.TW",2025,7,10
2025-03-04,-0.018383711882096712,-0.02223844036053957,-0.03138288174646908,-0.008024553794256303,0.6712683489557347,0.6712683489557347,0.6712683489557347,0.003926919841391048,"2885.TW,2886.TW,2884.TW",2025,7,3
2025-03-04,-0.00843281771605322,-0.013073960243432325,-0.03138288174646908,-0.008024553794256303,0.8001048352169998,0.8001048352169998,0.8001048352169998,0.00468061328601945,"2885.TW,2886.TW,2884.TW,2412.TW,3045.TW",2025,7,5
2025-03-11,0.023584080249911966,0.021183981237850258,0.0027457459871229606,0.013618118007609679,0.4008203559544989,0.4008203559544987,0.40082035595449883,0.0023447990823338176,"2412.TW,2883.TW,3045.TW,2408.TW,2886.TW",2025,7,5
2025-03-11,0.017610438669051723,0.015224820418058282,0.0027457459871229606,0.013618118007609679,0.40074077085546855,0.40074077085546866,0.4007407708554686,0.0023443335095044916,"2412.TW,2883.TW,3045.TW,2408.TW,2886.TW,2887.TW,4904.TW,6669.TW,5876.TW,2345.TW",2025,7,10
2025-03-11,0.0021148477578974605,-0.003747524101486377,0.0027457459871229606,0.013618118007609679,1.0,1.0,1.0,0.00585,"2412.TW,2883.TW,3045.TW",2025,7,3
2025-03-18,-0.0010803378658035601,-0.0034459923886348554,0.014238645932797667,-0.008633980379976387,0.4048227338464804,0.40482273384648026,0.4048227338464803,0.0023682129930019096,"2412.TW,2884.TW,2887.TW,3045.TW,2886.TW,2880.TW,5876.TW,1216.TW,2408.TW,2891.TW",2025,7,10
2025-03-18,-0.00015295108280895709,-0.004052354573586103,0.014238645932797667,-0.008633980379976387,0.6666666666666666,0.6666666666666667,0.6666666666666667,0.0039000000000000003,"2412.TW,2884.TW,2887.TW",2025,7,3
2025-03-18,-0.0010942918228916021,-0.0034875201499899866,0.014238645932797667,-0.008633980379976387,0.40954702329173864,0.4095470232917387,0.40954702329173864,0.0023958500862566712,"2412.TW,2884.TW,2887.TW,3045.TW,2886.TW",2025,7,5
2025-03-25,-0.022944261087127146,-0.02581759539294126,-0.045086321575087296,-0.037729425839128194,0.5027023923431659,0.5027023923431659,0.5027023923431659,0.002940808995207521,"5876.TW,2880.TW,2884.TW,2408.TW,2887.TW,1102.TW,1303.TW,3037.TW,2002.TW,2303.TW",2025,7,10
2025-03-25,-0.022523011772654523,-0.02596417124543493,-0.045086321575087296,-0.037729425839128194,0.6017864313882579,0.6017864313882578,0.6017864313882579,0.0035204506236213087,"5876.TW,2880.TW,2884.TW,2408.TW,2887.TW",2025,7,5
2025-03-25,-0.006428133759858215,-0.010322177581658543,-0.045086321575087296,-0.037729425839128194,0.6699550773976721,0.669955077397672,0.6699550773976721,0.0039192372027763815,"5876.TW,2880.TW,2884.TW",2025,7,3
2025-04-01,-0.03308408231560663,-0.036855054394575815,-0.11082836583496414,-0.11242579667714553,0.6666666666666666,0.6666666666666667,0.6666666666666667,0.0039000000000000003,"3034.TW,5876.TW,2412.TW",2025,7,3
2025-04-01,-0.03219966438913573,-0.03672896995979458,-0.11082836583496414,-0.11242579667714553,0.8,0.7999999999999999,0.8,0.00468,"3034.TW,5876.TW,2412.TW,4904.TW,1102.TW",2025,7,5
2025-04-01,-0.047326829389040134,-0.05122802602269194,-0.11082836583496414,-0.11242579667714553,0.7,0.7000000000000001,0.7,0.0040950000000000005,"3034.TW,5876.TW,2412.TW,4904.TW,1102.TW,3045.TW,2886.TW,2880.TW,3017.TW,2207.TW",2025,7,10
2025-04-10,0.11486583808164659,0.10834387292886882,0.02639101819088996,0.05864799643437367,1.0,1.0,1.0,0.00585,"3017.TW,3037.TW,2345.TW",2025,7,3
2025-04-10,0.12763440294798212,0.12103774169073644,0.02639101819088996,0.05864799643437367,1.0,1.0,1.0,0.00585,"3017.TW,3037.TW,2345.TW,2317.TW,2357.TW",2025,7,5
2025-04-10,0.14829548029272116,0.14213398814238243,0.02639101819088996,0.05864799643437367,0.9172260446038937,0.9172260446038938,0.9172260446038938,0.005365772360932779,"3017.TW,3037.TW,2345.TW,2317.TW,2357.TW,3231.TW,9910.TW,2615.TW,3008.TW,2382.TW",2025,7,10
2025-04-17,0.07152229996530819,0.06525389451051122,0.029739828839798088,0.015874655139911792,1.0,0.9999999999999998,0.9999999999999999,0.005849999999999999,"2408.TW,3711.TW,2395.TW,1590.TW,2308.TW",2025,7,5
2025-04-17,0.05333630240734679,0.04897111721593883,0.029739828839798088,0.015874655139911792,0.7084019615572216,0.7084019615572212,0.7084019615572215,0.004144151475109745,"2408.TW,3711.TW,2395.TW,1590.TW,2308.TW,2317.TW,2454.TW,3037.TW,2345.TW,5871.TW",2025,7,10
2025-04-17,0.09566725252802266,0.08925759910073361,0.029739828839798088,0.015874655139911792,1.0,1.0,1.0,0.00585,"2408.TW,3711.TW,2395.TW",2025,7,3
2025-04-24,0.024944685009228557,0.021275210109406473,0.050541484889567334,0.027581170741967583,0.6119946527949405,0.6119946527949405,0.6119946527949405,0.003580168718850402,"1590.TW,2317.TW,3711.TW,1301.TW,2454.TW",2025,7,5
2025-04-24,0.028057737908070788,0.025588639294874316,0.050541484889567334,0.027581170741967583,0.4105490610544736,0.41054906105447364,0.41054906105447364,0.002401712007168671,"1590.TW,2317.TW,3711.TW,1301.TW,2454.TW,2327.TW,3008.TW,2308.TW,2395.TW,1326.TW",2025,7,10
2025-04-24,0.05443771890199078,0.0502681128178013,0.050541484889567334,0.027581170741967583,0.6759556908934432,0.6759556908934432,0.6759556908934432,0.003954340791726643,"1590.TW,2317.TW,3711.TW",2025,7,3
2025-05-02,0.004109562496837117,-0.0006724471461736492,0.0051547011189161385,0.022101778222061056,0.8140919839276697,0.8140919839276698,0.8140919839276697,0.004762438105976869,"2454.TW,2408.TW,2379.TW,2395.TW,1326.TW",2025,7,5
2025-05-02,-0.0037748846985348194,-0.009602801623048385,0.0051547011189161385,0.022101778222061056,1.0,1.0,1.0,0.00585,"2454.TW,2408.TW,2379.TW",2025,7,3
2025-05-02,0.017941206018133496,0.014295108763955566,0.0051547011189161385,0.022101778222061056,0.6122794560322999,0.6122794560322999,0.6122794560322999,0.003581834817788955,"2454.TW,2408.TW,2379.TW,2395.TW,1326.TW,2618.TW,3008.TW,2002.TW,2892.TW,2886.TW",2025,7,10
2025-05-09,0.058370428359728194,0.05276848069334372,0.040740581699667766,0.0383900087020508,0.9047851924337513,0.9047851924337513,0.9047851924337513,0.005292993375737446,"2408.TW,2881.TW,3231.TW,3045.TW,2912.TW,3034.TW,2345.TW,3017.TW,5880.TW,1590.TW",2025,7,10
2025-05-09,0.07484394814034226,0.06976999553568342,0.040740581699667766,0.0383900087020508,0.8069472104144475,0.8069472104144473,0.8069472104144474,0.004720641180924517,"2408.TW,2881.TW,3231.TW,3045.TW,2912.TW",2025,7,5
2025-05-09,0.1285349919634156,0.12407407545385518,0.040740581699667766,0.0383900087020508,0.6756988805171076,0.6756988805171077,0.6756988805171076,0.00395283845102508,"2408.TW,2881.TW,3231.TW",2025,7,3
2025-05-16,-0.010035800872002445,-0.014701865158978644,-0.010949863105402136,-0.0009612221189705062,0.8057037088170663,0.8057037088170663,0.8057037088170663,0.004713366696579838,"2002.TW,1101.TW,5876.TW,1326.TW,1102.TW,5880.TW,2884.TW,2412.TW,3017.TW,2880.TW",2025,7,10
2025-05-16,-0.01575950276935092,-0.021517309678150243,-0.010949863105402136,-0.0009612221189705062,1.0,1.0,1.0,0.00585,"2002.TW,1101.TW,5876.TW,1326.TW,1102.TW",2025,7,5
2025-05-16,-0.01119862499704053,-0.016983113040807796,-0.010949863105402136,-0.0009612221189705062,1.0,1.0,1.0,0.00585,"2002.TW,1101.TW,5876.TW",2025,7,3
2025-05-23,-0.002116268890125084,-0.007953888717117885,-0.017436959274745867,-0.020311671670162772,1.0,1.0,1.0,0.00585,"6669.TW,2609.TW,1216.TW,2303.TW,2345.TW",2025,7,5
2025-05-23,0.0018448901351117977,-0.004015902472178645,-0.017436959274745867,-0.020311671670162772,1.0,1.0,1.0,0.00585,"6669.TW,2609.TW,1216.TW",2025,7,3
2025-05-23,-0.005056335040330229,-0.00913062934833997,-0.017436959274745867,-0.020311671670162772,0.7,0.7,0.7,0.004095,"6669.TW,2609.TW,1216.TW,2303.TW,2345.TW,5876.TW,3017.TW,2603.TW,2379.TW,1101.TW",2025,7,10
2025-06-02,0.010253236931580756,0.00434325549553094,0.041690020949883166,0.01842737597570123,1.0,1.0,1.0,0.00585,"2892.TW,2883.TW,3037.TW",2025,7,3
2025-06-02,0.021906909003435948,0.015928753585765953,0.041690020949883166,0.01842737597570123,1.0,1.0,1.0,0.00585,"2892.TW,2883.TW,3037.TW,2887.TW,9910.TW",2025,7,5
2025-06-02,0.0036220375161085,-0.0010749136194669884,0.041690020949883166,0.01842737597570123,0.7999999999999999,0.8000000000000002,0.8,0.00468,"2892.TW,2883.TW,3037.TW,2887.TW,9910.TW,2345.TW,2615.TW,2379.TW,3034.TW,2207.TW",2025,7,10
2025-06-09,0.02090302774227003,0.01722339271303497,0.020281233768452367,0.01633911742716517,0.6161186947264554,0.6161186947264554,0.6161186947264554,0.0036042943641497642,"2609.TW,2408.TW,3037.TW,2615.TW,2603.TW,2884.TW,2887.TW,3017.TW,2618.TW,2207.TW",2025,7,10
2025-06-09,0.021009269069010385,0.016978425831683186,0.020281233768452367,0.01633911742716517,0.6748548254121475,0.6748548254121476,0.6748548254121476,0.003947900728661064,"2609.TW,2408.TW,3037.TW",2025,7,3
2025-06-09,0.02222144492282494,0.01739476551104646,0.020281233768452367,0.01633911742716517,0.8071376391297356,0.8071376391297356,0.8071376391297356,0.004721755188908953,"2609.TW,2408.TW,3037.TW,2615.TW,2603.TW",2025,7,5
2025-06-16,0.0076565181279673305,0.0029303473523514256,0.002915527786836014,-0.011626996028212449,0.8017537977892875,0.8017537977892873,0.8017537977892875,0.004690259717067331,"2408.TW,2618.TW,5880.TW,9910.TW,2912.TW",2025,7,5
2025-06-16,0.029289529627113658,0.02526006211282472,0.002915527786836014,-0.011626996028212449,0.6691973889406486,0.6691973889406485,0.6691973889406486,0.003914804725302794,"2408.TW,2618.TW,5880.TW",2025,7,3
2025-06-16,0.0012966485252076244,-0.002830719445765739,0.002915527786836014,-0.011626996028212449,0.7046193428594388,0.7046193428594388,0.7046193428594388,0.004122023155727717,"2408.TW,2618.TW,5880.TW,9910.TW,2912.TW,2884.TW,1590.TW,2880.TW,2395.TW,2317.TW",2025,7,10
2025-06-23,0.020014142331463775,0.014047059598824685,0.02283295374435812,0.007916826624016422,1.0,1.0,1.0,0.00585,"2330.TW,2357.TW,3008.TW",2025,7,3
2025-06-23,0.018788101419308957,0.013994994559720197,0.02283295374435812,0.007916826624016422,0.8042246515945299,0.8042246515945299,0.8042246515945299,0.004704714211828,"2330.TW,2357.TW,3008.TW,2303.TW,2892.TW,2379.TW,9910.TW,2884.TW,2885.TW,2615.TW",2025,7,10
2025-06-23,0.024837404244454932,0.018842105429624834,0.02283295374435812,0.007916826624016422,1.0,1.0000000000000002,1.0,0.005850000000000001,"2330.TW,2357.TW,3008.TW,2303.TW,2892.TW",2025,7,5
2025-06-30,0.005326241433786983,-1.3236250182346865e-05,0.0014469668313497053,0.00487501940889558,0.907895557095193,0.9078955570951931,0.907895557095193,0.0053111890090068795,"2615.TW,2408.TW,2603.TW,2454.TW,1303.TW,5876.TW,2883.TW,3045.TW,5880.TW,2412.TW",2025,7,10
2025-06-30,-0.028726025024729797,-0.03440797777833515,0.0014469668313497053,0.00487501940889558,1.0,1.0,1.0,0.00585,"2615.TW,2408.TW,2603.TW",2025,7,3
2025-06-30,-0.00017927178556238592,-0.006028223045616898,0.0014469668313497053,0.00487501940889558,1.0,1.0,1.0,0.00585,"2615.TW,2408.TW,2603.TW,2454.TW,1303.TW",2025,7,5
2025-07-07,0.011720125656284443,0.006966483915388233,0.018575810605574228,0.006302252973970608,0.8031750196231453,0.8031750196231454,0.8031750196231453,0.004698573864795401,"4904.TW,2345.TW,1102.TW,3045.TW,3008.TW,2412.TW,3037.TW,2885.TW,1301.TW,1590.TW",2025,7,10
2025-07-07,-0.009487691178332109,-0.015282188184938872,0.018575810605574228,0.006302252973970608,1.0,1.0,1.0,0.00585,"4904.TW,2345.TW,1102.TW",2025,7,3
2025-07-07,-0.002445374168566894,-0.008281068729680818,0.018575810605574228,0.006302252973970608,1.0,1.0,1.0,0.00585,"4904.TW,2345.TW,1102.TW,3045.TW,3008.TW",2025,7,5
2025-07-14,0.028436941411518604,0.024190439142944387,0.03867606057640072,0.01905185534949511,0.7058262830306703,0.7058262830306704,0.7058262830306703,0.004129083755729422,"6669.TW,2382.TW,2357.TW,2345.TW,3231.TW,3037.TW,1102.TW,3034.TW,2330.TW,2408.TW",2025,7,10
2025-07-14,0.022789412860095972,0.01800275840791077,0.03867606057640072,0.01905185534949511,0.8,0.8,0.8,0.00468,"6669.TW,2382.TW,2357.TW,2345.TW,3231.TW",2025,7,5
2025-07-14,0.021749090102443153,0.015771857925343857,0.03867606057640072,0.01905185534949511,1.0,1.0,1.0,0.00585,"6669.TW,2382.TW,2357.TW",2025,7,3
2025-07-21,-0.004256125828772295,-0.00896343303932623,0.002946895142775352,0.010189449832468894,0.8081073056158261,0.8081073056158261,0.8081073056158261,0.004727427737852583,"2884.TW,2603.TW,2892.TW,5876.TW,2408.TW,5880.TW,2882.TW,3034.TW,3017.TW,2885.TW",2025,7,10
2025-07-21,-0.0072432864898793,-0.0130509132639135,0.002946895142775352,0.010189449832468894,1.0,1.0,1.0,0.00585,"2884.TW,2603.TW,2892.TW",2025,7,3
2025-07-21,-0.003439296181683105,-0.009269176299020354,0.002946895142775352,0.010189449832468894,1.0,1.0,1.0,0.00585,"2884.TW,2603.TW,2892.TW,5876.TW,2408.TW",2025,7,5
2025-07-28,0.012063790489971016,0.007907505671320925,0.0009794613602120972,0.005417199441851388,0.7020071699552611,0.7020071699552614,0.7020071699552612,0.004106741944238278,"1216.TW,2892.TW,2912.TW,5880.TW,2887.TW,2395.TW,2884.TW,2891.TW,3008.TW,2880.TW",2025,7,10
2025-07-28,0.014404998358072777,0.01044881886447624,0.0009794613602120972,0.005417199441851388,0.6666666666666666,0.6666666666666667,0.6666666666666667,0.0039000000000000003,"1216.TW,2892.TW,2912.TW",2025,7,3
2025-07-28,0.01619272397511413,0.01143694202691048,0.0009794613602120972,0.005417199441851388,0.8,0.8,0.8,0.00468,"1216.TW,2892.TW,2912.TW,5880.TW,2887.TW",2025,7,5
2025-08-05,0.04188258408338314,0.037580634854955886,0.04011740944826747,0.02637272480844658,0.7058145972660376,0.7058145972660377,0.7058145972660377,0.00412901539400632,"2886.TW,1303.TW,3711.TW,1301.TW,3037.TW,5880.TW,2892.TW,2395.TW,2207.TW,1326.TW",2025,7,10
2025-08-05,0.059800421543653615,0.05360058907762322,0.04011740944826747,0.02637272480844658,1.0,1.0,1.0,0.00585,"2886.TW,1303.TW,3711.TW",2025,7,3
2025-08-05,0.05634446700224766,0.05016485187028463,0.04011740944826747,0.02637272480844658,1.0,1.0,1.0,0.00585,"2886.TW,1303.TW,3711.TW,1301.TW,3037.TW",2025,7,5
2025-08-12,-0.0026735938562862634,-0.007393460286732267,-0.01128882948891552,-0.010737518089411915,0.8089776521157699,0.8089776521157701,0.80897765211577,0.004732519264877255,"2880.TW,5880.TW,2357.TW,2382.TW,2395.TW,2912.TW,2891.TW,2884.TW,2412.TW,2379.TW",2025,7,10
2025-08-12,-0.01947140361383777,-0.025207495902696886,-0.01128882948891552,-0.010737518089411915,1.0,1.0,1.0,0.00585,"2880.TW,5880.TW,2357.TW,2382.TW,2395.TW",2025,7,5
2025-08-12,-0.005183652957306865,-0.011003328587506633,-0.01128882948891552,-0.010737518089411915,1.0,1.0,1.0,0.00585,"2880.TW,5880.TW,2357.TW",2025,7,3
2025-08-19,0.015380623038660314,0.009440646393884311,0.008563329245323992,0.0013274371751049174,0.9999999999999999,0.9999999999999999,0.9999999999999999,0.005849999999999999,"1303.TW,2345.TW,3017.TW,2308.TW,6669.TW,2618.TW,1101.TW,2881.TW,5876.TW,2408.TW",2025,7,10
2025-08-19,0.03766986117867797,0.03159949249078253,0.008563329245323992,0.0013274371751049174,1.0,1.0,1.0,0.00585,"1303.TW,2345.TW,3017.TW,2308.TW,6669.TW",2025,7,5
2025-08-19,0.044480534306366636,0.03837032318067424,0.008563329245323992,0.0013274371751049174,1.0,0.9999999999999999,1.0,0.005849999999999999,"1303.TW,2345.TW,3017.TW",2025,7,3
2025-08-26,0.004586330375724127,-0.0012904996569739202,-0.0207547290112029,-0.015009407041419953,1.0,1.0,1.0,0.00585,"2412.TW,2887.TW,2002.TW",2025,7,3
2025-08-26,0.01214555519912286,0.006801020834018789,-0.0207547290112029,-0.015009407041419953,0.9026326433719303,0.9026326433719304,0.9026326433719303,0.005280400963725793,"2412.TW,2887.TW,2002.TW,2885.TW,4904.TW,2883.TW,2884.TW,2881.TW,2882.TW,2880.TW",2025,7,10
2025-08-26,0.00662192479746475,0.0007331865373996216,-0.0207547290112029,-0.015009407041419953,1.0,0.9999999999999999,1.0,0.005849999999999999,"2412.TW,2887.TW,2002.TW,2885.TW,4904.TW",2025,7,5
2025-09-02,0.06925323420131271,0.06299810278123519,0.04816962364594679,0.024435238883265677,1.0,1.0,1.0,0.00585,"1303.TW,3037.TW,2308.TW,1326.TW,2408.TW",2025,7,5
2025-09-02,0.045476689437743925,0.03994999539405808,0.04816962364594679,0.024435238883265677,0.9036394920194405,0.9036394920194405,0.9036394920194405,0.0052862910283137275,"1303.TW,3037.TW,2308.TW,1326.TW,2408.TW,2327.TW,2002.TW,1301.TW,2317.TW,3017.TW",2025,7,10
2025-09-02,0.05752501219532672,0.05133849087398401,0.04816962364594679,0.024435238883265677,1.0,1.0,1.0,0.00585,"1303.TW,3037.TW,2308.TW",2025,7,3
2025-09-09,-0.007309241393684895,-0.01201871871025817,0.04044109960643638,0.01168329500622646,0.810966406763073,0.810966406763073,0.810966406763073,0.004744153479563977,"3017.TW,2883.TW,2880.TW,2618.TW,1216.TW,3008.TW,1303.TW,2912.TW,4904.TW,2884.TW",2025,7,10
2025-09-09,0.016052492963399424,0.010108585879563536,0.04044109960643638,0.01168329500622646,1.0,1.0,1.0,0.00585,"3017.TW,2883.TW,2880.TW",2025,7,3
2025-09-09,0.0007956581327657644,-0.0050589964673110055,0.04044109960643638,0.01168329500622646,1.0,1.0,1.0,0.00585,"3017.TW,2883.TW,2880.TW,2618.TW,1216.TW",2025,7,5
2025-09-16,0.027406373346924216,0.02259510270425391,0.03710255199518575,0.017497765500229585,0.8005006075816786,0.8005006075816785,0.8005006075816785,0.00468292855435282,"1303.TW,3008.TW,2880.TW,1590.TW,4904.TW",2025,7,5
2025-09-16,0.022800280906433913,0.020364446968531125,0.03710255199518575,0.017497765500229585,0.4070998781482189,0.40709987814821885,0.4070998781482189,0.0023815342871670803,"1303.TW,3008.TW,2880.TW,1590.TW,4904.TW,2308.TW,2892.TW,1301.TW,2912.TW,2884.TW",2025,7,10
2025-09-16,0.03254621990502504,0.028484091766733277,0.03710255199518575,0.017497765500229585,0.6724937489038881,0.6724937489038882,0.6724937489038882,0.003934088431087747,"1303.TW,3008.TW,2880.TW",2025,7,3
2025-09-23,0.033028208654644974,0.028161395753401264,0.00511069023784394,0.006204393494016398,0.8053350550377454,0.8053350550377453,0.8053350550377454,0.00471121007197081,"2454.TW,2308.TW,2408.TW,9910.TW,2880.TW",2025,7,5
2025-09-23,0.0011291296751359077,-0.0029927362885477926,0.00511069023784394,0.006204393494016398,0.7037977934506799,0.7037977934506798,0.7037977934506798,0.004117217091686477,"2454.TW,2308.TW,2408.TW,9910.TW,2880.TW,2615.TW,2885.TW,2603.TW,2892.TW,2379.TW",2025,7,10
2025-09-23,-0.007597585252376822,-0.013403139378650453,0.00511069023784394,0.006204393494016398,1.0,1.0,1.0,0.00585,"2454.TW,2308.TW,2408.TW",2025,7,3
2025-10-01,0.05204215688561096,0.04709410232947597,0.01525423224688871,-0.0009019342537163477,0.803980416669716,0.803980416669716,0.803980416669716,0.0047032854375178386,"2408.TW,2327.TW,2379.TW,3711.TW,3034.TW",2025,7,5
2025-10-01,0.07062415544141125,0.06644872123518986,0.01525423224688871,-0.0009019342537163477,0.6666666666666666,0.6666666666666667,0.6666666666666667,0.0039000000000000003,"2408.TW,2327.TW,2379.TW",2025,7,3
2025-10-01,0.023857649600085705,0.020199447081347355,0.01525423224688871,-0.0009019342537163477,0.6107624083593497,0.6107624083593496,0.6107624083593497,0.0035729600889021955,"2408.TW,2327.TW,2379.TW,3711.TW,3034.TW,5871.TW,2885.TW,2454.TW,2303.TW,2886.TW",2025,7,10
2025-10-09,0.09325797684511324,0.08887090707672018,0.04090145842430859,0.030150365459103535,0.6859556225692041,0.685955622569204,0.6859556225692041,0.004012840392029844,"2892.TW,6669.TW,2327.TW",2025,7,3
2025-10-09,0.03249730161302178,0.02820638260076569,0.04090145842430859,0.030150365459103535,0.7104042095796486,0.7104042095796487,0.7104042095796486,0.004155864626040945,"2892.TW,6669.TW,2327.TW,3231.TW,5880.TW,5871.TW,2382.TW,2886.TW,2618.TW,2002.TW",2025,7,10
2025-10-09,0.05341091898488031,0.04843014501097476,0.04090145842430859,0.030150365459103535,0.8082452338108002,0.8082452338108004,0.8082452338108003,0.004728234617793182,"2892.TW,6669.TW,2327.TW,3231.TW,5880.TW",2025,7,5
2025-10-17,0.031100630083443447,0.025068691397455378,0.019246265641791105,0.016692269029702892,0.9999999999999999,0.9999999999999999,0.9999999999999999,0.005849999999999999,"2345.TW,2308.TW,9910.TW,3017.TW,2885.TW,2882.TW,1590.TW,2379.TW,2408.TW,3008.TW",2025,7,10
2025-10-17,0.024403847013024095,0.018411084507997888,0.019246265641791105,0.016692269029702892,1.0,1.0,1.0,0.00585,"2345.TW,2308.TW,9910.TW,3017.TW,2885.TW",2025,7,5
2025-10-17,0.014446493732828764,0.008511981744491637,0.019246265641791105,0.016692269029702892,1.0,1.0,1.0,0.00585,"2345.TW,2308.TW,9910.TW",2025,7,3
2025-10-27,-0.015418835417512582,-0.021178635230320153,0.014948759032226588,0.004335648376538084,1.0,0.9999999999999998,0.9999999999999999,0.005849999999999999,"2884.TW,2618.TW,2880.TW",2025,7,3
2025-10-27,-0.0011412496515949447,-0.0058615315415948555,0.014948759032226588,0.004335648376538084,0.8078077034224684,0.8078077034224685,0.8078077034224684,0.004725675065021442,"2884.TW,2618.TW,2880.TW,6669.TW,2379.TW,2615.TW,3045.TW,2412.TW,2881.TW,2882.TW",2025,7,10
2025-10-27,-0.0031751314350073386,-0.009006556916112629,0.014948759032226588,0.004335648376538084,1.0,1.0,1.0,0.00585,"2884.TW,2618.TW,2880.TW,6669.TW,2379.TW",2025,7,5
2025-11-03,0.03371810331286738,0.02767085240848699,-0.013178244841469455,-0.0036147433072815562,1.0,1.0,1.0,0.00585,"3231.TW,2357.TW,2308.TW,2408.TW,1326.TW",2025,7,5
2025-11-03,-0.014566833185531461,-0.02033161721139609,-0.013178244841469455,-0.0036147433072815562,1.0,1.0,1.0,0.00585,"3231.TW,2357.TW,2308.TW",2025,7,3
2025-11-03,0.014944257104613048,0.009579782500671596,-0.013178244841469455,-0.0036147433072815562,0.9035020390360504,0.9035020390360506,0.9035020390360505,0.005285486928360896,"3231.TW,2357.TW,2308.TW,2408.TW,1326.TW,1301.TW,2454.TW,2317.TW,2382.TW,2379.TW",2025,7,10
2025-11-10,-0.020891448415031138,-0.02661923344180317,-0.03692065360806607,-0.013000849127944898,0.9999999999999999,1.0,1.0,0.00585,"2327.TW,3711.TW,4904.TW,2345.TW,2880.TW,6669.TW,3045.TW,2609.TW,2615.TW,2603.TW",2025,7,10
2025-11-10,-0.03882273864491577,-0.04444562562384302,-0.03692065360806607,-0.013000849127944898,1.0,1.0,1.0,0.00585,"2327.TW,3711.TW,4904.TW",2025,7,3
2025-11-10,-0.031489652257744874,-0.037155437792037116,-0.03692065360806607,-0.013000849127944898,1.0,1.0,1.0,0.00585,"2327.TW,3711.TW,4904.TW,2345.TW,2880.TW",2025,7,5
2025-11-17,-0.00762666080595187,-0.013432044840237078,-0.009787916731649027,0.0018038253934506087,1.0,1.0,1.0,0.00585,"3017.TW,2881.TW,2882.TW,2885.TW,2883.TW",2025,7,5
2025-11-17,-0.008590155749164396,-0.013251123209411575,-0.009787916731649027,0.0018038253934506087,0.8036500535288547,0.8036500535288547,0.8036500535288547,0.0047013528131437995,"3017.TW,2881.TW,2882.TW,2885.TW,2883.TW,2408.TW,2327.TW,1102.TW,3711.TW,1590.TW",2025,7,10
2025-11-17,-0.018015685955520312,-0.023760294192680553,-0.009787916731649027,0.0018038253934506087,1.0,1.0,1.0,0.00585,"3017.TW,2881.TW,2882.TW",2025,7,3
2025-11-24,0.029180765257785124,0.023160057781027144,0.018121896133772797,0.02053152079556704,1.0,0.9999999999999998,0.9999999999999999,0.005849999999999999,"1303.TW,5880.TW,2412.TW,6669.TW,2408.TW",2025,7,5
2025-11-24,6.742385584243994e-05,-0.0052339908003415925,0.018121896133772797,0.02053152079556704,0.9061636305068297,0.9061636305068297,0.9061636305068297,0.005301057238464953,"1303.TW,5880.TW,2412.TW,6669.TW,2408.TW,4904.TW,2317.TW,2892.TW,2891.TW,2207.TW",2025,7,10
2025-11-24,0.019480862938847023,0.013516899890654743,0.018121896133772797,0.02053152079556704,1.0,1.0,1.0,0.00585,"1303.TW,5880.TW,2412.TW",2025,7,3
2025-12-01,0.025828095795829155,0.019827001435423597,0.03236244188059145,0.012224120418322111,1.0,0.9999999999999999,1.0,0.005849999999999999,"3017.TW,2207.TW,2327.TW",2025,7,3
2025-12-01,0.027781786134163978,0.024715065473690068,0.03236244188059145,0.012224120418322111,0.51005550107964,0.5100555010796402,0.5100555010796402,0.0029838246813158947,"3017.TW,2207.TW,2327.TW,1590.TW,2317.TW,2330.TW,1303.TW,5880.TW,2412.TW,2880.TW",2025,7,10
2025-12-01,0.03614233415351129,0.03008090149871312,0.03236244188059145,0.012224120418322111,1.0,1.0,1.0,0.00585,"3017.TW,2207.TW,2327.TW,1590.TW,2317.TW",2025,7,5
2025-12-08,-0.03139831643763365,-0.03706463628647361,-0.02664578915785254,-0.0070864096395593075,1.0,0.9999999999999998,0.9999999999999999,0.005849999999999999,"1303.TW,3008.TW,2912.TW",2025,7,3
2025-12-08,0.0006656030835744918,-0.004040012729244924,-0.02664578915785254,-0.0070864096395593075,0.8038437305563684,0.8038437305563684,0.8038437305563684,0.004702485823754755,"1303.TW,3008.TW,2912.TW,9910.TW,5880.TW,2891.TW,2382.TW,1102.TW,2357.TW,2345.TW",2025,7,10
2025-12-08,-0.020814179012883918,-0.02654241606565866,-0.02664578915785254,-0.0070864096395593075,1.0,1.0,1.0,0.00585,"1303.TW,3008.TW,2912.TW,9910.TW,5880.TW",2025,7,5
2025-12-15,0.01942322662252607,0.013459600746784206,0.022544330867990237,0.020889488660054703,0.9999999999999999,1.0,1.0,0.00585,"3711.TW,6669.TW,2327.TW,2330.TW,3017.TW,3037.TW,3231.TW,2379.TW,2454.TW,2887.TW",2025,7,10
2025-12-15,0.02326262764688647,0.017276541275152102,0.022544330867990237,0.020889488660054703,1.0,1.0,1.0,0.00585,"3711.TW,6669.TW,2327.TW,2330.TW,3017.TW",2025,7,5
2025-12-15,0.00017554026631568442,-0.0056754866442422225,0.022544330867990237,0.020889488660054703,1.0,1.0,1.0,0.00585,"3711.TW,6669.TW,2327.TW",2025,7,3
2025-12-22,0.008684958234234503,0.0027841512285642356,0.025196869937415878,0.007078873242424815,1.0,1.0,1.0,0.00585,"2345.TW,2884.TW,2880.TW",2025,7,3
2025-12-22,-0.0020073824018477238,-0.006729914669287851,0.025196869937415878,0.007078873242424815,0.8088942331151963,0.8088942331151961,0.8088942331151963,0.004732031263723898,"2345.TW,2884.TW,2880.TW,2207.TW,5880.TW,3037.TW,2603.TW,2885.TW,2881.TW,2379.TW",2025,7,10
2025-12-22,-0.001484840118542996,-0.007326153803849489,0.025196869937415878,0.007078873242424815,1.0,1.0,1.0,0.00585,"2345.TW,2884.TW,2880.TW,2207.TW,5880.TW",2025,7,5
2025-12-30,0.009435447147595255,0.0035302497817817358,0.06989250862734986,0.02654082036243807,1.0,0.9999999999999998,0.9999999999999999,0.005849999999999999,"2412.TW,2885.TW,2618.TW",2025,7,3
2025-12-30,0.01738265177389549,0.011430963261018112,0.06989250862734986,0.02654082036243807,1.0,1.0,1.0,0.00585,"2412.TW,2885.TW,2618.TW,2886.TW,1301.TW",2025,7,5
2025-12-30,0.024499621271844046,0.02028728856769524,0.06989250862734986,0.02654082036243807,0.7028376170702457,0.7028376170702457,0.7028376170702457,0.004111600059860937,"2412.TW,2885.TW,2618.TW,2886.TW,1301.TW,5880.TW,1303.TW,2883.TW,2881.TW,3034.TW",2025,7,10
2026-01-02,0.03133849240328335,0.029868835051608755,0.03524243809197891,0.014319902314377774,1.0,0.0,0.5,0.001425,"1303.TW,9910.TW,1326.TW,5871.TW,2408.TW",2026,7,5
2026-01-02,0.026118902339036902,0.024656682903203775,0.03524243809197891,0.014319902314377774,1.0,0.0,0.5,0.001425,"1303.TW,9910.TW,1326.TW",2026,7,3
2026-01-02,0.022644419292809446,0.021187150995317205,0.03524243809197891,0.014319902314377774,0.9999999999999999,0.0,0.49999999999999994,0.0014249999999999998,"1303.TW,9910.TW,1326.TW,5871.TW,2408.TW,3034.TW,2885.TW,2002.TW,3017.TW,1101.TW",2026,7,10
2026-01-09,0.035287521525411265,0.030997921415405916,0.01702117147594251,0.01582844441723115,0.7082718190101541,0.7082718190101542,0.7082718190101542,0.004143390141209402,"1303.TW,6669.TW,3231.TW,9910.TW,2345.TW,2408.TW,3008.TW,2454.TW,2317.TW,2327.TW",2026,7,10
2026-01-09,-0.0015659365961450985,-0.00517610184945394,0.01702117147594251,0.01582844441723115,0.6180901555171161,0.618090155517116,0.6180901555171161,0.003615827409775129,"1303.TW,6669.TW,3231.TW,9910.TW,2345.TW",2026,7,5
2026-01-09,0.009745902353956556,0.005807893334776049,0.01702117147594251,0.01582844441723115,0.6666666666666666,0.6666666666666666,0.6666666666666666,0.0039,"1303.TW,6669.TW,3231.TW",2026,7,3
2026-01-16,-0.0013425577327686898,-0.0050206104001215834,0.02189342338326461,0.012594810953149363,0.6295721886945204,0.6295721886945205,0.6295721886945205,0.0036829973038629447,"2408.TW,6669.TW,3017.TW,2357.TW,9910.TW,2379.TW,1326.TW,2609.TW,2615.TW,3231.TW",2026,7,10
2026-01-16,0.0027391736246401566,-0.0009535588969928899,0.02189342338326461,0.012594810953149363,0.6295119858562032,0.6295119858562033,0.6295119858562033,0.003682645117258789,"2408.TW,6669.TW,3017.TW,2357.TW,9910.TW",2026,7,5
2026-01-16,0.01594674079142344,0.011735009293624366,0.02189342338326461,0.012594810953149363,0.7086533902623604,0.7086533902623604,0.7086533902623604,0.004145622333034809,"2408.TW,6669.TW,3017.TW",2026,7,3
2026-01-23,-0.014444533791714554,-0.018494379247407156,-0.009688494563912298,-0.0005802410522033741,0.7024275124167221,0.7024275124167222,0.7024275124167221,0.0041092009476378245,"1303.TW,2408.TW,2303.TW,2327.TW,6669.TW,2379.TW,2345.TW,3037.TW,2317.TW,2382.TW",2026,7,10
2026-01-23,-0.026889993247886056,-0.03032367899824784,-0.009688494563912298,-0.0005802410522033741,0.6031741787145963,0.6031741787145963,0.6031741787145963,0.0035285689454803886,"1303.TW,2408.TW,2303.TW,2327.TW,6669.TW",2026,7,5
2026-01-23,-0.0004788996640243681,-0.004377031955334676,-0.009688494563912298,-0.0005802410522033741,0.6666666666666666,0.6666666666666667,0.6666666666666667,0.0039000000000000003,"1303.TW,2408.TW,2303.TW",2026,7,3
2026-01-30,0.01978074985737157,0.01497240938571176,0.03494052237854017,0.014648451494503317,0.805995349764193,0.8059953497641928,0.805995349764193,0.004715072796120529,"2303.TW,2345.TW,3037.TW,2379.TW,3034.TW",2026,7,5
2026-01-30,0.0011266989630561593,-0.0013118272215332238,0.03494052237854017,0.014648451494503317,0.41637295585817,0.41637295585816997,0.41637295585817,0.0024357817917702944,"2303.TW,2345.TW,3037.TW,2379.TW,3034.TW,1303.TW,2408.TW,1301.TW,2308.TW,1326.TW",2026,7,10
2026-01-30,0.040692967160289764,0.036521415613003594,0.03494052237854017,0.014648451494503317,0.685202799558293,0.685202799558293,0.685202799558293,0.004008436377416014,"2303.TW,2345.TW,3037.TW",2026,7,3
2026-02-06,0.08087952031164815,0.07700067864916704,0.08507762297326571,0.05313047457606764,0.6134354887612375,0.6134354887612374,0.6134354887612374,0.0035885976092532392,"2327.TW,1326.TW,2408.TW,1301.TW,1303.TW,1590.TW,3017.TW,2454.TW,3711.TW,2002.TW",2026,7,10
2026-02-06,0.12839323872705882,0.12179213828050539,0.08507762297326571,0.05313047457606764,1.0,1.0000000000000002,1.0,0.005850000000000001,"2327.TW,1326.TW,2408.TW",2026,7,3
2026-02-06,0.13003131754999098,0.12342063434232342,0.08507762297326571,0.05313047457606764,1.0,1.0,1.0,0.00585,"2327.TW,1326.TW,2408.TW,1301.TW,1303.TW",2026,7,5
2026-02-24,-0.04028221224835751,-0.04369045342416744,-0.025513347871739867,-0.023012777659711135,0.6070590090480187,0.6070590090480188,0.6070590090480188,0.00355129520293091,"1326.TW,2345.TW,3037.TW,2408.TW,2454.TW,2887.TW,2357.TW,1301.TW,2883.TW,2303.TW",2026,7,10
2026-02-24,-0.014854813943538896,-0.018696880169159158,-0.025513347871739867,-0.023012777659711135,0.6666666666666666,0.6666666666666667,0.6666666666666667,0.0039000000000000003,"1326.TW,2345.TW,3037.TW",2026,7,3
2026-02-24,-0.04478974956235793,-0.04821687444093581,-0.025513347871739867,-0.023012777659711135,0.6133030003698343,0.6133030003698343,0.6133030003698343,0.003587822552163531,"1326.TW,2345.TW,3037.TW,2408.TW,2454.TW",2026,7,5
2026-03-04,0.003611645355302267,0.0016348009177244993,-0.01532565185708179,-0.007313305038111408,0.3367060631924383,0.33670606319243834,0.33670606319243834,0.0019697304696757643,"1326.TW,2345.TW,2883.TW",2026,7,3
2026-03-04,-0.011239366250830019,-0.013610698911462937,-0.01532565185708179,-0.007313305038111408,0.40996374302197747,0.40996374302197736,0.4099637430219774,0.0023982878966785676,"1326.TW,2345.TW,2883.TW,2887.TW,3711.TW,3037.TW,2330.TW,2880.TW,1590.TW,2408.TW",2026,7,10
2026-03-04,-0.0025274731980964088,-0.006028601767171127,-0.01532565185708179,-0.007313305038111408,0.6000000000000001,0.6,0.6000000000000001,0.00351,"1326.TW,2345.TW,2883.TW,2887.TW,3711.TW",2026,7,5
2026-03-11,-0.032835222722793114,-0.03849313666986487,-0.006485150597804856,0.008686422681880988,1.0,0.9999999999999999,1.0,0.005849999999999999,"2454.TW,2317.TW,2303.TW",2026,7,3
2026-03-11,0.015516703850593285,0.010764085676572499,-0.006485150597804856,0.008686422681880988,0.7999999999999999,0.7999999999999999,0.7999999999999999,0.00468,"2454.TW,2317.TW,2303.TW,3008.TW,2345.TW,2379.TW,3037.TW,2382.TW,2609.TW,3017.TW",2026,7,10
2026-03-11,0.0007331565849303182,-0.003950274587887215,-0.006485150597804856,0.008686422681880988,0.8,0.8,0.8,0.00468,"2454.TW,2317.TW,2303.TW,3008.TW,2345.TW",2026,7,5
2026-03-18,-0.004773262797198887,-0.007809995134181014,-0.003916344300362029,-0.007912889906212812,0.5215892272370669,0.5215892272370669,0.5215892272370669,0.0030512969793368414,"6669.TW,3037.TW,2609.TW,2308.TW,2395.TW,2317.TW,2207.TW,3231.TW,2454.TW,3017.TW",2026,7,10
2026-03-18,-0.07312693768282999,-0.07854914509738542,-0.003916344300362029,-0.007912889906212812,1.0,1.0,1.0,0.00585,"6669.TW,3037.TW,2609.TW",2026,7,3
2026-03-18,-0.03680320331554046,-0.04243790457614449,-0.003916344300362029,-0.007912889906212812,1.0,0.9999999999999999,1.0,0.005849999999999999,"6669.TW,3037.TW,2609.TW,2308.TW,2395.TW",2026,7,5
2026-03-25,0.002997562760991279,-0.0016964658327301985,-0.00524254880766295,-0.001575132453024144,0.8,0.8,0.8,0.00468,"2887.TW,4904.TW,2395.TW,2885.TW,2330.TW",2026,7,5
2026-03-25,0.00711785402285473,0.0018044370062080262,-0.00524254880766295,-0.001575132453024144,0.9018571257315733,0.9018571257315734,0.9018571257315733,0.005275864185529704,"2887.TW,4904.TW,2395.TW,2885.TW,2330.TW,3045.TW,2603.TW,5871.TW,1326.TW,2618.TW",2026,7,10
2026-03-25,-0.0064308825089549595,-0.012243261846277553,-0.00524254880766295,-0.001575132453024144,1.0,1.0,1.0,0.00585,"2887.TW,4904.TW,2395.TW",2026,7,3
2026-04-01,0.10309812953273663,0.09664500547497012,0.061923540303208124,0.032631866693765874,1.0,1.0,1.0,0.00585,"2308.TW,2345.TW,3037.TW,2912.TW,3017.TW",2026,7,5
2026-04-01,0.06030337440413301,0.05533041705183317,0.061923540303208124,0.032631866693765874,0.8017310898006444,0.8017310898006446,0.8017310898006444,0.004690126875333771,"2308.TW,2345.TW,3037.TW,2912.TW,3017.TW,2454.TW,3045.TW,5880.TW,2891.TW,4904.TW",2026,7,10
2026-04-01,0.14855170206009333,0.1418326746030416,0.061923540303208124,0.032631866693765874,1.0,1.0,1.0,0.00585,"2308.TW,2345.TW,3037.TW",2026,7,3
2026-04-10,0.07837261333258391,0.07458752545978653,0.04900754773222804,0.04415977477633417,0.6,0.6,0.6,0.0035099999999999997,"3037.TW,3017.TW,3711.TW,2395.TW,2308.TW,2303.TW,2883.TW,1303.TW,2345.TW,9910.TW",2026,7,10
2026-04-10,0.05702348367629913,0.05290109208996152,0.04900754773222804,0.04415977477633417,0.6666666666666666,0.6666666666666667,0.6666666666666667,0.0039000000000000003,"3037.TW,3017.TW,3711.TW",2026,7,3
2026-04-10,0.06663429287604576,0.06409574309770516,0.04900754773222804,0.04415977477633417,0.40683122223608215,0.40683122223608215,0.40683122223608215,0.0023799626500810808,"3037.TW,3017.TW,3711.TW,2395.TW,2308.TW",2026,7,5
2026-04-17,0.11701411578969215,0.11483592604147219,0.09639258537318329,0.01872121996507803,0.33333520377011155,0.3333352037701116,0.3333352037701116,0.001950010942055153,"3008.TW,3017.TW,3711.TW",2026,7,3
2026-04-17,0.10298328586105891,0.10039066995179313,0.09639258537318329,0.01872121996507803,0.401803193568925,0.4018031935689249,0.40180319356892497,0.002350548682378211,"3008.TW,3017.TW,3711.TW,2308.TW,2408.TW",2026,7,5
2026-04-17,0.07291164377575302,0.06972170244777343,0.09639258537318329,0.01872121996507803,0.5082330115972994,0.5082330115972993,0.5082330115972993,0.0029731631178442014,"3008.TW,3017.TW,3711.TW,2308.TW,2408.TW,2327.TW,2345.TW,3037.TW,1301.TW,2615.TW",2026,7,10
2026-04-24,0.06549892754910884,0.06045360617003537,0.018338813211157934,0.017091894302369733,0.8094312220198832,0.8094312220198833,0.8094312220198832,0.004735172648816317,"2408.TW,9910.TW,3037.TW,2345.TW,1590.TW",2026,7,5
2026-04-24,0.04220849080810781,0.03914756293311483,0.018338813211157934,0.017091894302369733,0.5020449735360649,0.502044973536065,0.502044973536065,0.00293696309518598,"2408.TW,9910.TW,3037.TW,2345.TW,1590.TW,2308.TW,3711.TW,2303.TW,3034.TW,2207.TW",2026,7,10
2026-04-24,0.05807363360947089,0.05188390285285549,0.018338813211157934,0.017091894302369733,1.0,0.9999999999999999,1.0,0.005849999999999999,"2408.TW,9910.TW,3037.TW",2026,7,3
2026-05-04,0.0691100793240938,0.06657324003074971,0.02595333525330168,0.054804437666070106,0.40561561511618394,0.4056156151161839,0.40561561511618394,0.0023728513484296758,"2454.TW,3037.TW,6669.TW,2303.TW,2345.TW,2308.TW,3017.TW,1590.TW,2880.TW,3711.TW",2026,7,10
2026-05-04,0.12162317756418119,0.11768628021093086,0.02595333525330168,0.054804437666070106,0.6000000000000001,0.6,0.6000000000000001,0.00351,"2454.TW,3037.TW,6669.TW,2303.TW,2345.TW",2026,7,5
2026-05-04,0.11660862019597187,0.1122538465772076,0.02595333525330168,0.054804437666070106,0.6666666666666666,0.6666666666666666,0.6666666666666666,0.0039,"2454.TW,3037.TW,6669.TW",2026,7,3
2026-05-11,0.03689882246251844,0.03440745729017736,-0.02581310513730195,-0.022216172768081844,0.4107193288376465,0.4107193288376465,0.4107193288376465,0.002402708073700232,"2454.TW,2303.TW,2345.TW,2327.TW,1326.TW",2026,7,5
2026-05-11,-0.009321198579367782,-0.012248128034393457,-0.02581310513730195,-0.022216172768081844,0.5050373750346207,0.5050373750346207,0.5050373750346207,0.002954468643952531,"2454.TW,2303.TW,2345.TW,2327.TW,1326.TW,1301.TW,6669.TW,3231.TW,5871.TW,3711.TW",2026,7,10
2026-05-11,-0.003617998540918377,-0.007503888346608756,-0.02581310513730195,-0.022216172768081844,0.6666666666666666,0.6666666666666669,0.6666666666666667,0.0039000000000000007,"2454.TW,2303.TW,2345.TW",2026,7,3
2026-05-18,0.10325961454026236,0.09680554579520195,0.07684149901153248,0.050978953680417334,1.0,1.0000000000000002,1.0,0.005850000000000001,"2408.TW,6669.TW,2308.TW",2026,7,3
2026-05-18,0.10228707564537479,0.0971283721313545,0.07684149901153248,0.050978953680417334,0.8,0.8,0.8,0.00468,"2408.TW,6669.TW,2308.TW,3017.TW,2303.TW",2026,7,5
2026-05-18,0.13095338849482543,0.12682521633065091,0.07684149901153248,0.050978953680417334,0.6239606889136302,0.6239606889136302,0.6239606889136302,0.003650170030144737,"2408.TW,6669.TW,2308.TW,3017.TW,2303.TW,2395.TW,2454.TW,2382.TW,3711.TW,2603.TW",2026,7,10
2026-05-25,0.1284040892856885,0.12180292536336723,0.04625993015716401,0.06183916648344926,1.0,1.0,1.0,0.00585,"3017.TW,2382.TW,2303.TW",2026,7,3
2026-05-25,0.10018412140666642,0.09688128977161181,0.04625993015716401,0.06183916648344926,0.5131746525853752,0.5131746525853751,0.5131746525853751,0.0030020717176244445,"3017.TW,2382.TW,2303.TW,2454.TW,1303.TW,3037.TW,2880.TW,3008.TW,6669.TW,2327.TW",2026,7,10
2026-05-25,0.15481189393858846,0.15070052952651647,0.04625993015716401,0.06183916648344926,0.6085816565328053,0.608581656532805,0.6085816565328052,0.0035602026907169096,"3017.TW,2382.TW,2303.TW,2454.TW,1303.TW",2026,7,5
2026-06-01,-0.06839954577196761,-0.07120691310409333,-0.039510867207358524,-0.015807905208203275,0.5151262533926975,0.5151262533926974,0.5151262533926975,0.0030134885823472797,"2327.TW,2454.TW,2303.TW,1590.TW,3008.TW,3037.TW,2408.TW,2308.TW,2317.TW,2002.TW",2026,7,10
2026-06-01,-0.09579054070962796,-0.09931695760086046,-0.039510867207358524,-0.015807905208203275,0.6666666666666666,0.6666666666666667,0.6666666666666667,0.0039000000000000003,"2327.TW,2454.TW,2303.TW",2026,7,3
2026-06-01,-0.05716799315290677,-0.060509896358934445,-0.039510867207358524,-0.015807905208203275,0.6059038101753134,0.6059038101753135,0.6059038101753134,0.0035445372895255836,"2327.TW,2454.TW,2303.TW,1590.TW,3008.TW",2026,7,5
2026-06-08,0.10382580543341755,0.099384552534866,0.03868758075039702,0.05711700741669994,0.6877792908355114,0.6877792908355114,0.6877792908355114,0.004023508851387742,"3231.TW,2303.TW,3008.TW",2026,7,3
2026-06-08,0.06574590143022925,0.06187831170744018,0.03868758075039702,0.05711700741669994,0.6203415349313675,0.6203415349313675,0.6203415349313675,0.0036289979793484996,"3231.TW,2303.TW,3008.TW,2357.TW,2891.TW",2026,7,5
2026-06-08,0.060014482982746344,0.056184298765156404,0.03868758075039702,0.05711700741669994,0.6176635842227619,0.6176635842227619,0.6176635842227619,0.003613331967703157,"3231.TW,2303.TW,3008.TW,2357.TW,2891.TW,2382.TW,3711.TW,2317.TW,2408.TW,2395.TW",2026,7,10
2026-06-15,-0.01899564488104255,-0.024734520358488443,0.018387521564249498,0.014357764148015635,1.0,1.0,1.0,0.00585,"2327.TW,2345.TW,6669.TW",2026,7,3
2026-06-15,-0.009620340455645878,-0.015414061463980389,0.018387521564249498,0.014357764148015635,1.0,1.0,1.0,0.00585,"2327.TW,2345.TW,6669.TW,3017.TW,1590.TW",2026,7,5
2026-06-15,0.03194732611687189,0.027117812630644833,0.018387521564249498,0.014357764148015635,0.7999999999999999,0.7999999999999999,0.7999999999999999,0.00468,"2327.TW,2345.TW,6669.TW,3017.TW,1590.TW,2883.TW,2303.TW,2408.TW,2454.TW,2882.TW",2026,7,10
2026-06-23,-0.017506692993375705,-0.021416546213423038,0.016666702475177875,0.01913083877430947,0.6802600822006084,0.6802600822006084,0.6802600822006084,0.0039795214808735595,"2308.TW,3008.TW,6669.TW",2026,7,3
2026-06-23,0.0548497131490752,0.05105332879686775,0.016666702475177875,0.01913083877430947,0.6152104721947697,0.6152104721947698,0.6152104721947698,0.003598981262339403,"2308.TW,3008.TW,6669.TW,1326.TW,2327.TW,2345.TW,1303.TW,3034.TW,2317.TW,2408.TW",2026,7,10
2026-06-23,0.04201623425464199,0.03829796929822127,0.016666702475177875,0.01913083877430947,0.609972115939322,0.6099721159393219,0.6099721159393219,0.003568336878245033,"2308.TW,3008.TW,6669.TW,1326.TW,2327.TW",2026,7,5
2026-06-30,-0.024266123191910537,-0.02883255773537241,-0.030965415565910037,-0.010811205364629452,0.7999999999999999,0.7999999999999999,0.7999999999999999,0.00468,"1303.TW,2327.TW,2382.TW,9910.TW,2880.TW,2357.TW,2379.TW,2885.TW,2891.TW,2881.TW",2026,7,10
2026-06-30,-0.09669619526235902,-0.10198052252007428,-0.030965415565910037,-0.010811205364629452,1.0,1.0,1.0,0.00585,"1303.TW,2327.TW,2382.TW",2026,7,3
2026-06-30,-0.05681809975753038,-0.06123219105066513,-0.030965415565910037,-0.010811205364629452,0.8,0.8,0.8,0.00468,"1303.TW,2327.TW,2382.TW,9910.TW,2880.TW",2026,7,5
2026-07-07,0.057763391718153326,0.05327441538986366,-0.010338317494389515,0.002439406651170286,0.7254423691651688,0.7254423691651688,0.7254423691651688,0.004243837859616238,"3008.TW,2327.TW,2408.TW,3037.TW,2303.TW,3711.TW,1301.TW,2618.TW,2379.TW,1303.TW",2026,7,10
2026-07-07,0.029147625836534054,0.024090974609781712,-0.010338317494389515,0.002439406651170286,0.8399036283868664,0.8399036283868663,0.8399036283868664,0.004913436226063168,"3008.TW,2327.TW,2408.TW,3037.TW,2303.TW",2026,7,5
2026-07-07,0.03311288546044277,0.02875299445294277,-0.010338317494389515,0.002439406651170286,0.7213931067856381,0.7213931067856383,0.7213931067856382,0.004220149674695984,"3008.TW,2327.TW,2408.TW",2026,7,3
2026-07-14,-0.01020430988488498,-0.013292185196795203,-0.0015584011850569013,0.011697641089489721,0.5332837260571273,0.5332837260571271,0.5332837260571273,0.0031197097974341942,"2379.TW,2327.TW,3711.TW,2887.TW,2303.TW,1303.TW,2883.TW,3017.TW,2454.TW,2884.TW",2026,7,10
2026-07-14,-0.05090831102376177,-0.054412661301610266,-0.0015584011850569013,0.011697641089489721,0.6311658214769594,0.6311658214769594,0.6311658214769594,0.0036923200556402127,"2379.TW,2327.TW,3711.TW,2887.TW,2303.TW",2026,7,5
2026-07-14,-0.04343571516358372,-0.0474393357305789,-0.0015584011850569013,0.011697641089489721,0.7154559238209197,0.7154559238209197,0.7154559238209197,0.00418541715435238,"2379.TW,2327.TW,3711.TW",2026,7,3
2026-07-21,-0.09752710359319242,-0.10082760021157577,-0.07224883303117524,-0.030656034378415527,0.6251572300733013,0.625157230073301,0.6251572300733012,0.0036571697959288116,"2882.TW,2881.TW,3008.TW,2327.TW,2303.TW",2026,7,5
2026-07-21,-0.0076518926279024084,-0.013457129056029249,-0.07224883303117524,-0.030656034378415527,1.0,1.0,1.0,0.00585,"2882.TW,2881.TW,3008.TW",2026,7,3
2026-07-21,-0.0730975937741489,-0.0764610199517245,-0.07224883303117524,-0.030656034378415527,0.6202860645064606,0.6202860645064606,0.6202860645064606,0.003628673477362795,"2882.TW,2881.TW,3008.TW,2327.TW,2303.TW,2885.TW,2408.TW,5880.TW,2454.TW,2884.TW",2026,7,10
2026-07-28,0.07527139167798569,0.06898105403666954,0.07013928072001963,0.05777374142641909,1.0,1.0,1.0,0.00585,"1303.TW,1590.TW,1326.TW,2408.TW,1301.TW",2026,7,5
2026-07-28,0.05618172882215037,0.05000306570854085,0.07013928072001963,0.05777374142641909,1.0,1.0,1.0,0.00585,"1303.TW,1590.TW,1326.TW",2026,7,3
2026-07-28,0.13286424655462328,0.12741552591375438,0.07013928072001963,0.05777374142641909,0.8221684465619213,0.8221684465619212,0.8221684465619212,0.004809685412387239,"1303.TW,1590.TW,1326.TW,2408.TW,1301.TW,6669.TW,3037.TW,3231.TW,2345.TW,2303.TW",2026,7,10
2026-08-04,-0.025022625858577632,-0.029640003526365533,0.012048192771084265,0.004835138411185585,0.8095524560475623,0.8095524560475624,0.8095524560475624,0.004735881867878241,"2454.TW,2882.TW,2330.TW,2207.TW,2892.TW,2886.TW,2345.TW,5880.TW,2887.TW,1590.TW",2026,7,10
2026-08-04,-0.020388155686263044,-0.026118884975498413,0.012048192771084265,0.004835138411185585,1.0,1.0,1.0,0.00585,"2454.TW,2882.TW,2330.TW,2207.TW,2892.TW",2026,7,5
2026-08-04,-0.01066613851744802,-0.016453741607120986,0.012048192771084265,0.004835138411185585,1.0,1.0,1.0,0.00585,"2454.TW,2882.TW,2330.TW",2026,7,3
2026-08-11,0.03521726410772075,0.029161243112690638,-0.01857139950706843,-0.0012201233670598333,1.0,1.0,1.0,0.00585,"3017.TW,3231.TW,3037.TW",2026,7,3
2026-08-11,0.016814178270399327,0.013205691911484463,-0.01857139950706843,-0.0012201233670598333,0.6066352025868236,0.6066352025868236,0.6066352025868236,0.003548815935132918,"3017.TW,3231.TW,3037.TW,2892.TW,2454.TW",2026,7,5
2026-08-11,-0.006960950423312328,-0.010474506501124248,-0.01857139950706843,-0.0012201233670598333,0.6048179845546554,0.6048179845546553,0.6048179845546553,0.0035381852096447335,"3017.TW,3231.TW,3037.TW,2892.TW,2454.TW,5880.TW,1590.TW,2395.TW,2880.TW,2317.TW",2026,7,10
2026-08-18,0.0019662551203654868,-0.0019414132746040647,0.010189183806582847,0.0243706470603212,0.6666666666666666,0.6666666666666667,0.6666666666666667,0.0039000000000000003,"2408.TW,3017.TW,2885.TW",2026,7,3
2026-08-18,0.004832651546148937,0.0001300347369130872,0.010189183806582847,0.0243706470603212,0.8,0.7999999999999999,0.8,0.00468,"2408.TW,3017.TW,2885.TW,2395.TW,2357.TW",2026,7,5
2026-08-18,0.002879808894032188,-0.0006797426622869862,0.010189183806582847,0.0243706470603212,0.6067231049138082,0.6067231049138082,0.6067231049138082,0.003549330163745778,"2408.TW,3017.TW,2885.TW,2395.TW,2357.TW,6669.TW,3037.TW,2327.TW,2883.TW,2317.TW",2026,7,10
